"p_val","avg_log2FC","pct.1","pct.2","p_val_adj","cluster","gene"
0,1.08036344768964,0.762,0.417,0,"0","CD8A"
0,1.2735740453106,0.82,0.526,0,"0","TUBA4A"
0,0.926668411995524,0.948,0.673,0,"0","NR4A2"
0,1.01423330013821,0.976,0.751,0,"0","DUSP2"
2.84065019339008e-318,0.588086659623321,0.985,0.743,6.94595785287743e-314,"0","CCL5"
1.6206118445142e-307,1.05265367191816,0.559,0.225,3.96272008220611e-303,"0","CD8B"
5.1977598136124e-304,0.821567184419513,0.934,0.719,1.2709562296245e-299,"0","CXCR4"
4.29833615571922e-293,1.23602689567518,0.646,0.337,1.05102915679646e-288,"0","RGS1"
8.23828247659866e-281,0.759304786401534,0.961,0.786,2.01442483117791e-276,"0","ZFP36"
1.39345036410718e-280,0.772356233036708,0.955,0.803,3.40726483031488e-276,"0","ZFP36L2"
2.55277495780645e-277,0.861976412029339,0.792,0.472,6.24204532682832e-273,"0","GZMK"
1.21198584128062e-253,0.756633777971513,0.901,0.716,2.96354777909937e-249,"0","SRSF7"
9.19685711366504e-251,0.793143723700469,0.854,0.591,2.24881550143337e-246,"0","YPEL5"
4.83537793396372e-236,0.471002578334927,0.991,0.922,1.18234661241281e-231,"0","SRGN"
2.87240516310361e-233,0.683273724552619,0.925,0.702,7.02360510482094e-229,"0","CREM"
1.29166152808082e-231,0.517384446791734,0.991,0.923,3.15837076846323e-227,"0","UBC"
3.51794719484471e-231,1.33899247287162,0.343,0.121,8.60208448083427e-227,"0","CRTAM"
6.62348057862735e-230,0.799519647406393,0.784,0.492,1.61957347108596e-225,"0","ZNF331"
8.71099226643218e-216,0.4532187953915,0.997,0.968,2.130011828988e-211,"0","H3F3B"
5.89198745825491e-213,0.410439698451313,0.998,0.98,1.44070877329249e-208,"0","EIF1"
8.93128296102743e-202,1.18826459046004,0.598,0.346,2.18387730963043e-197,"0","UBE2S"
1.26319614801667e-193,0.753143081756194,0.7,0.429,3.08876722113035e-189,"0","TENT5C"
2.03692662213563e-192,0.657653539491507,0.86,0.651,4.98069297644605e-188,"0","SELENOK"
3.747029164217e-190,0.640909150436615,0.899,0.735,9.16223571234341e-186,"0","CALM2"
1.62761799577369e-176,0.680414687557718,0.783,0.548,3.97985152326584e-172,"0","FAM177A1"
3.36424767983684e-172,0.988250435097926,0.656,0.427,8.22625842673704e-168,"0","RGCC"
1.200664269862e-167,0.300608980201352,0.997,0.99,2.93586427266657e-163,"0","HLA-A"
2.22432837329888e-167,0.891799400302412,0.623,0.379,5.43892773839042e-163,"0","DUSP5"
2.23218959418066e-164,0.413607650467263,0.971,0.872,5.45814999569056e-160,"0","SARAF"
9.72719804980685e-163,0.555675519484193,0.991,0.929,2.37849446713877e-158,"0","HSPA8"
3.82572186287596e-157,0.703690723490271,0.782,0.567,9.3546550991043e-153,"0","BRD2"
1.5746311195284e-156,0.452908296847932,0.955,0.697,3.85028801347085e-152,"0","CD3E"
4.51797930359852e-156,1.22038286894212,0.38,0.181,1.10473629931591e-151,"0","FABP5"
1.81998300897631e-152,1.00274982588621,0.811,0.573,4.45022245354886e-148,"0","CCL4"
3.05630843432308e-150,1.22557285215532,0.326,0.144,7.47328538360679e-146,"0","OASL"
1.28676016430922e-148,0.58562742035351,0.774,0.54,3.1463859537689e-144,"0","LEPROTL1"
7.21991278345774e-148,0.547291550600027,0.81,0.574,1.76541307381109e-143,"0","FYN"
3.64288598487158e-146,0.423658011793306,0.98,0.905,8.90758481020799e-142,"0","CALM1"
1.10692196981489e-145,0.852463330286669,0.637,0.419,2.70664560059136e-141,"0","MYADM"
1.01803781941374e-143,1.00615503478138,0.44,0.24,2.48930607603048e-139,"0","SRRT"
9.73964418951842e-140,0.916013085904806,0.474,0.27,2.38153779722105e-135,"0","KPNA2"
1.09884246196207e-139,0.961597999426921,0.402,0.199,2.68688958798965e-135,"0","XCL1"
3.58790155079604e-138,0.597529049773147,0.719,0.498,8.77313687200648e-134,"0","PIK3R1"
1.35859261342537e-135,0.432819782127995,0.841,0.553,3.3220306583477e-131,"0","CD3D"
1.66388167588797e-131,0.807839904921364,0.392,0.192,4.06852347388127e-127,"0","LAG3"
6.47877470549e-126,0.599361700378589,0.754,0.57,1.58418999098642e-121,"0","HIST1H4C"
3.08053066177421e-125,0.756739400141795,0.565,0.359,7.53251357417029e-121,"0","IDI1"
3.16275500801343e-125,0.579042200804381,0.778,0.59,7.73356854559444e-121,"0","DDX24"
1.00059014260469e-123,1.28920265395919,0.356,0.177,2.44664301669698e-119,"0","CCL4L2"
2.1242881115003e-123,0.388567499337984,0.989,0.927,5.19430929024054e-119,"0","BTG1"
2.94392256294241e-122,0.969056236195831,0.317,0.148,7.19847945090678e-118,"0","DUSP4"
1.03045258188036e-121,0.792404752529424,0.4,0.205,2.51966265321387e-117,"0","XCL2"
3.13016825956913e-120,0.780148639744197,0.814,0.632,7.65388742829844e-116,"0","DNAJA1"
3.16005711760127e-120,0.649958768038861,0.562,0.343,7.72697166395862e-116,"0","NR4A3"
2.26940856331179e-117,0.351071691036474,0.955,0.759,5.54915781900998e-113,"0","CST7"
8.47499750399564e-117,0.749230092541071,0.798,0.593,2.07230638967701e-112,"0","DNAJB1"
5.63543632405871e-115,0.50136664536739,0.814,0.616,1.37797688995883e-110,"0","HSPA5"
2.48385500957596e-114,0.542300722810854,0.809,0.626,6.07352226941515e-110,"0","SRSF2"
5.7379145260221e-113,0.596002541211635,0.525,0.318,1.40303485990292e-108,"0","RNF19A"
5.91655824190295e-111,0.623596020303656,0.604,0.395,1.44671682131011e-106,"0","RBM38"
9.71068039499021e-111,0.467515874566922,0.968,0.86,2.37445557018301e-106,"0","UBB"
9.84273199304144e-111,1.05750013158528,0.263,0.117,2.40674482693849e-106,"0","ENC1"
3.10611395568121e-108,0.362735994346218,0.953,0.907,7.59506984443169e-104,"0","ARHGDIB"
9.9724896599271e-108,0.304246015410875,0.973,0.78,2.43847317164538e-103,"0","IL32"
6.17268879650663e-107,0.77138333746943,0.48,0.298,1.5093458645218e-102,"0","AMD1"
2.00579558941564e-105,0.675765805657123,0.561,0.365,4.90457137523912e-101,"0","GTF2B"
4.75578619624437e-105,0.435656207604159,0.674,0.452,1.16288484070567e-100,"0","COTL1"
6.73202254322188e-105,0.710156422656954,0.487,0.296,1.64611415226861e-100,"0","GABARAPL1"
1.6868449460684e-104,0.650012453420316,0.545,0.35,4.12467326212645e-100,"0","JPT1"
7.89471796615065e-103,0.583557483359618,0.581,0.377,1.93041643708316e-98,"0","ITM2A"
1.22707688347917e-100,0.677315317141543,0.439,0.254,3.00044839548327e-96,"0","SH2D1A"
3.03088107756722e-100,0.521938804881414,0.717,0.527,7.41111041086737e-96,"0","PDCD4"
2.94494406830108e-98,1.02872374506739,0.266,0.127,7.20097723580981e-94,"0","YBX3"
7.35336120689189e-95,0.808332421676546,0.299,0.149,1.7980438823092e-90,"0","PDCD1"
3.79617462537497e-94,0.549068841312029,0.596,0.408,9.28240619396687e-90,"0","ATP1B3"
9.1425489322864e-93,0.883558731170444,0.335,0.185,2.23553606492267e-88,"0","OAT"
1.69186841493555e-91,0.680902305180824,0.528,0.353,4.1369566482004e-87,"0","EIF4A3"
3.3436927407125e-91,0.677694338645895,0.41,0.241,8.17599748959021e-87,"0","NAA50"
8.88649436709669e-90,1.26215367949554,0.314,0.176,2.17292560264248e-85,"0","NEU1"
3.13279810000674e-88,0.780131764549711,0.657,0.485,7.66031791413648e-84,"0","TUBB4B"
2.45023400019648e-87,0.325086718739023,0.606,0.395,5.99131217728044e-83,"0","CEMIP2"
8.96121477024703e-87,0.569628901307191,0.555,0.376,2.1911962356208e-82,"0","GSPT1"
2.54430347380543e-85,0.534557380765718,0.543,0.359,6.22133085414903e-81,"0","RHOH"
6.37096719032252e-84,0.408825685009949,0.758,0.556,1.55782889737766e-79,"0","GZMM"
4.49633833605519e-83,0.436124270361984,0.701,0.508,1.09944464993221e-78,"0","VPS37B"
1.7340180704064e-82,0.54498783961431,0.582,0.408,4.24002098575773e-78,"0","TERF2IP"
2.06735807426113e-81,0.363319025880002,0.776,0.583,5.05510396318332e-77,"0","CD69"
5.38287026731986e-81,0.470228527916456,0.743,0.576,1.31621943776505e-76,"0","SAP18"
7.0544575439157e-81,0.329974402180588,0.911,0.778,1.72495595863827e-76,"0","NPM1"
5.06639321499341e-80,0.580246738914956,0.392,0.228,1.23883446893019e-75,"0","TIGIT"
5.87007869919231e-80,0.4731974036737,0.474,0.296,1.4353516435265e-75,"0","ZEB2"
6.72256169479908e-80,0.543541200318173,0.469,0.29,1.64380078561227e-75,"0","CLEC2D"
2.79244697829847e-78,0.509074685960298,0.693,0.528,6.82809135133542e-74,"0","ELF1"
8.93281525436371e-78,0.637924414003861,0.402,0.247,2.18425198599702e-73,"0","LYST"
1.8766132954883e-76,0.455434373700373,0.813,0.659,4.588694830128e-72,"0","LDHA"
2.41118763118126e-76,0.56001827613259,0.592,0.425,5.89583599576442e-72,"0","CLEC2B"
3.26016850138609e-76,0.55764188087108,0.627,0.455,7.97176401958927e-72,"0","SDCBP"
3.87476806223101e-76,0.44757279880691,0.717,0.566,9.47458286576727e-72,"0","NDUFS5"
5.28600135702941e-76,0.442164727207134,0.827,0.683,1.29253305182083e-71,"0","HSPE1"
1.77272830017582e-75,1.08457076580013,0.432,0.291,4.33467523958991e-71,"0","FOSB"
2.485774936683e-73,0.371363581744379,0.87,0.721,6.07821687517727e-69,"0","JUNB"
2.45090307216581e-72,0.789167743423289,0.302,0.169,5.99294819205985e-68,"0","IFNG"
8.29249923680172e-70,0.440601071654303,0.694,0.528,2.02768191338276e-65,"0","HSPD1"
1.10259792025384e-69,0.344644293995016,0.81,0.652,2.69607243460468e-65,"0","CALR"
3.55172434651865e-69,0.363814726213281,0.571,0.374,8.68467637210741e-65,"0","CD3G"
1.21712701644606e-68,0.399833875187823,0.788,0.635,2.9761189806139e-64,"0","LITAF"
1.49650297912545e-68,0.777385189766511,0.342,0.209,3.65924908455755e-64,"0","H2AFX"
1.53341369522529e-68,0.565485523275087,0.485,0.329,3.74950316756487e-64,"0","RUNX3"
1.56924597254768e-68,0.549673766106451,0.783,0.616,3.83712025207359e-64,"0","DUSP1"
1.62291140291134e-68,0.367595158812135,0.659,0.466,3.96834296239881e-64,"0","LCK"
1.78977395030269e-68,0.731832573748196,0.354,0.216,4.37635526328015e-64,"0","MARCKSL1"
9.11786216530741e-68,0.523008681719256,0.683,0.532,2.22949965666097e-63,"0","DYNLL1"
1.72477377858695e-67,0.617806836111467,0.414,0.27,4.2174168434008e-63,"0","PDCL3"
2.30204394384344e-67,0.534312355984727,0.47,0.315,5.62895785148597e-63,"0","NSMCE3"
2.02471672192149e-66,0.723816585770434,0.336,0.204,4.95083732844244e-62,"0","ANKRD37"
2.59666029569404e-66,0.443762486938218,0.591,0.421,6.34935375503107e-62,"0","SAMSN1"
2.74793457658787e-66,0.360265962688562,0.804,0.644,6.71924962667266e-62,"0","SFPQ"
1.06975921309798e-65,0.797582416618519,0.273,0.155,2.61577522786719e-61,"0","DCTN6"
1.49900063818129e-65,0.430411132637161,0.721,0.561,3.6653563604809e-61,"0","SOD1"
3.77304444194857e-65,0.693645880282696,0.416,0.274,9.22584826945265e-61,"0","IFRD1"
6.34128272661804e-65,0.430483197631839,0.702,0.544,1.55057045231264e-60,"0","EIF5"
1.51018512733936e-64,0.497251339781646,0.493,0.338,3.69270467337019e-60,"0","USP36"
2.02621697510524e-64,0.565080262621231,0.483,0.329,4.95450574752733e-60,"0","SOCS1"
2.8795930825694e-64,0.472203463847322,0.661,0.508,7.04118100549869e-60,"0","CYCS"
2.21028902545415e-63,0.373413980558966,0.507,0.34,5.40459872504049e-59,"0","RNF125"
3.30697766224786e-63,0.435028517504191,0.752,0.599,8.08622177972846e-59,"0","FUS"
5.60197042136318e-62,0.541128810594732,0.489,0.339,1.36979380743172e-57,"0","SLA"
1.01213751063183e-61,0.587997906152291,0.414,0.276,2.47487864099695e-57,"0","ISCA1"
1.51761094874047e-61,0.437439050004044,0.632,0.478,3.71086229186018e-57,"0","ARL6IP1"
1.67660862513779e-61,0.683558367066528,0.449,0.312,4.09964341018692e-57,"0","ODC1"
1.82068318998044e-60,0.304791815588743,0.909,0.797,4.45193453614017e-56,"0","PNRC1"
2.69223712761355e-60,0.407338114936033,0.569,0.41,6.58305822444066e-56,"0","JUND"
9.79597984552715e-60,0.613565801904251,0.284,0.162,2.3953129918283e-55,"0","TOX"
1.18080429863195e-59,0.377291268608336,0.726,0.57,2.88730267101484e-55,"0","RBM8A"
2.73928222978348e-59,0.351689183970584,0.53,0.365,6.69809290826656e-55,"0","PTPN22"
1.08473228145659e-58,0.540167866864604,0.268,0.149,2.65238737461766e-54,"0","INPP4B"
3.70424085034302e-58,0.551850957926002,0.384,0.251,9.05760972725875e-54,"0","JMJD6"
5.98652792074706e-58,0.364037439818718,0.678,0.521,1.46382580718107e-53,"0","UBE2B"
2.86309152453033e-57,0.399674746220982,0.557,0.405,7.00083139578157e-53,"0","SYAP1"
1.12820762547765e-56,0.384181813527939,0.67,0.518,2.75869328581796e-52,"0","EMD"
1.18967463318882e-56,0.474984171811504,0.49,0.346,2.90899241307331e-52,"0","BCAS2"
8.2896377941488e-56,0.310173100816151,0.935,0.842,2.02698223342527e-51,"0","DDX5"
2.31570713384088e-55,0.524724818246669,0.313,0.188,5.66236708366772e-51,"0","TRAT1"
4.6225429288912e-55,0.522425853043263,0.424,0.29,1.13030419697248e-50,"0","SS18L2"
2.18557614014449e-54,0.396588240192593,0.749,0.607,5.3441707778813e-50,"0","MCL1"
5.08682798646706e-54,0.539128992854194,0.54,0.399,1.24383117925092e-49,"0","TUBA1A"
6.69235061002345e-54,0.483042674750521,0.487,0.346,1.63641357116293e-49,"0","MAT2A"
7.10198641779728e-54,0.367467902389676,0.479,0.33,1.73657771887979e-49,"0","CNOT6L"
1.51206448126491e-53,0.70254766289989,0.433,0.305,3.69730006958896e-49,"0","SERTAD1"
1.8031259524041e-53,0.663756525528178,0.408,0.279,4.40900357881851e-49,"0","CITED2"
2.96689661805481e-53,0.311078560918943,0.666,0.509,7.25465561046763e-49,"0","STK17B"
4.87407099003355e-53,0.34940866390896,0.673,0.515,1.191807838483e-48,"0","DNAJB6"
6.11397454802747e-53,0.694199420809616,0.262,0.155,1.49498905648368e-48,"0","METRNL"
1.63935315307154e-52,0.278592255397617,0.719,0.553,4.00854632989053e-48,"0","FYB1"
1.68025268629356e-52,0.267748507559411,0.936,0.822,4.10855386852501e-48,"0","YWHAZ"
3.23062566164512e-52,0.553714356331961,0.322,0.202,7.89952586785465e-48,"0","TBCC"
5.0927272096729e-52,0.35206003227718,0.509,0.354,1.24527365730922e-47,"0","PRKCH"
1.04086673890557e-51,0.477312967791684,0.403,0.272,2.54512734997191e-47,"0","AKIRIN1"
1.57714196618345e-51,0.315144742649321,0.688,0.523,3.85642753571176e-47,"0","SH2D2A"
5.56473636952115e-51,0.324891212694516,0.762,0.629,1.36068933707531e-46,"0","GUK1"
2.24960338191698e-50,0.545554087586479,0.357,0.239,5.50073018946341e-46,"0","ALG13"
8.22754750908922e-50,0.616908502174712,0.525,0.392,2.0117999169225e-45,"0","HSPH1"
1.02820182594606e-49,0.552211526490801,0.366,0.241,2.51415910480332e-45,"0","MT1X"
1.63739801736666e-48,0.399693889105017,0.528,0.39,4.00376563206495e-44,"0","IDS"
1.88391543080812e-48,0.318470877053151,0.799,0.67,4.60655001141202e-44,"0","SLC25A3"
1.91709603774925e-48,0.421967455461164,0.485,0.347,4.68768323150446e-44,"0","PTP4A1"
2.17537617347517e-48,0.349688342005874,0.616,0.477,5.31922981938148e-44,"0","NR3C1"
4.21046031586459e-48,0.275433964893781,0.84,0.722,1.02954175643521e-43,"0","SUB1"
6.67164645413001e-48,0.499280002702579,0.388,0.266,1.63135099096387e-43,"0","SLBP"
1.91327885078219e-47,0.324511209516774,0.428,0.295,4.6783494459326e-43,"0","CMC1"
2.47671879590385e-47,0.490991311635563,0.947,0.87,6.0560727997441e-43,"0","HSP90AA1"
5.2789863122064e-47,0.375551668786913,0.559,0.421,1.29081773306071e-42,"0","ARF4"
1.00043083158205e-46,0.337966376476404,0.405,0.274,2.44625346938442e-42,"0","TSPYL2"
1.10725440377807e-46,0.279041196638167,0.856,0.732,2.70745846811814e-42,"0","SKP1"
2.87625943845057e-46,0.335056132413599,0.668,0.525,7.03302957889933e-42,"0","MORF4L1"
5.9575617183913e-46,0.299756766394584,0.754,0.624,1.45674299138104e-41,"0","CNBP"
7.47169960675716e-46,0.418858710327268,0.4,0.271,1.82697998784426e-41,"0","CBLB"
7.94478245378603e-46,0.310001412981125,0.566,0.422,1.94265820559976e-41,"0","PDE4B"
1.03467769313379e-45,0.437522288698606,0.432,0.303,2.52999389525074e-41,"0","MOB4"
1.36425772057675e-45,0.394152211031321,0.643,0.517,3.33588297835428e-41,"0","SRSF5"
1.46007044304545e-45,0.375597496993387,0.544,0.408,3.57016424733474e-41,"0","GNAS"
6.20546634066485e-45,0.368276447566389,0.433,0.303,1.51736062961937e-40,"0","CDK17"
7.29792111294599e-45,0.52326401330976,0.342,0.232,1.78448767053755e-40,"0","DDX3Y"
1.00917154882935e-44,0.498069313633478,0.305,0.196,2.46762627119752e-40,"0","IL21R"
1.01021924323938e-44,0.314661248240218,0.64,0.496,2.47018809356893e-40,"0","ARF6"
5.66451119811348e-44,0.356643897892402,0.343,0.221,1.38508627816271e-39,"0","CD5"
9.41185492973007e-44,0.395783299898847,0.375,0.25,2.3013867674176e-39,"0","SLA2"
1.12649419989088e-43,0.304304864134517,0.727,0.585,2.75450361757317e-39,"0","TSC22D3"
3.53140629916533e-43,0.37736858840845,0.471,0.342,8.63499468271906e-39,"0","SURF4"
3.63262723807005e-43,0.605115672142736,0.275,0.177,8.88250012252888e-39,"0","GRPEL1"
6.52679977362119e-43,0.251706855675473,0.827,0.687,1.59593308064585e-38,"0","NCL"
9.92954561897176e-43,0.435149093952147,0.348,0.234,2.42797249475097e-38,"0","USP11"
1.67843076334341e-42,0.39101779817447,0.46,0.334,4.1040989025273e-38,"0","RGS2"
4.02726937456961e-42,0.454984103021811,0.267,0.164,9.84747907469761e-38,"0","TBX21"
7.78856270026969e-42,0.280650985298983,0.752,0.614,1.90445935146994e-37,"0","ATP6V0C"
1.6266381372377e-41,0.447334884483862,0.419,0.301,3.97745557317361e-37,"0","CSRNP1"
7.40291730223056e-41,0.293492515750713,0.508,0.367,1.81016133874142e-36,"0","ARHGAP9"
8.39262836545022e-40,0.549886393883525,0.252,0.159,2.05216548791989e-35,"0","HMCES"
1.95087682704565e-39,0.387096883578401,0.55,0.419,4.77028401749202e-35,"0","ID2"
3.57970689368563e-39,0.326300974910666,0.597,0.464,8.75309929644009e-35,"0","MAP1LC3B"
4.37748924598944e-39,0.337966003097764,0.523,0.393,1.07038367042934e-34,"0","C9orf78"
5.00370329098564e-39,0.339626375939562,0.521,0.396,1.22350552871181e-34,"0","MAGOH"
5.62566905830873e-39,0.375036292426418,0.514,0.391,1.37558859813765e-34,"0","STRAP"
7.75369513954029e-39,0.396318086856975,0.565,0.438,1.89593353552039e-34,"0","DDX3X"
1.2439079511172e-38,0.397304472579548,0.377,0.262,3.04160372207178e-34,"0","NFATC2"
1.98499737638704e-38,0.357040159325726,0.408,0.289,4.8537155847416e-34,"0","PITPNC1"
2.41255095851369e-38,0.290223030710227,0.268,0.167,5.89916960375766e-34,"0","ATP8A1"
7.38012425380372e-38,0.463685781680539,0.32,0.217,1.80458798254009e-33,"0","HERPUD2"
1.05446524577254e-37,0.575600155245372,0.285,0.191,2.57837841896302e-33,"0","RNF139"
2.12972241158646e-37,0.395044090359848,0.408,0.299,5.20759724081121e-33,"0","UBE2A"
5.43929338403161e-37,0.387537220290572,0.44,0.328,1.33001601826341e-32,"0","PPP2CA"
7.78596346011826e-37,0.397793047711064,0.396,0.286,1.90382378526812e-32,"0","GPI"
2.57368867479305e-36,0.338459732345895,0.481,0.356,6.29318354760396e-32,"0","PTGER4"
5.29999882015381e-36,0.388563394973297,0.916,0.81,1.29595571150401e-31,"0","HSP90AB1"
6.82877474454455e-36,0.46383632184453,0.319,0.22,1.66977200053603e-31,"0","RPP21"
8.33678773916004e-36,0.368649156541069,0.444,0.33,2.03851133797941e-31,"0","BCLAF1"
1.16761023353919e-35,0.282337796168963,0.727,0.6,2.85504054305003e-31,"0","IRF1"
1.44393774155268e-35,0.300083816985927,0.627,0.495,3.53071656564462e-31,"0","HNRNPA0"
3.01572778251277e-35,0.36871808362145,0.353,0.248,7.37405757380023e-31,"0","CYTOR"
3.43396731640815e-35,0.376543660977624,0.43,0.319,8.39673688208122e-31,"0","SF3A1"
4.41080790162726e-35,0.486103806568126,0.336,0.238,1.0785307481059e-30,"0","SBDS"
8.67668585487033e-35,0.526782090935672,0.322,0.229,2.12162322523289e-30,"0","HBP1"
1.52052876518866e-34,0.402824146797355,0.363,0.26,3.7179969366393e-30,"0","NASP"
1.65707308672158e-34,0.314001335271437,0.713,0.599,4.0518751116516e-30,"0","PGK1"
2.16991664724705e-34,0.417099140723008,0.328,0.23,5.30588018584849e-30,"0","PITHD1"
3.76866778608442e-34,0.48601945563368,0.336,0.237,9.21514647053363e-30,"0","CKS2"
9.98254029957169e-34,0.49613133966674,0.268,0.178,2.44093075405127e-29,"0","MYLIP"
1.42089196717939e-33,0.436100354029581,0.335,0.238,3.47436503814705e-29,"0","WBP11"
2.55579749609747e-33,0.457899841011344,0.66,0.554,6.24943603745754e-29,"0","ZFP36L1"
3.06852659815488e-33,0.475146113716949,0.303,0.211,7.5031612378083e-29,"0","PAF1"
4.54029951486397e-33,0.330398744854455,0.461,0.351,1.11019403737454e-28,"0","NOP58"
4.79534385484853e-33,0.389070985184351,0.654,0.545,1.17255747938756e-28,"0","H2AFZ"
5.50591832742395e-33,0.298343514600544,0.556,0.437,1.3463071494217e-28,"0","PAIP2"
6.10964465602749e-33,0.364442243623685,0.367,0.263,1.49393031129184e-28,"0","HMGB2"
6.13054208706942e-33,0.420901582400412,0.403,0.301,1.49904015113021e-28,"0","HNRNPAB"
6.90720700794093e-33,0.3443321715447,0.487,0.372,1.68895025758172e-28,"0","EIF4A1"
1.01746838397577e-32,0.298000808401869,0.391,0.284,2.48791369249755e-28,"0","INSIG1"
1.14649611263789e-32,0.330428526607931,0.443,0.331,2.80341229462217e-28,"0","BUB3"
1.66401314363182e-32,0.297827127919546,0.509,0.392,4.06884493880852e-28,"0","CALM3"
2.28096407502348e-32,0.429131055151505,0.33,0.236,5.57741335624742e-28,"0","GOLPH3"
2.79131393872748e-32,0.548758001784626,0.267,0.183,6.82532084297644e-28,"0","ISG20L2"
2.88640183434792e-32,0.288687345776625,0.534,0.418,7.05782976534754e-28,"0","HNRNPUL1"
4.66831774326929e-32,0.294401847221978,0.516,0.399,1.14149705458421e-27,"0","CDC42SE2"
5.14305706382973e-32,0.51230780809403,0.254,0.171,1.25758031324765e-27,"0","PRELID3B"
5.80306565923353e-32,0.433282560765798,0.315,0.223,1.41896561499578e-27,"0","STAU1"
1.03657630613774e-31,0.40952688815081,0.295,0.205,2.53463638376801e-27,"0","CMC2"
1.06173675719906e-31,0.31826312412509,0.315,0.217,2.59615871870315e-27,"0","PPP1R16B"
2.32481489350349e-31,0.330453339148809,0.35,0.247,5.68463737759473e-27,"0","ARAP2"
7.35476437997719e-31,0.367178292756903,0.536,0.421,1.79838698619202e-26,"0","TAGAP"
1.98865939334487e-30,0.378077370174425,0.38,0.281,4.86266994860687e-26,"0","CEBPZ"
2.81059255868063e-30,0.328573285397415,0.421,0.315,6.87246092448588e-26,"0","RBM4"
3.93348648329006e-30,0.261641207310997,0.589,0.471,9.61816114894085e-26,"0","AKAP13"
1.26392785634234e-29,0.395212577390204,0.379,0.282,3.09055639432829e-25,"0","POLR2A"
2.81722749657221e-29,0.373145087430433,0.34,0.25,6.88868467461837e-25,"0","EMC7"
3.25507654539022e-29,0.355571327033484,0.362,0.264,7.95931316878817e-25,"0","TIPARP"
3.27421896421024e-29,0.328354782408257,0.352,0.258,8.00612021128687e-25,"0","LMNA"
4.47831961814825e-29,0.259937396234899,0.68,0.565,1.09503871302961e-24,"0","SLC2A3"
5.74005796295762e-29,0.369457083805554,0.333,0.238,1.4035589731024e-24,"0","PTPN7"
6.86804951232252e-29,0.304451873301735,0.526,0.414,1.6793754667531e-24,"0","CCNH"
9.94018896171491e-29,0.53686389092315,0.298,0.21,2.43057500491853e-24,"0","SNHG12"
1.65489338464542e-28,0.479749657804617,0.567,0.471,4.04654530413499e-24,"0","FOS"
1.92930041475337e-28,0.407040808489581,0.287,0.202,4.71752537415493e-24,"0","COQ10B"
2.06421061507773e-28,0.330837124682512,0.476,0.37,5.04740779598807e-24,"0","PPP1R2"
3.24537548026088e-28,0.279960229874546,0.461,0.356,7.93559212433391e-24,"0","EIF1AX"
3.49370888070657e-28,0.446533840374017,0.262,0.181,8.54281695510371e-24,"0","CHCHD7"
1.13291471812871e-27,0.316979352569073,0.403,0.306,2.77020306876833e-23,"0","CSNK1D"
1.14045056980002e-27,0.266913283413341,0.499,0.394,2.788629733275e-23,"0","HSPA9"
2.07908263781011e-27,0.278978585745664,0.447,0.344,5.08377286597328e-23,"0","SERINC1"
2.25075404525628e-27,0.363856600209116,0.306,0.22,5.50354379146066e-23,"0","CHIC2"
2.98244276100715e-27,0.415636638271367,0.611,0.516,7.29266903921469e-23,"0","KLF6"
6.13270156152123e-27,0.353898058838184,0.347,0.258,1.49956818582317e-22,"0","MRFAP1"
1.07618764938384e-26,0.295187164564126,0.422,0.324,2.63149404027337e-22,"0","TOP1"
1.52694993525195e-26,0.256836695391229,0.367,0.267,3.73369798167808e-22,"0","TSEN54"
1.74609856578379e-26,0.253137238392535,0.577,0.468,4.26956021305453e-22,"0","XRCC6"
1.92642592522309e-26,0.313156347791314,0.439,0.344,4.7104966723555e-22,"0","RAB5IF"
6.02280839004326e-26,0.314635366915797,0.291,0.205,1.47269710753338e-21,"0","RAB27A"
1.53354429118231e-25,0.290728782446114,0.405,0.308,3.74982250079898e-21,"0","DHX36"
3.60967427206139e-25,0.365694466070407,0.306,0.222,8.82637553004451e-21,"0","SIAH2"
5.29747654487499e-25,0.310564017391437,0.369,0.281,1.29533896475283e-20,"0","ETF1"
1.10376507870879e-24,0.40192903636795,0.252,0.178,2.69892637045874e-20,"0","PRKAR2A"
2.52897767659543e-24,0.298164664629192,0.422,0.332,6.18385621481114e-20,"0","RNF7"
3.0892173788991e-24,0.359092187256198,0.283,0.205,7.55375433488409e-20,"0","ABT1"
1.52133080420079e-23,0.332926838868363,0.406,0.317,3.71995808243178e-19,"0","CACYBP"
1.86074856069838e-23,0.266421273761767,0.369,0.276,4.54990238061968e-19,"0","STOM"
3.69800215741478e-23,0.411987284995966,0.258,0.184,9.04235487531063e-19,"0","RHBDD2"
3.92879492714156e-23,0.333721411398438,0.332,0.25,9.60668935584654e-19,"0","NRBP1"
4.27938085218119e-23,0.265352957272014,0.36,0.27,1.04639420597534e-18,"0","SNRPN"
7.70343413642207e-23,0.319776858074922,0.311,0.232,1.88364371503792e-18,"0","STARD7"
1.06449335738723e-22,0.594884333506164,0.514,0.414,2.60289915748325e-18,"0","JUN"
1.1109961178513e-22,0.338266242550929,0.285,0.209,2.71660770737e-18,"0","ARPP19"
1.87447010877492e-22,0.318355414166204,0.294,0.217,4.58345430997643e-18,"0","CTR9"
4.05432856879505e-22,0.268567669978303,0.449,0.359,9.91364421641766e-18,"0","TRA2B"
9.41102791824435e-22,0.271650045832882,0.386,0.302,2.30118454656911e-17,"0","ELOC"
9.86053696584824e-22,0.338323873497844,0.26,0.187,2.41109849888921e-17,"0","MAZ"
1.2441748432127e-21,0.259600561061809,0.353,0.267,3.0422563266237e-17,"0","GYG1"
1.26934472762993e-21,0.290129498595868,0.305,0.226,3.10380172800071e-17,"0","WNK1"
3.42251584113133e-21,0.250130416490392,0.351,0.27,8.36873573473434e-17,"0","EMC4"
5.04990209051595e-21,0.260355706631226,0.409,0.322,1.23480205917296e-16,"0","SLC3A2"
6.45407639858511e-21,0.267236022726896,0.378,0.294,1.57815076098203e-16,"0","DNTTIP2"
9.59511252607832e-21,0.264846762723528,0.381,0.294,2.34619691487667e-16,"0","ORAI1"
1.06871565899725e-20,0.279665498900181,0.273,0.196,2.61322352938007e-16,"0","SCML4"
1.22272875538396e-20,0.260344925886814,0.358,0.275,2.98981635266485e-16,"0","ADSS"
1.93298260414271e-20,0.253298570386644,0.403,0.32,4.72652906364976e-16,"0","RAP1A"
2.14064229258717e-20,0.336616067560729,0.287,0.216,5.23429853383415e-16,"0","MED4"
2.84401244115408e-20,0.292265507363759,0.414,0.326,6.95417922110996e-16,"0","ZC3HAV1"
3.67913374811715e-20,0.336683295363169,0.288,0.217,8.99621784089605e-16,"0","RNF114"
5.15754410718355e-20,0.318908333918908,0.323,0.249,1.26112268508852e-15,"0","NR1H2"
1.6673275351925e-19,0.328990479208926,0.345,0.271,4.0769492890527e-15,"0","RSRC2"
4.12140152400718e-19,0.290462097936325,0.351,0.274,1.00776510065024e-14,"0","FGFR1OP2"
2.2579414192538e-18,0.309858710240568,0.312,0.241,5.5211183583594e-14,"0","PTBP1"
3.37492536148266e-18,0.252974857330165,0.368,0.288,8.25236749389739e-14,"0","PIM3"
3.839891397098e-18,0.334603971185187,0.267,0.2,9.38930244418402e-14,"0","RNF138"
7.37570292567138e-18,0.348504633826605,0.279,0.214,1.80350687938517e-13,"0","TXNDC17"
1.34913310446129e-17,0.268760664656675,0.309,0.239,3.29890026702874e-13,"0","MTHFD2"
1.98693042345378e-17,0.301518034478023,0.323,0.255,4.85844227142918e-13,"0","DNAJA2"
7.77235004117092e-17,0.302538363168006,0.262,0.199,1.90049503206711e-12,"0","SAFB2"
1.0504584435011e-16,0.286103260862349,0.277,0.212,2.56858098604888e-12,"0","CCDC59"
3.25281104586168e-16,0.26124561578682,0.289,0.225,7.95377356934099e-12,"0","TMF1"
4.04669828849077e-16,0.293618551954127,0.642,0.581,9.89498665501763e-12,"0","ANXA1"
4.12777573258786e-16,0.27549271561885,0.286,0.223,1.00932372213238e-11,"0","DDX27"
1.00299014854035e-15,0.310074977083702,0.779,0.704,2.45251151121085e-11,"0","CRIP1"
2.14238311571189e-15,0.25340938037681,0.283,0.219,5.23855519453872e-11,"0","TM2D3"
1.77889725300053e-14,0.252714549688178,0.285,0.225,4.3497595630369e-10,"0","GTF3C6"
5.19964570377411e-14,0.250697602824323,0.254,0.198,1.27141736748685e-09,"0","BCL7B"
2.54628567194912e-13,0.254169575745371,0.279,0.224,6.22617772504999e-09,"0","WDR33"
2.0619050998077e-10,0.275893816217306,0.272,0.222,5.04177035004978e-06,"0","CHORDC1"
6.1631088067096e-10,0.277243330307795,0.286,0.237,1.50700336541663e-05,"0","GLUD1"
0,4.59301184881513,0.826,0.041,0,"1","FGFBP2"
0,3.3145583743903,0.956,0.186,0,"1","GZMB"
0,3.73866575322949,0.845,0.093,0,"1","GNLY"
0,2.99457938396883,0.667,0.1,0,"1","FCGR3A"
0,1.90944823575574,0.834,0.316,0,"1","GZMH"
0,3.06439556890605,0.616,0.129,0,"1","SPON2"
0,1.6964196147337,0.77,0.315,0,"1","KLRD1"
0,2.04741983942571,0.918,0.464,0,"1","PRF1"
0,1.99452902273308,0.558,0.158,0,"1","S1PR5"
0,1.52157338410147,0.739,0.373,0,"1","EFHD2"
0,4.61315718480401,0.375,0.014,0,"1","PRSS23"
0,3.19466926280091,0.399,0.043,0,"1","ADGRG1"
0,1.84539058878022,0.498,0.142,0,"1","KLRF1"
0,1.47345619560616,0.802,0.451,0,"1","CD247"
0,3.2552425402949,0.36,0.034,0,"1","CX3CR1"
0,2.90041804598377,0.349,0.054,0,"1","C1orf21"
0,1.58960032702445,0.998,0.731,0,"1","NKG7"
0,3.64102587902125,0.29,0.028,0,"1","LAIR2"
0,1.13524341840446,0.984,0.771,0,"1","CST7"
1.47755272045283e-318,1.63139543606,0.581,0.228,3.61291191205126e-314,"1","C12orf75"
2.23341589122142e-299,1.12010866394043,0.863,0.538,5.46114853721462e-295,"1","CTSW"
2.30478420918226e-294,2.38250126289745,0.293,0.063,5.63565834829246e-290,"1","TTC38"
4.77210255405039e-286,1.60906528812599,0.54,0.208,1.1668745165164e-281,"1","PLAC8"
2.05828229269228e-267,1.47041928174186,0.601,0.267,5.03291186209117e-263,"1","HOPX"
2.19053819213936e-266,0.944340315694575,0.896,0.633,5.35630398741917e-262,"1","LITAF"
1.70213770252924e-258,1.01957282976614,0.629,0.261,4.16206711022451e-254,"1","TYROBP"
6.47034448087779e-245,1.39137447351257,0.567,0.247,1.58212863246424e-240,"1","LGALS1"
2.89749637750417e-242,1.57742807969685,0.376,0.114,7.0849581422732e-238,"1","ENC1"
2.41861659690892e-232,1.82495388417876,0.477,0.2,5.9140013027617e-228,"1","DSTN"
1.80226778759748e-227,1.49209622816687,0.549,0.249,4.40690519423336e-223,"1","SELPLG"
2.50534572423496e-198,1.95998735884357,0.281,0.08,6.12607136489933e-194,"1","PXN"
6.7501877825423e-195,0.611541647740877,0.965,0.91,1.65055591658724e-190,"1","CYBA"
4.01319960853297e-190,0.433714187962925,0.998,0.989,9.81307568278481e-186,"1","HLA-C"
7.64505057126749e-189,0.30772206729084,1,1,1.86936776568633e-184,"1","B2M"
2.99832217169422e-183,1.94484221436849,0.264,0.076,7.33149737422671e-179,"1","SH2D1B"
4.65610229215489e-181,1.94924361669255,0.321,0.112,1.13851013247771e-176,"1","HSH2D"
5.46132225835168e-180,1.66202793807029,0.348,0.124,1.33540251861215e-175,"1","TGFBR3"
2.81154345385258e-179,1.18894335840498,0.575,0.297,6.87478605336034e-175,"1","ZEB2"
1.36555455324947e-178,0.912768968589544,0.786,0.523,3.3390539936056e-174,"1","SH2D2A"
4.03897163810104e-174,1.85318246306995,0.285,0.091,9.87609344948466e-170,"1","TFDP2"
1.00637823995578e-171,0.81716496845491,0.848,0.668,2.46079607233988e-167,"1","ITGB2"
5.40962536404044e-169,1.14871678616962,0.438,0.184,1.32276159401517e-164,"1","CLIC3"
1.19430805370884e-168,0.93359648837121,0.753,0.522,2.92032205292887e-164,"1","RAP1B"
4.77801526344061e-166,1.68961343831537,0.335,0.125,1.1683202922165e-161,"1","CD300A"
8.22037325685156e-166,1.25338253193089,0.503,0.243,2.01004566876534e-161,"1","SLA2"
5.2338953576174e-165,1.04242176143874,0.654,0.38,1.27979209284461e-160,"1","ARL4C"
7.36504012237926e-163,1.65367085698205,0.289,0.095,1.80089961072418e-158,"1","ADRB2"
1.57953768388812e-161,1.44515111220661,0.416,0.182,3.86228554464323e-157,"1","KLF3"
7.96193029054554e-158,0.663352658088691,0.921,0.772,1.9468511946442e-153,"1","IFITM2"
4.44899314344982e-153,1.40978631953113,0.405,0.179,1.08786780343635e-148,"1","TPST2"
1.01035005346905e-144,1.3723970012595,0.384,0.165,2.47050795074253e-140,"1","SYNE1"
3.4712961825357e-140,1.55147895358036,0.296,0.109,8.48801342553629e-136,"1","RASA3"
9.52505803238847e-139,1.22229472359347,0.5,0.265,2.32906719007963e-134,"1","ITGB1"
5.42997849922134e-136,0.951102537329188,0.638,0.401,1.3277383426296e-131,"1","FLNA"
8.3961291766191e-136,1.11388124485136,0.526,0.29,2.0530215062669e-131,"1","ABHD17A"
6.79673981632293e-134,0.590158363548076,0.908,0.808,1.66193881988728e-129,"1","ARPC2"
2.52689501270335e-131,0.817803259798043,0.754,0.536,6.17876368506224e-127,"1","GNG2"
4.42831070083934e-131,1.37895656859428,0.258,0.088,1.08281053256924e-126,"1","S1PR1"
2.22316308011644e-123,1.29800200298934,0.359,0.16,5.43607836350071e-119,"1","TBX21"
5.23114767305848e-121,0.499250064380557,0.949,0.877,1.27912022901626e-116,"1","SH3BGRL3"
6.20590376011617e-119,0.556231166931846,0.635,0.37,1.51746758742361e-114,"1","KLF2"
1.34422601343592e-117,1.30311946883688,0.363,0.169,3.28690144805351e-113,"1","RAB29"
2.40526241280499e-115,1.33697006835335,0.33,0.146,5.88134765179076e-111,"1","STK38"
1.48488583603129e-113,0.880201031489805,0.583,0.352,3.6308428462637e-109,"1","TRBC1"
2.57393341411815e-113,0.75419520834646,0.691,0.479,6.2937819842017e-109,"1","AES"
7.11297049399341e-113,0.647349761660255,0.769,0.553,1.73926354519127e-108,"1","EMP3"
1.20496884174627e-110,1.0900965359773,0.376,0.176,2.94638981183797e-106,"1","SAMD3"
4.17297967452155e-109,1.3912479239882,0.309,0.136,1.02037699001401e-104,"1","UAP1"
2.11505850664715e-106,1.25475029583007,0.299,0.125,5.17174106045362e-102,"1","FCRL6"
1.20946043384248e-103,0.906253587239312,0.575,0.361,2.95737265283164e-99,"1","SUN2"
6.47684545033747e-100,1.20074757664036,0.319,0.148,1.58371824951652e-95,"1","LYN"
1.44935770787367e-98,0.937181623070856,0.516,0.315,3.54396946729269e-94,"1","BIN2"
1.64169374614861e-97,0.799432830330221,0.652,0.46,4.01426954808257e-93,"1","NFE2L2"
8.15807809067804e-97,0.539594761732503,0.855,0.716,1.99481325473259e-92,"1","CD99"
5.6936817207639e-95,0.408417060772782,0.824,0.59,1.39221905436119e-90,"1","CCL4"
1.28462836096633e-92,0.907322961253934,0.471,0.27,3.14117326823486e-88,"1","SYNE2"
3.04988544283084e-90,0.32494263229942,0.99,0.961,7.45757988480997e-86,"1","FTH1"
2.4469359801754e-88,0.494412793743455,0.902,0.722,5.98324785872488e-84,"1","CREM"
3.12736554080058e-87,0.524613490455838,0.797,0.603,7.64703422036557e-83,"1","DDIT4"
1.19203933747909e-86,1.03407777052529,0.364,0.189,2.91477458800387e-82,"1","LPCAT1"
9.26566876021563e-86,0.894852349662295,0.446,0.256,2.26564132524793e-81,"1","BHLHE40"
5.34810018159871e-85,1.27479048078282,0.275,0.126,1.30771745640452e-80,"1","SORL1"
1.04012179848757e-84,0.904256787686503,0.379,0.196,2.5433058216618e-80,"1","PYHIN1"
7.37572954203554e-84,1.04411897429864,0.35,0.179,1.80351338761853e-79,"1","P2RY8"
9.32014307535765e-83,0.810972307749865,0.464,0.267,2.27896138478645e-78,"1","LINC01871"
1.26094821484922e-82,1.02197746924643,0.353,0.184,3.08327057494932e-78,"1","CEBPB"
3.45507605608715e-80,0.583087666413868,0.79,0.628,8.4483519723443e-76,"1","S100A10"
3.76695326623564e-80,1.16324242296026,0.308,0.153,9.21095412659938e-76,"1","PTPRE"
8.0848487476099e-80,0.494013124790206,0.579,0.373,1.97690721576557e-75,"1","CD55"
2.84669670343953e-79,1.19366152194815,0.279,0.133,6.96074277925035e-75,"1","GTF3C1"
4.38623359276509e-78,1.14932334445164,0.289,0.14,1.07252183810292e-73,"1","IGF2R"
1.60377044793118e-76,0.841299730144844,0.476,0.3,3.92153949928133e-72,"1","SPN"
1.72827646115882e-76,0.347891006953239,0.921,0.765,4.22598160282555e-72,"1","S100A4"
3.70858810307532e-76,0.675671614674946,0.57,0.375,9.06823962963976e-72,"1","APMAP"
9.63401669629309e-76,1.17059923813199,0.278,0.134,2.35570976257759e-71,"1","GNPTAB"
3.08239622408031e-75,1.17487465303951,0.296,0.149,7.53707524712118e-71,"1","TMBIM1"
1.30546932994346e-74,1.1695051195323,0.28,0.137,3.19213360557775e-70,"1","DIP2A"
2.16241565857417e-74,1.02622281602892,0.313,0.159,5.28753876834556e-70,"1","AUTS2"
1.84475529575881e-73,0.940421766318401,0.473,0.304,4.51079564918943e-69,"1","PRMT2"
1.00279380144161e-72,0.459948860603445,0.771,0.6,2.45203140328504e-68,"1","IER2"
4.69801537470809e-72,0.791840982606761,0.393,0.222,1.14875871942362e-67,"1","PLEK"
1.9364525356471e-71,0.571979058551755,0.664,0.476,4.73501374016428e-67,"1","TNFRSF1B"
6.04219859490819e-71,0.952570590609857,0.252,0.116,1.47743840042695e-66,"1","FGR"
2.91956982587267e-69,0.474091017986153,0.694,0.495,7.13893213822386e-65,"1","SYTL3"
6.71253452553725e-69,0.759881377544678,0.521,0.354,1.64134894218437e-64,"1","CDC42SE1"
1.6693843161495e-65,0.459185053515558,0.759,0.571,4.08197852984875e-61,"1","GZMM"
1.19123367054652e-63,0.262484596059185,0.848,0.709,2.91280457122035e-59,"1","S100A6"
3.72234017745341e-63,0.916201059380958,0.35,0.199,9.10186620190909e-59,"1","LYAR"
2.80406816851038e-62,0.927839960485088,0.31,0.168,6.85650748564158e-58,"1","PTPN4"
6.20193436205931e-62,0.688590500107372,0.537,0.377,1.51649699021074e-57,"1","DHRS7"
6.69851689769552e-61,1.02494361809495,0.256,0.128,1.63792135182451e-56,"1","RASGRP2"
1.62188249313437e-60,0.698405118418558,0.393,0.234,3.96582707221216e-56,"1","PDE4D"
1.03784698746774e-58,0.646298481632903,0.538,0.374,2.53774345375612e-54,"1","AKNA"
1.39066453378669e-58,1.01523290645219,0.278,0.149,3.40045291801521e-54,"1","ADAM8"
7.38304794644717e-57,0.535180951648695,0.612,0.444,1.80530288386526e-52,"1","FOSL2"
4.74681898640461e-56,0.729244455440841,0.454,0.302,1.16069217855566e-51,"1","CMC1"
7.22535974073392e-56,0.696306258186302,0.501,0.349,1.76674496380426e-51,"1","CAST"
1.26633495535836e-55,0.293026051020967,0.327,0.172,3.09644223284227e-51,"1","FCER1G"
2.93289579946834e-54,0.768757276500373,0.455,0.307,7.17151680885998e-50,"1","IQGAP2"
2.15462131328896e-53,0.435873253753493,0.652,0.492,5.26848003525416e-49,"1","MT2A"
5.76708302645654e-53,0.730199692708919,0.51,0.37,1.41016714162915e-48,"1","CD47"
6.66479465767299e-53,0.759957299271914,0.379,0.235,1.6296755896942e-48,"1","ADD3"
9.25369792281583e-53,0.81587402224153,0.336,0.2,2.26271421608693e-48,"1","MYO1G"
6.98642894149058e-52,0.622675587707965,0.44,0.28,1.70832160477328e-47,"1","MATK"
2.25279743462492e-49,0.679852475213124,0.413,0.268,5.50854028714486e-45,"1","DOK2"
1.09226629544567e-48,0.886873481625252,0.309,0.184,2.67080954562375e-44,"1","S1PR4"
1.29354550980701e-48,0.917858762292222,0.281,0.161,3.16297748058011e-44,"1","METRNL"
1.54635686935321e-48,0.710364380677848,0.449,0.309,3.78115181694248e-44,"1","HMGN3"
3.33585918892888e-48,0.617944140950825,0.505,0.357,8.1568428887689e-44,"1","CCND3"
6.56579172414223e-47,0.553042127422277,0.68,0.551,1.60546739238726e-42,"1","ISG20"
7.59288540357679e-47,0.764606985170781,0.354,0.222,1.8566123388826e-42,"1","ITGB7"
1.40308696401871e-44,0.676953138932415,0.48,0.346,3.43082824441854e-40,"1","RAB5IF"
6.09172495738194e-44,0.843084125850076,0.288,0.171,1.48954858657903e-39,"1","SRPK2"
3.96347116716048e-43,0.633657589987661,0.393,0.257,9.69147969794081e-39,"1","ABI3"
4.72987961460144e-43,0.272581465782102,0.958,0.917,1.15655016336234e-38,"1","MT-ATP8"
6.88818571943761e-43,0.251249509702751,0.996,0.994,1.68429917211688e-38,"1","HLA-B"
1.23690136442376e-42,0.91255056458019,0.282,0.169,3.02447121628899e-38,"1","LMNB1"
1.46526727386147e-42,0.37734353121821,0.742,0.608,3.58287153804607e-38,"1","IRF1"
3.99128427058769e-41,0.837695188670367,0.294,0.181,9.75948829844101e-37,"1","RASSF1"
2.09912849430664e-39,0.691429195264417,0.311,0.194,5.13278899427859e-35,"1","RIPOR2"
2.16759570668291e-39,0.516096434658482,0.478,0.342,5.30020502198105e-35,"1","MBP"
5.6613217092431e-39,0.420762053132977,0.655,0.529,1.38430638434412e-34,"1","DNAJB6"
6.12645616298873e-39,0.760465811180157,0.327,0.211,1.498041060974e-34,"1","ABLIM1"
5.54060186718689e-38,0.448519416884989,0.722,0.596,1.35478796856454e-33,"1","TSC22D3"
1.62585760859851e-37,0.743058902748099,0.276,0.169,3.97554702454508e-33,"1","MYO1F"
3.57315767227651e-37,0.691310166990209,0.347,0.231,8.73708514025053e-33,"1","CAPN2"
6.24779894536698e-37,0.717705935940981,0.32,0.207,1.52771179812113e-32,"1","RNF166"
2.15016762153576e-36,0.816848504431988,0.271,0.168,5.25758986817925e-32,"1","STARD3NL"
1.24195799479152e-35,0.778828133746103,0.301,0.194,3.03683568886421e-31,"1","PRKCB"
5.01462030928828e-35,0.391393589127049,0.579,0.439,1.22617495802717e-30,"1","CLEC2B"
8.46027145296941e-35,0.314435633843319,0.786,0.662,2.06870557568008e-30,"1","TGFB1"
2.74389723398608e-34,0.660304545067406,0.378,0.266,6.70937751654277e-30,"1","SCP2"
3.31207985423327e-34,0.471288154243279,0.484,0.354,8.0986976595712e-30,"1","PPP2R5C"
1.306900326063e-33,0.505735807407753,0.389,0.267,3.19563267728924e-29,"1","AOAH"
1.90508764613733e-33,0.278679562936755,0.88,0.809,4.65832031233501e-29,"1","PNRC1"
5.67354499966352e-32,0.572968609588753,0.386,0.269,1.38729522331772e-27,"1","NFATC2"
4.96990581877759e-31,0.750006697823248,0.303,0.197,1.2152413708075e-26,"1","CCL4L2"
5.76444352920771e-31,0.331195176971498,0.658,0.528,1.40952173176187e-26,"1","VPS37B"
1.45229907156449e-30,0.547337419915948,0.433,0.323,3.55116168978949e-26,"1","MAPRE2"
3.13888946298435e-30,0.331813594704943,0.56,0.424,7.67521251488933e-26,"1","GPR65"
4.24293517497811e-30,0.514725643693209,0.387,0.272,1.03748250898565e-25,"1","TSEN54"
7.03756335867546e-30,0.455357696506333,0.355,0.24,1.72082499246332e-25,"1","CHST12"
2.31161651876146e-28,0.339020179420081,0.487,0.364,5.65236471167551e-24,"1","IFNGR1"
3.75723698089369e-28,0.568257156556672,0.361,0.259,9.18719586568126e-24,"1","ARIH2"
4.27704933129908e-28,0.591176949662739,0.347,0.244,1.04582410248925e-23,"1","SYTL1"
7.40560113929104e-28,0.388442637973301,0.34,0.227,1.81081759057945e-23,"1","LINC00861"
1.74069158875519e-27,0.427956656786157,0.529,0.422,4.25633907282419e-23,"1","YWHAQ"
7.04655610310014e-27,0.366553295672645,0.614,0.511,1.72302389833005e-22,"1","DBI"
1.47114042035745e-26,0.391671975514075,0.551,0.447,3.59723255585803e-22,"1","PAIP2"
1.8227035239968e-26,0.356807841019613,0.669,0.579,4.45687465687698e-22,"1","CD53"
2.49166062954805e-26,0.443747410142167,0.563,0.463,6.0926085713709e-22,"1","PTP4A2"
2.98321152151911e-26,0.479490667734114,0.467,0.365,7.29454881241853e-22,"1","FMNL1"
3.38618275043908e-26,0.486722550193622,0.361,0.255,8.27989406137365e-22,"1","BTN3A2"
5.63421737835813e-25,0.679781943527423,0.254,0.168,1.37767883335613e-20,"1","GLIPR2"
9.27300071315894e-25,0.386961289988488,0.43,0.318,2.26743413438162e-20,"1","GABARAPL1"
2.05750183270814e-24,0.410751166434327,0.461,0.355,5.03100348133794e-20,"1","YPEL3"
2.13107048431336e-24,0.355600837025941,0.611,0.507,5.21089354824302e-20,"1","IL2RG"
3.59506457167688e-24,0.644224491295941,0.269,0.183,8.79065189066431e-20,"1","PTPRA"
5.49333155753373e-24,0.625458977834761,0.302,0.215,1.34322943244815e-19,"1","TES"
9.78841505661135e-24,0.38508366291232,0.54,0.436,2.39346324964261e-19,"1","ATP5ME"
1.43741464900362e-23,0.318515626188473,0.51,0.398,3.51476629974366e-19,"1","AHNAK"
3.05406862723123e-23,0.391798627388739,0.532,0.422,7.4678086073058e-19,"1","PAXX"
5.13858296622153e-23,0.310579889031133,0.575,0.461,1.25648630690049e-18,"1","CYTIP"
6.34129827200725e-23,0.591686430438097,0.299,0.211,1.55057425347121e-18,"1","RNF115"
1.18073140253695e-22,0.382544689747389,0.643,0.562,2.88712442548334e-18,"1","JAK1"
1.44514911358417e-22,0.402810068489369,0.328,0.232,3.53367861253602e-18,"1","ITK"
1.95762973413996e-22,0.279114425855064,0.59,0.48,4.78679622591902e-18,"1","CTSC"
2.43704176562374e-22,0.338130768084903,0.626,0.532,5.95905452530316e-18,"1","NDUFB2"
9.19380505959333e-22,0.332456577929096,0.478,0.369,2.24806921317176e-17,"1","PRKCH"
1.16790767910403e-21,0.438764412492405,0.432,0.336,2.85576785694518e-17,"1","MAT2B"
2.69373369413923e-21,0.525811044794104,0.309,0.222,6.58671762890925e-17,"1","ARRB2"
3.38573086964525e-21,0.55457381889996,0.302,0.217,8.27878912245655e-17,"1","TAOK3"
3.96732042897357e-21,0.555658941280301,0.271,0.189,9.70089191292618e-17,"1","UPP1"
5.9872989675873e-21,0.622916702917439,0.256,0.178,1.46401434355445e-16,"1","TOB1"
9.85911421102634e-21,0.324356039130277,0.588,0.493,2.41075060688016e-16,"1","TMEM50A"
1.89289095035999e-20,0.354221071243299,0.625,0.531,4.62849695182024e-16,"1","MT-ND6"
2.72491454445076e-20,0.414625343436475,0.488,0.398,6.662961044091e-16,"1","CDK2AP2"
2.83010493879981e-20,0.484864570089472,0.362,0.274,6.9201725963533e-16,"1","DIAPH1"
5.66679983983378e-20,0.331135257013442,0.608,0.515,1.38564589683616e-15,"1","LRRFIP1"
7.31581813254803e-20,0.286507682849912,0.537,0.43,1.78886384977064e-15,"1","ID2"
8.5821829567383e-20,0.480965199902087,0.363,0.279,2.09851537658165e-15,"1","NDUFB7"
1.06242956614884e-19,0.438162429875801,0.307,0.222,2.59785277514715e-15,"1","ATP2B1"
1.47972262743545e-19,0.386774788506903,0.481,0.387,3.61821776860515e-15,"1","ARPC5"
1.70382847518537e-19,0.280459421720622,0.685,0.612,4.16620138752327e-15,"1","PDIA3"
2.69863398100688e-19,0.479469942461063,0.405,0.323,6.59869981035802e-15,"1","SYF2"
3.86671508859834e-19,0.250575644315616,0.736,0.654,9.45489173464066e-15,"1","TRIR"
6.29920103666486e-19,0.641825895792091,0.333,0.254,1.54028063748529e-14,"1","MAPK1"
1.05933214481127e-18,0.327396471062812,0.527,0.433,2.59027896049251e-14,"1","SLC9A3R1"
1.7668221123777e-18,0.373525527696786,0.434,0.34,4.32023342918594e-14,"1","MAP3K8"
3.50991872453849e-18,0.252636290278286,0.726,0.644,8.58245326524151e-14,"1","DAZAP2"
3.85129420315485e-18,0.562171134342831,0.253,0.179,9.41718458555423e-14,"1","CTDSP1"
4.14345169151187e-18,0.439003804772972,0.396,0.314,1.01315680760848e-13,"1","LAMP1"
5.26052373162163e-18,0.358712582532966,0.495,0.409,1.28630326285612e-13,"1","JTB"
2.27685910452204e-17,0.382600659504225,0.487,0.404,5.56737588237728e-13,"1","CD164"
2.9718363634608e-17,0.263131326075891,0.628,0.539,7.26673427593434e-13,"1","UBE2B"
2.99867357351468e-17,0.470183793816431,0.298,0.221,7.33235662195809e-13,"1","GLG1"
3.2214441224997e-17,0.404665850386318,0.434,0.346,7.87707516833627e-13,"1","ZAP70"
4.36747042316675e-17,0.478655445837384,0.272,0.197,1.06793386787273e-12,"1","MIEN1"
5.51035329388737e-17,0.310173951782611,0.564,0.479,1.34739158742134e-12,"1","MAP1LC3B"
7.71877231610303e-17,0.409888096221949,0.409,0.33,1.88739420673351e-12,"1","HNRNPL"
2.53366747524422e-16,0.290889178563698,0.596,0.52,6.19532371046716e-12,"1","MSN"
2.65414012621289e-16,0.360584787590527,0.48,0.404,6.48990343661577e-12,"1","PET100"
2.86166787790813e-16,0.258882661319221,0.525,0.421,6.99735029506096e-12,"1","RBM38"
3.27814540172496e-16,0.496687991982856,0.29,0.217,8.01572113629788e-12,"1","VAMP2"
3.8527045232093e-16,0.379372704097337,0.332,0.253,9.42063310015137e-12,"1","PLEKHA2"
4.13746576950522e-16,0.336248001455479,0.433,0.347,1.01169312995942e-11,"1","RUNX3"
4.74929808664171e-16,0.477311209719233,0.308,0.236,1.16129836814563e-11,"1","TMEM9B"
6.05912970527426e-16,0.322450017092405,0.454,0.37,1.48157839553366e-11,"1","DDX6"
8.69035681252981e-15,0.358291166611404,0.387,0.308,2.12496604779979e-10,"1","NDUFA12"
9.03845532002673e-15,0.437321915143578,0.276,0.207,2.21008309485294e-10,"1","MRFAP1L1"
1.87583115285862e-14,0.471711059776308,0.26,0.193,4.5867823349699e-10,"1","UHMK1"
3.66935801884353e-14,0.312327792436564,0.38,0.3,8.97231422767621e-10,"1","ORAI1"
4.22771398052101e-14,0.251411819027732,0.589,0.513,1.033760622517e-09,"1","ARF6"
5.0153448724392e-14,0.450942811384203,0.313,0.245,1.22635212820883e-09,"1","GOLPH3"
5.65123920901069e-14,0.289289651687146,0.485,0.408,1.38184101138729e-09,"1","BSG"
5.75429514686779e-14,0.301277999936074,0.593,0.523,1.40704024931211e-09,"1","LY6E"
6.67334837330996e-14,0.52622887145501,0.274,0.209,1.63176714424175e-09,"1","PRKACB"
7.14760579077635e-14,0.266752847201968,0.351,0.272,1.74773256796063e-09,"1","ITGAL"
7.56256325108737e-14,0.314305574205954,0.429,0.349,1.84919796615588e-09,"1","RASSF5"
9.36227355727327e-14,0.475141909720703,0.289,0.222,2.28926313022446e-09,"1","FBXO7"
1.36435848539e-13,0.434481712488632,0.333,0.264,3.33612936847563e-09,"1","MEAF6"
1.57147272664547e-13,0.412129112611377,0.456,0.395,3.8425651111935e-09,"1","TCF25"
2.49407055736976e-13,0.435599808288449,0.262,0.198,6.09850132688054e-09,"1","C1D"
2.53980156234272e-13,0.31947475834646,0.381,0.305,6.21032278024041e-09,"1","SERPINB1"
2.86667829202133e-13,0.361932142099599,0.338,0.266,7.00960175965055e-09,"1","CYFIP2"
3.36180783847678e-13,0.340504858451312,0.452,0.381,8.22029252664342e-09,"1","OSTF1"
3.56026468503002e-13,0.331161704249049,0.396,0.323,8.7055592078354e-09,"1","POLR2K"
5.61300633820142e-13,0.356221808479889,0.347,0.276,1.37249230981701e-08,"1","STK10"
6.31263725440416e-13,0.403071324057453,0.277,0.21,1.54356606144691e-08,"1","RASA2"
1.6858354547415e-12,0.512896207218038,0.286,0.226,4.12220485393392e-08,"1","RAB8A"
3.37856218004773e-12,0.405291024505987,0.347,0.283,8.26126024265271e-08,"1","PHF20"
3.44474330375854e-12,0.383685395953658,0.371,0.311,8.42308632635037e-08,"1","EIF3A"
4.26439523647078e-12,0.250310885009569,0.369,0.296,1.04272992322184e-07,"1","B4GALT1"
5.17374623412941e-12,0.468998575606815,0.256,0.198,1.26508442916932e-07,"1","CIR1"
5.89453648849559e-12,0.327078436964965,0.394,0.323,1.44133206216694e-07,"1","ATP6V0B"
1.59772295747001e-11,0.25383929587652,0.343,0.274,3.90675217560567e-07,"1","HMGB2"
2.13023618088584e-11,0.285492579089514,0.474,0.403,5.20885350950206e-07,"1","ATP5MPL"
2.25764946005636e-11,0.373923425076302,0.263,0.203,5.52040445972982e-07,"1","TROVE2"
2.7401935138569e-11,0.399359780495724,0.254,0.194,6.70032118008289e-07,"1","MGAT4A"
3.44781523411685e-11,0.384222859178877,0.313,0.253,8.43059781046252e-07,"1","DCTN3"
5.24876758529452e-11,0.383415080597176,0.345,0.283,1.28342864995621e-06,"1","ADSS"
5.48698183204035e-11,0.260715795709181,0.474,0.405,1.34167679757051e-06,"1","FAM49B"
1.28567258435863e-10,0.31561061501974,0.431,0.366,3.14372660327371e-06,"1","LMAN2"
2.10771285363786e-10,0.296446020524028,0.364,0.292,5.1537794697153e-06,"1","TXNIP"
2.28381712868377e-10,0.434096128105074,0.257,0.204,5.58438964305755e-06,"1","MMP24OS"
2.62117951656632e-10,0.307309655794732,0.284,0.224,6.40930815390796e-06,"1","APOL6"
4.9109267198943e-10,0.290290412264778,0.368,0.307,1.20081980154855e-05,"1","CYTH1"
5.68768580106624e-10,0.382309856400132,0.275,0.22,1.39075293207672e-05,"1","YY1"
5.82576205326728e-10,0.253867986026201,0.459,0.399,1.42451533726491e-05,"1","SH3BGRL"
8.48161225876082e-10,0.347223694916468,0.317,0.259,2.0739238295122e-05,"1","IFI16"
1.03670352076903e-09,0.360138296911889,0.328,0.275,2.53494744898444e-05,"1","MLF2"
1.07051155239046e-09,0.445586134874291,0.297,0.245,2.61761484790515e-05,"1","RTN4"
2.39312512160089e-09,0.374433594291287,0.258,0.206,5.8516695473385e-05,"1","POLR2F"
2.69494835956814e-09,0.280391833582748,0.442,0.384,6.58968772881601e-05,"1","RALY"
2.77950574646984e-09,0.288629271913108,0.258,0.202,6.79644745126806e-05,"1","ATP2B4"
2.93494696191369e-09,0.339586237551701,0.297,0.244,7.17653231127136e-05,"1","SH3GLB1"
3.06343810566898e-09,0.400473181026921,0.259,0.208,7.49071885598178e-05,"1","HSD17B11"
4.30054396928036e-09,0.318934522905092,0.322,0.267,0.000105156901136843,"1","RAB2A"
6.39966440046819e-09,0.372446942500226,0.266,0.215,0.000156484593920248,"1","ARHGAP30"
6.5556422380369e-09,0.283374675663866,0.389,0.332,0.000160298564004478,"1","TMED2"
6.59907894529393e-09,0.325179314882066,0.34,0.287,0.000161360678370327,"1","SUPT4H1"
6.94783805084066e-09,0.259885228509658,0.466,0.411,0.000169888536019156,"1","P4HB"
1.35904727833337e-08,0.338858747078315,0.309,0.257,0.000332314240498075,"1","CNOT2"
1.85271742238014e-08,0.292576300835082,0.302,0.249,0.000453026464120392,"1","CKS2"
2.50600886489399e-08,0.346741286363056,0.292,0.239,0.000612769287643878,"1","SPSB3"
2.74026230240243e-08,0.260377727882368,0.392,0.339,0.000670048938183442,"1","DCXR"
2.87389630600134e-08,0.37825356144832,0.252,0.205,0.000702725124743448,"1","ZFAND6"
3.15384701878873e-08,0.316120191866544,0.283,0.233,0.00077117867303422,"1","MECP2"
6.79317506714896e-08,0.339243898412549,0.267,0.218,0.00166106716741926,"1","ATM"
9.77588262556146e-08,0.277990556605064,0.269,0.22,0.00239039881960229,"1","WASF2"
9.87359568080173e-08,0.344440215663945,0.258,0.212,0.00241429161586964,"1","ABI1"
1.4069078014539e-07,0.300952256452231,0.263,0.216,0.00344017095611507,"1","SNHG15"
1.48199589801901e-07,0.289160677607302,0.338,0.289,0.00362377636983608,"1","CMPK1"
1.65300287379088e-07,0.251846043990034,0.33,0.277,0.00404192262699347,"1","IMP3"
2.61115174099744e-07,0.255162001288833,0.369,0.32,0.00638478823708694,"1","RAB5C"
2.97516737913537e-07,0.255318819754382,0.385,0.335,0.0072748792754618,"1","TXNL4A"
3.10196083606489e-07,0.287967775304981,0.294,0.246,0.00758491463634587,"1","MAF1"
3.21404136437021e-07,0.277011651199838,0.362,0.311,0.00785897394415804,"1","SEC11A"
3.33550291462961e-07,0.275510175614895,0.326,0.279,0.00815597172685233,"1","STUB1"
3.78082864322495e-07,0.273565333996587,0.309,0.261,0.00924488219841364,"1","AC004687.1"
5.06029475177338e-07,0.336646337900102,0.254,0.211,0.0123734327270363,"1","ABCF1"
5.7785208893986e-07,0.277277686295458,0.261,0.216,0.0141296392787575,"1","SSBP4"
1.06475395675434e-06,0.254849574866614,0.34,0.294,0.0260353637505571,"1","DDOST"
1.14739595505133e-06,0.317706984340031,0.282,0.239,0.0280561258929151,"1","MAP2K3"
1.59688717377355e-06,0.349421995827398,0.252,0.211,0.0390470851731107,"1","SRA1"
2.17890892908674e-06,0.277917094147014,0.282,0.239,0.053278681134029,"1","NUCB1"
2.34918959071482e-06,0.305110396393284,0.294,0.253,0.0574423838721589,"1","C18orf32"
2.68880133958344e-06,0.25227844755435,0.334,0.289,0.0657465703554943,"1","LSM14A"
4.39164297908652e-06,0.278393064431307,0.252,0.211,0.107384454124624,"1","EAPP"
5.41038524156881e-06,0.279711747209708,0.286,0.244,0.13229473992684,"1","FUNDC2"
1.39683937779368e-05,0.293773793595248,0.283,0.245,0.341555164658109,"1","PPP6C"
2.97457899795531e-05,0.25014637120497,0.302,0.264,0.727344056580031,"1","AREG"
3.12890193153813e-05,0.259285480403629,0.251,0.215,0.765079100299704,"1","SPPL2A"
5.71545700380645e-05,0.2602671744679,0.321,0.287,1,"1","SDF4"
0,2.04926042071599,0.916,0.267,0,"2","IL7R"
0,1.51991055322146,0.85,0.364,0,"2","LTB"
0,2.18631718879335,0.647,0.168,0,"2","GPR183"
0,3.61294926092712,0.453,0.066,0,"2","CCR7"
0,1.22217948693734,0.994,0.961,0,"2","FTH1"
0,0.789196467914786,1,0.998,0,"2","EEF1A1"
4.19079509580422e-313,0.784448971327516,0.996,0.981,1.02473321682605e-308,"2","TPT1"
8.84053930995127e-305,2.35407234680494,0.358,0.082,2.16168867206928e-300,"2","S1PR1"
1.08525438429429e-277,2.23579750470611,0.288,0.057,2.6536640204764e-273,"2","CD4"
1.74821956144045e-275,1.76720933758233,0.839,0.566,4.27474647163419e-271,"2","ANXA1"
2.24361218565148e-246,0.847950200163989,0.983,0.881,5.48608051635499e-242,"2","SARAF"
9.25641023704934e-243,1.3141351693766,0.784,0.474,2.2633774311633e-238,"2","LDHB"
8.44680732257961e-230,2.07399035519087,0.559,0.245,2.06541332651717e-225,"2","LMNA"
1.3066255054992e-226,1.62388653006938,0.461,0.161,3.19496068604665e-222,"2","FLT3LG"
2.72497234582588e-223,1.05032424938532,0.943,0.71,6.66310238001344e-219,"2","VIM"
4.14850636653512e-215,1.78521900880786,0.662,0.372,1.01439277674517e-210,"2","KLF2"
1.30691666756936e-214,0.969766615284572,0.895,0.672,3.1956726355406e-210,"2","FXYD5"
2.93707876779182e-208,1.25467991942591,0.771,0.436,7.18174500300456e-204,"2","RGCC"
4.33070876364747e-203,0.76412525486447,0.975,0.874,1.05894490688708e-198,"2","PABPC1"
9.54121268272804e-194,1.85914665330035,0.333,0.1,2.33301732518066e-189,"2","CCR6"
1.36067663618981e-193,0.746744740250787,0.921,0.619,3.32712651081132e-189,"2","CD52"
1.08154791414432e-191,0.831621437013664,0.963,0.817,2.64460095966569e-187,"2","ZFP36L2"
3.46308765908184e-189,0.789549565955098,0.958,0.855,8.46794194398693e-185,"2","EEF1B2"
7.38803090032063e-184,1.3615649071268,0.409,0.143,1.8065213157464e-179,"2","ICOS"
1.09559687304626e-178,0.852910866187551,0.912,0.76,2.67895347397271e-174,"2","EEF1G"
6.3955916603943e-177,1.42581523883473,0.647,0.37,1.56385007279961e-172,"2","CD55"
2.53925937487001e-169,1.22333462315995,0.39,0.139,6.20899702343214e-165,"2","AQP3"
1.08115135442007e-159,1.67189490387809,0.292,0.089,2.64363129182796e-155,"2","PDE3B"
4.25209410400649e-155,1.25455286845631,0.427,0.169,1.03972205031167e-150,"2","CD28"
3.32511003164045e-152,0.958683578735356,0.775,0.537,8.13055904936722e-148,"2","NOP53"
3.42324644525263e-152,1.77027320333422,0.285,0.091,8.37052220793173e-148,"2","TNFRSF4"
3.39648675717515e-148,1.57546506770687,0.355,0.134,8.30508941864467e-144,"2","PLK3"
5.84401056385916e-147,1.81934183409144,0.303,0.104,1.42897746307484e-142,"2","SELL"
1.05886688880023e-146,0.85760534595782,0.753,0.449,2.58914131649432e-142,"2","SPOCK2"
2.82818299628256e-138,1.27462699995835,0.461,0.214,6.91547306251011e-134,"2","TMEM123"
1.10553304563811e-136,1.23281438748997,0.433,0.188,2.70324940319431e-132,"2","TRAT1"
4.04024516310775e-136,0.786157941908743,0.914,0.73,9.87920747283106e-132,"2","JUNB"
2.04706625930814e-132,0.839712185999882,0.853,0.61,5.00548641726027e-128,"2","TNFAIP3"
7.2286711189066e-132,0.567787123789318,0.979,0.924,1.76755466199504e-127,"2","RACK1"
1.80509735727371e-128,0.816731982900347,0.853,0.641,4.41382405800567e-124,"2","EZR"
2.30616663772686e-127,1.0896805481704,0.469,0.219,5.63903866256973e-123,"2","CD5"
3.26687696677183e-120,1.11342337475221,0.402,0.172,7.98816755915049e-116,"2","CAMK4"
3.79590688966476e-118,1.28208729473368,0.41,0.187,9.28175152660826e-114,"2","KLF3"
4.59537427679398e-117,1.38715844467148,0.303,0.115,1.12366091816166e-112,"2","TCF7"
5.39063667928766e-117,0.790649006964828,0.708,0.464,1.31811848081942e-112,"2","S100A11"
2.49766995618286e-116,0.74946992884825,0.794,0.56,6.10730257685832e-112,"2","LEPROTL1"
1.13112991670962e-115,1.28760561818099,0.392,0.175,2.76583887233837e-111,"2","SC5D"
3.05531972395114e-114,0.535502621409147,0.965,0.921,7.47086778900533e-110,"2","NACA"
1.24873799935566e-111,0.735823824838707,0.834,0.627,3.05341415602447e-107,"2","S100A10"
1.60868593208271e-111,0.604574975762655,0.906,0.791,3.93355884112864e-107,"2","NPM1"
8.63128652589503e-104,0.844188054713918,0.668,0.429,2.11052218131185e-99,"2","SAMSN1"
6.22025611635713e-102,0.605301999026457,0.907,0.81,1.52097702557165e-97,"2","EEF2"
8.11360228802597e-98,0.767277067011122,0.747,0.519,1.98393803146811e-93,"2","CD44"
9.75219122521005e-96,0.879476527271722,0.566,0.332,2.38460579838836e-91,"2","CDKN1B"
3.12801465395783e-95,0.464341145625081,0.992,0.973,7.64862143185768e-91,"2","MT-CYB"
3.8989020325859e-94,1.05695980013409,0.534,0.316,9.53359525007905e-90,"2","NDFIP1"
2.73581815963848e-93,1.12633345921798,0.411,0.208,6.68962256394801e-89,"2","FOXP1"
3.26013915127021e-93,0.986365460318504,0.493,0.273,7.97169225268591e-89,"2","ARHGAP15"
1.20040808108315e-92,0.538279708007667,0.88,0.755,2.93523783986452e-88,"2","HINT1"
1.33523945730545e-92,0.540972511765706,0.894,0.769,3.26492752100329e-88,"2","TOMM7"
3.57669426701146e-92,0.757214564299714,0.78,0.566,8.74573282169643e-88,"2","SLC2A3"
1.35331919601591e-91,0.509135139099945,0.931,0.74,3.30913609809809e-87,"2","CXCR4"
3.14064241646638e-91,1.20281625256147,0.283,0.116,7.67949883674358e-87,"2","RCAN3"
3.76083061561655e-91,0.845450236389174,0.854,0.703,9.19598302130558e-87,"2","CRIP1"
4.2201264221205e-91,1.14913659214434,0.434,0.233,1.0319053127369e-86,"2","ICAM2"
1.88779045124023e-90,0.838414158231466,0.663,0.454,4.6160252113726e-86,"2","EIF3E"
4.403517481784e-89,0.631275357099407,0.806,0.59,1.07674809464582e-84,"2","TSC22D3"
1.52161265744108e-87,0.847729803690071,0.494,0.271,3.72064726997492e-83,"2","PBXIP1"
2.0811246947009e-87,0.336577555521923,0.989,0.972,5.08876610348265e-83,"2","FAU"
2.95496353494149e-87,0.843819706127002,0.595,0.371,7.22547683563893e-83,"2","RHOH"
3.84311739500619e-87,0.617653421472992,0.868,0.711,9.39719065426914e-83,"2","TAGLN2"
8.74566330371636e-87,1.08053241136728,0.382,0.191,2.13848959102472e-82,"2","MCUB"
1.87561649492303e-86,1.08539033770836,0.293,0.124,4.5862574533858e-82,"2","PBX4"
5.37687507752733e-86,0.923035001975329,0.497,0.279,1.31475349395698e-81,"2","PRDX2"
3.11503232057197e-85,1.07858623123886,0.403,0.205,7.61687703026257e-81,"2","ABLIM1"
1.15884209637429e-81,0.49309971334645,0.916,0.811,2.83360069405441e-77,"2","HNRNPA1"
5.06460464667814e-80,0.849583417688191,0.546,0.341,1.23839712820574e-75,"2","ANP32B"
1.05573183874227e-79,0.841483270170187,0.557,0.343,2.5814754920926e-75,"2","RNASET2"
1.3091637734818e-76,1.02273657955949,0.266,0.113,3.2011672589177e-72,"2","CD82"
1.08230521428768e-74,0.665991078622021,0.37,0.189,2.64645270997624e-70,"2","SOD2"
1.09968513542613e-74,0.392292903542502,0.962,0.917,2.68895009314397e-70,"2","UBA52"
6.14037039480589e-74,1.06552120876409,0.347,0.174,1.50144336893794e-69,"2","P2RY10"
1.31506646564157e-73,0.654960180431832,0.734,0.547,3.21560052178677e-69,"2","SF1"
6.08868582291033e-71,0.463731800268323,0.965,0.917,1.48880545741803e-66,"2","MT-ATP8"
2.54672529815321e-70,0.893767052867759,0.499,0.311,6.22725269904422e-66,"2","FAM107B"
2.19230930630524e-68,1.08750946443327,0.335,0.171,5.36063471577757e-64,"2","TOB1"
1.36652900944516e-67,0.350840645645273,0.974,0.909,3.3414367338953e-63,"2","ARHGDIB"
4.69332767972556e-67,0.497723789597091,0.767,0.558,1.14761248424649e-62,"2","EMP3"
3.98716871366998e-66,0.830538529340721,0.58,0.393,9.74942493866584e-62,"2","AHNAK"
9.14427174596936e-66,0.469981931785326,0.877,0.762,2.23595732732443e-61,"2","COX7C"
1.84725067288807e-63,0.647087345073236,0.546,0.346,4.51689734534591e-59,"2","BIRC3"
8.10032030571295e-63,0.669648572722431,0.643,0.456,1.98069032115293e-58,"2","CYTIP"
2.26104047205175e-62,0.677327283666007,0.469,0.274,5.52869616226094e-58,"2","CD6"
9.54986499861693e-61,0.822559324124467,0.312,0.156,2.33513298946181e-56,"2","INPP4B"
1.0692478839963e-58,0.749253920609215,0.486,0.309,2.61452492594775e-54,"2","PPP1CB"
1.59058856333077e-58,0.635582570842645,0.61,0.43,3.88930715505639e-54,"2","EIF4B"
8.35109852768211e-58,0.630201763002025,0.636,0.455,2.04201061198883e-53,"2","EIF3H"
9.68972911083501e-58,0.909222064966202,0.339,0.184,2.36933256218138e-53,"2","S1PR4"
1.89269697030253e-57,0.368014392176146,0.935,0.885,4.62802263178375e-53,"2","EEF1D"
6.18902869636121e-57,0.899393611724319,0.267,0.13,1.51334129683424e-52,"2","RASGRP2"
2.17289905509618e-56,0.767087782055314,0.463,0.289,5.31317276952119e-52,"2","CDKN1A"
4.51700449934637e-56,0.389170296047932,0.91,0.809,1.10449794018018e-51,"2","ITM2B"
9.69886459004162e-56,0.666968182152771,0.604,0.431,2.37156636955698e-51,"2","EIF3L"
1.7367968464907e-55,0.291581296215996,0.997,0.982,4.24681564903906e-51,"2","EIF1"
1.37568019309884e-54,0.648803747591719,0.627,0.45,3.36381320816528e-50,"2","ANKRD12"
1.90472411896082e-54,0.953517690569339,0.257,0.126,4.657431415683e-50,"2","BCL2"
7.11619298489835e-54,0.804823534207,0.304,0.16,1.74005150866734e-49,"2","SNX9"
2.51857137670665e-53,0.701517913474339,0.457,0.285,6.1584107303231e-49,"2","PLP2"
3.55917343803552e-53,0.870222745839343,0.343,0.193,8.70289089068446e-49,"2","RIPOR2"
9.60451156657089e-53,0.310604261741762,0.991,0.971,2.34849516825791e-48,"2","MT-ND4L"
1.41172601588364e-52,0.796533722104712,0.325,0.176,3.45195245403867e-48,"2","PIK3IP1"
5.65309168034758e-51,0.829793735801925,0.341,0.192,1.38229397767859e-46,"2","RILPL2"
1.15695165965696e-50,0.408605729688989,0.809,0.621,2.82897819819321e-46,"2","YPEL5"
1.18649122456161e-50,0.593864598411058,0.563,0.386,2.90120834229806e-46,"2","SMAP2"
3.96010556273394e-50,0.887339388020441,0.314,0.174,9.68325012199703e-46,"2","SOCS3"
4.67273339135494e-50,0.687086526224977,0.522,0.358,1.14257676885411e-45,"2","SMDT1"
2.40027841278431e-49,0.594756428641136,0.537,0.362,5.8691607749402e-45,"2","PTGER4"
1.29188596018193e-48,0.500937950641028,0.658,0.493,3.15891954983686e-44,"2","GSTK1"
1.82723909689631e-48,0.593485469637544,0.613,0.442,4.46796503973086e-44,"2","MYADM"
6.05501549173032e-48,0.649994154073147,0.582,0.408,1.4805723880379e-43,"2","TUBA1A"
2.31918063945566e-47,0.360507408014267,0.9,0.828,5.67086049959699e-43,"2","BTF3"
5.67700214307953e-46,0.345480917154005,0.928,0.85,1.38814056402581e-41,"2","MT-ND2"
6.80194840374756e-46,0.856548607721153,0.42,0.279,1.66321242368435e-41,"2","ITGB1"
9.642159888688e-46,0.501884320586039,0.632,0.461,2.35770093598199e-41,"2","G3BP2"
3.24631825342821e-45,0.334450663363978,0.91,0.85,7.93789739328265e-41,"2","PFDN5"
3.80879061300927e-45,0.444019125693783,0.7,0.532,9.31325480693028e-41,"2","C12orf57"
7.8112760014645e-45,0.285781397599717,0.99,0.933,1.9100132078781e-40,"2","BTG1"
1.06056905639001e-44,0.481678718627302,0.711,0.559,2.59330345668484e-40,"2","EIF3F"
1.92152536311193e-44,0.655374049503324,0.361,0.214,4.69851381788128e-40,"2","TNFAIP8"
3.79992229802396e-44,0.883626710637879,0.271,0.147,9.29157000312819e-40,"2","TNIK"
5.40826279643687e-44,0.57729177723432,0.527,0.364,1.32242841898474e-39,"2","TOMM20"
7.8575826961314e-44,0.31499567430934,0.972,0.93,1.92133612085805e-39,"2","MT-ND1"
1.38125113858595e-43,0.772679407277667,0.345,0.207,3.37743528407035e-39,"2","ARID5B"
3.22450597734302e-43,0.643138758978766,0.368,0.219,7.88456201579915e-39,"2","RGS10"
3.12913860235377e-42,0.786619907190714,0.291,0.164,7.65136971047545e-38,"2","PIM1"
4.35229469759797e-41,0.75216740339031,0.399,0.262,1.06422309945666e-36,"2","NOSIP"
5.51971817945411e-41,0.442661180959037,0.674,0.505,1.34968148924012e-36,"2","CD48"
5.563131684488e-41,0.266486152470097,0.936,0.723,1.36029695949101e-36,"2","CD3E"
8.23294016042558e-41,0.491021012172515,0.635,0.477,2.01311852802726e-36,"2","EML4"
2.93992897841156e-40,0.382150562525982,0.652,0.47,7.18871433801195e-36,"2","CD2"
1.01105555746522e-39,0.452665480382463,0.473,0.306,2.47223304911395e-35,"2","CLEC2D"
2.96869146096628e-39,0.758851697111899,0.251,0.135,7.25904436035474e-35,"2","BCL11B"
1.25766024084257e-38,0.784904835661308,0.47,0.332,3.07523082090824e-34,"2","DCXR"
1.35567331404994e-38,0.27691622062043,0.902,0.725,3.31489238751491e-34,"2","CREM"
2.17470514286565e-38,0.610812232058243,0.455,0.309,5.31758901533509e-34,"2","CSRNP1"
2.87650172666502e-38,0.529074774939524,0.395,0.249,7.03362202204131e-34,"2","PRNP"
2.98835977106758e-38,0.74184800706802,0.33,0.201,7.30713731221445e-34,"2","YIPF5"
9.11103355554555e-38,0.358001999050047,0.82,0.675,2.227829925002e-33,"2","SELENOK"
1.10604173236011e-37,0.601406268852727,0.426,0.283,2.70449324396695e-33,"2","SATB1"
1.86859155809786e-37,0.629180690473782,0.318,0.188,4.5690800778609e-33,"2","MGAT4A"
2.26068767167797e-37,0.349668700831995,0.814,0.703,5.52783349478696e-33,"2","COMMD6"
6.12503733857207e-37,0.278057948439068,0.959,0.907,1.49769413002764e-32,"2","MT-ND5"
9.42024784298534e-37,0.386564235559391,0.729,0.575,2.30343900256678e-32,"2","SOD1"
7.54502528210111e-36,0.718812307401105,0.294,0.176,1.84490958197936e-31,"2","WDR74"
8.41310498042495e-36,0.42651542674757,0.643,0.489,2.05717242981351e-31,"2","AES"
8.58641654585348e-36,0.560099766150221,0.51,0.37,2.09955057379209e-31,"2","RSL1D1"
1.07481556069246e-35,0.353888297814813,0.567,0.398,2.6281390090052e-31,"2","ITM2A"
2.15184339363535e-35,0.663606786103375,0.287,0.168,5.26168746611716e-31,"2","SYPL1"
5.61331245892064e-35,0.253265743856065,0.782,0.614,1.37256716245528e-30,"2","DNAJB1"
1.12474160596357e-34,0.721102297727788,0.381,0.251,2.75021817490212e-30,"2","MT1X"
3.43241586946502e-34,0.419534529666487,0.563,0.407,8.39294328401587e-30,"2","PRDX1"
1.46044811156885e-33,0.649952292386459,0.474,0.341,3.57108772240815e-29,"2","NDUFV2"
3.27447272488261e-33,0.33566926765572,0.978,0.936,8.00674070688297e-29,"2","HSPA8"
1.77916550063865e-32,0.520121928653145,0.544,0.408,4.35041548216163e-28,"2","RNF149"
3.4462691562485e-32,0.587803786815142,0.308,0.187,8.42681734085883e-28,"2","P2RY8"
4.02645448449341e-32,0.656969466589852,0.299,0.184,9.84548650548329e-28,"2","PER1"
4.45527846839747e-32,0.599857243990485,0.446,0.311,1.08940469109255e-27,"2","ATP1A1"
5.02029512309993e-32,0.487580130860524,0.484,0.344,1.22756256350039e-27,"2","SOCS1"
6.47650600911687e-32,0.508941852742577,0.438,0.301,1.58363524934926e-27,"2","CYTH1"
1.05803821757725e-31,0.731192696170999,0.346,0.226,2.58711504961989e-27,"2","GPCPD1"
1.08589356157788e-31,0.362005934738274,0.557,0.396,2.65522693677024e-27,"2","ARL4C"
1.55605351650856e-31,0.435712775441651,0.59,0.453,3.80486205856673e-27,"2","ZFAS1"
1.96710350730928e-31,0.599624265331044,0.361,0.236,4.80996149607266e-27,"2","CRYBG1"
3.18134437785435e-31,0.562348364006319,0.493,0.361,7.77902327272945e-27,"2","GLIPR1"
4.44560128832795e-31,0.355595364276776,0.765,0.645,1.08703842702195e-26,"2","SLC25A6"
9.32089209333339e-31,0.570307086398817,0.364,0.239,2.27914453466188e-26,"2","ADD3"
2.05787599079159e-30,0.709263216207218,0.251,0.148,5.03191837268359e-26,"2","SVIP"
2.59517256487082e-30,0.425733371369243,0.534,0.392,6.34571595562213e-26,"2","ABRACL"
4.32720515020782e-30,0.690060187546603,0.301,0.191,1.05808820332882e-25,"2","TMEM243"
5.15434743379138e-30,0.54482711132007,0.402,0.276,1.26034103451067e-25,"2","C1QBP"
5.88250151446138e-30,0.506493826838913,0.506,0.369,1.4383892703161e-25,"2","SMCHD1"
6.22179081458515e-30,0.51830231919905,0.398,0.27,1.52135228998236e-25,"2","TIPARP"
6.89658186685921e-30,0.569288142155118,0.339,0.221,1.68635219808441e-25,"2","PPA1"
2.46972718037043e-29,0.364529603008645,0.894,0.81,6.03897690144178e-25,"2","ZFP36"
3.25073481128127e-29,0.399739350820021,0.504,0.356,7.94869676054496e-25,"2","RNF125"
7.50632681468619e-29,0.664031489959046,0.335,0.221,1.83544703272707e-24,"2","ATP2B1"
8.25289396010727e-29,0.582915803747278,0.305,0.192,2.01799763112543e-24,"2","TTC39C"
1.00710633373243e-28,0.487602075980127,0.608,0.491,2.46257640724253e-24,"2","NR3C1"
1.18384713911473e-27,0.629152658282515,0.354,0.241,2.89474302456335e-23,"2","PDE4D"
1.84209229585934e-27,0.485533124777181,0.517,0.389,4.50428408183527e-23,"2","GTF2B"
2.12759497974699e-27,0.324694529646774,0.727,0.59,5.20239524447735e-23,"2","HIST1H4C"
2.67818310545336e-27,0.33182182831476,0.786,0.689,6.54869332945455e-23,"2","UQCRB"
3.25981080308041e-27,0.351059729852485,0.676,0.536,7.97088937569221e-23,"2","UBE2B"
1.09989532873783e-26,0.303459958441981,0.581,0.434,2.68946405782975e-22,"2","PDE4B"
2.52662094816126e-26,0.487135111901458,0.394,0.271,6.17809354244392e-22,"2","DNAJB9"
1.88685476970386e-25,0.29003631445276,0.707,0.57,4.61373728287989e-21,"2","FYB1"
2.29001984337893e-25,0.438816117897201,0.488,0.365,5.59955652103017e-21,"2","PPP1R15A"
2.43609560707811e-25,0.421080217302247,0.563,0.444,5.95674097842739e-21,"2","UXT"
3.12938129107459e-25,0.511401818869908,0.628,0.505,7.65196313293558e-21,"2","TUBB4B"
3.66649965152373e-25,0.438737775769984,0.484,0.36,8.96532494790582e-21,"2","BCAS2"
4.33201834728679e-25,0.490799260983052,0.359,0.245,1.05926512627857e-20,"2","SBDS"
6.93161858779844e-25,0.504059394183892,0.28,0.18,1.69491937708847e-20,"2","CORO1B"
8.13280944540174e-25,0.584299742532635,0.262,0.166,1.98863456558963e-20,"2","RARA"
8.74384296332239e-25,0.468601265127754,0.399,0.283,2.13804448139159e-20,"2","CMPK1"
1.01549112858672e-24,0.253766913916903,0.654,0.513,2.48307890762024e-20,"2","TUBA1B"
1.14740504756247e-24,0.358662793752307,0.528,0.396,2.80563482229975e-20,"2","GSPT1"
1.470819684641e-24,0.549449996961894,0.406,0.291,3.59644829288418e-20,"2","CITED2"
1.67860205572093e-24,0.580463687878446,0.34,0.236,4.10451774664882e-20,"2","EIF2S3"
1.89058705622333e-24,0.386312301641392,0.494,0.37,4.62286346987729e-20,"2","SNHG8"
2.42216232800669e-24,0.622184670864348,0.292,0.192,5.92267132444195e-20,"2","GATA3"
2.70783120225121e-24,0.399228298634697,0.514,0.382,6.62118885574466e-20,"2","PEBP1"
9.35413146549074e-24,0.422334094560226,0.46,0.341,2.2872722259418e-19,"2","AC016831.7"
1.16322021974439e-23,0.585020295374327,0.299,0.199,2.84430608131899e-19,"2","RNF139"
1.26257230387375e-23,0.405704426264417,0.506,0.385,3.08724179743209e-19,"2","ST13"
1.55534325916548e-23,0.493521173104856,0.447,0.331,3.80312533731143e-19,"2","ZC3HAV1"
2.2176458004116e-23,0.395767151771055,0.411,0.289,5.42258751116645e-19,"2","ISCA1"
3.61635127492949e-23,0.605760312310705,0.322,0.22,8.8427021374576e-19,"2","PNP"
1.14388290012712e-22,0.436705435780869,0.461,0.349,2.79702246739084e-18,"2","NSA2"
2.10005648988732e-22,0.334326354716897,0.698,0.582,5.13505812907248e-18,"2","NDUFS5"
2.94746132020781e-22,0.334047691356487,0.678,0.549,7.20713242017213e-18,"2","PDCD4"
3.07312573034244e-22,0.371876425594414,0.465,0.346,7.51440703583334e-18,"2","TECR"
3.37918859267208e-22,0.396747480026118,0.539,0.423,8.26279194680178e-18,"2","YWHAQ"
3.42297653985537e-22,0.667819255326218,0.611,0.525,8.36986223525436e-18,"2","KLF6"
1.32708486696291e-21,0.26241430781262,0.788,0.684,3.24498791669772e-17,"2","EIF3K"
1.89411126420398e-21,0.531123917408408,0.29,0.196,4.63148086323158e-17,"2","ARL4A"
2.42660920049403e-21,0.381515975180076,0.428,0.313,5.93354481704799e-17,"2","IVNS1ABP"
3.68972949333701e-21,0.469531067743477,0.38,0.276,9.02212655710765e-17,"2","FBL"
4.21603528275338e-21,0.309450528543719,0.624,0.502,1.03090494733886e-16,"2","MZT2B"
9.91620954578109e-21,0.477946727419506,0.276,0.183,2.42471155813439e-16,"2","DOCK10"
1.02318251394592e-20,0.377057545068756,0.447,0.33,2.50188588310056e-16,"2","ATP5PD"
1.07694695152102e-20,0.326885869193213,0.624,0.508,2.6333506858592e-16,"2","SNU13"
2.27471051711342e-20,0.482026872263066,0.4,0.296,5.56212215644573e-16,"2","ARID5A"
2.36443902003167e-20,0.367199599432034,0.444,0.329,5.78152629178145e-16,"2","MZT2A"
2.60075347534604e-20,0.501367211969366,0.281,0.189,6.35936239791614e-16,"2","EVI2A"
3.24945188836596e-20,0.391523546130819,0.498,0.391,7.94555975743245e-16,"2","DDX21"
8.12948212274576e-20,0.318759913327781,0.544,0.426,1.98782096865379e-15,"2","ERP29"
8.27232471820502e-20,0.343456648426878,0.474,0.36,2.02274884009549e-15,"2","RELB"
9.67447225221141e-20,0.348221250537042,0.635,0.531,2.36560195511073e-15,"2","MT-ND6"
1.07220380826848e-19,0.384980397248702,0.441,0.333,2.6217527519781e-15,"2","NSMCE3"
1.12040794542072e-19,0.377368890453049,0.535,0.424,2.73962150814274e-15,"2","CSDE1"
1.42672334071003e-19,0.284479588955466,0.627,0.508,3.48862391270417e-15,"2","HNRNPA0"
1.47161666089686e-19,0.365606167746665,0.474,0.35,3.59839705922501e-15,"2","GIMAP7"
1.68575134309349e-19,0.325902681781464,0.521,0.402,4.1219991841322e-15,"2","HSPA9"
1.71264719404063e-19,0.274007090609429,0.741,0.638,4.18776491886815e-15,"2","CNBP"
1.75131144457251e-19,0.333844480308146,0.441,0.328,4.2823067442687e-15,"2","SF3A1"
2.74846745057702e-19,0.335481918363723,0.771,0.654,6.72055261015092e-15,"2","DNAJA1"
5.14630506726617e-19,0.336203245265703,0.47,0.356,1.25837451504792e-14,"2","USP36"
8.90491344135581e-19,0.327609508460774,0.483,0.366,2.17742943468032e-14,"2","NAP1L1"
1.11255275446289e-18,0.412586591118307,0.355,0.257,2.72041399521265e-14,"2","NFKB2"
1.17115649758974e-18,0.363680798187549,0.463,0.355,2.86371186790642e-14,"2","EIF3M"
5.64160886590684e-18,0.29130753345448,0.308,0.21,1.37948619989154e-13,"2","LIME1"
9.73294716336841e-18,0.346502226661083,0.401,0.297,2.37990024038684e-13,"2","NSD3"
1.00902141962476e-17,0.349181079325544,0.428,0.321,2.46725917526645e-13,"2","AMD1"
2.07509825685563e-17,0.510286135382062,0.272,0.19,5.07403025766339e-13,"2","ALKBH7"
2.16830825899425e-17,0.395500710007388,0.373,0.279,5.30194735489273e-13,"2","CHMP1B"
3.37956979392333e-17,0.468231701792021,0.325,0.235,8.26372406010133e-13,"2","PLIN2"
4.47410624868975e-17,0.363008568937243,0.391,0.293,1.09400845992962e-12,"2","PIM3"
6.71898395786187e-17,0.368549884027898,0.456,0.357,1.64292595737638e-12,"2","CAST"
7.73369023721344e-17,0.255180440856,0.824,0.748,1.89104193680343e-12,"2","YWHAB"
7.93155188420043e-17,0.445961475331145,0.342,0.252,1.93942306672469e-12,"2","ALG13"
1.73120316025973e-16,0.488080777573915,0.288,0.204,4.23313796746708e-12,"2","RNF138"
2.40833732381279e-16,0.468797479917814,0.567,0.48,5.88886642418703e-12,"2","FOS"
2.42249185054245e-16,0.269869746051056,0.522,0.41,5.92347707294639e-12,"2","CDC42SE2"
2.48309045924553e-16,0.254505459235327,0.721,0.617,6.07165279094716e-12,"2","FUS"
3.38530741486981e-16,0.465585729246004,0.259,0.179,8.27775369083967e-12,"2","APEX1"
8.63541007125389e-16,0.292213089671512,0.482,0.378,2.111530470623e-11,"2","ELOVL5"
3.24229074765789e-15,0.312970956855236,0.416,0.32,7.92804933617307e-11,"2","G3BP1"
3.41503802408794e-15,0.292296520662185,0.429,0.328,8.35045097649984e-11,"2","SLC3A2"
3.56825196623265e-15,0.4869778692939,0.266,0.189,8.72508970783208e-11,"2","VPS51"
4.32685879386447e-15,0.305699812941592,0.426,0.326,1.05800351227574e-10,"2","RAP1A"
5.4959329923695e-15,0.365408863175101,0.27,0.19,1.34386553529419e-10,"2","RHBDD2"
6.98188392117372e-15,0.381949074564748,0.267,0.188,1.7072102564054e-10,"2","EPB41"
7.86408406499705e-15,0.3206315204178,0.477,0.38,1.92292583557308e-10,"2","PPP1R2"
8.89908864966451e-15,0.317157563733677,0.71,0.625,2.17600515661596e-10,"2","MCL1"
2.34147943420936e-14,0.281397996605163,0.509,0.411,5.72538551252873e-10,"2","RSL24D1"
2.9428124458922e-14,0.422242720220553,0.264,0.187,7.19576499269561e-10,"2","ABHD14B"
3.9715088500882e-14,0.289871577763359,0.483,0.389,9.71113344023567e-10,"2","GPBP1"
4.41759124843283e-14,0.250500017853584,0.382,0.284,1.0801894120668e-09,"2","SYNE2"
6.51031186001649e-14,0.292335890541273,0.463,0.371,1.59190145601123e-09,"2","MAPK1IP1L"
6.6116896605002e-14,0.319599540341439,0.47,0.375,1.61669035578551e-09,"2","STAT3"
2.02053989466278e-13,0.349645726372958,0.317,0.235,4.94062415042944e-09,"2","JMJD1C"
2.32999193499082e-13,0.272741670658424,0.367,0.28,5.69729627943955e-09,"2","SPTAN1"
3.28924250440101e-13,0.32649050300603,0.297,0.218,8.04285577176136e-09,"2","PSIP1"
5.78138506875602e-13,0.321064340353587,0.338,0.255,1.41366427701222e-08,"2","NR1H2"
8.00192330150395e-13,0.336722151501359,0.39,0.307,1.95663028568375e-08,"2","EIF3D"
1.38085199685921e-12,0.286684803866916,0.402,0.317,3.37645930272014e-08,"2","SLC38A2"
1.39718882897017e-12,0.317242296440128,0.296,0.219,3.41640612459786e-08,"2","SNHG12"
1.55251422946847e-12,0.285215179947668,0.363,0.278,3.7962077938963e-08,"2","DYNLT1"
1.67345308877116e-12,0.27562291039689,0.296,0.219,4.09192749266323e-08,"2","EVI2B"
1.84252750159352e-12,0.267783612105023,0.376,0.286,4.50534824689646e-08,"2","EMB"
4.66221957025355e-12,0.286376979710178,0.361,0.279,1.1400059293184e-07,"2","SNRPN"
5.46636611973766e-12,0.306459322886998,0.39,0.31,1.33663584359825e-07,"2","EIF3A"
5.92689544673421e-12,0.266126268466356,0.372,0.288,1.44924447463545e-07,"2","AKIRIN1"
6.06417241534732e-12,0.41983192150183,0.269,0.202,1.48281143900073e-07,"2","LSM5"
7.87022202023261e-12,0.333488540249246,0.383,0.302,1.92442668838728e-07,"2","CCT7"
8.24945409487191e-12,0.346252188735969,0.412,0.329,2.01715651527808e-07,"2","ODC1"
1.0042798429466e-11,0.345904312599338,0.466,0.376,2.45566507197302e-07,"2","EIF4A3"
1.08901744525815e-11,0.328292349364582,0.291,0.219,2.66286545714524e-07,"2","METAP2"
1.72268286684105e-11,0.320223370014623,0.402,0.322,4.21230414599973e-07,"2","BAZ1A"
1.75337311259205e-11,0.320862114876683,0.376,0.299,4.28734793491009e-07,"2","VDAC1"
2.09220812211821e-11,0.251417550056581,0.396,0.312,5.11586730020345e-07,"2","TOMM22"
2.13877956114619e-11,0.353583755349828,0.488,0.407,5.22974378291467e-07,"2","IDS"
2.19238268404215e-11,0.330432039301497,0.382,0.305,5.36081413901986e-07,"2","ANXA2"
2.5257334420612e-11,0.296389192389125,0.338,0.261,6.17592341252805e-07,"2","HADHA"
2.59869610960679e-11,0.323183527732038,0.373,0.297,6.35433172721052e-07,"2","SSR3"
3.03451440769679e-11,0.42286465569808,0.26,0.196,7.41999462970019e-07,"2","OSER1"
3.1325864494071e-11,0.307915176806507,0.365,0.283,7.65980038609023e-07,"2","SAMHD1"
3.70146357748811e-11,0.283849981514678,0.314,0.238,9.05081873967392e-07,"2","HBP1"
4.93742822722981e-11,0.257607495699652,0.604,0.518,1.20729995012223e-06,"2","LRRFIP1"
5.24016700086113e-11,0.319312789976447,0.335,0.262,1.28132563505056e-06,"2","HAX1"
6.42296457247697e-11,0.360428254632959,0.29,0.221,1.57054329726207e-06,"2","PAF1"
6.67963760566358e-11,0.290768084686491,0.404,0.322,1.63330498733686e-06,"2","RWDD1"
7.31351936785385e-11,0.328709307573309,0.268,0.201,1.78830175582762e-06,"2","STT3B"
7.73406118723334e-11,0.260083471300483,0.343,0.264,1.8911326415023e-06,"2","MAX"
8.62990372487111e-11,0.356733150733208,0.326,0.255,2.11018405880548e-06,"2","CYLD"
9.69683956177534e-11,0.353820336595425,0.269,0.203,2.37107120964531e-06,"2","OSBPL8"
1.84336408940004e-10,0.299539127665607,0.272,0.203,4.50739387140098e-06,"2","CAMLG"
2.24226371648778e-10,0.287727891339629,0.305,0.234,5.48278323955592e-06,"2","CNIH1"
2.54408743511801e-10,0.295127314660148,0.282,0.213,6.22080259635056e-06,"2","PSMD6"
8.93966674705414e-10,0.301146955796825,0.283,0.218,2.18592731298968e-05,"2","NGDN"
1.07909037585565e-09,0.376484171847035,0.374,0.311,2.63859178704224e-05,"2","FOSB"
2.08791526089891e-09,0.281242025314949,0.421,0.351,5.10537039595001e-05,"2","MBP"
2.32144503370545e-09,0.31361272812528,0.338,0.271,5.67639739641657e-05,"2","IL10RA"
4.15468785972426e-09,0.276697240766091,0.359,0.289,0.000101590427545978,"2","PDCL3"
5.17075872264865e-09,0.264386580033726,0.353,0.284,0.000126435392286205,"2","SDF4"
9.10683742513062e-09,0.307430486565353,0.268,0.209,0.000222680388719294,"2","ANXA7"
9.82458070490897e-09,0.270028563171925,0.282,0.22,0.000240230647396434,"2","RELA"
1.36993549714084e-08,0.272526901627912,0.339,0.272,0.000334976627760878,"2","NASP"
3.44715589494535e-08,0.369073620607745,0.259,0.204,0.000842898559432037,"2","TTC3"
1.03112990238251e-07,0.286681222203615,0.301,0.243,0.00252131883730572,"2","RNMT"
0,1.95639299027964,0.882,0.272,0,"3","IL7R"
0,3.58790689454132,0.6,0.049,0,"3","TRAV1-2"
0,3.16067704490449,0.582,0.075,0,"3","CCR6"
0,1.80944610586492,0.949,0.466,0,"3","KLRB1"
0,2.12204728018763,0.648,0.205,0,"3","CEBPD"
0,1.51928277220728,0.807,0.369,0,"3","LTB"
0,2.32288796438189,0.59,0.164,0,"3","NCR3"
0,3.81386954804123,0.447,0.032,0,"3","SLC4A10"
0,2.69510620740771,0.502,0.128,0,"3","AQP3"
0,3.9734103715382,0.383,0.033,0,"3","IL4I1"
0,4.72377841306111,0.342,0.025,0,"3","CCL20"
0,2.48269925698688,0.384,0.08,0,"3","FEZ1"
1.62900360352901e-318,1.83686742564948,0.658,0.278,3.98323961134913e-314,"3","SLC7A5"
4.29487183601223e-295,1.75218394404406,0.629,0.255,1.05018206134171e-290,"3","LINC01871"
3.14862788717953e-267,2.47578155017814,0.256,0.046,7.6990249097314e-263,"3","DPP4"
1.80465981708103e-266,0.815233544653755,0.979,0.763,4.41275418472654e-262,"3","S100A4"
1.19629723253766e-253,1.45052303983623,0.732,0.409,2.92518599300109e-249,"3","GPR65"
1.0875813172525e-245,2.54436005907481,0.292,0.066,2.65935383694582e-241,"3","GPR35"
4.7191685709673e-240,1.23126042061244,0.783,0.446,1.15393109897292e-235,"3","SPOCK2"
5.44861771527935e-232,1.99087680438306,0.385,0.115,1.33229600374011e-227,"3","PBX4"
1.49510872896976e-219,1.4983036007107,0.648,0.335,3.65583986407686e-215,"3","RORA"
8.24728586932182e-209,1.08309885151719,0.845,0.571,2.01662634076657e-204,"3","REL"
2.96495113713844e-202,1.55848981783619,0.629,0.336,7.2498985205309e-198,"3","NFKB1"
9.29521632324446e-202,1.80336414125654,0.522,0.232,2.27286629535974e-197,"3","SERPINB9"
2.83161147310979e-201,1.63281245314072,0.531,0.235,6.92385637404805e-197,"3","PRNP"
6.64527007840092e-200,1.72985434587008,0.458,0.177,1.62490143957059e-195,"3","TTC39C"
6.51509347420743e-196,1.56045352403088,0.52,0.225,1.5930706563132e-191,"3","PFKFB3"
1.07532755900066e-195,1.38746183961068,0.658,0.349,2.62939094726842e-191,"3","IFNGR1"
1.98407053488997e-193,1.58245051565767,0.506,0.216,4.85144927191295e-189,"3","ZC3H12A"
1.08346680203521e-191,1.49672058665838,0.526,0.232,2.64929302433649e-187,"3","NINJ1"
3.67391674609089e-191,1.46803755041108,0.59,0.29,8.98346122754145e-187,"3","KDM6B"
1.02495893962411e-176,0.749263318456452,0.961,0.876,2.50622959916887e-172,"3","PABPC1"
6.49260163905675e-171,1.26569819800691,0.535,0.241,1.58757095278216e-166,"3","CXCR6"
5.09814496171891e-168,1.82962957042311,0.273,0.076,1.24659840603951e-163,"3","TNFRSF25"
8.45968007504105e-166,1.34189811892254,0.555,0.27,2.06856097194904e-161,"3","SATB1"
1.13848569401597e-163,1.59108149997102,0.443,0.186,2.78382521900785e-159,"3","PHLDA1"
3.29152301778291e-161,0.574271884998785,0.917,0.705,8.04843208308276e-157,"3","S100A6"
1.17425823751485e-158,1.84681843584312,0.265,0.075,2.87129624237131e-154,"3","DUSP16"
2.86385515746578e-156,0.905223637336786,0.861,0.61,7.00269863103533e-152,"3","TNFAIP3"
7.43683752780986e-149,1.63327914277428,0.353,0.131,1.81845551230007e-144,"3","GPR171"
2.54713797015951e-146,0.577592665560576,0.99,0.933,6.22826176463404e-142,"3","BTG1"
4.66374517780288e-145,1.10558275276858,0.696,0.454,1.14037897087636e-140,"3","G3BP2"
4.36011169011684e-138,1.1197376786335,0.296,0.099,1.06613451046737e-133,"3","TNF"
1.32634991412684e-137,1.03924809455775,0.497,0.228,3.24319081002294e-133,"3","KLRG1"
5.07473524249778e-134,0.38085136947153,1,0.998,1.24087426149556e-129,"3","EEF1A1"
7.12938722492326e-122,1.59065554091924,0.277,0.096,1.74327776423824e-117,"3","SLAMF1"
1.77276759241602e-117,0.998578463561671,0.595,0.348,4.33477131697564e-113,"3","RELB"
7.82859700118276e-116,1.77883588323172,0.372,0.173,1.91424853872921e-111,"3","BCL2A1"
9.85645144436058e-115,1.16476657422013,0.583,0.343,2.41009950717505e-110,"3","BIRC3"
5.37260644849556e-114,0.897604646285086,0.729,0.503,1.31370972878613e-109,"3","NFKBIA"
5.45150787817243e-113,0.584315187813846,0.949,0.739,1.33300270637072e-108,"3","CXCR4"
2.26525801016618e-112,1.10302999746967,0.419,0.197,5.53900888645834e-108,"3","CD83"
2.61134951204209e-110,1.20252602955974,0.469,0.246,6.38527182684532e-106,"3","NFKB2"
1.57013729809886e-109,1.66104931242565,0.338,0.148,3.83929972131132e-105,"3","TRAF1"
1.31101745375912e-104,0.679825547125221,0.732,0.454,3.20569987793181e-100,"3","CD8A"
3.02359656567489e-101,1.34264052658678,0.372,0.176,7.39329832238824e-97,"3","PER1"
2.62580833028814e-97,0.495034874873837,0.959,0.774,6.42062652922057e-93,"3","DUSP2"
1.26031481786877e-96,0.719994622423175,0.985,0.962,3.0817217926527e-92,"3","FTH1"
6.85177576490873e-96,0.354613012879203,0.992,0.981,1.67539621003548e-91,"3","TPT1"
1.15439978486494e-95,1.32572483198767,0.362,0.171,2.82273835395176e-91,"3","PRR7"
3.91526238987778e-95,0.624723310394237,0.927,0.807,9.57359959572915e-91,"3","ZFP36"
6.87373096830997e-95,1.06465864969499,0.569,0.369,1.68076469637115e-90,"3","ELOVL5"
8.60649105313041e-88,1.19185277026567,0.371,0.183,2.10445919231145e-83,"3","MGAT4A"
2.03945607771076e-87,0.716418742857213,0.401,0.195,4.98687800121835e-83,"3","GPR183"
8.67820457565807e-82,1.22450584965226,0.276,0.118,2.12199458283991e-77,"3","JAML"
1.8436688417323e-81,1.02009428230807,0.457,0.259,4.50813905180382e-77,"3","BHLHE40"
2.5448161141508e-81,1.02902821040607,0.442,0.247,6.22258436232154e-77,"3","CCDC107"
9.63139532388903e-81,1.19899119024979,0.329,0.156,2.35506878459734e-76,"3","MYBL1"
3.35131241140062e-80,0.733051594335446,0.639,0.429,8.19462910835679e-76,"3","PDE4B"
3.50881330854419e-79,1.00048413979457,0.361,0.177,8.57975030205226e-75,"3","CAMK4"
4.18374422436008e-78,0.956459919105004,0.428,0.234,1.02300913774053e-73,"3","PDE4D"
1.57794977518011e-77,1.29744276021511,0.279,0.125,3.8584027902704e-73,"3","CERK"
3.34340524427921e-77,0.753358851751948,0.751,0.592,8.17529450331152e-73,"3","SQSTM1"
5.19571653256432e-77,0.826556878598499,0.602,0.405,1.27045660654263e-72,"3","DUSP5"
3.68319434954748e-76,0.761031655516903,0.771,0.611,9.00614682351349e-72,"3","DDIT4"
1.30443411056872e-75,0.752016388213391,0.858,0.719,3.18960228716263e-71,"3","VIM"
6.24498284957698e-74,1.00327409659544,0.448,0.265,1.52702320637856e-69,"3","NFKBIZ"
2.35851669789096e-73,1.30011328229841,0.292,0.138,5.76704502968299e-69,"3","TRAF4"
4.54099841902041e-73,1.44564113534837,0.637,0.497,1.11036493341887e-68,"3","MT2A"
5.6726368092296e-73,0.869597677201341,0.623,0.442,1.38707315259282e-68,"3","MYADM"
2.16326071920809e-72,0.80222645093051,0.647,0.471,5.28960511060762e-68,"3","SEC61G"
2.39940288092843e-72,0.8474698386507,0.448,0.257,5.8670199244462e-68,"3","LMNA"
2.96489620047545e-72,0.87514532113533,0.358,0.177,7.24976418940258e-68,"3","CD28"
6.47731378266516e-72,0.98523636016523,0.448,0.266,1.58383276613728e-67,"3","DNAJB9"
8.97189641994373e-72,0.753793634789346,0.599,0.402,2.19380811260464e-67,"3","BCL3"
1.43014630233523e-71,0.840495558436834,0.498,0.304,3.4969937384701e-67,"3","CSRNP1"
9.16487039960281e-71,0.823226522098546,0.568,0.381,2.24099411011088e-66,"3","GPBP1"
3.58526789407547e-70,1.04057987963449,0.443,0.266,8.76669705459333e-66,"3","GYG1"
2.82194927729524e-69,1.02273030353817,0.321,0.159,6.90023037284232e-65,"3","SNX9"
3.61921576644515e-68,0.586770087865775,0.759,0.575,8.84970639211169e-64,"3","ANXA1"
1.09957954774368e-67,1.15964419903538,0.323,0.166,2.68869191014283e-63,"3","SPTY2D1"
1.10134653522528e-67,0.263901639444607,0.994,0.989,2.69301254793286e-63,"3","HLA-C"
3.31882940216249e-67,0.851567076675231,0.607,0.421,8.11520165416771e-63,"3","JUND"
1.85187792855203e-66,0.763230989903927,0.575,0.387,4.52821191089543e-62,"3","STAT4"
4.46606715750277e-66,0.790835812899366,0.564,0.384,1.09204274135258e-61,"3","DDX21"
7.14081177428771e-65,1.13798755278822,0.282,0.136,1.74607129504883e-60,"3","GTF3C1"
7.13977171013418e-64,0.561232838110669,0.814,0.674,1.74581697856201e-59,"3","LDHA"
1.48415619499588e-63,1.16606173089274,0.293,0.146,3.62905872800393e-59,"3","DYNLT3"
1.98903168985605e-61,1.0949238338845,0.354,0.199,4.863580288036e-57,"3","YIPF5"
2.51072512301336e-61,0.551983799422873,0.787,0.646,6.13922507079228e-57,"3","SRSF2"
4.74700949426295e-60,0.637412092908283,0.703,0.554,1.16073876153718e-55,"3","ADGRE5"
4.72037051404267e-59,0.730794409627406,0.543,0.362,1.15422499809371e-54,"3","PTGER4"
5.26109023979025e-59,0.89971550759061,0.454,0.287,1.28644178543351e-54,"3","PIM3"
2.52400136938381e-58,0.741522151503158,0.465,0.289,6.17168814841728e-54,"3","CDKN1A"
2.08683597900902e-56,0.753227431185995,0.478,0.299,5.10273133587285e-52,"3","TC2N"
2.64899503231152e-56,1.02214801672371,0.363,0.211,6.47732265300813e-52,"3","ERN1"
3.61543751394344e-56,0.578297697516916,0.754,0.621,8.84046780909451e-52,"3","MCL1"
9.55296859958844e-55,0.263349577036655,0.99,0.972,2.33589188197137e-50,"3","H3F3B"
2.20813842334803e-54,0.701623678120498,0.568,0.396,5.3993400727706e-50,"3","ARL4C"
4.72170888293623e-54,1.14106842883366,0.299,0.163,1.15455225605557e-49,"3","RARA"
7.64933242242473e-54,0.27420063569973,0.993,0.985,1.87041476393129e-49,"3","PTMA"
1.02427106354446e-53,0.537832427871026,0.731,0.585,2.50454760457891e-49,"3","SEC61B"
1.89079537219009e-51,0.36146551617545,0.97,0.937,4.62337284407921e-47,"3","HSPA8"
2.78017381801332e-48,0.32760519313084,0.907,0.821,6.79808101980616e-44,"3","HSP90AB1"
3.47939812188501e-48,0.639119101726296,0.582,0.432,8.50782428763322e-44,"3","EIF5A"
3.96125479020861e-48,1.03380160445197,0.281,0.153,9.68606021301809e-44,"3","ODF2L"
7.38447786024044e-48,0.933054205160568,0.329,0.192,1.80565252638599e-43,"3","ARL4A"
1.04814980765752e-47,0.680055136271823,0.569,0.42,2.56293590968417e-43,"3","YWHAQ"
1.31599067019538e-47,0.856375315212297,0.316,0.177,3.21786038676175e-43,"3","FLT3LG"
8.00375270081228e-47,0.867651453492875,0.392,0.248,1.95707761040262e-42,"3","FKBP2"
8.5879048124884e-47,1.03620935598831,0.292,0.164,2.09991448474966e-42,"3","PIM1"
2.56389708570274e-46,0.770755538919322,0.467,0.319,6.26924115396033e-42,"3","LPXN"
2.64057307327607e-46,1.12034572305224,0.351,0.217,6.45672927877465e-42,"3","PNP"
3.31657202585682e-46,0.848903668478742,0.277,0.147,8.10968191762509e-42,"3","SYTL2"
1.41798957719627e-45,0.532757991238653,0.682,0.55,3.46726811416032e-41,"3","BZW1"
2.36089843251691e-45,1.02971770894135,0.304,0.177,5.77286884719034e-41,"3","SEC14L1"
5.86393472510138e-45,0.330903114649491,0.902,0.836,1.43384931898179e-40,"3","YWHAZ"
2.38582618830954e-44,0.262507566065957,0.919,0.86,5.83382219565448e-40,"3","EEF1B2"
1.96522252024252e-43,0.56764661527319,0.617,0.468,4.80536210649701e-39,"3","NFE2L2"
3.06669637692443e-43,0.938028277377953,0.312,0.184,7.49868598085561e-39,"3","NXT1"
1.53634440509914e-42,0.602129369739362,0.654,0.536,3.75666933934841e-38,"3","CDC37"
1.68613379666792e-42,0.659056859359251,0.41,0.259,4.1229343596124e-38,"3","FKBP11"
8.27919044992598e-42,0.838086847789644,0.366,0.23,2.0244276488159e-37,"3","TNIP1"
3.4772013740526e-41,0.507202091487728,0.695,0.563,8.50245279983342e-37,"3","KMT2E"
7.00759914793358e-41,0.642864260695791,0.471,0.318,1.71349814365272e-36,"3","PARP8"
1.4551879276318e-40,0.483362429469029,0.624,0.479,3.55822552064527e-36,"3","EML4"
6.84276217060319e-40,0.262139970373173,0.979,0.798,1.67319220595589e-35,"3","IL32"
2.79920858819039e-39,0.445380906287757,0.692,0.548,6.84462483984314e-35,"3","PDCD4"
3.04808184400683e-39,0.670659226626968,0.335,0.198,7.45316972496549e-35,"3","TRAT1"
2.19615222410544e-38,0.717713312923089,0.336,0.204,5.37003141838263e-34,"3","CDC42EP3"
2.98560454331855e-38,0.307336161020774,0.787,0.648,7.30040022932251e-34,"3","EZR"
4.25642856369981e-37,0.90833731646937,0.299,0.181,1.04078191239588e-32,"3","TNFSF14"
1.54335137914257e-36,0.906545283771685,0.271,0.159,3.77380279227942e-32,"3","DENND4A"
3.04286710965409e-36,0.706228503400183,0.4,0.269,7.44041865652617e-32,"3","RBMS1"
6.73003407455975e-36,0.906883897522977,0.273,0.161,1.64562793191135e-31,"3","INTS6"
2.03334617460439e-35,0.328370247195354,0.801,0.677,4.97193806614265e-31,"3","SELENOK"
3.76478192823478e-35,0.47076202422946,0.645,0.525,9.20564477091968e-31,"3","CYCS"
1.27175622356383e-34,0.372424977723093,0.744,0.605,3.10969831785829e-30,"3","CD69"
1.27656250202868e-34,0.26926120133518,0.911,0.726,3.12145062996053e-30,"3","CD3E"
3.68656592003754e-34,0.571588930245791,0.418,0.28,9.0143909876758e-30,"3","PBXIP1"
4.33494742797325e-34,0.38074648323643,0.704,0.537,1.05998134508802e-29,"3","SH2D2A"
5.00205417812152e-34,0.457077338062356,0.594,0.45,1.22310228763427e-29,"3","FOSL2"
5.03067891631739e-34,0.60043298753016,0.484,0.353,1.23010160861793e-29,"3","SURF4"
6.15228458343762e-34,0.708687366505038,0.344,0.22,1.50435662634217e-29,"3","PHF1"
1.10173377991249e-31,0.412262445305239,0.687,0.554,2.69395943864201e-27,"3","ISG20"
3.23246607184267e-31,0.281559316035203,0.73,0.576,7.90402603886969e-27,"3","FAM177A1"
1.11432888591411e-30,0.641924719091343,0.447,0.327,2.72475699183719e-26,"3","TMED2"
1.49453598055635e-30,0.616953403228088,0.356,0.237,3.6544393796564e-26,"3","GPRIN3"
1.64847623112961e-30,0.436104955488265,0.658,0.532,4.03085408035813e-26,"3","DNAJB6"
2.05892729900366e-30,0.782664964099946,0.25,0.149,5.03448903152375e-26,"3","PRDM1"
2.72439454927911e-30,0.27142848223147,0.727,0.56,6.66168955189728e-26,"3","ALOX5AP"
2.78797532531418e-30,0.506958767845965,0.558,0.431,6.81715726545823e-26,"3","ID2"
2.87160563243175e-28,0.66770001407925,0.355,0.242,7.02165009242213e-24,"3","DDX3Y"
3.01546887271566e-28,0.346173685403589,0.766,0.663,7.37342448756432e-24,"3","SFPQ"
1.47761631954663e-27,0.51522119489754,0.497,0.378,3.61306742455541e-23,"3","OSTF1"
1.83680775868949e-27,0.431150248577585,0.666,0.55,4.49136233154754e-23,"3","GNG2"
3.68848585773587e-27,0.703030465305632,0.265,0.165,9.01908561933576e-23,"3","CTSA"
5.70968645283498e-27,0.582647203472766,0.445,0.327,1.39613253144721e-22,"3","SLC3A2"
6.30887350135613e-27,0.436732550064993,0.613,0.509,1.5426457485516e-22,"3","HNRNPA0"
6.88416360130022e-27,0.452687183720032,0.579,0.457,1.68331568378993e-22,"3","RGCC"
1.41464304289213e-26,0.433438088887081,0.526,0.407,3.45908516847985e-22,"3","XBP1"
3.24090217197442e-26,0.757437873416277,0.298,0.199,7.92465399091184e-22,"3","MORF4L2"
6.5448903334762e-26,0.518123283221241,0.482,0.362,1.6003565843416e-21,"3","RAB8B"
6.82413896644573e-26,0.770155248490616,0.258,0.163,1.66863846007531e-21,"3","MTFP1"
4.39914127808521e-25,0.492465095595148,0.42,0.302,1.0756780253174e-20,"3","ANXA2"
4.64238685947457e-25,0.475236259568105,0.486,0.364,1.13515643487872e-20,"3","CD96"
4.99642021306158e-25,0.510560039193011,0.467,0.356,1.22172467049782e-20,"3","CAST"
5.26533446160385e-25,0.302837897225922,0.617,0.506,1.28747958255137e-20,"3","TUBB4B"
5.73958486128348e-25,0.571277188639606,0.375,0.265,1.40344329028104e-20,"3","JMJD6"
8.27021184028414e-25,0.303810015642714,0.731,0.605,2.02223219918628e-20,"3","FYN"
8.44037688828208e-25,0.934872207967158,0.394,0.294,2.06384095672273e-20,"3","INSIG1"
1.68131068042896e-24,0.383477788804437,0.651,0.558,4.1111408757849e-20,"3","HSP90B1"
2.52127436492042e-24,0.420420882129273,0.609,0.499,6.1650200771034e-20,"3","SNRPG"
3.31115411582138e-24,0.563414269660929,0.483,0.383,8.09643404400644e-20,"3","EIF4A1"
3.90664748058854e-24,0.328709281508447,0.767,0.677,9.55253441953511e-20,"3","PCBP1"
7.57627174053047e-24,0.658334692274765,0.322,0.223,1.85254996599451e-19,"3","TANK"
1.72083651316103e-23,0.752647317185451,0.256,0.167,4.20778944198135e-19,"3","TUBA1C"
2.39361185751383e-23,0.28475973800115,0.791,0.723,5.85285971399282e-19,"3","PPIB"
1.18754676791509e-22,0.649908457542315,0.313,0.217,2.90378935690598e-18,"3","RELA"
1.63158039496708e-22,0.258362829577629,0.882,0.825,3.9895403817735e-18,"3","ZFP36L2"
4.31211111136468e-22,0.679567707110957,0.285,0.195,1.05439740895089e-17,"3","AP3S1"
4.70362508798628e-22,0.362295652635293,0.755,0.668,1.15013040651441e-17,"3","TGFB1"
6.58574348371003e-22,0.426471517535108,0.549,0.452,1.61034599663678e-17,"3","DDX3X"
1.14827336529936e-21,0.563592628425243,0.52,0.431,2.80775803282999e-17,"3","HNRNPUL1"
1.40362808314796e-21,0.606769544588707,0.326,0.231,3.43215138891339e-17,"3","ELL2"
1.44831581320376e-21,0.744961153443397,0.283,0.196,3.54142182644582e-17,"3","RAB9A"
2.33486848745904e-21,0.846019676500024,0.351,0.255,5.70922042553484e-17,"3","MT1X"
3.23007638926053e-21,0.466756421462661,0.472,0.366,7.89818278701985e-17,"3","ILF2"
4.05858440046509e-21,0.723207986413584,0.267,0.18,9.92405057601724e-17,"3","TWISTNB"
1.4527171391643e-20,0.501975312140751,0.459,0.362,3.55218394868456e-16,"3","SKIL"
2.07041630737048e-20,0.447964555121346,0.475,0.367,5.0625819547823e-16,"3","NAP1L1"
2.15027595720634e-20,0.755985262825074,0.252,0.17,5.25785477056093e-16,"3","MRPL14"
2.33446722284464e-20,0.556731602422813,0.314,0.219,5.70823925329971e-16,"3","TNFAIP8"
4.28352651591848e-20,0.506583946335392,0.415,0.315,1.04740790367239e-15,"3","IVNS1ABP"
6.31832454683063e-20,0.706522410247298,0.253,0.171,1.54495671819103e-15,"3","BIRC2"
6.7676457074361e-20,0.354952243537848,0.395,0.282,1.65482472838228e-15,"3","CD6"
7.71719541311702e-20,0.605218234469073,0.264,0.179,1.88700862241537e-15,"3","SOCS3"
8.30195749566831e-20,0.529219214290886,0.414,0.315,2.02999464684082e-15,"3","ATP1A1"
1.20280601481027e-19,0.558205998576988,0.394,0.303,2.94110126741407e-15,"3","SPCS3"
3.1584628130362e-19,0.320247552890592,0.709,0.632,7.72307327043612e-15,"3","RAN"
3.97085252436464e-19,0.28478766786368,0.406,0.308,9.70952859257643e-15,"3","FOSB"
4.79276196092545e-19,0.41821099226261,0.522,0.432,1.17192615468549e-14,"3","CUTA"
9.13212366063798e-19,0.685333001603963,0.253,0.174,2.2329868774992e-14,"3","GCH1"
2.77446015871513e-18,0.429709591582697,0.543,0.452,6.78410998009023e-14,"3","H2AFV"
5.29095889652836e-18,0.416908235739993,0.526,0.435,1.29374526937911e-13,"3","SPCS2"
7.50091932627821e-18,0.436676405068946,0.42,0.328,1.83412479366155e-13,"3","ODC1"
8.80337054728714e-18,0.533170254530477,0.329,0.24,2.15260016622265e-13,"3","CRYBG1"
1.00361795972152e-17,0.62072463586102,0.336,0.253,2.45404663511105e-13,"3","UFM1"
1.17537829359338e-17,0.282851800891447,0.295,0.202,2.87403500349452e-13,"3","CD160"
1.50407624108109e-17,0.442385272598732,0.455,0.366,3.67776722469148e-13,"3","GLIPR1"
1.65751852801395e-17,0.626173372195849,0.253,0.175,4.0529643046997e-13,"3","GNL1"
2.26291758776091e-17,0.421807822262601,0.507,0.413,5.53328608559299e-13,"3","PRDX1"
2.81246289398332e-17,0.490284329637138,0.411,0.321,6.87703426836802e-13,"3","G3BP1"
3.64369881052696e-17,0.637916905929195,0.402,0.321,8.90957233150052e-13,"3","FAM107B"
5.35878878247907e-17,0.43044747290997,0.425,0.335,1.31033103309178e-12,"3","TUBB"
5.87358996522555e-17,0.308257452448762,0.71,0.644,1.43621021829695e-12,"3","UBE2D3"
9.12483956902761e-17,0.480290493284639,0.44,0.352,2.23120577141863e-12,"3","TRAM1"
1.44895747503084e-16,0.429911537670282,0.457,0.369,3.54299081794542e-12,"3","RPN1"
2.01388300796363e-16,0.339343878322491,0.652,0.567,4.92434673107266e-12,"3","HNRNPC"
2.05739469597835e-16,0.535374808906298,0.268,0.188,5.03074151060626e-12,"3","SC5D"
2.17960909882629e-16,0.480729746221363,0.409,0.324,5.32958016845005e-12,"3","OSTC"
3.26510456089496e-16,0.264403566474094,0.787,0.72,7.98383367230035e-12,"3","TAGLN2"
9.91563143455296e-16,0.407324418960868,0.487,0.401,2.42457019837689e-11,"3","FNBP1"
1.07042204498315e-15,0.319405511641405,0.568,0.479,2.61739598439279e-11,"3","GADD45B"
1.17495358047583e-15,0.546075800554681,0.331,0.253,2.87299649497949e-11,"3","RHEB"
1.5819370200254e-15,0.504079114203036,0.329,0.246,3.86815240136611e-11,"3","RBM17"
2.07819044861228e-15,0.347570759305188,0.514,0.426,5.08159128494675e-11,"3","CCNH"
2.41638866646417e-15,0.570906191537064,0.287,0.21,5.9085535672382e-11,"3","GDI1"
5.34365542824033e-15,0.590834152715384,0.314,0.239,1.30663062531333e-10,"3","STARD7"
6.1363847232841e-15,0.430911331101953,0.32,0.238,1.50046879253743e-10,"3","SEC11C"
7.66902699816889e-15,0.407009558402316,0.441,0.354,1.87523048159226e-10,"3","SRPRA"
9.01198272541521e-15,0.327581658656644,0.468,0.379,2.20361001601853e-10,"3","CHD1"
1.1045339176856e-14,0.540557113515498,0.259,0.186,2.70080633552482e-10,"3","RAB18"
1.62812209541095e-14,0.305661909705674,0.28,0.196,3.98108414769884e-10,"3","S1PR5"
2.27291978273626e-14,0.490919859967121,0.283,0.209,5.5577434527467e-10,"3","GNA13"
3.27917599888422e-14,0.250450188473377,0.445,0.347,8.01824115247169e-10,"3","RGS2"
3.96559728702669e-14,0.536478292028667,0.318,0.246,9.69667848623766e-10,"3","NR4A1"
4.14875173380188e-14,0.284690845537642,0.569,0.48,1.01445277394924e-09,"3","SEC62"
4.34929909294432e-14,0.279049556213804,0.698,0.619,1.06349061420674e-09,"3","POLR2L"
4.35890814723366e-14,0.389461436251038,0.412,0.332,1.06584022016158e-09,"3","DDX18"
4.52447097294452e-14,0.398839884400393,0.38,0.297,1.10632364230439e-09,"3","SSR3"
1.28446028336893e-13,0.452187885641386,0.301,0.225,3.14076228489371e-09,"3","PPA1"
1.39178858045693e-13,0.433875731716304,0.288,0.214,3.40320143693328e-09,"3","STX11"
3.27682354708168e-13,0.320009993690503,0.599,0.518,8.01248893732413e-09,"3","HMGN1"
3.63378480358091e-13,0.333358075240482,0.616,0.534,8.88533060171604e-09,"3","RBM3"
4.29893591505122e-13,0.344207742889062,0.375,0.294,1.05117580994832e-08,"3","PLP2"
4.70966107786367e-13,0.546748518076048,0.26,0.192,1.15160632675923e-08,"3","DARS"
5.16548962840266e-13,0.447987462236866,0.311,0.237,1.26306552393702e-08,"3","MAP2K3"
5.82261761844831e-13,0.252535753746706,0.691,0.617,1.42374646006298e-08,"3","COX7A2"
5.92624447712042e-13,0.307157661277272,0.483,0.397,1.44908529954549e-08,"3","ABRACL"
8.4247566016542e-13,0.357376338954165,0.399,0.321,2.06002148423648e-08,"3","SERTAD1"
2.09691664567978e-12,0.267379951733686,0.629,0.557,5.1273805820162e-08,"3","WIPF1"
2.50079120852006e-12,0.467419621030808,0.277,0.207,6.11493466307325e-08,"3","GORASP2"
2.69589685905743e-12,0.259126097157516,0.562,0.479,6.59200699976723e-08,"3","SDCBP"
2.8339281238895e-12,0.373044559417875,0.389,0.312,6.92952104853461e-08,"3","SNRPF"
3.57171396638258e-12,0.30552542415831,0.425,0.344,8.73355499059868e-08,"3","CKLF"
6.30685707336573e-12,0.32841522684412,0.488,0.41,1.54215269157939e-07,"3","P4HB"
8.80475671633475e-12,0.350318276488457,0.456,0.377,2.15293911227817e-07,"3","SELENOT"
1.00912800079306e-11,0.297884133223363,0.432,0.349,2.46751978753918e-07,"3","RUNX3"
1.09814341833252e-11,0.466513474086368,0.394,0.325,2.68518028650668e-07,"3","POLR2K"
1.14351970775645e-11,0.268247497748465,0.458,0.374,2.79613438940607e-07,"3","SNHG8"
1.17245403910448e-11,0.379284840519681,0.392,0.319,2.86688461641828e-07,"3","PPP1CB"
1.34938812497775e-11,0.407084145082575,0.276,0.209,3.29952384319559e-07,"3","IL21R"
2.78890279448391e-11,0.342543246672095,0.45,0.377,6.81942511307206e-07,"3","RSL1D1"
3.32181647040315e-11,0.497295904539869,0.3,0.233,8.12250563342979e-07,"3","EIF3J"
4.65819912274177e-11,0.253672967271077,0.368,0.285,1.13902284949282e-06,"3","SYNE2"
5.18571802242108e-11,0.406297366539379,0.407,0.342,1.2680117708424e-06,"3","PPP2CA"
5.31137111679994e-11,0.359969802721865,0.277,0.21,1.29873646547992e-06,"3","SLC16A3"
5.57684094595054e-11,0.491564441891739,0.272,0.21,1.36364914810383e-06,"3","ABCF1"
6.38976483148125e-11,0.380841245526635,0.277,0.21,1.5624252965938e-06,"3","LYAR"
6.4066745419827e-11,0.449493437187014,0.413,0.344,1.56656005900561e-06,"3","ISG15"
7.0894461328934e-11,0.279509544203136,0.533,0.464,1.7335113684151e-06,"3","PKM"
9.98408467403424e-11,0.4194606164448,0.257,0.192,2.44130838449485e-06,"3","FASLG"
1.20066756967502e-10,0.271013513239638,0.54,0.467,2.93587234136936e-06,"3","EIF3E"
2.88675587962082e-10,0.331609950087313,0.402,0.336,7.05869547684884e-06,"3","TOP1"
4.29082244390238e-10,0.432514733713824,0.283,0.22,1.04919190398301e-05,"3","MANF"
5.13848266607925e-10,0.44676694520279,0.275,0.215,1.2564617815097e-05,"3","HIF1A"
5.52379751580062e-10,0.41617934990317,0.287,0.225,1.35067896856357e-05,"3","TM2D3"
6.89992641393917e-10,0.427301728876298,0.3,0.237,1.68717000673641e-05,"3","DDX39A"
9.5215897117571e-10,0.518626104712087,0.25,0.194,2.32821911631885e-05,"3","YWHAH"
1.22904402477055e-09,0.395787515820283,0.353,0.29,3.00525844936894e-05,"3","PDCL3"
1.49630598332008e-09,0.274401827191152,0.565,0.498,3.65876739041427e-05,"3","ARHGDIA"
1.61721319295532e-09,0.438404766009755,0.291,0.232,3.95440969941435e-05,"3","SIAH2"
2.29016959395943e-09,0.26666327488778,0.561,0.492,5.59992269114961e-05,"3","GPX4"
2.50379407984647e-09,0.402506167628107,0.324,0.263,6.1222772840406e-05,"3","NDUFA5"
6.48476276034948e-09,0.354273285158182,0.351,0.29,0.000158565419016066,"3","ZFAND5"
6.82602051089986e-09,0.250883746957227,0.458,0.389,0.000166909853532523,"3","PEBP1"
8.18312790510492e-09,0.304752854315204,0.417,0.355,0.000200093843535626,"3","TMED10"
8.52942591390741e-09,0.272842132696669,0.413,0.348,0.000208561522446864,"3","NDUFV2"
8.66939940568007e-09,0.291005687943207,0.507,0.441,0.000211984154267689,"3","ATP5ME"
8.813088800984e-09,0.326196420697878,0.291,0.232,0.000215497647361661,"3","TMEM123"
1.02607139306167e-08,0.259814420513444,0.356,0.289,0.000250894977031439,"3","EMB"
1.62662894495672e-08,0.338782986465788,0.283,0.223,0.000397743309620818,"3","MED4"
2.41033471747787e-08,0.411079923022888,0.293,0.238,0.000589375045117688,"3","PLIN2"
2.76425983001395e-08,0.295744565768364,0.453,0.393,0.00067591681363501,"3","CELF2"
2.86895106264367e-08,0.360259133890475,0.319,0.264,0.000701515913837629,"3","YME1L1"
2.9649874053928e-08,0.272775274892326,0.461,0.397,0.000724998720366648,"3","SMAP2"
3.22971267636111e-08,0.367391650720802,0.287,0.231,0.000789729343623818,"3","GNAI3"
4.2361145185447e-08,0.446000674824251,0.314,0.261,0.00103581472207455,"3","AC004687.1"
9.04558911014193e-08,0.374339873267504,0.274,0.222,0.00221182744921191,"3","NHP2"
9.46740943475892e-08,0.301541132877187,0.356,0.295,0.00231497095498725,"3","SNRPD1"
1.49382387809253e-07,0.28012677241261,0.35,0.291,0.00365269814671186,"3","ETF1"
1.70342575781365e-07,0.27445315182117,0.436,0.379,0.00416521666300593,"3","EIF4A3"
2.49031168986055e-07,0.300740724090493,0.393,0.34,0.00608931014404703,"3","UBE2N"
3.35481033096268e-07,0.344793958390043,0.334,0.28,0.00820318222126996,"3","MYDGF"
7.70775443817581e-07,0.2764865377326,0.334,0.277,0.0188470011522275,"3","TIPARP"
8.27627740860251e-07,0.292400751418457,0.266,0.214,0.0202371535195149,"3","UBAC2"
8.93864177680143e-07,0.30549927531542,0.38,0.327,0.0218567668726349,"3","TOMM5"
1.51678999019184e-06,0.288222222195199,0.407,0.354,0.0370885488401709,"3","RASSF5"
1.52737974314287e-06,0.262969783871926,0.408,0.357,0.0373474894793294,"3","PRDX6"
1.7346358350613e-06,0.257806738273028,0.368,0.315,0.0424153154389188,"3","HNRNPAB"
2.33534015720547e-06,0.293145648529308,0.366,0.316,0.0571037375239881,"3","TOMM22"
2.42584306088192e-06,0.365386067921902,0.295,0.247,0.0593167145246848,"3","ICAM2"
2.59012460553631e-06,0.287906512893095,0.332,0.282,0.0633337268545738,"3","DYNLT1"
2.69604330173059e-06,0.318498730864012,0.307,0.259,0.0659236508139164,"3","MAPRE1"
3.5932217073154e-06,0.316747585541568,0.276,0.228,0.0878614571872762,"3","GOLGA7"
4.78969147739008e-06,0.323138459554281,0.383,0.336,0.117117536005142,"3","SRP9"
5.10938287649474e-06,0.256939842308645,0.37,0.319,0.124934630096049,"3","CSNK1D"
6.23674216853219e-06,0.262113405176622,0.281,0.231,0.152500819504949,"3","HERPUD2"
6.293493496664e-06,0.274604422236583,0.266,0.22,0.153888502980428,"3","CCNT1"
6.88276757276864e-06,0.304251011946758,0.328,0.282,0.168297432689339,"3","FBL"
7.78261614694931e-06,0.288963400015453,0.3,0.251,0.190300530025204,"3","WBP11"
1.08077355817849e-05,0.319926912143377,0.36,0.315,0.264270750445803,"3","UBE2A"
1.34909112642637e-05,0.281454549009675,0.313,0.268,0.329879762233777,"3","SELENOS"
2.23429445704763e-05,0.291248963482086,0.307,0.263,0.546329680637286,"3","DNAJA2"
2.77191971158969e-05,0.339620863235054,0.314,0.275,0.677789807877911,"3","TMED9"
3.49865707628114e-05,0.270222897617722,0.289,0.244,0.855491628292265,"3","PITHD1"
3.5259714792273e-05,0.343645258456441,0.291,0.251,0.86217054610066,"3","C19orf70"
5.72306865553099e-05,0.268715679974874,0.361,0.32,1,"3","CCT2"
8.51166661403989e-05,0.302615834415783,0.257,0.217,1,"3","RANBP1"
8.91113886856258e-05,0.278936541913569,0.442,0.405,1,"3","ROMO1"
0.000103004962124093,0.251890730953107,0.283,0.242,1,"3","JOSD1"
0.000112478575900476,0.329832809154446,0.261,0.225,1,"3","PRMT1"
0.000151368466554231,0.276479250017611,0.253,0.217,1,"3","SRP54"
0.000206865004615071,0.327943893646442,0.268,0.232,1,"3","MESD"
0.000212462627511701,0.342188401703409,0.261,0.226,1,"3","AKIRIN2"
0.000339351133449185,0.269348169914932,0.348,0.311,1,"3","BUD31"
0.00058703296453202,0.307207051556895,0.263,0.23,1,"3","PCNP"
0.0010475902409622,0.285097238822671,0.258,0.225,1,"3","PPP1R11"
0.00112550820552874,0.26130194669759,0.334,0.304,1,"3","VDAC1"
0.00225489661542013,0.268456507854076,0.296,0.265,1,"3","NDUFV1"
0,1.58625233606435,0.986,0.769,0,"4","CCL5"
0,1.28339990707634,0.952,0.785,0,"4","PTPRCAP"
2.83805306750413e-307,2.01318539027513,0.608,0.246,6.93960736066111e-303,"4","GIMAP4"
8.5369729210549e-301,1.87140350358972,0.634,0.254,2.08746061865634e-296,"4","CD8B"
1.61177748084326e-285,1.69549793733221,0.693,0.332,3.94111829615794e-281,"4","GIMAP7"
8.10747292461123e-258,1.21098259689037,0.886,0.58,1.98243927952594e-253,"4","CD3D"
1.54834511737884e-249,1.17900712124819,0.899,0.696,3.78601348101475e-245,"4","GZMA"
8.16068146375707e-244,2.38700910986725,0.377,0.106,1.99544983151788e-239,"4","SIT1"
4.12235077269829e-231,1.2482784773104,0.535,0.203,1.00799721094018e-226,"4","HSPA1B"
1.86767204433733e-219,1.23744348292341,0.84,0.653,4.56683168281363e-215,"4","RARRES3"
2.10327598146164e-218,0.715908524098553,0.984,0.967,5.14293042987e-214,"4","PFN1"
1.63675972365492e-211,1.92385039061382,0.512,0.216,4.00220487628102e-207,"4","LINC00861"
4.99590711864485e-205,0.799842937916452,0.977,0.801,1.22159920865104e-200,"4","IL32"
9.86328433373235e-199,0.855925256388312,0.961,0.906,2.41177028528423e-194,"4","ACTG1"
1.86387554499519e-190,1.21127121097955,0.575,0.269,4.55754848262224e-186,"4","HSPA1A"
1.07384112070342e-188,1.31236090142038,0.589,0.274,2.62575630834399e-184,"4","TXNIP"
8.52597102980487e-183,0.947523958931427,0.909,0.799,2.08477043620789e-178,"4","HCST"
5.29530259155307e-182,1.75568836693525,0.493,0.217,1.29480738968656e-177,"4","TRAC"
3.68147140828443e-180,1.97171585881812,0.455,0.194,9.00193388753709e-176,"4","CD27"
4.29731003162419e-170,0.770327136153788,0.957,0.744,1.05077824893275e-165,"4","NKG7"
9.69622730541183e-169,1.01862611793974,0.811,0.554,2.3709215007193e-164,"4","CTSW"
1.15123980841899e-166,1.63178452067891,0.5,0.238,2.81501157954612e-162,"4","TRAF3IP3"
1.29989845683265e-165,0.936995111733438,0.862,0.733,3.17851170664719e-161,"4","CLIC1"
1.92129685798125e-155,0.76062794637652,0.927,0.849,4.69795507713576e-151,"4","MYL12A"
1.52564149763218e-153,1.05785023311421,0.781,0.631,3.73049859001021e-149,"4","PSMB9"
3.18771092808022e-153,1.1124198551849,0.78,0.507,7.79459076134176e-149,"4","GZMK"
3.27883940703513e-147,1.15255531317054,0.708,0.468,8.01741811808229e-143,"4","CD2"
5.91103713051964e-143,0.715319832182515,0.937,0.726,1.44536679915466e-138,"4","CD3E"
6.9163939573337e-138,1.13199488574827,0.704,0.526,1.69119665044724e-133,"4","EVL"
1.00086904160224e-136,1.57950289663143,0.446,0.212,2.44732498052579e-132,"4","RCSD1"
4.92826587032032e-134,1.7565894269828,0.368,0.151,1.20505957061072e-129,"4","GIMAP1"
4.96106624133762e-132,0.748047522623557,0.889,0.819,1.21307991733187e-127,"4","CORO1A"
5.85499226470911e-127,1.09577140536363,0.719,0.521,1.43166270856667e-122,"4","TRBC2"
1.07725754649976e-122,1.87947684557036,0.331,0.132,2.63411015270122e-118,"4","SIRPG"
2.00606587142735e-121,0.61777176245949,0.942,0.88,4.90523226881415e-117,"4","SH3BGRL3"
3.66693881821283e-119,0.452782478143027,0.995,0.996,8.966398798294e-115,"4","ACTB"
4.74481196132833e-117,1.42119170669464,0.491,0.28,1.160201420784e-112,"4","PPP1R18"
8.8017792717067e-115,1.36033243804518,0.492,0.278,2.15221106751772e-110,"4","LCP2"
4.13365225222347e-114,1.6489132843095,0.406,0.198,1.01076064871368e-109,"4","DENND2D"
7.06224322688543e-114,0.706769298114073,0.865,0.795,1.72685971383802e-109,"4","RAC2"
2.27546941013048e-113,0.388083031689309,0.993,0.99,5.56397780165105e-109,"4","TMSB4X"
2.00153223608395e-105,0.711625494221282,0.854,0.807,4.89414662367247e-101,"4","PSME1"
4.60344476713036e-103,1.05209381505297,0.587,0.356,1.12563431445872e-98,"4","GZMH"
2.4018266714112e-102,1.54024766631445,0.325,0.139,5.87294657693467e-98,"4","EOMES"
4.27385011359529e-100,1.62895673189126,0.342,0.156,1.04504182977632e-95,"4","AC116366.3"
2.65073987692925e-99,0.968065837839752,0.607,0.391,6.48158914706739e-95,"4","CD3G"
2.71719843205566e-96,1.94141080847883,0.251,0.096,6.64409360606249e-92,"4","PTGDR"
5.90668731590884e-96,0.424274884358016,0.703,0.498,1.44430318248603e-91,"4","HLA-DPB1"
1.22797083425372e-95,1.37413036944905,0.434,0.242,3.00263428391719e-91,"4","ARPC5L"
6.41079471528269e-95,1.93336150643651,0.346,0.171,1.56756752378092e-90,"4","PRMT9"
1.40138648431973e-92,0.929843820212501,0.647,0.488,3.42667023145861e-88,"4","LCK"
2.2720078498143e-88,1.11124496555469,0.587,0.438,5.55551359436592e-84,"4","PSMB10"
4.1982359704665e-85,0.390333601276653,0.985,0.968,1.02655265949847e-80,"4","TMSB10"
2.34967088775625e-80,0.843525821476443,0.693,0.573,5.74541525474159e-76,"4","FYB1"
5.99112382098518e-80,1.48902341914352,0.346,0.178,1.4649495967073e-75,"4","PYCARD"
8.27942411525083e-78,0.709248130268056,0.796,0.733,2.02448478466113e-73,"4","ATP5MC2"
1.12126760902079e-77,0.81119205725592,0.717,0.626,2.74172355757765e-73,"4","PSME2"
9.62589721039757e-74,0.461177732875053,0.934,0.906,2.35372438588641e-69,"4","ATP5F1E"
1.95887269683915e-73,0.794531394784083,0.714,0.64,4.78983551831109e-69,"4","PPDPF"
3.26680631272746e-73,0.294421564334423,0.683,0.5,7.98799479588118e-69,"4","HLA-DPA1"
1.79324175468815e-72,1.32803971031657,0.388,0.22,4.38483473856347e-68,"4","IKZF3"
7.05279711948894e-70,1.34358410283519,0.367,0.206,1.72454995165744e-65,"4","LIME1"
4.80602319097455e-69,0.833551960111694,0.653,0.553,1.1751687906571e-64,"4","GMFG"
2.01729723373408e-68,1.47575937976788,0.317,0.166,4.93269519592656e-64,"4","GPR174"
4.47955493915649e-68,0.828779082003579,0.669,0.537,1.09534077372254e-63,"4","C12orf57"
4.48043368540629e-68,1.18608599925856,0.454,0.302,1.09555564475555e-63,"4","UBE2L6"
3.34968583947079e-65,0.842159883962929,0.605,0.476,8.19065181467398e-61,"4","STK17A"
1.58432788844562e-64,1.25874927425082,0.396,0.242,3.87399855282723e-60,"4","NUCB2"
1.20750434939735e-63,1.24157951667713,0.385,0.234,2.95258963514641e-59,"4","SASH3"
4.58838808283343e-62,0.448584680674715,0.945,0.874,1.12195265401443e-57,"4","IFITM1"
6.31592242886171e-61,1.30017609613671,0.351,0.205,1.54436935230526e-56,"4","PTPN6"
3.09660218401755e-60,1.2798005630324,0.328,0.181,7.57181166035972e-56,"4","SLFN5"
3.31766304947426e-60,1.23947865016931,0.355,0.205,8.11234968857445e-56,"4","PYHIN1"
2.37115574278346e-58,1.52079129542743,0.283,0.151,5.79795002225411e-54,"4","SLAMF7"
4.34965877068459e-58,0.320291182681673,0.977,0.973,1.0635785626078e-53,"4","FAU"
1.69210871072678e-57,0.942750489563542,0.479,0.327,4.13754421946913e-53,"4","GBP5"
2.81651550984877e-56,0.868714199498176,0.559,0.454,6.88694372468221e-52,"4","PSMB8"
1.44815952102992e-55,1.18792557689943,0.289,0.152,3.54103966082235e-51,"4","CXCR3"
6.92646965366052e-55,0.390917269632356,0.712,0.459,1.69366035971307e-50,"4","CD8A"
7.39621593471288e-55,1.07292807582188,0.426,0.29,1.80852272035599e-50,"4","TBC1D10C"
8.15329055338315e-55,1.08717392264147,0.387,0.245,1.99364260611325e-50,"4","POLD4"
1.13813718281906e-53,0.973114280427921,0.494,0.365,2.78297303942916e-49,"4","ACAP1"
2.9610115250874e-53,1.24302018633021,0.362,0.23,7.2402653811437e-49,"4","IDH2"
7.92751869785378e-53,0.416876736467292,0.912,0.894,1.93843687199921e-48,"4","SERF2"
1.88323774165123e-52,0.828239438098868,0.576,0.472,4.60489292588559e-48,"4","SEPT1"
1.24273811359583e-51,0.437197555431031,0.378,0.22,3.03874323536452e-47,"4","HLA-DQB1"
3.17084173074958e-51,0.343441038817175,0.957,0.931,7.75334220002887e-47,"4","MT-ATP6"
8.91482480167319e-50,0.826361454538884,0.544,0.434,2.17985296050513e-45,"4","SLC9A3R1"
1.40675939863169e-48,1.18317179427483,0.355,0.228,3.43980808153422e-44,"4","SYNRG"
1.12517602151686e-47,0.826114914341914,0.562,0.461,2.75128040781302e-43,"4","GYPC"
1.63282198278925e-46,0.402110673131209,0.38,0.23,3.99257631231627e-42,"4","HLA-DRB5"
3.40523885950994e-45,1.21124673458642,0.312,0.189,8.32649005927369e-41,"4","SAMD3"
3.5885674752794e-45,1.0440450780528,0.396,0.273,8.77476519055318e-41,"4","HSPB1"
6.19391108374983e-45,1.22068343129,0.253,0.135,1.51453513819851e-40,"4","PLEKHF1"
7.0275856005468e-45,0.749952491571467,0.571,0.498,1.7183852310457e-40,"4","PPP1CA"
1.62056459856498e-44,1.16994735363422,0.358,0.239,3.9626045564111e-40,"4","ZYX"
1.73842934523733e-43,0.61775093093653,0.695,0.65,4.25080743497432e-39,"4","SNRPD2"
4.60338422241713e-43,0.822767665237467,0.532,0.444,1.12561951006544e-38,"4","DRAP1"
2.91455484478052e-42,0.533395321042105,0.755,0.708,7.12666950645732e-38,"4","OST4"
1.03136230471946e-41,0.617124938987965,0.642,0.586,2.52188710750002e-37,"4","COX6B1"
1.28806022894263e-41,0.648174350646693,0.625,0.558,3.14956487181051e-37,"4","RNASEK"
3.25677429036398e-41,0.736463704189261,0.57,0.484,7.96346449479801e-37,"4","CNN2"
5.42289917546121e-41,0.926512087080787,0.453,0.343,1.32600730638378e-36,"4","CKLF"
5.61744633684909e-41,0.728958741082654,0.555,0.475,1.37357797828634e-36,"4","ATP5F1D"
8.63577865756219e-41,0.717065252719471,0.583,0.502,2.11162059734711e-36,"4","GSTK1"
4.58329657492092e-40,1.20360291613469,0.281,0.169,1.12070767849966e-35,"4","RSBN1L"
6.90356836673028e-40,0.726713034693443,0.593,0.513,1.68806053703289e-35,"4","RNF213"
1.05979934947751e-39,0.973171459448118,0.41,0.301,2.5914213693424e-35,"4","CSK"
1.11608920080464e-39,0.924873536092055,0.408,0.291,2.7290613138075e-35,"4","LAT"
1.85796568663998e-39,0.981393804121444,0.376,0.257,4.54309769697207e-35,"4","CYTOR"
2.64695913314796e-39,0.282236309767383,0.949,0.927,6.4723444723734e-35,"4","RACK1"
1.18550991979769e-38,0.878453526566745,0.424,0.313,2.8988088558893e-34,"4","APOBEC3G"
2.26204956032452e-38,0.941799903163064,0.421,0.319,5.53116358490551e-34,"4","NDUFB10"
3.9320104792621e-38,0.690503076433652,0.583,0.51,9.61455202389168e-34,"4","GPSM3"
4.3768433510989e-38,0.460385660795724,0.76,0.73,1.0702257362107e-33,"4","CD99"
1.02928990732311e-37,0.958734461343113,0.372,0.258,2.51681968138647e-33,"4","BTN3A2"
1.36516188644023e-37,1.17777112862645,0.255,0.147,3.33809384472365e-33,"4","THEMIS"
1.83729717326535e-37,1.14454058374338,0.294,0.184,4.49255904806844e-33,"4","MRPS34"
2.5416829575145e-36,0.380373658434877,0.867,0.834,6.21492316771444e-32,"4","TMA7"
2.89677384184918e-36,0.463646066337659,0.739,0.639,7.08319139808961e-32,"4","CD52"
5.53820455535506e-36,1.06389266612548,0.387,0.28,1.35420177787542e-31,"4","KIAA1551"
6.69076574030244e-36,0.567445990514343,0.661,0.622,1.63602603881875e-31,"4","ELOB"
2.70011186802122e-35,0.620224697256688,0.646,0.605,6.60231353968549e-31,"4","LIMD2"
3.08158145259299e-35,0.727315380807916,0.518,0.436,7.53508296788037e-31,"4","ATP5IF1"
9.00378120727825e-35,0.681039220631581,0.594,0.534,2.20160458080368e-30,"4","KRTCAP2"
1.67407844605087e-34,1.19725592113691,0.283,0.18,4.09345661628359e-30,"4","ZBTB38"
1.86841480622294e-34,1.15881443622771,0.281,0.179,4.56864788417634e-30,"4","C11orf98"
2.26564259700557e-34,0.858689330928023,0.413,0.311,5.53994927819802e-30,"4","CHURC1"
4.01022712729287e-34,0.658356651133173,0.568,0.486,9.80580737165652e-30,"4","CTSC"
4.11772309338841e-34,1.11113994887562,0.298,0.197,1.00686565079533e-29,"4","POLR2G"
4.60880707071586e-33,0.355033860293026,0.363,0.23,1.12694550493144e-28,"4","XCL2"
2.54044461425755e-32,0.535127833472585,0.68,0.642,6.21189517078255e-28,"4","SON"
6.15662092963312e-32,0.465396899331711,0.686,0.644,1.50541694971389e-27,"4","ARPC1B"
9.06434524711203e-32,0.741133210560953,0.485,0.393,2.21641369982383e-27,"4","SKAP1"
4.88546154242771e-31,0.870983165036079,0.417,0.328,1.19459305635442e-26,"4","PNISR"
6.84019402134785e-31,0.906258066467102,0.327,0.22,1.67256424209998e-26,"4","LAG3"
6.85487987395466e-31,0.941060154837452,0.337,0.233,1.67615522677939e-26,"4","PLEK"
7.80176038308458e-31,0.612203199073406,0.583,0.526,1.90768644887184e-26,"4","LY6E"
1.21551913777059e-30,0.502299553193382,0.668,0.629,2.97218739567664e-26,"4","UQCR11"
1.5622091106732e-30,0.944244049072701,0.416,0.31,3.81991371741811e-26,"4","CMC1"
6.26928713536769e-30,0.87410409255979,0.364,0.265,1.53296609034011e-25,"4","IL16"
8.667378748347e-30,0.718864558594658,0.456,0.373,2.11934745154581e-25,"4","PRELID1"
8.67485913253392e-30,0.48572744822257,0.295,0.184,2.12117655508719e-25,"4","IFNG"
1.60148080822962e-29,0.660330308167721,0.535,0.472,3.91594087228308e-25,"4","HIGD2A"
2.23544334594721e-29,1.13453829913664,0.262,0.169,5.46610606951011e-25,"4","DGCR6L"
7.53785170655068e-29,1.19108304855236,0.256,0.163,1.84315549928577e-24,"4","INPP4B"
9.51609427161599e-29,1.07316766582383,0.262,0.168,2.32687537129554e-24,"4","TSC22D4"
2.1408969760596e-28,0.406691561307757,0.761,0.754,5.23492128586094e-24,"4","ARPC3"
3.1966930286386e-28,0.745919902793073,0.429,0.334,7.8165537936271e-24,"4","STAT1"
5.03016483474706e-28,0.719537816928985,0.493,0.428,1.22997590539235e-23,"4","TRAPPC1"
2.47760255415134e-27,0.276690097003797,0.909,0.922,6.05823376541086e-23,"4","CFL1"
3.94913833495374e-27,0.39060045612461,0.759,0.741,9.65643305662889e-23,"4","MYL12B"
8.95794272755208e-27,0.710373752202332,0.64,0.629,2.19039615574103e-22,"4","DNAJB1"
1.04969542954429e-26,0.47709387476662,0.666,0.586,2.56671526432169e-22,"4","GZMM"
1.11707661643224e-26,1.04203532635743,0.259,0.171,2.73147574250011e-22,"4","AGTRAP"
3.95735222426417e-26,1.00965666690272,0.271,0.182,9.67651765877076e-22,"4","CORO1B"
1.3264528061519e-25,1.02324978833207,0.305,0.22,3.24344240160262e-21,"4","TWF2"
1.60206498782415e-25,1.00672860059506,0.289,0.202,3.91736930822762e-21,"4","RBCK1"
1.84460882623807e-25,0.418454859916183,0.646,0.603,4.51043750191732e-21,"4","GABARAP"
2.23220533318122e-25,0.99296754922867,0.315,0.23,5.45818848069473e-21,"4","IFI27L2"
7.26529720184038e-25,0.715644961559504,0.375,0.28,1.77651047179401e-20,"4","SH2D1A"
9.14820001832695e-25,0.68886161311853,0.31,0.213,2.23691786848131e-20,"4","HLA-DMA"
2.82673663049052e-24,0.899021264027651,0.356,0.275,6.91193640887541e-20,"4","ITGAL"
2.86276653592133e-24,0.256390587037328,0.895,0.889,7.00003673363483e-20,"4","EEF1D"
3.94082573236097e-24,0.575052247260007,0.494,0.407,9.63610708076904e-20,"4","ITM2A"
7.22162038197827e-24,0.315845107838271,0.936,0.934,1.76583061580133e-19,"4","GAPDH"
7.5147413735786e-24,0.891748226281677,0.339,0.258,1.83750456066744e-19,"4","RNF167"
9.33545803919692e-24,0.704006077123062,0.416,0.342,2.28270619974443e-19,"4","LAMTOR4"
1.1547368261378e-23,0.959431850231946,0.308,0.228,2.82356248727214e-19,"4","AIP"
1.40484110573133e-23,0.948390751827567,0.268,0.185,3.43511747173424e-19,"4","HSPB11"
2.62016157204081e-23,0.409937014562099,0.754,0.746,6.40681907595419e-19,"4","MIF"
4.17878123788502e-23,0.65199913649251,0.497,0.436,1.02179558828764e-18,"4","C9orf16"
6.75020473998218e-23,0.64821932841157,0.493,0.447,1.65056006302044e-18,"4","DAD1"
1.47125577728424e-22,0.302031695600443,0.642,0.575,3.59751462661543e-18,"4","GSTP1"
7.97081138094571e-22,0.896146828142714,0.321,0.244,1.94902279886884e-17,"4","RASAL3"
8.55558695940238e-22,0.675084260825536,0.435,0.375,2.09201212331307e-17,"4","SELENOH"
1.8171349804135e-21,0.712795396124298,0.403,0.334,4.4432584541071e-17,"4","MZT2A"
2.27827037674958e-21,0.353760106795818,0.762,0.784,5.57082672522808e-17,"4","ATP5MG"
2.33936999505974e-21,0.537216310534884,0.554,0.518,5.72022751192007e-17,"4","UQCR10"
2.81302743113053e-21,1.0146739191801,0.25,0.174,6.87841467460038e-17,"4","LSM2"
3.52533836780489e-21,0.729670124477668,0.346,0.265,8.62015737695651e-17,"4","ABI3"
3.9385470384176e-21,0.891267321820479,0.302,0.225,9.63053521833873e-17,"4","SP110"
1.17437407190739e-20,0.702547036232249,0.437,0.375,2.87157948062796e-16,"4","SELENOW"
1.25433705950007e-20,0.891321384657034,0.293,0.216,3.06710497788958e-16,"4","VAMP5"
2.79726507249453e-20,1.01219424484332,0.261,0.186,6.83987255526362e-16,"4","BLOC1S1"
4.46157291202527e-20,0.954000151755745,0.283,0.21,1.09094380844842e-15,"4","GRK6"
2.05491516093978e-19,0.604612948953092,0.492,0.458,5.02467855152994e-15,"4","WDR83OS"
2.65689582431034e-19,0.915663641524817,0.3,0.228,6.49664166960365e-15,"4","RGS10"
3.58118685736813e-19,0.33452766546708,0.717,0.686,8.75671810363656e-15,"4","ITGB2"
3.68019454770045e-19,0.791232158226564,0.331,0.258,8.99881170803715e-15,"4","TAF10"
2.66947678960985e-18,0.616041945895178,0.287,0.202,6.527404645954e-14,"4","CCL4L2"
4.02485643806607e-18,0.322979347320637,0.758,0.779,9.84157896235917e-14,"4","SRP14"
5.24463616707446e-18,0.876506944494071,0.269,0.2,1.28241843557305e-13,"4","MIEN1"
1.09797754521641e-17,0.5053745614888,0.542,0.511,2.68477469356317e-13,"4","MZT2B"
1.57725142869181e-17,0.521657738554591,0.55,0.528,3.85669519343721e-13,"4","APRT"
1.79701316119126e-17,0.643222648376931,0.41,0.353,4.39405658174487e-13,"4","BST2"
3.14937374563483e-17,0.539955682432141,0.379,0.308,7.70084868282629e-13,"4","CARD16"
3.35324714251812e-17,0.889137162394734,0.257,0.188,8.19935991288531e-13,"4","RASSF1"
4.42885852193503e-17,0.803451530157083,0.287,0.219,1.08294448578355e-12,"4","PSTPIP1"
5.29344605564766e-17,0.482382217666802,0.548,0.529,1.29435342952697e-12,"4","NDUFB11"
7.61159301344258e-17,0.804952789714913,0.337,0.277,1.86118672364698e-12,"4","C8orf59"
1.39050127840382e-16,0.331257228672103,0.722,0.712,3.40005372595301e-12,"4","COMMD6"
2.12161405325816e-16,0.333864217369285,0.788,0.789,5.18777068302685e-12,"4","IFITM2"
6.28510568879792e-16,0.874184381937594,0.252,0.187,1.53683404302487e-11,"4","HMOX2"
6.37383356475685e-16,0.474211819827487,0.553,0.519,1.55852978325435e-11,"4","CD48"
7.45515673007391e-16,0.607260848023101,0.351,0.285,1.82293492363767e-11,"4","SAMHD1"
2.87681829374351e-15,0.324170997956271,0.689,0.695,7.03439609186163e-11,"4","EIF3K"
4.32910157135121e-15,0.455167788669943,0.533,0.488,1.0585519162268e-10,"4","COTL1"
4.37416273530036e-15,0.390335253752579,0.532,0.501,1.06957027203565e-10,"4","LDHB"
4.81559987002441e-15,0.411011059173922,0.538,0.5,1.17751048021837e-10,"4","AES"
9.16719840691499e-15,0.745977465071763,0.286,0.222,2.24156335445885e-10,"4","CD81"
9.20345393242527e-15,0.783545751278105,0.348,0.297,2.25042855555663e-10,"4","MRPL41"
1.02324567949282e-14,0.740792286070584,0.341,0.289,2.50204033549583e-10,"4","DYNLRB1"
1.14864458564052e-14,0.655733463430015,0.419,0.38,2.80866574080821e-10,"4","VPS28"
1.24422345285431e-14,0.3394045235479,0.673,0.674,3.04237518691935e-10,"4","SSR4"
2.31902603074306e-14,0.470520127191325,0.557,0.546,5.67048245037293e-10,"4","COX8A"
3.21468985772339e-14,0.430607007995492,0.573,0.574,7.86055964010523e-10,"4","COX5B"
3.37123195638204e-14,0.885900139045042,0.259,0.203,8.24333637974535e-10,"4","NDUFB3"
3.38711137478014e-14,0.271516460056277,0.88,0.867,8.28216473361239e-10,"4","MT-ND4"
5.89740798874066e-14,0.725957603521345,0.345,0.29,1.44203420140687e-09,"4","CASP4"
1.15280433406592e-13,0.602043323947656,0.399,0.352,2.81883715765799e-09,"4","CCDC85B"
2.06806676275137e-13,0.684535480609717,0.269,0.205,5.05683684827964e-09,"4","CD160"
2.18783720411185e-13,0.490600842002073,0.481,0.449,5.34969953149431e-09,"4","SRRM2"
2.35116399285782e-13,0.341548931099845,0.648,0.654,5.74906619533594e-09,"4","GUK1"
3.37968928397388e-13,0.512570003263604,0.512,0.503,8.26401623717292e-09,"4","PARK7"
4.51340523110665e-13,0.496774617368757,0.463,0.432,1.1036178471102e-08,"4","PAXX"
5.41247251261165e-13,0.641301292099395,0.363,0.316,1.3234577787838e-08,"4","SHISA5"
6.25480879968804e-13,0.741718480842712,0.328,0.278,1.52942584769972e-08,"4","IKZF1"
1.22415746729249e-12,0.326392942853081,0.682,0.697,2.99330983902361e-08,"4","COX6A1"
1.50298715999138e-12,0.808122975457166,0.278,0.226,3.67510420361091e-08,"4","NAA38"
1.58088341582524e-12,0.540513452958302,0.497,0.481,3.86557612837588e-08,"4","NDUFA3"
6.95200270740224e-12,0.399194529616075,0.592,0.608,1.699903702014e-07,"4","CAPZB"
7.01562384170164e-12,0.639193331453312,0.306,0.255,1.71546034177288e-07,"4","CFLAR"
7.46882390660915e-12,0.265986347491952,0.755,0.768,1.82627682164407e-07,"4","HINT1"
1.00982213816915e-11,0.724682236890781,0.281,0.23,2.46921709225121e-07,"4","CMTM3"
2.22445932870585e-11,0.580697872444055,0.373,0.336,5.43924795055154e-07,"4","PSMA5"
2.23904312004599e-11,0.936279688077331,0.295,0.249,5.47490823713645e-07,"4","KLRG1"
2.34665787304581e-11,0.259320638126671,0.728,0.728,5.73804783117161e-07,"4","LSP1"
2.44530374523672e-11,0.692987805177862,0.415,0.393,5.97925671785282e-07,"4","CCT4"
3.69295957256736e-11,0.689422410422123,0.327,0.285,9.03002474684171e-07,"4","NDUFB7"
3.81820889060588e-11,0.607963585225425,0.341,0.301,9.33628437930949e-07,"4","NDUFS7"
4.49307616776953e-11,0.424167660586107,0.487,0.481,1.098646984543e-06,"4","ATP5MC3"
5.64095278684926e-11,0.548213853245682,0.385,0.351,1.37932577544038e-06,"4","NOP10"
6.4052919468395e-11,0.549152506464343,0.403,0.364,1.56622198684119e-06,"4","YPEL3"
7.01686660034735e-11,0.464708580715681,0.468,0.447,1.71576422111693e-06,"4","ANAPC16"
7.80589870422213e-11,0.331067143450349,0.662,0.691,1.90869835115639e-06,"4","UBL5"
8.3466863249342e-11,0.670396178534043,0.301,0.251,2.04093174017291e-06,"4","PTPN7"
2.19674207048416e-10,0.705583191323593,0.265,0.217,5.37147371074786e-06,"4","SSBP4"
3.26942271550892e-10,0.534477475956781,0.414,0.392,7.99439242396241e-06,"4","NEDD8"
4.89070221931462e-10,0.69112019381862,0.317,0.283,1.19587450666681e-05,"4","PHB2"
5.06683554008848e-10,0.369066277679811,0.563,0.574,1.23894262626244e-05,"4","EIF3F"
5.61920804864701e-10,0.462973879104573,0.316,0.264,1.37400875205517e-05,"4","C12orf75"
6.01165195837364e-10,0.456772292645047,0.495,0.489,1.46996913686152e-05,"4","TMEM258"
7.31700267932508e-10,0.572508046316716,0.298,0.249,1.78915349514857e-05,"4","CHST12"
8.44386407550644e-10,0.736777215790674,0.28,0.239,2.06469364374283e-05,"4","SSNA1"
1.79515048304957e-09,0.731532188085537,0.256,0.212,4.38950196115281e-05,"4","TMEM256"
2.00376466269683e-09,0.517508145034986,0.413,0.391,4.89960535322628e-05,"4","APBB1IP"
2.02887682322317e-09,0.338236898242722,0.461,0.429,4.96100960814529e-05,"4","JUN"
2.42136624201276e-09,0.608077358885529,0.376,0.35,5.9207247349696e-05,"4","N4BP2L2"
2.46018533359687e-09,0.636416274800042,0.316,0.277,6.01564517771106e-05,"4","NDUFA11"
2.67696754986035e-09,0.753274990902947,0.267,0.227,6.54572105291852e-05,"4","PGLS"
3.42767019236809e-09,0.498803553955643,0.415,0.405,8.38133915437844e-05,"4","COX5A"
4.2568555435662e-09,0.499742050103435,0.406,0.38,0.000104088631751281,"4","KRT10"
4.26039606688732e-09,0.268628420143082,0.841,0.859,0.000104175204627529,"4","MT-ND2"
5.68103775326359e-09,0.536563234629983,0.392,0.368,0.000138912735142801,"4","CD63"
6.4098020008866e-09,0.670858690514945,0.317,0.285,0.000156732478525679,"4","RAB1B"
7.90689643815544e-09,0.371394245080019,0.524,0.518,0.000193339431705777,"4","ARL6IP5"
9.5181700551409e-09,0.584964448829492,0.362,0.335,0.000232738294188305,"4","REX1BD"
9.81411135769332e-09,0.646528028364541,0.303,0.268,0.000239974650918317,"4","DUT"
1.26185898606884e-08,0.700906178063647,0.277,0.237,0.000308549759273552,"4","LUC7L3"
1.34329175239697e-08,0.619378131420808,0.311,0.268,0.000328461699296107,"4","H1FX"
1.3605717327323e-08,0.617624290959697,0.3,0.265,0.000332687000087702,"4","RNF181"
1.37949483314142e-08,0.348946481120031,0.572,0.594,0.00033731407659974,"4","SSR2"
1.50217042965198e-08,0.639222533179729,0.352,0.334,0.000367310713458502,"4","COPS9"
1.61724706280065e-08,0.51073407509201,0.32,0.277,0.000395449251796016,"4","AOAH"
2.6214905994217e-08,0.617447559197449,0.327,0.295,0.000641006881370595,"4","ANKRD44"
2.67568602136515e-08,0.707980585787309,0.253,0.213,0.000654258745944206,"4","PRKACB"
2.91366678049601e-08,0.446828154369667,0.415,0.404,0.000712449801166884,"4","ATP5PF"
3.67613979005487e-08,0.486246877694373,0.425,0.415,0.000898889701464216,"4","C19orf53"
6.96505633376094e-08,0.565073579113629,0.322,0.29,0.00170309557473122,"4","FIS1"
1.00857399070545e-07,0.285720516250571,0.621,0.654,0.00246616512207297,"4","EDF1"
1.06353728336695e-07,0.459040825042058,0.417,0.397,0.00260056136528887,"4","CELF2"
1.41887210273499e-07,0.317304020668941,0.581,0.606,0.0034694260656076,"4","NDUFA4"
2.05012041753045e-07,0.540444162741748,0.336,0.313,0.00501295444494546,"4","SF3B5"
2.48089028320979e-07,0.402254642350373,0.351,0.322,0.00606627292050458,"4","TSPO"
3.26964885100021e-07,0.365773219654086,0.492,0.492,0.0079949453704657,"4","ICAM3"
3.42674222231359e-07,0.358492788759802,0.502,0.506,0.00837907008200118,"4","PRR13"
3.82251555925345e-07,0.51229656077709,0.393,0.387,0.00934681504548654,"4","NDUFB4"
5.34672330293021e-07,0.571761452458566,0.266,0.228,0.013073807820325,"4","GBP2"
6.82713890716912e-07,0.413970904646151,0.435,0.435,0.0166937200558099,"4","COPE"
7.02637713716862e-07,0.341365716501315,0.301,0.254,0.0171808973758047,"4","TIGIT"
7.07541380011164e-07,0.641537252352528,0.251,0.218,0.017300801824033,"4","TMEM160"
7.14301944458468e-07,0.434693701794719,0.44,0.428,0.0174661111458985,"4","UCP2"
8.5795026535896e-07,0.365060944472321,0.475,0.475,0.0209785998885573,"4","RSRP1"
8.8096196429621e-07,0.489068797338626,0.391,0.381,0.0215412819509709,"4","WAS"
9.67650110413153e-07,0.394623506204805,0.444,0.437,0.0236609804998224,"4","RABAC1"
1.01523483542861e-06,0.530275236623175,0.339,0.315,0.0248245221959003,"4","MPHOSPH8"
1.17237436589056e-06,0.416036459849551,0.329,0.297,0.028666897994756,"4","PRDX2"
1.24737813006189e-06,0.570760322559461,0.325,0.3,0.0305008900362732,"4","AAK1"
1.25867485130737e-06,0.343625392230791,0.455,0.439,0.0307771174641677,"4","LBH"
1.34769403212187e-06,0.42239533465028,0.422,0.415,0.0329538144734439,"4","VAMP8"
1.37878500391219e-06,0.471773353867271,0.386,0.377,0.0337140509156609,"4","LSM7"
2.18750869297179e-06,0.644194932630745,0.256,0.228,0.0534889625605462,"4","ZNHIT1"
2.62133351337941e-06,0.64012789406464,0.259,0.227,0.0640968470691534,"4","RSF1"
2.91680471793004e-06,0.429313254122267,0.417,0.413,0.0713217089628253,"4","CALM3"
3.94342801019899e-06,0.433926092728301,0.371,0.355,0.0964247017053856,"4","ZAP70"
4.00696997541835e-06,0.484244411893578,0.414,0.407,0.0979784298389294,"4","DDX17"
4.12649583732949e-06,0.418063434100423,0.377,0.365,0.100901076214381,"4","RBX1"
5.11762952144784e-06,0.541327384691558,0.257,0.226,0.125136277058443,"4","OCIAD2"
7.60412752761484e-06,0.585931728775992,0.297,0.271,0.185936126305238,"4","FKBP11"
8.01906143186052e-06,0.411476188447185,0.39,0.384,0.196082090131853,"4","GNAI2"
8.48510330387639e-06,0.389288016619754,0.45,0.453,0.207477745986386,"4","SEPT6"
9.44732646502644e-06,0.352097279616003,0.494,0.517,0.231006026722827,"4","ATP5MD"
1.00006633851089e-05,0.51038427477656,0.331,0.315,0.244536221092684,"4","MDH2"
1.36734324197001e-05,0.659934472170687,0.265,0.243,0.334342769526507,"4","METTL26"
1.43648206541177e-05,0.399540005597539,0.414,0.423,0.351248594634486,"4","PSMB3"
1.88478824355828e-05,0.5114113224558,0.29,0.266,0.46086842131487,"4","NUCKS1"
2.16787112259011e-05,0.401054646563412,0.406,0.406,0.530087846895734,"4","ABRACL"
2.77892061175155e-05,0.462112408972912,0.371,0.362,0.67950166798549,"4","TLN1"
2.90037208078657e-05,0.504979220056749,0.307,0.287,0.709198981193931,"4","PPP1R12A"
3.46810477495763e-05,0.601989230530688,0.262,0.239,0.848020979572639,"4","TMEM219"
3.81920732410529e-05,0.270159311532758,0.58,0.627,0.933872574890226,"4","COX7A2"
3.95417076674866e-05,0.398713348431774,0.458,0.473,0.966873835885383,"4","TAPBP"
4.08140382168468e-05,0.266811091711209,0.541,0.561,0.997984862478339,"4","HLA-F"
4.37266057874964e-05,0.333160020438541,0.441,0.447,1,"4","GNG5"
4.40911959386524e-05,0.387057332007447,0.382,0.373,1,"4","CCND3"
4.41272211911807e-05,0.480186663366501,0.285,0.265,1,"4","TALDO1"
6.04499514364539e-05,0.542148042214628,0.259,0.237,1,"4","MRPL52"
6.53257172794679e-05,0.355654791474968,0.451,0.453,1,"4","EIF4A2"
6.98924993395376e-05,0.455576967849322,0.329,0.316,1,"4","ECH1"
7.15128991841665e-05,0.381578670604575,0.363,0.348,1,"4","FCMR"
7.94283527987047e-05,0.556818392184768,0.271,0.253,1,"4","C19orf70"
8.17356289536928e-05,0.420310054095197,0.4,0.414,1,"4","SEM1"
0.000101825356762338,0.548024478683044,0.26,0.24,1,"4","COX14"
0.000105371216032856,0.483665418836609,0.352,0.343,1,"4","TUBB"
0.000107661485263997,0.517787618397606,0.323,0.313,1,"4","MRPS21"
0.000121087354640227,0.388825653123145,0.36,0.351,1,"4","BUB3"
0.000166435297327485,0.523221113444795,0.268,0.248,1,"4","NAP1L4"
0.000192408648086368,0.550561603488877,0.284,0.27,1,"4","MAP2K2"
0.000220174523398994,0.51264838223231,0.298,0.288,1,"4","SRI"
0.000232226305663915,0.410578823952308,0.39,0.394,1,"4","CSNK2B"
0.000237692036114828,0.364711700347246,0.405,0.409,1,"4","CDK2AP2"
0.00026113529836831,0.477310654535523,0.313,0.305,1,"4","GPI"
0.000376139887637737,0.519421746991256,0.262,0.246,1,"4","KRAS"
0.000492867272593641,0.530312896160148,0.259,0.247,1,"4","MRPL51"
0.000495449403018476,0.564565253245957,0.257,0.241,1,"4","LAMTOR1"
0.000559730791225291,0.546445493793394,0.251,0.236,1,"4","TGOLN2"
0.000785258633174606,0.321458572709806,0.429,0.438,1,"4","ANXA6"
0.000808187231423203,0.396089887186949,0.302,0.287,1,"4","RHOF"
0.00084891739001673,0.385714392487414,0.331,0.326,1,"4","SIGIRR"
0.00085447002617818,0.481130580160223,0.266,0.254,1,"4","TMEM179B"
0.000859415825583669,0.496799924405234,0.275,0.264,1,"4","POLR2E"
0.000977894308386601,0.323392693529668,0.464,0.509,1,"4","ATP5MF"
0.000983824328651592,0.384603850834192,0.31,0.297,1,"4","MATK"
0.0010023434514729,0.465372497425771,0.288,0.279,1,"4","BANF1"
0.0010502125301608,0.295781898309996,0.466,0.495,1,"4","SPCS1"
0.00108381696559661,0.487920424443983,0.296,0.289,1,"4","NDUFAF3"
0.00113005598888136,0.343243546384091,0.428,0.442,1,"4","CUTA"
0.00131411136735692,0.534724417079486,0.281,0.271,1,"4","TNFRSF14"
0.0013362761039194,0.453272816705016,0.286,0.275,1,"4","TSTD1"
0.00136010349409384,0.302488771377508,0.445,0.464,1,"4","C4orf3"
0.00166313246386889,0.287521857103443,0.497,0.534,1,"4","CAP1"
0.00170324338669737,0.417965212744515,0.304,0.297,1,"4","NDUFA2"
0.00222262235526138,0.331883379079424,0.384,0.391,1,"4","GNB2"
0.00270768883719813,0.478294905436137,0.282,0.274,1,"4","RHOC"
0.00448894609494114,0.271136431973639,0.493,0.521,1,"4","IL2RG"
0.00455516039118543,0.296427835298656,0.512,0.544,1,"4","MBNL1"
0.00455532145360076,0.344869793601402,0.414,0.434,1,"4","GNAS"
0.0052519245790287,0.319495036568051,0.316,0.304,1,"4","HOPX"
0.00713085817197851,0.311446976509973,0.389,0.41,1,"4","WDR1"
0.00739983806883939,0.421344432906742,0.32,0.321,1,"4","RBL2"
0.00869334071030012,0.296664040222886,0.4,0.421,1,"4","ARL6IP4"
0.00896576855747354,0.463243081606109,0.277,0.275,1,"4","MDH1"
0.00976354217370118,0.323242120244817,0.374,0.395,1,"4","PSMD8"
0,2.57577121499182,0.869,0.134,0,"5","FCER1G"
0,1.89248195731631,0.926,0.252,0,"5","TYROBP"
0,2.66623687677335,0.746,0.137,0,"5","KLRF1"
0,2.69201929515894,0.688,0.174,0,"5","CLIC3"
0,2.3107835009182,0.842,0.336,0,"5","IL2RB"
0,4.32394576909626,0.512,0.034,0,"5","B3GNT7"
0,2.51512708242415,0.675,0.2,0,"5","XCL1"
0,3.09469927033511,0.53,0.062,0,"5","SH2D1B"
0,3.12306299956864,0.533,0.082,0,"5","LAT2"
0,4.53238651521884,0.482,0.038,0,"5","GRAMD2B"
0,2.0821540757743,0.616,0.177,0,"5","CD160"
0,1.76662849410733,0.596,0.161,0,"5","IFITM3"
0,2.1257057139728,0.664,0.236,0,"5","AREG"
0,2.72087256139534,0.5,0.094,0,"5","IRF8"
0,2.98269393444745,0.465,0.063,0,"5","KLRC1"
0,2.17986187457484,0.54,0.147,0,"5","CD38"
0,1.58138443865728,0.896,0.555,0,"5","GSTP1"
0,3.0388548864633,0.365,0.05,0,"5","TOX2"
0,3.37504649779578,0.349,0.045,0,"5","KRT86"
0,3.69880479636323,0.333,0.036,0,"5","LZTFL1"
0,1.75026298989003,0.978,0.682,0,"5","CD7"
0,5.68597756044409,0.294,0.007,0,"5","ADGRG3"
0,2.91764350806358,0.278,0.038,0,"5","NCAM1"
9.88131291682493e-324,2.51426000348619,0.352,0.064,2.41617863442203e-319,"5","NCR1"
1.35304193024075e-313,1.04966455396208,0.987,0.871,3.30845812782467e-309,"5","IFITM1"
1.77750323451024e-304,1.79024889508109,0.403,0.085,4.34635090902445e-300,"5","TRDC"
2.07000640343163e-300,1.14313177026429,0.964,0.774,5.06157965767102e-296,"5","IFITM2"
1.67733043637013e-297,1.39542434610554,0.849,0.462,4.10140838301224e-293,"5","CD247"
1.23989848303387e-290,1.80871723442946,0.623,0.216,3.03179977071443e-286,"5","CEBPD"
1.4917436987483e-288,1.43352768906246,0.885,0.566,3.64761169217935e-284,"5","FAM177A1"
5.28919364964329e-278,1.49178363152789,0.849,0.491,1.29331363121078e-273,"5","SYTL3"
6.44815622703081e-272,1.3341454772654,0.873,0.511,1.57670316063357e-267,"5","PIK3R1"
6.19686716032541e-269,0.874007779794405,0.996,0.93,1.51525795804277e-264,"5","SRGN"
7.19618885405598e-267,2.52539657078205,0.307,0.058,1.75961209859377e-262,"5","ZBTB16"
1.0051779649269e-263,2.3514192113218,0.332,0.069,2.45786115983927e-259,"5","IL12RB2"
2.12698256269223e-261,1.63408167579191,0.701,0.322,5.20089776229505e-257,"5","MAP3K8"
1.23495306132316e-252,2.1239529992888,0.512,0.172,3.0197072255474e-248,"5","FASLG"
3.26715641673984e-249,1.43453772373057,0.796,0.436,7.98885087021226e-245,"5","FOSL2"
2.60510948554076e-246,2.65474438457378,0.25,0.042,6.37001371404427e-242,"5","GSN"
6.0340031175031e-245,2.62321766163223,0.353,0.087,1.47543444229186e-240,"5","RBBP8"
5.59042398206693e-240,1.92416889958773,0.502,0.166,1.36697047209501e-235,"5","TNFSF14"
2.13352349189385e-237,2.3295896184465,0.306,0.064,5.21689164237884e-233,"5","TRGC1"
1.90877802838326e-233,1.62913807896648,0.761,0.406,4.66734403500274e-229,"5","CEMIP2"
1.84392423680126e-232,2.39230054293553,0.414,0.122,4.50876354382645e-228,"5","ICAM1"
4.03982493986278e-229,1.4185414093303,0.84,0.576,9.87817994295247e-225,"5","REL"
1.41279585684445e-227,2.28625124789018,0.34,0.083,3.45456842915605e-223,"5","PLCG2"
2.43393409065313e-222,1.34326063028948,0.846,0.546,5.95145563846502e-218,"5","ADGRE5"
3.78204362549621e-219,1.84201971380227,0.565,0.214,9.24785307306334e-215,"5","XCL2"
7.07814304120407e-218,1.73728312079877,0.675,0.338,1.73074753643522e-213,"5","NFKB1"
1.43235318901197e-211,2.05585470289517,0.365,0.098,3.50239001777206e-207,"5","MCTP2"
5.32019792775183e-211,1.10833410540282,0.753,0.335,1.30089479729388e-206,"5","KLRD1"
7.45984937850079e-205,1.40102970849194,0.709,0.367,1.82408237003101e-200,"5","ARHGAP9"
1.46832088619155e-202,2.30689583337761,0.288,0.066,3.59033823091558e-198,"5","MARCH3"
5.41040267524287e-202,1.33993261694004,0.659,0.291,1.32295166215039e-197,"5","CMC1"
8.07970064407391e-197,1.4663975016451,0.616,0.272,1.97564840148895e-192,"5","MATK"
8.43387403347356e-197,1.4346692623032,0.603,0.254,2.06225087866495e-192,"5","AOAH"
1.01018913335035e-196,1.76026878883507,0.505,0.193,2.47011446886827e-192,"5","SLC16A3"
1.38109895512909e-195,1.18129271875963,0.832,0.519,3.37706316508165e-191,"5","VPS37B"
2.61854744929631e-188,1.31419633471026,0.678,0.344,6.40287222301935e-184,"5","CD63"
2.20792757252127e-183,1.44159465029653,0.664,0.35,5.39882450032901e-179,"5","CDC42SE1"
1.77936176110278e-182,1.5886020075096,0.486,0.181,4.35089537824852e-178,"5","S1PR5"
3.33090364915526e-181,2.40547654538199,0.257,0.059,8.14472560291443e-177,"5","DHRS3"
4.20202527329883e-176,1.24366332523068,0.8,0.538,1.02747921982703e-171,"5","HSPD1"
4.7435387152737e-176,1.47704463641045,0.617,0.299,1.15989008665873e-171,"5","CLDND1"
1.57568065797423e-170,1.64954842879243,0.452,0.168,3.85285434487859e-166,"5","PRR7"
2.16352127571883e-166,1.70976305290273,0.434,0.161,5.29024222338767e-162,"5","LMNB1"
4.16440284971222e-166,1.68260817939934,0.448,0.168,1.01827978481163e-161,"5","RAB11FIP1"
1.82872991919815e-165,1.97945361039758,0.264,0.065,4.47161039842333e-161,"5","TMIGD2"
9.40880842298574e-156,1.96073666451243,0.25,0.061,2.30064183558847e-151,"5","TXK"
1.52743635365601e-153,1.14902543439067,0.89,0.709,3.73488737195968e-149,"5","NR4A2"
1.61973442891816e-150,1.763139322216,0.309,0.092,3.96057462559069e-146,"5","FEZ1"
4.59751462093451e-149,1.4219762032663,0.632,0.351,1.12418427511091e-144,"5","PTP4A1"
7.02557457101971e-146,1.06711211109268,0.799,0.525,1.71789349410574e-141,"5","ZNF331"
3.70751203847636e-144,1.28274337128109,0.546,0.253,9.06560843648241e-140,"5","RHOC"
1.19289473709913e-143,1.18353439488421,0.665,0.375,2.9168662111548e-139,"5","APMAP"
4.0122861908109e-140,1.20490329126642,0.531,0.236,9.81084219377081e-136,"5","TIGIT"
5.60915920342462e-140,0.864985962241666,0.878,0.646,1.37155160842139e-135,"5","LITAF"
7.32521197230882e-139,1.0009059269483,0.854,0.621,1.79116083146895e-134,"5","YPEL5"
4.79753009866721e-137,1.6925732815743,0.296,0.09,1.17309205972611e-132,"5","YES1"
2.28031732583709e-134,1.44609604281522,0.57,0.298,5.57583192513684e-130,"5","KDM6B"
4.18342872904522e-134,0.629021369067566,0.865,0.482,1.02293199282614e-129,"5","KLRB1"
1.74145066604664e-131,1.31894555558237,0.508,0.232,4.25819516861724e-127,"5","CHST12"
2.16928066212676e-131,1.67870147241139,0.349,0.127,5.30432507503236e-127,"5","PDE4A"
3.34178972724137e-130,0.457339943596195,0.986,0.743,8.1713442410506e-126,"5","NKG7"
1.69732666109089e-129,1.62287026049509,0.411,0.169,4.15030315169944e-125,"5","H2AFJ"
2.86902959951032e-129,1.10172538884979,0.73,0.468,7.01535117672263e-125,"5","GADD45B"
1.12889522446283e-127,0.906789103416427,0.811,0.557,2.76037460285651e-123,"5","ALOX5AP"
3.32204905853246e-127,1.55910275210269,0.413,0.17,8.12307435792357e-123,"5","CASP3"
1.36294573459537e-124,1.39558850244168,0.478,0.22,3.33267491023259e-120,"5","ELL2"
5.92076118436196e-123,1.76313670219364,0.296,0.099,1.44774452480019e-118,"5","LRMP"
7.32044880468007e-123,1.42312493706728,0.614,0.356,1.78999614172037e-118,"5","RANBP2"
2.41637553982905e-120,1.31391597114347,0.663,0.424,5.90852146999001e-116,"5","ATP1B3"
5.25592037636163e-119,1.46628247601608,0.446,0.203,1.28517765042795e-114,"5","STX11"
2.74495504132574e-118,1.33361277415479,0.535,0.281,6.71196406704969e-114,"5","IFRD1"
2.11840277267625e-117,0.847737249106048,0.856,0.697,5.17991845974798e-113,"5","HSPE1"
7.4465367251299e-117,1.90687910595152,0.25,0.076,1.82082716002876e-112,"5","ABHD2"
4.85020111978718e-116,1.022091858982,0.626,0.358,1.18597117781036e-111,"5","IFNGR1"
5.40313594375889e-116,1.1181331443533,0.527,0.252,1.32117480096792e-111,"5","SLA2"
2.06477847913392e-113,1.37763222731306,0.443,0.203,5.04879633717826e-109,"5","TCIRG1"
2.58306389851611e-113,1.8323047044932,0.253,0.08,6.3161078446516e-109,"5","CTDP1"
4.33740993785419e-112,0.865476738953952,0.774,0.545,1.06058347800411e-107,"5","BZW1"
2.2732294448156e-111,1.01519140117641,0.676,0.413,5.55850063846309e-107,"5","RBM38"
3.7515383907388e-110,1.04782987910112,0.752,0.505,9.17326167303451e-106,"5","NFKBIA"
6.11762161547365e-110,1.37471892202983,0.428,0.195,1.49588083741562e-105,"5","FBXO34"
3.5267164205247e-109,0.924886380300862,0.738,0.504,8.62352699146699e-105,"5","ARF6"
4.84762969010784e-109,1.29805244118648,0.465,0.22,1.18534241182517e-104,"5","PDE7A"
1.90271587584741e-108,1.41604324839596,0.408,0.181,4.65252085962208e-104,"5","UPP1"
1.15368806985723e-106,1.34845875254864,0.318,0.116,2.82099806841489e-102,"5","FGR"
1.0981361700668e-105,1.50027799074157,0.359,0.149,2.68516256304735e-101,"5","OTULIN"
1.41619889655834e-105,1.1080689148257,0.315,0.115,3.46288954186444e-101,"5","CCL3"
6.55927229095624e-105,1.65163862694315,0.254,0.083,1.60387326058462e-100,"5","AGK"
8.17392295054494e-105,0.861630449821349,0.798,0.592,1.99868763986725e-100,"5","SQSTM1"
1.79415115534131e-104,1.34097654118507,0.421,0.192,4.38705840504057e-100,"5","LPCAT1"
4.60582898424885e-104,0.766178816881693,0.823,0.6,1.12621730322853e-99,"5","FYN"
8.84194211739491e-103,1.05447382522593,0.556,0.303,2.1620316865454e-98,"5","CSRNP1"
2.56393086129071e-101,1.61367565222416,0.287,0.105,6.26932374202804e-97,"5","PGRMC2"
3.77943887156163e-99,0.765990198679981,0.784,0.577,9.24148392874251e-95,"5","GZMM"
6.64865717933859e-99,1.15010560652128,0.561,0.317,1.62572965349187e-94,"5","CCND2"
3.63068277523286e-98,0.889157397129108,0.747,0.546,8.87774552199938e-94,"5","GNG2"
1.61388576376224e-97,1.56616388534672,0.297,0.113,3.94627346955144e-93,"5","ERGIC1"
1.26508699071089e-96,1.01704193040154,0.558,0.31,3.09339070968627e-92,"5","SERTAD1"
5.34745354587033e-96,1.54960464184768,0.26,0.09,1.30755934103621e-91,"5","ABCB1"
8.67056092765265e-92,0.515795888424317,0.952,0.879,2.12012555802963e-87,"5","PABPC1"
2.49705205418316e-91,1.02615075309152,0.589,0.355,6.10579168288866e-87,"5","RAB8B"
3.2429368953959e-91,1.02557874663605,0.63,0.407,7.92962929662206e-87,"5","TPM4"
3.64735595045907e-90,0.415786247991237,0.995,0.972,8.91851477006253e-86,"5","H3F3B"
2.03678160711846e-89,0.877639759402461,0.64,0.402,4.98033838572607e-85,"5","BCL3"
3.02589394203915e-89,0.769430159512048,0.833,0.663,7.39891586707413e-85,"5","TGFB1"
1.07471543802014e-88,0.486846399613078,0.841,0.631,2.62789418904684e-84,"5","DUSP1"
3.44912849223926e-88,0.599173025434148,0.935,0.821,8.43380898922345e-84,"5","HSP90AB1"
2.65090151778025e-87,0.876225128443019,0.608,0.364,6.48198439127628e-83,"5","NR4A3"
1.79403051259348e-86,1.53506646781874,0.299,0.123,4.38676340939359e-82,"5","MAFF"
5.90632290605152e-85,1.38074851562444,0.367,0.174,1.44421407698772e-80,"5","SEC14L1"
2.00630857021279e-84,1.2138540687545,0.357,0.16,4.90582571588432e-80,"5","METRNL"
3.52990620873473e-84,1.33865465287127,0.314,0.131,8.63132666159815e-80,"5","TMEM71"
8.65947885945438e-84,1.36204536628843,0.359,0.165,2.11741577071378e-79,"5","STARD3NL"
5.49508535027389e-83,0.95214261099501,0.624,0.387,1.34365826984897e-78,"5","STAT4"
2.57477409350392e-82,1.15831197594139,0.405,0.199,6.29583761343579e-78,"5","HCG18"
4.93173010321873e-82,1.10632934094065,0.484,0.266,1.20590664483904e-77,"5","TIPARP"
5.08223978558787e-82,1.07631584401238,0.526,0.31,1.24270927237195e-77,"5","MOB4"
1.66485097726416e-81,1.4476140621484,0.254,0.095,4.07089360960632e-77,"5","GFOD1"
1.88835774176539e-79,1.30524782266462,0.296,0.123,4.61741235016473e-75,"5","HSH2D"
3.81847441762019e-79,1.33961790955366,0.351,0.164,9.33693364596489e-75,"5","BIRC2"
1.70741356862463e-78,1.00120936123445,0.346,0.153,4.17496765800096e-74,"5","LYN"
1.78444817013494e-78,0.932495743930079,0.504,0.28,4.36333266561395e-74,"5","SATB1"
5.71535777422336e-78,0.79184035449182,0.728,0.528,1.3975192829531e-73,"5","DNAJB6"
1.8653172114228e-75,1.18435913805706,0.329,0.147,4.56107364537103e-71,"5","PIK3AP1"
2.46827704494903e-75,0.876968796480632,0.626,0.417,6.03543103030936e-71,"5","SYAP1"
1.01332520594014e-74,0.777119684075754,0.664,0.431,2.47778279356484e-70,"5","PDE4B"
1.7410960893392e-74,0.646568248652384,0.854,0.673,4.25732815765222e-70,"5","LDHA"
6.20519172100194e-74,1.33441515193573,0.332,0.156,1.51729347961939e-69,"5","DENND4A"
6.38106767453146e-74,0.947879008870633,0.444,0.237,1.56029866777643e-69,"5","NR4A1"
2.07690200684907e-73,1.17135965628792,0.356,0.17,5.07844078714736e-69,"5","SACM1L"
1.09926338757503e-72,1.14413565266621,0.425,0.229,2.68791883529847e-68,"5","MAP2K3"
1.88516761596476e-72,1.31491249806728,0.283,0.12,4.60961185455702e-68,"5","CCDC93"
2.94596432416968e-71,0.948334766599443,0.454,0.246,7.20347196545969e-67,"5","PLEKHA2"
1.20041941373822e-70,1.30754343554363,0.297,0.132,2.9352655504727e-66,"5","BCL2L11"
4.18344733421463e-70,0.872174224549053,0.57,0.355,1.02293654216216e-65,"5","SKIL"
4.68632687312692e-68,0.89740970994295,0.515,0.308,1.14590064701699e-63,"5","CSNK1D"
2.05447715021399e-67,0.924438930960226,0.473,0.267,5.02360752770324e-63,"5","GYG1"
4.44554657224424e-67,0.969267396637506,0.502,0.295,1.08702504784516e-62,"5","PITPNC1"
4.69354280155335e-67,0.660007299015607,0.8,0.648,1.14766508583582e-62,"5","SRSF2"
2.33557312325306e-66,0.496399241278688,0.93,0.876,5.71094340097839e-62,"5","UBB"
3.79805475248922e-66,0.914360169726417,0.551,0.357,9.28700348078665e-62,"5","RELB"
2.89804393238993e-65,1.22207434984168,0.304,0.142,7.08629702347985e-61,"5","TESC"
1.7767131043569e-64,0.775240528132779,0.698,0.53,4.3444188827735e-60,"5","EIF3G"
2.21725800041921e-62,1.85021815954643,0.337,0.18,5.42163926262506e-58,"5","BCL2A1"
9.3271445280537e-62,0.897368564583745,0.503,0.301,2.28067337999969e-57,"5","RALGAPA1"
1.13108408633996e-61,0.653219813249901,0.729,0.559,2.76572680791847e-57,"5","JAK1"
2.69667668428547e-61,1.37938569582239,0.339,0.176,6.59391382841483e-57,"5","TWISTNB"
2.43515561586684e-60,0.419112214396093,0.929,0.835,5.95444251191759e-56,"5","YWHAZ"
1.00925861229964e-59,1.17675192004794,0.318,0.158,2.46783915879509e-55,"5","MPG"
1.03984409781871e-59,0.857455748734857,0.508,0.307,2.5426267879863e-55,"5","APOBEC3G"
1.33626224133673e-59,0.867223075577252,0.428,0.238,3.26742843251657e-55,"5","PFKFB3"
5.49114134508989e-59,0.769515809224445,0.454,0.253,1.34269388170138e-54,"5","CXCR6"
6.1789395875428e-59,0.671796005975587,0.708,0.532,1.51087430794597e-54,"5","EMD"
1.56097891496343e-58,0.653603934542931,0.609,0.399,3.81690564286859e-54,"5","EFHD2"
2.31833326960779e-58,0.861004379076461,0.573,0.382,5.66878851084497e-54,"5","IDI1"
4.51779320986642e-58,0.965663175128864,0.444,0.261,1.10469079567654e-53,"5","JMJD6"
2.41639500644879e-57,0.73381714172204,0.63,0.44,5.90856906976859e-53,"5","SLC38A1"
6.40135034177973e-57,1.02679622208399,0.359,0.188,1.56525818557198e-52,"5","GATA3"
4.69923991580731e-56,1.0810809751887,0.311,0.156,1.1490581442132e-51,"5","SLC25A39"
4.73925427662956e-56,1.1353650384328,0.272,0.126,1.15884245572146e-51,"5","LPIN1"
1.83632707483859e-54,1.14972207997878,0.367,0.205,4.49018696339531e-50,"5","CD83"
7.84745809141384e-54,0.919049223606524,0.426,0.25,1.91886045251251e-49,"5","MAPK1"
1.5441040569255e-52,1.09500564755919,0.278,0.135,3.77564323999424e-48,"5","MOB3A"
3.55428352060391e-52,0.520475863585259,0.827,0.703,8.69093406458068e-48,"5","NCL"
4.46871637232433e-52,1.11952301480579,0.264,0.125,1.09269052736075e-47,"5","RIN3"
7.8264255187067e-52,0.69783796327903,0.642,0.474,1.91371756783416e-47,"5","SDCBP"
7.91641513377814e-52,1.05254523003371,0.411,0.247,1.93572182851143e-47,"5","NINJ1"
1.05902119569786e-51,1.04734342656808,0.327,0.172,2.5895186277204e-47,"5","BRAF"
9.6569469926604e-51,0.272106917697278,0.741,0.498,2.36131667864532e-46,"5","PRF1"
1.22851732468288e-50,0.86170368508835,0.455,0.284,3.00397056231458e-46,"5","ETF1"
1.66991171021375e-50,1.11791351933879,0.264,0.127,4.08326811381465e-46,"5","ELMSAN1"
8.66400258809463e-50,0.72276805117415,0.525,0.344,2.1185219128409e-45,"5","BST2"
1.91594288470532e-48,1.103856335826,0.276,0.139,4.68486354168144e-44,"5","CD300A"
2.87562338408712e-48,0.896244113605589,0.394,0.23,7.03147429876983e-44,"5","ZC3H12A"
4.06599681122483e-48,0.500703707376824,0.839,0.717,9.94217540280695e-44,"5","TAGLN2"
6.05954047204778e-48,0.764840005061234,0.508,0.327,1.48167883622512e-43,"5","ACTN4"
6.38125313219929e-48,0.434336710162812,0.938,0.88,1.56034401588537e-43,"5","HSP90AA1"
1.46287385291866e-47,0.64377733265278,0.646,0.469,3.5770191451567e-43,"5","NFE2L2"
7.48204590256912e-45,0.804915028722835,0.532,0.364,1.8295098640962e-40,"5","ITGA4"
1.16363228289719e-44,0.908515199549315,0.388,0.234,2.8453136581402e-40,"5","GLUD1"
3.32436999901337e-44,0.877119747388218,0.381,0.226,8.12874952158749e-40,"5","GPCPD1"
3.54135515361012e-44,0.404658071105018,0.808,0.654,8.65932162160746e-40,"5","DNAJA1"
6.26746045194312e-44,0.989337648880295,0.321,0.177,1.53251942970913e-39,"5","NARF"
7.08139677538778e-44,0.470533664293308,0.784,0.603,1.73154313951782e-39,"5","CCL4"
7.46057389579261e-44,1.02402896737762,0.38,0.233,1.82425952899921e-39,"5","IL27RA"
9.57537808810482e-44,1.1330537014304,0.253,0.126,2.34137145010339e-39,"5","SKAP2"
1.16287204980364e-43,1.06625287505781,0.27,0.14,2.84345473617986e-39,"5","EI24"
4.92751711973709e-43,0.705052657133998,0.564,0.401,1.20487648611811e-38,"5","CD164"
5.18567273772939e-43,1.08045425624529,0.332,0.193,1.26800069782959e-38,"5","RAB9A"
1.22173570383562e-42,0.856643679380931,0.292,0.153,2.98738814301887e-38,"5","ADAM8"
1.59017251107295e-42,0.379556174859834,0.916,0.854,3.88828982407557e-38,"5","DDX5"
3.1233653172349e-42,0.758961011963211,0.7,0.555,7.63725287370278e-38,"5","HSP90B1"
3.30240639100151e-42,0.439987670640588,0.789,0.62,8.0750441072769e-38,"5","MCL1"
4.20168422118833e-42,0.813077556842312,0.435,0.276,1.02739582576497e-37,"5","RHOF"
6.28034561524015e-42,0.68688785443597,0.59,0.429,1.53567010983852e-37,"5","TAGAP"
7.29076989867081e-42,0.664156859722173,0.546,0.368,1.78273905562299e-37,"5","PRKCH"
9.51665856622275e-42,0.53064076320008,0.674,0.511,2.32701335261279e-37,"5","SRSF3"
1.23126918108951e-41,0.529148510566899,0.322,0.174,3.01069940160008e-37,"5","SPON2"
1.26046234300018e-41,0.571710156583139,0.401,0.234,3.08208252110405e-37,"5","PLAC8"
1.73287240079715e-41,0.768724589329778,0.456,0.292,4.23721959442919e-37,"5","B4GALT1"
9.6199072577925e-41,0.52523677459362,0.713,0.551,2.35225972267542e-36,"5","WIPF1"
1.05136364387114e-40,0.880059252704891,0.324,0.184,2.57079438199372e-36,"5","ACAA2"
1.62815383680612e-40,0.951614779309998,0.299,0.166,3.98116176175831e-36,"5","DCTN6"
1.71560159556661e-40,0.899134868565229,0.354,0.21,4.19498902147948e-36,"5","RNF115"
1.7510182740484e-40,0.677917110766089,0.535,0.376,4.28158988370314e-36,"5","CHD1"
1.89285110952711e-40,0.865732949834214,0.34,0.195,4.62839953301568e-36,"5","RNF168"
5.06453052798525e-40,0.937779360100565,0.266,0.139,1.23837900470295e-35,"5","TRAPPC10"
8.00484595496106e-40,0.414125034442115,0.922,0.81,1.95734493290708e-35,"5","ZFP36"
1.19122893729616e-39,0.6774376071233,0.507,0.346,2.91279299747658e-35,"5","RASSF5"
8.87733586814505e-39,0.929564580594773,0.314,0.181,2.17068616647883e-34,"5","TRIM28"
1.26446561505911e-38,0.44314270848555,0.723,0.539,3.09187132194253e-34,"5","SH2D2A"
1.32761925087955e-38,0.490975671944611,0.75,0.61,3.24629459225068e-34,"5","PDIA3"
3.21788104451696e-38,0.292154234611705,0.989,0.934,7.86836273005288e-34,"5","BTG1"
5.73407309971945e-38,0.856290225129105,0.355,0.214,1.4020955543434e-33,"5","TES"
9.99026148206452e-38,0.858045413387431,0.309,0.177,2.44281873759442e-33,"5","HELZ"
2.59858693887937e-37,0.673026193284846,0.473,0.319,6.35406478294784e-33,"5","GABARAPL1"
3.42240798231185e-37,0.47190177079476,0.786,0.673,8.36847199834894e-33,"5","CALR"
6.31598143744663e-37,0.667506201942507,0.518,0.358,1.54438378108445e-32,"5","RNF125"
7.0187276707277e-37,0.500807171601773,0.59,0.426,1.71621929004634e-32,"5","JUND"
7.33752091863766e-37,0.520660764429805,0.771,0.643,1.79417061502528e-32,"5","HSPA5"
6.02099951111482e-36,0.377537118208948,0.807,0.662,1.4722548004578e-31,"5","SFPQ"
7.09918468430001e-36,0.722556003009614,0.426,0.273,1.73589263900504e-31,"5","DOK2"
8.50366456459633e-36,0.888152058399773,0.364,0.23,2.07931605933509e-31,"5","SFT2D1"
1.16262639195248e-35,0.592203974703032,0.508,0.345,2.84285405360222e-31,"5","SOCS1"
1.30916575666174e-35,0.494557818677468,0.753,0.613,3.20117210818929e-31,"5","IRF1"
1.90464986997159e-35,0.836096741670756,0.307,0.176,4.65724986205453e-31,"5","SIPA1"
3.01633298122099e-35,0.972669185350682,0.301,0.178,7.37553740568157e-31,"5","PABPC4"
3.56222795596462e-35,0.642733760382461,0.578,0.436,8.7103597979247e-31,"5","ARF4"
4.49743020034368e-35,0.869074898303404,0.324,0.194,1.09971163258804e-30,"5","TINF2"
5.68561605936118e-35,0.629172364092704,0.431,0.276,1.390246838835e-30,"5","SH2D1A"
1.93169516905277e-34,0.373805988068138,0.543,0.365,4.72338102736784e-30,"5","TRBC1"
4.3352029246723e-34,0.894960610330987,0.286,0.165,1.06004381914087e-29,"5","ARFGAP3"
1.3424148133037e-33,0.762652782719689,0.343,0.208,3.28247270149021e-29,"5","OFD1"
1.73302704342557e-33,0.609661728462115,0.533,0.381,4.2375977265842e-29,"5","AKNA"
2.79485692644415e-33,0.712880192817444,0.359,0.222,6.83398415654123e-29,"5","H2AFX"
2.87215076603849e-33,0.511985119334491,0.663,0.52,7.02298305311732e-29,"5","SERBP1"
3.78928203942649e-33,0.821751251757375,0.314,0.186,9.26555244280566e-29,"5","NXT1"
4.0805027500465e-33,0.590772450117692,0.53,0.377,9.97764532441369e-29,"5","OSTF1"
9.36440622366071e-33,0.986530232081604,0.301,0.181,2.28978460980952e-28,"5","HECTD1"
1.15745823669579e-32,0.832276758546272,0.386,0.253,2.83021688036854e-28,"5","CNOT2"
1.91158511869276e-32,0.851286549123241,0.32,0.196,4.67420793222754e-28,"5","ARL4A"
2.64134897192754e-32,0.632312370500193,0.477,0.334,6.45862650615723e-28,"5","PRKAR1A"
2.80739957297895e-32,0.792480676846773,0.27,0.152,6.86465343584812e-28,"5","UBTF"
3.374148259467e-32,0.70808935339382,0.415,0.28,8.25046732404872e-28,"5","ADSS"
3.65056481491393e-32,0.688140461581962,0.462,0.322,8.92636108542753e-28,"5","LPXN"
4.15064233752059e-32,0.606907973150056,0.514,0.367,1.01491506437053e-27,"5","PRDX5"
7.43990220020858e-32,0.586720301583894,0.558,0.415,1.819204885995e-27,"5","ARID4B"
2.00578850643139e-31,0.626271382818653,0.438,0.295,4.90455405592603e-27,"5","ARID5A"
2.30854467898499e-31,0.459706525911284,0.742,0.631,5.6448534490541e-27,"5","ATP6V0C"
3.62113369574198e-31,0.753010359760792,0.353,0.223,8.8543961128283e-27,"5","PHF20L1"
3.85081592917369e-31,0.83009381198865,0.32,0.197,9.41601511001551e-27,"5","SEC23B"
1.20434450240469e-30,0.28723964825736,0.916,0.728,2.94486317727995e-26,"5","CREM"
2.78759547569432e-30,0.313265354941915,0.881,0.8,6.81622845716775e-26,"5","HNRNPA2B1"
3.18097094257509e-30,0.702697292024758,0.456,0.321,7.77811014878461e-26,"5","POLR2K"
6.62705030163374e-30,0.479169644857017,0.632,0.481,1.62044633975548e-25,"5","EML4"
6.80143358353868e-30,0.851271540082375,0.311,0.193,1.66308653984688e-25,"5","CTNNB1"
9.23407088319083e-30,0.651508075276697,0.504,0.372,2.25791501235782e-25,"5","VAPA"
2.60370298302389e-29,0.442765403918953,0.649,0.494,6.36657453409001e-25,"5","ETS1"
5.20129267838251e-29,0.708369870427694,0.337,0.213,1.27182008571809e-24,"5","SAR1A"
5.92388926532774e-29,0.47166964244157,0.662,0.53,1.44850940315794e-24,"5","SRSF5"
6.16444168129943e-29,0.639532594515513,0.298,0.175,1.50732927991134e-24,"5","TOX"
6.52147646626928e-29,0.750511009584296,0.28,0.163,1.59463142553216e-24,"5","MYBL1"
6.88733298547777e-29,0.702799573592472,0.407,0.278,1.68409066160902e-24,"5","CHMP1B"
1.07026981672825e-28,0.719329464162746,0.312,0.191,2.61702375586392e-24,"5","THUMPD3-AS1"
1.10895842190449e-28,0.558038373822972,0.356,0.225,2.71162513324086e-24,"5","PPP1R16B"
1.19079200202694e-28,0.670383969820031,0.343,0.215,2.91172460335627e-24,"5","PSTPIP1"
5.01443720327577e-28,0.56547659987051,0.463,0.325,1.22613018494499e-23,"5","MAPRE2"
5.51655742992885e-28,0.661735633501015,0.421,0.294,1.3489086227662e-23,"5","INSIG1"
6.01411739433248e-28,0.486802434758436,0.495,0.346,1.47057198526218e-23,"5","RUNX3"
1.15013131963574e-27,0.626622989841584,0.365,0.236,2.81230110277331e-23,"5","JOSD1"
3.1932049779637e-27,0.681081579569625,0.355,0.231,7.80802481211684e-23,"5","PTPN2"
6.28745119956399e-27,0.613847011997317,0.446,0.314,1.53740756731739e-22,"5","IQGAP2"
1.27263502940442e-26,0.303094683276731,0.929,0.909,3.11184717389969e-22,"5","ACTG1"
1.28770049383103e-26,0.741768532600725,0.298,0.184,3.14868524751563e-22,"5","ADD1"
1.32788272115017e-26,0.61768840724741,0.422,0.291,3.24693882975639e-22,"5","ISCA1"
1.76946818754245e-26,0.461072666393606,0.532,0.384,4.3267036121788e-22,"5","PTPN22"
2.38163880036519e-26,0.448961455895043,0.676,0.56,5.82358319465296e-22,"5","EIF4G2"
2.72930778462667e-26,0.511509528408866,0.453,0.315,6.67370339496913e-22,"5","HMGN3"
2.99645464785399e-26,0.641785906058814,0.258,0.151,7.32693090493258e-22,"5","GPR18"
3.08033255165284e-26,0.325607036319115,0.647,0.506,7.53202915530152e-22,"5","TUBB4B"
5.19157498756609e-26,0.290237611682698,0.798,0.68,1.26944391595966e-21,"5","ITGB2"
1.19667315136729e-25,0.517574975230206,0.513,0.383,2.9261051897233e-21,"5","EIF4A1"
1.20841167121072e-25,0.557390274617166,0.406,0.275,2.95480821844444e-21,"5","TSEN54"
1.30699954532494e-25,0.688329263742895,0.342,0.224,3.19587528822853e-21,"5","UBE2J1"
1.41383327341016e-25,0.66317047957315,0.432,0.313,3.45710512014253e-21,"5","LAPTM4A"
1.75670628488181e-25,0.710231865220783,0.353,0.235,4.29549820779301e-21,"5","AHSA1"
2.1705808974622e-25,0.367012177474801,0.686,0.551,5.30750441047457e-21,"5","PDCD4"
5.02129061844467e-25,0.605907794669534,0.437,0.31,1.22780598202209e-20,"5","HNRNPAB"
9.87949157509114e-25,0.636726592239125,0.374,0.259,2.41573327994129e-20,"5","NDUFV1"
1.01728581730413e-24,0.707366023682081,0.278,0.172,2.48746728047205e-20,"5","TGIF1"
1.04643778767707e-24,0.492649525437014,0.53,0.404,2.55874967842796e-20,"5","STRAP"
2.26371109619419e-24,0.373441915278965,0.717,0.612,5.53522637241404e-20,"5","IER2"
2.30118207629727e-24,0.74988868282415,0.27,0.166,5.62685041296207e-20,"5","SIRT2"
7.50990001473344e-24,0.585989331753373,0.425,0.3,1.83632075160262e-19,"5","DNTTIP2"
7.99786564773629e-24,0.931112872543992,0.256,0.159,1.95563810818448e-19,"5","GNL3"
9.6388274493673e-24,0.400785545050629,0.682,0.566,2.35688608791929e-19,"5","KMT2E"
1.23286647528927e-23,0.656213559785699,0.263,0.16,3.01460510537733e-19,"5","CCDC69"
1.85486974033885e-23,0.559985996637125,0.445,0.317,4.53552748907657e-19,"5","CDK17"
2.89938175645889e-23,0.408457447616184,0.655,0.533,7.08956827089329e-19,"5","NDUFB2"
2.95588972816207e-23,0.683620784565591,0.272,0.17,7.22774156330189e-19,"5","MRPL14"
3.36768655924802e-23,0.332280659136786,0.734,0.596,8.23466717467326e-19,"5","BRD2"
4.205184065372e-23,0.783224442526813,0.265,0.166,1.02825160766476e-18,"5","INPP5D"
4.2417901956562e-23,0.713353130847095,0.31,0.206,1.03720253864185e-18,"5","STIP1"
8.35091991277101e-23,0.594080384799046,0.5,0.379,2.04196693707077e-18,"5","ELOVL5"
9.59866423671865e-23,0.488061091033921,0.481,0.356,2.34706537916245e-18,"5","SURF4"
1.03810092754465e-22,0.696363192029616,0.275,0.174,2.53836438803219e-18,"5","GCH1"
1.71599579373259e-22,0.606454240419147,0.305,0.196,4.19595291483493e-18,"5","LASP1"
2.04782905345195e-22,0.509499833559814,0.481,0.357,5.00735160150071e-18,"5","USP36"
4.15108483509992e-22,0.412213868316026,0.601,0.483,1.01502326387863e-17,"5","AKAP13"
6.33528518938921e-22,0.475317463224171,0.515,0.394,1.54910393450945e-17,"5","SMAP2"
6.38736412096204e-22,0.458147186640398,0.366,0.246,1.56183827485764e-17,"5","NUCB2"
8.85520985499336e-22,0.406165152579671,0.502,0.365,2.16527591374298e-17,"5","CD96"
1.18618395973479e-21,0.478076730120237,0.432,0.308,2.90045701834352e-17,"5","ABHD17A"
1.36823217083144e-21,0.620335845351555,0.318,0.211,3.34560130411705e-17,"5","SPPL2A"
1.63422166757316e-21,0.564850746357792,0.373,0.26,3.99599882154988e-17,"5","KDELR2"
1.72741202173873e-21,0.346738827189806,0.74,0.649,4.22386787555554e-17,"5","HNRNPK"
1.80740553461812e-21,0.529440644954051,0.432,0.314,4.41946801324822e-17,"5","CMTM6"
1.88444862941871e-21,0.615803027767023,0.368,0.258,4.60785378865463e-17,"5","NFKB2"
5.85514680145877e-21,0.460304461398029,0.508,0.389,1.4317004958927e-16,"5","GPBP1"
6.47393755377065e-21,0.359006024778344,0.622,0.488,1.583007210648e-16,"5","TNFRSF1B"
1.81106353309084e-20,0.685660918836204,0.258,0.165,4.42841255111373e-16,"5","INTS6"
1.93968796710052e-20,0.408821550920149,0.55,0.424,4.7429250171542e-16,"5","CCNH"
2.16456451147695e-20,0.539550526478737,0.272,0.171,5.29279314346343e-16,"5","AGTRAP"
2.63433906975055e-20,0.760700652010237,0.38,0.275,6.44148589335405e-16,"5","NFKBIZ"
4.48460808280603e-20,0.459028390876773,0.481,0.363,1.09657636840773e-15,"5","MAT2A"
8.84807609914196e-20,0.304551116895946,0.695,0.565,2.16353156776219e-15,"5","CTSW"
9.9773176237917e-20,0.477672036401421,0.38,0.269,2.43965370536955e-15,"5","BHLHE40"
1.25420386789837e-19,0.616982694227573,0.326,0.223,3.06677929778509e-15,"5","CTR9"
1.51901732470715e-19,0.597168155826119,0.336,0.236,3.71430116237392e-15,"5","PLIN2"
2.62851564063367e-19,0.529489161967496,0.306,0.203,6.42724644447744e-15,"5","SCML4"
2.87141081344569e-19,0.381773994953996,0.55,0.431,7.02117372103739e-15,"5","GPR65"
2.97772907629171e-19,0.47992671196815,0.41,0.298,7.2811431373485e-15,"5","YWHAE"
3.25404387846149e-19,0.663937808447237,0.267,0.175,7.95678809161404e-15,"5","ATXN10"
3.3907457274692e-19,0.631337704528802,0.346,0.245,8.2910514528077e-15,"5","DDX3Y"
5.15956998844117e-19,0.564837133824278,0.345,0.242,1.26161805357364e-14,"5","SH3GLB1"
6.91081830948241e-19,0.312915435882777,0.746,0.616,1.68983329303464e-14,"5","DDIT4"
9.10709333440986e-19,0.530697199155526,0.384,0.277,2.2268664621299e-14,"5","MYDGF"
1.01859823340163e-18,0.40710856601602,0.664,0.568,2.49067640031368e-14,"5","HNRNPC"
1.2624358703168e-18,0.618934026858062,0.279,0.187,3.08690819009864e-14,"5","DNAJB11"
1.4843745395124e-18,0.291631453231858,0.703,0.598,3.62959262401573e-14,"5","TPI1"
1.54531696880391e-18,0.762437629084918,0.256,0.168,3.77860905211932e-14,"5","BORCS5"
1.7392097576259e-18,0.567390332848765,0.353,0.25,4.25271569934686e-14,"5","ANP32A"
2.13435872281884e-18,0.668217767357646,0.279,0.187,5.21893394903662e-14,"5","HIST1H1E"
3.51131902524951e-18,0.367557856141662,0.519,0.399,8.5858772805401e-14,"5","DDX17"
5.58956924121107e-18,0.563302627254643,0.326,0.227,1.36676147086093e-13,"5","DDX27"
6.67172168114062e-18,0.533523778435014,0.318,0.218,1.6313693854725e-13,"5","CCSER2"
2.02107892405931e-17,0.444446694401495,0.512,0.405,4.94194218510983e-13,"5","FAM49B"
2.68720268219297e-17,0.539682856573092,0.378,0.274,6.57074799849824e-13,"5","NDUFS8"
3.84262645832658e-17,0.531668643962734,0.317,0.22,9.39599021590015e-13,"5","CD81"
3.87715168969071e-17,0.449916513004368,0.359,0.253,9.48041131163172e-13,"5","LNPEP"
5.39724112659479e-17,0.275621177280453,0.719,0.619,1.31973340027496e-12,"5","POLR2L"
5.40458930486271e-17,0.425946663079355,0.518,0.409,1.32153017682503e-12,"5","EWSR1"
1.0432476840456e-16,0.588858766090174,0.258,0.173,2.55094923702831e-12,"5","FYTTD1"
1.1058486438018e-16,0.446250882215916,0.381,0.282,2.70402110382416e-12,"5","PPP1R10"
1.53904145049117e-16,0.407512376435992,0.514,0.41,3.763264154741e-12,"5","XBP1"
1.71849389018012e-16,0.366912464757883,0.653,0.559,4.20206126026844e-12,"5","ISG20"
1.90698914140429e-16,0.417749285806162,0.478,0.371,4.66296984856177e-12,"5","PTGER4"
3.65737174839472e-16,0.510791358068842,0.349,0.255,8.94300539917477e-12,"5","CYLD"
4.60040458294464e-16,0.347428704323444,0.375,0.265,1.12489092862162e-11,"5","FKBP11"
4.61155199948247e-16,0.339167650892365,0.617,0.511,1.12761669491345e-11,"5","HNRNPA0"
5.32731154857952e-16,0.411772005106419,0.514,0.409,1.30263421985866e-11,"5","BSG"
7.62600285187234e-16,0.255113688878111,0.767,0.687,1.86471021733983e-11,"5","SLC25A3"
1.16474222266591e-15,0.59919165626833,0.268,0.185,2.84802768286268e-11,"5","DNM2"
1.22082914282207e-15,0.446790993269134,0.338,0.239,2.98517142002853e-11,"5","SASH3"
1.25073440294734e-15,0.425163339661219,0.401,0.299,3.05829576208684e-11,"5","KPNA2"
1.77636963093839e-15,0.516833066139121,0.331,0.241,4.34357902157054e-11,"5","PNPLA8"
2.00914867225295e-15,0.545444997812716,0.257,0.173,4.91277033339292e-11,"5","PRKX"
2.26251716329329e-15,0.383511704837505,0.534,0.431,5.53230696768475e-11,"5","HNRNPUL1"
3.98853136804542e-15,0.420383707193349,0.348,0.252,9.75275690114465e-11,"5","NUP98"
4.22644385848601e-15,0.2568783658054,0.773,0.693,1.033450052277e-10,"5","LCP1"
1.08618480739525e-14,0.616084767856122,0.292,0.21,2.65593909104287e-10,"5","GNA13"
1.16524590796641e-14,0.473640282397699,0.322,0.234,2.84925929415945e-10,"5","METTL9"
1.24723952103067e-14,0.36024212195807,0.507,0.406,3.04975007682418e-10,"5","HSPA9"
1.52812394233981e-14,0.461691335758301,0.371,0.278,3.73656866380931e-10,"5","SEPT2"
1.61287617258582e-14,0.345860045534554,0.462,0.358,3.94380481720686e-10,"5","SLA"
2.15049062499482e-14,0.532581189444168,0.255,0.174,5.25837967623733e-10,"5","G6PD"
5.0953029330501e-14,0.513159518545003,0.304,0.218,1.24590347318941e-09,"5","CCNT1"
9.40754415030564e-14,0.282285610278345,0.668,0.574,2.30033269563274e-09,"5","RBM39"
1.46246192521315e-13,0.322741735276268,0.533,0.426,3.5760118995312e-09,"5","PAXX"
1.70811420279093e-13,0.444562452846675,0.279,0.197,4.17668084866438e-09,"5","OGT"
1.87217325488804e-13,0.525904478842608,0.405,0.324,4.57783804285223e-09,"5","BAZ1A"
1.89700932241549e-13,0.403859689823051,0.463,0.364,4.63856719517035e-09,"5","BCAS2"
2.78875701841219e-13,0.266031461348105,0.75,0.68,6.81906866142148e-09,"5","PCBP1"
2.95342714141198e-13,0.351348146262164,0.531,0.439,7.22172004618058e-09,"5","EIF5A"
3.14434923864884e-13,0.317228826263164,0.616,0.53,7.68856275834415e-09,"5","CYCS"
3.17973623117842e-13,0.397878643861325,0.501,0.4,7.77509103247748e-09,"5","IQGAP1"
3.49388360199521e-13,0.569167114019106,0.256,0.181,8.54324418359869e-09,"5","CPSF6"
4.64736962386175e-13,0.292915820173548,0.652,0.551,1.13637482042667e-08,"5","HNRNPU"
6.34343647170145e-13,0.437349541493722,0.339,0.252,1.55109708606044e-08,"5","MACF1"
6.35617897426289e-13,0.477973329390024,0.33,0.247,1.55421288278676e-08,"5","RBM17"
8.33970501434916e-13,0.437302915537853,0.297,0.214,2.03922467010866e-08,"5","SRP54"
1.05067816575486e-12,0.395994228568455,0.442,0.349,2.56911825090379e-08,"5","CCDC85B"
1.21993474235405e-12,0.424234294153273,0.36,0.273,2.98298443200413e-08,"5","TRA2A"
1.48216351933937e-12,0.452533218216369,0.279,0.202,3.62418623748863e-08,"5","MORF4L2"
1.50283900949209e-12,0.443305069399176,0.285,0.205,3.67474194601005e-08,"5","NUTF2"
1.5155211884773e-12,0.448198450033033,0.293,0.212,3.70575241006469e-08,"5","SMARCA2"
2.91924631993267e-12,0.375494961675659,0.328,0.241,7.13814110149935e-08,"5","CRYBG1"
3.13424965300039e-12,0.491966333128752,0.267,0.191,7.66386725151655e-08,"5","PSMC1"
3.58921312278293e-12,0.420089903305993,0.338,0.255,8.77634392782881e-08,"5","PSMD13"
4.8978717139865e-12,0.502035832201745,0.269,0.194,1.19762759150398e-07,"5","PRPF38A"
5.26399147756701e-12,0.42228191251519,0.285,0.206,1.28715119609469e-07,"5","RNF138"
6.53776453116362e-12,0.376272295351454,0.351,0.267,1.59861418316013e-07,"5","RAB2A"
8.38680537275378e-12,0.444158065260217,0.316,0.237,2.05074164974575e-07,"5","TNIP1"
8.42106717523748e-12,0.320587189654201,0.509,0.412,2.05911934568907e-07,"5","MAGOH"
1.49947724393291e-11,0.374976344759695,0.379,0.293,3.66652175686474e-07,"5","PPP2R1A"
2.11183641618468e-11,0.475685070751379,0.256,0.185,5.16386240485477e-07,"5","EIF4E"
2.12030844406912e-11,0.403710145354932,0.324,0.244,5.1845782074378e-07,"5","TACC1"
2.54586122108899e-11,0.380987033835444,0.377,0.294,6.2251398578068e-07,"5","OCIAD1"
2.89434828773622e-11,0.455319672143555,0.262,0.19,7.07726043317259e-07,"5","EIF4G1"
3.19882246426853e-11,0.368014487758846,0.291,0.215,7.82176068962941e-07,"5","RAB27A"
3.30985606112665e-11,0.259550783282647,0.498,0.393,8.09326004066689e-07,"5","SKAP1"
3.84733070376748e-11,0.823596393703319,0.256,0.188,9.40749303685223e-07,"5","IFNG"
4.20299338958292e-11,0.367986244298969,0.444,0.356,1.02771594362082e-06,"5","TLN1"
4.26642353200251e-11,0.364145484611901,0.44,0.354,1.04322588204525e-06,"5","TMED10"
4.47018701055809e-11,0.486795784814465,0.252,0.184,1.09305012782167e-06,"5","PHYKPL"
8.67592986000983e-11,0.39967301133159,0.256,0.186,2.1214383693696e-06,"5","RBKS"
9.98696531502402e-11,0.364122664646517,0.394,0.311,2.44201275882967e-06,"5","ECH1"
1.03271454180724e-10,0.361967582049025,0.372,0.294,2.52519359762706e-06,"5","POLR2A"
1.04349047898229e-10,0.268643350754246,0.547,0.454,2.55154291920749e-06,"5","DDX3X"
1.20605467665571e-10,0.486680146654216,0.288,0.219,2.94904489535854e-06,"5","ATF4"
1.22825370657227e-10,0.320069362122252,0.412,0.325,3.00332596331051e-06,"5","CLK1"
1.8470374536106e-10,0.368933342385319,0.386,0.304,4.51637598156863e-06,"5","SERINC3"
2.54183779786664e-10,0.40427302284209,0.266,0.196,6.21530178334352e-06,"5","RBM42"
3.01865013816499e-10,0.338813945197762,0.395,0.308,7.38120331784103e-06,"5","BUD31"
3.24385437743294e-10,0.361839132938953,0.332,0.254,7.93187272369903e-06,"5","DCTN3"
3.35023216354304e-10,0.375944128094291,0.343,0.266,8.19198768629545e-06,"5","ABI3"
3.55543774363818e-10,0.433061993912004,0.283,0.213,8.69375637074408e-06,"5","RASA2"
3.9954031006795e-10,0.288598409945968,0.45,0.36,9.76955966178151e-06,"5","YPEL3"
5.8768447831664e-10,0.430451242413125,0.292,0.221,1.43700608637985e-05,"5","MANF"
7.38833833911292e-10,0.405622256923495,0.281,0.211,1.80659649067989e-05,"5","SRA1"
7.89010735922629e-10,0.310469319282638,0.451,0.365,1.92928905147801e-05,"5","NOP58"
1.1135634493074e-09,0.359832811505058,0.31,0.236,2.72288534624645e-05,"5","PUF60"
1.23857954751208e-09,0.38972418881483,0.304,0.234,3.02857470957653e-05,"5","EIF3J"
1.45929175682597e-09,0.338538135244799,0.394,0.317,3.56826020379086e-05,"5","LAMP1"
2.41428901646302e-09,0.321906944177088,0.398,0.318,5.90341950305537e-05,"5","IVNS1ABP"
3.89754034859604e-09,0.378913730632322,0.25,0.185,9.53026566038705e-05,"5","PDIA4"
4.91901832671618e-09,0.282523998968467,0.351,0.274,0.000120279836124864,"5","BANF1"
5.32149597367022e-09,0.346807444722602,0.367,0.296,0.000130121219548184,"5","EIF4H"
5.5055993233563e-09,0.343644156771367,0.36,0.285,0.000134622914654708,"5","SDF4"
8.29350355743229e-09,0.253297632815403,0.595,0.524,0.000202792748986334,"5","HNRNPA3"
1.01395970471648e-08,0.332366342833024,0.326,0.255,0.000247933426997273,"5","PSMC4"
1.16102912043555e-08,0.281735238813068,0.299,0.227,0.000283894840528901,"5","GOLGA7"
1.19922599227202e-08,0.383725942139444,0.258,0.196,0.000293234739630354,"5","MAZ"
1.3929959410328e-08,0.35438236860197,0.325,0.257,0.000340615367501341,"5","DNAJC1"
1.77646548354126e-08,0.391069392245872,0.262,0.199,0.000434381340035508,"5","SAR1B"
2.00374769216547e-08,0.261706794610454,0.288,0.219,0.000489956385688302,"5","ABLIM1"
2.30025116714477e-08,0.272506191811167,0.32,0.25,0.000562457415390239,"5","USP11"
2.31759852035568e-08,0.402391143465952,0.274,0.212,0.000566699190197371,"5","CHMP4B"
2.39849969294982e-08,0.255320221320055,0.409,0.332,0.00058648114492009,"5","CCT6A"
2.62226569998057e-08,0.382354933457742,0.299,0.236,0.000641196408959248,"5","HNRNPH1"
2.7971938562158e-08,0.32591345675205,0.35,0.28,0.000683969841721888,"5","SRP19"
3.14632674549403e-08,0.384530973922707,0.331,0.263,0.000769339815808201,"5","MRPS6"
3.45830103214454e-08,0.27595412364027,0.338,0.265,0.000845623768379983,"5","ARIH2"
3.45899744731522e-08,0.391890579790476,0.303,0.238,0.000845794055817516,"5","VASP"
4.04217366521118e-08,0.298025879460196,0.388,0.319,0.000988392304617439,"5","CCT2"
4.05508444358597e-08,0.300933491425645,0.324,0.252,0.000991549248145642,"5","TAF7"
4.07730655178468e-08,0.262651997658683,0.484,0.409,0.000996982998042391,"5","PSMB6"
4.31720871265879e-08,0.317064852335334,0.263,0.2,0.00105564387441933,"5","POLR2G"
4.48386498723552e-08,0.275915929339307,0.446,0.37,0.00109639466667883,"5","ILF2"
4.51543704030781e-08,0.412344483171685,0.254,0.195,0.00110411466509607,"5","YWHAH"
5.18079830843565e-08,0.315090708849907,0.37,0.302,0.00126680880237869,"5","VDAC1"
5.61641872625676e-08,0.326328973179289,0.323,0.254,0.0013733267069443,"5","TMX4"
7.70700712896928e-08,0.299874529032744,0.316,0.251,0.00188451738317557,"5","WBP11"
7.80422678986305e-08,0.268399997883224,0.442,0.369,0.00190828953465731,"5","UQCRFS1"
8.80975129929594e-08,0.299022072670847,0.322,0.255,0.00215416038770384,"5","USP16"
9.41982576089506e-08,0.307771677615475,0.288,0.223,0.00230333579505406,"5","PPP1R11"
1.08698135584477e-07,0.360175815351602,0.273,0.213,0.00265788681131163,"5","CPNE1"
1.15926415050397e-07,0.320977604663579,0.264,0.203,0.00283463270081232,"5","PPP4R2"
1.16985355681382e-07,0.302808345101696,0.331,0.266,0.00286052591712114,"5","RBBP4"
1.30125840482702e-07,0.380380060130537,0.276,0.215,0.00318183705148303,"5","PSMC3"
1.3077451376426e-07,0.272584454461437,0.413,0.34,0.00319769841056368,"5","CANX"
1.31762251345224e-07,0.342910026799808,0.304,0.241,0.00322185056989341,"5","HBP1"
1.41091514661339e-07,0.255699450201338,0.318,0.251,0.00344996971649905,"5","SYTL1"
1.61277773534766e-07,0.273022883713839,0.331,0.266,0.00394356411847209,"5","MAP2K2"
2.10321917372827e-07,0.341227059493453,0.272,0.212,0.00514279152360036,"5","PSMD2"
2.10493304920076e-07,0.281629259839617,0.264,0.203,0.0051469822919057,"5","SZRD1"
2.18143678270937e-07,0.292117464518261,0.318,0.253,0.00533404922108094,"5","SLIRP"
2.95077755120825e-07,0.35488705634126,0.281,0.223,0.00721524126821442,"5","PAF1"
3.0286341039015e-07,0.277998565887424,0.312,0.247,0.00740561611085994,"5","MAF1"
3.55311493499975e-07,0.289587837021673,0.319,0.255,0.00868807663906139,"5","ALG13"
4.09902876848374e-07,0.251999060319768,0.363,0.293,0.0100229451446964,"5","CEBPZ"
5.57461897522637e-07,0.267328712666043,0.355,0.29,0.0136310583182235,"5","LSM14A"
6.29505468172407e-07,0.285986733213354,0.348,0.285,0.0153926677077517,"5","PHF20"
6.7631862354587e-07,0.276009299319856,0.298,0.237,0.0165373429829436,"5","EIF6"
6.7872870021031e-07,0.27998003119407,0.361,0.296,0.0165962741775425,"5","SNRPD1"
7.40071679400484e-07,0.254659780604111,0.424,0.356,0.0180962327047006,"5","RAB5IF"
7.4721495820195e-07,0.321717796532191,0.386,0.324,0.0182709001579541,"5","FAM107B"
1.0658840148827e-06,0.255146264567425,0.289,0.23,0.0260629959319118,"5","RTF1"
1.08184064283108e-06,0.272750842316486,0.297,0.235,0.0264531673985055,"5","STAU1"
1.18194658597389e-06,0.25860310662336,0.289,0.229,0.0289009579202334,"5","IKZF3"
1.74489476609119e-06,0.364382486636267,0.328,0.275,0.0426661668204619,"5","HM13"
1.85284650416788e-06,0.25665218165705,0.289,0.228,0.0453058027199131,"5","H2AFY"
1.97149750627786e-06,0.305679385740198,0.282,0.225,0.0482070570235063,"5","AKIRIN2"
1.99934263149507e-06,0.415888846202505,0.35,0.298,0.0488879260253175,"5","PIM3"
2.09629591176254e-06,0.307620575431891,0.485,0.415,0.0512586276344176,"5","RSL24D1"
2.3095047257995e-06,0.322128332301935,0.267,0.211,0.0564720095552493,"5","ABCF1"
2.35246917886736e-06,0.283017859803135,0.268,0.212,0.0575225763616648,"5","OGA"
2.45069374238742e-06,0.272465960952825,0.385,0.319,0.0599243633888571,"5","PPP4C"
3.04415641016672e-06,0.269724575199353,0.307,0.25,0.0744357125413968,"5","CKS2"
3.50660370203379e-06,0.261933881817574,0.402,0.344,0.0857434737221302,"5","RNF7"
4.63802507183425e-06,0.299076895713825,0.279,0.225,0.113408989056491,"5","PRMT1"
6.62542943190445e-06,0.279955701189483,0.349,0.291,0.162005000468928,"5","ZFAND5"
8.81486408711923e-06,0.291319261275067,0.383,0.329,0.215541056658239,"5","CACYBP"
9.73100808345764e-06,0.277762686753967,0.317,0.261,0.237942609656706,"5","NUDC"
1.09445784614592e-05,0.296825343222198,0.275,0.224,0.267616832539601,"5","ANKRD37"
1.17052085856996e-05,0.2768576208225,0.258,0.207,0.286215760337527,"5","MRPL47"
1.17812725796473e-05,0.261952390177857,0.299,0.244,0.288075677117535,"5","RNMT"
1.37339140630876e-05,0.285352289018043,0.282,0.23,0.335821666670619,"5","TMEM248"
1.70793736973383e-05,0.276085560574273,0.308,0.255,0.417624845647317,"5","CFLAR"
2.00641688650836e-05,0.257903337581801,0.318,0.262,0.490609057089023,"5","AC004687.1"
2.34442551235157e-05,0.2519201922327,0.299,0.244,0.573258926280206,"5","GPRIN3"
4.84743507964252e-05,0.290151391460868,0.264,0.218,1,"5","STAG2"
7.43967508676115e-05,0.278880478785905,0.252,0.206,1,"5","C14orf119"
0.000261257896639955,0.25479037525782,0.25,0.208,1,"5","RTF2"
0.000596454746738962,0.261489557884988,0.266,0.227,1,"5","FBXO7"
0.00158550424868564,0.263549984950423,0.256,0.219,1,"5","CHMP2A"
0,3.39211307778335,0.305,0.038,0,"6","CD40LG"
1.07221734546876e-310,1.87136300413215,0.84,0.382,2.62178585314021e-306,"6","LTB"
1.2418523807915e-281,1.53764796181922,0.784,0.299,3.03657744151138e-277,"6","IL7R"
1.02160435005926e-246,1.75412457376877,0.685,0.276,2.49802695676491e-242,"6","TXNIP"
9.15753078219591e-180,1.2550092194862,0.908,0.631,2.23919942686254e-175,"6","CD52"
7.78228507020337e-178,1.03079698715486,0.952,0.772,1.90292434536613e-173,"6","S100A4"
3.19989151835965e-123,1.34698857731839,0.619,0.346,7.82437474069302e-119,"6","GIMAP7"
7.76935849737478e-115,2.17638629748926,0.471,0.215,1.89976353977808e-110,"6","HSPA1B"
9.38621229144621e-113,0.643289227608576,0.994,0.968,2.29511662950443e-108,"6","TMSB10"
2.46840323454485e-107,1.46123748798127,0.376,0.149,6.03573958910908e-103,"6","AQP3"
6.21902380377295e-107,1.85998816091224,0.325,0.118,1.52067570049856e-102,"6","AC243960.1"
7.80502001577537e-107,0.70955934105558,0.928,0.85,1.90848349425739e-102,"6","MYL12A"
3.84436033952124e-105,2.05752248498996,0.276,0.089,9.40022990219733e-101,"6","TRAV1-2"
7.1937934709963e-105,1.39146992741575,0.511,0.261,1.75902637952801e-100,"6","GIMAP4"
3.03661792595847e-104,1.74971917721688,0.322,0.116,7.42513815255365e-100,"6","SIT1"
1.079873262536e-100,0.566283451285187,0.996,0.981,2.64050610155303e-96,"6","TPT1"
2.9395891565058e-100,1.66630811999911,0.398,0.176,7.18788340548798e-96,"6","FLT3LG"
7.99569384025529e-93,1.45589713459626,0.471,0.246,1.95510705781922e-88,"6","TRAF3IP3"
2.31267682308108e-92,0.589990438553421,0.996,0.972,5.65495736779787e-88,"6","FAU"
3.54037835250329e-90,0.668978811966988,0.97,0.927,8.65693314754104e-86,"6","RACK1"
2.88531846911183e-83,1.76131065389247,0.275,0.102,7.05518072067224e-79,"6","SLAMF1"
7.69116474576201e-82,0.762617840536653,0.931,0.861,1.88064360363373e-77,"6","EEF1B2"
1.67986845900057e-79,1.31983543977667,0.442,0.227,4.1076143559482e-75,"6","LINC00861"
1.59858159260504e-78,1.4338584200338,0.352,0.157,3.90885171023785e-74,"6","GIMAP1"
7.06160435506485e-74,0.563567780356616,0.937,0.731,1.72670349690046e-69,"6","CD3E"
4.93299501223052e-72,0.941767567696354,0.664,0.476,1.20621594039061e-67,"6","CD2"
3.1230154324467e-71,0.493214897069051,0.88,0.715,7.63639733541867e-67,"6","S100A6"
1.95778243943526e-70,1.88257817701212,0.488,0.282,4.7871696209071e-66,"6","HSPA1A"
2.29521003889611e-69,0.648771546000515,0.833,0.591,5.61224758710877e-65,"6","CD3D"
6.64027066010534e-69,1.91616292067501,0.266,0.108,1.62367898180896e-64,"6","TNF"
2.95376238651468e-68,1.00304314230331,0.699,0.538,7.2225397875057e-64,"6","C12orf57"
4.03368165768432e-67,1.2551611322611,0.411,0.219,9.86315838936971e-63,"6","RCSD1"
7.37333050397686e-66,0.5811600586642,0.936,0.887,1.80292677483242e-61,"6","EEF1D"
2.85220352134777e-64,0.586031593369399,0.919,0.851,6.97420805039958e-60,"6","PFDN5"
6.7269038381814e-64,1.28455061100894,0.416,0.229,1.64486252651212e-59,"6","TRAC"
1.19385766180729e-60,0.785312073386293,0.694,0.53,2.91922075465118e-56,"6","EVL"
4.09863486458282e-60,0.503480400029952,0.963,0.919,1.00219819708779e-55,"6","UBA52"
1.05302788637255e-59,1.12468961471868,0.628,0.496,2.57486378775817e-55,"6","LDHB"
5.69310175231665e-58,0.485863560977289,0.948,0.908,1.39207724047647e-53,"6","ACTG1"
1.35997514162261e-55,0.874600409953468,0.641,0.508,3.3254112162956e-51,"6","GPSM3"
5.27601079683538e-55,1.09219172052955,0.502,0.342,1.29009016004219e-50,"6","CKLF"
7.28616532104191e-55,0.53305881402889,0.886,0.793,1.78161314430117e-50,"6","PTPRCAP"
5.79775181544703e-54,0.501868225940028,0.954,0.881,1.41766627391311e-49,"6","SH3BGRL3"
3.58378494595136e-53,0.686000754099178,0.806,0.707,8.76307094984026e-49,"6","COMMD6"
3.94344670816816e-53,0.727377705853367,0.754,0.647,9.64251589081279e-49,"6","SNRPD2"
1.00991216707126e-52,0.534395608176057,0.955,0.923,2.46943723092265e-48,"6","NACA"
2.3537014457527e-52,0.798890080160564,0.679,0.554,5.7552707751545e-48,"6","GMFG"
4.20332536950697e-52,0.805455303419635,0.655,0.513,1.02779711935184e-47,"6","CD48"
1.65646785941063e-51,0.620865082681539,0.843,0.77,4.05039520983088e-47,"6","EEF1G"
3.46614207131492e-51,0.969017198999899,0.649,0.502,8.47541059277925e-47,"6","KLRB1"
9.54391514439609e-51,1.05365664161299,0.451,0.286,2.33367813110773e-46,"6","LCP2"
1.21375354578228e-50,1.606380003424,0.409,0.267,2.96787017014682e-46,"6","NOSIP"
1.11279585337669e-49,0.901052885750388,0.577,0.443,2.72100842067669e-45,"6","DAD1"
5.6186704750454e-48,0.793232483865019,0.769,0.688,1.3738773045581e-43,"6","FXYD5"
6.3584211835388e-48,0.614792320199569,0.848,0.777,1.55476114779891e-43,"6","TOMM7"
7.32517921178523e-48,0.62878184246832,0.831,0.763,1.79115282086572e-43,"6","HINT1"
2.96823042131738e-47,0.888821343509118,0.627,0.495,7.25791702620526e-43,"6","AES"
4.71570622019344e-47,1.67017885819097,0.557,0.424,1.1530844849617e-42,"6","JUN"
9.15331179459445e-47,0.605890715740211,0.821,0.732,2.23816780001424e-42,"6","ATP5MC2"
1.05845642131478e-46,0.828024902788019,0.627,0.501,2.58813764139891e-42,"6","GSTK1"
1.92332175682944e-46,0.466581904810977,0.975,0.805,4.70290635979935e-42,"6","IL32"
2.623581987842e-46,0.557235615865787,0.887,0.831,6.41518267667126e-42,"6","BTF3"
2.93418734984194e-46,1.16499644364847,0.421,0.275,7.17467490783352e-42,"6","HSPB1"
3.6544806167487e-46,0.546134954968652,0.896,0.855,8.93593600407392e-42,"6","MT-ND2"
1.70044148450355e-45,1.6387847784596,0.254,0.125,4.15791951790808e-41,"6","TCF7"
2.95338968153242e-44,1.34307028071596,0.267,0.134,7.22162844928308e-40,"6","OXNAD1"
8.08301238025953e-44,0.394035023945518,1,0.998,1.97645818722106e-39,"6","EEF1A1"
1.42127797575271e-43,0.532300855058546,0.846,0.778,3.47530890631052e-39,"6","ATP5MG"
4.63183499199987e-43,0.288305486839479,0.998,0.996,1.13257629224381e-38,"6","ACTB"
1.54320773635568e-42,0.572297337937672,0.836,0.769,3.77345155693691e-38,"6","COX7C"
5.08944263826374e-36,0.957292240311794,0.495,0.374,1.24447051390825e-31,"6","SNHG8"
6.71668246247223e-36,0.263827455488778,0.999,0.99,1.64236319572371e-31,"6","TMSB4X"
1.28985714466252e-35,0.648819050236437,0.669,0.587,3.15395869012879e-31,"6","SSR2"
1.42904580668479e-35,0.538487807534846,0.618,0.479,3.49430280650566e-31,"6","S100A11"
9.85523622097785e-35,0.424364812233194,0.895,0.833,2.4098023607535e-30,"6","TMA7"
6.38621451286425e-34,0.87594464583624,0.426,0.292,1.56155717268557e-29,"6","LAT"
1.08243378523334e-33,0.406697089485491,0.819,0.732,2.64676709165257e-29,"6","LAPTM5"
2.24097718672445e-33,0.485988325430271,0.806,0.743,5.47963741697863e-29,"6","MIF"
3.06561731951059e-33,0.397856968820646,0.886,0.842,7.49604746966729e-29,"6","COX4I1"
1.157450291129e-32,0.543441072911757,0.725,0.641,2.83019745186864e-28,"6","PPDPF"
1.64634600050378e-32,1.31618296237819,0.297,0.182,4.02564524043185e-28,"6","CORO1B"
4.69625038214007e-32,0.716270654329591,0.613,0.524,1.14832714344089e-27,"6","APRT"
1.35721789492447e-31,0.689741039306997,0.6,0.508,3.31866919666932e-27,"6","MZT2B"
2.33820025502541e-31,1.02524755255966,0.37,0.245,5.71736726358812e-27,"6","KLRG1"
1.09449646505113e-30,0.776496441984461,0.511,0.399,2.67626275634303e-26,"6","ABRACL"
2.90733234279368e-30,0.428320274153567,0.84,0.799,7.10900904459911e-26,"6","RAC2"
3.56980662948934e-30,1.39476255970271,0.574,0.483,8.72889117042734e-26,"6","FOS"
1.56762145295679e-29,1.01412512593063,0.338,0.221,3.83314797676995e-25,"6","TNFAIP8"
3.09619655638863e-29,0.720810285663576,0.558,0.46,7.57081981968149e-25,"6","ZFAS1"
2.43381288120423e-28,0.706339497226771,0.453,0.336,5.95115925712058e-24,"6","TUBB"
4.87897986963893e-28,0.631727453782464,0.615,0.534,1.19300815772411e-23,"6","KRTCAP2"
1.19782411471747e-27,0.545059175056487,0.728,0.692,2.92891952530717e-23,"6","EIF3K"
1.27234663110284e-27,0.323270923631052,0.972,0.968,3.11114198237267e-23,"6","MT-ND3"
6.35347088800832e-27,0.617520346119146,0.663,0.572,1.55355070153579e-22,"6","EMP3"
9.72443079347715e-27,0.780833429973473,0.447,0.342,2.37781781762103e-22,"6","LAMTOR4"
1.01307104455922e-26,0.711137782657819,0.523,0.435,2.47716131815621e-22,"6","CUTA"
1.5413931113569e-26,0.3724137775619,0.849,0.823,3.76901443588989e-22,"6","CORO1A"
1.56286174382972e-26,0.385681544576745,0.857,0.816,3.82150953601243e-22,"6","ITM2B"
1.70007110121975e-26,1.03105875306912,0.321,0.213,4.15701385670253e-22,"6","LIME1"
3.96714878063717e-26,0.500102280146031,0.545,0.401,9.70047219841402e-22,"6","CD3G"
1.19127089533363e-25,1.14874917365118,0.304,0.198,2.91289559326978e-21,"6","NCR3"
3.84763848609007e-25,0.543938393151132,0.6,0.495,9.40824562618743e-21,"6","LCK"
5.19759486774296e-25,0.94210169539313,0.333,0.227,1.27091589706051e-20,"6","RGS10"
8.95839797766417e-25,0.284091619686157,0.984,0.968,2.19050747349844e-20,"6","PFN1"
3.73058408238175e-24,0.507001262280346,0.633,0.559,9.12202419823986e-20,"6","RNASEK"
4.03187479406138e-24,0.813247871470008,0.319,0.209,9.85874024643888e-20,"6","CD27"
1.20624663334305e-23,0.315463340992707,0.936,0.893,2.94951426785044e-19,"6","SERF2"
1.79864833606652e-23,0.861306763506751,0.399,0.295,4.39805491134985e-19,"6","PLP2"
2.02584267062696e-22,0.449064832197177,0.748,0.709,4.95359049821703e-18,"6","OST4"
2.32473829245147e-22,0.806512515709,0.422,0.329,5.68445007270233e-18,"6","PNISR"
3.71049733005873e-22,0.820558835380591,0.39,0.294,9.0729080714596e-18,"6","PRDX2"
3.97149271935229e-22,0.936526601345687,0.287,0.189,9.71109399736022e-18,"6","CASP1"
5.13313929260543e-22,0.625848621280178,0.442,0.333,1.25515521982788e-17,"6","GBP5"
5.71671850176753e-22,0.442626676609425,0.725,0.652,1.3978520080522e-17,"6","SLC25A6"
8.62554794642065e-22,0.546658818406755,0.566,0.486,2.10911898385878e-17,"6","CNN2"
1.05215850839754e-21,0.310965164701567,0.934,0.934,2.57273798473367e-17,"6","MT-ND1"
3.15992079262681e-21,0.296358510021347,0.942,0.906,7.72663832213108e-17,"6","ATP5F1E"
4.91954346819863e-20,0.66989396413732,0.31,0.209,1.20292676884393e-15,"6","DENND2D"
1.25504027919953e-19,0.353994082528708,0.891,0.867,3.0688244906987e-15,"6","MT-ND4"
2.52639433457737e-19,0.75843668819703,0.384,0.296,6.1775394269086e-15,"6","TBC1D10C"
1.36006214629685e-18,0.729043827753731,0.351,0.26,3.32562396012505e-14,"6","CCDC107"
1.40275911435334e-18,0.519295789188694,0.632,0.588,3.4300265864168e-14,"6","COX6B1"
1.5890412022378e-18,0.929546393932954,0.308,0.219,3.88552354771186e-14,"6","ERN1"
1.72056646442974e-18,0.738616231062603,0.417,0.335,4.20712911882359e-14,"6","MZT2A"
4.81445460124366e-18,0.820025049227165,0.331,0.243,1.1772304390961e-13,"6","ZYX"
1.2158339048142e-17,0.606091817025773,0.453,0.371,2.97295706405167e-13,"6","ACAP1"
1.24924940805525e-17,0.470710651389124,0.667,0.63,3.05466465257669e-13,"6","UQCR11"
1.59183036534433e-17,0.675319008717291,0.446,0.369,3.89234360933995e-13,"6","SMDT1"
1.96213544274523e-17,0.409741464379115,0.694,0.64,4.79781358460064e-13,"6","PSMB9"
1.20892388283275e-16,0.62178736551749,0.507,0.445,2.95606067830265e-12,"6","ANAPC16"
1.70001868530065e-16,0.349157802223896,0.655,0.603,4.15688568929716e-12,"6","GABARAP"
2.68780444328296e-16,0.4136002576845,0.683,0.642,6.5722194247155e-12,"6","COX6C"
4.01278473612785e-16,0.931333136063572,0.265,0.188,9.81206123677983e-12,"6","MRPS34"
5.85196973347629e-16,0.737873115636206,0.357,0.281,1.43092363922962e-11,"6","PHB2"
6.00115597781805e-16,0.301414698894821,0.84,0.809,1.46740265969607e-11,"6","PSME1"
1.04105624530052e-15,0.495650204181568,0.605,0.571,2.54559073100883e-11,"6","EIF3F"
1.05676399101691e-15,0.567272602786954,0.532,0.474,2.58399931083455e-11,"6","HIGD2A"
4.23733573710984e-15,0.340618894956408,0.759,0.742,1.0361133344381e-10,"6","CLIC1"
5.15560023079408e-15,0.682060095420586,0.388,0.315,1.26064736843377e-10,"6","CHURC1"
5.87677704105428e-15,0.439609603003409,0.646,0.606,1.43698952207859e-10,"6","LIMD2"
1.23202616866743e-14,0.495099132760559,0.535,0.477,3.0125503876256e-10,"6","SEPT1"
1.27162079874656e-14,0.951886043752018,0.284,0.212,3.10936717709509e-10,"6","NME3"
1.51985281000584e-14,0.734861937135618,0.328,0.252,3.71634409102629e-10,"6","POLD4"
2.8608133952674e-14,1.04941898489901,0.63,0.63,6.99526091410786e-10,"6","DNAJB1"
3.51927204850899e-14,0.631175115425038,0.4,0.333,8.60532401301419e-10,"6","REX1BD"
5.78832308741526e-14,0.539245170514768,0.44,0.376,1.41536076133478e-09,"6","SELENOW"
6.12815532382889e-14,0.7346556778057,0.274,0.198,1.49845653978264e-09,"6","TTC39C"
7.11373090059862e-14,0.251578858474625,0.72,0.642,1.73944947981438e-09,"6","S100A10"
1.10357019743683e-13,0.531235604717537,0.521,0.479,2.69844984677254e-09,"6","ATP5F1D"
1.73877351298107e-13,0.5634439686625,0.392,0.32,4.25164899394132e-09,"6","TSPO"
2.25729108850663e-13,0.540175626687948,0.439,0.378,5.51952816961641e-09,"6","KRT10"
2.81306944024764e-13,0.816877274442123,0.3,0.225,6.87851739529353e-09,"6","PNP"
4.58563173723133e-13,0.618508314131054,0.377,0.31,1.1212786723878e-08,"6","UBE2L6"
4.84409934650816e-13,0.73163648405202,0.299,0.231,1.18447917220817e-08,"6","AIP"
4.97186628716209e-13,0.780539106158272,0.282,0.212,1.21572074453687e-08,"6","CDC42EP3"
4.98484898580999e-13,0.410457141839081,0.628,0.603,1.21889527401026e-08,"6","NDUFA4"
5.64860673703148e-13,0.641673669348138,0.264,0.189,1.38119731933894e-08,"6","SLFN5"
8.68161235571788e-13,0.359635830934657,0.678,0.645,2.12282785322014e-08,"6","ARPC1B"
8.85207695446092e-13,0.755499490050655,0.271,0.199,2.16450985690478e-08,"6","PIM2"
1.260191752904e-12,0.552942199032869,0.482,0.434,3.08142087420086e-08,"6","ERP29"
2.71233586296163e-12,0.730277341095911,0.28,0.212,6.63220365211378e-08,"6","VSIR"
2.93888784715138e-12,0.689616808099897,0.347,0.289,7.18616856385456e-08,"6","FIS1"
6.64932056981892e-12,0.669227224036199,0.363,0.305,1.62589186573212e-07,"6","GTF3A"
1.15432296718126e-11,0.729675006561745,0.276,0.211,2.82255051935161e-07,"6","DEF6"
1.35381308070949e-11,0.665009286017152,0.264,0.196,3.31034374495084e-07,"6","MGAT4A"
1.36618760843253e-11,0.680832012245626,0.28,0.213,3.34060194013923e-07,"6","PTPN6"
1.53282750643603e-11,0.694925004551298,0.324,0.265,3.74806981873738e-07,"6","COX7A2L"
4.65226661710109e-11,0.533255498430741,0.434,0.385,1.13757223321356e-06,"6","NDUFB4"
5.36237722558528e-11,0.36459348134227,0.714,0.698,1.31120847920011e-06,"6","UQCRB"
6.68749677951838e-11,0.266321446821854,0.715,0.687,1.63522671252783e-06,"6","UBL5"
6.86356552268022e-11,0.579112062145321,0.335,0.269,1.67827904160577e-06,"6","IL16"
9.35382631119223e-11,0.537123021399334,0.453,0.413,2.28719760961272e-06,"6","C19orf53"
2.60703680717392e-10,0.462545256649556,0.511,0.471,6.37472640090168e-06,"6","EIF3E"
3.13172908060963e-10,0.513491243736869,0.453,0.413,7.65770394790667e-06,"6","VAMP8"
3.58609046703828e-10,0.493927380935427,0.378,0.311,8.76870841000199e-06,"6","TC2N"
4.61271135378697e-10,0.514065242446187,0.256,0.19,1.12790018022799e-05,"6","CAMK4"
5.03251752076655e-10,0.721044487161813,0.327,0.279,1.23055118417784e-05,"6","C8orf59"
6.64554107524367e-10,0.475029250573505,0.482,0.451,1.62496770371858e-05,"6","EIF4A2"
7.9811019312296e-10,0.680911974688708,0.326,0.273,1.95153904422426e-05,"6","TSTD1"
1.16442224415957e-09,0.617310604660852,0.36,0.311,2.84724527141898e-05,"6","MRPS21"
1.18702353077387e-09,0.827659696212945,0.351,0.299,2.90250993744827e-05,"6","CITED2"
1.73117631055308e-09,0.532105283220126,0.35,0.289,4.23307231456439e-05,"6","CD6"
1.7838314139203e-09,0.516418679022068,0.351,0.294,4.36182457331793e-05,"6","PPP1R18"
1.84381896717952e-09,0.78722036301298,0.264,0.212,4.50850613854735e-05,"6","ATP5MC1"
2.00085463358497e-09,0.526517929158,0.435,0.392,4.89248975004197e-05,"6","PEBP1"
3.07877471845262e-09,0.650041799792679,0.313,0.262,7.52821994156034e-05,"6","RNF167"
3.52963985560272e-09,0.462117450248313,0.501,0.471,8.63067537491978e-05,"6","EIF3H"
3.70732744538902e-09,0.327635097273648,0.568,0.528,9.06515706946524e-05,"6","LY6E"
3.72733072153149e-09,0.492234827800319,0.421,0.385,9.11406908028879e-05,"6","NDUFB9"
3.83563854776222e-09,0.63067544824656,0.291,0.237,9.37890337698819e-05,"6","LUC7L3"
4.22105626699425e-09,0.289080279323804,0.676,0.674,0.000103213267840543,"6","SSR4"
5.36132037243311e-09,0.609033573423814,0.31,0.254,0.000131095005746734,"6","ARPC5L"
5.89936739079735e-09,0.57313605258049,0.417,0.377,0.000144251331439777,"6","SELENOH"
6.03471539184902e-09,0.486030583574741,0.47,0.44,0.000147560860761492,"6","C9orf16"
6.10419570322285e-09,0.400462890958242,0.516,0.488,0.000149259793335205,"6","TMEM258"
8.3620611203302e-09,0.59526273571612,0.347,0.299,0.000204469118514314,"6","AAK1"
9.23919513914568e-09,0.891593845217185,0.408,0.375,0.00022591679954239,"6","PPP1R15A"
9.38764602812493e-09,0.528892805481085,0.413,0.371,0.000229546720679711,"6","CCND3"
9.50255657212652e-09,0.566971608756254,0.328,0.27,0.000232356513301638,"6","FKBP11"
1.00076108360529e-08,0.368207874411029,0.569,0.545,0.000244706100163166,"6","COX8A"
1.06194115018446e-08,0.389047695572445,0.515,0.49,0.000259665850043105,"6","ICAM3"
1.20087814218472e-08,0.588814018710214,0.337,0.288,0.000293638723327009,"6","SAMHD1"
1.34175595559133e-08,0.636863027159374,0.255,0.202,0.000328086166261192,"6","POLR2G"
1.49122699148052e-08,0.637735002136447,0.279,0.228,0.000364634823956816,"6","NAA38"
1.50714795788486e-08,0.460663811118855,0.398,0.353,0.000368527818662007,"6","CCDC85B"
1.58313942591828e-08,0.698762127150687,0.267,0.219,0.000387109252425538,"6","TMBIM4"
2.62541088142221e-08,0.436700083256031,0.342,0.286,0.000641965468725358,"6","KIAA1551"
2.87505621443507e-08,0.375839605608673,0.596,0.582,0.000703008745553663,"6","FYB1"
3.10107691132272e-08,0.658255368705508,0.284,0.236,0.00075827532635663,"6","SYNRG"
3.51655993646958e-08,0.678768553461069,0.274,0.227,0.000859869235665543,"6","CHCHD10"
3.53848939550082e-08,0.576715013381132,0.283,0.231,0.000865231426987861,"6","CMTM3"
3.67252113527687e-08,0.418753932313439,0.495,0.465,0.000898004867997901,"6","ANKRD12"
3.81484465761675e-08,0.621188873431509,0.27,0.219,0.000932805815680447,"6","VAMP5"
3.88910764128631e-08,0.577851098013129,0.376,0.339,0.000950964600447328,"6","ATP5PD"
4.35835951229058e-08,0.557250961875516,0.324,0.269,0.00106570606794529,"6","H1FX"
4.44697170101998e-08,0.675276288173089,0.283,0.238,0.00108737352033341,"6","TMEM219"
4.60646966756196e-08,0.665628985759688,0.273,0.225,0.00112637396311225,"6","OCIAD2"
1.20819263200557e-07,0.500890846463558,0.394,0.358,0.00295427262378002,"6","ANP32B"
1.43431091335695e-07,0.541902059487924,0.358,0.319,0.00350717704534041,"6","RBL2"
1.59087732566289e-07,0.404599983739057,0.493,0.473,0.00389001323671091,"6","RSRP1"
1.75714129239733e-07,0.508139837900741,0.363,0.325,0.00429656188816996,"6","NDUFB10"
1.76212560932616e-07,0.497258093372299,0.35,0.307,0.00430874953992432,"6","CSK"
2.16003549787526e-07,0.408231448587502,0.444,0.418,0.00528171879940459,"6","ARL6IP4"
3.50300880255241e-07,0.514207151480496,0.351,0.312,0.00856555712400114,"6","SF3B5"
4.5349841253556e-07,0.497478390498405,0.424,0.397,0.0110889431833195,"6","TBCA"
4.67075612524814e-07,0.367416524312475,0.568,0.559,0.0114209328774568,"6","NOP53"
5.56529895138689e-07,0.383651154556414,0.53,0.52,0.0136082689959312,"6","UQCR10"
7.64176306868292e-07,0.575256382535562,0.354,0.325,0.0186856390555435,"6","MINOS1"
7.9971751963415e-07,0.579108827477094,0.252,0.207,0.0195546927900942,"6","ZNRD1"
1.10727409335394e-06,0.286694580379864,0.565,0.535,0.0270750661306905,"6","TRBC2"
1.25606406260669e-06,0.296483701831015,0.301,0.243,0.0307132784588587,"6","CEBPD"
1.39269455325769e-06,0.273815610998538,0.619,0.626,0.0340541672162571,"6","ELOB"
1.54659271885016e-06,0.377105556328092,0.533,0.531,0.0378172851613241,"6","NDUFB11"
2.34503519098714e-06,0.635633333968948,0.255,0.216,0.0573408004900176,"6","C4orf48"
3.67072106764589e-06,0.357104902802168,0.475,0.45,0.0897564715460774,"6","DRAP1"
3.89492901131486e-06,0.354548758183475,0.461,0.442,0.0952388041846709,"6","ATP5IF1"
4.12479485826444e-06,0.436884029922035,0.413,0.393,0.100859483874282,"6","NEDD8"
4.46675083844813e-06,0.590843992009248,0.262,0.223,0.109220991501734,"6","PSIP1"
4.73304299588935e-06,0.328219874192206,0.502,0.492,0.115732367335486,"6","SPCS1"
5.11987896603477e-06,0.529846539077804,0.383,0.358,0.125191280477482,"6","NSA2"
5.13318235323591e-06,0.613754327116766,0.261,0.224,0.125516574901324,"6","NHP2"
5.94630375529077e-06,0.953700026162641,0.59,0.651,0.14539901942437,"6","DUSP1"
7.14047415955617e-06,0.53764434659225,0.297,0.262,0.174598874149468,"6","TAF10"
7.89799609419733e-06,0.332629244646379,0.527,0.518,0.193121800495313,"6","ARL6IP5"
8.54693615835644e-06,0.508284265425927,0.711,0.75,0.208989682944132,"6","JUNB"
8.60984640857014e-06,0.657342568875739,0.26,0.225,0.210527964382357,"6","TWF2"
9.03069075160728e-06,0.55489024720874,0.322,0.28,0.220818450258301,"6","NFKBIZ"
9.3456669897301e-06,0.326478022987938,0.493,0.468,0.22852024923288,"6","GYPC"
1.33818464265302e-05,0.443011851434008,0.377,0.339,0.327212908821518,"6","STAT1"
1.7446066791631e-05,0.380918877896632,0.466,0.455,0.426591225188961,"6","UXT"
1.78832854956349e-05,0.510666504365732,0.311,0.28,0.437282096939264,"6","IKZF1"
1.82560605093295e-05,0.394325864345178,0.461,0.447,0.446397191574124,"6","EIF3L"
2.27813202231909e-05,0.589969211257073,0.27,0.24,0.557048842097465,"6","SSNA1"
2.32874637390435e-05,0.375242691343883,0.512,0.515,0.569425063347092,"6","ATP5MD"
2.44510768132768e-05,0.555828541465172,0.259,0.223,0.597877730238245,"6","VAMP2"
2.54522936704145e-05,0.367677122611282,0.476,0.456,0.622359484828975,"6","NME2"
2.88111567478485e-05,0.419888467553218,0.382,0.36,0.704490404798393,"6","UFC1"
3.2396920782473e-05,0.287406090001365,0.556,0.567,0.79216950697303,"6","NDUFA1"
3.77878947599616e-05,0.257168201838697,0.646,0.652,0.923989602670582,"6","EDF1"
3.82287633171254e-05,0.259076360434667,0.638,0.633,0.934769720630351,"6","PSME2"
4.168242250273e-05,0.371990215094825,0.4,0.379,1,"6","PRELID1"
5.38270417271746e-05,0.340889649425238,0.486,0.483,1,"6","NDUFA3"
5.47170799437649e-05,0.547757403061782,0.601,0.621,1,"6","IER2"
5.92065411712996e-05,0.456837981139405,0.408,0.394,1,"6","CCT4"
6.33804176895003e-05,0.396289628834638,0.414,0.404,1,"6","ATP5PF"
6.56663542417061e-05,0.576099767045154,0.26,0.23,1,"6","CBX3"
6.79388475051328e-05,0.30181674238884,0.505,0.504,1,"6","PPP1CA"
7.54611272777529e-05,0.410204427975817,0.342,0.318,1,"6","SHISA5"
7.80820368195981e-05,0.321952257448097,0.47,0.46,1,"6","WDR83OS"
8.12072311557527e-05,0.492359139530244,0.302,0.276,1,"6","MGST3"
0.000109982155649294,0.373123671514095,0.425,0.416,1,"6","SEPT9"
0.000111424202264124,0.529266303086518,0.297,0.269,1,"6","DUT"
0.0001370128763144,0.487349529990088,0.268,0.24,1,"6","COX14"
0.000143557730531725,0.517912559213584,0.311,0.292,1,"6","DYNLRB1"
0.000144772643902913,0.425028712632086,0.369,0.353,1,"6","NOP10"
0.000190977739786226,0.505242362445291,0.315,0.293,1,"6","ARHGAP15"
0.00020260189821242,0.255097529001658,0.538,0.543,1,"6","EIF3G"
0.000235599417512973,0.462207031171513,0.305,0.279,1,"6","NDUFA11"
0.000264928849064138,0.383772822282046,0.383,0.366,1,"6","YPEL3"
0.000283179686433139,0.538507605587898,0.27,0.246,1,"6","TMEM14B"
0.000317925228981326,0.531056685332573,0.254,0.229,1,"6","PGLS"
0.000339159156440583,0.519873597250295,0.262,0.236,1,"6","TMEM123"
0.000365441224824149,0.478055065355098,0.29,0.267,1,"6","HAX1"
0.000381187561454234,1.05120807328717,0.575,0.621,1,"6","CD69"
0.000462208858047666,0.456060786387751,0.328,0.309,1,"6","DPP7"
0.000465502267916232,0.439636427779991,0.336,0.32,1,"6","NDUFB1"
0.000470555772431474,0.531481342623694,0.268,0.247,1,"6","MRPL51"
0.000504500477277413,0.560801550231455,0.268,0.249,1,"6","SMIM26"
0.000520857442510786,0.342779352993992,0.439,0.429,1,"6","UCP2"
0.000634938115188476,0.370234309289324,0.407,0.396,1,"6","ST13"
0.000681099031829653,0.299632084690855,0.439,0.433,1,"6","TRAPPC1"
0.000743671420573603,0.275048487349786,0.516,0.519,1,"6","IL2RG"
0.000763762784052923,0.503473392321806,0.305,0.288,1,"6","NDUFB7"
0.000766149563405188,0.356936224272217,0.292,0.266,1,"6","BTN3A2"
0.000916240983022422,0.444095264008148,0.267,0.244,1,"6","METTL26"
0.00136340396355876,0.422966826703565,0.346,0.335,1,"6","COPS9"
0.00144485376823951,0.29787779796597,0.449,0.451,1,"6","PSMB10"
0.00151085814818422,0.533176321379317,0.25,0.229,1,"6","ZNHIT1"
0.00151684677827872,0.367748203813669,0.321,0.304,1,"6","SNX6"
0.00167297244557837,0.256050441211924,0.421,0.399,1,"6","SKAP1"
0.00202031819590325,0.310633473390423,0.446,0.448,1,"6","ATP5ME"
0.00204593500562823,0.402277790033434,0.302,0.284,1,"6","MRPL57"
0.00229436721441471,0.479543352409169,0.27,0.254,1,"6","C19orf70"
0.00244238779203369,0.337460794100067,0.386,0.381,1,"6","FKBP8"
0.00246638949479595,0.285462304125747,0.373,0.355,1,"6","ZAP70"
0.00247872480777225,0.407849149144284,0.366,0.365,1,"6","EIF3M"
0.00259212354366692,0.272244989404997,0.462,0.463,1,"6","PSMB8"
0.00297172698226783,0.319059680924728,0.35,0.337,1,"6","BIN2"
0.00305950327673321,0.366438944500426,0.269,0.245,1,"6","SASH3"
0.00434127686367635,0.302207691667745,0.386,0.383,1,"6","VPS28"
0.00455674979914775,0.431442986105397,0.313,0.301,1,"6","POLR1D"
0.00485416690637435,0.390079473779307,0.31,0.3,1,"6","MRPL41"
0.00510400489182136,0.341785780172235,0.343,0.337,1,"6","NDFIP1"
0.00586566419591286,0.426359286085237,0.373,0.369,1,"6","PPP2R5C"
0.00601082172906215,0.593362240396176,0.259,0.245,1,"6","EIF2S3"
0.00832018246529218,0.343000282508007,0.373,0.363,1,"6","RNASET2"
0.00880561312844537,0.403858783335241,0.297,0.287,1,"6","C1QBP"
0,1.48717311087418,0.993,0.885,0,"7","PTPRC"
1.40291770595806e-295,1.89689171205178,0.83,0.409,3.43041437460866e-291,"7","CEMIP2"
2.55782497831889e-259,2.14506007813305,0.731,0.333,6.25439363698535e-255,"7","RNF19A"
4.29914857071586e-240,3.13887375102919,0.284,0.047,1.05122780851144e-235,"7","VCAM1"
2.77997646378564e-234,1.05950517333808,1,0.999,6.79759844924864e-230,"7","MALAT1"
9.72307686565393e-228,1.81861711947403,0.75,0.374,2.3774867551897e-223,"7","PTPN22"
1.26175713692498e-196,2.63258334299713,0.394,0.107,3.08524855120896e-192,"7","TNFRSF9"
4.43240685703248e-191,2.2374359771678,0.481,0.161,1.08381212468158e-186,"7","DUSP4"
1.34213625515831e-183,1.95970179560099,0.48,0.158,3.28179157111311e-179,"7","PDCD1"
3.33514773189225e-176,2.23429656066852,0.426,0.134,8.15510323402293e-172,"7","GGA2"
1.88576712739738e-175,1.48858791345899,0.757,0.436,4.61107777991208e-171,"7","SLC38A1"
5.99365777222972e-174,1.22650302114571,0.819,0.459,1.46556919846561e-169,"7","CD8A"
7.96492436746494e-161,1.86816006895549,0.53,0.217,1.94758330633253e-156,"7","PPP1R16B"
2.32064882192714e-158,2.33749552748508,0.287,0.067,5.67445049937623e-154,"7","DTHD1"
7.94734146870709e-158,1.42764944057072,0.803,0.501,1.94328393592826e-153,"7","SYTL3"
1.60990851200233e-150,1.99106146873267,0.458,0.169,3.93654829354809e-146,"7","ATP8A1"
2.65929107320025e-143,1.50449712944785,0.653,0.353,6.50249853218925e-139,"7","RNF125"
8.35200966981804e-143,1.62569908384427,0.654,0.36,2.04223340446391e-138,"7","ITGA4"
4.13813025037506e-142,1.0829412655135,0.877,0.619,1.01185560882171e-137,"7","TNFAIP3"
1.76157028335341e-141,1.62827678619935,0.59,0.288,4.30739165685576e-137,"7","ZBTB1"
6.00502439579931e-141,1.24959911056272,0.777,0.523,1.46834856526085e-136,"7","STK17B"
8.88161988596029e-140,1.25901922686098,0.761,0.482,2.17173369451501e-135,"7","TNFRSF1B"
6.25451361414687e-130,1.01626807669084,0.873,0.689,1.52935366893119e-125,"7","LCP1"
1.06820786118884e-128,1.37011399769965,0.743,0.477,2.61198186217894e-124,"7","EML4"
4.20050470260061e-126,1.58133544145568,0.623,0.336,1.0271074098799e-121,"7","AC016831.7"
2.86438140643966e-125,1.23867605504128,0.738,0.463,7.00398541502626e-121,"7","TENT5C"
3.91686951470242e-125,0.717103943496832,0.979,0.885,9.57752933735036e-121,"7","SARAF"
1.25195519700111e-118,1.4117605017428,0.638,0.36,3.06128084770711e-114,"7","RANBP2"
1.77021411627322e-118,1.32635744250669,0.648,0.367,4.32852755711128e-114,"7","NR4A3"
9.63681488650459e-117,0.964321208438411,0.865,0.649,2.3563939760481e-112,"7","EZR"
1.25698786861104e-115,1.21911833284315,0.777,0.524,3.07358673632771e-111,"7","PIK3R1"
6.87427945800746e-115,1.39934340574719,0.594,0.306,1.68089881307198e-110,"7","CLEC2D"
7.95678765887581e-113,1.2455088675358,0.681,0.398,1.94559371834831e-108,"7","ITM2A"
2.34906147663313e-112,1.81814329669871,0.433,0.184,5.74392512266333e-108,"7","RFTN1"
1.46524125595853e-106,1.07128032049151,0.826,0.642,3.58280791906981e-102,"7","HSPA5"
1.09223965531267e-105,1.41732442530159,0.572,0.315,2.67074440517054e-101,"7","SMARCA5"
1.39132193589544e-104,0.937640632622932,0.831,0.604,3.40206039765153e-100,"7","FYN"
3.31534444232802e-104,0.789693687678329,0.952,0.747,8.10668023038047e-100,"7","CXCR4"
1.13634341122497e-102,1.89891180325215,0.342,0.127,2.7785869091273e-98,"7","ASXL2"
2.6520387775679e-101,1.48462637377665,0.538,0.28,6.48476521890903e-97,"7","CBLB"
2.5485082480468e-98,1.40733754807178,0.542,0.29,6.23161236812402e-94,"7","B4GALT1"
1.62631496683532e-97,1.31657316436646,0.6,0.352,3.97666535690573e-93,"7","SLA"
4.16114697292363e-96,0.811639401759797,0.895,0.741,1.01748365781928e-91,"7","SRSF7"
6.83492750617152e-95,1.46046564472824,0.508,0.261,1.67127647380906e-90,"7","LYST"
3.66754772644348e-94,1.47532518537106,0.497,0.252,8.9678877006996e-90,"7","ARAP2"
3.71113447999593e-94,1.42358093347467,0.493,0.248,9.07446603048605e-90,"7","PLEKHA2"
1.94865963665322e-93,1.4523801857285,0.504,0.263,4.76486254354444e-89,"7","SRRT"
2.80807200443477e-93,1.21253749324736,0.636,0.395,6.8662976652439e-89,"7","GSPT1"
6.90668876037225e-91,1.02863133269392,0.725,0.507,1.68882353568622e-86,"7","RNF213"
7.2776351094413e-91,1.41874177954792,0.52,0.275,1.77952733696059e-86,"7","KIAA1551"
2.59821845199699e-90,1.44538574808311,0.544,0.303,6.35316375882305e-86,"7","RALGAPA1"
2.24704919276674e-89,0.964551529915934,0.741,0.558,5.49448468615323e-85,"7","EIF4G2"
3.02494818323636e-88,1.5850934722081,0.374,0.156,7.39660329764954e-84,"7","ICOS"
4.29062345808166e-86,1.8292414251183,0.332,0.132,1.04914324797013e-81,"7","ENC1"
1.45393651226492e-85,1.03140156279497,0.704,0.494,3.55516555979019e-81,"7","ETS1"
5.92877763366772e-85,0.486377590322492,0.994,0.991,1.44970470698443e-80,"7","HLA-A"
6.7215896891664e-85,1.25791672544472,0.579,0.343,1.64356311079497e-80,"7","CNOT6L"
1.38834410789947e-84,1.34101973817876,0.489,0.258,3.39477901263578e-80,"7","NAA50"
3.82672484297916e-84,1.33371763324617,0.55,0.315,9.35710758605263e-80,"7","ZEB2"
9.36277960874396e-84,1.21380294772346,0.589,0.367,2.28938686993007e-79,"7","DDX6"
1.12502128229863e-81,1.32972053851383,0.537,0.314,2.75090203947661e-77,"7","CDK17"
2.35802992949011e-81,1.08481718527811,0.659,0.43,5.76585478358921e-77,"7","ATP1B3"
2.65775649072754e-79,1.44832248568304,0.421,0.203,6.49874617112697e-75,"7","IL21R"
4.61094554479684e-79,1.38878405486592,0.463,0.24,1.12746840461372e-74,"7","DDX3Y"
7.7683300186569e-79,0.922364109272419,0.718,0.504,1.89951205616199e-74,"7","STK4"
2.10895815806669e-78,1.42009078389975,0.468,0.246,5.15682448810468e-74,"7","MACF1"
1.35169472428136e-77,0.965014665801966,0.721,0.531,3.30516393981278e-73,"7","MBNL1"
1.24386918017548e-75,1.07972392066384,0.629,0.414,3.0415089193651e-71,"7","ARID4B"
4.44211187675464e-75,1.34271239350214,0.437,0.222,1.08618519610404e-70,"7","IKZF3"
7.04648297252513e-73,1.13901158561972,0.583,0.373,1.72300601644185e-68,"7","STAT3"
1.16709634792938e-72,1.82170746266044,0.304,0.126,2.85378398995692e-68,"7","AHI1"
1.45583084587144e-72,0.596573992479948,0.939,0.824,3.55979758432485e-68,"7","ZFP36L2"
1.85882966781067e-72,0.787203108985294,0.764,0.532,4.54521030373065e-68,"7","ZNF331"
5.26569663031226e-72,1.11697222655525,0.608,0.404,1.28756814004395e-67,"7","IDS"
5.34089438284408e-72,1.26404060302704,0.494,0.276,1.30595549449303e-67,"7","SPTAN1"
1.10239698544996e-71,0.976230053871849,0.687,0.491,2.69558110882223e-67,"7","NR3C1"
3.005204269075e-71,0.98704836710452,0.677,0.481,7.3483254787422e-67,"7","AKAP13"
3.53351153818084e-71,1.72530576702204,0.285,0.113,8.6401424131598e-67,"7","IRF4"
3.58349799119985e-71,1.07898568601273,0.605,0.396,8.76236928808186e-67,"7","IQGAP1"
4.11670790225854e-71,1.02142319859538,0.605,0.396,1.00661741626026e-66,"7","DDX17"
4.28040855959422e-71,1.64623357245259,0.342,0.151,1.04664550099198e-66,"7","CRTAM"
3.73574534798694e-70,1.29546043833095,0.461,0.248,9.13464452489766e-66,"7","NUP98"
1.01743939903172e-69,1.43618476363371,0.372,0.176,2.48784281851237e-65,"7","NIN"
1.89028534321067e-69,0.951499187149853,0.721,0.53,4.62212572121874e-65,"7","CD44"
1.98857743275832e-69,1.53015855321791,0.318,0.137,4.86246953858064e-65,"7","MSL2"
2.6445366072318e-69,0.580510030214458,0.906,0.712,6.46642091200321e-65,"7","NR4A2"
3.11657424902898e-69,1.20800391251195,0.517,0.302,7.62064735372565e-65,"7","SLC7A5"
7.17495133221004e-69,1.26190137565082,0.525,0.314,1.754419099752e-64,"7","SLC38A2"
1.10631940627288e-68,1.5079412052127,0.493,0.286,2.70517221221845e-64,"7","TSPYL2"
1.22413645513771e-68,1.21974396313833,0.535,0.324,2.99325846010274e-64,"7","CCND2"
1.68611389073773e-68,1.12564531605177,0.58,0.363,4.1228856856319e-64,"7","CD96"
4.4092158714008e-68,1.09566486327605,0.581,0.37,1.07814146487492e-63,"7","PRKCH"
4.61113923271009e-68,1.26067954859447,0.437,0.229,1.12751576518227e-63,"7","WNK1"
1.84070197744841e-67,1.13913204412713,0.598,0.393,4.50088447525685e-63,"7","STAT4"
3.59583399475682e-66,1.20989355467019,0.488,0.284,8.79253328397939e-62,"7","EMB"
5.76816771201782e-66,1.16819111442835,0.543,0.343,1.4104323689426e-61,"7","CDKN1B"
1.55538963782256e-65,1.34873631927619,0.39,0.195,3.80323874240371e-61,"7","RNF168"
2.15092266018939e-64,0.87326500159569,0.631,0.396,5.25943608869509e-60,"7","CD3G"
1.59602097693576e-63,1.67118654361002,0.25,0.096,3.90259049280332e-59,"7","HAUS3"
2.61756673754582e-63,0.79790829069906,0.757,0.572,6.40047418664704e-59,"7","LEPROTL1"
3.63650924563842e-63,1.10939674591744,0.578,0.376,8.89199240743505e-59,"7","CHD1"
8.3069978741024e-63,1.39051962399573,0.401,0.211,2.03122712017552e-58,"7","LBR"
1.99054214265347e-62,1.67728175975828,0.269,0.111,4.86727364721626e-58,"7","TMEM39A"
1.04698475427966e-61,1.23931769152006,0.429,0.235,2.56008712116461e-57,"7","JOSD1"
3.30410695982356e-61,1.16830378717969,0.484,0.281,8.07920233816057e-57,"7","CD6"
7.75238677481716e-61,1.62764915178427,0.301,0.135,1.89561361417829e-56,"7","BCL2L11"
2.00280093541479e-60,0.448400078626947,0.977,0.953,4.89724884727625e-56,"7","HLA-E"
2.86257084701698e-60,0.434608828761033,0.955,0.782,6.99955823512592e-56,"7","DUSP2"
4.14833525934476e-60,0.802081435478756,0.708,0.537,1.01435093761498e-55,"7","MYH9"
2.22737083571661e-59,0.738457101629591,0.771,0.667,5.44636716749426e-55,"7","SFPQ"
4.05083466840666e-59,1.06716375712793,0.543,0.352,9.90510093118796e-55,"7","SERINC1"
8.40435609775764e-59,0.985959734070788,0.557,0.355,2.0550331530237e-54,"7","USP36"
1.30400718516008e-58,1.27611376053299,0.422,0.232,3.18855836915343e-54,"7","ITK"
1.37098147758288e-58,0.867327191990201,0.683,0.519,3.35232390898566e-54,"7","MSN"
2.66780955865507e-58,0.846680108822666,0.73,0.559,6.52332793282337e-54,"7","ADGRE5"
4.04017281309353e-58,1.30282537478297,0.364,0.184,9.8790305625763e-54,"7","HIST1H1E"
5.7510969150638e-58,1.50796732092158,0.347,0.174,1.4062582176714e-53,"7","GOLGB1"
8.48132758418216e-58,1.2800282535123,0.472,0.282,2.07385422088422e-53,"7","SYNE2"
8.52478701756993e-58,1.2265011545437,0.431,0.241,2.0844809215362e-53,"7","PDE4D"
1.35607474764317e-57,1.16699919250187,0.458,0.267,3.31587397293708e-53,"7","UTRN"
3.95114369375245e-57,1.47599174447937,0.303,0.138,9.66133655996348e-53,"7","PAG1"
4.61893198936098e-57,0.908768868358639,0.683,0.538,1.12942125003855e-52,"7","PRRC2C"
6.6537767724763e-57,1.03004871953375,0.547,0.361,1.6269814964059e-52,"7","SKIL"
6.8563245723298e-56,0.775406813194166,0.705,0.55,1.67650848442608e-51,"7","HNRNPU"
1.06558653762106e-55,1.19949741306445,0.519,0.331,2.60557220179102e-51,"7","STAT1"
2.31828567749242e-55,0.948176137040203,0.583,0.41,5.66867213860446e-51,"7","ACTR2"
7.24820155207307e-55,1.06896283826569,0.554,0.371,1.77233024351291e-50,"7","SMCHD1"
7.8251472498073e-55,0.72767675940526,0.604,0.381,1.91340500552288e-50,"7","RGS1"
9.70882649480598e-55,1.1396935477476,0.422,0.235,2.37400225450996e-50,"7","SEMA4D"
2.86267897377485e-54,0.734987950847538,0.791,0.675,6.99982262667425e-50,"7","CALR"
1.08421434637819e-53,1.25856922691415,0.408,0.228,2.65112091976394e-49,"7","GLS"
1.38922632828726e-53,1.20722558376756,0.427,0.245,3.396936217928e-49,"7","USP11"
1.8099018112653e-53,1.45228264857515,0.286,0.129,4.4255719089059e-49,"7","F2R"
2.36764455083936e-53,1.44750398188028,0.327,0.162,5.78936445571241e-49,"7","CEP350"
4.82923393288007e-53,1.31128940736826,0.405,0.228,1.18084428126784e-48,"7","GPCPD1"
1.39730107451003e-52,1.30309408783056,0.351,0.183,3.41668058739193e-48,"7","DOCK10"
2.9194407429508e-52,1.21503178094713,0.345,0.175,7.13861650466331e-48,"7","TOX"
2.82195272859133e-51,1.22927667907498,0.372,0.199,6.90023881195151e-47,"7","ATP2B4"
1.13781091745095e-50,1.20172346558506,0.327,0.161,2.78217525535107e-46,"7","INPP4B"
1.42959092564087e-50,1.06551732895328,0.454,0.272,3.49563573137706e-46,"7","NFATC2"
5.17729011987759e-50,1.35160626792971,0.373,0.205,1.26595098011247e-45,"7","HCG18"
6.75308160511622e-50,1.08236537297636,0.446,0.257,1.65126351408302e-45,"7","CXCR6"
9.63622780428804e-50,1.06420268403322,0.59,0.44,2.35625042270451e-45,"7","PDE4B"
1.73438367152253e-49,0.696633041496549,0.488,0.273,4.2409149536069e-45,"7","CD8B"
2.20683526562287e-49,1.20004686244116,0.412,0.238,5.39615359150105e-45,"7","GPRIN3"
2.95447579626894e-49,1.35386359428433,0.352,0.185,7.22428421703682e-45,"7","CAMK4"
6.09402179400481e-49,1.21088977352721,0.395,0.221,1.49011020907006e-44,"7","APOL6"
6.27456221005526e-49,0.99898579674569,0.56,0.383,1.53425595160271e-44,"7","AKNA"
1.69604352869349e-48,0.72265396421008,0.708,0.555,4.14716563636131e-44,"7","WIPF1"
3.18708968755674e-48,1.04526982080412,0.505,0.336,7.79307170401375e-44,"7","CANX"
4.04217762831647e-48,0.797478480717973,0.64,0.467,9.88393273675944e-44,"7","G3BP2"
5.37242214270802e-48,0.911030554094933,0.569,0.399,1.31366466233496e-43,"7","FNBP1"
7.48689306175153e-48,1.14374520601958,0.425,0.252,1.83069509145948e-43,"7","LNPEP"
1.09388604900333e-47,1.35155170651233,0.301,0.149,2.67477016702295e-43,"7","TRPC4AP"
1.1040544827146e-47,1.30712738611746,0.335,0.177,2.69963402113374e-43,"7","BIRC6"
1.41064623891374e-47,0.930675505170009,0.559,0.389,3.44931218339189e-43,"7","SF3B1"
8.54524101836615e-47,1.07798972121381,0.426,0.249,2.08948233381089e-42,"7","SERPINB9"
1.06677568073822e-46,1.23568647769691,0.394,0.23,2.6084798945411e-42,"7","VPS13C"
3.19964456223353e-46,1.18193628705328,0.328,0.168,7.82377088357343e-42,"7","OASL"
9.23170243795865e-46,1.34076763472539,0.33,0.175,2.25733588012965e-41,"7","SACM1L"
2.08693481716445e-45,1.13760276740918,0.477,0.306,5.10297301493051e-41,"7","TC2N"
4.57540518133505e-45,1.32246111630163,0.303,0.154,1.11877807494005e-40,"7","HNRNPLL"
6.57188812353604e-45,1.13124045661871,0.434,0.268,1.60695808396703e-40,"7","IL10RA"
9.15050667741852e-45,0.946748514395384,0.522,0.356,2.23748189276238e-40,"7","SURF4"
9.36296516528795e-45,0.932755663248511,0.573,0.412,2.28943224221621e-40,"7","RNF149"
1.02568808360734e-44,1.23117140161508,0.435,0.272,2.50801250203668e-40,"7","AOAH"
3.21281142818913e-44,1.12552896541791,0.393,0.233,7.85596650420806e-40,"7","PPP4R3A"
7.93534827065996e-44,0.960435737264584,0.512,0.353,1.94035135914177e-39,"7","SRPRA"
8.97648705161849e-44,1.40528279335297,0.257,0.121,2.19493061386175e-39,"7","FAM118A"
1.7769772022455e-43,0.380931330767462,0.462,0.269,4.3450646549307e-39,"7","HLA-DQA1"
2.28669578008239e-43,1.27544111992028,0.342,0.19,5.59142852145746e-39,"7","P2RY8"
2.40385790901524e-43,0.635291385614222,0.702,0.534,5.87791335912407e-39,"7","VPS37B"
4.81724024028423e-43,0.931805550609321,0.516,0.357,1.1779115835543e-38,"7","PAK2"
4.91831805795805e-43,1.29707757020988,0.321,0.172,1.2026271315319e-38,"7","TNKS2"
4.94352304271996e-43,1.23759680162985,0.323,0.173,1.20879025440589e-38,"7","TM9SF3"
2.59824465053433e-42,1.41681671798563,0.257,0.123,6.35322781948655e-38,"7","SUCO"
2.67288798040585e-42,1.45008321466153,0.251,0.119,6.53574568968837e-38,"7","CYP51A1"
4.13380423706637e-42,1.11142256314897,0.283,0.138,1.01079781204747e-37,"7","BCL11B"
4.74713670365707e-42,1.22286852305965,0.36,0.209,1.16076986677823e-37,"7","GOLGA4"
6.28596839084246e-42,0.98941195312944,0.432,0.269,1.5370449909288e-37,"7","ADAR"
6.73219935979202e-42,0.9751650896292,0.439,0.275,1.64615738745634e-37,"7","STK10"
1.23193181648926e-41,1.2661455341272,0.267,0.129,3.01231967767954e-37,"7","SLFN12L"
1.23384787789985e-41,0.994083425291495,0.45,0.285,3.01700483104072e-37,"7","DOCK8"
1.6675594378975e-41,1.41837793717315,0.294,0.154,4.07751633754696e-37,"7","B3GNT2"
2.12722384569639e-41,0.8473846686015,0.518,0.353,5.20148774749681e-37,"7","TLN1"
2.7282167269734e-41,1.00218510961414,0.45,0.291,6.67103554079537e-37,"7","POLR2A"
2.90657742035786e-41,1.0579111684076,0.418,0.257,7.10716310825903e-37,"7","DYNC1H1"
3.35838910829158e-41,1.07691151618417,0.364,0.209,8.21193304759456e-37,"7","PTBP3"
3.91100596405334e-41,1.35086235409515,0.275,0.138,9.56319178330322e-37,"7","GFPT1"
6.769882404831e-41,0.708557546869866,0.724,0.614,1.65537164562928e-36,"7","PDIA3"
1.11376554532086e-40,1.06465933118052,0.387,0.231,2.72337951141856e-36,"7","PRPF8"
1.39069534710135e-40,1.12630621971561,0.367,0.216,3.40052826273221e-36,"7","CCNT1"
1.40626342244678e-40,1.19486840169711,0.323,0.176,3.43859532056686e-36,"7","FAM13B"
1.67924487159179e-40,1.05397611681111,0.435,0.273,4.10608956001626e-36,"7","TIPARP"
2.61333210918605e-40,1.27249853622011,0.286,0.147,6.39011967338174e-36,"7","MAP3K2"
3.99359704051191e-40,1.26480302750727,0.326,0.182,9.76514348345973e-36,"7","HECTD1"
6.7077348904313e-40,1.06876706899692,0.395,0.234,1.64017533540826e-35,"7","CD5"
8.36185151065928e-40,0.920864095913046,0.418,0.249,2.04463993138641e-35,"7","TIGIT"
1.33884764068196e-39,1.22851485024526,0.28,0.142,3.27375025099554e-35,"7","HUWE1"
2.62999609971671e-39,1.11439143812913,0.385,0.23,6.4308664630273e-35,"7","PDE7A"
2.6510889658605e-39,0.887306804752983,0.529,0.37,6.4824427393221e-35,"7","PTGER4"
4.48902841431115e-39,0.827991940955441,0.515,0.358,1.09765722786736e-34,"7","MATR3-1"
6.21676013422212e-39,0.624636672973818,0.742,0.617,1.52012218801999e-34,"7","DDX24"
1.23049807907262e-38,0.971383755000886,0.378,0.22,3.00881390294838e-34,"7","LAG3"
1.45909206843297e-38,0.707733597657244,0.636,0.468,3.5677719257323e-34,"7","SPOCK2"
1.85014744255269e-38,0.878970428246802,0.487,0.329,4.52398052652985e-34,"7","HP1BP3"
4.62353629532558e-38,1.06465805112263,0.36,0.212,1.13054709493301e-33,"7","ARID5B"
5.77840256157947e-38,0.640999480913888,0.704,0.52,1.41293499435741e-33,"7","GZMK"
5.91614979980273e-38,1.12954207050087,0.35,0.204,1.44661694904776e-33,"7","FBXO34"
1.27093180987787e-37,1.12165070276154,0.382,0.235,3.10768246151336e-33,"7","ATF7IP"
1.60221144295965e-37,1.32772570278331,0.313,0.176,3.91772742032493e-33,"7","BRAF"
3.15775404503568e-37,0.372900912671339,0.914,0.812,7.72134019092124e-33,"7","ZFP36"
3.38340836570587e-37,0.914122756364967,0.488,0.343,8.27311013582398e-33,"7","BCLAF1"
3.57139718784792e-37,1.27045722309831,0.26,0.131,8.73278040372572e-33,"7","LRBA"
5.96420509030039e-37,1.06899136316798,0.354,0.21,1.45836742868025e-32,"7","SMARCA2"
8.05988683605307e-37,0.967149993445285,0.443,0.297,1.9708035291517e-32,"7","CHD2"
8.27026050630286e-37,0.49438638848208,0.717,0.571,2.02224409900118e-32,"7","TUBA4A"
1.20702648895464e-36,1.0272693310898,0.434,0.284,2.95142117079188e-32,"7","PBXIP1"
1.6720881254145e-36,1.14754353979436,0.363,0.219,4.08858988426352e-32,"7","NIPBL"
2.65631941624181e-36,0.822043171196567,0.558,0.412,6.49523223659447e-32,"7","CDC42SE2"
5.08577814349035e-36,0.900360683674257,0.448,0.298,1.24357447164626e-31,"7","KPNA2"
5.73880780604205e-36,0.971719725104374,0.468,0.327,1.4032532847334e-31,"7","SCAF11"
8.9910509276061e-36,0.824872854124007,0.541,0.388,2.19849177281824e-31,"7","IDI1"
1.68232855638841e-35,0.785610156417959,0.595,0.443,4.11362978608094e-31,"7","SAMSN1"
2.50097492603514e-35,0.68390923619704,0.628,0.499,6.11538388914113e-31,"7","ARL6IP1"
7.30691999593079e-35,1.17223559467515,0.259,0.134,1.786688077405e-30,"7","PARP14"
1.03760760515574e-34,0.575511614999046,0.746,0.619,2.53715811612682e-30,"7","FUS"
2.20846308933796e-34,0.63276541435714,0.686,0.568,5.40013394604918e-30,"7","KMT2E"
2.97788852958735e-34,1.11254688503425,0.312,0.176,7.28153303254698e-30,"7","PJA2"
3.3347208206358e-34,1.00419392785582,0.383,0.243,8.15405935061865e-30,"7","TACC1"
4.14197392993847e-34,1.18051442372862,0.33,0.195,1.01279546534856e-29,"7","CENPC"
8.46212406180657e-34,1.1262458853676,0.293,0.162,2.06915857559294e-29,"7","ZNF292"
1.86383826828873e-33,1.07609006678423,0.323,0.186,4.5574573336196e-29,"7","CD28"
2.05656640915852e-33,1.02224065180962,0.319,0.182,5.02871618367441e-29,"7","SYNE1"
2.83432752744978e-33,1.03752628570465,0.36,0.223,6.9304976701202e-29,"7","CD46"
4.11651783973575e-33,1.04051389727797,0.278,0.148,1.00657094217219e-28,"7","THEMIS"
5.02337588105148e-33,0.730448549672709,0.564,0.433,1.22831587043471e-28,"7","LBH"
5.04445036561716e-33,0.706264227370079,0.587,0.453,1.23346900340071e-28,"7","DDX3X"
6.69504198652391e-33,1.14696683836842,0.297,0.169,1.63707166654483e-28,"7","PRKDC"
8.00710345960239e-33,0.602514707589725,0.675,0.551,1.95789693794198e-28,"7","HSPD1"
1.15963114625806e-32,0.593850931797315,0.682,0.565,2.8355300788302e-28,"7","JAK1"
1.22732408352636e-32,0.344926155040709,0.908,0.732,3.00105284903865e-28,"7","CREM"
1.38084247695868e-32,1.04463209602402,0.329,0.193,3.37643602465937e-28,"7","TGFBR2"
1.77985968293536e-32,1.1218054605742,0.278,0.152,4.35211289671355e-28,"7","POM121C"
1.78768903153244e-32,0.988189839218991,0.418,0.283,4.37125721990313e-28,"7","ROCK1"
1.82088210657435e-32,1.33112907312122,0.253,0.136,4.45242092699559e-28,"7","RUNX1"
3.2094340207064e-32,1.05029271208755,0.363,0.229,7.84770806743129e-28,"7","TMF1"
3.99252214083738e-32,1.20150164512479,0.26,0.14,9.76251513877555e-28,"7","MARCH6"
4.53914159609645e-32,0.884116703876106,0.538,0.4,1.1099109030775e-27,"7","NEAT1"
6.32328786061914e-32,1.19383565687365,0.292,0.168,1.54617034767859e-27,"7","CCDC47"
1.30736355791093e-31,0.681380770167839,0.576,0.444,3.1967653718038e-27,"7","SRRM2"
1.78573298817374e-31,0.87569262051159,0.494,0.364,4.36647430268244e-27,"7","NOP58"
1.82451483961683e-31,0.892718759067018,0.419,0.282,4.46130368583108e-27,"7","PPP1R10"
2.21786232199067e-31,0.785307667989453,0.51,0.365,5.42311694973158e-27,"7","RAB8B"
4.16315269945464e-31,0.313401984549209,0.958,0.934,1.01797409807065e-26,"7","UBC"
5.02923703424284e-31,0.985034633476612,0.352,0.218,1.22974903961306e-26,"7","CCSER2"
1.39034920776121e-30,0.944108628148957,0.423,0.291,3.39968188281772e-26,"7","USP15"
1.46119249838747e-30,0.577447097347011,0.675,0.555,3.57290789705705e-26,"7","PDCD4"
1.90351660124245e-30,0.315508342795399,0.98,0.932,4.65447879335805e-26,"7","SRGN"
2.3409729280033e-30,0.883124409898707,0.42,0.282,5.72414700355368e-26,"7","ADSS"
2.63139523254718e-30,0.779689927403538,0.683,0.58,6.43428762262437e-26,"7","SLC2A3"
3.76047603228383e-30,0.798600110033072,0.522,0.389,9.19511599414042e-26,"7","CCNL1"
4.95880584601096e-30,0.922972156672588,0.438,0.306,1.2125272054666e-25,"7","CYTH1"
6.08541187141505e-30,0.778367687930009,0.472,0.336,1.48800491079841e-25,"7","SH3KBP1"
8.618422302541e-30,0.960666967367555,0.273,0.15,2.10737662141733e-25,"7","NUFIP2"
1.30972130896383e-29,1.13047642453643,0.295,0.173,3.20253054467837e-25,"7","CLTC"
1.40874891169084e-29,1.08650988500032,0.274,0.156,3.44467283886644e-25,"7","MAP4"
2.85499926400594e-29,0.989935481192519,0.35,0.222,6.98104420034733e-25,"7","GLG1"
3.01102030605713e-29,1.03009908735531,0.317,0.191,7.36254685237089e-25,"7","LUC7L2"
4.41185418247159e-29,0.98074223305939,0.383,0.254,1.07878658469795e-24,"7","TAF15"
4.41634691469774e-29,0.989195170869909,0.315,0.186,1.07988514758189e-24,"7","SLFN5"
4.59037249810397e-29,0.494032787823363,0.719,0.589,1.12243788323638e-24,"7","REL"
1.82879566354924e-28,0.462497466812067,0.788,0.708,4.4717711565106e-24,"7","NCL"
2.05610390502119e-28,0.73766567836998,0.53,0.406,5.02758526855781e-24,"7","HSPA9"
2.05940392859522e-28,0.806121358080954,0.407,0.265,5.03565448620103e-24,"7","SLA2"
2.36285462649325e-28,1.11594532196191,0.263,0.148,5.7776521327013e-24,"7","USP47"
2.55380539254535e-28,0.92793627738165,0.386,0.258,6.2445649458519e-24,"7","ITSN2"
5.68974749258073e-28,0.31776024305017,0.908,0.856,1.39125705688584e-23,"7","DDX5"
6.38357353987228e-28,1.11881441891702,0.287,0.171,1.56091140196957e-23,"7","DHX9"
1.23628567063589e-27,0.525553844830771,0.661,0.546,3.02296572183887e-23,"7","BTG2"
1.51991199354739e-27,0.569042478094,0.679,0.575,3.71648880662208e-23,"7","RBM39"
2.33092896888694e-27,1.05207161904442,0.288,0.172,5.69958751472235e-23,"7","NRDC"
3.26127472428541e-27,1.00669217791945,0.308,0.189,7.97446895582268e-23,"7","SNRNP200"
7.72206859839695e-27,1.28317255076516,0.26,0.153,1.88820021368002e-22,"7","PRDM1"
8.81673875737674e-27,0.625136928427571,0.656,0.552,2.15586896095376e-22,"7","ELF1"
1.20573337466586e-26,0.63540214772175,0.535,0.409,2.94825924773296e-22,"7","HSPH1"
1.33509566917205e-26,1.06879473420842,0.262,0.151,3.26457593025949e-22,"7","BTN3A1"
1.78187438840114e-26,1.11542293826353,0.284,0.171,4.35703925451846e-22,"7","XRN1"
3.10030160657297e-26,0.992181194059031,0.303,0.184,7.58085748839224e-22,"7","PRKAR2A"
4.26671860291247e-26,0.933937959799502,0.345,0.226,1.04329803278416e-21,"7","PHF20L1"
7.29599533484117e-26,0.924004971171944,0.401,0.282,1.78401677927536e-21,"7","TPR"
3.9468835108803e-25,1.01789693134562,0.312,0.197,9.65091956080451e-21,"7","ACIN1"
4.34768681275838e-25,1.04819328678758,0.273,0.164,1.06309637945568e-20,"7","PRRC2B"
5.32492136492007e-25,1.02518907370356,0.27,0.16,1.30204977215025e-20,"7","SENP6"
8.26868710051951e-25,0.864291890075752,0.373,0.253,2.02185936981903e-20,"7","PAFAH1B1"
9.2305669252738e-25,0.974593402456691,0.313,0.2,2.25705822456795e-20,"7","COPA"
1.06281834743881e-24,0.666142897313702,0.512,0.389,2.59880342315737e-20,"7","TAP1"
2.5971348880326e-24,0.941818180863057,0.362,0.246,6.3505142282173e-20,"7","PFKFB3"
2.72387818118376e-24,0.880409226510913,0.352,0.234,6.66042692863053e-20,"7","FNBP4"
3.36901592123537e-24,0.628148858971192,0.513,0.385,8.23791773060472e-20,"7","RHOH"
3.39295692587145e-24,0.553232360591491,0.65,0.56,8.29645827514088e-20,"7","CDC42"
5.12061771318207e-24,0.695828775136432,0.45,0.324,1.25209344322728e-19,"7","GABARAPL1"
6.12282977933696e-24,0.611535363845557,0.511,0.386,1.49715433764347e-19,"7","ARHGAP9"
6.29202510028301e-24,1.0561632010264,0.284,0.175,1.5385259775212e-19,"7","SLC20A1"
7.38656398748815e-24,1.12042267509003,0.25,0.147,1.8061626262206e-19,"7","MFSD14A"
1.12074611026707e-23,0.884786422421586,0.39,0.278,2.74044838882504e-19,"7","GCC2"
1.12238796384376e-23,0.810047088933794,0.434,0.318,2.74446304919075e-19,"7","IQGAP2"
2.10458519341463e-23,0.89945104062715,0.339,0.226,5.14613171493744e-19,"7","VPS4B"
2.96296137170554e-23,0.9124317754563,0.356,0.241,7.24503314609439e-19,"7","CRYBG1"
3.02572703775023e-23,0.758088138969916,0.448,0.329,7.39850775270687e-19,"7","MAPRE2"
3.2323499856751e-23,1.06918751886318,0.263,0.159,7.90374218497275e-19,"7","TUT4"
5.92829741011383e-23,0.986213208237139,0.262,0.157,1.44958728272103e-18,"7","CAND1"
7.66147891705204e-23,0.818263861992311,0.412,0.3,1.87338482479757e-18,"7","NSD3"
8.570170748383e-23,1.01876900526625,0.254,0.152,2.09557815139461e-18,"7","NUDT4"
9.81454849234573e-23,0.754712260366161,0.435,0.318,2.39985339734838e-18,"7","IVNS1ABP"
9.87544903786907e-23,0.730982441695921,0.469,0.369,2.41474479873974e-18,"7","TAX1BP1"
1.13068672716081e-22,0.892661247263318,0.322,0.21,2.76475518525362e-18,"7","OGA"
1.29702568016964e-22,0.935170925772268,0.311,0.199,3.17148719315081e-18,"7","PHF3"
1.51132211854162e-22,0.948982699888868,0.334,0.224,3.69548484425797e-18,"7","PCM1"
1.61083964868156e-22,0.443259530962161,0.773,0.699,3.93882510895615e-18,"7","TMBIM6"
1.71899487871106e-22,1.07895794565669,0.255,0.156,4.20328627742429e-18,"7","PIK3AP1"
1.88438915003135e-22,1.09435198336237,0.259,0.159,4.60770834965665e-18,"7","CCPG1"
2.33863935619811e-22,0.839023349421799,0.388,0.278,5.71844095377562e-18,"7","DIAPH1"
2.38449134741902e-22,0.93461341694044,0.25,0.147,5.83055824270898e-18,"7","YBX3"
2.47216007810808e-22,0.627573586269596,0.576,0.469,6.04492582298989e-18,"7","RSRP1"
4.57853865097288e-22,1.00972541151504,0.293,0.188,1.11954427093589e-17,"7","RBM5"
5.19202020516309e-22,0.858788855869968,0.412,0.304,1.26955278056648e-17,"7","ATRX"
5.2641321631079e-22,0.833962846444945,0.404,0.294,1.28718559652314e-17,"7","IFRD1"
5.68802170998653e-22,0.948893563538389,0.312,0.206,1.39083506852591e-17,"7","KDM5A"
6.08899220931652e-22,0.35522570526556,0.84,0.804,1.48888037502208e-17,"7","HNRNPA2B1"
9.5620928082267e-22,0.961070941552056,0.288,0.183,2.33812293346759e-17,"7","CASP3"
1.01660621180507e-21,0.769132129664699,0.388,0.275,2.48580550910576e-17,"7","ITGAL"
1.1646666485554e-21,0.72776733697476,0.406,0.291,2.84784288904766e-17,"7","ANKRD44"
1.62703788521578e-21,0.613591819041879,0.564,0.466,3.97843303692962e-17,"7","TAPBP"
2.15459742252793e-21,0.737474726023532,0.368,0.253,5.26842161756528e-17,"7","TMX4"
2.30096783784508e-21,1.05954220626529,0.3,0.198,5.6263265570988e-17,"7","BDP1"
2.82111444077732e-21,0.948418241992399,0.259,0.159,6.89818903058869e-17,"7","NEDD9"
3.15896720439393e-21,0.737171819377018,0.422,0.318,7.72430660818404e-17,"7","CSNK1D"
3.74022856428258e-21,0.833462660412689,0.354,0.247,9.14560688538376e-17,"7","MYCBP2"
5.15295544766942e-21,0.88880630402669,0.288,0.183,1.26000066606413e-16,"7","SMG1"
6.65626694206267e-21,1.08885278180118,0.265,0.168,1.62759039267316e-16,"7","KMT2C"
1.0070637223284e-20,0.921539283719767,0.295,0.189,2.46247221383739e-16,"7","NKTR"
1.08952211537208e-20,0.823881290179552,0.298,0.192,2.66409947650781e-16,"7","FASLG"
1.85800786202237e-20,0.331436483319264,0.745,0.632,4.54320082421709e-16,"7","YPEL5"
2.72704072204688e-20,0.961606300067366,0.255,0.157,6.66815997354903e-16,"7","ARIH1"
4.19641960917527e-20,0.614490947578806,0.534,0.434,1.02610852283554e-15,"7","TERF2IP"
5.86974496065443e-20,0.946403464747258,0.258,0.161,1.43527003777922e-15,"7","CUL3"
6.54077894334031e-20,0.514403141515452,0.612,0.524,1.59935126722557e-15,"7","HNRNPA3"
7.98778871680118e-20,0.649974394620254,0.388,0.274,1.95317409703223e-15,"7","NAMPT"
9.14483463441203e-20,0.865983111006367,0.303,0.201,2.23609496480643e-15,"7","STT3B"
9.88937786776184e-20,0.947615297418823,0.338,0.237,2.41815067622513e-15,"7","JMJD1C"
1.34812060611076e-19,0.846910037908602,0.317,0.216,3.29642450606202e-15,"7","STAG2"
1.73520581249194e-19,0.629591545106571,0.429,0.32,4.24292525270529e-15,"7","PPP1CB"
1.85076325076059e-19,0.704362317688951,0.454,0.357,4.5254863007598e-15,"7","NCOR1"
2.38431039500337e-19,0.621641295798392,0.443,0.336,5.83011577786223e-15,"7","ZC3HAV1"
2.77937785101946e-19,0.672318283090855,0.455,0.346,6.79613472131277e-15,"7","N4BP2L2"
2.83232240041797e-19,0.992843594401638,0.25,0.158,6.92559473350202e-15,"7","TOR1AIP1"
3.45399805644416e-19,0.874779817377311,0.288,0.187,8.44571604761727e-15,"7","PTPRA"
6.70837405083161e-19,0.558694183084126,0.506,0.391,1.64033162290934e-14,"7","APMAP"
7.49844972420195e-19,0.752460305384982,0.409,0.304,1.83352092656186e-14,"7","PITPNC1"
8.58697641459183e-19,0.920234416763969,0.296,0.198,2.09968747289599e-14,"7","OGT"
9.95051974408061e-19,0.723333509482511,0.404,0.305,2.43310108782259e-14,"7","SERINC3"
1.0686482122372e-18,0.929260558118707,0.267,0.171,2.61305860856239e-14,"7","CD38"
1.24096979860069e-18,0.691254470176083,0.523,0.429,3.03441935153842e-14,"7","CCNH"
1.37568045240178e-18,0.806102454946135,0.32,0.221,3.36381384221282e-14,"7","AFF4"
1.59608020264361e-18,1.04736159632853,0.259,0.169,3.90273531150415e-14,"7","SNX9"
1.73304449227605e-18,0.825574431602446,0.311,0.21,4.23764039251341e-14,"7","GNA13"
2.75343575229187e-18,0.728898118363963,0.389,0.288,6.73270110150408e-14,"7","M6PR"
3.01257765435713e-18,0.989036467621549,0.265,0.173,7.36635488043404e-14,"7","FRYL"
3.49477413105915e-18,0.845578517561495,0.281,0.185,8.54542170526583e-14,"7","P2RY10"
3.55946316008255e-18,0.704699948381605,0.358,0.256,8.70359931903386e-14,"7","CYLD"
4.19102340547136e-18,0.673189323690183,0.422,0.32,1.02478904310586e-13,"7","DHX36"
4.48564775753634e-18,0.66887920889063,0.421,0.319,1.09683058967279e-13,"7","ATP1A1"
5.15256342626962e-18,0.866525565285252,0.276,0.181,1.25990480899145e-13,"7","HELZ"
5.48471634772496e-18,1.03323209929468,0.267,0.176,1.34112284134571e-13,"7","RIOK3"
6.22537808604596e-18,0.787577906479084,0.254,0.158,1.52222944959996e-13,"7","CXCR3"
6.77491849189188e-18,0.867468935598636,0.32,0.219,1.6566030696374e-13,"7","ABLIM1"
7.1352786046134e-18,0.611164453557827,0.487,0.394,1.74471832440007e-13,"7","CAPZA1"
9.00445341735188e-18,0.69622816582606,0.365,0.264,2.20176894961088e-13,"7","PPM1G"
9.88602255159364e-18,0.529811752105052,0.317,0.209,2.41733023431568e-13,"7","CD27"
1.03280563101626e-17,0.574010762363738,0.448,0.337,2.52541632896096e-13,"7","NSMCE3"
1.04998956730056e-17,0.831351491249722,0.313,0.218,2.56743448996332e-13,"7","ANKRD11"
1.06520632832992e-17,0.967446099088181,0.255,0.166,2.60464251403232e-13,"7","KDM2A"
1.28745922083322e-17,0.464510550515644,0.645,0.562,3.14809528678139e-13,"7","HSP90B1"
1.38466907138152e-17,0.846550692075573,0.255,0.164,3.38579281334209e-13,"7","ADAM10"
1.66762062034152e-17,0.689405986639877,0.385,0.285,4.07766594085909e-13,"7","YTHDC1"
2.1240311996427e-17,0.629931971943434,0.468,0.372,5.19368108936633e-13,"7","SRSF11"
2.18728968015516e-17,0.624785409496719,0.475,0.377,5.34836072591539e-13,"7","THRAP3"
3.76284768984008e-17,0.834841121319075,0.259,0.168,9.20091517119697e-13,"7","EFR3A"
5.04457485286975e-17,0.85274618263416,0.305,0.214,1.23349944302371e-12,"7","SPPL2A"
5.23067064638385e-17,0.41460648684712,0.648,0.56,1.27900358645378e-12,"7","SF1"
7.64027710262974e-17,0.804488960256973,0.298,0.205,1.86820055713502e-12,"7","SAFB2"
1.0921585358214e-16,0.868527170259896,0.283,0.195,2.67054605179048e-12,"7","DNAJC3"
1.1388839259689e-16,0.707992794218516,0.442,0.353,2.78479897577917e-12,"7","MBP"
1.43207642087392e-16,0.838165329440883,0.317,0.225,3.50171326432092e-12,"7","CTR9"
1.70241046559354e-16,0.59667266218656,0.408,0.308,4.16273407046932e-12,"7","PRPF38B"
2.07012929132411e-16,0.642677939705969,0.418,0.324,5.06188014314572e-12,"7","G3BP1"
3.25127136280322e-16,0.932948620303954,0.255,0.169,7.95000873632643e-12,"7","BORCS5"
3.32283868373998e-16,0.805190320765964,0.253,0.165,8.125005149481e-12,"7","SP3"
4.64670967098939e-16,0.679580751958639,0.347,0.248,1.13621344875033e-11,"7","CHST12"
5.68065776383354e-16,0.928585875237546,0.345,0.259,1.38903443641258e-11,"7","AKAP9"
6.80294223260055e-16,0.713676697797665,0.325,0.23,1.66345543471549e-11,"7","CHIC2"
7.86987577596123e-16,0.630319094704675,0.541,0.454,1.92434202473804e-11,"7","MYADM"
8.37614550994001e-16,0.823722214667271,0.284,0.195,2.04813510009053e-11,"7","PPP4R3B"
8.44075604757031e-16,0.292481616224558,0.867,0.841,2.06393366875189e-11,"7","YWHAZ"
8.77477266573061e-16,0.67391604740598,0.365,0.274,2.14560741222445e-11,"7","TRA2A"
9.10507294944101e-16,0.389050883711171,0.7,0.629,2.22637243759732e-11,"7","MCL1"
1.23298107074575e-15,0.331881021217689,0.489,0.368,3.0148853141875e-11,"7","IL2RB"
1.4058225327678e-15,0.669979880969507,0.381,0.292,3.43751725712382e-11,"7","ETF1"
1.41770512050133e-15,0.854279299817657,0.264,0.178,3.46657256064986e-11,"7","USP14"
2.10109303213459e-15,0.863119447139229,0.258,0.173,5.13759268217549e-11,"7","NUP58"
2.17612507206596e-15,0.806797082350606,0.288,0.202,5.32106102621569e-11,"7","RAB10"
2.24767018719902e-15,0.620068043356953,0.439,0.348,5.49600314173904e-11,"7","RBM25"
2.28829191036686e-15,0.766966593004615,0.264,0.176,5.59533137922906e-11,"7","SMU1"
3.84438867208567e-15,0.883956796239597,0.284,0.199,9.40029918098387e-11,"7","PDCD6IP"
4.21378705533187e-15,0.853565736102326,0.287,0.201,1.03035521076975e-10,"7","TMEM165"
4.34849331053208e-15,0.747325898778697,0.279,0.193,1.0632935842913e-10,"7","RHBDD2"
5.30494590940675e-15,0.779399257304303,0.304,0.216,1.29716537376814e-10,"7","RNF115"
5.8997098147477e-15,0.580590631967961,0.498,0.405,1.44259704390211e-10,"7","AHNAK"
6.37987413223288e-15,0.535163725771374,0.489,0.402,1.56000682281358e-10,"7","WSB1"
9.65351346061519e-15,0.869324476738059,0.257,0.175,2.36047711138963e-10,"7","PRKX"
1.13458668722796e-14,0.783344075629434,0.256,0.172,2.7742913676098e-10,"7","SDHA"
1.13663582346348e-14,0.803559735078723,0.266,0.184,2.77930191553291e-10,"7","NDEL1"
1.36803405022366e-14,0.735830001546891,0.296,0.206,3.34511685960689e-10,"7","TRAT1"
1.38484342398344e-14,0.592441947016225,0.446,0.356,3.3862191403243e-10,"7","TRAM1"
1.38876974322946e-14,0.624561896103645,0.376,0.289,3.39581977614469e-10,"7","GRB2"
1.46274122257355e-14,0.419468499936984,0.527,0.427,3.57669483743684e-10,"7","SYAP1"
1.8364139278514e-14,0.768309792054469,0.282,0.198,4.49039933638223e-10,"7","RAB6A"
2.33774606887229e-14,0.691723685544488,0.36,0.273,5.71625668760653e-10,"7","CSNK1A1"
2.36063022213911e-14,0.807267324046297,0.258,0.176,5.77221301917454e-10,"7","WAPL"
2.70823046751329e-14,0.667987313047457,0.329,0.24,6.6221651391635e-10,"7","PRPF4B"
3.2378927683417e-14,0.617168857173166,0.354,0.264,7.91729539714913e-10,"7","YME1L1"
3.96156245373577e-14,0.551564841233202,0.477,0.388,9.6868125118747e-10,"7","APBB1IP"
4.55649303806653e-14,0.768211190915001,0.308,0.223,1.11415367766803e-09,"7","PNN"
5.41515487850794e-14,0.579688316665625,0.441,0.36,1.32411367089276e-09,"7","ARGLU1"
5.51647888091462e-14,0.65853162396783,0.344,0.257,1.34888941596124e-09,"7","ILF3"
6.66178116461624e-14,0.674074045053025,0.368,0.284,1.62893873037196e-09,"7","PPP1R12A"
7.3980933849945e-14,0.758571374723932,0.279,0.197,1.80898179449886e-09,"7","CTNNB1"
8.01375519012653e-14,0.813576600673977,0.264,0.184,1.95952341908974e-09,"7","PHYKPL"
8.14266646651509e-14,0.764611786576951,0.257,0.174,1.99104480439227e-09,"7","GPR174"
9.82359378757655e-14,0.503784690500207,0.508,0.428,2.40206515293822e-09,"7","SF3B2"
1.19841455158712e-13,0.696116215584103,0.322,0.235,2.93036326154083e-09,"7","STAU1"
1.25682392802362e-13,0.782585330143056,0.274,0.197,3.07318586880336e-09,"7","UHMK1"
1.49048490552543e-13,0.281389778748331,0.813,0.707,3.64453369099078e-09,"7","GZMA"
1.77995587124047e-13,0.741446878260557,0.327,0.244,4.35234809635719e-09,"7","RNMT"
2.16403682820818e-13,0.567961725442197,0.335,0.245,5.29150285233465e-09,"7","RASAL3"
3.01205109676476e-13,0.745251889781393,0.295,0.216,7.3650673418092e-09,"7","SRP54"
3.08013419876428e-13,0.748039262436707,0.266,0.186,7.53154414281842e-09,"7","RNF10"
3.22719752850171e-13,0.703913990100335,0.338,0.257,7.89114339669239e-09,"7","RABGAP1L"
3.54551036511896e-13,0.40034818760942,0.685,0.62,8.66948194478889e-09,"7","IRF1"
4.20020692135163e-13,0.73386342252734,0.264,0.185,1.0270345964089e-08,"7","RAB11FIP1"
4.47316615365912e-13,0.661437893416524,0.316,0.232,1.09377858789273e-08,"7","TGOLN2"
4.47852490959466e-13,0.771479584144333,0.273,0.194,1.09508891089409e-08,"7","EVI2A"
4.98468660275986e-13,0.25860360334151,0.742,0.598,1.21885556810684e-08,"7","CD3D"
7.2276717649304e-13,0.710825579819554,0.267,0.188,1.76731029996078e-08,"7","SUPT5H"
8.37378139416955e-13,0.718095386479972,0.269,0.191,2.04755702650234e-08,"7","EIF4G1"
9.89035333551286e-13,0.593284645669073,0.426,0.334,2.4183891975996e-08,"7","GBP5"
1.04631292056559e-12,0.755219283011978,0.26,0.182,2.55844435336699e-08,"7","KIF2A"
1.20650205704147e-12,0.522809167358086,0.404,0.314,2.95013882987781e-08,"7","OPTN"
1.27822614454456e-12,0.6187221091342,0.407,0.328,3.12551856864036e-08,"7","PARP8"
1.40427017183025e-12,0.697984305777262,0.25,0.173,3.43372142415933e-08,"7","RC3H1"
1.85084613419945e-12,0.740120379053309,0.285,0.209,4.52568896734449e-08,"7","OS9"
1.86523384618967e-12,0.576524443319236,0.382,0.297,4.56086980070299e-08,"7","AAK1"
2.6560648720665e-12,0.697463866077507,0.289,0.211,6.49460982517702e-08,"7","WAC"
2.8220864072882e-12,0.55262130902991,0.467,0.394,6.90056568310111e-08,"7","GPBP1"
4.65734809380495e-12,0.795187475461165,0.265,0.192,1.13881475589719e-07,"7","EPB41"
4.99493706821828e-12,0.625927136558562,0.404,0.325,1.22136201192073e-07,"7","BAZ1A"
5.55999901866621e-12,0.333294579789869,0.732,0.684,1.35953096004426e-07,"7","LDHA"
5.95651413240111e-12,0.555414386397098,0.37,0.283,1.45648683565472e-07,"7","SH2D1A"
6.17568889570865e-12,0.502182001621809,0.482,0.414,1.51007944877868e-07,"7","EWSR1"
6.4728895066787e-12,0.635048349458401,0.35,0.271,1.58275094217308e-07,"7","JMJD6"
7.21356216592487e-12,0.381962208216124,0.438,0.352,1.76386022081195e-07,"7","RGS2"
1.18114897820297e-11,0.724104837973162,0.314,0.242,2.88814548150189e-07,"7","HBP1"
1.43226854054385e-11,0.543078304812009,0.413,0.341,3.50218303533783e-07,"7","PRKAR1A"
1.55324614981327e-11,0.575653003344602,0.405,0.334,3.79799748552342e-07,"7","TRIM22"
1.6694906075269e-11,0.34454424127247,0.513,0.418,4.08223843352477e-07,"7","DUSP5"
1.73943388671216e-11,0.349474645530377,0.609,0.536,4.25326373978858e-07,"7","SRSF5"
2.0432781037537e-11,0.828851961820277,0.272,0.201,4.99622361929854e-07,"7","BPTF"
2.51809560904718e-11,0.591201483660143,0.445,0.359,6.15724738324218e-07,"7","RORA"
2.56531698512602e-11,0.719550472576564,0.304,0.234,6.27271309203014e-07,"7","TMED5"
2.81437241675039e-11,0.526611951451955,0.396,0.316,6.88170343343806e-07,"7","RAD21"
3.26917843665709e-11,0.622869935161,0.25,0.178,7.99379511331393e-07,"7","LMNB1"
3.95753330646256e-11,0.41246125735248,0.446,0.368,9.67696044096225e-07,"7","PTP4A1"
8.09149327380532e-11,0.621392957788404,0.28,0.206,1.97853193531088e-06,"7","TOX4"
9.09484248170845e-11,0.672397768373077,0.36,0.292,2.22387088362735e-06,"7","COPB1"
9.26749163497141e-11,0.520784226375573,0.331,0.251,2.26608705458321e-06,"7","PTPN7"
1.18465283259341e-10,0.659273284512031,0.287,0.216,2.89671310625741e-06,"7","SRSF4"
1.32930449405569e-10,0.453117929527449,0.446,0.367,3.25041534886497e-06,"7","MAT2A"
1.34388506103038e-10,0.648479167634542,0.331,0.259,3.28606775123149e-06,"7","CNOT2"
1.38936982523326e-10,0.575274576116351,0.384,0.314,3.39728709666036e-06,"7","EIF3A"
1.50492865524101e-10,0.62079440020716,0.279,0.207,3.67985154779533e-06,"7","EPS15"
2.20343962232111e-10,0.606616315189694,0.328,0.258,5.38785056449958e-06,"7","ACAP2"
2.82089408434953e-10,0.608788771865526,0.321,0.252,6.89765021505147e-06,"7","WBP11"
2.88954363814761e-10,0.558701656301018,0.404,0.338,7.06551210399853e-06,"7","TOP1"
3.14028107320546e-10,0.594935827322238,0.325,0.255,7.67861528020199e-06,"7","KIF5B"
4.1522898350091e-10,0.501070328201106,0.436,0.365,1.01531791045642e-05,"7","PPP2R5C"
4.7572510090168e-10,0.553318024018452,0.344,0.275,1.16324301672479e-05,"7","NASP"
8.06758422637001e-10,0.261026320262676,0.663,0.603,1.97268569503199e-05,"7","BRD2"
8.84638945793047e-10,0.681870669625564,0.279,0.212,2.16311915025316e-05,"7","PTPN1"
8.87961921426134e-10,0.701990097077592,0.284,0.217,2.17124449027118e-05,"7","HIF1A"
9.25144218860251e-10,0.503785683763475,0.367,0.295,2.26216264395708e-05,"7","CEBPZ"
1.44504893966178e-09,0.601882806004611,0.262,0.194,3.53343366726098e-05,"7","ISG20L2"
1.55610662845948e-09,0.364802890282158,0.533,0.463,3.80499192790911e-05,"7","ANKRD12"
1.58023987279769e-09,0.458388014851547,0.484,0.427,3.86400253696491e-05,"7","EPC1"
1.60183500412998e-09,0.588823806458561,0.256,0.186,3.91680695209863e-05,"7","PIK3IP1"
1.84311661929942e-09,0.343492980804911,0.57,0.5,4.50678875751095e-05,"7","TMEM50A"
1.95214325049074e-09,0.594227753189803,0.31,0.244,4.77338067609995e-05,"7","PNPLA8"
2.27377321894929e-09,0.632973358369181,0.261,0.196,5.5598302749748e-05,"7","FOXN3"
3.99979020342954e-09,0.66452326834424,0.275,0.211,9.7802870054259e-05,"7","FXR1"
4.08845143561212e-09,0.689197416510999,0.251,0.19,9.99708145035876e-05,"7","UBE3A"
5.03518393700841e-09,0.424556621092734,0.45,0.381,0.00012312031762773,"7","SUN2"
5.26608041904914e-09,0.526773760348282,0.305,0.234,0.00012876619840659,"7","SYNRG"
5.2781958061518e-09,0.314554238123332,0.625,0.568,0.000129062443852024,"7","HCLS1"
6.34205926581283e-09,0.532560569528027,0.409,0.354,0.000155076033167655,"7","UBXN4"
6.68174659928793e-09,0.408818433916591,0.462,0.395,0.000163382067845788,"7","CELF2"
7.43216257735061e-09,0.626275765762195,0.292,0.23,0.000181731239341377,"7","TM9SF2"
7.63588653540437e-09,0.678468508005001,0.264,0.204,0.000186712697563708,"7","TNRC6B"
8.71701117619706e-09,0.574895379150733,0.365,0.306,0.00021314835728037,"7","DNTTIP2"
8.78958650589125e-09,0.623701423620205,0.255,0.192,0.000214922969242053,"7","SC5D"
9.66416124623436e-09,0.557594413468364,0.295,0.23,0.000236308070792923,"7","WDR33"
1.09455859066147e-08,0.510740475357638,0.358,0.292,0.000267641466588543,"7","AKIRIN1"
1.58541318507459e-08,0.43815676520923,0.464,0.41,0.000387665232014438,"7","CD164"
1.67614344717669e-08,0.585465851874945,0.305,0.243,0.000409850595703644,"7","STARD7"
2.15608540857022e-08,0.260530509203093,0.559,0.488,0.000527206004103591,"7","COTL1"
2.93654998211851e-08,0.423723011434161,0.44,0.387,0.000718045201627617,"7","PPP1R2"
3.11874554692156e-08,0.307176036103002,0.494,0.43,0.00076259566113326,"7","RBM38"
3.13560653930459e-08,0.534650229448766,0.415,0.354,0.000766718510990759,"7","RUNX3"
3.43437691978202e-08,0.323437764453402,0.611,0.546,0.000839773844425099,"7","SAT1"
3.82709018298566e-08,0.535408052149043,0.25,0.188,0.000935800091543652,"7","DNM2"
4.04759349908677e-08,0.677002128866489,0.264,0.206,0.000989717562396698,"7","OSBPL8"
4.73541474762018e-08,0.532814645843237,0.286,0.224,0.00115790361408809,"7","FOXP1"
5.66935882721894e-08,0.426082735761275,0.427,0.369,0.00138627162043158,"7","ARHGEF1"
6.15027602393011e-08,0.453318455233864,0.315,0.251,0.00150386549337139,"7","NUCB2"
6.92553077920004e-08,0.610390606692307,0.265,0.206,0.00169343078612999,"7","LPCAT1"
7.26580416756115e-08,0.512110976120014,0.28,0.217,0.00177663443505205,"7","RAB27A"
7.637115628328e-08,0.535940262232997,0.296,0.236,0.00186742751343876,"7","ELL2"
9.04387308468268e-08,0.483104107971815,0.258,0.197,0.00221140784666661,"7","HSPA4"
9.0499405082515e-08,0.540293886977904,0.285,0.224,0.00221289145307766,"7","MIER1"
9.16596020963937e-08,0.59944618480674,0.3,0.243,0.00224126059046102,"7","GLUD1"
9.65474280449903e-08,0.509340898137647,0.365,0.308,0.0023607777105561,"7","SPCS3"
1.09664888399028e-07,0.640707042670042,0.258,0.202,0.00268152585113303,"7","TIAL1"
1.26387107885867e-07,0.475887498526819,0.365,0.307,0.00309041756202521,"7","IK"
1.27922877015938e-07,0.326242466045771,0.678,0.643,0.00312797018879371,"7","SON"
1.44308043155289e-07,0.526503572246279,0.311,0.253,0.00352862027123312,"7","SCAMP2"
1.52300966942363e-07,0.465396799928835,0.275,0.214,0.00372406324367467,"7","PYHIN1"
1.5527983343206e-07,0.402761984793314,0.396,0.336,0.00379690248708072,"7","SF3A1"
1.56222664139816e-07,0.462036270477898,0.338,0.282,0.00381995658354679,"7","SEPT2"
1.70203427652072e-07,0.335926706363122,0.596,0.557,0.00416181421294846,"7","HLA-F"
2.00641185827536e-07,0.537609088699844,0.3,0.242,0.00490607827585492,"7","RAB14"
2.82601542918027e-07,0.467531168685579,0.422,0.362,0.00691017292743159,"7","BIRC3"
3.15032211888929e-07,0.471286729705513,0.281,0.222,0.00770316764510808,"7","PSIP1"
3.16832361068668e-07,0.519787322587792,0.35,0.297,0.00774718489285107,"7","ATP6AP2"
3.85486826895391e-07,0.550559925230492,0.255,0.201,0.0094259238912461,"7","SAR1B"
4.35489384131014e-07,0.3303833337313,0.434,0.376,0.0106485864207716,"7","MAPK1IP1L"
4.93776179925896e-07,0.568137893837282,0.258,0.203,0.012073815151548,"7","SEC23B"
5.64109701629953e-07,0.526984573886045,0.387,0.337,0.0137936104242556,"7","RPN2"
5.74914979142972e-07,0.470795425444623,0.28,0.222,0.014057821070004,"7","XRN2"
6.05874864763902e-07,0.628685053363588,0.259,0.206,0.0148148521932069,"7","TTC3"
7.31544035102467e-07,0.466627302549451,0.375,0.318,0.0178877147463255,"7","RBL2"
9.02553012397332e-07,0.438826659087553,0.254,0.198,0.0220692262591396,"7","GATA3"
9.85600589214068e-07,0.44231710983708,0.335,0.279,0.0240999056074624,"7","IKZF1"
1.06635183533324e-06,0.4454071861109,0.314,0.258,0.0260744350775684,"7","PSMD13"
1.0912119607764e-06,0.513138929147291,0.278,0.224,0.0266823148649045,"7","PAF1"
1.41620002921814e-06,0.533608602100936,0.291,0.238,0.034628923114442,"7","HNRNPH1"
1.46253368765349e-06,0.404493935781741,0.355,0.299,0.0357618737305031,"7","ANXA5"
1.63292422272246e-06,0.456643337021917,0.286,0.231,0.0399282630940096,"7","TMEM248"
2.08911636635287e-06,0.610416006851115,0.25,0.2,0.0510830733900604,"7","NCKAP1L"
2.11270447539414e-06,0.479608250983922,0.255,0.201,0.0516598498323375,"7","LASP1"
2.23240072304635e-06,0.345131093070118,0.524,0.482,0.0545866624799292,"7","SRRM1"
2.31051248733158e-06,0.265986820091535,0.535,0.484,0.0564966513402318,"7","STK17A"
2.80689435073323e-06,0.386335103505887,0.368,0.314,0.0686341806641289,"7","MPHOSPH8"
3.0100307745881e-06,0.422919911475677,0.357,0.305,0.0736012725002282,"7","HNRNPR"
3.09442703705261e-06,0.52448268536318,0.279,0.228,0.0756649299100103,"7","CHORDC1"
3.37004074356789e-06,0.541423419826231,0.264,0.215,0.0824042362617221,"7","RASA2"
4.55045660442579e-06,0.347036573382538,0.458,0.414,0.111267764891419,"7","C9orf78"
5.04037349940072e-06,0.325835168138712,0.567,0.539,0.123247212807346,"7","SEPT7"
5.11911969528657e-06,0.513262451098818,0.253,0.203,0.125172714789147,"7","SNRNP70"
5.96481977137585e-06,0.337488211823918,0.438,0.385,0.145851773049682,"7","ELOVL5"
6.05416033718061e-06,0.408064297085609,0.365,0.317,0.14803632856474,"7","SPN"
6.76574217785677e-06,0.434413081871653,0.312,0.262,0.165435927732954,"7","NRBP1"
7.57835705123095e-06,0.434820207750921,0.264,0.213,0.185305986616699,"7","PARP1"
7.6779420800397e-06,0.450925624278759,0.284,0.233,0.187741039741131,"7","HERPUD2"
7.78791730855621e-06,0.295308558157924,0.488,0.451,0.190430154028816,"7","KHDRBS1"
8.203817251336e-06,0.259819420600397,0.517,0.46,0.200599739429668,"7","FOSL2"
8.65359600694942e-06,0.475784528244061,0.33,0.283,0.211597729561927,"7","SLTM"
9.93980182953535e-06,0.314148400927432,0.471,0.427,0.243048034335798,"7","SRSF10"
1.20335819088483e-05,0.358460582042762,0.402,0.349,0.294245144835159,"7","BUB3"
1.34201711540356e-05,0.369290952516781,0.384,0.338,0.328150025058479,"7","ACTN4"
1.342698142351e-05,0.535545479729478,0.279,0.236,0.328316549767668,"7","BBX"
1.37086344840265e-05,0.43948381835511,0.334,0.291,0.335203530403415,"7","STOM"
1.40300536248741e-05,0.517555623358006,0.295,0.25,0.343062871235421,"7","GOLPH3"
1.5143038689805e-05,0.337336038822476,0.426,0.381,0.370277582043112,"7","REEP5"
1.55798680893957e-05,0.543918417354491,0.261,0.215,0.380958934521905,"7","ZNF800"
1.92202292905908e-05,0.471133312744931,0.293,0.247,0.469973046613527,"7","NAP1L4"
1.99239391153399e-05,0.398328262543433,0.278,0.229,0.487180159248292,"7","GBP2"
2.10599623820451e-05,0.378506394994043,0.355,0.308,0.514958200165768,"7","ZNF207"
2.24918288291308e-05,0.369486043014692,0.388,0.346,0.549970198529907,"7","PAPOLA"
2.63084315368938e-05,0.452711360391498,0.319,0.276,0.643293767940128,"7","HNRNPH3"
3.08397798452462e-05,0.472579103733003,0.279,0.236,0.754094296775959,"7","BNIP2"
4.25536839857457e-05,0.366234538965984,0.414,0.374,1,"7","FMNL1"
6.52694137319359e-05,0.43816460207224,0.383,0.349,1,"7","PDIA6"
6.72936873019975e-05,0.446310820497597,0.304,0.263,1,"7","IFI16"
6.83279788506005e-05,0.411951630543604,0.335,0.292,1,"7","LSM14A"
6.92799802901178e-05,0.434044297367874,0.265,0.221,1,"7","TBCC"
8.56415980055168e-05,0.38147859907111,0.368,0.336,1,"7","SLC3A2"
9.95981430967292e-05,0.47150965004514,0.285,0.245,1,"7","DERL1"
0.000120667384440277,0.421253577198977,0.283,0.242,1,"7","CAPN2"
0.000121718569834323,0.474358482398207,0.275,0.235,1,"7","ITGB7"
0.000136294066832403,0.253068483405017,0.458,0.426,1,"7","VCP"
0.000137681334742904,0.356209611164638,0.258,0.215,1,"7","COQ10B"
0.000148459468846668,0.335176251402278,0.386,0.347,1,"7","MOB1A"
0.000150383146770399,0.255141595955795,0.47,0.425,1,"7","FLNA"
0.000155299567701624,0.445408269108259,0.316,0.275,1,"7","BHLHE40"
0.00022621996675996,0.355426810943149,0.367,0.33,1,"7","CLK1"
0.000248024065146256,0.35450243384229,0.313,0.27,1,"7","ABI3"
0.000287311257286621,0.412109846495467,0.299,0.264,1,"7","EMC7"
0.00028812015504195,0.594086138402783,0.262,0.23,1,"7","ATP2B1"
0.000317093547356739,0.36776802148195,0.319,0.281,1,"7","SELPLG"
0.000352561236405686,0.466377831780086,0.274,0.237,1,"7","MECP2"
0.000492302330161989,0.401582346783296,0.301,0.265,1,"7","DNAJA2"
0.000555488523784149,0.312841196748243,0.327,0.286,1,"7","SLBP"
0.000621098374427706,0.260554942917411,0.391,0.357,1,"7","RASSF5"
0.000624472199368429,0.363231219041361,0.304,0.265,1,"7","BTN3A2"
0.000729207941068346,0.323062692642701,0.33,0.292,1,"7","ARHGAP15"
0.000751367722481803,0.339752354822126,0.288,0.252,1,"7","PTBP1"
0.000999253357439052,0.339906189686874,0.348,0.319,1,"7","NONO"
0.00116719257305546,0.389917125334581,0.253,0.219,1,"7","ARHGAP30"
0.00120683880044998,0.318713738058761,0.31,0.272,1,"7","CYFIP2"
0.00121692181828193,0.278305082698041,0.351,0.318,1,"7","HNRNPAB"
0.00142355471167558,0.374406993343425,0.352,0.321,1,"7","LAMP1"
0.00183564822592997,0.479646270284737,0.253,0.225,1,"7","GGNBP2"
0.00200318734255174,0.386109188529961,0.265,0.234,1,"7","GNAI3"
0.00208082595403461,0.277710877757747,0.354,0.32,1,"7","APOBEC3G"
0.00245520566429104,0.29354868298538,0.404,0.378,1,"7","XRCC5"
0.00301236176252355,0.268239484815032,0.285,0.252,1,"7","MTPN"
0.00309107079221704,0.334257928377264,0.346,0.32,1,"7","LAPTM4A"
0.00421599660352582,0.279561191526187,0.35,0.322,1,"7","CCT3"
0.00447711756692894,0.253119954292662,0.425,0.399,1,"7","HNRNPM"
0.00457437701959729,0.371716322574717,0.261,0.232,1,"7","DDX27"
0.00469231207470181,0.285262537659119,0.321,0.29,1,"7","ITGB1"
0.00545977420335651,0.289586593958497,0.319,0.294,1,"7","ZFAND5"
0.00611862326300045,0.361580797342981,0.253,0.226,1,"7","TMED4"
0.00654691605298412,0.393298101292694,0.291,0.271,1,"7","U2SURP"
0.00818544296651247,0.294704931140493,0.273,0.245,1,"7","YTHDF2"
2.47680665847086e-108,0.827021838573184,0.953,0.783,6.05628764129295e-104,"8","DUSP2"
1.03405499400282e-101,1.07040235634933,0.739,0.465,2.5284712713357e-97,"8","CD8A"
2.51754624494216e-87,0.663528018369179,0.961,0.778,6.15590407813257e-83,"8","CCL5"
5.94827092682794e-64,1.32394236563517,0.553,0.384,1.45447120702797e-59,"8","RGS1"
1.42657254035134e-50,0.603396835398391,0.867,0.735,3.4882551756671e-46,"8","CREM"
2.7973481011102e-50,0.518505745860966,0.894,0.89,6.84007557683466e-46,"8","SARAF"
6.16533132447445e-50,0.470880246954821,0.976,0.936,1.50754681546049e-45,"8","BTG1"
9.68983711938154e-43,0.465549688712925,0.908,0.75,2.36935897243117e-38,"8","CXCR4"
2.47476410873602e-41,0.52245520439096,0.869,0.828,6.05129319868133e-37,"8","ZFP36L2"
3.47133030253629e-34,0.83447900567108,0.634,0.576,8.48809685576174e-30,"8","TUBA4A"
3.79673030147384e-34,0.850971243285268,0.566,0.488,9.28376493316384e-30,"8","COTL1"
1.05226184510363e-32,0.812589036516194,0.606,0.581,2.5729906636474e-28,"8","LEPROTL1"
3.6447573668634e-31,0.356294865398627,0.953,0.808,8.91216071345439e-27,"8","IL32"
1.11626387008225e-28,0.393145759321768,0.88,0.79,2.72948841512512e-24,"8","CST7"
1.67426076617621e-27,0.946855741816703,0.394,0.279,4.09390242545408e-23,"8","CD8B"
2.41213725537281e-27,1.62309871025689,0.273,0.171,5.8981580168376e-23,"8","PDCD1"
1.93762676216455e-25,0.256296616578451,0.996,0.991,4.73788495884475e-21,"8","HLA-A"
2.30643581890831e-24,0.949672778037435,0.507,0.477,5.63969686439461e-20,"8","TENT5C"
9.32224268291586e-23,0.512021384954629,0.67,0.602,2.27947478082659e-18,"8","CD3D"
2.8481520834217e-22,0.370683286398938,0.885,0.917,6.96430147438273e-18,"8","ARHGDIB"
5.09837045037809e-22,0.378514044337422,0.858,0.816,1.24665354252645e-17,"8","ZFP36"
2.40922790606707e-20,0.395203242974237,0.772,0.72,5.89104407591519e-16,"8","NR4A2"
2.17657515786626e-19,0.575649752529296,0.653,0.691,5.32216157601458e-15,"8","SELENOK"
9.24890480612594e-19,0.585098742511974,0.599,0.526,2.26154220319392e-14,"8","GZMK"
6.14533312143426e-18,0.632668075853153,0.563,0.537,1.50265685485311e-13,"8","PIK3R1"
6.87637367420695e-18,0.60111104013358,0.598,0.618,1.68141089081708e-13,"8","FYN"
7.66435896745627e-18,0.350898698236478,0.876,0.921,1.87408905472241e-13,"8","CALM1"
1.91679578069606e-17,0.376181787610985,0.806,0.74,4.686949042958e-13,"8","CD3E"
4.8486288822044e-17,0.588278257697188,0.625,0.671,1.18558673427662e-12,"8","RARRES3"
5.40594485357256e-17,0.923338205876323,0.447,0.412,1.32186163559556e-12,"8","ITM2A"
1.60929487842572e-15,1.28994969902828,0.324,0.273,3.93504783672656e-11,"8","SRRT"
3.80570095096389e-14,0.301375404870817,0.354,0.276,9.30569996529689e-10,"8","HLA-DQA1"
1.21080594709907e-12,0.651630851310402,0.533,0.554,2.96066270184665e-08,"8","SH2D2A"
2.21004741758551e-12,1.252984323545,0.268,0.214,5.40400794548009e-08,"8","FABP5"
6.94935381499135e-11,0.400854317380419,0.685,0.753,1.69925599484168e-06,"8","SRSF7"
2.56972827182329e-09,0.408352557091257,0.613,0.64,6.2834995702623e-05,"8","YPEL5"
2.93358938128432e-09,0.940603511989229,0.372,0.386,7.17321275511642e-05,"8","JPT1"
6.0572006401274e-09,0.264313249365859,0.166,0.292,0.000148110670052395,"8","CCT5"
7.33331169534511e-09,0.454070293662966,0.639,0.761,0.000179314137574579,"8","YWHAB"
1.15895255221367e-08,0.299028734335208,0.144,0.255,0.000283387078067286,"8","PPP6C"
1.30187891027712e-08,0.252017132244583,0.15,0.262,0.00031833543114096,"8","SCAMP2"
1.63785882865638e-08,0.250902192388677,0.191,0.327,0.000400489240783059,"8","NONO"
1.96220765137243e-08,0.253235058053897,0.155,0.269,0.000479799014913586,"8","NR1H2"
2.11964619102366e-08,0.269304318196794,0.17,0.293,0.000518295886629105,"8","MRPL54"
2.29953330153572e-08,0.266528022592429,0.171,0.293,0.000562281882891514,"8","SNRPN"
2.83449980236172e-08,0.285554736715613,0.218,0.37,0.000693091891673488,"8","PRDX6"
2.88366181571421e-08,0.286222140085199,0.164,0.283,0.000705112987178438,"8","SF3B4"
3.13031077114879e-08,0.312176420419506,0.192,0.327,0.000765423589761302,"8","TOMM22"
3.35099013725528e-08,0.252540270252564,0.897,0.936,0.000819384108361661,"8","GAPDH"
4.95322660455146e-08,0.274974824745879,0.159,0.271,0.00121116296934492,"8","NUDC"
5.10715875598324e-08,0.259832694422882,0.157,0.269,0.00124880245901302,"8","MAPRE1"
5.32013469059365e-08,0.261336141804354,0.179,0.301,0.00130087933454396,"8","DOCK8"
5.49966913604528e-08,0.254536285164671,0.209,0.35,0.00134477909714579,"8","TOP1"
6.18534369173173e-08,0.262944644397326,0.179,0.301,0.00151244023950224,"8","LSM14A"
6.49615488510326e-08,0.274278290897039,0.145,0.25,0.00158843979250545,"8","HDAC1"
6.71756447135072e-08,0.491901154412922,0.536,0.546,0.00164257886453468,"8","ZNF331"
1.2878648630104e-07,0.302761730915782,0.181,0.307,0.00314908716303304,"8","NDUFS6"
1.48735060064339e-07,0.253360362497163,0.169,0.284,0.00363686968869323,"8","HNRNPH3"
1.53301179399992e-07,0.260161999199207,0.165,0.278,0.00374852043868859,"8","MAX"
1.57985668966109e-07,0.25820262253245,0.204,0.337,0.0038630655775593,"8","G3BP1"
1.7707244067224e-07,0.296043071266881,0.165,0.278,0.0043297753193176,"8","MEAF6"
1.90213798104451e-07,0.302218737092405,0.155,0.261,0.00465110779125004,"8","TMEM179B"
1.95106793188041e-07,0.280110425293617,0.158,0.266,0.00477075130703398,"8","NDUFB6"
2.32783214152332e-07,0.33160219362603,0.196,0.326,0.00569201515245282,"8","UBE2A"
2.56095083809461e-07,0.277828791070175,0.232,0.38,0.00626203698930895,"8","BCAS2"
3.7217131645491e-07,0.288097867508576,0.192,0.317,0.00910033302995546,"8","SERINC3"
4.52224530682423e-07,0.319724904231147,0.189,0.312,0.0110577942242466,"8","GPI"
4.55182582891489e-07,0.258890990306524,0.15,0.251,0.0111301245168627,"8","PFDN2"
4.56377361877687e-07,0.287154165229858,0.209,0.342,0.0111593392526332,"8","EIF1B"
5.28552830939164e-07,0.258026406517695,0.152,0.251,0.0129241738221244,"8","HBP1"
5.33557137841153e-07,0.363763197224101,0.666,0.77,0.0130465391344919,"8","CALM2"
5.64545886471391e-07,0.261331669744637,0.204,0.333,0.0138042760159985,"8","DHX36"
7.03074093246641e-07,0.290546757861776,0.237,0.382,0.0171915677280669,"8","EIF1AX"
7.31615368990413e-07,0.262849801363738,0.152,0.25,0.0178894590025536,"8","CAPN2"
8.88339571859499e-07,0.332289959923886,0.186,0.306,0.0217216792111085,"8","AP2M1"
9.17200325164835e-07,0.280497401525657,0.179,0.29,0.0224273823509305,"8","GCC2"
1.27577235145553e-06,0.27402910265617,0.226,0.365,0.0311951855377905,"8","SSU72"
1.34930243539846e-06,0.279655402001302,0.173,0.28,0.0329931431503631,"8","CYFIP2"
1.41753292922619e-06,0.254071080960134,0.197,0.317,0.0346615151854389,"8","IK"
1.43011798835532e-06,0.273078123577069,0.24,0.39,0.0349692450512642,"8","VAPA"
1.49050986563418e-06,0.31409686654995,0.198,0.321,0.036445947234487,"8","BUD31"
1.51481131627224e-06,0.292349836492629,0.229,0.37,0.0370401663054888,"8","SERINC1"
1.89763121341237e-06,0.288029019477954,0.211,0.339,0.0464008784303593,"8","SYF2"
1.90386135980881e-06,0.307681665399658,0.241,0.392,0.046553217970045,"8","NAPA"
2.03281853769554e-06,0.37146059560181,0.156,0.255,0.0497064788837313,"8","RER1"
2.05407090847966e-06,0.343500706525322,0.196,0.319,0.0502261418541446,"8","ADRM1"
2.15540086172382e-06,0.320517822003739,0.186,0.302,0.052703861870871,"8","COPB1"
2.17591575810988e-06,0.352675774662962,0.189,0.307,0.0532054921173028,"8","EIF4H"
2.21846647291318e-06,0.329614639648201,0.162,0.265,0.054245942195673,"8","USP16"
2.4599029258327e-06,0.765258715046474,0.384,0.41,0.0601495463424612,"8","GSPT1"
2.53940068836474e-06,0.32096190917104,0.154,0.251,0.0620934256318946,"8","RAB14"
2.63576555804416e-06,0.254225709823261,0.176,0.282,0.0644497394252958,"8","TSTD1"
2.67014155068008e-06,0.2950492879935,0.191,0.307,0.0652903011972294,"8","SNRPD1"
3.14195072858463e-06,0.250748100691844,0.254,0.41,0.0768269792153514,"8","ANXA11"
3.15257419481045e-06,0.264786752476726,0.247,0.398,0.0770867442115051,"8","RALY"
4.6025350960501e-06,0.334103304921155,0.217,0.347,0.112541188168617,"8","MRPL20"
4.63312367858559e-06,0.254009950533264,0.182,0.288,0.113289140188775,"8","GYG1"
5.04159526726451e-06,0.296082679452694,0.205,0.326,0.123277087475152,"8","SHISA5"
5.07067193746146e-06,0.402084997039322,0.172,0.276,0.123988070214808,"8","ARIH2"
5.89995062944132e-06,0.405089282993808,0.425,0.434,0.144265592791099,"8","CEMIP2"
6.93826035951909e-06,0.467400622706603,0.539,0.649,0.169654342310961,"8","PSMB9"
7.19010061775832e-06,0.362116082820237,0.622,0.75,0.175812340305427,"8","SUB1"
7.81793605702e-06,0.287698599014673,0.245,0.387,0.191164172466253,"8","MAPK1IP1L"
8.30987103419194e-06,0.274440759182129,0.172,0.271,0.203192966528061,"8","IFI16"
8.32683730086522e-06,0.370590959431822,0.176,0.28,0.203607825680756,"8","MRFAP1"
8.7665747402356e-06,0.298361891693926,0.22,0.345,0.214360285548241,"8","TRIM22"
9.08279993979341e-06,0.28335748688226,0.236,0.377,0.222092624127828,"8","NDUFA6"
1.06718209157166e-05,0.291179163317806,0.186,0.291,0.260947365031101,"8","TSEN54"
1.2327389110787e-05,0.255185418172504,0.229,0.358,0.301429318536963,"8","BCLAF1"
1.33099986898613e-05,0.54155013683673,0.5,0.598,0.325456087964489,"8","NDUFS5"
1.61060540541555e-05,0.353571449067157,0.229,0.363,0.393825233732209,"8","VDAC2"
1.82106972823086e-05,0.293092979881553,0.247,0.387,0.445287969947011,"8","SELENOW"
1.95934436759949e-05,0.343817718869973,0.211,0.33,0.479098884765427,"8","CSNK1D"
2.38927396690972e-05,0.353889039042351,0.231,0.364,0.584225270388765,"8","SNRPD3"
2.50411162986271e-05,0.325177657024529,0.234,0.365,0.61230537573403,"8","TECR"
2.52785702137532e-05,0.274155887922095,0.291,0.45,0.618111598866693,"8","C9orf16"
2.53876028653828e-05,0.267431807590504,0.194,0.298,0.620777665264341,"8","STOM"
2.59784592443714e-05,0.294697033016496,0.269,0.427,0.635225285443368,"8","MAGOH"
2.68287235874673e-05,0.310428624572551,0.244,0.379,0.656015949160749,"8","ARHGEF1"
2.84169945024984e-05,0.256617125872916,0.197,0.3,0.694852349575091,"8","CBLB"
3.10168684984755e-05,0.293755329735502,0.161,0.25,0.758424468524722,"8","SEMA4D"
3.4190485820339e-05,0.290940034297234,0.28,0.444,0.836025759278929,"8","COPE"
3.4540809179809e-05,0.346863550224916,0.198,0.305,0.84459186606469,"8","POLR2A"
3.71955707389876e-05,0.363175245999092,0.203,0.317,0.909506095709725,"8","SIVA1"
5.01313072468931e-05,0.301493041479055,0.261,0.407,1,"8","CAPZA1"
5.62426150940728e-05,0.281566255145527,0.244,0.376,1,"8","ISCU"
6.34085942688882e-05,0.384933465120037,0.195,0.302,1,"8","ETF1"
6.49002863443807e-05,0.403159070555092,0.538,0.593,1,"8","FAM177A1"
7.56284340595003e-05,0.400414660705033,0.575,0.679,1,"8","SFPQ"
7.72504342561997e-05,0.358036276220475,0.263,0.403,1,"8","TAP1"
8.16820514139319e-05,0.302605957527301,0.225,0.338,1,"8","PARP8"
9.41953578313383e-05,0.334526616932156,0.256,0.392,1,"8","STAT3"
0.000107522059468075,0.327444043991995,0.255,0.391,1,"8","GNAI2"
0.000119920280962018,0.270035225546225,0.179,0.268,1,"8","TAF10"
0.000126759064238882,0.357666149307844,0.224,0.346,1,"8","AURKAIP1"
0.000138114453743585,0.327051687454998,0.172,0.256,1,"8","PDE4D"
0.000142896873920177,0.355407596990783,0.166,0.251,1,"8","STARD7"
0.000180376679215905,0.451595779878876,0.179,0.275,1,"8","GADD45GIP1"
0.000186898996671489,0.267094554185403,0.317,0.484,1,"8","PTP4A2"
0.000194879348620952,0.409179875444899,0.248,0.378,1,"8","NOP58"
0.000244274006599747,0.262973244876867,0.287,0.429,1,"8","PRDX1"
0.000288288307778804,0.322848655100131,0.175,0.257,1,"8","PFKFB3"
0.000299965277907151,0.389850238093076,0.203,0.306,1,"8","MRPL41"
0.000312729456437366,0.415018018552918,0.251,0.386,1,"8","GABARAPL2"
0.000330109613058899,0.331985353076834,0.292,0.445,1,"8","ANXA6"
0.000371140926428465,0.396912576192114,0.471,0.52,1,"8","SYTL3"
0.000378981030256057,0.426304365157077,0.172,0.257,1,"8","MTHFD2"
0.000389242579392552,0.255924238594138,0.253,0.373,1,"8","YPEL3"
0.00046778643838336,0.568677178673533,0.451,0.555,1,"8","UBE2B"
0.000547707981095801,0.572585812163906,0.179,0.27,1,"8","NRBP1"
0.000562301759314384,0.381577165010863,0.25,0.377,1,"8","FKBP1A"
0.000589054758918655,0.306186646246118,0.281,0.43,1,"8","PSMB3"
0.000629110609028495,0.322629446065713,0.259,0.386,1,"8","DDX6"
0.000677464268258782,0.317802714948765,0.238,0.351,1,"8","DCXR"
0.000711353262167897,0.484834653879108,0.193,0.29,1,"8","EMC4"
0.000764052461806883,0.374624110430587,0.178,0.259,1,"8","PTPN7"
0.00077626613166112,0.488453247578281,0.486,0.596,1,"8","SOD1"
0.000809179126996844,0.449086655468626,0.227,0.337,1,"8","AMD1"
0.000840951690314477,0.328317215745102,0.281,0.425,1,"8","EWSR1"
0.000933482491812661,0.511550209482011,0.185,0.274,1,"8","PPM1G"
0.000971423288183798,0.381722288269329,0.233,0.347,1,"8","TXNL4A"
0.0011786531925463,0.341461387014769,0.193,0.277,1,"8","ABI3"
0.00125967391002461,0.365020564122931,0.198,0.286,1,"8","ITGAL"
0.00138828443928365,0.516531993611775,0.203,0.3,1,"8","CCNDBP1"
0.00158658203787564,0.257563538136147,0.381,0.581,1,"8","HCLS1"
0.00162389798094987,0.408809770694361,0.538,0.628,1,"8","IRF1"
0.00164429567008687,0.465373332839155,0.197,0.287,1,"8","IMP3"
0.00175322901716728,0.299342179585275,0.283,0.42,1,"8","FAM49B"
0.00175946266273071,0.365179524995887,0.292,0.44,1,"8","SF3B2"
0.00176724054374102,0.365669622001398,0.281,0.416,1,"8","CDK2AP2"
0.0018104521148713,0.449770493409603,0.242,0.358,1,"8","BUB3"
0.00211509768890843,0.323282519980206,0.319,0.486,1,"8","PSMB1"
0.00217868191864576,0.372266937387563,0.271,0.399,1,"8","APBB1IP"
0.00239857759614646,0.497147137575137,0.205,0.301,1,"8","AKIRIN1"
0.00250279210548691,0.490919322179773,0.484,0.571,1,"8","ISG20"
0.00280679313377429,0.428600911655954,0.252,0.367,1,"8","RAB5IF"
0.00315974406367139,0.317632495580259,0.254,0.36,1,"8","CDKN1B"
0.00336340212592321,0.449163270663564,0.236,0.345,1,"8","SF3A1"
0.00341501425091052,0.403322367162299,0.514,0.64,1,"8","PSME2"
0.00395897828914346,0.436537876190992,0.251,0.372,1,"8","SF3B6"
0.00402273374016104,0.302096745107842,0.242,0.341,1,"8","CCND2"
0.00414266578264274,0.406602523860367,0.281,0.415,1,"8","WDR1"
0.00429621664237534,0.382104760029208,0.202,0.285,1,"8","NAMPT"
0.00445103398420631,0.362112551650446,0.237,0.336,1,"8","GABARAPL1"
0.00452043864853035,0.544878797583334,0.444,0.543,1,"8","STK17B"
0.0048547255192143,0.367090114564605,0.526,0.653,1,"8","PPDPF"
0.00497358221494688,0.688670382620897,0.373,0.443,1,"8","TERF2IP"
0.00511180485140102,0.44802701729258,0.244,0.354,1,"8","RNF7"
0.00533035294883233,0.296645320074686,0.343,0.512,1,"8","TMEM50A"
0.00592337897484795,0.366589557441954,0.273,0.382,1,"8","ITGA4"
0.00654132208539389,0.378859104890389,0.303,0.445,1,"8","RABAC1"
0.00678858436845722,0.427351411216557,0.259,0.381,1,"8","UQCRFS1"
0.00726226144533316,0.272936478090773,0.207,0.272,1,"8","AREG"
0.00748709754927721,0.443099791887816,0.222,0.32,1,"8","SS18L2"
0.00790110016950005,0.325796721290034,0.451,0.469,1,"8","RGCC"
0.00988213815937228,0.771226030101697,0.319,0.359,1,"8","CNOT6L"
0,8.66799586971404,0.978,0.015,0,"9","CD79A"
0,6.91092347368776,0.93,0.032,0,"9","MS4A1"
0,7.69652411794513,0.751,0.01,0,"9","BANK1"
0,4.14610715790733,0.996,0.279,0,"9","HLA-DRA"
0,3.48614446524603,0.964,0.254,0,"9","HLA-DQA1"
0,3.25263839939463,0.903,0.208,0,"9","HLA-DQB1"
0,5.36448312977369,0.657,0.037,0,"9","MEF2C"
0,2.70311406663615,0.781,0.2,0,"9","HLA-DMA"
0,2.89460103081165,0.996,0.49,0,"9","HLA-DRB1"
0,7.43108348054033,0.493,0.008,0,"9","RUBCNL"
0,2.5820729078314,0.982,0.498,0,"9","HLA-DPA1"
0,9.65907364280325,0.482,0.003,0,"9","FCRLA"
0,4.92940948234624,0.511,0.035,0,"9","HVCN1"
0,2.52470836124331,0.969,0.498,0,"9","HLA-DPB1"
0,6.69497716253983,0.479,0.008,0,"9","SPIB"
0,6.58752388631372,0.476,0.013,0,"9","RALGPS2"
0,9.31368261330895,0.455,0.001,0,"9","LINC00926"
0,10.0400887947078,0.45,0.001,0,"9","FCER2"
0,4.87111567671199,0.489,0.044,0,"9","CD79B"
0,9.44770560865807,0.444,0.003,0,"9","CD19"
0,6.762489774274,0.443,0.005,0,"9","FAM129C"
0,3.21301781410423,0.447,0.01,0,"9","IGHM"
0,3.23169332939926,0.503,0.075,0,"9","HLA-DMB"
0,10.6599142408936,0.426,0.001,0,"9","VPREB3"
0,6.17904916528124,0.426,0.008,0,"9","TNFRSF13C"
0,5.83675311420065,0.419,0.017,0,"9","GNG7"
0,5.21060649325432,0.408,0.014,0,"9","BLK"
0,5.52062407422114,0.405,0.018,0,"9","ADAM28"
0,4.70415262121551,0.404,0.022,0,"9","TCF4"
0,4.73842887560365,0.404,0.026,0,"9","SWAP70"
0,5.47231752183497,0.379,0.015,0,"9","CD40"
0,6.17975463016823,0.365,0.007,0,"9","CXCR5"
0,4.90995343485035,0.35,0.021,0,"9","AFF3"
0,6.11044428192204,0.334,0.009,0,"9","POU2AF1"
0,4.3662058853506,0.344,0.024,0,"9","LY86"
0,9.67298462603744,0.32,0.001,0,"9","LINC02397"
0,1.37016152960948,0.343,0.032,0,"9","IGKC"
0,7.40810905670842,0.312,0.005,0,"9","HLA-DOB"
0,2.59745675333555,0.985,0.679,0,"9","CD37"
0,3.67034652032625,0.334,0.031,0,"9","BASP1"
0,9.21033194957882,0.301,0.001,0,"9","CD24"
0,0.634372111669346,0.322,0.026,0,"9","JCHAIN"
0,9.25588345892619,0.283,0.001,0,"9","FCRL1"
0,7.97795161247519,0.28,0.002,0,"9","TCL1A"
0,8.85020557574643,0.28,0.002,0,"9","CD22"
0,6.72127807595424,0.272,0.004,0,"9","PKIG"
0,7.14673315895386,0.263,0.004,0,"9","ARHGAP24"
0,5.71363341743842,0.256,0.008,0,"9","BCL11A"
0,5.29784958708168,0.26,0.017,0,"9","BTK"
0,4.39994109172093,0.258,0.016,0,"9","FCGR2B"
0,3.34265936710444,1,0.891,0,"9","CD74"
4.0122888901794e-310,2.76284666725796,0.565,0.106,9.81084879426668e-306,"9","SELL"
5.32205658275702e-304,2.79996698103348,0.68,0.178,1.30134927561575e-299,"9","SNX2"
7.71345532121049e-296,3.68824639568998,0.295,0.029,1.88609409514239e-291,"9","PLEKHG1"
4.61748238405639e-295,4.10148042509598,0.294,0.029,1.12906679254947e-290,"9","CD72"
1.16234339466592e-286,3.26820324991899,0.692,0.2,2.84216206863711e-282,"9","CD83"
4.35709742025712e-284,2.50051034078145,0.738,0.224,1.06539746120127e-279,"9","HLA-DRB5"
4.91981992973622e-276,2.97515061511946,0.304,0.032,1.2029943692191e-271,"9","CYBB"
2.32802389389399e-272,4.15470609366762,0.256,0.023,5.69248402534958e-268,"9","PHACTR1"
2.5097622767028e-270,2.63279641820976,0.611,0.144,6.13687071899369e-266,"9","NCF1"
2.77519838213765e-265,2.66038468156149,0.611,0.151,6.78591508400299e-261,"9","LYN"
2.35263550540934e-258,2.4956812043673,0.783,0.3,5.75266433782693e-254,"9","SYNGR2"
3.53135019256192e-254,3.77195057301048,0.294,0.034,8.63485749085241e-250,"9","DAPP1"
3.13402190576522e-231,3.56219696715813,0.262,0.029,7.66331036397711e-227,"9","IFNGR2"
2.36598265664315e-228,2.82399369770359,0.421,0.078,5.78530079202383e-224,"9","PDLIM1"
1.5223323672732e-209,2.92892886197074,0.386,0.071,3.72240710445643e-205,"9","POU2F2"
2.87545620244462e-205,1.61616372020884,0.939,0.729,7.0310655062176e-201,"9","LAPTM5"
1.76031603370145e-196,3.0895892210032,0.558,0.168,4.30432476560679e-192,"9","LY9"
5.73008949447819e-188,3.17343689598393,0.34,0.062,1.40112148318981e-183,"9","BACH2"
1.08768375126646e-187,3.24987147293444,0.309,0.051,2.65960430859674e-183,"9","TSPAN3"
2.23631184520275e-184,2.47068280431415,0.776,0.423,5.46822972388978e-180,"9","HERPUD1"
1.29517346686956e-182,1.95296379055249,0.425,0.091,3.16695816118945e-178,"9","CCR7"
1.79140671775373e-177,2.80497495063258,0.358,0.07,4.38034770625143e-173,"9","ID3"
9.04275307862333e-170,2.9801833509946,0.327,0.062,2.21113398278498e-165,"9","SMIM14"
2.93402312140887e-165,2.96703732347307,0.305,0.055,7.17427333646897e-161,"9","KDM4B"
1.68193173034312e-156,1.42034311614468,0.948,0.636,4.11265946703499e-152,"9","CD52"
4.44844334598718e-154,3.16958667949251,0.252,0.041,1.08773336696078e-149,"9","CALHM6"
9.66284483744539e-149,1.30768756886593,0.838,0.394,2.36275881965215e-144,"9","LTB"
5.32453536363248e-147,2.78904772528306,0.274,0.049,1.30195538711541e-142,"9","MTSS1"
3.87350970317801e-145,2.75722347686779,0.32,0.068,9.47150592621087e-141,"9","STX7"
1.50490839749797e-144,2.21460568477812,0.432,0.116,3.67980201356204e-140,"9","CD82"
1.21109743863596e-142,2.06505792549101,0.73,0.384,2.96137545695264e-138,"9","CD55"
2.19483084251277e-139,1.10101455961922,0.962,0.862,5.36680037611223e-135,"9","EEF1B2"
9.46980982358866e-138,2.44636387742547,0.592,0.24,2.3155578980639e-133,"9","NR4A1"
2.96625947768084e-137,2.62872753619085,0.354,0.086,7.25309767482518e-133,"9","CHPT1"
8.77405530330721e-133,2.60118074304814,0.313,0.069,2.14543200276468e-128,"9","CTSH"
1.49163808546266e-128,0.761211416447361,0.992,0.973,3.64735344657329e-124,"9","FAU"
1.13917628055569e-127,2.80198890106589,0.273,0.056,2.78551384121476e-123,"9","CYB561A3"
4.95708026384928e-116,0.996599697014973,0.929,0.769,1.21210526611643e-111,"9","EEF1G"
7.18187171851068e-115,0.826328668470543,0.972,0.928,1.75611127261023e-110,"9","RACK1"
4.76636333429327e-112,0.61619900474756,1,0.998,1.16547116250139e-107,"9","EEF1A1"
1.10113210170162e-111,2.75391427210054,0.255,0.054,2.69248821508081e-107,"9","SYK"
3.3406366016958e-108,2.40078796223129,0.277,0.064,8.16852461846656e-104,"9","TMEM154"
1.61419779269228e-106,1.92386486266267,0.465,0.169,3.94703644269116e-102,"9","SYPL1"
7.69625904513797e-105,1.86343955876733,0.535,0.22,1.88188926171714e-100,"9","RCSD1"
2.09899678518394e-104,1.57255804600857,0.67,0.337,5.13246693913176e-100,"9","FCMR"
3.56353719232782e-97,1.54194166675479,0.645,0.333,8.71356114267998e-93,"9","SNX3"
5.30637790915342e-97,1.91084169392931,0.401,0.133,1.2975155263462e-92,"9","RASGRP2"
5.12716082943017e-96,0.906614238155419,0.93,0.815,1.25369336601227e-91,"9","EEF2"
2.17496100749375e-94,2.09743874222596,0.34,0.102,5.31821465552371e-90,"9","TPD52"
8.18338865070083e-91,2.31520837923381,0.28,0.074,2.00100219286937e-86,"9","GNB5"
9.51599222044561e-91,2.11700756849247,0.326,0.098,2.32685041774336e-86,"9","SH3BP5"
5.24943093201785e-88,2.11623205808103,0.334,0.103,1.28359085149701e-83,"9","NFKBID"
9.03095865416513e-88,1.21724287264798,0.829,0.655,2.20825001011646e-83,"9","EZR"
1.04298740799037e-86,1.92026278276431,0.319,0.095,2.55031281001806e-82,"9","CAPG"
4.80971564779101e-86,2.21784925122293,0.277,0.076,1.17607167019786e-81,"9","IFT57"
3.16533184831239e-82,1.60838363465516,0.355,0.116,7.73986943549345e-78,"9","IRF8"
4.15058555174524e-81,1.74865183598341,0.336,0.108,1.01490117911275e-76,"9","LAT2"
1.50532824585719e-78,0.673637883124576,0.983,0.968,3.68082862677001e-74,"9","MT-ND3"
5.06610753593976e-77,1.2037368654295,0.49,0.204,1.23876461468799e-72,"9","GPR183"
1.44216941182545e-75,0.53606719628208,0.993,0.972,3.5263926457956e-71,"9","MT-ND4L"
2.17519018709629e-68,0.426231956735898,0.997,0.993,5.31877504548785e-64,"9","MT-CO2"
1.0310916787927e-67,1.49785755345897,0.45,0.198,2.5212253729839e-63,"9","RIPOR2"
1.43598639882881e-66,2.54979587239239,0.279,0.094,3.5112739424162e-62,"9","PLPP5"
3.23428139953558e-66,1.67878453289418,0.397,0.166,7.90846487814441e-62,"9","SNX9"
3.54190951051765e-66,1.16829161844617,0.618,0.354,8.66067713511776e-62,"9","RNASET2"
5.36578859045583e-66,0.629539770850954,0.965,0.923,1.31204262613826e-61,"9","NACA"
1.51408907991049e-65,1.95874063962356,0.266,0.084,3.70225061819714e-61,"9","DRAM2"
1.46837502171089e-64,2.08897803204479,0.359,0.145,3.59047060308746e-60,"9","YBX3"
9.13971928656693e-64,1.47152597064958,0.454,0.208,2.23484415995134e-59,"9","PTPN6"
1.83485665717358e-62,1.85453580174047,0.292,0.102,4.48659149812083e-58,"9","NCOA3"
1.98162495615832e-62,1.41428424496078,0.465,0.221,4.84546934279832e-58,"9","CHCHD10"
7.7827477035799e-62,1.94245069508566,0.256,0.082,1.90303746847936e-57,"9","ORAI2"
3.69916946473833e-60,1.6602330019362,0.269,0.088,9.04520917517817e-56,"9","PARP15"
9.82707064302464e-60,0.549139528893363,0.964,0.92,2.40291531363238e-55,"9","UBA52"
2.11196452672428e-59,1.64184599089142,0.287,0.099,5.16417566074621e-55,"9","CTSZ"
3.71417346588267e-59,1.46060807021701,0.455,0.219,9.08189695877631e-55,"9","FOXP1"
1.00719009046977e-58,0.458422620790273,0.993,0.974,2.46278120921667e-54,"9","MT-CYB"
4.26846621483446e-58,1.07327703007822,0.689,0.458,1.04372535885132e-53,"9","ZFAS1"
2.42918240957517e-56,0.821628216019672,0.825,0.65,5.9398368278932e-52,"9","SLC25A6"
3.83669708780311e-56,0.8350586863338,0.524,0.268,9.38149171909617e-52,"9","CTSS"
1.48534204476641e-55,1.68613821882144,0.274,0.096,3.63195836786283e-51,"9","PLCG2"
8.14887723353696e-55,0.929396908656165,0.758,0.552,1.99256346114446e-50,"9","NOP53"
1.36089186498162e-54,0.982900534952947,0.618,0.356,3.32765278825305e-50,"9","BIRC3"
2.98920325452517e-54,1.43294264085634,0.419,0.197,7.30919979796494e-50,"9","SNHG7"
1.22771445551947e-53,1.51753591578015,0.348,0.148,3.0020073866362e-49,"9","PRDM2"
1.63921643727732e-52,0.711910795920253,0.879,0.75,4.0082120324305e-48,"9","ARPC3"
6.36671007376177e-52,1.1713277046383,0.62,0.395,1.55678794723623e-47,"9","SMAP2"
1.67278678762295e-51,1.71843312338616,0.28,0.105,4.09029825309563e-47,"9","WASHC4"
2.45686386112158e-51,0.413662540693702,0.993,0.986,6.00752351321449e-47,"9","PTMA"
2.06316918339601e-50,1.67913407352095,0.322,0.135,5.04486128723993e-46,"9","C7orf50"
2.47927530191245e-50,1.89260391693725,0.252,0.091,6.06232396823633e-46,"9","ST6GAL1"
8.71632173423688e-50,1.65814420165039,0.32,0.134,2.1313149904556e-45,"9","ADK"
4.89010624244891e-49,0.559658809290486,0.939,0.852,1.19572877840361e-44,"9","PFDN5"
1.112883629183e-48,1.57162463411434,0.304,0.123,2.72122305007828e-44,"9","LTA4H"
1.19804012546095e-48,1.57379463269819,0.333,0.144,2.92944771477711e-44,"9","EIF1AY"
2.29958380375786e-48,1.14944594660736,0.602,0.385,5.62294231694872e-44,"9","RHOH"
5.76359715065935e-48,1.69035749096264,0.28,0.11,1.40931477527923e-43,"9","UVRAG"
2.7481143618862e-46,0.390212576780264,0.99,0.984,6.71968923768414e-42,"9","MT-CO3"
1.7457704465797e-42,1.15031244440869,0.521,0.316,4.26875789597668e-38,"9","CMTM6"
1.33180340993774e-41,0.569836602528774,0.935,0.879,3.25652569797977e-37,"9","H3F3A"
4.08272944229613e-41,1.5882911205486,0.27,0.112,9.9830900323025e-37,"9","CAMK1D"
9.39782490141564e-41,1.10128707714412,0.489,0.286,2.29795614489415e-36,"9","GRB2"
1.62783490130829e-40,1.30336784198662,0.389,0.199,3.98038190067902e-36,"9","PRKCB"
2.97486158472986e-39,1.31199302745135,0.443,0.25,7.27413154698144e-35,"9","POLD4"
3.363752715919e-39,1.00997471425788,0.561,0.367,8.22504814096513e-35,"9","SMDT1"
5.24572737151821e-39,0.9087720720064,0.65,0.45,1.28268525688363e-34,"9","NME2"
6.57016771674814e-39,1.24235757543973,0.382,0.195,1.60653741009925e-34,"9","TMEM243"
1.04308131798657e-38,1.21796576179549,0.32,0.145,2.55054243874077e-34,"9","GGA2"
1.1344840002195e-38,0.724638162740868,0.783,0.602,2.77404027733673e-34,"9","LIMD2"
3.20927748601565e-38,0.487056996625145,0.943,0.865,7.84732530880547e-34,"9","MT-ND4"
4.42884443372331e-37,1.46579803485149,0.281,0.125,1.08294104093402e-32,"9","RGS19"
3.8455832185013e-36,1.47879836992732,0.273,0.121,9.40322008587938e-32,"9","ARRDC2"
5.57656393016831e-36,1.02663040549733,0.415,0.225,1.36358141220476e-31,"9","ATP2B1"
6.93111173525935e-36,0.950343738856188,0.565,0.371,1.69479544150562e-31,"9","LSM7"
1.07662892338521e-35,1.3973898911632,0.325,0.16,2.63257304346152e-31,"9","SMARCB1"
4.28467816206547e-35,1.04689021546203,0.6,0.423,1.04768950418825e-30,"9","UCP2"
6.65986017847397e-34,1.20866168832736,0.341,0.17,1.62846901084046e-29,"9","SP140"
1.17520371620264e-33,1.27462577844825,0.311,0.15,2.8736081268587e-29,"9","NT5C"
4.49381215026729e-33,1.18070009311081,0.283,0.129,1.09882694698336e-28,"9","ARHGAP25"
5.49935588895604e-33,1.33888435950393,0.305,0.148,1.34470250196753e-28,"9","RASGEF1B"
1.40689805049311e-32,0.451676466592178,0.915,0.842,3.44014711306575e-28,"9","COX4I1"
1.57842123480786e-32,0.559211067009107,0.85,0.749,3.85955560335219e-28,"9","YBX1"
3.71113348038046e-31,1.38078885524385,0.27,0.126,9.07446358622631e-27,"9","TRIM38"
2.63862993013582e-30,0.728440324049443,0.638,0.468,6.4519779051681e-26,"9","EIF3E"
3.00063726970141e-30,1.07969750381644,0.377,0.21,7.33715825187389e-26,"9","PARP1"
4.30079597560706e-29,1.15867255125954,0.4,0.236,1.05163063195544e-24,"9","MARCKSL1"
1.48215675955149e-28,0.413360437673161,0.943,0.888,3.6241697084553e-24,"9","EEF1D"
1.67642225838586e-28,0.441932679812618,0.955,0.92,4.0991877062051e-24,"9","MT-ATP8"
3.59734858521505e-28,1.19526965363708,0.283,0.141,8.79623676056784e-24,"9","APPL1"
6.23466761723732e-28,0.537245098143663,0.603,0.392,1.52450092576687e-23,"9","KLF2"
8.28017640075206e-28,1.07682653774459,0.337,0.183,2.02466873351189e-23,"9","LMBRD1"
2.2520860902213e-27,0.937873609318865,0.458,0.298,5.50680090780913e-23,"9","LAMTOR5"
2.84794058078377e-27,1.25603971128854,0.256,0.123,6.96378430813247e-23,"9","ZBTB20"
7.40965599933167e-27,1.0779960371025,0.352,0.198,1.81180908495658e-22,"9","PIM2"
1.54975519532845e-26,0.856930342894517,0.49,0.325,3.78946140361712e-22,"9","TCEA1"
2.19213272080742e-25,0.908915298813274,0.46,0.303,5.36020292891831e-21,"9","TAF1D"
2.46383293225612e-25,0.8104876678853,0.545,0.376,6.02456428595267e-21,"9","SNHG8"
3.53769928513081e-25,0.470052818305322,0.873,0.778,8.65038229200185e-21,"9","TOMM7"
3.82554860879285e-25,1.03541784496067,0.351,0.201,9.35423145822029e-21,"9","RILPL2"
6.31391404571596e-25,0.62189855046152,0.699,0.56,1.54387826245847e-20,"9","SF1"
1.0395800081076e-24,0.699019827857494,0.599,0.442,2.5419810358247e-20,"9","EIF3L"
2.94586988289931e-24,0.881587226423608,0.485,0.33,7.2032410376654e-20,"9","EIF1B"
9.78233302760574e-24,1.19254363483871,0.311,0.175,2.39197607191016e-19,"9","TGIF1"
2.11590301573494e-23,1.00858318632389,0.389,0.241,5.17380605407508e-19,"9","EIF2S3"
2.87831646332375e-23,1.06917091382899,0.267,0.139,7.03805941611923e-19,"9","UPF2"
3.74646071381672e-23,0.870732795685114,0.333,0.187,9.16084573742465e-19,"9","BCL2A1"
3.88905633110278e-23,0.79816195092235,0.492,0.336,9.50952054081252e-19,"9","GDI2"
1.10112452406177e-22,0.904695485442313,0.373,0.226,2.69246968623583e-18,"9","SP110"
2.71994767731768e-22,0.778375444159387,0.522,0.375,6.65081606057719e-18,"9","SELENOH"
6.30741060440036e-22,0.932299079689733,0.32,0.182,1.54228804098798e-17,"9","CNPPD1"
7.63206705608642e-22,0.859775966562896,0.433,0.289,1.86619303655425e-17,"9","SP100"
1.64545284672295e-21,1.19541173863073,0.262,0.143,4.02346130080695e-17,"9","FAM96A"
5.82959842193611e-21,1.18588229539812,0.311,0.182,1.42545340613182e-16,"9","WDR74"
7.16734895672758e-21,1.09292819440536,0.272,0.148,1.75256016689903e-16,"9","TRAF4"
1.09576599484118e-20,0.804308135242165,0.361,0.215,2.67936701058564e-16,"9","ARID5B"
1.84499383587529e-20,0.609500551575557,0.592,0.444,4.51137892748225e-16,"9","ANAPC16"
2.37949359234243e-20,1.03354389505841,0.279,0.155,5.8183377319957e-16,"9","RB1"
3.23065207413095e-20,0.879052899633541,0.518,0.397,7.899590451665e-16,"9","DDX21"
4.31084923384134e-20,0.598491934890947,0.614,0.467,1.05408885465889e-15,"9","EIF3H"
5.01748638543364e-20,0.281758713797411,0.957,0.915,1.22687577096623e-15,"9","CYBA"
6.00734575461689e-20,0.624659529341259,0.663,0.54,1.46891618391892e-15,"9","UQCRH"
1.09067248587646e-19,0.941945603147835,0.284,0.16,2.66691236246513e-15,"9","PWP1"
3.95781037539416e-19,0.818764930980089,0.414,0.276,9.6776379299138e-15,"9","CNPY3"
4.59890572923373e-19,0.388741439485988,0.741,0.601,1.12452442891223e-14,"9","GABARAP"
6.0644230012005e-19,0.74816015573851,0.419,0.28,1.48287271225355e-14,"9","PHB2"
6.54701858956796e-19,1.00572740631662,0.435,0.296,1.60087698552116e-14,"9","TXNIP"
7.20063892022169e-19,0.760186960611945,0.486,0.355,1.76070022877261e-14,"9","NSA2"
8.22931631609904e-19,0.388269615434361,0.975,0.932,2.01223242561254e-14,"9","MT-ATP6"
2.40821816579111e-18,0.754509504350682,0.552,0.42,5.88857505899242e-14,"9","TUBA1A"
5.38496939282792e-18,0.478746282922932,0.804,0.723,1.31673271593428e-13,"9","TAGLN2"
5.79011390085683e-18,1.25388826633687,0.376,0.256,1.41579865103751e-13,"9","ALG13"
8.28835343608725e-18,0.698313458013351,0.514,0.377,2.02666818219205e-13,"9","SMCHD1"
1.18324818412374e-17,0.706140277394161,0.65,0.549,2.89327845981937e-13,"9","BTG2"
1.30092942543353e-17,0.937400901206055,0.272,0.158,3.18103263107008e-13,"9","IMPDH2"
1.88137765939922e-17,1.09818388843737,0.287,0.174,4.60034465276297e-13,"9","SSH2"
1.88986050384931e-17,0.738383317361439,0.426,0.297,4.62108690401234e-13,"9","PLP2"
2.23678874162653e-17,0.737901739479915,0.765,0.747,5.4693958310252e-13,"9","JUNB"
2.66363990179457e-17,0.428065169371181,0.728,0.61,6.51313228786809e-13,"9","HNRNPDL"
3.39909658987396e-17,0.431091047770314,0.818,0.709,8.31147098155981e-13,"9","COMMD6"
5.40855826038883e-17,0.670270374207361,0.465,0.33,1.32250066583028e-12,"9","PNISR"
9.8437183209155e-17,0.659399060600501,0.674,0.569,2.40698600383026e-12,"9","ZFP36L1"
1.14441025807232e-16,0.547491434939801,0.631,0.523,2.79831196303844e-12,"9","TUBA1B"
2.71986007020514e-16,0.847612344257583,0.323,0.205,6.6506018436656e-12,"9","DBNL"
3.65488853774951e-16,0.550661247736471,0.578,0.451,8.9369334525051e-12,"9","UXT"
4.28057960454681e-16,0.850148469017537,0.292,0.18,1.04668732490379e-11,"9","MKNK2"
1.01350516511796e-15,0.872967820289908,0.284,0.172,2.47822282974643e-11,"9","CMTM7"
1.27153475630969e-15,0.381020351524002,0.836,0.764,3.10915678612844e-11,"9","HINT1"
2.73077151232426e-15,0.79990659529834,0.338,0.222,6.67728250193528e-11,"9","EVI2B"
3.59722904541012e-15,0.319353664274675,0.887,0.799,8.79594446183681e-11,"9","NPM1"
3.69144320920155e-15,0.509067896319774,0.687,0.586,9.02631693513963e-11,"9","CD53"
4.79870709046056e-15,0.46540518356495,0.67,0.57,1.17337985775942e-10,"9","EIF3F"
8.24934505909831e-15,0.376744124643438,0.841,0.771,2.01712985385072e-10,"9","COX7C"
8.98377330647562e-15,0.32055754722916,0.882,0.833,2.19671224889942e-10,"9","BTF3"
9.57616253605089e-15,0.711012894010061,0.437,0.317,2.34156326331516e-10,"9","LAPTM4A"
1.19412158880134e-14,1.00717500427448,0.255,0.155,2.91986610893703e-10,"9","GPR18"
1.62298274001813e-14,0.506262949479475,0.611,0.516,3.96851739589232e-10,"9","SNU13"
2.50300319212244e-14,0.782662877190184,0.365,0.254,6.12034340537778e-10,"9","PPP1CC"
4.63131255712458e-14,0.27173459392106,0.946,0.918,1.1324485464681e-09,"9","PPIA"
5.28010707528509e-14,0.737220127233651,0.288,0.18,1.29109178204871e-09,"9","STX5"
8.26002341123303e-14,0.943933497874736,0.408,0.302,2.0197409245147e-09,"9","CDKN1A"
9.90695675875173e-14,0.546404396999706,0.517,0.402,2.42244906664997e-09,"9","SH3BGRL"
1.00932790603606e-13,0.644234032686269,0.538,0.433,2.46800859583938e-09,"9","ERP29"
1.52752605826447e-13,0.947201296391154,0.258,0.16,3.73510671766829e-09,"9","LYSMD2"
3.25010268119246e-13,0.572378206368595,0.454,0.332,7.9471510760518e-09,"9","ODC1"
6.33175561506761e-13,0.60933888066335,0.422,0.307,1.54824088299633e-08,"9","ZNF706"
7.11280956245544e-13,0.776251948276668,0.32,0.217,1.7392241942116e-08,"9","HIF1A"
2.41674858826377e-12,0.786397621314739,0.351,0.25,5.90943364802258e-08,"9","MTPN"
3.10523667771237e-12,0.794554648391312,0.28,0.183,7.59292472434229e-08,"9","APEX1"
3.563126499413e-12,0.372577768335451,0.772,0.669,8.71255691636467e-08,"9","PCBP2"
5.00849036020399e-12,0.821520752387325,0.309,0.212,1.22467606287708e-07,"9","PTPN1"
2.61252326471642e-11,0.695796968936701,0.305,0.206,6.3881418868846e-07,"9","TTC3"
4.2375289770193e-11,0.810551160595984,0.291,0.199,1.03616058546076e-06,"9","OSER1"
4.37971621482973e-11,0.698063676684764,0.301,0.207,1.07092820885017e-06,"9","ZFAND6"
6.39428058197204e-11,0.378698660945326,0.636,0.532,1.5635294879038e-06,"9","HMGN2"
7.34242757660555e-11,0.281422247620138,0.635,0.546,1.79537039103159e-06,"9","SAT1"
7.48942106195433e-11,0.356380296590058,0.741,0.647,1.83131323806907e-06,"9","SERP1"
8.44827192585173e-11,0.576653729532082,0.366,0.262,2.06577145130926e-06,"9","ITSN2"
8.60735119318510e-11,0.604212509154751,0.345,0.243,2.10466951375762e-06,"9","PLAC8"
8.69378351157539e-11,0.714187299104305,0.262,0.171,2.12580394425041e-06,"9","BORCS5"
1.0267056023821e-10,0.568253474331949,0.366,0.265,2.51050053894472e-06,"9","APH1A"
1.05845302922495e-10,0.464395158731226,0.425,0.314,2.58812934706084e-06,"9","KDM6B"
1.2667258604857e-10,0.483344892088643,0.464,0.357,3.09739807405964e-06,"9","ANP32B"
1.95935946555571e-10,0.728503840885585,0.292,0.202,4.79102576517683e-06,"9","ARL4A"
2.23260418254544e-10,0.823862482179228,0.322,0.235,5.45916374716011e-06,"9","TMEM123"
2.90017224303264e-10,0.680995678471254,0.316,0.225,7.0915011686634e-06,"9","PRMT1"
3.82342479116299e-10,0.502959801549402,0.409,0.311,9.34903829935175e-06,"9","EIF3D"
5.07316501201016e-10,0.551569437685408,0.336,0.236,1.24049030873672e-05,"9","SFT2D1"
5.30446528658499e-10,0.546716397064083,0.366,0.27,1.29704785187576e-05,"9","IL16"
1.00511607532703e-09,0.376907349965904,0.547,0.451,2.45770982738965e-05,"9","UBXN1"
1.03613640888718e-09,0.263961248596462,0.87,0.82,2.53356074701093e-05,"9","HNRNPA1"
1.14950647389283e-09,0.565262573494906,0.357,0.263,2.81077322996274e-05,"9","AC004687.1"
1.92740317017093e-09,0.272956986183397,0.689,0.608,4.71288623170196e-05,"9","TSC22D3"
2.25849394438858e-09,0.496467919036325,0.429,0.328,5.52246939281896e-05,"9","PPIG"
2.52514192571738e-09,0.602586020989877,0.366,0.273,6.17447703676413e-05,"9","TSTD1"
2.72283137695703e-09,0.549007204868546,0.373,0.285,6.65786728293533e-05,"9","C1QBP"
2.91121641389026e-09,0.522126888194777,0.635,0.576,7.11850637524446e-05,"9","EMP3"
3.12075794578913e-09,0.626421255693059,0.343,0.253,7.63087732904357e-05,"9","ATP6V0D1"
3.49886025313227e-09,0.509385009584217,0.467,0.378,8.55541309095903e-05,"9","UBE2I"
3.93655368464887e-09,0.586298858718423,0.348,0.26,9.62566106970341e-05,"9","KPNB1"
4.85610978993435e-09,0.420318703549402,0.549,0.449,0.000118741596583475,"9","EIF4A2"
8.15225798370768e-09,0.613923139773309,0.267,0.188,0.00019933901221762,"9","P2RY10"
8.46226347320369e-09,0.618096206586504,0.29,0.205,0.000206919266446777,"9","LSM5"
9.0814906583008e-09,0.710165709732589,0.256,0.177,0.000222060609576771,"9","FYTTD1"
1.44733908042174e-08,0.5913045871918,0.295,0.213,0.000353903351944724,"9","TMEM256"
1.645309220681e-08,0.388954150160215,0.533,0.444,0.000402311010640918,"9","EIF4B"
2.51807564142552e-08,0.427082746073959,0.483,0.393,0.000615719855841367,"9","ST13"
3.80558949790287e-08,0.520028654275491,0.288,0.206,0.000930542744027209,"9","MCUB"
3.93616828907313e-08,0.774060258223048,0.298,0.225,0.000962471870044162,"9","TNFAIP8"
4.19674272897184e-08,0.640104817570503,0.251,0.173,0.00102618753208819,"9","RPA3"
5.00516465505928e-08,0.695778447221812,0.256,0.183,0.00122386286145509,"9","BLOC1S2"
5.14598080097865e-08,0.469080700997557,0.461,0.381,0.0012582952254553,"9","RSL1D1"
5.22715781428277e-08,0.507507526351056,0.624,0.585,0.00127814462874842,"9","SLC2A3"
5.63418197727507e-08,0.421898177775426,0.506,0.426,0.0013776701770833,"9","SRSF10"
7.55727637104962e-08,0.369037408323865,0.616,0.533,0.00184790521824905,"9","SLC25A5"
1.03761471386205e-07,0.329279604612136,0.606,0.518,0.00253717549833549,"9","CD48"
1.32073442536027e-07,0.338620291913834,0.643,0.571,0.00322945981689093,"9","ATP6V1G1"
1.35044101949753e-07,0.413452626458547,0.336,0.25,0.00330209838087535,"9","MYCBP2"
1.50253231279136e-07,0.329327633751523,0.62,0.538,0.00367399201123743,"9","MT-ND6"
1.53538560629774e-07,0.796160106681273,0.299,0.225,0.00375432488451923,"9","ANKRD37"
1.56359140822284e-07,0.462422910282295,0.451,0.377,0.00382329371138649,"9","MAPK1IP1L"
1.5895596663396e-07,0.343919256649265,0.525,0.443,0.0038867912961336,"9","EIF5A"
1.99701608586823e-07,0.268061179474921,0.794,0.749,0.004883103733165,"9","CCNI"
2.09686703598813e-07,0.556594412123109,0.323,0.246,0.00512725927639817,"9","RNMT"
2.09919750002053e-07,0.359831131063618,0.507,0.419,0.00513295772705021,"9","PRDX1"
2.48756551975804e-07,0.384112905993789,0.266,0.186,0.00608259520891237,"9","RAB11FIP1"
2.58829751539068e-07,0.584082152115731,0.292,0.22,0.00632890508463328,"9","DNAJC15"
3.74878340598875e-07,0.607384497703201,0.26,0.188,0.0091665251843237,"9","OXA1L"
3.90844525767493e-07,0.579757114150325,0.355,0.283,0.00955693034406675,"9","FBL"
4.98474186981427e-07,0.490005527770459,0.542,0.487,0.0121886908200699,"9","SEC62"
5.05632335848413e-07,0.44360829467972,0.338,0.26,0.0123637218761654,"9","NR1H2"
6.92409078662881e-07,0.576304544396563,0.26,0.19,0.0169307867914648,"9","PPM1K"
8.23269187691811e-07,0.501879337625477,0.343,0.264,0.0201305781774401,"9","NFKB2"
9.0941086723427e-07,0.466622404804437,0.433,0.36,0.0222369145256124,"9","RNPS1"
9.44106158791891e-07,0.415429668755215,0.422,0.347,0.0230852837947793,"9","MOB1A"
9.50609664871867e-07,0.302130164168563,0.304,0.225,0.0232443075254469,"9","NPC2"
1.36830688335499e-06,0.363763465289482,0.462,0.383,0.0334578399117961,"9","CD47"
1.90519936189056e-06,0.34972942352023,0.593,0.523,0.046585934796948,"9","HMGN1"
2.31446919148059e-06,0.436377069618683,0.382,0.307,0.0565934006700835,"9","CSK"
2.41253195569064e-06,0.270808535497574,0.585,0.513,0.0589912313805475,"9","GPSM3"
3.22672325478004e-06,0.477890763051209,0.426,0.367,0.0788998370258816,"9","ISCU"
4.41408230303968e-06,0.423681573225522,0.525,0.472,0.107933140473926,"9","CYTIP"
5.54067012899046e-06,0.478488386827534,0.292,0.224,0.135480465994075,"9","NHP2"
7.06770036857484e-06,0.482258233070444,0.287,0.223,0.172819409412392,"9","WASF2"
1.77688298747419e-05,0.44331250831366,0.263,0.202,0.43448342809719,"9","PDCD6IP"
2.06515203000871e-05,0.251056169783629,0.418,0.341,0.504970974377729,"9","TUBB"
2.07308145439785e-05,0.50009764256356,0.27,0.209,0.506909877229361,"9","CYB5R3"
2.80851375812733e-05,0.300469076395625,0.513,0.439,0.686737784137294,"9","TAGAP"
3.55058192401191e-05,0.35236600753673,0.44,0.378,0.868188292059392,"9","TOMM20"
4.61204362179145e-05,0.609417338354273,0.252,0.194,1,"9","SC5D"
5.01442885127142e-05,0.353379049841617,0.443,0.38,1,"9","KRT10"
6.27887834282796e-05,0.333290577054815,0.4,0.337,1,"9","HNRNPL"
6.92449971695438e-05,0.338365419823363,0.416,0.352,1,"9","NOP10"
0.00013235999886974,0.436587677072706,0.348,0.295,1,"9","DDT"
0.000156953313554908,0.33183457302963,0.347,0.286,1,"9","NOL7"
0.00016715230851639,0.448837635160196,0.291,0.237,1,"9","BBX"
0.000176942288509908,0.387331923494164,0.251,0.196,1,"9","DARS"
0.000210520582079146,0.328898349281258,0.361,0.296,1,"9","PNRC2"
0.000249488329820938,0.455684269604447,0.273,0.22,1,"9","TMBIM4"
0.000282666346617092,0.408605955981687,0.646,0.619,1,"9","IER2"
0.000286714543608484,0.389718434003162,0.366,0.312,1,"9","MRPS21"
0.000288270676235212,0.270619688830142,0.539,0.494,1,"9","ACTR3"
0.000300033415840819,0.416221016195162,0.464,0.419,1,"9","RSL24D1"
0.000317141629767194,0.409916054562625,0.432,0.375,1,"9","PPP1R15A"
0.000354274642504055,0.466472578994204,0.269,0.22,1,"9","SNHG15"
0.000391563886504119,0.311422022085301,0.404,0.346,1,"9","PAPOLA"
0.000395511826566025,0.301866592687358,0.384,0.33,1,"9","SYF2"
0.000414994757991133,0.317526640208545,0.361,0.307,1,"9","C1orf43"
0.000456478082145965,0.349876734045263,0.414,0.363,1,"9","SELENOF"
0.000475497914534389,0.339731877042205,0.446,0.397,1,"9","TBCA"
0.000480094378035936,0.324202404671807,0.394,0.343,1,"9","UBE2N"
0.0005201629850591,0.334873038991172,0.331,0.278,1,"9","BANF1"
0.000631416258184717,0.280874398327141,0.284,0.229,1,"9","PGLS"
0.000657670415700729,0.367630022675763,0.286,0.232,1,"9","DDX27"
0.000682622371910857,0.257276702758364,0.503,0.446,1,"9","PDE4B"
0.000820365821828804,0.306955332855632,0.32,0.269,1,"9","PDCD6"
0.000839752859932927,0.3708093434756,0.29,0.243,1,"9","PRPF4B"
0.00084193474029374,0.320771669955488,0.294,0.241,1,"9","JMJD1C"
0.000915554485586606,0.408058634759657,0.288,0.242,1,"9","RAB11A"
0.00104200268757939,0.344877391923936,0.443,0.405,1,"9","WSB1"
0.00118914397910465,0.313806863309911,0.252,0.204,1,"9","MRPS36"
0.00120758995173708,0.360188712330471,0.259,0.211,1,"9","ATG12"
0.00148862958402615,0.289911673159556,0.38,0.33,1,"9","ATP6V0B"
0.0015241773068303,0.257956369906017,0.301,0.25,1,"9","MAF1"
0.00179646006073197,0.262231302591392,0.493,0.449,1,"9","UBE2D2"
0.00190069021701457,0.348984159957261,0.351,0.305,1,"9","NSD3"
0.00199106090713965,0.295364166431296,0.251,0.204,1,"9","PIAS1"
0.00209900467728888,0.390833833997623,0.286,0.243,1,"9","ACP1"
0.00259669274918325,0.764612404641148,0.326,0.287,1,"9","CHMP1B"
0.00277505414152908,0.30919878527436,0.277,0.233,1,"9","COX16"
0.00311654343038172,0.28276072616618,0.382,0.337,1,"9","ZC3H15"
0.00315338131862748,0.389191172639577,0.267,0.225,1,"9","AFF4"
0.0032585225698452,0.43191778512925,0.301,0.262,1,"9","PRNP"
0.00326244752834412,0.447471546230387,0.358,0.315,1,"9","FOSB"
0.00350459827086174,0.327466604001017,0.337,0.298,1,"9","PPP2R1A"
0.00378736204935603,0.30571816337854,0.362,0.319,1,"9","TOMM22"
0.00387516959655304,0.299793856479358,0.304,0.261,1,"9","GTF2A2"
0.00396576362329504,0.279547571967933,0.29,0.244,1,"9","PFDN2"
0.00548299982714513,0.300750677758964,0.276,0.237,1,"9","MRPL52"
0.00613464517389203,0.321980178775381,0.277,0.24,1,"9","EIF6"
0.00671391971775841,0.350202416843489,0.272,0.232,1,"9","CNOT7"
0.00689783444564158,0.282752311011329,0.263,0.223,1,"9","CCDC12"
0.00974210870222369,0.255016807502569,0.322,0.284,1,"9","CCT5"
0,1.62296379821765,0.392,0.015,0,"10","IGLV1-40"
0,1.18272649874648,0.331,0.019,0,"10","IGHG1"
0,5.27663771516381,0.27,0.007,0,"10","IGLV5-45"
0,1.68547085847214,0.27,0.01,0,"10","IGKV1-9"
5.90596406384728e-173,0.563711013457884,1,1,1.44412633289194e-168,"10","B2M"
5.52378146645728e-83,1.27599256665479,0.751,0.414,1.35067504417813e-78,"10","DUSP5"
2.00965139875651e-74,0.739077967784098,0.995,0.81,4.91399960023941e-70,"10","IL32"
9.17421000743454e-68,0.679941766307735,0.991,0.932,2.24327783101789e-63,"10","GAPDH"
3.2536508280587e-66,0.85148259141975,0.909,0.68,7.95582700476914e-62,"10","LDHA"
9.79510125451283e-65,1.40511074049988,0.516,0.22,2.39509815875348e-60,"10","LAG3"
1.54328197794543e-64,1.19916130948722,0.639,0.333,3.77363309247217e-60,"10","STAT1"
4.73369227467315e-64,1.65922444535946,0.394,0.144,1.15748243500308e-59,"10","GPR171"
1.01879943151295e-63,1.33664097814541,0.652,0.357,2.49116836993547e-59,"10","BIRC3"
1.28407536210871e-53,0.650643532615772,0.972,0.882,3.13982107542823e-49,"10","HSP90AA1"
3.59976622593891e-52,0.622915765557604,0.939,0.807,8.80214837566583e-48,"10","PSME1"
9.41439025287598e-51,0.433422514284886,0.981,0.913,2.30200670463324e-46,"10","FTL"
1.12175976811032e-50,0.592555640106066,0.993,0.931,2.74292698498335e-46,"10","MT-ATP6"
1.74762815017512e-50,1.30924927928203,0.552,0.289,4.27330035280821e-46,"10","SATB1"
1.08429427119204e-48,1.73954616388422,0.256,0.083,2.65131635191879e-44,"10","GPR35"
4.19360429315079e-48,0.891710395725871,0.793,0.559,1.02542012176123e-43,"10","ISG20"
6.66755416657971e-47,0.60906441056897,0.944,0.778,1.63035034481207e-42,"10","S100A4"
1.25165244984126e-46,0.539572296373083,0.991,0.934,3.06054057035185e-42,"10","UBC"
1.25184141485482e-44,1.16015848220922,0.58,0.332,3.06100262760301e-40,"10","GBP5"
1.27789610327577e-43,0.820514276159774,0.782,0.546,3.12471155172991e-39,"10","SH2D2A"
6.0988217410187e-43,0.754429567749624,0.84,0.638,1.49128389211389e-38,"10","PSMB9"
2.25791528936116e-42,0.926553511018416,0.638,0.396,5.5210544655459e-38,"10","TXN"
1.68673113416399e-39,0.691418346543997,0.875,0.64,4.12439496925779e-35,"10","S100A10"
2.62638274840551e-38,0.379632429280046,1,0.996,6.42203109640116e-34,"10","ACTB"
7.53442299353684e-38,1.45042863858249,0.472,0.262,1.84231711037963e-33,"10","CXCR6"
5.75809541864177e-37,0.797358794162163,0.666,0.413,1.40796949176629e-32,"10","BCL3"
3.432023234602e-36,0.570958629640347,0.895,0.739,8.39198321324881e-32,"10","SUB1"
6.50369730409835e-36,1.14978481493552,0.413,0.207,1.59028406479813e-31,"10","YIPF5"
8.09166996777037e-36,1.15080707544031,0.469,0.253,1.97857514051921e-31,"10","NINJ1"
1.09557494608311e-35,0.663095490865176,0.805,0.629,2.67889985816242e-31,"10","PSME2"
1.78297369976777e-35,1.01291816115779,0.486,0.275,4.35972729067215e-31,"10","NAMPT"
1.80865368155953e-35,0.901596023596974,0.382,0.173,4.42251998214937e-31,"10","DUSP4"
2.71916498797307e-35,0.838261265926932,0.671,0.468,6.64890222859176e-31,"10","POMP"
3.88502249786479e-35,0.803990073841718,0.728,0.48,9.49965701177899e-31,"10","CD2"
1.53219833298915e-34,0.46901899531504,0.955,0.752,3.74653136382507e-30,"10","CXCR4"
2.02928804805962e-34,0.643343152379896,0.585,0.322,4.96201513511539e-30,"10","IL7R"
7.29074695576195e-34,1.31533173191929,0.298,0.126,1.78273344562291e-29,"10","GBP1"
1.97076570324243e-33,1.13586155393984,0.611,0.404,4.81891629756839e-29,"10","LTB"
8.83211048769434e-33,0.516952859256548,0.882,0.598,2.15962765645102e-28,"10","CD3D"
1.269957920998e-32,0.582779453862452,0.882,0.708,3.10530110842432e-28,"10","GZMA"
1.99158366146751e-32,0.713306253096938,0.782,0.57,4.86982036902035e-28,"10","ALOX5AP"
5.81718725923124e-32,0.526665551180032,0.908,0.763,1.42241862862722e-27,"10","HINT1"
1.25070750188547e-31,0.363853572851991,0.918,0.719,3.05822998361034e-27,"10","S100A6"
3.77214942942327e-31,0.474230693158951,0.855,0.627,9.22365978482578e-27,"10","TNFAIP3"
8.60185879634171e-30,0.482594162112916,0.953,0.787,2.10332651288148e-25,"10","DUSP2"
1.01056316802755e-29,0.894381362897048,0.481,0.272,2.47102905846097e-25,"10","BHLHE40"
2.4286355572022e-29,0.723350370160263,0.613,0.387,5.93849966447083e-25,"10","RGS1"
5.58827625949113e-29,0.334236033015958,1,0.969,1.36644531097077e-24,"10","TMSB10"
6.38782338030763e-28,0.254060490644912,0.997,0.991,1.56195057295282e-23,"10","HLA-A"
4.82911245525683e-27,1.0888488223847,0.294,0.136,1.1808145775594e-22,"10","PBX4"
5.15699345636433e-27,0.884329258157794,0.477,0.287,1.26098803995021e-22,"10","PSMA3"
6.7431699597026e-27,0.701259664775122,0.613,0.416,1.64883991854648e-22,"10","PRDX1"
1.38087102605348e-26,0.511226215467599,0.883,0.739,3.37650583290597e-22,"10","MYL12B"
2.09536215948733e-26,0.268028001543017,0.995,0.982,5.12357955237842e-22,"10","TPT1"
7.34516899463676e-26,0.273016535489226,1,0.99,1.79604072256858e-21,"10","TMSB4X"
8.88886965450277e-26,0.747736638336604,0.655,0.475,2.17350640791902e-21,"10","CD8A"
2.85514356309858e-25,0.689548309185196,0.617,0.419,6.98139704048864e-21,"10","TPM4"
2.96836613074918e-25,0.65210905344833,0.737,0.574,7.2582488629079e-21,"10","TUBA4A"
5.11983184078059e-25,0.840969936975521,0.493,0.309,1.25190128170767e-20,"10","SLC7A5"
6.12300663269785e-25,0.403733211820516,0.955,0.852,1.49719758182728e-20,"10","MYL12A"
6.973711962985e-25,1.07784271965163,0.394,0.228,1.70521204918909e-20,"10","TANK"
2.60105433820558e-24,0.2969648915656,0.99,0.939,6.36009806778028e-20,"10","HSPA8"
9.83337620946039e-24,0.35977582937714,0.939,0.826,2.40445715073726e-19,"10","HSP90AB1"
1.16945421041561e-23,0.490848025780794,0.688,0.482,2.85954943530826e-19,"10","S100A11"
1.31683147138849e-23,1.28240194879198,0.251,0.117,3.21991631383915e-19,"10","PPIF"
2.31119549151063e-23,0.782443276704772,0.491,0.304,5.65133521584179e-19,"10","ORAI1"
3.39792086902444e-23,0.330207782047481,0.974,0.882,8.30859610893855e-19,"10","SH3BGRL3"
4.6767480502235e-23,0.953522091450631,0.408,0.238,1.14355843324065e-18,"10","ZC3H12A"
4.97459372474466e-23,0.90242256597062,0.483,0.301,1.21638765757456e-18,"10","CDKN1A"
7.2744490408236e-23,1.20888820999578,0.324,0.171,1.77874827946219e-18,"10","PIM1"
9.30181267884309e-23,0.683617800110439,0.549,0.359,2.27447923623071e-18,"10","RORA"
9.54504416861474e-23,0.30796876498546,0.981,0.877,2.33395420010968e-18,"10","IFITM1"
1.92813185597477e-22,0.578637651179681,0.763,0.577,4.71466801422951e-18,"10","LEPROTL1"
3.93924941421138e-22,0.645662823358611,0.66,0.499,9.63225266762966e-18,"10","TMEM50A"
1.01424746883371e-21,0.673459215474313,0.596,0.415,2.48003791079219e-17,"10","CDC42SE2"
3.76444509341467e-21,0.574107252280543,0.674,0.514,9.20482114241756e-17,"10","IL2RG"
6.52838232840114e-21,0.510142796405792,0.78,0.613,1.59632004694065e-16,"10","CD69"
2.51015958669383e-20,0.381618391390731,0.911,0.822,6.13784222138376e-16,"10","CORO1A"
2.96574531385677e-20,0.576152231718102,0.676,0.505,7.25184044144258e-16,"10","MT2A"
3.48581985628423e-20,0.844937350641775,0.364,0.207,8.5235267125862e-16,"10","TRAT1"
4.9389285951669e-20,0.31353489781514,0.974,0.915,1.20766682009021e-15,"10","MYL6"
5.88221901009737e-20,0.537114005258624,0.716,0.556,1.43832019234901e-15,"10","GNG2"
5.91220772735777e-20,0.302636607013952,0.911,0.727,1.44565303349352e-15,"10","VIM"
6.13805691738294e-20,0.583604934572322,0.632,0.473,1.50087767743848e-15,"10","PSMB1"
7.77593778937863e-20,0.637137726407869,0.625,0.469,1.90137230825886e-15,"10","CYTIP"
1.01774993436649e-19,0.770565638525812,0.443,0.278,2.48860213951295e-15,"10","NFKBIZ"
1.07317683981097e-19,0.448349266748031,0.814,0.672,2.62413200870578e-15,"10","TGFB1"
3.24360414328083e-19,0.573919587568685,0.544,0.357,7.93126085115028e-15,"10","GIMAP7"
3.82211912881049e-19,0.424978014961673,0.768,0.581,9.34584569376742e-15,"10","SLC2A3"
4.04411249659153e-19,0.678909597848695,0.535,0.366,9.88866387666561e-15,"10","RELB"
4.70206339436391e-19,0.34816106996396,0.934,0.737,1.14974854118986e-14,"10","CREM"
5.05403391788136e-19,0.63712067472227,0.444,0.276,1.23581237360035e-14,"10","NDUFA11"
5.45588836339387e-19,0.32625298647379,0.829,0.642,1.33407382261707e-14,"10","CD52"
6.99674513609135e-19,0.841381403929282,0.334,0.188,1.71084412067706e-14,"10","BLOC1S1"
1.78037376307728e-18,0.985046268768614,0.287,0.155,4.35336992547657e-14,"10","PTMS"
1.78629927072447e-18,0.358800021210945,0.596,0.411,4.36785897677547e-14,"10","HSPH1"
5.30033324412298e-18,0.608125586258256,0.605,0.451,1.29603748485295e-13,"10","CLEC2B"
5.81257828036304e-18,0.537145317401175,0.692,0.539,1.42129164111437e-13,"10","DNAJB6"
7.15786983373668e-18,0.32886640680174,0.956,0.737,1.75024233174529e-13,"10","CD3E"
7.79588162453317e-18,0.59793926825269,0.559,0.393,1.90624897483085e-13,"10","GPBP1"
1.30980405083338e-17,0.499468641093507,0.524,0.351,3.20273286509777e-13,"10","RNF19A"
1.4314361770519e-17,0.836966285507843,0.408,0.263,3.5001477401273e-13,"10","NFKB2"
1.8746522391687e-17,0.903452405079971,0.282,0.154,4.5838996552153e-13,"10","GBP4"
3.11620077309868e-17,0.784325817549175,0.441,0.292,7.61973413038088e-13,"10","PDCL3"
4.12139379439976e-17,0.664527706732959,0.455,0.298,1.00776321060663e-12,"10","PIM3"
4.51584224698373e-17,1.01509482271482,0.26,0.138,1.10421374623246e-12,"10","NDUFB8"
5.55893217664154e-17,0.602225679543432,0.463,0.297,1.35927009583239e-12,"10","ANXA5"
5.68294139704555e-17,0.862894751634219,0.507,0.374,1.38959283040558e-12,"10","IFNGR1"
5.98624173270626e-17,0.657318904484907,0.394,0.238,1.46375582848134e-12,"10","CD5"
7.11138700681199e-17,0.412022973909153,0.733,0.563,1.73887635090567e-12,"10","ADGRE5"
1.06541462277566e-16,0.330128303228607,0.784,0.612,2.60515183561104e-12,"10","CCL4"
1.1829795252294e-16,0.379310038348035,0.81,0.641,2.89262153509093e-12,"10","PPDPF"
1.61203469487067e-16,0.670747904860285,0.455,0.309,3.94174723589776e-12,"10","PSMA1"
1.91786646635311e-16,0.771413773158056,0.289,0.158,4.68956708352663e-12,"10","HNRNPLL"
2.68482337126396e-16,0.526262070172391,0.671,0.514,6.56493010741463e-12,"10","ARL6IP5"
3.01837884982468e-16,0.630884653082713,0.611,0.473,7.38053996359131e-12,"10","G3BP2"
3.70526121969696e-16,0.786840358390089,0.336,0.2,9.060104734403e-12,"10","NCR3"
3.91346594499015e-16,0.41764908787967,0.803,0.693,9.5692069286899e-12,"10","COX6A1"
4.38379993405137e-16,0.574955321330633,0.58,0.435,1.07192675987424e-11,"10","TERF2IP"
4.78437113039656e-16,0.762670085628287,0.293,0.164,1.16987442880457e-11,"10","ICOS"
5.54234674910576e-16,0.554296704501167,0.566,0.418,1.35521462709134e-11,"10","PSMB3"
9.54366237764308e-16,0.425167359864701,0.77,0.644,2.33361632458129e-11,"10","ARPC1B"
1.05590694519501e-15,0.521451352824433,0.57,0.404,2.58190366239083e-11,"10","GSPT1"
1.22172817905349e-15,0.469104348821893,0.646,0.487,2.9873697434216e-11,"10","COTL1"
1.51794452095602e-15,0.417744778611878,0.754,0.62,3.71167794264165e-11,"10","COX7A2"
2.25250114741837e-15,0.44333310911602,0.608,0.435,5.5078158056674e-11,"10","GPR65"
2.39223655537785e-15,0.671081606868114,0.486,0.35,5.84949682520993e-11,"10","NDUFV2"
2.54854980738811e-15,0.655560330744011,0.472,0.329,6.23171398902541e-11,"10","CACYBP"
3.0682269031071e-15,0.692182519279508,0.418,0.279,7.50242842347749e-11,"10","GYG1"
3.34938425225932e-15,0.618499716662274,0.453,0.31,8.18991437362448e-11,"10","UBE2L6"
5.5542139172189e-15,0.680645938067469,0.49,0.353,1.35811638703837e-10,"10","BAX"
7.00098614094972e-15,0.664974158330878,0.425,0.291,1.71188113118503e-10,"10","PSMB2"
1.02567185818998e-14,0.373228736512072,0.808,0.664,2.50797282764613e-10,"10","RARRES3"
1.05328388148477e-14,0.413945837514156,0.653,0.473,2.57548974700656e-10,"10","SPOCK2"
1.13654981664053e-14,0.671560439315516,0.413,0.278,2.77909161164943e-10,"10","HMGB2"
1.14263936258142e-14,0.450653513854385,0.744,0.616,2.79398176938408e-10,"10","PGK1"
1.72250513594001e-14,0.437063722887181,0.709,0.595,4.21186955840052e-10,"10","SEC61B"
2.39068682133097e-14,0.660187764461296,0.467,0.335,5.84570741551848e-10,"10","TRIM22"
5.414206789388e-14,0.649851290151704,0.298,0.173,1.32388184414115e-09,"10","PDCD1"
6.93388505185302e-14,0.375117379046908,0.775,0.646,1.6954735728791e-09,"10","UBE2D3"
1.18397086708623e-13,0.418291209511894,0.707,0.558,2.89504556419924e-09,"10","BZW1"
1.29033482418627e-13,0.256324915150834,0.993,0.937,3.15512671210028e-09,"10","BTG1"
2.54798858271332e-13,0.542557677344428,0.469,0.328,6.23034168245061e-09,"10","PARP8"
3.27587235703114e-13,0.345142318380003,0.817,0.705,8.01016308741254e-09,"10","SUMO2"
4.02988891371187e-13,0.484614850541994,0.436,0.288,9.85388437180827e-09,"10","CD6"
4.51350094341832e-13,0.438715896029576,0.641,0.505,1.10364125068465e-08,"10","SNRPG"
4.54947047090633e-13,0.344868765846318,0.838,0.684,1.11243651954602e-08,"10","SELENOK"
5.07512022948674e-13,0.752894894122918,0.289,0.176,1.2409683985141e-08,"10","PRKX"
6.67155049892841e-13,0.716964572574223,0.267,0.156,1.63132752799797e-08,"10","SYTL2"
7.86274457440013e-13,0.371857418062464,0.552,0.399,1.92259830333232e-08,"10","SMAP2"
1.02378132562949e-12,0.336508746779989,0.768,0.65,2.50335009742924e-08,"10","GUK1"
1.07966286293043e-12,0.363849727520305,0.634,0.5,2.63999163243749e-08,"10","LDHB"
1.09672531881301e-12,0.653708394641746,0.368,0.244,2.68171274956157e-08,"10","CRYBG1"
1.10585939437175e-12,0.373934358808236,0.753,0.641,2.70404739111781e-08,"10","COX6C"
1.27139011198889e-12,0.691665305326525,0.326,0.207,3.10880310183524e-08,"10","PHLDA1"
1.29904620590606e-12,0.504379338664006,0.479,0.344,3.17642778268151e-08,"10","PPP2CA"
1.3140678855322e-12,0.603314442536273,0.334,0.212,3.21315879370333e-08,"10","IL21R"
1.33903751483586e-12,0.456959815497378,0.524,0.386,3.27421453127665e-08,"10","PPP1R2"
1.59051184775335e-12,0.495331562146847,0.643,0.513,3.8891195701265e-08,"10","PRF1"
1.63221590320181e-12,0.405000081866823,0.617,0.477,3.99109432650908e-08,"10","SEPT1"
1.66929058317818e-12,0.498679805848988,0.556,0.417,4.08174933398728e-08,"10","RNF149"
2.82856795609898e-12,0.671160518705361,0.328,0.21,6.91641436625324e-08,"10","STIP1"
3.85653228069889e-12,0.416841465221154,0.653,0.544,9.42999273276493e-08,"10","COX8A"
4.77364171576702e-12,0.401446636237226,0.444,0.301,1.16725087233935e-07,"10","HOPX"
5.59263729598252e-12,0.279749004719075,0.949,0.79,1.36751167161365e-07,"10","CST7"
5.94159616092559e-12,0.26511100255141,0.941,0.84,1.45283909326952e-07,"10","YWHAZ"
8.52149911027706e-12,0.325399807886134,0.814,0.727,2.08367696244495e-07,"10","PPIB"
9.69517368140520e-12,0.4488010978294,0.495,0.353,2.3706638685772e-07,"10","SOCS1"
1.29773197578724e-11,0.363951678447202,0.754,0.636,3.17321422719497e-07,"10","RAN"
2.07608666920177e-11,0.618078628252197,0.267,0.162,5.07644712353217e-07,"10","OTULIN"
2.48486467373688e-11,0.534140399590971,0.345,0.227,6.07599110022143e-07,"10","TM2D3"
2.50775198761633e-11,0.550306626841416,0.369,0.249,6.13195516011945e-07,"10","PFKFB3"
2.53113038949482e-11,0.259248093926868,0.915,0.815,6.18912002839273e-07,"10","ZFP36"
3.43119391789238e-11,0.517329370136828,0.503,0.383,8.38995536803046e-07,"10","ERH"
3.54343034116443e-11,0.57784437791393,0.411,0.295,8.66439587021527e-07,"10","UBE2V1"
3.91571314644917e-11,0.563651383757746,0.357,0.24,9.57470178569752e-07,"10","PLIN2"
4.21870560896493e-11,0.305812970465943,0.61,0.444,1.0315578955041e-06,"10","PDE4B"
4.511674687551e-11,0.591453606700765,0.328,0.218,1.10319469459997e-06,"10","STX11"
5.10674777290383e-11,0.471166434373375,0.423,0.297,1.24870196543045e-06,"10","MRPL41"
5.17012628074649e-11,0.395899876363652,0.603,0.485,1.26419927816813e-06,"10","SEC61G"
6.70074068921050e-11,0.394040874655921,0.699,0.557,1.63846511332575e-06,"10","PDCD4"
6.77463987569456e-11,0.386330569525023,0.411,0.28,1.65653494240483e-06,"10","LGALS1"
1.2308239824599e-10,0.282044887245226,0.831,0.753,3.00961080191095e-06,"10","ARPC3"
1.35999838631146e-10,0.26767962679825,0.855,0.752,3.32546805420877e-06,"10","SKP1"
1.38543628310381e-10,0.920030344773547,0.347,0.249,3.38766879944544e-06,"10","MTHFD2"
1.74430317276415e-10,0.628443886558459,0.319,0.215,4.26517011804291e-06,"10","C4orf48"
1.869913454533e-10,0.332763098332513,0.704,0.586,4.57231237902409e-06,"10","CD53"
2.14524732733315e-10,0.313483514348026,0.528,0.37,5.24555876479501e-06,"10","GZMH"
2.88368592429521e-10,0.338657921808272,0.449,0.32,7.05118882208665e-06,"10","TSPO"
4.65709711714596e-10,0.68660098576802,0.58,0.509,1.13875338708453e-05,"10","KLRB1"
4.71980539608398e-10,0.462683365704755,0.455,0.336,1.15408681545045e-05,"10","MZT2A"
4.81322948609149e-10,0.320829300982914,0.739,0.629,1.17693087393909e-05,"10","UQCR11"
4.90266696598163e-10,0.525863033401,0.263,0.163,1.19880012652183e-05,"10","TRAF1"
5.17598462783165e-10,0.506458575243556,0.51,0.392,1.2656317611974e-05,"10","TAP1"
5.60122070150741e-10,0.372202462791769,0.611,0.483,1.36961048593259e-05,"10","STK17A"
7.04369260351404e-10,0.583293909027118,0.274,0.175,1.72232371541125e-05,"10","MAP4K1"
8.58517696089285e-10,0.542323790730897,0.348,0.241,2.09924747047752e-05,"10","AHSA1"
8.77458992950973e-10,0.286837886349386,0.821,0.695,2.14556272956372e-05,"10","UQCRB"
8.81958289490422e-10,0.258741061811956,0.845,0.78,2.15656440946198e-05,"10","ATP5MG"
1.07594982348445e-09,0.489572117790479,0.348,0.238,2.63091250838417e-05,"10","IDH2"
1.31599480547062e-09,0.302275971311072,0.552,0.405,3.21787049833676e-05,"10","CD3G"
1.58538047849084e-09,0.368321877637188,0.664,0.542,3.87657234600579e-05,"10","EMD"
1.59147947339772e-09,0.388392740425737,0.521,0.402,3.8914856083521e-05,"10","ABRACL"
1.8366621961383e-09,0.506250683587424,0.439,0.332,4.49100640199736e-05,"10","RAP1A"
2.23793143138356e-09,0.363466186076934,0.564,0.457,5.47218993601909e-05,"10","H2AFV"
2.63354913643231e-09,0.307476681972623,0.399,0.27,6.43955434840428e-05,"10","GZMB"
3.31107142866486e-09,0.279967921174717,0.763,0.629,8.09623185737131e-05,"10","MCL1"
3.57140610931818e-09,0.399318932446508,0.387,0.27,8.73280221850483e-05,"10","FKBP11"
4.05813876483742e-09,0.576380961157531,0.303,0.209,9.92296090778045e-05,"10","MRPL47"
4.28293953632665e-09,0.446463565199638,0.503,0.396,0.000104726437542259,"10","CAPZA1"
4.64567252042238e-09,0.553393182982922,0.3,0.201,0.000113595984469368,"10","RAB9A"
4.9325736968107e-09,0.568351048936354,0.394,0.292,0.000120611292034415,"10","CASP4"
5.02713918668235e-09,0.336712881509751,0.66,0.546,0.000122923607392757,"10","UBE2B"
5.10357789575845e-09,0.302294843893498,0.437,0.315,0.000124792686707086,"10","KDM6B"
6.18181824922989e-09,0.53548959854985,0.315,0.218,0.000151157819830169,"10","HIF1A"
8.5401269657528e-09,0.324718223424741,0.69,0.595,0.000208823184566587,"10","RBM8A"
1.00529665858665e-08,0.407276774006973,0.467,0.362,0.000245815138957607,"10","EIF3M"
1.05025814542119e-08,0.339388219468539,0.561,0.44,0.000256809121718388,"10","SPCS2"
1.59895922873383e-08,0.508228281820893,0.382,0.283,0.000390977510609996,"10","DYNLT1"
1.64054868527212e-08,0.310667072994794,0.646,0.533,0.000401146964522739,"10","HNRNPF"
1.782694815913e-08,0.540742139554536,0.326,0.229,0.000435904536387047,"10","GBP2"
1.97207353964256e-08,0.382845735012197,0.462,0.349,0.000482211421913398,"10","CKLF"
2.24294996449442e-08,0.304845991143078,0.364,0.25,0.000548446125318176,"10","KLRG1"
2.3613340043213e-08,0.449530415644288,0.509,0.42,0.000577393390736643,"10","GHITM"
2.66774755170329e-08,0.349574004431387,0.645,0.561,0.000652317631342489,"10","PTGES3"
2.68786956407523e-08,0.505630578655568,0.411,0.316,0.000657237865807675,"10","UBE2A"
2.76483781986495e-08,0.295102458609448,0.519,0.401,0.000676058143713378,"10","STAT4"
3.88116903405757e-08,0.429838053634034,0.429,0.329,0.000949023452207757,"10","OSTC"
4.1771524792192e-08,0.418738826070137,0.402,0.298,0.00102139732421868,"10","PLP2"
5.27573260242786e-08,0.565645706567919,0.28,0.193,0.00129002213594566,"10","SUMO3"
7.15400118920814e-08,0.425184571880298,0.455,0.347,0.00174929637078518,"10","ISG15"
8.16742365755131e-08,0.421780026195105,0.526,0.43,0.00199709843274445,"10","NDUFA13"
8.33629844756007e-08,0.36001292539889,0.476,0.363,0.00203839169639739,"10","SLA"
9.49678539588282e-08,0.489624216176294,0.31,0.219,0.00232215396500127,"10","VAMP5"
1.06056298608388e-07,0.470584033689893,0.385,0.29,0.0025932886135723,"10","STOM"
1.11730489677538e-07,0.285424623204221,0.625,0.528,0.00273203393359515,"10","CAP1"
1.31469805210567e-07,0.407082810916757,0.284,0.192,0.00321469967700877,"10","ACAA2"
1.46474742057073e-07,0.534582457661395,0.312,0.222,0.00358160039277955,"10","ERN1"
1.54304467645913e-07,0.492309976674023,0.321,0.23,0.00377305284287787,"10","PPA1"
1.7560754134464e-07,0.313268457329408,0.611,0.515,0.00429395560095915,"10","ENO1"
1.84706482067077e-07,0.359214610526216,0.535,0.444,0.00451644289950418,"10","ARF4"
2.09235468098073e-07,0.496947288294093,0.348,0.257,0.00511622566593408,"10","SERPINB9"
2.26680920652497e-07,0.506218082005503,0.282,0.196,0.00554280187179487,"10","S1PR4"
2.57988621434575e-07,0.515006987365229,0.272,0.188,0.00630833777131823,"10","P2RY10"
2.7373613221043e-07,0.536199101629576,0.27,0.186,0.00669339590480944,"10","TWISTNB"
2.87946850909425e-07,0.555964494384768,0.272,0.19,0.00704087639843727,"10","TMEM167A"
3.26721740648532e-07,0.410512536942387,0.38,0.286,0.00798900000233791,"10","RHOF"
3.80274050387507e-07,0.385162810635896,0.43,0.338,0.00929846108007532,"10","ACTN4"
3.91664752577736e-07,0.402304512784145,0.303,0.213,0.0095769865300308,"10","LYAR"
3.9479558702667e-07,0.354296550951705,0.443,0.344,0.00965354169397613,"10","MAT2B"
4.09898695002868e-07,0.376791208994163,0.373,0.273,0.0100228428902101,"10","GIMAP4"
4.86473767492783e-07,0.333635056873052,0.432,0.336,0.0118952565627335,"10","TMED2"
5.40974363650033e-07,0.337275605974416,0.566,0.472,0.0132279051399706,"10","PTP4A2"
6.18916085486059e-07,0.268644065606013,0.993,0.963,0.0151337361223051,"10","FTH1"
6.34787911776567e-07,0.4872171151644,0.308,0.227,0.0155218340187606,"10","PSMA4"
6.98817597473584e-07,0.418574628177295,0.305,0.218,0.0170874878934241,"10","ARID5B"
7.43365881699236e-07,0.334033879143479,0.422,0.327,0.0181767825393097,"10","COX17"
7.51023112588125e-07,0.263336976345369,0.531,0.431,0.0183640171490048,"10","TRAPPC1"
8.1553979045369e-07,0.273805259224599,0.535,0.431,0.0199415789561736,"10","CCNH"
8.51278182292889e-07,0.43953360190265,0.418,0.337,0.0208154541134257,"10","PSMA5"
8.86591973144084e-07,0.527895950143574,0.38,0.298,0.0216789469273192,"10","TCP1"
8.9468363820749e-07,0.461757348668437,0.366,0.28,0.0218768043214495,"10","DNAJB9"
9.09087158065193e-07,0.513273016359326,0.261,0.183,0.0222289991890101,"10","DECR1"
1.2720123293098e-06,0.373124066748064,0.449,0.358,0.0311032454762832,"10","TRAM1"
1.42648499910653e-06,0.391211111274608,0.46,0.374,0.0348804111981529,"10","FMNL1"
1.55613128267436e-06,0.354815831990415,0.483,0.392,0.0380505221239534,"10","NEDD8"
1.76261449971103e-06,0.367390862892165,0.516,0.437,0.043099449746934,"10","HNRNPUL1"
1.83452555708136e-06,0.373763056732796,0.274,0.192,0.0448578189217535,"10","CAMK4"
1.84804983554216e-06,0.387789137050753,0.535,0.449,0.0451885145786769,"10","SAMSN1"
1.95877376552365e-06,0.334604435558102,0.467,0.375,0.0478959361145843,"10","NAP1L1"
1.98037157100268e-06,0.507828516527963,0.321,0.244,0.0484240456541575,"10","STARD7"
2.03489465812763e-06,0.35609177935598,0.397,0.31,0.0497572441805368,"10","ANXA2"
2.035738275411e-06,0.302448304577247,0.582,0.502,0.0497778723103498,"10","PARK7"
2.30782355463936e-06,0.280872309436353,0.505,0.416,0.0564309015580417,"10","ARF5"
2.56655216060959e-06,0.284307056204225,0.564,0.467,0.0627573334312256,"10","PKM"
3.38005291614314e-06,0.26003921200652,0.51,0.412,0.0826490539055321,"10","EFHD2"
3.55043053800216e-06,0.326849933179947,0.476,0.386,0.0868151275152288,"10","ELOVL5"
4.24282855584157e-06,0.311833707567559,0.439,0.348,0.103745643847438,"10","PDIA6"
4.52871765910362e-06,0.418738965113552,0.411,0.337,0.110736204200402,"10","SNRPB2"
6.14353475708761e-06,0.280056458122803,0.446,0.354,0.150221711880306,"10","CNOT6L"
6.47840034500629e-06,0.363902539942839,0.404,0.321,0.158409845236094,"10","PPP4C"
6.70745573076914e-06,0.338349275394256,0.46,0.371,0.164010707528767,"10","GLIPR1"
6.87321990598061e-06,0.412794509835128,0.268,0.194,0.168063973141038,"10","SC5D"
6.93200901949723e-06,0.401670885019295,0.383,0.305,0.169501484544746,"10","YWHAE"
7.02304331893322e-06,0.493794476646099,0.263,0.192,0.171727455234555,"10","TRAPPC4"
7.9842162877393e-06,0.373675379918163,0.416,0.343,0.195230056667801,"10","UBE2N"
9.43646676687272e-06,0.362133546376909,0.317,0.236,0.230740485383572,"10","TMC6"
9.56992909035425e-06,0.320915030737715,0.547,0.48,0.234003906117342,"10","ATP5MC3"
1.0727007482085e-05,0.336910672481119,0.486,0.402,0.262296786951942,"10","ATP5PF"
1.32369061648849e-05,0.30353348610677,0.465,0.381,0.323668829543767,"10","REEP5"
1.39167580647622e-05,0.258459053212775,0.523,0.438,0.340292568199566,"10","SRSF9"
1.44223490492885e-05,0.424003601489286,0.287,0.216,0.352655278953202,"10","RASA2"
1.50121275570817e-05,0.34177874143529,0.347,0.266,0.367076543025761,"10","C12orf75"
1.57601367157826e-05,0.299019655974172,0.498,0.418,0.385366862974316,"10","RSL24D1"
1.65519158777628e-05,0.380791223120025,0.369,0.294,0.404727447043056,"10","COPB1"
1.70582888362482e-05,0.395786541607492,0.343,0.269,0.417109278623941,"10","NAA50"
1.71408568321594e-05,0.333925258698601,0.469,0.396,0.419128231259963,"10","TBCA"
1.81434340616561e-05,0.381208045835093,0.458,0.384,0.443643249675614,"10","JPT1"
2.07721930804489e-05,0.45432630470051,0.361,0.291,0.507921665203137,"10","SUPT4H1"
2.09155059476235e-05,0.343135529583746,0.35,0.273,0.51142595143129,"10","JMJD6"
2.12995482760456e-05,0.360458217596676,0.439,0.367,0.520816554445866,"10","NDUFA6"
2.57150397436033e-05,0.401732626101307,0.263,0.192,0.628784151810587,"10","CD28"
2.788001735049e-05,0.349306988460166,0.404,0.328,0.681722184254183,"10","BAZ1A"
2.94761630724823e-05,0.412650582565357,0.326,0.258,0.720751139448338,"10","RHEB"
2.96631803826798e-05,0.339585883900578,0.395,0.318,0.725324086717287,"10","CHURC1"
3.68338447318078e-05,0.423149173461177,0.303,0.234,0.900661171382165,"10","GTF3C6"
3.73904033759647e-05,0.25048812512382,0.592,0.506,0.91427014334909,"10","GSTK1"
4.06842979823542e-05,0.311990324174186,0.526,0.461,0.994812454264524,"10","PSMB8"
4.16023379178217e-05,0.457667882941755,0.253,0.189,1,"10","EIF4E"
4.46879330797318e-05,0.382235535329402,0.307,0.235,1,"10","IFI27L2"
4.93604072165666e-05,0.254534324326974,0.578,0.502,1,"10","ARHGDIA"
5.19873010423794e-05,0.351244984656494,0.34,0.264,1,"10","ARAP2"
5.71970972011366e-05,0.414237048280587,0.308,0.242,1,"10","RAB11A"
5.77189761289821e-05,0.39142370461458,0.312,0.248,1,"10","RER1"
5.90665822945275e-05,0.396516877302949,0.254,0.188,1,"10","PIK3IP1"
5.92845333744624e-05,0.330659796579952,0.298,0.226,1,"10","OCIAD2"
5.96546822818993e-05,0.339365635241255,0.331,0.262,1,"10","CLTB"
7.10124354189907e-05,0.301056668906437,0.432,0.365,1,"10","SUMO1"
7.15897733515563e-05,0.337786506889258,0.343,0.274,1,"10","PSMD7"
8.58431717557201e-05,0.377715370587349,0.357,0.289,1,"10","SDF4"
9.90175609554451e-05,0.283228011465066,0.371,0.299,1,"10","SNRPD1"
0.000104268642722722,0.396524421349144,0.254,0.191,1,"10","PSMD11"
0.00010863013165329,0.410757766649722,0.307,0.242,1,"10","SSR1"
0.000121928761558611,0.3261346929989,0.401,0.329,1,"10","POLR2K"
0.000122716133158368,0.431824456494085,0.256,0.195,1,"10","PSMC1"
0.000122822856670622,0.266684955640519,0.317,0.246,1,"10","GPRIN3"
0.000149235568202251,0.33862502537418,0.404,0.337,1,"10","HNRNPL"
0.00016139438200006,0.25442699286591,0.395,0.324,1,"10","PPP1CB"
0.000192069544249437,0.310509458119679,0.436,0.377,1,"10","GABARAPL2"
0.000234844734018013,0.366277763886196,0.258,0.199,1,"10","RBM42"
0.000282331465590685,0.319044583066602,0.324,0.259,1,"10","PSMD13"
0.000326146577057041,0.346796364701513,0.317,0.256,1,"10","PPP1CC"
0.000328405254505749,0.289333150730293,0.301,0.236,1,"10","TMEM123"
0.000346723643080185,0.317346876719929,0.439,0.373,1,"10","EIF1AX"
0.000347161682745274,0.28770862646291,0.415,0.352,1,"10","ATP5F1C"
0.000350048719167516,0.274417460472226,0.328,0.265,1,"10","TALDO1"
0.000358985641404287,0.266571256876475,0.439,0.374,1,"10","ILF2"
0.000365159119466295,0.363854209855431,0.265,0.205,1,"10","NDUFC2"
0.000371355080987322,0.25963891767712,0.382,0.317,1,"10","OPTN"
0.000378564074735638,0.35196827163303,0.265,0.207,1,"10","ATRAID"
0.00040870196137928,0.295501956749802,0.338,0.277,1,"10","HM13"
0.000450780614797816,0.282963302758948,0.42,0.36,1,"10","PRDX6"
0.000520597410946049,0.288340235703521,0.293,0.232,1,"10","RGS10"
0.000522088738635594,0.333199896153669,0.279,0.219,1,"10","SSBP4"
0.000530738326859034,0.320774697043532,0.333,0.27,1,"10","H1FX"
0.000577512140170467,0.288553506851596,0.373,0.311,1,"10","ADRM1"
0.000689399910884329,0.253125869450795,0.35,0.291,1,"10","CCT8"
0.000777751484726194,0.368757177118385,0.294,0.242,1,"10","TNIP1"
0.000832424791485192,0.264292063492612,0.26,0.202,1,"10","NCKAP1L"
0.000907252962852215,0.313767704857334,0.486,0.437,1,"10","RHOG"
0.000916011543452743,0.33186552439532,0.272,0.221,1,"10","DNAJC15"
0.000930753291067865,0.270833276078481,0.26,0.204,1,"10","PDCD10"
0.000996870178698624,0.364649273998664,0.282,0.226,1,"10","TNFAIP8"
0.00110108044944527,0.261368441387107,0.308,0.249,1,"10","UQCRC2"
0.00114734817818484,0.310701390451443,0.286,0.233,1,"10","TMEM248"
0.00120071535034849,0.396121414692033,0.258,0.207,1,"10","MORF4L2"
0.00123706674013211,0.42741649894963,0.253,0.202,1,"10","SAR1B"
0.00123756677346783,0.340358600078373,0.298,0.243,1,"10","TXNL1"
0.00127189852295733,0.292534699493321,0.382,0.32,1,"10","APOBEC3G"
0.00129379358932337,0.342954082056335,0.275,0.223,1,"10","SDHC"
0.00133729503025861,0.308497619720346,0.28,0.226,1,"10","PAF1"
0.00158787504119974,0.290453935988533,0.326,0.269,1,"10","DUT"
0.0016672761733509,0.290963154034566,0.298,0.244,1,"10","SEC11C"
0.00167565950312794,0.290440700778496,0.34,0.286,1,"10","SLBP"
0.00230183625226435,0.267634696900212,0.294,0.243,1,"10","CAPN2"
0.00236701073860537,0.25916596924042,0.354,0.303,1,"10","NDUFS7"
0.00240259709650097,0.285308286526047,0.293,0.239,1,"10","DGUOK"
0.00255791861674464,0.289112851252497,0.385,0.338,1,"10","AURKAIP1"
0.00282784687064703,0.263027677899887,0.317,0.266,1,"10","DNAJA2"
0.00310896841369408,0.340376882675046,0.399,0.358,1,"10","PSMA6"
0.00366552497177022,0.306586568034184,0.267,0.219,1,"10","SRP54"
0.00395838582980069,0.269270605167313,0.322,0.273,1,"10","MDH1"
0.00478574809990947,0.329683847561741,0.274,0.228,1,"10","CHCHD10"
0.00755078669125608,0.267611338719518,0.385,0.337,1,"10","SLC3A2"
0.00776397724596571,0.283331540794471,0.279,0.234,1,"10","HERPUD2"
0.00889225995244329,0.258764412074198,0.272,0.229,1,"10","RNF114"
0.00981358416762768,0.27291354722675,0.256,0.215,1,"10","SLC16A3"
0,3.80332213866546,0.565,0.06,0,"11","CTLA4"
0,6.74544483951229,0.383,0.006,0,"11","FOXP3"
6.53180295019356e-247,4.19895468611632,0.334,0.029,1.59715645738133e-242,"11","TBC1D4"
2.59969131146494e-221,2.7426187104218,0.735,0.168,6.35676519479408e-217,"11","DUSP4"
7.75929471175782e-194,3.60275508123507,0.543,0.101,1.89730274291902e-189,"11","TNFRSF4"
1.90532983407718e-185,3.89722561823502,0.354,0.043,4.65891251028551e-181,"11","GK"
6.13407875909832e-166,3.69063576543791,0.29,0.032,1.49990493817472e-161,"11","LAYN"
2.47150876959436e-144,2.54843258676618,0.612,0.159,6.04333324341212e-140,"11","ICOS"
4.10585383267708e-143,3.30643023703457,0.467,0.097,1.0039633791662e-138,"11","TNFRSF18"
4.52800328850221e-139,2.92489898216435,0.405,0.072,1.10718736410456e-134,"11","CD4"
2.4137413554191e-137,3.22548762233644,0.516,0.125,5.90208036227078e-133,"11","BATF"
2.62867212457421e-120,3.29206199033651,0.297,0.045,6.42762907900886e-116,"11","GEM"
9.66516689832532e-111,2.1943723531416,0.631,0.212,2.36332660997851e-106,"11","ARID5B"
2.67515229975781e-92,2.14923539911084,0.644,0.25,6.54128240336781e-88,"11","TIGIT"
1.97543024117826e-91,1.87792883887901,0.6,0.207,4.83032202572908e-87,"11","CD27"
8.40225755006537e-90,2.00577747826653,0.531,0.167,2.05452001614198e-85,"11","SNX9"
3.98790260668234e-89,2.44876955873893,0.373,0.087,9.75121945385966e-85,"11","DUSP16"
2.16924036046561e-84,2.28242334401424,0.528,0.182,5.3042265294105e-80,"11","CORO1B"
2.21682152140892e-76,2.12267150426512,0.423,0.121,5.4205719841491e-72,"11","CD82"
2.64909926748245e-66,1.33539049642812,0.806,0.471,6.47757752884808e-62,"11","SPOCK2"
9.23928422699221e-65,2.29503668139538,0.359,0.104,2.25918977918414e-60,"11","DNPH1"
2.48162249132488e-61,1.62330033324581,0.725,0.408,6.06806331578758e-57,"11","ITM2A"
6.67483019222622e-58,2.28615954636119,0.305,0.083,1.63212947860315e-53,"11","STAM"
2.23877012499188e-57,1.49762323136833,0.767,0.497,5.47424070963015e-53,"11","NR3C1"
1.1461367401586e-56,1.04766923716393,0.966,0.812,2.80253355703581e-52,"11","IL32"
1.91763892778975e-53,2.17386591465678,0.585,0.308,4.6890107062315e-49,"11","CARD16"
3.76141841280501e-53,0.572567551650875,1,0.991,9.19742030299082e-49,"11","HLA-A"
3.89048791680997e-52,2.31455281671415,0.268,0.071,9.51302105418374e-48,"11","NAB1"
2.99340489121156e-48,0.749819310112472,0.98,0.935,7.31947363999051e-44,"11","UBC"
6.20561793006912e-47,1.54638040600033,0.627,0.349,1.5173976962605e-42,"11","CDKN1B"
1.45891503879795e-46,1.91641264554502,0.356,0.125,3.56733905286875e-42,"11","MIR4435-2HG"
6.55854467820864e-43,1.55383977071289,0.45,0.189,1.60369534471558e-38,"11","CD28"
4.81116436605029e-41,1.5396768934225,0.56,0.287,1.17642591078662e-36,"11","PBXIP1"
2.67497340024075e-40,1.56896168271817,0.44,0.192,6.54084495826868e-36,"11","RHBDD2"
3.21894337423199e-36,1.77457860909645,0.346,0.137,7.87096033867207e-32,"11","IL6ST"
9.43602987932431e-35,1.01064358821544,0.725,0.483,2.30729802609238e-30,"11","CD2"
4.36012608234119e-34,0.972105962356734,0.658,0.388,1.06613802965407e-29,"11","RGS1"
8.6233665037476e-34,1.78165614796091,0.364,0.155,2.10858557749636e-29,"11","TNIK"
3.34021293903707e-33,1.36071688512182,0.484,0.238,8.16748867853345e-29,"11","CD5"
3.68638250729369e-33,1.64312337869945,0.356,0.15,9.01394250683453e-29,"11","EPSTI1"
1.80079606494028e-32,1.70236685356267,0.329,0.133,4.40330653799198e-28,"11","TLK1"
5.91021819596954e-32,1.66614054382792,0.337,0.138,1.44516655327847e-27,"11","FAS"
9.30561309545357e-32,1.83846639188255,0.275,0.1,2.27540851410031e-27,"11","TMEM173"
4.35077758629731e-30,1.39873105315604,0.45,0.227,1.06385213540142e-25,"11","GBP2"
1.40578394715445e-28,1.70499884560116,0.256,0.094,3.43742290758206e-24,"11","PHTF2"
1.73452729096878e-28,0.268865798429915,1,1,4.24126613187686e-24,"11","B2M"
6.22393244565524e-27,0.750684982499941,0.671,0.405,1.52187596161162e-22,"11","LTB"
2.01655950203812e-26,1.22622127152621,0.536,0.329,4.93089129438361e-22,"11","CACYBP"
1.19212019855156e-25,0.543895455516354,0.946,0.889,2.91497230949828e-21,"11","SARAF"
1.55992396784981e-25,0.651484882744759,0.924,0.739,3.81432608618635e-21,"11","CREM"
4.44141078934592e-25,1.27188304127177,0.631,0.467,1.08601376621086e-20,"11","PKM"
8.3800113923139e-25,1.19093711948116,0.543,0.335,2.04908038564859e-20,"11","GBP5"
9.59900645833288e-25,1.31367626525562,0.346,0.158,2.34714905919156e-20,"11","HNRNPLL"
1.13387307979993e-24,1.00343275214857,0.6,0.388,2.77254645472678e-20,"11","RHOH"
6.78556360300521e-24,1.34513823707987,0.354,0.171,1.65920601220683e-19,"11","LIMS1"
8.83969094060603e-24,1.12876155063352,0.378,0.181,2.16148122879699e-19,"11","TOX"
9.39724016295196e-23,0.705870075552495,0.85,0.753,2.29781316464501e-18,"11","YWHAB"
9.0041424811334e-22,1.26793191522963,0.332,0.159,2.20169291948674e-17,"11","IGFLR1"
1.13727271933869e-20,0.916468687941134,0.572,0.389,2.78085925332696e-16,"11","APBB1IP"
7.50722241307963e-20,1.43288310827396,0.28,0.128,1.83566602444623e-15,"11","MAF"
9.25078452336796e-20,0.783714084393039,0.705,0.534,2.26200183165393e-15,"11","STK17B"
1.21405217646818e-19,0.795681918853865,0.686,0.547,2.96860038189999e-15,"11","UBE2B"
2.24745237886718e-19,1.16846889872561,0.359,0.187,5.49547055680603e-15,"11","P2RY10"
2.35354833753104e-19,1.27790657115912,0.253,0.112,5.7548963949309e-15,"11","MT1E"
3.8739940091603e-19,1.56869242177746,0.292,0.144,9.47269015119876e-15,"11","PMAIP1"
5.18297174349996e-19,0.859248813198347,0.631,0.471,1.26734025072061e-14,"11","CYTIP"
1.0798054448283e-18,0.759750950506894,0.708,0.587,2.64034027369415e-14,"11","SOD1"
1.40306996655374e-18,0.945154661944787,0.278,0.127,3.4307866822172e-14,"11","CTSB"
1.68713426989175e-18,1.2730632841875,0.405,0.238,4.1253807167393e-14,"11","CNIH1"
3.27233282260287e-18,0.847914225588335,0.59,0.405,8.00150821782855e-14,"11","GSPT1"
1.2191778749425e-17,0.650813562751243,0.754,0.645,2.98113373980941e-13,"11","ARPC1B"
1.59598505120985e-17,1.39440266394802,0.256,0.12,3.90250264721832e-13,"11","BACH1"
2.43611125515491e-17,1.06959305683617,0.3,0.145,5.95677924110479e-13,"11","SIRPG"
2.63574901865556e-17,0.856553212138702,0.636,0.495,6.44493350041658e-13,"11","TNFRSF1B"
2.21589045207981e-16,0.867048345512334,0.477,0.297,5.41829533342556e-12,"11","LAT"
2.74387678291536e-16,0.577698790516681,0.816,0.735,6.70932750958463e-12,"11","LAPTM5"
7.34999017924802e-16,0.499066117279487,0.799,0.602,1.79721959862973e-11,"11","CD3D"
8.7917694754712e-16,0.838365956440237,0.612,0.448,2.14976347214222e-11,"11","SAMSN1"
1.37035481255848e-15,0.829034140474054,0.568,0.41,3.350791587668e-11,"11","CALM3"
1.43285168417447e-15,0.730118802427028,0.582,0.418,3.50360893814341e-11,"11","PRDX1"
1.76143448328836e-15,0.824959319964174,0.435,0.266,4.30705959853671e-11,"11","PPM1G"
2.12409496044315e-15,0.71743506627563,0.818,0.746,5.19383699727558e-11,"11","JUNB"
4.1427968947877e-15,0.528621377718149,0.791,0.691,1.01299669671349e-10,"11","FXYD5"
1.33094033704642e-14,0.993702610848157,0.491,0.332,3.2544153121459e-10,"11","RAP1A"
5.54430602572094e-14,0.917737582956406,0.423,0.278,1.35569370940928e-09,"11","NAMPT"
1.22140745962901e-13,0.412696032588237,0.83,0.658,2.98658552028484e-09,"11","EZR"
1.6884973578309e-13,1.08363804830501,0.31,0.174,4.12871373936811e-09,"11","PDCD1"
2.09150067153249e-13,0.337828095320114,0.988,0.937,5.11413744203126e-09,"11","BTG1"
2.80257444049595e-13,0.778274798650104,0.541,0.381,6.8528550219007e-09,"11","STAT3"
2.81322685514625e-13,0.624644656110363,0.654,0.498,6.8789023062036e-09,"11","LCK"
2.95160121325273e-13,1.04992255117762,0.292,0.161,7.21725528664557e-09,"11","BTG3"
4.96898170067944e-13,0.83504760703275,0.496,0.338,1.21501540545014e-08,"11","STAT1"
7.07634640290472e-13,0.607331352457005,0.654,0.547,1.73030822243826e-08,"11","SAT1"
8.74314043013673e-13,1.02553925384793,0.314,0.184,2.13787269797703e-08,"11","WDR74"
8.99193886853568e-13,0.758625432106544,0.506,0.36,2.19870889213435e-08,"11","RNASET2"
9.80656069735552e-13,1.10618414348115,0.307,0.174,2.39790022171737e-08,"11","CMTM7"
1.11237842461523e-12,0.364970741465857,0.811,0.644,2.71998772386917e-08,"11","CD52"
1.35801447603056e-12,1.03980540386383,0.327,0.192,3.32061699678993e-08,"11","CASP1"
1.70845404768115e-12,0.792762715050186,0.536,0.387,4.17751183738995e-08,"11","PPP1R2"
1.95444978955595e-12,0.957382411523639,0.595,0.491,4.77902062542222e-08,"11","CTSC"
2.17774795832001e-12,0.477466226458242,0.74,0.608,5.32502930768408e-08,"11","TSC22D3"
3.02231753416218e-12,0.909299944190943,0.29,0.16,7.39017083453337e-08,"11","CXCR3"
6.06014788353798e-12,1.14016613981599,0.275,0.155,1.48182736048271e-07,"11","GBP4"
8.62078002541343e-12,0.77597067773728,0.587,0.437,2.10795313181409e-07,"11","LBH"
1.00116373203646e-11,0.626751609501406,0.654,0.503,2.44804555757555e-07,"11","ETS1"
1.04297926958181e-11,0.754784622567213,0.59,0.465,2.55029290998143e-07,"11","ANKRD12"
1.08736921824519e-11,0.847101281264083,0.408,0.265,2.65883521245315e-07,"11","MRPS6"
1.09549824238597e-11,0.914882286020832,0.273,0.15,2.67871230228218e-07,"11","PCED1B"
1.16170819105618e-11,0.706812685891561,0.467,0.319,2.84060886877056e-07,"11","CLEC2D"
1.32305178151453e-11,1.04428440405828,0.334,0.208,3.23512621615933e-07,"11","PHLDA1"
2.20879609407487e-11,0.368407114644898,0.953,0.934,5.40094820923187e-07,"11","GAPDH"
3.98387487734712e-11,0.896995966875938,0.437,0.297,9.74137085008917e-07,"11","PRDX2"
5.14124834946829e-11,0.731499465928393,0.494,0.353,1.25713804641199e-06,"11","RNF19A"
5.69679413635091e-11,0.966755256221624,0.287,0.167,1.39298010222052e-06,"11","ZNF292"
6.4659122478258e-11,0.336975211773358,0.894,0.741,1.58104486283836e-06,"11","CD3E"
9.11895945201400e-11,0.321239959634385,0.936,0.915,2.22976796520646e-06,"11","ARHGDIB"
1.1886598694707e-10,0.95526822002378,0.408,0.29,2.90651111282976e-06,"11","ITGB1"
1.37180691711537e-10,0.634321526533864,0.477,0.334,3.35434227373051e-06,"11","NDFIP1"
1.46991010050492e-10,0.481774612348064,0.717,0.58,3.59422417775464e-06,"11","LEPROTL1"
1.69388114257797e-10,0.779299593627907,0.442,0.304,4.14187816983164e-06,"11","NSD3"
1.84490202442843e-10,1.02626448659778,0.278,0.165,4.51115443013239e-06,"11","UBQLN1"
2.16465262807577e-10,0.787178679794814,0.479,0.347,5.29300860617088e-06,"11","FCMR"
3.09943897991854e-10,1.20965017236714,0.27,0.158,7.57874819369682e-06,"11","GLRX"
3.59700146484852e-10,0.801405886866882,0.369,0.247,8.79538798184761e-06,"11","NAP1L4"
7.4891831552706e-10,0.850862580642198,0.251,0.141,1.83125506512677e-05,"11","RASGRP1"
7.57896366996455e-10,0.805476469876364,0.41,0.286,1.85320819657973e-05,"11","SPTAN1"
9.56660098598228e-10,0.836220778504745,0.388,0.266,2.33922527309239e-05,"11","CXCR6"
1.51345599214114e-09,0.758697770399065,0.364,0.243,3.70070259198351e-05,"11","HBP1"
1.79114204553596e-09,0.621817704313402,0.314,0.187,4.37970052974454e-05,"11","PIK3IP1"
2.25707844190393e-09,0.636473873708351,0.371,0.237,5.51900820614349e-05,"11","TRAC"
3.23714715297359e-09,0.780424621759919,0.383,0.264,7.91547221845102e-05,"11","CYTOR"
3.90330392598869e-09,0.837311694788721,0.346,0.23,9.54435875982754e-05,"11","TANK"
4.03420750908178e-09,0.786617988366307,0.464,0.352,9.86444420120678e-05,"11","NDUFV2"
4.10868549745004e-09,0.708318492340713,0.418,0.29,0.000100465577783648,"11","CD6"
4.93258257912778e-09,0.735882452672079,0.413,0.288,0.000120611509224832,"11","SDF4"
5.57501776657492e-09,0.686736303756646,0.479,0.368,0.00013632033442829,"11","FKBP1A"
7.10021313402813e-09,0.962288250427323,0.381,0.275,0.000173614411553256,"11","IL10RA"
7.94598639867669e-09,0.52396187410811,0.614,0.517,0.000194295259420443,"11","ARL6IP5"
8.42588503702651e-09,0.401365240762764,0.627,0.489,0.000206029740925372,"11","COTL1"
1.97272869137504e-08,0.731339479999048,0.457,0.342,0.000482371619615025,"11","SH3KBP1"
2.14873427491862e-08,0.491695647984818,0.597,0.49,0.000525408504903101,"11","ICAM3"
2.23428250263559e-08,0.857694610310077,0.317,0.212,0.000546326757544455,"11","ANXA7"
2.45616626948591e-08,0.692573604825979,0.43,0.317,0.000600581776214694,"11","OPTN"
3.63396944834946e-08,0.621747537920476,0.42,0.307,0.00088857820951041,"11","CSK"
3.68242991366625e-08,1.04778862965321,0.351,0.251,0.000900427762489672,"11","PFKFB3"
4.07693266589535e-08,0.448649223347155,0.639,0.539,0.000996891575464732,"11","CD44"
4.55588129536828e-08,0.333463481145038,0.929,0.89,0.00111400409434345,"11","PTPRC"
5.89393307715982e-08,0.688822751168625,0.405,0.294,0.00144118451602712,"11","PDCL3"
8.35162405034656e-08,0.855970529960116,0.263,0.167,0.00204213911279074,"11","SMS"
9.95032354207806e-08,0.613593273013246,0.428,0.314,0.00243305311250893,"11","SEC11A"
1.02042522778194e-07,0.499698666919492,0.609,0.514,0.00249514376697241,"11","STK4"
1.06027704584109e-07,0.755626621725914,0.334,0.226,0.00259258943249064,"11","OCIAD2"
1.68855524856629e-07,0.408534131060177,0.597,0.466,0.00412885529379428,"11","RGCC"
1.73325361887935e-07,0.422434288178899,0.713,0.65,0.00423815174888377,"11","EDF1"
1.77175001406281e-07,0.708504406940722,0.423,0.315,0.00433228313438637,"11","SYNGR2"
2.15444827347558e-07,0.833487307011231,0.251,0.157,0.00526805691830249,"11","PRDM1"
2.58003340367644e-07,0.509439144781111,0.509,0.399,0.00630869767866964,"11","SKAP1"
2.68279514473151e-07,0.676120972283236,0.528,0.439,0.00655997068789749,"11","PGAM1"
2.88105437606049e-07,0.571481461122679,0.499,0.393,0.00704475416034312,"11","PEBP1"
3.1346669709257e-07,0.614501633517476,0.356,0.25,0.00766488767730753,"11","PDE4D"
3.34267379374466e-07,0.304379345603905,0.759,0.631,0.00817350596046444,"11","TNFAIP3"
3.74179081111455e-07,0.63390015462125,0.469,0.364,0.00914942689133729,"11","PAK2"
3.99280082898964e-07,0.506429564185188,0.597,0.476,0.00976319658704548,"11","TENT5C"
4.16748677763577e-07,0.584215494077686,0.452,0.345,0.010190338668675,"11","MAT2B"
4.30323452499045e-07,0.289638002790409,0.958,0.921,0.0105222690605067,"11","MT-ATP8"
4.38588109421498e-07,0.877732478298639,0.278,0.187,0.0107243564515745,"11","RAB11FIP1"
5.01295028777154e-07,0.733832743678037,0.337,0.239,0.012257666043659,"11","WNK1"
5.72259496125718e-07,1.08966929556817,0.339,0.241,0.013992889199266,"11","PLIN2"
6.23910359554078e-07,0.632868345383148,0.373,0.269,0.0152558561118163,"11","PDCD6"
7.05876391754529e-07,0.760303480221481,0.373,0.273,0.0172600895311817,"11","MRFAP1"
7.97105376726207e-07,0.751136710687252,0.317,0.215,0.0194908206717092,"11","ABI1"
8.42075136291263e-07,0.58238519269573,0.371,0.27,0.020590421232594,"11","TNFRSF14"
8.48764993810046e-07,0.729068938713652,0.314,0.22,0.0207540016286433,"11","TMBIM4"
8.89844880568113e-07,0.656114681782403,0.364,0.259,0.0217584870196515,"11","RABGAP1L"
9.83096472871178e-07,0.572507825522809,0.258,0.164,0.0240386749546461,"11","TRAF1"
1.27261183781959e-06,0.593230653392271,0.359,0.255,0.0311179046583646,"11","PPP1CC"
1.33646268208262e-06,0.58370954297659,0.371,0.273,0.0326791855022842,"11","LMNA"
1.65658532483843e-06,0.628437301474127,0.268,0.175,0.0405068243629493,"11","SDHA"
1.90786802905183e-06,0.639005642111952,0.339,0.241,0.0466511890463753,"11","ITK"
1.91911213301791e-06,0.573040345768192,0.509,0.428,0.046926129876554,"11","UCP2"
2.0164293728406e-06,0.625361232768047,0.418,0.32,0.0493057310246985,"11","LAPTM4A"
2.0871378917398e-06,0.498487946757835,0.614,0.547,0.0510346957288216,"11","C12orf57"
2.19933727964582e-06,0.889848757558348,0.283,0.196,0.0537781951618995,"11","EVI2A"
2.51615679295126e-06,0.905421008813867,0.26,0.176,0.0615250659012442,"11","NUP58"
2.65547822068031e-06,0.320818896665939,0.789,0.75,0.0649317534520749,"11","CCNI"
2.88889285103081e-06,0.514750813284141,0.484,0.385,0.0706392079934054,"11","RAC1"
3.02595969252004e-06,0.390124714527659,0.705,0.653,0.0739907664015001,"11","CIRBP"
3.21156901112807e-06,0.498410875473502,0.666,0.581,0.0785292854601035,"11","FYB1"
3.69828380801356e-06,0.473650604900279,0.514,0.424,0.0904304356735475,"11","ARID4B"
3.71616747486485e-06,0.419712522399768,0.518,0.407,0.0908677270953953,"11","CD3G"
3.74539232575273e-06,0.516233834159324,0.457,0.358,0.0915823331493057,"11","ANP32B"
4.13963513496526e-06,0.584130574566483,0.496,0.406,0.10122235832017,"11","DDX17"
4.13988229550914e-06,0.526251528563446,0.452,0.364,0.101228401889789,"11","BIRC3"
4.19164325483696e-06,0.70540899967026,0.383,0.291,0.102494060867273,"11","SYNE2"
4.34695520878745e-06,0.463368329536058,0.521,0.437,0.106291748765271,"11","RHOG"
7.16826287779628e-06,0.522409570307233,0.459,0.367,0.175278363887875,"11","ISCU"
7.20580758427163e-06,0.650321857121634,0.312,0.224,0.17619640705061,"11","PSIP1"
8.51477644725904e-06,0.730994683562371,0.28,0.197,0.208203313688378,"11","RFTN1"
1.15202779799068e-05,0.521010790465551,0.464,0.369,0.281693837164682,"11","NOP58"
1.21654969332266e-05,0.544658021786719,0.342,0.249,0.297470731011256,"11","UQCRC2"
1.27139619104932e-05,0.273176327111091,0.708,0.623,0.310881796635379,"11","DDX24"
1.53754026530294e-05,0.562621807095533,0.354,0.264,0.375959345671875,"11","IFI16"
1.89621259539766e-05,0.72449930226697,0.283,0.201,0.463661903826637,"11","PIM2"
2.66536010621084e-05,0.613681193550162,0.435,0.35,0.651733853170674,"11","AC016831.7"
2.79762858339354e-05,0.494165728222302,0.45,0.365,0.684076141211389,"11","SUMO1"
2.95458600429153e-05,0.45824767182287,0.445,0.356,0.722455369769364,"11","BST2"
3.30937965910753e-05,0.575192104043724,0.364,0.285,0.809209514244973,"11","DYNLT1"
3.35354843029993e-05,0.576149517400081,0.342,0.251,0.820009662176939,"11","MYCBP2"
3.62940096787645e-05,0.607140143132036,0.31,0.229,0.887461124665149,"11","CD46"
3.87636389035725e-05,0.321260853536006,0.521,0.434,0.947848498470155,"11","HERPUD1"
4.42392918463897e-05,0.406524587548939,0.639,0.569,1,"11","HCLS1"
4.87354772831152e-05,0.544597314099265,0.373,0.287,1,"11","TPR"
5.24252139553433e-05,0.458979485558433,0.317,0.232,1,"11","RGS10"
5.3862718640429e-05,0.279824612924131,0.781,0.766,1,"11","HINT1"
6.07034586504437e-05,0.381737391804449,0.499,0.415,1,"11","HSPH1"
6.5590309348279e-05,0.412884040682004,0.629,0.558,1,"11","DYNLL1"
6.98914165134904e-05,0.566739300384851,0.263,0.187,1,"11","ZBTB38"
8.85470188897913e-05,0.633698462654121,0.386,0.306,1,"11","HNRNPR"
9.09872139984896e-05,0.477101573886278,0.378,0.293,1,"11","CBLB"
0.000103313334113179,0.487330984230998,0.342,0.258,1,"11","USP16"
0.000103630693954961,0.258801127268558,0.349,0.262,1,"11","MT1X"
0.000110031889370033,0.835395354023767,0.351,0.289,1,"11","SAMHD1"
0.000114234503151856,0.621351161706347,0.319,0.244,1,"11","SEC11C"
0.00012224072944813,0.428632889727288,0.423,0.334,1,"11","CCND2"
0.00014107655811649,0.552767759506489,0.275,0.2,1,"11","MPC2"
0.000141415738409748,0.50948293908008,0.329,0.249,1,"11","ERGIC3"
0.000163891087369099,0.516943529213162,0.337,0.261,1,"11","GTF2A2"
0.000175069452868277,0.391837431593229,0.499,0.421,1,"11","PSMB3"
0.000177119387306447,0.372753051440491,0.555,0.476,1,"11","G3BP2"
0.000183273048681431,0.329555440026928,0.676,0.631,1,"11","ALDOA"
0.000212944830308459,0.575044788703486,0.287,0.216,1,"11","COQ10B"
0.000228838459482835,0.450535962881858,0.437,0.361,1,"11","SERINC1"
0.000230978437395571,0.308748521525714,0.644,0.606,1,"11","CAPZB"
0.000253600964982312,0.488123980269668,0.251,0.178,1,"11","IGBP1"
0.000274696891492176,0.377878662610207,0.629,0.604,1,"11","NDUFA4"
0.000286159043418016,0.409974683492129,0.467,0.402,1,"11","SMAP2"
0.00033000202070177,0.544366811315618,0.496,0.44,1,"11","C9orf16"
0.000330452891007863,0.554458644916668,0.292,0.222,1,"11","PSMF1"
0.000354242545301536,0.642141854283965,0.369,0.296,1,"11","TSPYL2"
0.000375328419144812,0.752275892789936,0.29,0.226,1,"11","FOXP1"
0.000410162521410618,0.431245687913789,0.509,0.45,1,"11","UBE2D2"
0.000423247379927832,0.575419177794485,0.251,0.186,1,"11","SOCS3"
0.000473633281387609,0.498115154861254,0.283,0.212,1,"11","PHPT1"
0.000475772460001548,0.433300742043783,0.43,0.356,1,"11","TECR"
0.000488314056438569,0.413348460368248,0.607,0.545,1,"11","MYH9"
0.000507533755462177,0.505395043766535,0.275,0.205,1,"11","RAB10"
0.000522959933525612,0.416071182683744,0.442,0.375,1,"11","EID1"
0.00067633334142653,0.458849237297716,0.337,0.264,1,"11","NRBP1"
0.000799233545721422,0.577614526692077,0.268,0.207,1,"11","RNF139"
0.00081847343577748,0.627462335056416,0.26,0.196,1,"11","PSMC1"
0.000852638911677913,0.418910487224873,0.494,0.431,1,"11","SF3B2"
0.000856907142698551,0.391870804044005,0.467,0.395,1,"11","ST13"
0.00087589805716691,0.277780002544171,0.6,0.546,1,"11","COX8A"
0.000883140360995613,0.421664582105534,0.489,0.416,1,"11","EWSR1"
0.000903253200260624,0.299964359766592,0.622,0.571,1,"11","JAK1"
0.00094255941731225,0.430459535367071,0.361,0.292,1,"11","GRB2"
0.00108147070598872,0.343261514220572,0.339,0.258,1,"11","TRAF3IP3"
0.0010889279750956,0.460765857651463,0.354,0.281,1,"11","NDUFS8"
0.00111585384507293,0.311171696735717,0.609,0.563,1,"11","PTGES3"
0.00117989035864013,0.331427492053154,0.57,0.517,1,"11","ENO1"
0.00128716821165175,0.406392385486974,0.391,0.318,1,"11","CHURC1"
0.0013778954412964,0.49515427208404,0.283,0.214,1,"11","EAPP"
0.0014125974394314,0.459125489669677,0.332,0.255,1,"11","SCAMP2"
0.00158665446095467,0.458803383648012,0.312,0.242,1,"11","TNIP1"
0.00166047103856404,0.526135706052843,0.332,0.27,1,"11","NAA50"
0.00166562582451246,0.469439942130572,0.398,0.336,1,"11","HP1BP3"
0.00179122406211503,0.317382055901963,0.705,0.664,1,"11","DNAJA1"
0.00180930627638994,0.500775564983851,0.253,0.192,1,"11","EIF4E2"
0.00196979465857139,0.514996535271935,0.388,0.325,1,"11","PPP1CB"
0.00205650169324208,0.436957269695341,0.312,0.246,1,"11","DERL1"
0.00222785800131894,0.373198034522772,0.511,0.458,1,"11","PAIP2"
0.00231288336367527,0.458105423413168,0.3,0.237,1,"11","GLS"
0.00253238708688985,0.446309081030861,0.361,0.303,1,"11","ZBTB1"
0.00279721641029132,0.414323524925332,0.342,0.274,1,"11","PSMD7"
0.00297341721536389,0.355306951736333,0.452,0.392,1,"11","PSMD8"
0.00299451953346843,0.380834340285382,0.361,0.294,1,"11","CCNDBP1"
0.00307647178600931,0.417349988677321,0.41,0.349,1,"11","SCAND1"
0.00307757141511801,0.498411463332543,0.258,0.201,1,"11","OSER1"
0.00314636230068129,0.358927537387012,0.462,0.405,1,"11","SH3BGRL"
0.00316481332881467,0.284676047999047,0.668,0.647,1,"11","CNBP"
0.00333097338573632,0.382205911349158,0.501,0.452,1,"11","SEPT6"
0.00335532939767153,0.492350124814754,0.324,0.264,1,"11","NUDC"
0.00338670745832182,0.446273728243305,0.28,0.221,1,"11","CHMP2A"
0.00343505184445572,0.434764660295434,0.29,0.23,1,"11","ATP2B1"
0.00355012355193495,0.324142636296723,0.504,0.439,1,"11","CUTA"
0.00366007232976287,0.338838502168388,0.531,0.476,1,"11","PSMB1"
0.00405558739550487,0.418184134912782,0.3,0.234,1,"11","CHIC2"
0.00423902447566292,0.576812858618162,0.305,0.247,1,"11","GPRIN3"
0.0048940003951651,0.512920147861562,0.297,0.24,1,"11","TMEM219"
0.00528245440827252,0.342640758416683,0.351,0.289,1,"11","ROCK1"
0.00538491262616516,0.416025769850555,0.337,0.277,1,"11","ADAR"
0.00575543563691518,0.278620858095879,0.541,0.487,1,"11","XRCC6"
0.00595704705790631,0.33449542012276,0.3,0.242,1,"11","NDUFC1"
0.00638262233187095,0.568405239576892,0.27,0.218,1,"11","PCMT1"
0.00661552538228699,0.399040883940136,0.455,0.413,1,"11","PSMB6"
0.00665144872958044,0.360741755462246,0.327,0.264,1,"11","RNF167"
0.0067083737239035,0.296706307717637,0.506,0.446,1,"11","EIF4B"
0.00684105335484348,0.417653727027304,0.292,0.236,1,"11","TGOLN2"
0.0068511250784086,0.397867602315199,0.432,0.374,1,"11","TAX1BP1"
0.00688894198452886,0.276330587001548,0.499,0.447,1,"11","EIF3L"
0.00718903345079987,0.423655191915196,0.292,0.242,1,"11","JMJD1C"
0.00813955387695729,0.504236494119248,0.26,0.212,1,"11","OS9"
0.00833543885879957,0.382742364995664,0.312,0.257,1,"11","ANP32A"
0.00860670845640499,0.348902466630106,0.314,0.258,1,"11","CFLAR"
0.00870041680040426,0.525739236504189,0.251,0.199,1,"11","PHIP"
0.00874304112457874,0.368266553003454,0.334,0.277,1,"11","CSNK1A1"
0.00881087944652633,0.381498982820184,0.408,0.356,1,"11","UBXN4"
0.00890200389018207,0.411814197634212,0.26,0.207,1,"11","SNX17"
0.00918188383300987,0.389695921387697,0.332,0.28,1,"11","PSMC5"
0,3.31953196089466,0.842,0.118,0,"12","FGFBP2"
0,4.19696928776618,0.599,0.062,0,"12","CX3CR1"
8.41270857518101e-286,2.81592271014607,0.879,0.167,2.05707550080326e-281,"12","GNLY"
2.49440263520028e-222,2.80351975682895,0.751,0.154,6.09931332359172e-218,"12","FCGR3A"
2.98450807527217e-195,3.49784140772989,0.407,0.049,7.29771914565551e-191,"12","PRSS23"
4.15476763425659e-189,2.11729357636723,1,0.757,1.01592378192842e-184,"12","NKG7"
1.74509134350037e-168,2.42266958682653,0.856,0.291,4.2670973531271e-164,"12","TXNIP"
1.53651538127532e-166,4.13707478732004,0.282,0.027,3.75708741029442e-162,"12","MYOM2"
1.72460533978721e-160,3.09977692066459,0.466,0.077,4.21700497684768e-156,"12","ADGRG1"
5.49412755776208e-141,1.5080957965726,0.873,0.263,1.34342407042398e-136,"12","GZMB"
1.63581869800372e-112,2.16352484856244,0.816,0.367,3.99990388035869e-108,"12","GZMH"
1.46247668740301e-111,2.59198071537993,0.596,0.177,3.57604799603783e-107,"12","SPON2"
1.94956112509386e-95,3.54123632678092,0.257,0.038,4.76706686307952e-91,"12","IGFBP7"
1.94320811317387e-93,0.858901832834412,0.994,0.969,4.75153247833274e-89,"12","TMSB10"
2.81901795037663e-93,1.86590176502139,0.797,0.408,6.89306269226094e-89,"12","EFHD2"
1.13861942976034e-90,2.19881379303439,0.624,0.235,2.78415222964999e-86,"12","PLEK"
1.27354143519364e-90,1.47248853224673,0.935,0.569,3.11406351733549e-86,"12","CTSW"
4.94227958416761e-89,1.51839490522372,0.895,0.509,1.20848620392066e-84,"12","PRF1"
5.10490859548199e-87,1.18298938351285,0.977,0.883,1.24825224976726e-82,"12","SH3BGRL3"
1.57894326770297e-84,1.28250959308099,0.963,0.786,3.8608320781873e-80,"12","IFITM2"
2.93473154570475e-84,0.888076997150391,1,0.968,7.17600557555724e-80,"12","PFN1"
1.09266382604469e-82,2.05914968123964,0.593,0.206,2.67178158744448e-78,"12","CLIC3"
1.29145047444407e-81,1.96974427069656,0.689,0.298,3.15785470011064e-77,"12","HOPX"
8.42472909602283e-81,2.67141741687808,0.362,0.084,2.0600147585595e-76,"12","TTC38"
1.80835947749255e-67,1.31504972410779,0.859,0.573,4.42180059436477e-63,"12","EMP3"
9.73237770550354e-65,0.94483332379602,0.989,0.878,2.37976099654973e-60,"12","IFITM1"
3.36499012011242e-64,1.79801029228733,0.636,0.277,8.2280738416989e-60,"12","LGALS1"
5.20921873081335e-61,1.78008586886197,0.562,0.235,1.27375816405848e-56,"12","LINC00861"
1.56643176670961e-60,2.31958211274624,0.367,0.105,3.83023895595833e-56,"12","TRDC"
2.83250542962712e-60,1.02591947854252,0.946,0.709,6.92604227652424e-56,"12","GZMA"
2.47207064785566e-59,0.895954840990963,0.986,0.792,6.04470714813666e-55,"12","CST7"
2.83391031361323e-58,1.42998793102999,0.72,0.361,6.92947749884708e-54,"12","KLRD1"
3.48455088832994e-58,1.86654273179561,0.556,0.241,8.52042383214437e-54,"12","PLAC8"
5.45896303327687e-58,1.03853522305741,0.966,0.78,1.33482564089686e-53,"12","S100A4"
1.4375177031396e-56,0.920126489475872,0.966,0.853,3.51501828771695e-52,"12","MYL12A"
1.16877260778906e-53,1.48199669537494,0.678,0.357,2.85788278056581e-49,"12","GIMAP7"
1.10049365495203e-52,1.71213841014361,0.565,0.263,2.69092708508871e-48,"12","C12orf75"
1.89681833664538e-52,1.61526397138749,0.582,0.271,4.63810019676528e-48,"12","GIMAP4"
1.97276273345983e-51,0.805953063193799,0.966,0.916,4.82379943585597e-47,"12","CYBA"
1.08794804634494e-49,1.29596289703896,0.754,0.499,2.66025056292265e-45,"12","AES"
7.88035646056596e-49,1.39145966988664,0.624,0.297,1.92690476173759e-44,"12","TYROBP"
1.20813240195628e-48,0.865909126401558,0.944,0.796,2.95412534926349e-44,"12","PTPRCAP"
1.00594357305799e-45,0.432331532048822,1,1,2.4597332248414e-41,"12","B2M"
7.28210604435106e-45,0.70132422265113,0.966,0.894,1.78062056996472e-40,"12","SERF2"
4.05565092283223e-44,1.27997200918752,0.734,0.487,9.91687763650937e-40,"12","CD247"
4.45595393234109e-42,0.919390869365739,0.853,0.665,1.08956985553604e-37,"12","RARRES3"
3.21092716109135e-39,0.760999611518105,0.72,0.394,7.85135909430057e-35,"12","KLF2"
2.75562465330478e-38,1.50311284646209,0.559,0.313,6.73805340226086e-34,"12","ABHD17A"
6.12933869271493e-37,0.881028446967058,0.873,0.741,1.49874589714265e-32,"12","CLIC1"
8.41207592943276e-37,1.20030853116858,0.718,0.528,2.0569208062649e-32,"12","LY6E"
1.03750767422975e-35,1.78497310542485,0.393,0.167,2.53691376502658e-31,"12","AC116366.3"
1.1013770606885e-35,1.53283387064598,0.497,0.256,2.69308718879553e-31,"12","TRAF3IP3"
2.33842509180778e-35,0.774862522316873,0.915,0.806,5.71791703448837e-31,"12","HCST"
1.75127297513119e-34,1.96868818316895,0.263,0.085,4.28221267879078e-30,"12","C1orf21"
2.02360571075258e-34,1.89732755482056,0.345,0.138,4.94812068393221e-30,"12","CISD3"
2.95189606753936e-34,1.92825133281011,0.331,0.128,7.21797626434724e-30,"12","FGR"
8.399541686369e-34,0.719030096342178,0.932,0.785,2.05385593315095e-29,"12","CCL5"
1.71323665180978e-33,1.46115210695147,0.415,0.179,4.18920626100528e-29,"12","KLRF1"
4.55309393649843e-32,1.6737554451936,0.347,0.142,1.1133225293526e-27,"12","FCRL6"
2.13113540406791e-31,0.878081988348326,0.808,0.687,5.21105229002686e-27,"12","ITGB2"
1.69033648760182e-30,1.35311417051264,0.571,0.37,4.13321077948397e-26,"12","CCND3"
2.09049191162824e-28,1.64379122997814,0.379,0.179,5.11167082231336e-24,"12","TBX21"
3.90634577145766e-28,0.609981417354392,0.879,0.722,9.55179668036826e-24,"12","S100A6"
9.35624286958815e-28,0.657343765175114,0.89,0.819,2.28778850647169e-23,"12","ARPC2"
1.12278018174479e-27,1.36891665733853,0.497,0.294,2.74542210040236e-23,"12","PPP1R18"
2.06394110483852e-27,0.528385492733365,1,0.996,5.04674878955115e-23,"12","ACTB"
6.85944206481154e-27,0.661414645852142,0.907,0.799,1.67727077368772e-22,"12","RAC2"
1.34530307076857e-26,1.57053741199194,0.412,0.214,3.28953506864331e-22,"12","PYHIN1"
1.90709439429355e-26,1.50716283753922,0.362,0.166,4.6632272129266e-22,"12","GIMAP1"
2.32027446125689e-26,1.40720455041022,0.395,0.186,5.67353511266535e-22,"12","FCER1G"
3.03286402229498e-26,0.633129860921759,0.881,0.81,7.41595910731569e-22,"12","PSME1"
3.3801020423675e-26,0.501100138527165,0.955,0.92,8.26502551399702e-22,"12","CFL1"
6.56231923053378e-26,1.2290160313094,0.531,0.335,1.60461829825012e-21,"12","BIN2"
1.21902170856775e-25,1.50576903817801,0.39,0.196,2.98075188178987e-21,"12","SAMD3"
2.67039285947855e-25,0.690370031842428,0.836,0.73,6.52964461999696e-21,"12","CD99"
1.66968456130405e-24,1.50210507864835,0.39,0.202,4.08271268930067e-20,"12","TPST2"
1.86726375100454e-24,1.08911153253012,0.616,0.426,4.56583332395629e-20,"12","UCP2"
5.64715493236369e-24,0.704093965243985,0.833,0.726,1.38084232406157e-19,"12","LSP1"
9.10831349843793e-24,1.64341291650233,0.266,0.106,2.22716481663804e-19,"12","PTGDR"
4.2684384897876e-23,0.571678951372702,0.949,0.91,1.04371857952286e-18,"12","ACTG1"
1.19928701856267e-22,1.16262606749015,0.718,0.646,2.93249661778944e-18,"12","CD52"
1.68322501947241e-22,0.578536727584172,0.932,0.835,4.11582181761394e-18,"12","TMA7"
2.23917403665768e-22,1.121557764459,0.472,0.28,5.47522835443536e-18,"12","SELPLG"
8.88419395106084e-22,1.26873985387075,0.458,0.286,2.1723631049134e-17,"12","NDUFB7"
3.99319714576258e-21,1.06526187768217,0.599,0.441,9.76416566081867e-17,"12","SLC9A3R1"
6.80207001564515e-21,0.63214100980665,0.831,0.736,1.66324216022555e-16,"12","ATP5MC2"
3.77325411391114e-20,1.09140152178596,0.582,0.425,9.22636095933553e-16,"12","FLNA"
3.97629703475244e-20,0.719254290269583,0.749,0.642,9.72284150937666e-16,"12","PSMB9"
6.44744577732983e-20,1.18370560334875,0.381,0.201,1.57652944147269e-15,"12","S1PR5"
1.09567295732994e-19,1.10107234922294,0.407,0.228,2.67913951526318e-15,"12","RCSD1"
3.49490078996434e-19,1.1736246100799,0.424,0.255,8.5457314116208e-15,"12","ARPC5L"
6.84513940142718e-19,0.916114550492009,0.624,0.502,1.67377348643697e-14,"12","PPP1CA"
8.12386625889133e-19,0.8518624422652,0.653,0.547,1.98644777762411e-14,"12","RAP1B"
8.64091050494701e-19,1.42572528840012,0.379,0.214,2.11287543666964e-14,"12","PTPN6"
8.84223681233467e-19,1.32255435327175,0.342,0.181,2.16210374535207e-14,"12","PTPN4"
1.00238368156107e-18,1.878367682716,0.257,0.114,2.45102857815312e-14,"12","TRGV9"
1.90309464768152e-18,1.38947942631949,0.359,0.203,4.65344703251086e-14,"12","MIEN1"
2.59071565891782e-18,1.23253510879877,0.35,0.189,6.33481792918584e-14,"12","PYCARD"
6.58996031583999e-18,0.773695876119116,0.684,0.534,1.61137709642919e-13,"12","TRBC2"
3.03477207060756e-17,1.4287851757331,0.322,0.175,7.42062466704961e-13,"12","GLIPR2"
5.07915525306502e-17,0.579817374841162,0.822,0.741,1.24195504247946e-12,"12","MYL12B"
6.8064948206556e-17,1.07661639299244,0.463,0.311,1.66432411354671e-12,"12","CARD16"
7.95935586953777e-17,1.24089894163787,0.342,0.187,1.94622169721937e-12,"12","SYNE1"
1.04385481084505e-16,0.380110347408482,0.966,0.918,2.55243378347833e-12,"12","PPIA"
1.1473484182421e-16,0.904103957975094,0.545,0.413,2.80549635228559e-12,"12","VAMP8"
1.69562550522768e-16,1.22610693065493,0.421,0.272,4.14614348538271e-12,"12","RHOC"
3.01325589111509e-16,1.12991048771618,0.466,0.323,7.36801330495461e-12,"12","HMGN3"
6.28851216162789e-16,0.712744971149147,0.658,0.541,1.53766699376125e-11,"12","NDUFB2"
6.86243433171304e-16,0.683360242140219,0.658,0.538,1.67800244279047e-11,"12","EVL"
1.22109452677173e-15,0.645906572107529,0.715,0.591,2.98582033686225e-11,"12","GZMM"
1.24872893286589e-15,0.632015104235295,0.723,0.623,3.05339198664369e-11,"12","ELOB"
1.44713317382762e-15,1.23018269122286,0.353,0.204,3.53853003664331e-11,"12","RIPOR2"
1.91055555738458e-15,1.07026094757484,0.364,0.212,4.67169044891677e-11,"12","DENND2D"
3.58976702279431e-15,0.472150419190329,0.828,0.753,8.77769832413665e-11,"12","ARPC3"
8.49346428018136e-15,1.48911800028008,0.254,0.128,2.07682188578995e-10,"12","RGS19"
1.24120644303163e-14,1.44130558200158,0.291,0.158,3.03499799450095e-10,"12","GLRX"
1.40698497597449e-14,0.260245942673577,0.997,0.993,3.44035966325283e-10,"12","MT-CO2"
2.40190592728225e-14,1.2959212417018,0.257,0.129,5.87314037339056e-10,"12","AC243960.1"
6.35789978948934e-14,1.41622806057994,0.274,0.147,1.55463365652593e-09,"12","CD300A"
1.18257678176348e-13,0.410601048837263,0.927,0.867,2.89163674676806e-09,"12","MT-ND4"
1.32190402489292e-13,1.17051084012347,0.345,0.213,3.23231972166818e-09,"12","MYO1G"
1.53790082128287e-13,1.24913672014103,0.322,0.191,3.76047508820088e-09,"12","RASSF1"
2.6339996757619e-13,1.11748288942274,0.398,0.265,6.44065600717299e-09,"12","BTN3A2"
3.74232481752468e-13,0.919564613876666,0.441,0.307,9.15073264381135e-09,"12","CSK"
4.78576700783181e-13,0.661591167724462,0.627,0.521,1.17021574875503e-08,"12","DBI"
5.92340323767315e-13,0.908957523499716,0.492,0.365,1.44839055967584e-08,"12","YPEL3"
7.39941777866637e-13,0.985710020555601,0.418,0.283,1.8093056352395e-08,"12","DOK2"
9.1427437079361e-13,0.281588145830007,0.989,0.973,2.23558369146454e-08,"12","FAU"
1.07799006743221e-12,0.404676511104014,0.63,0.485,2.63590131288524e-08,"12","S100A11"
1.15530138000612e-12,0.881710290083766,0.469,0.346,2.82494293439095e-08,"12","LAMTOR4"
1.44234239547272e-12,1.06813864384443,0.39,0.261,3.5268156254099e-08,"12","TAF10"
1.46475099659572e-12,0.767839638513571,0.593,0.491,3.58160913687585e-08,"12","CTSC"
1.75170069170491e-12,1.05020739906235,0.438,0.321,4.28325853135685e-08,"12","PRMT2"
5.03346090151195e-12,0.848274478108258,0.523,0.376,1.2307818596377e-07,"12","TRBC1"
7.35554834906948e-12,0.522120749672576,0.686,0.605,1.79857868231447e-07,"12","GABARAP"
1.25433584266666e-11,0.724790523918507,0.444,0.291,3.06710200248852e-07,"12","HSPA1A"
1.90407110533129e-11,0.587971954481847,0.667,0.59,4.65583466675608e-07,"12","COX6B1"
2.0623781419961e-11,0.304077931450295,0.955,0.907,5.04292703280887e-07,"12","ATP5F1E"
2.4318626441227e-11,0.723956190376617,0.551,0.449,5.94639053740881e-07,"12","DRAP1"
3.80103529433738e-11,0.578436419382573,0.672,0.608,9.29429150171375e-07,"12","LIMD2"
4.81132404100717e-11,0.830127581312427,0.466,0.354,1.17646495450707e-06,"12","ZAP70"
5.6611130382932e-11,0.916595245268832,0.424,0.315,1.38425536012345e-06,"12","NDUFA12"
8.02200411973121e-11,1.02094255493752,0.37,0.251,1.96154044735668e-06,"12","CHST12"
1.11536862790529e-10,0.768528495599194,0.531,0.433,2.72729936895401e-06,"12","PAXX"
1.72240107041765e-10,0.615827544520538,0.641,0.546,4.21161509738524e-06,"12","C12orf57"
2.20859202920926e-10,0.892322686922161,0.424,0.318,5.40044922982247e-06,"12","SPN"
3.15846158689334e-10,0.478247662048425,0.732,0.688,7.72307027227161e-06,"12","UBL5"
3.24392138284037e-10,0.41518896695769,0.831,0.777,7.93203656532127e-06,"12","SRP14"
3.29562545406201e-10,0.347620907775106,0.802,0.661,8.05846336027242e-06,"12","LITAF"
4.95682961132167e-10,0.753532769375293,0.534,0.449,1.21204397656038e-05,"12","PSMB10"
7.25722446296508e-10,0.287956495997267,0.966,0.924,1.77453652568422e-05,"12","NACA"
7.50589126985437e-10,0.617067110575249,0.596,0.52,1.83534053330479e-05,"12","UQCR10"
1.31523752252521e-09,0.265695545402783,0.958,0.916,3.21601879007865e-05,"12","MYL6"
1.37567692654815e-09,0.898639373521172,0.333,0.223,3.36380522079553e-05,"12","VAMP2"
1.49156355608139e-09,0.393656197974591,0.681,0.579,3.64717120733022e-05,"12","GSTP1"
1.83160480184744e-09,0.684418511410044,0.523,0.445,4.47864006147735e-05,"12","BRK1"
1.96284552935209e-09,0.611277590821095,0.624,0.563,4.79954988837174e-05,"12","RNASEK"
2.82636944049266e-09,0.660892741972353,0.593,0.538,6.91103855589266e-05,"12","KRTCAP2"
3.76303020290467e-09,1.06782968178366,0.294,0.191,9.2013614521425e-05,"12","HMOX2"
6.27028386814596e-09,0.641128218088391,0.565,0.488,0.000153320981143905,"12","TMEM258"
6.48105580488741e-09,0.978710389845311,0.322,0.218,0.000158474776541107,"12","LIME1"
8.70072437913319e-09,0.948792151791371,0.347,0.245,0.000212750112518565,"12","SASH3"
8.8295425765363e-09,0.634784513839281,0.54,0.459,0.000215899975081465,"12","WDR83OS"
1.1179382386414e-08,0.966827397560865,0.37,0.277,0.000273358258112595,"12","SCP2"
1.5233575031422e-08,0.522065347734558,0.684,0.645,0.00037249137666833,"12","PPDPF"
1.95102319524455e-08,0.649788272112745,0.525,0.44,0.000477064191701197,"12","C9orf16"
1.96022811666514e-08,0.691075763858296,0.556,0.505,0.000479314979086959,"12","PRR13"
2.3275108410502e-08,0.470211977751763,0.757,0.713,0.000569122950853596,"12","COMMD6"
2.69722121153816e-08,0.660513768779167,0.438,0.342,0.00065952453064531,"12","TUBB"
2.77757831094833e-08,0.848132955615613,0.41,0.323,0.000679173448593085,"12","TBCB"
2.82274529915342e-08,0.727972435744233,0.469,0.393,0.000690217680548995,"12","NEDD8"
3.22840674083403e-08,0.671586862311014,0.506,0.437,0.000789410016268738,"12","RABAC1"
3.80794966952729e-08,0.965445707243708,0.322,0.229,0.000931119853192814,"12","NAA38"
4.55778041398536e-08,0.61731328474574,0.565,0.515,0.0011144684668277,"12","GPSM3"
6.47919416536177e-08,1.02932357813321,0.271,0.18,0.00158429255731426,"12","MYO1F"
9.44713198262518e-08,0.560422902484353,0.568,0.504,0.00231001271239151,"12","ATP5MF"
1.05355879286691e-07,0.747064489447042,0.379,0.28,0.00257616196031817,"12","ITGAL"
1.40313548811019e-07,0.958902366009756,0.297,0.204,0.00343094689552702,"12","POLR2G"
1.5220112538531e-07,0.747532124661272,0.449,0.379,0.0037216219179216,"12","SELENOW"
1.73751571706485e-07,0.615225464852911,0.477,0.403,0.00424857343136696,"12","ATP5PF"
2.13729504034843e-07,0.694957810824344,0.52,0.462,0.00522611383265999,"12","PSMB8"
2.16848941216084e-07,0.563707841463667,0.427,0.317,0.00530239031061568,"12","CMC1"
2.49969528670409e-07,0.274573553312321,0.946,0.933,0.00611225491504884,"12","MT-ATP6"
2.51654070986875e-07,1.0826894894801,0.299,0.214,0.00615344534377107,"12","LYAR"
2.56350678163743e-07,0.768613550268735,0.364,0.271,0.00626828678245985,"12","ABI3"
2.93986751081941e-07,0.738224449830721,0.398,0.313,0.00718856403745563,"12","UBE2L6"
3.74306547437031e-07,0.702864765913392,0.302,0.202,0.00915254369793029,"12","NCR3"
4.19991462468744e-07,0.708455890241691,0.489,0.432,0.0102696312402857,"12","TRAPPC1"
4.7890846000589e-07,0.856425086478356,0.395,0.318,0.011710269664064,"12","SHISA5"
5.96844094370494e-07,0.691394735064647,0.446,0.368,0.0145940317955473,"12","CD63"
7.41763028567163e-07,0.46282719890092,0.579,0.518,0.0181375895745243,"12","ARL6IP5"
8.03573851452673e-07,0.891910762297397,0.319,0.235,0.0196489878157208,"12","ITGB7"
8.46890539107726e-07,0.947416308445312,0.311,0.23,0.0207081674622621,"12","ARRB2"
9.12679590550047e-07,0.714086975124487,0.446,0.388,0.0223168413481297,"12","OSTF1"
9.19311360985718e-07,0.277022996145005,0.921,0.889,0.0224790013988228,"12","EEF1D"
1.05930748242745e-06,0.897271659016625,0.314,0.23,0.025902186560316,"12","DSTN"
1.15937502665954e-06,0.398870706525346,0.701,0.696,0.028349038151879,"12","COX6A1"
1.23505877249445e-06,0.472555709077814,0.596,0.546,0.0301996571050342,"12","COX8A"
1.46948670522784e-06,0.861816987935862,0.336,0.255,0.0359318889162311,"12","POLD4"
1.77631104790353e-06,0.645599641065202,0.506,0.446,0.0434343577433372,"12","GNG5"
2.01984088804455e-06,0.47413047542025,0.596,0.561,0.0493891493944653,"12","GMFG"
2.08542343085804e-06,0.827568792398388,0.347,0.27,0.0509927737313409,"12","TNFRSF14"
2.2285913940474e-06,0.918065096150013,0.271,0.192,0.054493516767247,"12","MRPS34"
2.49086669316331e-06,0.269321845848789,0.737,0.645,0.0609066723812292,"12","S100A10"
2.76639076298552e-06,0.468777838057015,0.424,0.327,0.067643786936522,"12","ZEB2"
2.79824934812836e-06,0.744166379966333,0.435,0.379,0.0684227930604347,"12","PRELID1"
2.82387135903221e-06,0.897699542185094,0.257,0.177,0.0690493024710557,"12","AGTRAP"
2.87471555800457e-06,0.677343419422778,0.376,0.295,0.0702925448243278,"12","LCP2"
2.87940037127654e-06,0.547120484225502,0.492,0.436,0.0704070978784539,"12","ANXA6"
3.35480356489953e-06,0.464450326644436,0.282,0.192,0.0820316567689234,"12","IFITM3"
4.96090751988374e-06,0.766163188909854,0.373,0.308,0.121304110676197,"12","GTF3A"
5.87164334163443e-06,0.600677486592839,0.523,0.481,0.143573422989645,"12","ATP5MC3"
6.00588101840576e-06,0.463222451578432,0.562,0.5,0.146855802662058,"12","LCK"
6.86068998246725e-06,0.438864812956132,0.593,0.52,0.167757591451289,"12","CD48"
6.91471476398425e-06,0.539118329991668,0.489,0.442,0.169078605408943,"12","ATP5IF1"
7.0881927109094e-06,0.64878712401679,0.441,0.395,0.173320488167157,"12","DHRS7"
7.48459536114064e-06,0.656127749202901,0.384,0.313,0.183013325770611,"12","SERPINB1"
8.33171172628857e-06,0.62828171814478,0.455,0.396,0.203727015131208,"12","APMAP"
8.80928449648394e-06,0.852714413663899,0.297,0.225,0.215404624508025,"12","POLR2J"
9.16160593598029e-06,0.967431230054933,0.266,0.193,0.22401958834659,"12","CASP1"
9.45191092612131e-06,0.813691206849245,0.319,0.247,0.231118125965518,"12","ZYX"
9.71376841545606e-06,0.347386438826331,0.814,0.782,0.237521065294732,"12","ATP5MG"
9.8640469609766e-06,1.01073900203189,0.263,0.191,0.2411956762898,"12","BLOC1S1"
1.10387614327811e-05,0.565943861152713,0.497,0.462,0.269919794554364,"12","C4orf3"
1.13819563266596e-05,0.465795252644975,0.641,0.632,0.27831159609948,"12","UQCR11"
1.16908950868396e-05,0.305416765907263,0.749,0.692,0.285865766663403,"12","FXYD5"
1.4993186113784e-05,0.710867301283239,0.271,0.192,0.366613386854247,"12","SLFN5"
1.79570125544421e-05,0.350130888981974,0.715,0.685,0.439084870981219,"12","PCBP1"
1.87914831877288e-05,0.732933687999786,0.362,0.291,0.459489346906345,"12","ITGB1"
2.50813611027565e-05,0.612592677256998,0.432,0.383,0.613289441684602,"12","GNAI2"
2.53645226609068e-05,0.875868871481991,0.291,0.22,0.620213308104493,"12","SSBP4"
2.7790038288754e-05,0.317526079741718,0.749,0.711,0.679522016236612,"12","OST4"
2.82330809023217e-05,0.734299308954021,0.362,0.3,0.690355294223569,"12","TBC1D10C"
3.18991660296408e-05,0.78848636995749,0.347,0.284,0.779998407756778,"12","PHB2"
3.46580399056069e-05,0.361166527626283,0.641,0.652,0.847458391771901,"12","EDF1"
3.48576973834841e-05,0.610377394359709,0.373,0.297,0.852340416420952,"12","MATK"
3.84100129381738e-05,0.364360441978758,0.785,0.769,0.939201636364226,"12","RHOA"
3.85078574137797e-05,0.560689223336342,0.39,0.321,0.94159412948174,"12","APOBEC3G"
4.59860392696252e-05,0.683405902872031,0.407,0.356,1,"12","BAX"
5.24112053585412e-05,0.510673828092038,0.52,0.481,1,"12","ATP5F1D"
5.4584702541619e-05,0.279477433332184,0.322,0.229,1,"12","HSPA1B"
6.09124173120891e-05,0.48914865812132,0.559,0.529,1,"12","APRT"
6.37168420846635e-05,0.655699832185442,0.427,0.386,1,"12","NDUFB9"
6.9405742679695e-05,0.468686142157834,0.506,0.477,1,"12","HIGD2A"
8.76096279327533e-05,0.839339554006621,0.311,0.25,1,"12","ADD3"
9.12193788488141e-05,0.599663618339431,0.449,0.411,1,"12","ATP5MPL"
0.000102568852639297,0.830488911113858,0.299,0.243,1,"12","ACP1"
0.000105460103669859,0.656025015698587,0.404,0.357,1,"12","BST2"
0.00011142152394814,0.761610896636764,0.345,0.292,1,"12","DYNLRB1"
0.000124023556643232,0.72014414356381,0.359,0.299,1,"12","LAT"
0.000135627830596711,0.383190842576439,0.571,0.542,1,"12","EIF3G"
0.000156612768560893,0.779993429543131,0.285,0.224,1,"12","TES"
0.000164466190308645,0.413953502777239,0.582,0.566,1,"12","NDUFA1"
0.000168809722017304,0.862387745279836,0.339,0.292,1,"12","FIS1"
0.000169397741126719,0.259560392601561,0.879,0.844,1,"12","COX4I1"
0.000176559929837572,0.481920070749151,0.511,0.482,1,"12","NDUFA3"
0.000224372297449412,0.569122206674376,0.339,0.281,1,"12","C8orf59"
0.000233896016684069,0.821631336384492,0.282,0.229,1,"12","ZNHIT1"
0.000239372959410493,0.584150350802451,0.435,0.403,1,"12","ATP5PB"
0.00024615379658761,0.30043661992098,0.641,0.605,1,"12","TPI1"
0.000246489416822544,0.872452698771846,0.26,0.206,1,"12","NDUFB3"
0.000249951341734552,0.259034131500989,0.709,0.694,1,"12","EIF3K"
0.000300868015393447,0.436879057088425,0.523,0.515,1,"12","ATP5MD"
0.000326449139522853,0.897995563593936,0.254,0.202,1,"12","POLR3GL"
0.000345816148996501,0.510229410676533,0.427,0.384,1,"12","SUN2"
0.000393507275774547,0.671276637293744,0.342,0.297,1,"12","NDUFA2"
0.000399373815166659,0.568231806842848,0.463,0.447,1,"12","ATP5ME"
0.000482449301132272,0.504478904093157,0.573,0.59,1,"12","CD53"
0.000584646186641464,0.825169609083203,0.257,0.208,1,"12","ATRAID"
0.000671067105537751,0.786444869719768,0.251,0.202,1,"12","ZNF428"
0.000725610274115923,0.325291043986267,0.729,0.698,1,"12","UQCRB"
0.000746810771584664,0.350329784986999,0.65,0.654,1,"12","SNRPD2"
0.000779061003354841,0.430027593042869,0.494,0.461,1,"12","CIB1"
0.000843284763196898,0.764385465169622,0.288,0.243,1,"12","NUCB1"
0.000958455337820321,0.676317998228046,0.308,0.258,1,"12","CFLAR"
0.000990319093837172,0.792960167100541,0.308,0.264,1,"12","RNF167"
0.00108326575265709,0.473437998970596,0.46,0.417,1,"12","XBP1"
0.00109449579829108,0.586185388889769,0.356,0.316,1,"12","SEC11A"
0.00110490645313285,0.340388693320812,0.565,0.559,1,"12","HLA-F"
0.00117985311268521,0.531667675101811,0.427,0.405,1,"12","COX5A"
0.00122086391473419,0.447808577016215,0.517,0.509,1,"12","GSTK1"
0.00132962262951236,0.770263920261027,0.263,0.215,1,"12","ATP5MC1"
0.00141567150890208,0.467210955778299,0.458,0.44,1,"12","SRSF9"
0.00142048898243203,0.474503980905347,0.415,0.39,1,"12","GNB2"
0.00142982087610977,0.638171419278807,0.359,0.32,1,"12","NDUFB1"
0.00169100804864066,0.552416286550019,0.393,0.357,1,"12","MBP"
0.00171207502118741,0.424051980484029,0.446,0.419,1,"12","ARL6IP4"
0.00179362291181342,0.678735032701569,0.299,0.255,1,"12","SYTL1"
0.0018158558684927,0.722319641435926,0.266,0.22,1,"12","ARHGAP30"
0.00209598547189631,0.681065253999853,0.308,0.268,1,"12","MRPS6"
0.00215472308306756,0.573710346405785,0.362,0.335,1,"12","COPS9"
0.00226766853309593,0.56850499113345,0.39,0.36,1,"12","UFC1"
0.0022826219162362,0.711646832604021,0.314,0.279,1,"12","BANF1"
0.00242204053097034,0.541720376704689,0.364,0.336,1,"12","ATP6V1F"
0.00246536690924223,0.551759662870323,0.325,0.287,1,"12","RAB1B"
0.00251798419246391,0.424793363950555,0.54,0.536,1,"12","HMGN2"
0.00251870946319267,0.365757241673424,0.46,0.441,1,"12","PGAM1"
0.00254576096598044,0.520621903188778,0.432,0.417,1,"12","BSG"
0.00261665913575591,0.276331829866657,0.653,0.647,1,"12","ARPC1B"
0.00266542726260528,0.632979035180951,0.345,0.314,1,"12","SF3B5"
0.00276075549647245,0.636206909409541,0.268,0.226,1,"12","TWF2"
0.00286969344640513,0.57985302103081,0.311,0.274,1,"12","PYURF"
0.00301853918940294,0.477542888042016,0.432,0.418,1,"12","ARF5"
0.00343619000720307,0.312281394972175,0.627,0.634,1,"12","PSME2"
0.00368204162321844,0.373846147066139,0.525,0.531,1,"12","CAP1"
0.00380257089700779,0.543071095759783,0.274,0.23,1,"12","PGLS"
0.00419792860804006,0.403602245895202,0.46,0.449,1,"12","ANAPC16"
0.00428228904404539,0.425797977963692,0.339,0.292,1,"12","SYNE2"
0.0045815098544903,0.858275972842462,0.251,0.215,1,"12","TMEM256"
0.00471228590348165,0.688208349138605,0.274,0.237,1,"12","IFI27L2"
0.00512734293784118,0.583499076960888,0.345,0.317,1,"12","ECH1"
0.00546563324616074,0.449578700755877,0.387,0.357,1,"12","TECR"
0.00573021487011591,0.509141408241361,0.297,0.251,1,"12","ICAM2"
0.00662983048724946,0.402464516177928,0.458,0.451,1,"12","DAD1"
0.00699284575515615,0.410989874443939,0.435,0.416,1,"12","C19orf53"
0.00807417451757301,0.511633601287015,0.359,0.339,1,"12","PSMA5"
0.00808669585618674,0.293611480054226,0.573,0.574,1,"12","EIF3F"
0.00886982883568597,0.565188853974939,0.311,0.284,1,"12","STUB1"
0.0091339334923727,0.694321601398726,0.271,0.242,1,"12","SNRPC"
0.00932289449468818,0.584701390889219,0.314,0.289,1,"12","SRI"
2.3440173519979e-294,3.74926930774004,0.714,0.1,5.73159122910527e-290,"13","TRDC"
9.73746758649947e-288,3.01770493726729,0.928,0.178,2.38100557425085e-283,"13","FCER1G"
4.72041364754141e-204,3.52959617998637,0.667,0.122,1.15423554509683e-199,"13","CCL3"
4.2611933024819e-199,2.4366236050378,0.959,0.293,1.04194698632288e-194,"13","TYROBP"
2.27704102590721e-161,2.45111951455285,0.736,0.174,5.56782071654832e-157,"13","KLRF1"
3.26608761664523e-161,3.13896030684071,0.553,0.101,7.98623744022092e-157,"13","PTGDR"
2.70682036365768e-157,2.83317164295687,0.739,0.202,6.61871715321577e-153,"13","CD160"
1.24723473276763e-152,3.11055298312521,0.453,0.07,3.04973836856341e-148,"13","TXK"
3.74051925405236e-152,2.17197361769285,0.811,0.227,9.14631768000883e-148,"13","XCL1"
5.09587590202778e-139,2.4252479801019,0.852,0.311,1.24604357556383e-134,"13","CMC1"
1.45334578236885e-137,2.22324981736587,0.78,0.232,3.5537211070483e-133,"13","XCL2"
3.16847945191559e-126,2.76013887374187,0.472,0.087,7.74756595582401e-122,"13","KLRC1"
2.80121257548007e-120,1.69369337379155,0.987,0.785,6.84952498956388e-116,"13","IFITM2"
7.23154872137909e-119,2.1451112411993,0.931,0.575,1.76825829335162e-114,"13","GSTP1"
3.68240283283306e-112,1.47854980779549,1,0.878,9.00421140684339e-108,"13","IFITM1"
3.79239058402509e-108,1.63937469982228,0.965,0.7,9.27315345605816e-104,"13","CD7"
3.73713006279072e-105,2.1242483056865,0.818,0.367,9.13803042953587e-101,"13","IL2RB"
7.22837752075578e-96,2.43263546163708,0.434,0.092,1.7674828713752e-91,"13","SH2D1B"
3.92311212558868e-93,2.04895316670945,0.613,0.187,9.59279376948944e-89,"13","IFITM3"
1.98296236571668e-89,2.11666349013695,0.632,0.206,4.84873957665043e-85,"13","CLIC3"
7.67807649009595e-85,1.64632049596808,0.811,0.36,1.87744326335826e-80,"13","KLRD1"
2.2317067638665e-82,2.495981158921,0.44,0.111,5.45696937900636e-78,"13","LAT2"
1.95236408460315e-81,2.66851021834468,0.374,0.081,4.77392065967161e-77,"13","NCR1"
3.14476320017881e-76,2.84825560755458,0.349,0.076,7.68957497707724e-72,"13","TMIGD2"
3.43840446306008e-73,1.0902321225041,0.994,0.758,8.40758659307451e-69,"13","NKG7"
8.50780972205022e-69,1.12725249906008,0.934,0.504,2.08032963323572e-64,"13","KLRB1"
1.68314466614657e-66,1.89741286217312,0.642,0.269,4.1156253376616e-62,"13","RHOC"
1.28899982630341e-64,2.0019590172915,0.478,0.149,3.1518623752771e-60,"13","EOMES"
4.13360235076406e-64,1.61820613043872,0.632,0.24,1.01074844680883e-59,"13","CEBPD"
6.71442550445865e-64,2.79733758712653,0.255,0.048,1.64181132435023e-59,"13","FHL3"
8.26720938789835e-64,3.0257904806458,0.277,0.056,2.0214980395289e-59,"13","CCL3L1"
1.59083371352052e-62,1.88415085333631,0.604,0.252,3.88990659630036e-58,"13","ARPC5L"
5.07187930433627e-61,1.50097711456832,0.686,0.294,1.2401759274963e-56,"13","TXNIP"
1.18217452329913e-56,1.60374949476906,0.799,0.539,2.89065314437103e-52,"13","EIF3G"
3.18386004461531e-55,2.34238453676261,0.296,0.07,7.78517458109337e-51,"13","TOX2"
5.16867623837721e-51,2.20412340775795,0.321,0.085,1.263844713808e-46,"13","TTC38"
5.55938208760322e-46,1.59826560478103,0.607,0.293,1.35938010806074e-41,"13","MATK"
7.00589449094582e-44,1.98483878597343,0.377,0.127,1.71308132092607e-39,"13","FGR"
1.7759768410844e-42,1.57545916863091,0.642,0.365,4.34261857181957e-38,"13","CD63"
6.9440831449572e-39,1.7578288325076,0.484,0.211,1.69796721060493e-34,"13","DENND2D"
1.6528369869046e-38,1.08479989388211,0.855,0.571,4.04151700037913e-34,"13","CTSW"
2.34868907937897e-38,1.08168817226283,0.748,0.487,5.74301453689746e-34,"13","CD247"
3.55575166498502e-37,0.764767531135915,0.962,0.853,8.69452397122136e-33,"13","MYL12A"
2.19405475246343e-35,0.612941001874654,0.991,0.968,5.36490268072359e-31,"13","PFN1"
2.23475692546909e-35,1.5918179763582,0.73,0.485,5.46442763415702e-31,"13","FOS"
8.17292718502805e-34,1.16654024547157,0.72,0.483,1.99844415528306e-29,"13","STK17A"
1.60958392688291e-33,1.3866710843929,0.547,0.277,3.93575461801408e-29,"13","AOAH"
2.96258088480587e-32,1.664779970353,0.409,0.175,7.24410277952731e-28,"13","AGTRAP"
1.59479513568981e-31,0.893204980600194,0.896,0.806,3.89959306578873e-27,"13","HCST"
2.66689599727186e-31,1.454648144158,0.487,0.243,6.52109409252914e-27,"13","SASH3"
2.44484911674643e-30,1.412182430392,0.478,0.227,5.97814506026837e-26,"13","RCSD1"
3.78743376812971e-30,1.84219725336123,0.475,0.227,9.26103304983077e-26,"13","HSPA1B"
7.73077286322564e-30,0.969092261053479,0.805,0.589,1.89032858051593e-25,"13","GZMM"
9.13895848988948e-30,1.45786275238125,0.579,0.354,2.23465812994778e-25,"13","BST2"
4.38589425840283e-28,1.28722359470498,0.487,0.243,1.07243886406466e-23,"13","PLAC8"
1.51351904423149e-26,0.69898331309248,0.896,0.71,3.70085676695484e-22,"13","GZMA"
1.38950658179149e-25,1.75935201827833,0.277,0.103,3.39762149379656e-21,"13","YES1"
4.11526319264747e-24,0.710612883240817,0.871,0.741,1.00626415586616e-19,"13","CLIC1"
1.66671888116465e-23,1.20344320759068,0.506,0.284,4.07546100822381e-19,"13","SH2D1A"
2.65036572567156e-23,1.31507570673442,0.377,0.173,6.48067427241211e-19,"13","CD38"
2.60046800107031e-22,1.66188987234791,0.289,0.12,6.35866435621711e-18,"13","CD244"
4.13567933956006e-22,1.63842022718267,0.299,0.126,1.01125631210923e-17,"13","SNHG9"
2.4617329957141e-21,0.900275326190219,0.701,0.538,6.01942952112012e-17,"13","EVL"
3.09270867103326e-21,1.60775591552119,0.314,0.142,7.56229124241053e-17,"13","PLEKHF1"
1.00235493661315e-20,0.722993368896701,0.764,0.573,2.45095829100646e-16,"13","ALOX5AP"
9.14713666191753e-20,1.19418273306546,0.635,0.485,2.23665785657207e-15,"13","GADD45B"
1.84130482445354e-19,0.945101158955874,0.802,0.614,4.5023585567538e-15,"13","CCL4"
5.89923225204613e-19,0.376776708259144,0.994,0.996,1.44248027027032e-14,"13","ACTB"
3.91960447542624e-18,1.23254557419746,0.437,0.257,9.58421686331224e-14,"13","TRAF3IP3"
4.13639121146541e-18,1.3560976131026,0.374,0.202,1.01143037902752e-13,"13","POLR2G"
4.55372681869404e-18,1.76653340880417,0.277,0.126,1.11347728170707e-13,"13","KMT2E-AS1"
4.62942544398551e-18,0.596622852827464,0.799,0.526,1.13198710956334e-13,"13","GZMK"
1.1476702027766e-17,0.461550318401251,0.953,0.91,2.80628317982934e-13,"13","ACTG1"
1.24453472501305e-17,1.52605973222615,0.33,0.168,3.04313630960192e-13,"13","MPG"
1.63818449837438e-17,1.83185854836569,0.475,0.291,4.00568873542504e-13,"13","HSPA1A"
2.04137426170067e-17,1.58001015095804,0.292,0.14,4.99156834471049e-13,"13","CLPTM1"
5.5915348782058e-17,0.875810840819512,0.579,0.39,1.36724210841888e-12,"13","ARHGAP9"
9.31624655737422e-17,1.08694831806458,0.478,0.293,2.27800860820914e-12,"13","LCP2"
1.52964744848393e-16,1.46868117524777,0.39,0.207,3.7402939410329e-12,"13","CCL4L2"
1.71767759302127e-16,0.557455471484933,0.915,0.867,4.2000652504556e-12,"13","MT-ND4"
3.26083746394661e-16,1.11527928153153,0.33,0.167,7.97339976684226e-12,"13","GIMAP1"
3.745088971485e-16,1.05150352807458,0.428,0.25,9.15749155307513e-12,"13","CHST12"
5.06346496789762e-16,1.26146112943829,0.409,0.238,1.23811845395033e-11,"13","LINC00861"
4.28715416634075e-15,1.23236187985277,0.327,0.17,1.04829493675364e-10,"13","MYBL1"
5.07837929775255e-15,0.606671367750091,0.73,0.534,1.24176530588645e-10,"13","TRBC2"
2.40041606905302e-14,1.30562843454489,0.314,0.169,5.86949737204845e-10,"13","AC116366.3"
2.59091919466369e-14,1.06752561895348,0.352,0.19,6.33531561479167e-10,"13","IFNG"
2.78479204514342e-14,1.05869657954556,0.45,0.295,6.80937350878468e-10,"13","PPP1R18"
4.70240844834165e-14,1.10612737201353,0.39,0.232,1.1498329137885e-09,"13","CMTM3"
5.64711726074702e-14,0.841569390765129,0.553,0.395,1.38083311259786e-09,"13","APMAP"
1.00075930614309e-13,1.2311424609941,0.277,0.139,2.44705665538108e-09,"13","SH3BP1"
1.10373962950407e-13,0.401684975183195,0.874,0.798,2.69886414206335e-09,"13","PTPRCAP"
1.35114745743528e-13,1.00090552966262,0.425,0.271,3.30382576292075e-09,"13","IL16"
1.43315714263263e-13,1.17339575995337,0.387,0.236,3.50435584516531e-09,"13","SYNRG"
2.1670546299354e-13,0.821069335820707,0.535,0.36,5.29888198111803e-09,"13","GIMAP7"
4.40508780683089e-13,1.2597071034126,0.28,0.143,1.07713207052629e-08,"13","FCRL6"
1.12649013335401e-12,0.950926947891706,0.506,0.376,2.75449367407724e-08,"13","PRDX5"
2.40364879106833e-12,1.07786516481168,0.358,0.215,5.87740202392028e-08,"13","PTPN6"
3.59573615716232e-12,0.703104418627374,0.56,0.412,8.7922940514933e-08,"13","EFHD2"
4.00699153787869e-12,0.476871876324458,0.89,0.8,9.79789570842096e-08,"13","RAC2"
4.32295804345213e-12,1.04447224159389,0.358,0.215,1.05704970078491e-07,"13","PYHIN1"
6.48478971609088e-12,0.775195378467343,0.553,0.398,1.58566078137854e-07,"13","SKAP1"
1.31282011285552e-11,1.14978354785057,0.67,0.619,3.21010773995432e-07,"13","IER2"
1.5355963206848e-11,0.964436153260907,0.384,0.24,3.75484012333847e-07,"13","PLEK"
3.65693223644646e-11,1.24835589596926,0.255,0.134,8.94193070455889e-07,"13","HSH2D"
5.06082038084969e-11,0.922672694568051,0.5,0.374,1.23747179952537e-06,"13","ACAP1"
5.17052501681189e-11,1.24240431973568,0.258,0.14,1.26429677711084e-06,"13","CISD3"
5.22846219258663e-11,1.15177993772194,0.27,0.147,1.27846357533128e-06,"13","CD300A"
8.43452867116957e-11,1.03136201951924,0.365,0.232,2.06241095067438e-06,"13","IKZF3"
1.12510675934946e-10,1.15112218699983,0.264,0.146,2.7511110479613e-06,"13","CARHSP1"
1.97343175227768e-10,0.559982455451875,0.758,0.667,4.82543532066938e-06,"13","RARRES3"
2.02395391141918e-10,0.362142134258029,0.947,0.969,4.94897210420217e-06,"13","MT-ND3"
2.18403885993676e-10,1.01538107248404,0.352,0.222,5.34041182031736e-06,"13","PSTPIP1"
2.87552180351117e-10,0.984534895831475,0.327,0.197,7.0312259139455e-06,"13","YWHAH"
2.91123216715106e-10,0.836844125474001,0.428,0.291,7.11854489511778e-06,"13","STOM"
4.46621490461543e-10,0.353359343040362,0.953,0.907,1.09207886847656e-05,"13","ATP5F1E"
7.6360780803366e-10,0.803259964495968,0.541,0.416,1.8671738122039e-05,"13","XBP1"
8.04721464005952e-10,0.424830435099595,0.912,0.879,1.96770492378735e-05,"13","UBB"
1.42625877114588e-09,0.674906910395928,0.607,0.52,3.48748794720592e-05,"13","UQCR10"
1.56123972111145e-09,0.905143082725713,0.465,0.35,3.81754336606172e-05,"13","CKLF"
1.92855613420116e-09,0.903183798243426,0.434,0.321,4.71570545934867e-05,"13","CLDND1"
2.47605401689778e-09,0.664326049492886,0.616,0.53,6.05444728211845e-05,"13","LY6E"
2.95912918832155e-09,0.722552630157583,0.481,0.354,7.23566269128387e-05,"13","CCDC85B"
3.58907138965262e-09,0.812033130998918,0.399,0.271,8.77599736197858e-05,"13","FKBP11"
3.90851290496773e-09,1.10628696991985,0.33,0.22,9.55709575522709e-05,"13","TCIRG1"
4.10552549121321e-09,0.896409659443344,0.431,0.312,0.000100388309311146,"13","UBE2L6"
4.61176846199511e-09,1.03490474570152,0.374,0.262,0.000112766962432705,"13","MAPK1"
4.63810184200058e-09,1.11143567878733,0.286,0.175,0.000113410866240598,"13","DGCR6L"
7.09323713541997e-09,1.01147720143695,0.299,0.187,0.000173443834435289,"13","RAB11FIP1"
1.29267854215739e-08,0.72754212919915,0.44,0.323,0.000316085757128325,"13","HMGN3"
1.364830572906e-08,1.293241094539,0.292,0.186,0.000333728371686976,"13","H2AFJ"
1.58147948552979e-08,0.556595551193431,0.56,0.441,0.000386703363801743,"13","ID2"
3.11067205185021e-08,0.703495298920326,0.374,0.253,0.000760621530118413,"13","NUCB2"
3.35997900875472e-08,0.733637975755504,0.425,0.308,0.000821582067220705,"13","CSK"
3.94235472753195e-08,0.453682107088963,0.739,0.688,0.000963984577976111,"13","ITGB2"
4.72495714068286e-08,1.18462094475951,0.296,0.193,0.00115534652003977,"13","ACAA2"
6.31177915666409e-08,0.955752424290734,0.343,0.239,0.0015433562393875,"13","PTPN2"
6.57917971014684e-08,0.797057643110535,0.39,0.284,0.00160874102272511,"13","MYDGF"
8.24115540725958e-08,1.05716756706598,0.28,0.178,0.00201512732018311,"13","STARD3NL"
9.07424087693024e-08,0.35854714524583,0.858,0.824,0.00221883337922698,"13","CORO1A"
1.01955631035216e-07,1.08296875611035,0.374,0.281,0.0024930190900731,"13","NDUFS8"
1.02259537650658e-07,1.25104097532557,0.283,0.184,0.00250045021463389,"13","PRMT9"
1.07837389132038e-07,0.610273377522976,0.399,0.274,0.0026368398390566,"13","GIMAP4"
1.15506063939605e-07,0.977775369795952,0.289,0.183,0.00282435427545121,"13","PTPN4"
1.50166130813225e-07,0.663075451474982,0.528,0.449,0.00367186223064497,"13","PSMB10"
1.69112128759591e-07,0.704297010225521,0.607,0.542,0.00413512977242952,"13","NDUFB2"
1.75077589535938e-07,0.287594385721242,0.915,0.934,0.00428099721933276,"13","MT-ATP6"
2.44698078086806e-07,0.937989017273609,0.34,0.241,0.00598335740537858,"13","LAMTOR1"
2.46056332284728e-07,0.734577258899699,0.522,0.439,0.00601656943702617,"13","CUTA"
2.92775661911464e-07,0.766196185947275,0.412,0.3,0.00715895048505912,"13","AAK1"
3.25499357694404e-07,0.714988393414284,0.437,0.333,0.00795911029434356,"13","PNISR"
3.72401513242469e-07,1.03454109904385,0.255,0.16,0.00910596180180485,"13","SLAMF7"
3.95060644421059e-07,0.675115896491181,0.481,0.387,0.00966002287738374,"13","OSTF1"
4.04812843793701e-07,0.474276464853421,0.774,0.746,0.00989848365644357,"13","MIF"
7.69542575539698e-07,0.801618830540709,0.289,0.192,0.0188168550570967,"13","SLFN5"
8.03484864417186e-07,0.919191091646719,0.44,0.342,0.019646811904729,"13","TUBB"
8.41105027294169e-07,0.888441849761689,0.289,0.192,0.020566700127397,"13","RASSF1"
9.0064268081121e-07,0.861078195105775,0.358,0.265,0.0220225148311957,"13","AC004687.1"
1.02919469691932e-06,0.795632586353016,0.299,0.198,0.0251658687290712,"13","SAMD3"
1.18558877247812e-06,0.632348507304415,0.425,0.321,0.028990016664635,"13","APOBEC3G"
1.95389899626813e-06,0.544246141294834,0.664,0.625,0.0477767382567482,"13","ELOB"
2.23387986031731e-06,0.757393955155744,0.374,0.281,0.0546228303444788,"13","GYG1"
2.49209146858159e-06,0.522583386097208,0.487,0.377,0.060936620589757,"13","TRBC1"
2.73295135223039e-06,1.00409258497147,0.296,0.211,0.0668261264647374,"13","ZRANB2"
2.87442936182461e-06,0.851907248519591,0.403,0.316,0.0702855467553354,"13","ECH1"
2.88723424627284e-06,0.918994011202437,0.308,0.216,0.0705986517898634,"13","CPNE1"
4.35485385277773e-06,0.913181615686542,0.311,0.222,0.106484886408121,"13","ATM"
4.82934028588687e-06,0.599843867930164,0.494,0.411,0.118087028670506,"13","FAM49B"
5.4646606555407e-06,0.589080541258244,0.274,0.181,0.133621882349281,"13","LY9"
5.63747371546177e-06,0.883194211496687,0.308,0.219,0.137847507290471,"13","SSBP4"
5.78996889987098e-06,0.60187110274061,0.459,0.365,0.141576319539645,"13","YPEL3"
6.7127487071233e-06,0.750874088137939,0.409,0.34,0.164140131386579,"13","ACTN4"
7.94544389846743e-06,0.457140583253276,0.553,0.468,0.194281994205326,"13","GYPC"
8.41060901335428e-06,0.883109825908242,0.368,0.281,0.205656211594539,"13","NFKBIZ"
8.45820736678585e-06,1.0161428802587,0.258,0.177,0.206820086532648,"13","RSBN1L"
9.26787241297671e-06,0.909630251676054,0.252,0.168,0.226618016242107,"13","C19orf66"
9.78034875226826e-06,0.982730120930964,0.274,0.191,0.239149087690464,"13","BLOC1S1"
9.94121047338207e-06,0.485168341423927,0.635,0.606,0.243082478495138,"13","TPI1"
1.02124615039135e-05,0.55703179803457,0.516,0.448,0.249715108693694,"13","ANAPC16"
1.06193275040202e-05,0.914773589079397,0.267,0.185,0.259663796128301,"13","HELZ"
1.23215898113872e-05,0.702842831799015,0.365,0.271,0.30128751406804,"13","ABI3"
1.23933042456879e-05,0.663729558203105,0.352,0.26,0.303041075415561,"13","LNPEP"
1.26678913181422e-05,0.643640663165993,0.503,0.45,0.309755278511214,"13","DRAP1"
1.37424700102032e-05,0.609694445925407,0.462,0.379,0.336030876689489,"13","SELENOW"
1.4011786253081e-05,0.290356624326616,0.858,0.818,0.342616197460337,"13","ITM2B"
1.54064044515472e-05,0.39983247546193,0.695,0.644,0.376717401649232,"13","SON"
1.55550378786008e-05,0.542583744618722,0.513,0.432,0.380351786207548,"13","TRAPPC1"
1.63288742424442e-05,0.920097685216539,0.258,0.179,0.399273632976245,"13","LSM2"
1.88967992291683e-05,0.427519395588647,0.686,0.633,0.462064534751624,"13","PSME2"
2.09252556508312e-05,0.429164895142191,0.626,0.571,0.511664351174124,"13","JAK1"
2.75334467068221e-05,0.341408864640536,0.277,0.183,0.673247838875215,"13","SPON2"
2.77267757109014e-05,0.542919499168146,0.516,0.46,0.677975119682961,"13","WDR83OS"
2.958358750681e-05,0.256319864175095,0.906,0.895,0.723377881716518,"13","SERF2"
3.08560464474657e-05,0.831805128513455,0.343,0.267,0.754492047733431,"13","NDUFV1"
3.60663963413189e-05,0.981711754029615,0.27,0.19,0.88189552333793,"13","RBKS"
3.86697021212752e-05,0.73813191592222,0.252,0.174,0.94555155626942,"13","SLC44A2"
4.57507349659119e-05,0.853419375037773,0.267,0.191,1,"13","PYCARD"
4.64133232086504e-05,0.854654485670844,0.261,0.186,1,"13","C11orf98"
5.52331562413881e-05,0.757396907470706,0.437,0.376,1,"13","PPP1R15A"
5.93401577878226e-05,0.75449903145785,0.255,0.179,1,"13","G6PD"
8.02351513568778e-05,0.648181483505051,0.358,0.28,1,"13","ITGAL"
8.45115624053946e-05,0.500141072001612,0.352,0.257,1,"13","TIGIT"
9.92571795334293e-05,1.18904256281004,0.547,0.524,1,"13","NFKBIA"
0.000102613633924363,0.546538301030185,0.472,0.416,1,"13","BSG"
0.000108704343331023,0.695076063237111,0.396,0.334,1,"13","COPS9"
0.000120363481382041,0.517385815580331,0.475,0.414,1,"13","VAMP8"
0.000125727079297819,0.572116720058631,0.516,0.482,1,"13","NDUFA3"
0.000125876730593531,0.807969987565563,0.274,0.201,1,"13","ARHGAP45"
0.00012648442832393,0.782897638503076,0.352,0.279,1,"13","BANF1"
0.000148221419825087,0.546481368104705,0.393,0.315,1,"13","SEC11A"
0.000154721462142195,0.543735482767956,0.522,0.456,1,"13","NME2"
0.000161435411650995,0.752903167660605,0.289,0.218,1,"13","OFD1"
0.000185357540352162,0.751530929648116,0.352,0.287,1,"13","RAB1B"
0.000197788336892307,0.460991905497271,0.575,0.54,1,"13","SEPT7"
0.000226851640790481,0.302878331100852,0.591,0.521,1,"13","DBI"
0.000246235191610642,0.678857917347898,0.324,0.256,1,"13","POLD4"
0.000254104904977644,0.541463230788587,0.497,0.447,1,"13","ATP5ME"
0.000283659364015681,0.725752409239028,0.61,0.618,1,"13","CD69"
0.000301151647978375,0.703325573373508,0.274,0.204,1,"13","MIEN1"
0.000348221088769692,0.590817445762726,0.387,0.316,1,"13","ANAPC11"
0.000436278551928756,0.888901955674568,0.264,0.205,1,"13","COPZ1"
0.000453678513394596,0.313451590961871,0.61,0.563,1,"13","RNASEK"
0.000488270578315243,0.579216528449696,0.399,0.337,1,"13","BIN2"
0.000494454058830425,0.577983131996437,0.434,0.383,1,"13","VPS28"
0.00057195641153187,0.472502054393119,0.418,0.355,1,"13","ZAP70"
0.00064108188443634,0.602888186357824,0.437,0.379,1,"13","PRELID1"
0.000671954659183458,0.447619915428216,0.487,0.434,1,"13","PAXX"
0.000829166657074444,0.703672641975741,0.371,0.32,1,"13","RBL2"
0.00086056487519044,0.546811892028523,0.371,0.304,1,"13","HOPX"
0.000869885367114585,0.753122853185166,0.443,0.394,1,"13","CCT4"
0.00119142966272109,0.591551646959135,0.255,0.191,1,"13","TNFSF14"
0.00145381221037625,0.481293979149268,0.487,0.452,1,"13","EIF4A2"
0.00150319222707206,0.575265116370402,0.368,0.316,1,"13","MDH2"
0.00151053485241001,0.707962342968819,0.283,0.228,1,"13","PRMT1"
0.00151642229727156,0.489012888207247,0.274,0.208,1,"13","LPCAT1"
0.00166720951559533,0.473367177058529,0.274,0.203,1,"13","S1PR5"
0.00168907515587133,0.693397171499018,0.261,0.203,1,"13","LASP1"
0.0017675572198026,0.593071193739306,0.289,0.229,1,"13","PCM1"
0.00180539356193812,0.706683619575614,0.314,0.258,1,"13","CFLAR"
0.00218294066108152,0.384387219222285,0.667,0.626,1,"13","POLR2L"
0.00237693777031846,0.525800302598515,0.418,0.379,1,"13","SELENOH"
0.00254605281188877,0.369552722670268,0.487,0.442,1,"13","ATP5IF1"
0.00257731663064376,0.650518317188856,0.267,0.215,1,"13","ATP5MC1"
0.00260875500145419,0.345931392170552,0.566,0.529,1,"13","APRT"
0.00265338752344211,0.586166078704852,0.324,0.267,1,"13","BTN3A2"
0.0027808626189405,0.316511721208867,0.535,0.492,1,"13","CTSC"
0.00300164263308053,0.492976251802256,0.343,0.291,1,"13","MED10"
0.00301834144265455,1.37992556664589,0.601,0.631,1,"13","DNAJB1"
0.0035799190496372,0.499549041370532,0.34,0.285,1,"13","PHB2"
0.00374989763270535,0.592162921647584,0.349,0.303,1,"13","NDUFS7"
0.00375941613191804,0.310502089072201,0.506,0.462,1,"13","PSMB8"
0.00395704521915383,0.55148657100306,0.434,0.398,1,"13","CELF2"
0.00426887383472943,0.457205434188867,0.409,0.362,1,"13","TLN1"
0.00441394039516651,0.405138822302268,0.481,0.441,1,"13","C9orf16"
0.00451190178572364,0.536871118922602,0.412,0.373,1,"13","CCND3"
0.00462155380905819,0.340799853948135,0.528,0.48,1,"13","SEPT1"
0.00473593618228512,0.354271897206686,0.642,0.632,1,"13","UQCR11"
0.00476414672917515,0.65081005428678,0.258,0.209,1,"13","RBCK1"
0.00502399451901815,0.556190122178881,0.33,0.289,1,"13","NDUFAF3"
0.00522317023796011,0.590151349113611,0.292,0.239,1,"13","SFT2D1"
0.00575280189694176,0.339279883924986,0.286,0.227,1,"13","NPC2"
0.00580477543310459,0.362098943901356,0.343,0.284,1,"13","TSEN54"
0.00596735981955299,0.480228770727029,0.475,0.441,1,"13","TAGAP"
0.00620212352248127,0.515895292068681,0.333,0.284,1,"13","MRPL57"
0.00709454464796881,0.649871655439186,0.302,0.257,1,"13","ANP32A"
0.00785118824706711,0.581636941256657,0.314,0.27,1,"13","MAP2K2"
0.0083627404363007,0.324956200336658,0.588,0.573,1,"13","ATP6V0E1"
0.00842064808796585,0.622086644063768,0.296,0.249,1,"13","NAP1L4"
0.00863765943050303,0.71727075165957,0.289,0.247,1,"13","MRPL51"
0.00963962352149214,0.391817213068804,0.469,0.453,1,"13","SEPT6"
5.97376560168276e-213,1.55034127630075,0.252,0.014,1.46070516492347e-208,"14","IGKV1-9"
1.71306287873299e-201,1.06293225591807,0.32,0.024,4.1887813510779e-197,"14","IGHG1"
3.43379095237017e-190,2.07985973805264,0.296,0.022,8.39630563673553e-186,"14","IGLV1-40"
7.43624867132479e-182,4.83323371783103,0.289,0.022,1.81831152511234e-177,"14","TYMS"
6.69103673950377e-180,2.31384633990631,0.823,0.173,1.63609230354346e-175,"14","KLRF1"
8.83065342097068e-151,2.53269068108141,0.881,0.265,2.15927137449575e-146,"14","GZMB"
7.6020834698779e-139,2.44510604962298,0.69,0.157,1.85886145005454e-134,"14","FCGR3A"
3.18466611911771e-129,2.33838395049017,0.697,0.172,7.78714559446662e-125,"14","GNLY"
1.00546776359369e-125,2.00110304426689,0.551,0.103,2.4585697755393e-121,"14","TRDC"
6.37028766849826e-99,1.53862405400045,0.694,0.182,1.5576627407012e-94,"14","FCER1G"
6.5878804047563e-98,1.9201176126689,0.636,0.17,1.61086851657101e-93,"14","CD38"
2.85753632998788e-96,1.23088936931326,0.918,0.294,6.98724783408636e-92,"14","TYROBP"
6.46740494857713e-96,1.88061811375254,0.956,0.51,1.58140985802608e-91,"14","PRF1"
1.0637118644022e-92,2.48584869683926,0.408,0.078,2.60098825083627e-88,"14","TRGC1"
5.75231287879699e-87,2.03343530073646,0.446,0.092,1.40655554512344e-82,"14","SH2D1B"
2.172772996826e-85,2.50448552562268,0.32,0.053,5.31286453183893e-81,"14","KIR2DL4"
6.58070709041131e-81,1.15359702298957,1,0.758,1.60911449774737e-76,"14","NKG7"
2.5545735336381e-76,1.71849762058556,0.5,0.125,6.24644320445187e-72,"14","FGFBP2"
1.92671967639923e-75,1.98088036082094,0.364,0.071,4.7112149527314e-71,"14","TXK"
1.53553318360064e-73,1.88588710660463,0.588,0.179,3.75468574054029e-69,"14","SPON2"
3.06003120914381e-71,2.46262269313807,0.337,0.068,7.48238831259844e-67,"14","SLC15A4"
8.73342085754339e-67,2.25542476637929,0.388,0.091,2.13549606808651e-62,"14","HAVCR2"
2.20861417078913e-66,1.49936186055684,0.844,0.408,5.40050337041358e-62,"14","EFHD2"
2.83049366367888e-66,1.24124292376631,0.915,0.485,6.9211231064276e-62,"14","CD247"
2.62710044288328e-65,1.58107912253769,0.891,0.576,6.42378600293819e-61,"14","GSTP1"
4.1231787104886e-65,1.08869781531187,0.993,0.786,1.00819965828867e-60,"14","IFITM2"
6.58757732199043e-65,0.980119705449153,0.997,0.878,1.6107944067731e-60,"14","IFITM1"
2.01656754847756e-64,1.40241283143432,0.585,0.188,4.93091096953734e-60,"14","IFITM3"
4.49387965619161e-63,1.24489739349132,0.85,0.36,1.09884345353197e-58,"14","KLRD1"
1.48617479657067e-62,2.06191100587771,0.374,0.089,3.63399461257461e-58,"14","KLRC1"
1.06871975222568e-59,1.80338178630067,0.422,0.112,2.61323353814222e-55,"14","LAT2"
1.76343909659993e-57,1.78050645092981,0.395,0.103,4.31196127900614e-53,"14","RBBP8"
2.58277530607111e-56,1.46472600713259,0.762,0.369,6.31540217840508e-52,"14","IL2RB"
8.71640244943822e-56,2.44151612313066,0.272,0.056,2.13133472693663e-51,"14","MCM7"
1.15973657539261e-55,1.10321327386043,0.98,0.709,2.83578787415e-51,"14","GZMA"
1.43789782590648e-55,1.15907210439182,0.942,0.612,3.51594776390653e-51,"14","CCL4"
1.79095030479176e-55,1.76431503861681,0.52,0.175,4.3792316852768e-51,"14","STARD3NL"
4.49574193879722e-54,1.61370221360259,0.575,0.207,1.0992988188747e-49,"14","CLIC3"
1.02590904578944e-52,0.654238791003832,1,0.968,2.50855279876434e-48,"14","PFN1"
1.34832663246376e-51,1.44334418905575,0.565,0.199,3.29692828170039e-47,"14","S1PR5"
6.06232601290875e-42,1.63663162998154,0.408,0.132,1.48235995667645e-37,"14","HSH2D"
1.2629974089685e-41,1.17562821360435,0.633,0.272,3.08828126440979e-37,"14","BHLHE40"
4.04268201531192e-41,1.4444471651902,0.459,0.16,9.8851660638407e-37,"14","OTULIN"
1.41924220553303e-40,1.34648045493543,0.497,0.185,3.47033104096936e-36,"14","PRR7"
2.23443579492198e-40,1.84218681988269,0.31,0.086,5.46364240574323e-36,"14","UBE2F"
2.58558046730779e-40,1.14463530123828,0.881,0.556,6.32226135866101e-36,"14","GNG2"
3.86510518462529e-40,1.31044819626091,0.582,0.242,9.45095519744577e-36,"14","PLAC8"
8.50210008102266e-39,1.27763228949975,0.384,0.121,2.07893351181166e-34,"14","IRF8"
4.25041788427323e-38,1.40674041334904,0.361,0.111,1.03931218106249e-33,"14","KLRC3"
1.09667078157049e-36,1.55255057509048,0.361,0.117,2.68157939509617e-32,"14","PPIF"
2.92482085550732e-36,1.33015956208744,0.262,0.067,7.1517719558865e-32,"14","B3GNT7"
3.79277164494523e-35,1.22532834105953,0.629,0.301,9.27408522622007e-31,"14","HOPX"
3.96171168215369e-35,1.13495925600849,0.514,0.2,9.68717740520221e-31,"14","NCR3"
4.67004074819867e-35,1.39792550963645,0.401,0.14,1.14191836374954e-30,"14","PDE4A"
2.62240197533367e-34,1.66219157036993,0.282,0.081,6.41229731008589e-30,"14","ADGRG1"
2.78725848358557e-33,1.24724996352859,0.51,0.217,6.81540444406344e-29,"14","STX11"
1.42396485753909e-32,0.80697680525127,0.895,0.64,3.48187886965459e-28,"14","PSMB9"
6.69890882164842e-32,1.20820671016447,0.561,0.255,1.63801718506947e-27,"14","NINJ1"
8.36325352480709e-32,1.96063416161778,0.289,0.092,2.04498275188583e-27,"14","PCNA"
1.41904944402717e-31,1.01371352623655,0.867,0.562,3.46985970053525e-27,"14","ISG20"
1.82824538455735e-31,1.31070837056433,0.384,0.14,4.47042561431964e-27,"14","ICAM1"
5.04878039794255e-31,0.50481875972813,1,0.996,1.23452778290491e-26,"14","ACTB"
6.64894046174322e-31,0.894688060795497,0.364,0.127,1.62579892170545e-26,"14","CCL3"
7.74020849337203e-31,1.08783336130253,0.452,0.178,1.89263578079933e-26,"14","LMNB1"
3.90307215633579e-30,1.42532200592436,0.486,0.212,9.54379203667226e-26,"14","SLC16A3"
8.83182583791025e-30,1.28954052524869,0.486,0.213,2.15955805388581e-25,"14","CD83"
1.43889149561567e-29,1.06483709397628,0.558,0.264,3.51837748507943e-25,"14","C12orf75"
1.94035324716891e-29,2.93329854197702,0.412,0.193,4.74455175997743e-25,"14","STMN1"
3.47716563293253e-29,1.31900334377179,0.446,0.185,8.50236540564661e-25,"14","TWISTNB"
3.90314414656598e-29,1.7392601348438,0.255,0.077,9.54396806718313e-25,"14","FNDC3B"
1.93722639480238e-28,1.29365664764543,0.381,0.147,4.73690598057079e-24,"14","EI24"
2.22515008461708e-28,0.892400260266501,0.769,0.469,5.44093698690569e-24,"14","POMP"
4.06906031343875e-28,1.87582226865258,0.49,0.237,9.94966627842042e-24,"14","XCL2"
7.40442341497947e-28,0.864561423944971,0.827,0.52,1.81052961343078e-23,"14","NFKBIA"
1.16234717872783e-27,1.56806598015705,0.269,0.086,2.8421713214253e-23,"14","SMC4"
1.19124123257617e-27,0.888264310240928,0.656,0.346,2.91282306189525e-23,"14","MAP3K8"
3.20019610275989e-27,0.782405975077544,0.857,0.63,7.82511951046848e-23,"14","PSME2"
6.0414393047844e-27,0.951391143477165,0.684,0.367,1.47725273880588e-22,"14","RELB"
6.3704175343861e-27,0.901480028714614,0.731,0.416,1.55769449550809e-22,"14","BCL3"
7.64424988428454e-27,0.894842803163727,0.711,0.417,1.86917198170526e-22,"14","UQCRQ"
7.92074128271402e-27,1.54229719089643,0.299,0.105,1.93677965844923e-22,"14","FEZ1"
1.09296446780478e-26,1.66417693548524,0.364,0.146,2.67251671667625e-22,"14","GTF3C1"
2.38589667726148e-26,0.823930514629097,0.823,0.603,5.83399455523978e-22,"14","TPI1"
2.94347315056208e-26,1.64510823754915,0.51,0.278,7.19738054775439e-22,"14","HMGB2"
4.13943801134679e-26,1.16671392770957,0.762,0.506,1.01217538253452e-21,"14","MT2A"
4.52764652091802e-26,1.30648864301211,0.296,0.102,1.10710012729488e-21,"14","TNFRSF18"
9.61069634180896e-26,1.01927245744433,0.446,0.191,2.35000746949913e-21,"14","ACAA2"
1.35057217984004e-25,1.33305182133703,0.364,0.146,3.30241909414487e-21,"14","CD300A"
1.73639143985261e-25,0.748184795941363,0.874,0.548,4.24582434872761e-21,"14","SH2D2A"
1.96520531113778e-25,0.949008057442917,0.408,0.164,4.80532002679409e-21,"14","LYN"
2.15629530057898e-25,0.781064307559148,0.986,0.792,5.27257326897572e-21,"14","CST7"
2.21710316261564e-25,0.877498416757051,0.68,0.385,5.42126065322777e-21,"14","OSTF1"
3.35855395393912e-25,0.914071809615671,0.609,0.314,8.21233612817195e-21,"14","KDM6B"
4.78588665957979e-25,1.06754324178628,0.262,0.083,1.17024500600045e-20,"14","NCR1"
5.12090414578941e-25,1.24936757568646,0.442,0.199,1.25216348172843e-20,"14","CEBPB"
2.26910245166069e-24,2.05754966299615,0.554,0.34,5.54840931480071e-20,"14","TUBB"
2.94984042719081e-24,1.00252645990491,0.418,0.176,7.21294981256696e-20,"14","G6PD"
3.2675577587696e-24,0.77254954960601,0.65,0.359,7.98983223174342e-20,"14","NFKB1"
9.39788187549091e-24,1.02963448648369,0.466,0.215,2.29797007619504e-19,"14","SPPL2A"
9.49324360048387e-24,1.05852617788553,0.337,0.128,2.32128792519032e-19,"14","FGR"
1.2314297466277e-23,1.14693518524032,0.401,0.176,3.01109201645404e-19,"14","DNMT1"
1.49886145648909e-23,0.567504815067607,0.98,0.853,3.66501603340711e-19,"14","MYL12A"
5.00649720781991e-23,1.18846138155212,0.337,0.133,1.22418869725612e-18,"14","MAFF"
7.7363835187885e-23,1.01795627658799,0.49,0.239,1.89170049801416e-18,"14","ZC3H12A"
1.3974837248392e-22,0.450649556659543,0.963,0.883,3.41712720397681e-18,"14","HSP90AA1"
2.4192099320303e-22,0.915062970354003,0.432,0.194,5.91545212580049e-18,"14","FASLG"
2.91571513453961e-22,0.980388821269236,0.395,0.168,7.12950664697625e-18,"14","NFKBIB"
2.94404088572291e-22,1.20710264371791,0.252,0.085,7.19876877376965e-18,"14","C1orf21"
4.31515719711514e-22,0.956650968422202,0.31,0.116,1.05514223783859e-17,"14","MCTP2"
4.82355969978645e-22,1.07014402165961,0.367,0.154,1.17945681779178e-17,"14","PLA2G16"
6.17928637445679e-22,1.10194937883104,0.354,0.148,1.51095910428218e-17,"14","SMC1A"
8.86915148530366e-22,0.693860174533325,0.759,0.459,2.16868492118645e-17,"14","FOSL2"
1.44369870638619e-21,0.332350209470391,1,1,3.53013207685552e-17,"14","B2M"
1.58546619809588e-21,1.04485272727649,0.497,0.249,3.87678194758404e-17,"14","MTHFD2"
1.74409646771766e-21,0.964870207376132,0.507,0.264,4.26466468286323e-17,"14","NUCKS1"
2.17192745169899e-21,0.705249031183097,0.527,0.254,5.31079700489438e-17,"14","TIGIT"
2.99203195291768e-21,0.930380372667476,0.639,0.375,7.31611653127432e-17,"14","TRBC1"
3.03683048591709e-21,1.33028686276575,0.714,0.533,7.42565790416446e-17,"14","HMGN2"
3.25141695510274e-21,0.722346829641625,0.796,0.539,7.95036473861721e-17,"14","NDUFB2"
4.11847758523352e-21,0.915780159976935,0.5,0.254,1.0070501391413e-16,"14","ANP32A"
6.39374381187542e-21,0.828192978836016,0.534,0.268,1.56339823687978e-16,"14","ABI3"
9.96425960270677e-21,0.91295387560419,0.469,0.226,2.43646075805386e-16,"14","PSMA4"
1.31684501890677e-20,0.916555536292464,0.517,0.276,3.21994944023082e-16,"14","BANF1"
1.86262804096554e-20,0.685189280727173,0.741,0.451,4.55449808576893e-16,"14","CLEC2B"
1.94487869474242e-20,0.503764660940648,0.993,0.932,4.75561738438417e-16,"14","MT-ATP6"
2.27877910908298e-20,0.550800700980735,0.898,0.705,5.57207067752969e-16,"14","SUMO2"
4.37448961179262e-20,0.409679208122045,0.986,0.92,1.06965019987553e-15,"14","CFL1"
4.50546712627316e-20,1.04912767909229,0.255,0.092,1.10167682171631e-15,"14","DCPS"
1.39548573889407e-19,0.472136844967066,0.969,0.818,3.41224172874378e-15,"14","ARPC2"
2.12198869175575e-19,0.455099320797154,0.98,0.933,5.18868674908117e-15,"14","GAPDH"
2.1859044244744e-19,1.16045055627272,0.259,0.097,5.34497349872479e-15,"14","TNFSF10"
2.38962674536092e-19,0.768270877911418,0.52,0.271,5.84311531775653e-15,"14","RHOC"
3.48487305003208e-19,0.965991019783825,0.286,0.11,8.52121158193845e-15,"14","TFDP2"
3.90779250681645e-19,0.760329886790044,0.568,0.31,9.55533423766759e-15,"14","UBE2L6"
4.66219333334911e-19,0.946738598357083,0.412,0.195,1.13999951387052e-14,"14","UPP1"
5.1695090370275e-19,0.743890829588794,0.602,0.337,1.26404834973397e-14,"14","ACTN4"
5.49864151841075e-19,0.482226614666568,0.973,0.798,1.3445278240818e-14,"14","RAC2"
6.4046318349928e-19,0.626220042569098,0.51,0.265,1.56606057629244e-14,"14","AREG"
7.81994268231842e-19,0.952346379253461,0.388,0.178,1.9121323846805e-14,"14","GCH1"
8.35719226614647e-19,0.948225422023458,0.364,0.161,2.04350065291813e-14,"14","FIBP"
1.00037464484389e-18,1.0151046488129,0.395,0.188,2.44611608157229e-14,"14","ANP32E"
1.04476175134774e-18,0.606265511323665,0.823,0.593,2.55465143439551e-14,"14","REL"
1.64552212792071e-18,1.04843552386139,0.395,0.188,4.02363070719172e-14,"14","RAB29"
3.41466445417311e-18,0.922972502901448,0.35,0.155,8.34953752334409e-14,"14","GBP4"
3.91096627546117e-18,0.840511152465657,0.565,0.319,9.56309473675764e-14,"14","APOBEC3G"
3.97370851590155e-18,0.742133081797888,0.473,0.239,9.71651206308247e-14,"14","PLEK"
4.35715302403235e-18,0.652230043176247,0.741,0.473,1.06541105743639e-13,"14","PSMB1"
4.88310031961704e-18,0.844034235018548,0.592,0.362,1.19401569015276e-13,"14","BIRC3"
8.34157758800256e-18,1.07050503505297,0.503,0.28,2.03968255181839e-13,"14","LGALS1"
8.82798439702789e-18,0.705694566225295,0.673,0.419,2.15861874476126e-13,"14","PSMB3"
9.67074160868553e-18,1.04264937531885,0.35,0.161,2.36468973815579e-13,"14","ADAM8"
1.40271393512164e-17,0.459926032682492,0.905,0.683,3.42991611415944e-13,"14","LDHA"
1.41511300911376e-17,0.939836237620082,0.741,0.562,3.46023432988498e-13,"14","H2AFZ"
1.5346070076259e-17,0.589511871986305,0.772,0.519,3.75242105504685e-13,"14","DBI"
1.53888640197819e-17,0.761627456967088,0.626,0.374,3.76288503011708e-13,"14","PRDX5"
1.93987349331843e-17,1.31110511233039,0.422,0.229,4.74337866586224e-13,"14","DSTN"
1.96324393252888e-17,0.475556393358135,0.997,0.915,4.80052406381962e-13,"14","CYBA"
2.52120655682604e-17,0.713135654652433,0.724,0.544,6.16485427275102e-13,"14","COX8A"
3.20480678683544e-17,1.03050165731727,0.299,0.126,7.83639355517001e-13,"14","MVD"
3.25979461708908e-17,0.615031475352852,0.864,0.702,7.97084979770621e-13,"14","CD7"
3.72739051634076e-17,0.855070444299293,0.463,0.241,9.11421529055643e-13,"14","MAP2K3"
8.63086318061189e-17,0.750100554839779,0.69,0.442,2.11041866492322e-12,"14","EIF5A"
1.19965561779723e-16,0.646167718515653,0.633,0.369,2.9333979166378e-12,"14","RAB8B"
1.26458504434612e-16,1.01314515686006,0.289,0.122,3.09216335043512e-12,"14","EBP"
1.40888177268508e-16,0.812641012980544,0.639,0.421,3.44499771056956e-12,"14","TPM4"
1.57075765329576e-16,0.566894196178287,0.847,0.62,3.84081661383879e-12,"14","IRF1"
1.9609430279196e-16,0.867492752927432,0.588,0.354,4.794897891869e-12,"14","BAX"
1.9797352098883e-16,0.992952524327968,0.327,0.149,4.84084853521886e-12,"14","HPRT1"
2.83351394180284e-16,0.80808840070859,0.391,0.191,6.92850829049631e-12,"14","ILK"
2.86378567025634e-16,0.743209478922638,0.554,0.313,7.00252872091081e-12,"14","NDUFA12"
3.30104392813956e-16,0.862941883542523,0.381,0.186,8.07171261308686e-12,"14","SEC14L1"
3.68529639124925e-16,0.727679643869915,0.466,0.243,9.01128673588267e-12,"14","SASH3"
4.010990620866e-16,0.67042340367388,0.429,0.21,9.80767426614153e-12,"14","STIP1"
4.27445302276329e-16,0.649433598158032,0.636,0.41,1.04518925312608e-11,"14","CALM3"
4.80629794431769e-16,0.739852108582803,0.497,0.276,1.17523597334456e-11,"14","SCP2"
5.16371371044607e-16,0.462909634424404,0.881,0.622,1.26263127647827e-11,"14","DDIT4"
6.14156065097502e-16,0.849105573382878,0.442,0.237,1.50173441037641e-11,"14","SFT2D1"
6.80676341064878e-16,0.966382479529339,0.357,0.175,1.66438978917184e-11,"14","MRPL14"
9.61642991208411e-16,0.754035441976274,0.286,0.12,2.35140944210281e-11,"14","CD244"
1.0446403884623e-15,0.714437901253384,0.84,0.604,2.55435467786801e-11,"14","SQSTM1"
1.09008609737537e-15,0.699532523400103,0.609,0.376,2.66547852530225e-11,"14","PRELID1"
1.10085655065637e-15,0.536799285872293,0.646,0.371,2.69181443766495e-11,"14","GZMH"
1.21932745931115e-15,0.564635389629011,0.741,0.5,2.98149950350761e-11,"14","PARK7"
1.94516827282909e-15,1.01968782656356,0.259,0.109,4.75632546072169e-11,"14","NFKBID"
2.00996127590509e-15,0.411059683826949,0.952,0.809,4.91475731184312e-11,"14","PSME1"
2.03476798433132e-15,0.913267416605856,0.425,0.23,4.97541467528694e-11,"14","H2AFY"
2.22268595554903e-15,1.00138737222689,0.303,0.138,5.43491169850849e-11,"14","USP1"
2.26654273512888e-15,0.750138411985944,0.354,0.168,5.54215029593714e-11,"14","MPG"
2.61951355369762e-15,0.675446456214644,0.612,0.37,6.40523454150142e-11,"14","CDC42SE1"
2.704689125722e-15,0.622181123282324,0.497,0.27,6.61350585021543e-11,"14","SLA2"
2.71218592214352e-15,0.853365655589114,0.282,0.121,6.63183701682534e-11,"14","CENPX"
3.20964011324165e-15,0.90897600741141,0.364,0.179,7.84821200489849e-11,"14","LSM4"
3.90063556325058e-15,0.761061033570885,0.493,0.277,9.53783407926032e-11,"14","NDUFA11"
4.52903831795972e-15,0.602734149187514,0.772,0.545,1.10744044950751e-10,"14","RAP1B"
4.90148781853898e-15,0.5161719414972,0.544,0.294,1.19851180138915e-10,"14","MATK"
5.53076842642493e-15,0.816585862248902,0.643,0.457,1.35238349562942e-10,"14","H2AFV"
6.11314292996735e-15,0.708521237203459,0.527,0.31,1.49478570923562e-10,"14","PSMA1"
1.00246132446207e-14,0.547041628501224,0.806,0.618,2.45121843057466e-10,"14","PDIA3"
1.0430584223154e-14,0.718139060501294,0.534,0.314,2.55048645424561e-10,"14","ANAPC11"
1.0683966345331e-14,0.596196205850294,0.599,0.366,2.61244345076035e-10,"14","CD63"
1.16404042669923e-14,1.01168729011371,0.286,0.129,2.84631165136496e-10,"14","DNAJC9"
1.53222303312758e-14,0.68046711500416,0.463,0.249,3.74659176060357e-10,"14","ICAM2"
1.66601992521128e-14,0.607513286525875,0.595,0.358,4.07375192112662e-10,"14","RAB5IF"
1.74701212567456e-14,0.702802738861057,0.398,0.202,4.27179404969945e-10,"14","POLR2G"
1.7559476963142e-14,0.975696939806871,0.31,0.145,4.29364330702749e-10,"14","CARHSP1"
1.78791076918184e-14,0.8951026210825,0.31,0.144,4.37179941280345e-10,"14","PSMA2"
1.93773827481634e-14,0.854201239141738,0.279,0.123,4.73815762958092e-10,"14","UBE2V2"
2.4912205734837e-14,0.770759157936282,0.361,0.175,6.09153254628234e-10,"14","FDPS"
2.53427809907793e-14,0.74824204274664,0.391,0.201,6.19681680786535e-10,"14","SAR1B"
2.71744145077922e-14,0.580642114266421,0.626,0.39,6.64468783544536e-10,"14","CSNK2B"
3.02138504932925e-14,0.597738158042513,0.707,0.501,7.38789072261988e-10,"14","PPP1CA"
3.06818742825799e-14,0.971283043574936,0.33,0.163,7.50233189957643e-10,"14","TRAF1"
3.9478211781357e-14,0.835095810989301,0.864,0.766,9.65321234477741e-10,"14","HMGB1"
4.00641881262148e-14,0.784404271694437,0.33,0.157,9.79649528062205e-10,"14","HAT1"
4.19090619561071e-14,0.799264600692788,0.33,0.159,1.02476038295073e-09,"14","RPA2"
4.26932180898542e-14,0.670881500663952,0.466,0.25,1.04393456873311e-09,"14","CHST12"
4.34882865413972e-14,0.8216034201317,0.405,0.218,1.06337558251024e-09,"14","RANBP1"
4.62592331422276e-14,0.770068591668122,0.439,0.237,1.13113076879375e-09,"14","ELL2"
4.76972027811861e-14,0.534693411020454,0.793,0.54,1.16629200240556e-09,"14","DNAJB6"
4.85125949196075e-14,0.825283852921916,0.34,0.166,1.18622997097424e-09,"14","SMS"
4.99348851591992e-14,0.581442634328803,0.497,0.279,1.22100781191274e-09,"14","NDUFS8"
5.10856377644775e-14,0.265171600594294,1,0.991,1.249146014617e-09,"14","HLA-A"
5.35959075806287e-14,0.722306848964202,0.5,0.29,1.31052713216153e-09,"14","PSMA3"
7.00249467079976e-14,0.655348031867758,0.595,0.375,1.71224999690396e-09,"14","IFNGR1"
9.04421306609684e-14,1.15508150003049,0.446,0.268,2.211490978922e-09,"14","DUT"
1.13412774628803e-13,0.850261333599111,0.367,0.19,2.77316916522348e-09,"14","BLOC1S1"
1.21499383319367e-13,0.677963814753511,0.616,0.392,2.97090292092517e-09,"14","TAP1"
1.3519352109576e-13,0.452706729314256,0.888,0.673,3.30575197783353e-09,"14","TGFB1"
1.58583409820961e-13,0.866366212389741,0.303,0.142,3.87768153694213e-09,"14","TMEM71"
1.74911960416919e-13,0.824121931802895,0.289,0.134,4.2769472561145e-09,"14","RIN3"
2.00319086799095e-13,0.72598731443068,0.289,0.131,4.89820231041148e-09,"14","BID"
2.29015851572326e-13,0.574725911396773,0.67,0.447,5.59989560264651e-09,"14","PSMB10"
2.93058087104732e-13,0.700999566815518,0.422,0.229,7.16585634588490e-09,"14","CBX3"
3.41576731744434e-13,0.66097645874346,0.442,0.245,8.3522342446149e-09,"14","MRPL51"
3.65094598694024e-13,0.833414548826259,0.344,0.173,8.92729312726626e-09,"14","PIM1"
4.04704982096627e-13,0.570789222573238,0.554,0.326,9.89584622222673e-09,"14","BAZ1A"
4.96785762237939e-13,1.212073376235,0.408,0.233,1.21474054582421e-08,"14","XCL1"
5.05222321583702e-13,0.541893433038668,0.66,0.431,1.23536962073647e-08,"14","PAXX"
5.80692001381245e-13,0.865425977889273,0.415,0.241,1.41990808177742e-08,"14","DDX39A"
6.88300926923459e-13,0.760834175676219,0.367,0.195,1.68303342651324e-08,"14","PSMC1"
7.00413584631127e-13,0.576433170975701,0.65,0.444,1.71265129714003e-08,"14","GNG5"
8.53028045876838e-13,0.575557214240116,0.51,0.292,2.08582417777804e-08,"14","PSMB2"
8.95775574777649e-13,0.723578588606935,0.347,0.175,2.19035043544631e-08,"14","IER3IP1"
1.27822147278569e-12,1.67898907149217,0.643,0.525,3.12550714525557e-08,"14","TUBA1B"
1.37136780065926e-12,0.564877681885644,0.588,0.384,3.35326854617201e-08,"14","ERH"
1.49163692147042e-12,0.751034792646863,0.279,0.13,3.64735060037948e-08,"14","AKR7A2"
1.50110445054496e-12,0.820012239400738,0.31,0.152,3.67050060247254e-08,"14","ATOX1"
2.00605907595515e-12,0.263349996695176,1,0.99,4.90521565252553e-08,"14","HLA-C"
2.1360054601867e-12,0.436416018806558,0.803,0.642,5.22296055124852e-08,"14","COX6C"
2.1391859564641e-12,0.648109629271487,0.306,0.147,5.23073750074601e-08,"14","PPIH"
2.4442669777494e-12,0.381182298875492,0.782,0.514,5.97672161399284e-08,"14","SYTL3"
2.46597183478974e-12,0.755716880026116,0.296,0.143,6.02979433042788e-08,"14","PLEKHF1"
2.90694120834613e-12,0.795851498414686,0.333,0.172,7.10805264264796e-08,"14","METRNL"
2.99581455605645e-12,0.71180046003304,0.435,0.252,7.32536575246922e-08,"14","CKS2"
3.09289621187911e-12,0.696496647110398,0.422,0.239,7.56274981728679e-08,"14","IDH2"
3.35683293083855e-12,0.540836861641274,0.476,0.27,8.20812788248643e-08,"14","FKBP11"
3.35931691743687e-12,0.73665513212966,0.357,0.187,8.21420172651664e-08,"14","TMX1"
3.54904142335045e-12,0.377606525866522,0.986,0.918,8.67811608837651e-08,"14","PPIA"
3.55476076333004e-12,0.737016522839628,0.337,0.173,8.69210101849462e-08,"14","RPA3"
4.08598202029343e-12,0.78343115220171,0.327,0.167,9.9910432360215e-08,"14","PRDX3"
4.52128400503684e-12,0.670854112231928,0.388,0.208,1.10554436491161e-07,"14","NUTF2"
5.08262411417412e-12,0.523603766507041,0.503,0.292,1.24280324839786e-07,"14","CASP4"
7.18447775544746e-12,0.652958130854496,0.391,0.214,1.75674850076201e-07,"14","PSMD2"
7.19413952641662e-12,0.546852121779176,0.714,0.539,1.75911099699939e-07,"14","RBM3"
7.20960840129672e-12,0.677408183262989,0.32,0.161,1.76289344628507e-07,"14","UBE2E3"
8.68712477377598e-12,0.723220130285757,0.422,0.24,2.1241757496837e-07,"14","TNIP1"
8.71796854756153e-12,0.71332405495813,0.333,0.172,2.13171766924975e-07,"14","ARPC4"
8.75026236796656e-12,0.530447004958229,0.673,0.436,2.13961415421518e-07,"14","GPR65"
9.30554887588777e-12,0.899098986115387,0.255,0.121,2.27539281113208e-07,"14","CDK11A"
9.40919376246593e-12,0.65073695165026,0.49,0.298,2.30073605879817e-07,"14","SNRPD1"
1.04399744378131e-11,0.47301422924108,0.755,0.528,2.55278254953405e-07,"14","LY6E"
1.08973872962733e-11,0.687547886264918,0.357,0.19,2.66462914168475e-07,"14","MRPL18"
1.15255193979435e-11,0.713797881350788,0.255,0.118,2.81822000318516e-07,"14","CHCHD3"
1.23035245110632e-11,0.50537534653744,0.639,0.405,3.00845781344517e-07,"14","CDK2AP2"
1.40017329993092e-11,0.502567566429813,0.724,0.526,3.42370375299109e-07,"14","HNRNPA3"
1.49348386537144e-11,0.658374344705555,0.578,0.403,3.65186674760625e-07,"14","COX5A"
1.59987299632399e-11,0.6625185081342,0.313,0.157,3.91200945061143e-07,"14","GLRX5"
1.8266236477731e-11,0.655316684196073,0.357,0.187,4.46646014353478e-07,"14","PDIA4"
2.48372533660752e-11,0.680351405100419,0.391,0.219,6.0732051930727e-07,"14","SNRPE"
2.67295650344308e-11,0.399900788657704,0.854,0.694,6.53591324221902e-07,"14","COX6A1"
2.80453395142443e-11,0.600288725697509,0.378,0.205,6.85764641802303e-07,"14","LSM5"
2.80891749968173e-11,0.719295409433443,0.344,0.19,6.86836507022176e-07,"14","BCL2A1"
4.31933200083224e-11,0.802609922695131,0.286,0.142,1.0561630608435e-06,"14","SSSCA1"
6.0575502784387e-11,0.617049775446453,0.405,0.23,1.48119219408383e-06,"14","RNASEH2C"
6.61850048312793e-11,0.589838790587348,0.524,0.329,1.61835573813444e-06,"14","POLR2K"
7.04230529715978e-11,0.579335849610501,0.378,0.207,1.72198449126151e-06,"14","LPCAT1"
7.25175967877104e-11,0.39831625933442,0.884,0.686,1.77320027665309e-06,"14","ITGB2"
7.48632618907348e-11,0.512047967285254,0.789,0.606,1.83055647975225e-06,"14","LIMD2"
7.79678998322312e-11,0.796159378509925,0.279,0.139,1.90647108669772e-06,"14","NDUFB8"
7.92518999059804e-11,0.611011871536778,0.252,0.119,1.93786745650103e-06,"14","MRPL13"
9.74422464845309e-11,0.663092878659489,0.303,0.154,2.38265781103975e-06,"14","CCDC124"
1.06221934346916e-10,0.412779995992185,0.752,0.519,2.59733873865079e-06,"14","ARF6"
1.0761159300049e-10,0.544369059795051,0.667,0.534,2.63131867204798e-06,"14","HNRNPF"
1.11556458638137e-10,0.803766112336415,0.544,0.384,2.72777852661972e-06,"14","DEK"
1.12997678941668e-10,0.565666796786711,0.541,0.355,2.76301924548166e-06,"14","BST2"
1.15158899952402e-10,0.60931712933433,0.337,0.179,2.81586542163614e-06,"14","FDFT1"
1.20127289855373e-10,0.545756323850972,0.524,0.333,2.93735249154359e-06,"14","CCND2"
1.31004161298561e-10,0.570937094126074,0.388,0.214,3.20331375207242e-06,"14","SRA1"
1.41018859212117e-10,0.792809339262927,0.289,0.148,3.44819314545469e-06,"14","GNPTAB"
1.43644777459704e-10,0.601467414549123,0.374,0.208,3.51240209844468e-06,"14","FAAP20"
1.45022370295861e-10,0.519928864748944,0.514,0.314,3.54608699847439e-06,"14","SEC11A"
1.47013480707015e-10,0.387447669812734,0.534,0.321,3.59477363024792e-06,"14","IQGAP2"
1.47193013650205e-10,0.523906846522225,0.524,0.327,3.59916356977481e-06,"14","COX17"
1.54212276112489e-10,0.598573482103721,0.503,0.322,3.77079857550257e-06,"14","HMGN3"
1.66443440534538e-10,0.672321175931181,0.486,0.311,4.06987500795052e-06,"14","SERPINB1"
1.68645219015536e-10,0.76067268341243,0.323,0.176,4.12371289536789e-06,"14","GLIPR2"
1.82148732750274e-10,0.632044825109896,0.401,0.231,4.4539008132097e-06,"14","RAB8A"
1.96531007866977e-10,0.583218827200065,0.35,0.189,4.80557620436332e-06,"14","HSPB11"
2.03308432295152e-10,0.57233550000965,0.476,0.29,4.97129778648105e-06,"14","SUPT4H1"
2.49672871078643e-10,0.719190198329298,0.293,0.151,6.10500104361497e-06,"14","GPAA1"
2.5499489030646e-10,0.352805327320362,0.908,0.753,6.23513505777357e-06,"14","ARPC3"
2.60777395048186e-10,0.577504834510624,0.67,0.516,6.37652886371824e-06,"14","ENO1"
2.72910665537149e-10,0.521392587651007,0.412,0.232,6.67321159371437e-06,"14","COX16"
2.81422598247939e-10,0.570297026583563,0.337,0.178,6.88134537235861e-06,"14","LSM2"
2.89028340355365e-10,0.505551702082495,0.568,0.373,7.06732097836939e-06,"14","ILF2"
2.9453600832296e-10,0.585423343747024,0.344,0.185,7.20199447551302e-06,"14","CTDSP1"
2.95424428032658e-10,0.666947744677699,0.429,0.259,7.22371811425456e-06,"14","FKBP2"
3.28437184867489e-10,0.735185568881066,0.252,0.124,8.03094604437985e-06,"14","CREB1"
3.29685400405486e-10,0.359074468408479,0.878,0.665,8.06146741071495e-06,"14","RARRES3"
3.3354240999665e-10,0.359644618387597,0.857,0.742,8.15577900923808e-06,"14","CLIC1"
3.60487635003494e-10,0.706665414735459,0.259,0.127,8.81464365110544e-06,"14","GUSB"
3.7151504517861e-10,0.666494747442268,0.395,0.23,9.08428588470737e-06,"14","TANK"
3.71702956244627e-10,0.480865972499031,0.503,0.307,9.08888068609361e-06,"14","ORAI1"
4.25185029441427e-10,0.580706793949313,0.296,0.152,1.03966243399018e-05,"14","TESC"
4.66604641796826e-10,0.579218898451543,0.432,0.264,1.1409416701216e-05,"14","NFKB2"
4.98909060824817e-10,0.567694837908932,0.531,0.357,1.21993243552884e-05,"14","PSMA6"
5.29492035268974e-10,0.453162027785719,0.602,0.402,1.2947139246397e-05,"14","ATP5PF"
6.10725444191929e-10,0.744211198875909,0.276,0.142,1.49334585613811e-05,"14","FLOT1"
6.357497777095e-10,0.39894409779105,0.891,0.727,1.55453535645527e-05,"14","PPIB"
6.37960064810876e-10,0.500847114535773,0.724,0.515,1.55993995047555e-05,"14","IL2RG"
6.58434474391007e-10,0.574760216497333,0.463,0.283,1.61000397678089e-05,"14","MYDGF"
6.6152692338909e-10,0.574983644728938,0.493,0.315,1.617565633071e-05,"14","ABHD17A"
8.22949833944326e-10,0.452303557369709,0.483,0.29,2.01227693396067e-05,"14","SYNE2"
8.57279844902449e-10,0.536273120437761,0.486,0.304,2.09622067675547e-05,"14","VDAC1"
8.91818239767498e-10,0.620084759321724,0.255,0.127,2.18067395987949e-05,"14","PLSCR1"
1.04966250281696e-09,0.508626182120552,0.286,0.146,2.56663475188803e-05,"14","RABL6"
1.12644120448599e-09,0.718516732742132,0.354,0.203,2.75437403320915e-05,"14","C1D"
1.26928290516007e-09,0.592093063483056,0.435,0.266,3.10365055969739e-05,"14","MRPS6"
1.43802246985942e-09,0.547828701310941,0.289,0.149,3.51625254330025e-05,"14","TIMM13"
1.44975447194914e-09,0.544537389050288,0.687,0.484,3.54493963481005e-05,"14","SDCBP"
1.46237013379408e-09,0.390922176918536,0.602,0.395,3.57578745115328e-05,"14","GPBP1"
1.63686641113798e-09,0.377740417260593,0.745,0.555,4.00246574851459e-05,"14","HSPD1"
1.64475814219736e-09,0.750010790428247,0.296,0.158,4.021762609301e-05,"14","AK2"
1.66300569611129e-09,0.712798510566754,0.279,0.148,4.06638152813132e-05,"14","TGFBR3"
1.66769234141839e-09,0.627983808052055,0.371,0.218,4.07784131323624e-05,"14","PSMC3"
1.7862522186585e-09,0.456484159955125,0.711,0.526,4.36774392506377e-05,"14","MSN"
1.82396747911515e-09,0.429995426500958,0.677,0.479,4.45996527993238e-05,"14","NFE2L2"
1.96627086295485e-09,0.511926818841553,0.259,0.132,4.80792551409719e-05,"14","TYMP"
2.02687837436637e-09,0.450376864720701,0.561,0.359,4.95612300100065e-05,"14","PRDX6"
2.10322709261889e-09,0.595563120339065,0.388,0.222,5.1428108868717e-05,"14","TES"
2.27342726766439e-09,0.497228841010514,0.514,0.337,5.55898435489296e-05,"14","SRP9"
2.53466374396105e-09,0.380674341393225,0.789,0.618,6.19775978673356e-05,"14","PSMA7"
2.54455688162258e-09,0.434692288145536,0.752,0.56,6.22195048694354e-05,"14","BZW1"
2.84962158895242e-09,0.563567664820005,0.357,0.205,6.96789470930645e-05,"14","NDUFB3"
3.06258232824121e-09,0.300096607460217,1,0.986,7.4886263090154e-05,"14","PTMA"
3.21835380920698e-09,0.445223343303197,0.252,0.125,7.8695187342729e-05,"14","DCK"
3.350444840113e-09,0.431045730366267,0.507,0.321,8.19250772304431e-05,"14","PPP4C"
3.41747800619291e-09,0.500477777399779,0.381,0.22,8.3564172207429e-05,"14","SAR1A"
3.60492681949146e-09,0.432283808354652,0.544,0.354,8.81476705902053e-05,"14","RUNX3"
3.63660296316961e-09,0.493661607310509,0.469,0.298,8.89222156554232e-05,"14","AP2M1"
3.76377846275957e-09,0.56302946322559,0.422,0.257,9.20319109713969e-05,"14","DCTN3"
3.94833892309791e-09,0.502434908944281,0.527,0.348,9.65447833475902e-05,"14","PDIA6"
3.99062098297355e-09,0.548014070844236,0.313,0.172,9.75786642756693e-05,"14","SIRT2"
4.34555353814681e-09,0.402302460469647,0.762,0.573,0.000106257475114766,"14","ALOX5AP"
5.40642072076434e-09,0.494698358478499,0.633,0.454,0.00013219779946413,"14","NME2"
5.54770800322748e-09,0.693590557873997,0.259,0.135,0.000135652556094918,"14","HIGD1A"
5.8250356540696e-09,0.498067896242208,0.52,0.336,0.00014243377181331,"14","PSMA5"
5.83358974832175e-09,0.550470258249465,0.31,0.169,0.000142642936525963,"14","CEP57"
5.92710289362346e-09,0.469470954236588,0.578,0.395,0.000144929519954881,"14","ARPC5"
5.95146437210096e-09,0.587173153011941,0.442,0.28,0.000145525206826613,"14","NFKBIZ"
5.96214167871442e-09,0.458377637596042,0.537,0.367,0.000145786288327925,"14","NDUFA6"
6.14055603093879e-09,0.447031849752282,0.463,0.288,0.000150148876068515,"14","SDF4"
7.51288898131614e-09,0.699749444679548,0.473,0.321,0.000183705161371142,"14","CLDND1"
7.66969658696354e-09,0.424989180539838,0.782,0.637,0.000187539420944432,"14","RAN"
7.67832332750421e-09,0.679375358038642,0.347,0.202,0.000187750362004133,"14","RAB9A"
8.32030219296312e-09,0.489409697663087,0.609,0.425,0.000203448029222334,"14","FLNA"
8.6023765093353e-09,0.430295335385057,0.551,0.353,0.000210345310406267,"14","ZAP70"
8.67363678817318e-09,0.987001324030173,0.255,0.138,0.00021208776674441,"14","TMPO"
8.70660250278924e-09,0.564479149865566,0.405,0.247,0.000212893844398203,"14","FUNDC2"
9.7438818687848e-09,0.291229252201807,0.915,0.828,0.000238257399455526,"14","HSP90AB1"
1.00178178536607e-08,0.560890498876767,0.34,0.197,0.000244955682157712,"14","HSBP1"
1.00794687890047e-08,0.373579939182949,0.68,0.479,0.000246463170828744,"14","ATP5MC3"
1.08157844333213e-08,0.419596558980079,0.592,0.41,0.000264467560963573,"14","FAM49B"
1.13536336820279e-08,0.708876019534019,0.293,0.163,0.000277619050792947,"14","TIPRL"
1.16835824331479e-08,0.597234658457787,0.279,0.151,0.000285686957655333,"14","AP1S2"
1.21578705324021e-08,0.380265937699505,0.677,0.493,0.000297284250258297,"14","ACTR3"
1.23377392954053e-08,0.431701245688895,0.677,0.523,0.000301682401251252,"14","HMGN1"
1.28091614260732e-08,0.627736914836832,0.265,0.139,0.000313209615190342,"14","ARL6IP6"
1.28580835955765e-08,0.511338406536737,0.469,0.305,0.000314405860079035,"14","HNRNPR"
1.34398781887467e-08,0.579842493937207,0.357,0.211,0.000328631901471235,"14","PHPT1"
1.39120508029478e-08,0.610751502214759,0.412,0.258,0.000340177466233681,"14","RHEB"
1.53689277741011e-08,0.456640723689381,0.381,0.224,0.00037580102193232,"14","STMP1"
1.57874011169562e-08,0.597645740242562,0.269,0.144,0.000386033532111814,"14","MOB3A"
1.59794910892693e-08,0.474988657453608,0.344,0.196,0.000390730516114814,"14","SDF2L1"
1.67183692561726e-08,0.572791515738059,0.534,0.388,0.000408797565051933,"14","RALY"
1.8308070541862e-08,0.311276076052428,0.861,0.768,0.000447668940889611,"14","RHOA"
1.87527215312176e-08,0.536921583507869,0.252,0.131,0.000458541546881333,"14","SNRNP27"
1.94564151728602e-08,0.453495271549459,0.469,0.294,0.000475748263806779,"14","DDT"
1.94613245057561e-08,0.346537560898511,0.765,0.572,0.000475868306814749,"14","CTSW"
2.19084818480735e-08,0.588512295388892,0.418,0.268,0.000535706198149093,"14","RBBP4"
2.24762972823826e-08,0.581129190940072,0.663,0.534,0.000549590421148819,"14","SLC25A5"
2.2887559081057e-08,0.63268385345694,0.255,0.135,0.000559646594650006,"14","GOLT1B"
2.43619781470345e-08,0.375595868227999,0.357,0.205,0.000595699089651286,"14","NDUFC2"
2.65521864715734e-08,0.32159255941114,0.905,0.804,0.000649254063602913,"14","HNRNPA2B1"
3.00492770008035e-08,0.503876965855648,0.367,0.218,0.000734764921223646,"14","HIF1A"
3.29221587576503e-08,0.393836989408346,0.435,0.266,0.000805012625942066,"14","KDELR2"
3.5939019440713e-08,0.460264258759679,0.643,0.5,0.000878780903364315,"14","SET"
3.69016071391452e-08,0.349782635932202,0.568,0.379,0.000902318097766379,"14","KRT10"
3.98535431917681e-08,0.589638989482431,0.32,0.187,0.000974498838125114,"14","CASP3"
4.03372037908279e-08,0.469486018524111,0.435,0.272,0.000986325307093324,"14","LYST"
5.38402659269767e-08,0.6060156832607,0.265,0.145,0.00131650218244644,"14","SMC3"
5.55126869261529e-08,0.334322353188359,0.483,0.312,0.00135739622071829,"14","SLC7A5"
5.85348703960845e-08,0.380526822386027,0.687,0.529,0.00143129465092506,"14","SERBP1"
6.56492937483668e-08,0.433109942974587,0.503,0.337,0.00160525653073506,"14","AURKAIP1"
6.69259257195886e-08,0.439484382745247,0.507,0.336,0.00163647273569538,"14","TMED2"
6.89085324459678e-08,0.402575550498144,0.49,0.318,0.00168495143536881,"14","NONO"
6.90204171456923e-08,0.522355260683954,0.344,0.207,0.00168768724004647,"14","MEA1"
7.55229866431164e-08,0.668769784269687,0.299,0.174,0.00184668806939748,"14","TIMM8B"
7.78121415010505e-08,0.396289404723861,0.534,0.372,0.00190266248398369,"14","EIF1AX"
8.04389765879205e-08,0.683387636024667,0.272,0.151,0.00196689385552783,"14","PEF1"
8.30152605620982e-08,0.433900579138574,0.269,0.145,0.00202988915126442,"14","FAM96A"
8.54759125108497e-08,0.613532510897465,0.293,0.169,0.0020900570127153,"14","NDUFS3"
8.57031838011278e-08,0.479701944173713,0.327,0.19,0.00209561425030518,"14","CISD2"
8.906846370868e-08,0.403740362057774,0.585,0.416,0.00217790207460464,"14","ARF5"
8.95740528130798e-08,0.468851416103175,0.517,0.346,0.00219026473938543,"14","PPP2CA"
9.68053723833886e-08,0.474504632981814,0.401,0.251,0.00236708496551862,"14","RBM17"
1.03612120992145e-07,0.408655166674129,0.459,0.3,0.00253352358249993,"14","PIM3"
1.08118308195134e-07,0.601843483745151,0.269,0.15,0.00264370887198743,"14","MGMT"
1.18883014319904e-07,0.501263977991465,0.255,0.139,0.0029069274661503,"14","PDXK"
1.19148877443462e-07,0.284897325497425,0.752,0.54,0.00291342835124753,"14","VPS37B"
1.2834830948094e-07,0.304211597665021,0.741,0.566,0.00313837286342795,"14","ADGRE5"
1.35011094900664e-07,0.325579062524798,0.493,0.316,0.00330129129251104,"14","UBE2A"
1.39026667284378e-07,0.566900832760357,0.276,0.155,0.00339948006843761,"14","HSD17B10"
1.45249618612252e-07,0.524075850286018,0.279,0.157,0.00355164367430679,"14","CD58"
1.71875212552461e-07,0.348489677606776,0.776,0.587,0.00420269269733277,"14","CD53"
1.84630005625886e-07,0.551471318973834,0.48,0.34,0.00451457289756416,"14","PA2G4"
1.85850443997696e-07,0.456276359824637,0.476,0.322,0.00454441505663166,"14","CCT2"
1.87007790783869e-07,0.435135625558695,0.344,0.203,0.00457271450024718,"14","MIEN1"
1.8880191711799e-07,0.447529247470447,0.405,0.253,0.0046165844773691,"14","USP11"
2.00201461205094e-07,0.477913570537249,0.276,0.154,0.00489532612938695,"14","NT5C"
2.01994243143511e-07,0.252066005423914,0.388,0.231,0.00493916323334514,"14","PHF20L1"
2.060519004405e-07,0.471192899226691,0.33,0.195,0.00503838106957111,"14","CYC1"
2.08722990513133e-07,0.519829692102117,0.299,0.173,0.00510369456402712,"14","RBBP7"
2.11111925336653e-07,0.441595039414566,0.276,0.154,0.00516210879833183,"14","OVCA2"
2.20180604195246e-07,0.44976614064949,0.605,0.469,0.00538385613378216,"14","SNRPB"
2.24565894951453e-07,0.332707656518253,0.35,0.205,0.00549108526335294,"14","SZRD1"
2.2668036268784e-07,0.309018843549789,0.432,0.269,0.00554278822844307,"14","MAP2K2"
2.37205116501316e-07,0.43784740080056,0.534,0.356,0.00580013950869018,"14","RASSF5"
2.39647643242869e-07,0.446906957328647,0.483,0.317,0.00585986417257464,"14","SPN"
2.50609578336323e-07,0.45542490582449,0.276,0.155,0.00612790540947976,"14","SMIM12"
2.52154916863651e-07,0.56602142775105,0.255,0.143,0.00616569202715,"14","TNIP2"
2.64523713899685e-07,0.565367474060306,0.272,0.156,0.00646813385227511,"14","IGF2R"
2.66246843844615e-07,0.376052717423764,0.595,0.43,0.00651026782568854,"14","NDUFA13"
2.74542766775208e-07,0.414367091446982,0.486,0.321,0.00671311973318738,"14","LAMP1"
2.87909969112743e-07,0.324529490795065,0.806,0.684,0.00703997456474478,"14","PCBP1"
3.04459647665972e-07,0.521243626697542,0.255,0.141,0.00744464730472835,"14","STX8"
3.16778539519498e-07,0.342355073036777,0.327,0.19,0.00774586884833077,"14","TNFSF14"
3.23821917002016e-07,0.475002316471245,0.432,0.283,0.0079180935145333,"14","SRP19"
3.47343124333798e-07,0.553565300534864,0.255,0.144,0.00849323407621004,"14","SUPT16H"
3.48418688965953e-07,0.507990543204118,0.286,0.164,0.00851953378259549,"14","MRPS12"
3.56331440004591e-07,0.441131359308107,0.32,0.19,0.00871301637099226,"14","DNM2"
3.5950642056896e-07,0.505232427715973,0.262,0.147,0.00879065099575222,"14","MCRIP1"
3.76658090227331e-07,0.343636590933452,0.578,0.409,0.00921004362223869,"14","ATP5MPL"
3.83490218694449e-07,0.412253945783812,0.412,0.263,0.00937710282751666,"14","IFI16"
3.92340013235367e-07,0.305799844722346,0.289,0.162,0.00959349800363119,"14","ITGB1BP1"
3.99525217603941e-07,0.545962454579346,0.269,0.153,0.00976919062085157,"14","PSMC2"
4.04127487194531e-07,0.397413029096418,0.561,0.392,0.00988172531688068,"14","NEDD8"
4.0805721953801e-07,0.326574479345874,0.585,0.41,0.00997781513214341,"14","SEM1"
4.09289039043172e-07,0.336550735504444,0.514,0.343,0.0100079355826836,"14","UBE2N"
4.23545973295062e-07,0.406642113013613,0.469,0.318,0.0103565461390109,"14","RAD21"
4.28352502431433e-07,0.463629207390578,0.279,0.158,0.0104740753894534,"14","EIF2S1"
4.56833161483147e-07,0.445195498000032,0.357,0.22,0.0111704844645859,"14","TCIRG1"
4.5947260237847e-07,0.409491650104095,0.531,0.364,0.0112350240733583,"14","RBX1"
4.67542645541001e-07,0.429199683179765,0.466,0.315,0.0114323527687686,"14","ECH1"
4.69056977655389e-07,0.266486360825605,0.582,0.395,0.0114693812176296,"14","APMAP"
4.71407474259711e-07,0.375582495493474,0.269,0.149,0.0115268555605985,"14","RECQL"
4.79874818432472e-07,0.364476055701984,0.622,0.468,0.0117338990603108,"14","PKM"
4.91942728975099e-07,0.475799596588792,0.286,0.165,0.0120289836088991,"14","SARNP"
5.00218582340056e-07,0.335533760515113,0.395,0.248,0.0122313447753791,"14","MMADHC"
5.02813687853795e-07,0.326113274252304,0.503,0.339,0.012294800295401,"14","STAT1"
5.18206327972522e-07,0.251891962048375,0.282,0.157,0.0126711811315841,"14","SNRPA1"
5.31136500697648e-07,0.287613745555575,0.456,0.294,0.0129873497150589,"14","SATB1"
5.31342959595176e-07,0.660959104836563,0.32,0.195,0.0129923980480212,"14","IER5"
5.97459091136826e-07,0.308919589280756,0.765,0.621,0.0146090696964777,"14","COX7A2"
6.20850259380121e-07,0.65718998133252,0.276,0.164,0.0151810305423627,"14","TMBIM1"
6.2933823713444e-07,0.400293979018433,0.599,0.431,0.0153885785744113,"14","TRAPPC1"
6.3788481042019e-07,0.566471037413528,0.31,0.188,0.0155975593843945,"14","NUDT21"
6.52760011904695e-07,0.418088637882181,0.289,0.167,0.0159612878110936,"14","CHMP4A"
7.01676750640317e-07,0.370639740437835,0.279,0.16,0.017157399906657,"14","UGP2"
7.16268005030324e-07,0.494676324897762,0.316,0.193,0.0175141852590015,"14","DNAJB11"
7.4389219471405e-07,0.549961702552923,0.286,0.167,0.018189651945148,"14","U2AF1"
7.85679144339164e-07,0.406174211108444,0.296,0.173,0.0192114264373812,"14","SLC44A2"
7.90803461103795e-07,0.49325566483135,0.31,0.185,0.01933672623091,"14","DAZAP1"
7.91779317138777e-07,0.339073308223821,0.52,0.358,0.0193605878626774,"14","TMED10"
8.44494478861012e-07,0.427266781530167,0.378,0.242,0.0206495789971095,"14","AHSA1"
8.58909638823263e-07,0.322476785485381,0.626,0.458,0.0210020584885064,"14","WDR83OS"
9.65939175494508e-07,0.321275151463957,0.561,0.388,0.0236191447191917,"14","GNB2"
9.66132790165148e-07,0.345354201785594,0.609,0.461,0.0236238789851182,"14","PSMB8"
9.74621924435871e-07,0.425352256850506,0.286,0.166,0.0238314552963059,"14","SLC25A39"
1.03821013999213e-06,0.260330223155189,0.803,0.617,0.0253863143430876,"14","IER2"
1.08548091711556e-06,0.278480214192121,0.772,0.596,0.0265421793853097,"14","RBM8A"
1.09273062540475e-06,0.294296681671133,0.864,0.742,0.0267194492523969,"14","SUB1"
1.10130388452903e-06,0.488826311292269,0.337,0.208,0.0269290825845038,"14","DBNL"
1.10723756937984e-06,0.413031720959478,0.286,0.167,0.0270741730464757,"14","ELAVL1"
1.11654910968018e-06,0.37631910329881,0.299,0.176,0.0273018588298997,"14","MRPL10"
1.15746821606854e-06,0.496230471349691,0.333,0.208,0.0283024128193079,"14","TROVE2"
1.18335372381863e-06,0.535584134392411,0.279,0.166,0.0289353652548132,"14","VTI1B"
1.20875082032221e-06,0.371754729551896,0.306,0.181,0.0295563750585187,"14","BRD7"
1.26863826903614e-06,0.319001246836681,0.381,0.236,0.0310207429544716,"14","MRPL52"
1.27744506643421e-06,0.306839522041189,0.476,0.314,0.0312360867644494,"14","MDH2"
1.37940279431171e-06,0.387453565305536,0.276,0.159,0.0337291571265099,"14","PIK3AP1"
1.42890365765625e-06,0.554063495993564,0.289,0.177,0.0349395522370105,"14","BIRC2"
1.45689231086949e-06,0.475531550007749,0.333,0.205,0.0356239307853807,"14","PSMD4"
1.52211127650286e-06,0.431900394186387,0.33,0.206,0.037218664933048,"14","ERP44"
1.65972094872535e-06,0.349461288200079,0.333,0.204,0.0405834966382322,"14","PDCD10"
1.70657964484953e-06,0.449540074046421,0.449,0.318,0.0417292854758608,"14","HNRNPAB"
1.73067899075071e-06,0.281130216795731,0.306,0.18,0.0423185626818363,"14","MRPS18C"
1.92637245869852e-06,0.482260334982787,0.333,0.21,0.0471036593600961,"14","EMC6"
1.93182654479193e-06,0.400910349658067,0.418,0.274,0.0472370226732523,"14","PSMD7"
1.95847403329261e-06,0.396966289925112,0.384,0.248,0.0478886070620708,"14","SH3GLB1"
1.98573392500478e-06,0.36317578605042,0.565,0.406,0.0485551659342169,"14","ROMO1"
1.99595009574293e-06,0.343224479362822,0.344,0.211,0.0488049717411061,"14","GORASP2"
2.06600792735886e-06,0.49012152515696,0.337,0.214,0.0505180258397788,"14","MYO1G"
2.11619386985082e-06,0.344621731631547,0.296,0.176,0.0517451725055922,"14","SMARCC1"
2.14198014528909e-06,0.319036295019595,0.503,0.343,0.0523756985126088,"14","TUFM"
2.14351119982996e-06,0.402226676735455,0.378,0.244,0.0524131358582422,"14","PFDN2"
2.21309873879306e-06,0.36725568917517,0.35,0.22,0.0541146903609678,"14","DNAJC15"
2.45314312350052e-06,0.486076131175984,0.313,0.194,0.0599842556558347,"14","SUMO3"
2.49977693543519e-06,0.315610741285583,0.384,0.242,0.0611245456252612,"14","TXNL1"
2.72799973084126e-06,0.49637361612933,0.293,0.178,0.0667050494185304,"14","COPS3"
2.7906144852732e-06,0.360450441011122,0.473,0.321,0.0682361053939003,"14","CMTM6"
2.85841072702989e-06,0.282063212262377,0.667,0.507,0.0698938590973348,"14","SNRPG"
2.89447971643114e-06,0.290188696228691,0.439,0.288,0.0707758180261742,"14","PRPF40A"
2.99156208713589e-06,0.375338741549365,0.408,0.269,0.0731496761546469,"14","ARIH2"
3.56846865632173e-06,0.411040289751708,0.306,0.189,0.0872561955843789,"14","UFD1"
3.68690497570344e-06,0.266184344112581,0.677,0.495,0.0901522004659006,"14","TNFRSF1B"
3.80127923705311e-06,0.280773771977213,0.344,0.214,0.0929488799044226,"14","ABCF1"
3.81169935940001e-06,0.324172878493198,0.497,0.344,0.093203672736049,"14","CANX"
3.82172735700737e-06,0.39360621084043,0.354,0.228,0.0934488773335442,"14","SEC13"
3.91926853914492e-06,0.275887187083732,0.84,0.763,0.0958339543191716,"14","CHCHD2"
4.00032493079684e-06,0.366147250871614,0.32,0.2,0.0978159452078442,"14","DERL2"
4.15391949909758e-06,0.453546506038615,0.262,0.156,0.101571639591934,"14","TADA3"
4.1992554573237e-06,0.303505375580439,0.483,0.327,0.102680194442479,"14","DNAJC8"
4.52194163627527e-06,0.300162481857696,0.643,0.486,0.110570516890203,"14","SEC61G"
4.61374676730673e-06,0.378968886748061,0.337,0.213,0.112815335954184,"14","PHF5A"
4.64632591183297e-06,0.339382029006389,0.446,0.305,0.11361196119614,"14","YWHAE"
4.71692310619668e-06,0.277581856811081,0.544,0.385,0.115338203792721,"14","NDUFB9"
4.75151772727788e-06,0.266408570809508,0.517,0.364,0.116184111467399,"14","SLA"
4.76005494956083e-06,0.300141022728843,0.357,0.227,0.116392863626661,"14","PRMT1"
4.78674879692387e-06,0.387442434245316,0.384,0.251,0.117045581582382,"14","LSM3"
4.80268174692513e-06,0.295933324565084,0.616,0.441,0.117435174075813,"14","SPCS2"
5.17551808686763e-06,0.422328047123258,0.412,0.276,0.126551768260087,"14","TMED9"
5.24544448789929e-06,0.308710387651556,0.68,0.529,0.128261608618114,"14","CAP1"
5.32248991109576e-06,0.34458075839872,0.272,0.162,0.130145523306113,"14","RNF126"
5.34205804403287e-06,0.329172149871588,0.371,0.238,0.130624003292692,"14","DGUOK"
5.62101552323629e-06,0.373316619256262,0.476,0.335,0.137445071574174,"14","CCT6A"
5.73660766828586e-06,0.336130152750697,0.554,0.399,0.140271530704926,"14","TCF25"
6.08890920281223e-06,0.353753577271721,0.599,0.43,0.148886007827165,"14","SYAP1"
6.1884337598952e-06,0.291029434974401,0.367,0.234,0.151319582296957,"14","AP2S1"
6.77198536277974e-06,0.263900040628738,0.473,0.331,0.16558858609069,"14","CACYBP"
6.95204216225086e-06,0.251796585221756,0.473,0.323,0.169991334951358,"14","TBCB"
6.95234077998612e-06,0.467267998330213,0.259,0.157,0.169998636752221,"14","AKR1A1"
6.96500498428128e-06,0.32447533697072,0.425,0.283,0.170308301875646,"14","CCT5"
8.31337551950745e-06,0.461069925542287,0.316,0.205,0.203278658202996,"14","SEC23B"
8.98627905458662e-06,0.375686121937041,0.388,0.259,0.219732495442752,"14","NDUFB6"
9.10477747049818e-06,0.325054958092968,0.347,0.222,0.222630018708621,"14","HNRNPD"
1.00090197344721e-05,0.30354130215871,0.299,0.184,0.244740550547311,"14","DECR1"
1.01776900941367e-05,0.25285065021914,0.585,0.417,0.248864878181831,"14","JTB"
1.04554058520886e-05,0.330471992223622,0.293,0.179,0.25565558389527,"14","LSM6"
1.10736335912501e-05,0.282195789187214,0.442,0.304,0.270772488573247,"14","CDKN1A"
1.14994218950199e-05,0.259472905324715,0.997,0.953,0.281183864177026,"14","HLA-E"
1.17626287829331e-05,0.337964674146037,0.497,0.352,0.287619799000279,"14","ATP5F1C"
1.23602589230597e-05,0.41360845282537,0.259,0.157,0.302233051186657,"14","DCTN2"
1.28204312721701e-05,0.338963393088897,0.354,0.228,0.313485185467103,"14","FBXO7"
1.28438201197338e-05,0.408507290707951,0.289,0.179,0.314057089567731,"14","BAG1"
1.2886421971582e-05,0.359341204463604,0.272,0.166,0.315098790049123,"14","OLA1"
1.29455605182696e-05,0.271981766063068,0.469,0.325,0.316544845792728,"14","MINOS1"
1.29728601305801e-05,0.302160789883279,0.463,0.317,0.317212375912945,"14","OPTN"
1.37442705895182e-05,0.303613144272365,0.514,0.377,0.336074904454899,"14","XRCC5"
1.43720791079573e-05,0.376794363775603,0.333,0.215,0.351426078347772,"14","NAA10"
1.44556549571817e-05,0.344146172433277,0.398,0.266,0.353469675013006,"14","RNF181"
1.45119705124836e-05,0.301447393815154,0.527,0.391,0.354846702971249,"14","PSMD8"
1.4843441098276e-05,0.295544898559528,0.565,0.412,0.362951821735046,"14","PSMB6"
1.48998816247259e-05,0.279781401916809,0.279,0.17,0.364331905487798,"14","NDUFB5"
1.73578625972211e-05,0.318219403609973,0.622,0.504,0.424434456227249,"14","ATP5MF"
1.82893557972018e-05,0.360482796344901,0.286,0.178,0.447211327953178,"14","PRKX"
1.83627842676347e-05,0.345663978162032,0.364,0.24,0.449006800912205,"14","SSNA1"
1.87783645521036e-05,0.335911479322482,0.279,0.171,0.459168570028038,"14","DR1"
1.89406577449433e-05,0.352934865887851,0.282,0.175,0.463136963179354,"14","COPS2"
1.90692273282405e-05,0.342332863804128,0.293,0.183,0.466280746630138,"14","THOC7"
1.91299618542702e-05,0.315463320508782,0.381,0.256,0.467765827260616,"14","ARPC5L"
1.95386884049074e-05,0.391896154585306,0.364,0.242,0.477760008876795,"14","RAB11A"
2.04401517806882e-05,0.251131462910317,0.408,0.273,0.499802591341388,"14","PYURF"
2.07527123797997e-05,0.434885710231271,0.282,0.179,0.507445323110862,"14","RAMMET"
2.07852375823315e-05,0.281719385450769,0.622,0.479,0.508240629363169,"14","ATP5F1D"
2.18597889151082e-05,0.432096708159057,0.32,0.209,0.534515558552226,"14","PHLDA1"
2.22100678496955e-05,0.310538478313739,0.49,0.355,0.543080579060755,"14","SNRPD3"
2.2424554338395e-05,0.347715975285502,0.554,0.415,0.548325202682435,"14","P4HB"
2.25727324751941e-05,0.255552910868259,0.653,0.519,0.551948454483447,"14","UQCR10"
2.30961545359762e-05,0.3297301358021,0.582,0.433,0.564747170713689,"14","COPE"
2.62262958641392e-05,0.338121139204645,0.252,0.153,0.641285386469931,"14","USP47"
2.66420247254677e-05,0.400210225098316,0.259,0.159,0.651450788587137,"14","PSMB8-AS1"
2.72218393185052e-05,0.386082906920996,0.299,0.192,0.665628415016089,"14","TRAPPC4"
2.74586198114771e-05,0.339974189258072,0.439,0.311,0.671418171630237,"14","ADRM1"
2.81795118133878e-05,0.255878891601645,0.405,0.273,0.689045422860959,"14","JMJD6"
3.00808836148049e-05,0.263086950467251,0.442,0.303,0.735537766149211,"14","ARID5A"
3.03140207229616e-05,0.406294472547702,0.252,0.155,0.741238434717857,"14","LLPH"
3.13339812570962e-05,0.296739926987096,0.34,0.222,0.766178509698516,"14","UQCRC1"
3.17372526387278e-05,0.28281938817044,0.697,0.57,0.776039301522173,"14","JAK1"
3.22684012099699e-05,0.325841642478408,0.265,0.163,0.789026946386183,"14","GLTP"
3.36882002622612e-05,0.283888070425723,0.558,0.413,0.82374387281281,"14","VAMP8"
3.49033409187065e-05,0.302536767066718,0.347,0.23,0.853456492144212,"14","GOLGA7"
3.70554439613512e-05,0.353201095496059,0.67,0.517,0.906079715742959,"14","ARL6IP5"
3.83891187615752e-05,0.384733469172459,0.612,0.487,0.938690731958037,"14","COX7B"
3.98251167886602e-05,0.258733280506799,0.735,0.596,0.97380375571632,"14","SEC61B"
4.17318566233801e-05,0.272834545873362,0.323,0.209,1,"14","PHB"
4.27617961824732e-05,0.263167572935578,0.578,0.421,1,"14","DUSP5"
4.47004198622841e-05,0.347332732187074,0.497,0.364,1,"14","SF3B6"
4.66732073050157e-05,0.294883440785621,0.313,0.201,1,"14","ZNF428"
4.82368629448259e-05,0.544357432927811,0.463,0.359,1,"14","ANP32B"
4.83669220391245e-05,0.405580395912784,0.286,0.184,1,"14","ARL5A"
4.98869969853982e-05,0.26665707906436,0.534,0.384,1,"14","RAC1"
5.13953459586735e-05,0.33195452332767,0.361,0.244,1,"14","EIF2S3"
5.39648224343767e-05,0.253904591480794,0.558,0.417,1,"14","MAGOH"
5.54727367450171e-05,0.257500604574204,0.69,0.539,1,"14","SEPT7"
5.63975575239274e-05,0.367818233715368,0.255,0.158,1,"14","PSMD12"
5.69257259236179e-05,0.280186922164115,0.296,0.189,1,"14","EIF4E"
5.74142145265776e-05,0.341305158257461,0.687,0.576,1,"14","EMP3"
6.39854857889672e-05,0.390917774583175,0.32,0.213,1,"14","VDAC3"
6.45035334169701e-05,0.264320397652878,0.323,0.209,1,"14","RTF2"
7.34328857450482e-05,0.281375493051331,0.378,0.254,1,"14","SYTL1"
7.37225321704657e-05,0.300653315393724,0.303,0.195,1,"14","FAM50A"
7.40069718064404e-05,0.283094261430963,0.415,0.287,1,"14","SRI"
7.46296091419791e-05,0.328236954214227,0.289,0.185,1,"14","SIPA1"
8.02285154445247e-05,0.254085219585956,0.514,0.374,1,"14","FMNL1"
8.22329703503278e-05,0.263786720369747,0.381,0.264,1,"14","EMC7"
8.51686033966285e-05,0.297566509447132,0.276,0.178,1,"14","IFI35"
8.61378418706693e-05,0.286145848390077,0.384,0.264,1,"14","NUDC"
8.69118681084213e-05,0.316989905977628,0.503,0.371,1,"14","LMAN2"
9.45151774400281e-05,0.285191270895919,0.68,0.541,1,"14","EIF3G"
9.51859085840388e-05,0.41352927508661,0.269,0.174,1,"14","SLU7"
0.000106882237338388,0.273806262501881,0.286,0.185,1,"14","PSMD9"
0.000109266169664891,0.318107271053528,0.286,0.187,1,"14","PDCD2"
0.000111674963932486,0.358804519613341,0.347,0.24,1,"14","EIF6"
0.000118136987521874,0.290160908467357,0.255,0.161,1,"14","CIAO1"
0.000125081429699099,0.352118141547542,0.289,0.192,1,"14","PSMD11"
0.000126671536905335,0.415855292859103,0.33,0.23,1,"14","GBP2"
0.000139716367199686,0.313169155742623,0.269,0.174,1,"14","ZNF644"
0.000143182830542076,0.26983668480576,0.299,0.198,1,"14","SNF8"
0.000154603638944203,0.32120773001795,0.33,0.22,1,"14","LBR"
0.000155178314715667,0.367884933068906,0.303,0.205,1,"14","PRKCB"
0.000158192293472083,0.41815077283564,0.269,0.175,1,"14","LAP3"
0.0001669215952528,0.429089392101995,0.344,0.242,1,"14","VASP"
0.000170352928500787,0.285005420940951,0.265,0.171,1,"14","PSMB7"
0.000177954344569915,0.467053225680747,0.337,0.235,1,"14","ITGB7"
0.000212588900601729,0.336700670980967,0.262,0.173,1,"14","CD2BP2"
0.00021769846901035,0.322929888252863,0.299,0.199,1,"14","RBM42"
0.000223314965528077,0.311489001545701,0.364,0.259,1,"14","PSMC4"
0.000234130287005797,0.259496435118096,0.262,0.169,1,"14","NDUFA10"
0.00023440874863716,0.303897329892161,0.279,0.183,1,"14","LSM1"
0.000242752609949578,0.258009374896566,0.473,0.343,1,"14","PRKAR1A"
0.000244108924669807,0.280243558620149,0.483,0.365,1,"14","SUMO1"
0.000251932526188897,0.296144759785021,0.252,0.163,1,"14","PWP1"
0.000265823001430491,0.26085132831996,0.405,0.287,1,"14","NDUFB7"
0.000266895142366872,0.268223074570297,0.32,0.219,1,"14","RNF115"
0.000295419766950872,0.316217780050276,0.255,0.166,1,"14","RNF5"
0.000300839050191049,0.31152038215022,0.272,0.18,1,"14","PRKCSH"
0.000318380385058944,0.27119896347067,0.276,0.183,1,"14","NIFK"
0.000323748595587002,0.326344929209315,0.412,0.298,1,"14","DDOST"
0.000335722895200134,0.256090627686422,0.595,0.46,1,"14","CIB1"
0.000339789942480997,0.282835349732738,0.276,0.184,1,"14","SNW1"
0.000355670078154869,0.300822397872639,0.33,0.229,1,"14","CAPZA2"
0.000374310410194697,0.264821890513889,0.306,0.207,1,"14","MORF4L2"
0.000435424170634526,1.21466205742164,0.48,0.605,1,"14","HIST1H4C"
0.000463185324051908,0.284649858064122,0.565,0.445,1,"14","ARF4"
0.000525011791188585,0.327578939147899,0.279,0.191,1,"14","TMEM167A"
0.000549879809539758,0.290389230561793,0.262,0.176,1,"14","XRN1"
0.000565737736174891,0.385987858454276,0.296,0.205,1,"14","RNF168"
0.000605475297538245,0.260925735595675,0.446,0.328,1,"14","RWDD1"
0.000633125295182712,0.277417214206531,0.31,0.214,1,"14","IL21R"
0.000711554982289135,0.266278999546548,0.395,0.283,1,"14","DIAPH1"
0.000742259170968893,0.300812066195466,0.33,0.234,1,"14","GTF3C6"
0.000750121783784718,0.251404423064439,0.452,0.335,1,"14","ATP6V1F"
0.00117860510958812,0.304889905613664,0.255,0.175,1,"14","PRKDC"
0.00140315055179327,0.292643087600287,0.265,0.183,1,"14","SRPK2"
0.00150957950108237,0.303410806567517,0.262,0.183,1,"14","CDV3"
0.00234316923807862,0.286623574814573,0.296,0.214,1,"14","EAPP"
0.0032827097496046,0.366270219160083,0.367,0.282,1,"14","SELPLG"
0.0048226623441968,0.344010021482317,0.265,0.194,1,"14","BIN1"
0,3.95736108019976,0.993,0.054,0,"15","CST3"
0,4.92707428500207,0.96,0.03,0,"15","LYZ"
0,6.14876880286153,0.942,0.022,0,"15","SERPINA1"
0,8.01134452452398,0.917,0.008,0,"15","C5AR1"
0,4.99079024802811,0.96,0.056,0,"15","AIF1"
0,5.71281760498678,0.91,0.015,0,"15","FCN1"
0,5.75310846199658,0.906,0.02,0,"15","S100A9"
0,5.20341644415611,0.921,0.038,0,"15","IFI30"
0,5.17117367663308,0.91,0.03,0,"15","CD68"
0,5.46586229078576,0.932,0.062,0,"15","PLAUR"
0,4.93980514476201,0.935,0.075,0,"15","LST1"
0,5.07134459403071,0.892,0.033,0,"15","SPI1"
0,5.91424982210807,0.971,0.117,0,"15","TIMP1"
0,7.31177056122188,0.863,0.013,0,"15","MAFB"
0,5.09009412871964,0.863,0.031,0,"15","CYBB"
0,6.19160537300419,0.838,0.017,0,"15","MS4A7"
0,6.37226048407835,0.835,0.016,0,"15","LILRB2"
0,7.97489512204988,0.824,0.008,0,"15","G0S2"
0,5.73409580267884,0.831,0.019,0,"15","CFP"
0,5.16027384107691,0.82,0.024,0,"15","RAB31"
0,5.11669672155954,0.817,0.021,0,"15","CFD"
0,4.5704508487779,0.813,0.018,0,"15","CSTA"
0,3.66270698948808,0.91,0.119,0,"15","CTSB"
0,4.63253815560063,0.802,0.019,0,"15","S100A8"
0,6.6133938505536,0.791,0.011,0,"15","LILRA5"
0,6.33465147733198,0.788,0.011,0,"15","FPR1"
0,5.70051834390221,0.791,0.019,0,"15","HCK"
0,6.26693189338114,0.77,0.009,0,"15","SLC11A1"
0,6.09587954503964,0.766,0.013,0,"15","PILRA"
0,3.71604843234247,0.842,0.089,0,"15","GRN"
0,5.54442219150648,0.766,0.016,0,"15","CLEC7A"
0,7.861335843838,0.745,0.012,0,"15","IL1B"
0,5.48059502846659,0.745,0.016,0,"15","NCF2"
0,3.48803583804246,0.806,0.08,0,"15","FGL2"
0,3.47568881449294,0.777,0.067,0,"15","FCGRT"
0,4.44355271029948,0.777,0.077,0,"15","WARS"
0,6.19677376401291,0.709,0.009,0,"15","SMIM25"
0,3.19393613430235,0.773,0.077,0,"15","RNF130"
0,4.21423282615549,0.705,0.02,0,"15","CPVL"
0,5.46834951293799,0.698,0.013,0,"15","SLC7A7"
0,4.15729009164595,0.701,0.024,0,"15","MPEG1"
0,5.25708405765863,0.691,0.018,0,"15","IGSF6"
0,6.50256179690045,0.673,0.011,0,"15","CTSL"
0,4.04651163717762,0.691,0.032,0,"15","MNDA"
0,5.47473184415852,0.673,0.019,0,"15","MARCKS"
0,7.37681186017234,0.64,0.005,0,"15","TREM1"
0,5.27156451620463,0.651,0.019,0,"15","CD86"
0,5.07591063614925,0.647,0.021,0,"15","SLC43A2"
0,4.17092584236382,0.655,0.032,0,"15","TNFSF13B"
0,4.62230257690474,0.68,0.059,0,"15","IER3"
0,5.66752307981458,0.637,0.017,0,"15","KYNU"
0,4.93246188764375,0.651,0.033,0,"15","BASP1"
0,5.73653164973808,0.629,0.011,0,"15","VCAN"
0,7.05452705445707,0.622,0.007,0,"15","PAPSS2"
0,6.38607833352757,0.626,0.011,0,"15","TNFAIP2"
0,3.6054018461415,0.658,0.048,0,"15","TBXAS1"
0,5.21524933832712,0.619,0.025,0,"15","HMOX1"
0,3.71217000501349,0.64,0.055,0,"15","CXCL16"
0,4.64781595601839,0.601,0.019,0,"15","CD302"
0,7.53093632317669,0.579,0.004,0,"15","CDC42EP2"
0,6.98985584915196,0.579,0.005,0,"15","CD300E"
0,5.79620423506098,0.583,0.011,0,"15","CSF1R"
0,3.86092793109186,0.601,0.03,0,"15","IFNGR2"
0,5.69424263298433,0.576,0.008,0,"15","LRP1"
0,4.63292394618627,0.59,0.024,0,"15","PHACTR1"
0,5.27728182866419,0.579,0.014,0,"15","ZNF385A"
0,8.74345597623062,0.565,0.001,0,"15","AQP9"
0,5.65542941258343,0.572,0.01,0,"15","LILRB3"
0,4.30951116100234,0.59,0.029,0,"15","ITGAX"
0,3.6327639303177,0.604,0.047,0,"15","ACSL1"
0,5.88603348592565,0.565,0.008,0,"15","DMXL2"
0,8.71991418348405,0.55,0.002,0,"15","EREG"
0,5.35185678814182,0.561,0.014,0,"15","C19orf38"
0,6.92322583295737,0.554,0.008,0,"15","CXCL8"
0,7.91249555940767,0.55,0.004,0,"15","APOBEC3A"
0,4.41945395604129,0.565,0.02,0,"15","KLF4"
0,5.23234940949734,0.554,0.012,0,"15","CD14"
0,7.44860928668561,0.543,0.006,0,"15","CXCL2"
0,4.47347735797389,0.554,0.021,0,"15","EMILIN2"
0,3.55932228711737,0.568,0.035,0,"15","CPPED1"
0,3.58964645838363,0.561,0.03,0,"15","MS4A6A"
0,4.36480930782278,0.55,0.021,0,"15","CLEC12A"
0,5.76484768433178,0.529,0.009,0,"15","IRAK3"
0,5.52368642826037,0.518,0.014,0,"15","RBM47"
0,5.18715963121625,0.514,0.013,0,"15","CSF3R"
0,5.09433413142164,0.514,0.015,0,"15","RAB20"
0,3.84558755156273,0.525,0.03,0,"15","SLC31A2"
0,6.27963716556767,0.5,0.007,0,"15","ADGRE2"
0,4.11701529653577,0.5,0.012,0,"15","TMEM176B"
0,5.65148601373427,0.486,0.01,0,"15","LRRC25"
0,3.84734192319911,0.496,0.024,0,"15","TGFBI"
0,5.08050907114662,0.489,0.019,0,"15","NLRP3"
0,6.60447906948628,0.475,0.005,0,"15","ANPEP"
0,5.11942055486898,0.478,0.01,0,"15","FCGR2A"
0,5.81495040409638,0.471,0.007,0,"15","LILRA2"
0,7.38782939479148,0.46,0.002,0,"15","FPR2"
0,4.98500118089244,0.468,0.012,0,"15","PLXDC2"
0,4.13577741743903,0.471,0.017,0,"15","ALOX5"
0,3.66670433319475,0.482,0.03,0,"15","LILRB1"
0,5.09941166881272,0.45,0.01,0,"15","S100A12"
0,3.35977412129466,0.468,0.029,0,"15","LY86"
0,4.39396933469592,0.453,0.017,0,"15","SLC2A6"
0,5.32781362116849,0.446,0.011,0,"15","PLBD1"
0,5.71256884034927,0.446,0.012,0,"15","RNF144B"
0,3.75276525351114,0.46,0.028,0,"15","IL6R"
0,4.96421140880293,0.432,0.011,0,"15","MCTP1"
0,4.25988678233992,0.439,0.019,0,"15","ALDH2"
0,5.51342962971347,0.424,0.008,0,"15","CD300C"
0,5.97055026519807,0.421,0.005,0,"15","LILRA1"
0,4.21808978085517,0.432,0.017,0,"15","LGALS2"
0,5.14776357599682,0.421,0.011,0,"15","HBEGF"
0,4.96378542227654,0.414,0.008,0,"15","PRAM1"
0,6.14749548558781,0.406,0.004,0,"15","NFAM1"
0,4.63937178323408,0.414,0.012,0,"15","SECTM1"
0,5.13401666326067,0.403,0.009,0,"15","TLR2"
0,3.8332861834647,0.41,0.017,0,"15","SCIMP"
0,4.13745653727774,0.403,0.014,0,"15","CLEC4A"
0,5.46663425867705,0.392,0.01,0,"15","CD93"
0,4.90262887464874,0.392,0.012,0,"15","SULF2"
0,5.42506809935917,0.374,0.005,0,"15","CDA"
0,6.13000521930569,0.374,0.006,0,"15","EPB41L3"
0,7.68296697999766,0.367,0.004,0,"15","IL1RN"
0,5.37858123445879,0.371,0.009,0,"15","FGD4"
0,5.64464571824119,0.36,0.007,0,"15","SLC8A1"
0,4.25571366501482,0.367,0.017,0,"15","TCF7L2"
0,7.55052860868253,0.353,0.004,0,"15","CXCL3"
0,4.33227802238945,0.356,0.012,0,"15","CD36"
0,4.73403036922449,0.353,0.01,0,"15","TBC1D8"
0,4.23334059204241,0.356,0.014,0,"15","TIMP2"
0,5.15435192822096,0.349,0.01,0,"15","SIGLEC10"
0,4.84660407500513,0.342,0.007,0,"15","HNMT"
0,5.77692205236081,0.338,0.004,0,"15","HK3"
0,4.67892837902625,0.342,0.011,0,"15","ABCA1"
0,3.78597794094867,0.345,0.015,0,"15","RAB32"
0,6.64039092442132,0.331,0.004,0,"15","OLR1"
0,5.28405623403544,0.331,0.009,0,"15","DAPK1"
0,4.1385978883854,0.335,0.013,0,"15","SULT1A1"
0,4.88460430754637,0.331,0.009,0,"15","PLXNB2"
0,4.26565116445572,0.327,0.013,0,"15","LILRB4"
0,3.4995179295334,0.32,0.011,0,"15","IL3RA"
0,5.66491604685855,0.313,0.005,0,"15","CHST15"
0,5.43580348447994,0.313,0.007,0,"15","SLC15A3"
0,4.27644374370427,0.313,0.01,0,"15","TNFSF13"
0,6.25602925307,0.306,0.005,0,"15","LINC00877"
0,5.28814554249798,0.302,0.004,0,"15","GPBAR1"
0,4.74924767330132,0.306,0.008,0,"15","DOK3"
0,6.10553516156292,0.302,0.004,0,"15","CLEC4E"
0,5.016860125438,0.306,0.009,0,"15","THBD"
0,3.68227742931525,0.306,0.01,0,"15","TMEM176A"
0,5.72223179730307,0.302,0.006,0,"15","MYOF"
0,5.51245128686159,0.299,0.006,0,"15","AC020656.1"
0,6.21822897414714,0.295,0.003,0,"15","AC005280.2"
0,4.65074249743617,0.302,0.012,0,"15","KMO"
0,4.40257123036543,0.299,0.009,0,"15","LRRK2"
0,4.52220180566618,0.295,0.006,0,"15","RBP7"
0,7.62660434923757,0.284,0.001,0,"15","FCAR"
0,5.69062246549675,0.281,0.003,0,"15","MTMR11"
0,5.53278841528127,0.284,0.006,0,"15","MCEMP1"
0,4.48134394068317,0.284,0.009,0,"15","ADAP2"
0,4.36300888505283,0.284,0.01,0,"15","CD33"
0,4.77676730300787,0.277,0.005,0,"15","NRGN"
0,4.82212989253084,0.277,0.007,0,"15","ADM"
0,5.45857532325897,0.273,0.005,0,"15","OSCAR"
0,5.23119788851234,0.266,0.005,0,"15","CD300LF"
0,5.50073231446007,0.263,0.006,0,"15","SLC37A2"
0,10.5687185841596,0.255,0,0,"15","TNFAIP6"
0,7.8789056281486,0.255,0.001,0,"15","LIPN"
0,6.40288562981931,0.255,0.003,0,"15","RETN"
0,5.2013458267402,0.255,0.006,0,"15","MS4A4A"
0,6.12493659638748,0.252,0.004,0,"15","AC090559.1"
0,4.96006446778229,0.252,0.005,0,"15","AL034397.3"
0,4.99578940449399,0.252,0.005,0,"15","SIGLEC9"
4.34777768340297e-322,3.46631141620176,0.453,0.028,1.06311859914569e-317,"15","RXRA"
3.09151696572243e-318,3.46424556808158,0.921,0.143,7.55937728458449e-314,"15","ASAH1"
4.09624293431744e-317,3.05157070561167,0.888,0.121,1.0016133222993e-312,"15","FGR"
2.13343361026902e-315,4.65023717667283,0.975,0.196,5.2166718638298e-311,"15","SOD2"
3.42051565477801e-315,3.34386347606639,0.54,0.041,8.36384487906319e-311,"15","CALHM6"
9.22368715908248e-314,3.49448249625849,0.453,0.029,2.25537598413885e-309,"15","LY96"
9.08130053175367e-310,3.46980850950807,0.381,0.021,2.22055960602441e-305,"15","BTK"
1.15316544270378e-308,3.15413544437339,0.651,0.062,2.81972014049927e-304,"15","FAM49A"
7.32140489171932e-308,3.22525445096569,0.982,0.178,1.79022992412321e-303,"15","FCER1G"
6.01371900766197e-307,3.1381049397052,0.881,0.124,1.4704745717535e-302,"15","TYMP"
4.09626691063207e-306,2.74889868158092,0.795,0.093,1.00161918498775e-301,"15","C1orf162"
8.40224545306718e-302,4.19675362304227,0.295,0.012,2.05451705818399e-297,"15","EVI5"
3.71004907365019e-296,3.90759961006252,0.299,0.013,9.07181199488943e-292,"15","DENND5A"
7.90291605243806e-296,3.71692060648355,0.378,0.021,1.93242103314215e-291,"15","FNIP2"
5.14809997110046e-289,3.52887784251002,0.604,0.058,1.25881340493348e-284,"15","CCRL2"
2.90084331653279e-287,3.78583102719304,0.288,0.012,7.09314207758597e-283,"15","TTYH3"
5.14322066163059e-283,3.50067680058317,0.464,0.034,1.25762031618191e-278,"15","C9orf72"
7.56293149735138e-283,3.91888262802341,0.317,0.015,1.84928800973236e-278,"15","CCR1"
1.21523361286144e-278,3.32623185336857,0.388,0.024,2.9714892301688e-274,"15","CAMK1"
1.15314625445366e-274,2.56677903180651,0.568,0.052,2.81967322139008e-270,"15","MEF2C"
3.82656726172141e-274,2.88246208056149,0.755,0.096,9.3567222683612e-270,"15","CTSZ"
9.15759106017654e-270,3.17117896001637,0.432,0.031,2.23921416603437e-265,"15","MCOLN1"
1.67818095747663e-269,3.73357488713008,0.353,0.02,4.10348807722186e-265,"15","GAS7"
2.94582346200342e-268,2.88125363408261,0.612,0.062,7.20312752929076e-264,"15","ODF3B"
9.56773092002417e-268,2.98955450612093,0.615,0.064,2.33950156456431e-263,"15","THEMIS2"
3.13316786482115e-267,2.92246777543882,0.827,0.123,7.66122206306067e-263,"15","BRI3"
3.94648123346715e-266,3.72191827881448,0.993,0.267,9.64993591207386e-262,"15","CTSS"
5.26387760490756e-266,3.36624490373245,0.478,0.039,1.287123351952e-261,"15","ATP13A3"
9.0081746809745e-264,3.01227784423628,0.82,0.119,2.20267887299188e-259,"15","APLP2"
2.11021594231312e-262,3.14000699303949,0.838,0.132,5.15990002214403e-258,"15","LGALS3"
2.61596053525765e-259,2.99506279201984,0.507,0.044,6.396546700812e-255,"15","UBE2R2"
2.49655892652341e-258,3.27813960557019,0.619,0.067,6.10458588713504e-254,"15","ATP2B1-AS1"
1.72647927515385e-254,4.05997868754187,0.266,0.012,4.2215871236062e-250,"15","CDKN1C"
9.32054075729061e-250,4.86414907571859,0.371,0.025,2.2790586259727e-245,"15","C15orf48"
6.90729718599585e-249,3.69108689754141,0.284,0.014,1.68897230791971e-244,"15","GNB4"
4.51919255665985e-248,2.9335073124182,0.453,0.036,1.10503296395447e-243,"15","MPP1"
5.9405890056276e-248,2.67937114411499,0.629,0.07,1.45259282365606e-243,"15","CTSH"
1.12889198822533e-245,2.88596134017659,0.853,0.143,2.76036668960858e-241,"15","AP1S2"
1.73719463659581e-244,3.54757388143728,0.46,0.039,4.24778832540409e-240,"15","DUSP6"
2.94742074758632e-244,2.85643760126849,0.554,0.056,7.20703321199807e-240,"15","SNN"
2.75864025129549e-241,3.69522392746822,0.306,0.017,6.74542714246772e-237,"15","DOCK5"
4.77889064004102e-238,3.03197694316414,0.482,0.044,1.16853433930283e-233,"15","GK"
1.78348627476819e-237,4.2791105488615,0.273,0.014,4.36098063906318e-233,"15","ZNF703"
1.67413363961919e-234,4.03984038211188,0.291,0.016,4.09359157559684e-230,"15","AC015912.3"
4.43630396327241e-234,2.95149585952275,0.784,0.125,1.08476504509937e-229,"15","BID"
1.35091884084958e-233,2.8405431816053,0.561,0.059,3.30326674964539e-229,"15","GNS"
1.99858563978153e-232,3.07091877283948,0.532,0.055,4.88694160639379e-228,"15","ETS2"
2.99618093374132e-232,3.22265361494547,0.432,0.036,7.32626161918428e-228,"15","CCDC88A"
2.63918508197086e-231,3.08337861717762,0.986,0.271,6.45333536243513e-227,"15","NAMPT"
4.17593930608935e-223,2.77256911044521,0.478,0.045,1.02110067912497e-218,"15","CREG1"
8.60973600822255e-223,2.78014331350494,0.619,0.077,2.10525264873058e-218,"15","LGALS9"
2.3676963367143e-214,3.23336628534567,0.299,0.018,5.78949108253381e-210,"15","PPM1F"
1.43167075459725e-212,3.00306247188003,0.529,0.059,3.50072132914119e-208,"15","SGK1"
1.99324892702156e-210,2.5876392264118,0.86,0.161,4.87389227635313e-206,"15","PTPRE"
2.93941075225464e-210,2.52937800672629,1,0.293,7.18744717141305e-206,"15","TYROBP"
4.10428092760794e-208,2.76463365442122,0.511,0.055,1.00357877241869e-203,"15","SH2B3"
7.85138677035655e-208,2.53101197257257,0.763,0.122,1.91982109308758e-203,"15","GRINA"
2.91867085367558e-206,2.70003688784816,0.486,0.05,7.13673397140752e-202,"15","AMPD2"
3.4604850816991e-205,2.84560017524035,0.432,0.04,8.46157812177064e-201,"15","LFNG"
4.82863306132096e-205,3.6464069477874,0.989,0.423,1.1806973561542e-200,"15","PSAP"
5.51953473695479e-205,2.84368580629699,0.899,0.219,1.34963663388018e-200,"15","NPC2"
9.54244773056368e-204,2.86915000964009,0.45,0.044,2.33331931907743e-199,"15","GCA"
1.36810081904717e-203,3.18157261798272,0.871,0.184,3.34528012273414e-199,"15","IFITM3"
6.94801288372196e-202,3.33790924916717,0.306,0.021,1.69892811032769e-197,"15","NAIP"
1.10805923573838e-198,2.72736169301204,0.82,0.158,2.70942644322748e-194,"15","LYN"
2.3961082576057e-198,3.60331642826752,0.342,0.026,5.85896391149745e-194,"15","FBP1"
1.45841013569972e-197,2.66644242925027,0.849,0.174,3.56610446381296e-193,"15","MGAT1"
3.49509092340494e-197,2.99643931952391,0.442,0.044,8.54619632590975e-193,"15","OAS1"
4.79629095616941e-194,2.78916656607238,0.885,0.193,1.17278906460254e-189,"15","CEBPB"
1.20286095041707e-192,2.70712566789632,0.457,0.047,2.94123559595981e-188,"15","ZMIZ1"
5.09062104749804e-191,2.65545703520985,0.853,0.182,1.24475865853422e-186,"15","BCL2A1"
7.00884097226003e-190,2.72300497318652,0.946,0.293,1.71380179453702e-185,"15","ANXA5"
8.05595756120122e-186,2.99143028347256,0.464,0.051,1.96984274286492e-181,"15","MTSS1"
1.18254227192602e-184,2.18300466638912,0.986,0.295,2.89155236331351e-180,"15","HLA-DRA"
2.37030412255699e-183,3.5330038655113,0.281,0.019,5.79586764047635e-179,"15","TTYH2"
2.74756516163045e-181,3.37904273877904,0.993,0.4,6.71834633321876e-177,"15","NEAT1"
3.3439855576478e-181,2.50869595715702,0.475,0.054,8.17671348556039e-177,"15","SCPEP1"
4.56012481548402e-181,2.75702068153097,0.838,0.188,1.11504171988215e-176,"15","STXBP2"
4.22369717370235e-180,3.00727386845469,0.331,0.027,1.0327784329137e-175,"15","DPYSL2"
6.65903408414882e-180,3.17759308148429,0.288,0.02,1.62826701425607e-175,"15","PLEKHO2"
2.10395784330924e-178,2.80021020289213,0.565,0.079,5.14459771845976e-174,"15","CUX1"
3.05637395108221e-178,2.6422607727854,0.799,0.166,7.47344558518623e-174,"15","LIMS1"
2.17673617932812e-175,2.84871581409662,0.996,0.48,5.32255530569313e-171,"15","S100A11"
6.72174033404805e-175,2.82855021553052,0.317,0.025,1.64359994648143e-170,"15","RASSF4"
4.12040431676344e-174,2.45155202129464,0.701,0.122,1.007521263535e-169,"15","LTA4H"
2.39288701618472e-172,2.6068878948562,0.856,0.211,5.85108733197487e-168,"15","TKT"
8.72159360458651e-172,2.61800530004297,0.475,0.057,2.13260406819349e-167,"15","LACTB"
1.31592660549684e-171,3.11532598464927,0.996,0.543,3.21770373576088e-167,"15","SAT1"
4.34268189061625e-170,2.48909969693217,0.532,0.071,1.06187257589348e-165,"15","NOTCH2"
1.10323203454945e-168,3.25579253534757,0.255,0.017,2.69762297088031e-164,"15","UBE2E2"
2.91567998038869e-168,2.58776861972776,0.475,0.058,7.12942068804642e-164,"15","TET2"
3.11521258711483e-168,3.10171758393013,0.309,0.025,7.61731781801319e-164,"15","PHLDA2"
1.04648841323876e-167,3.25446234621123,0.637,0.114,2.55887346805141e-163,"15","PPIF"
1.10433604262495e-166,2.59549246625779,0.871,0.223,2.70032249142652e-162,"15","ATP2B1"
5.16750026926241e-165,4.43633901038333,0.424,0.051,1.26355716584004e-160,"15","THBS1"
7.19996695577306e-163,2.86223728694684,0.299,0.024,1.76053592002563e-158,"15","SIDT2"
5.28134682058492e-159,2.58154114230997,0.299,0.025,1.29139492456942e-154,"15","RENBP"
4.32789402432142e-157,2.3317301246076,0.957,0.315,1.05825664682707e-152,"15","TSPO"
9.1554446440634e-157,2.22560313996549,0.939,0.274,2.23868932436638e-152,"15","LGALS1"
1.19171612597293e-156,3.43965424124948,0.335,0.032,2.913984271229e-152,"15","OSM"
1.9768888970418e-155,2.32577836871094,0.5,0.067,4.8338887310466e-151,"15","SH3BP2"
2.46541878283735e-154,2.51708514917807,0.338,0.032,6.02844200779389e-150,"15","SMCO4"
7.70823434564933e-153,2.59911665921614,0.263,0.02,1.88481746219817e-148,"15","MARCH1"
7.42435262955754e-152,2.08314089306247,0.658,0.116,1.81540270497941e-147,"15","BACH1"
8.75969061176451e-152,2.53008331139982,0.417,0.049,2.14191954838866e-147,"15","QKI"
2.27667255467571e-151,2.13800569617767,0.856,0.197,5.56691973069304e-147,"15","RILPL2"
4.38262198857469e-151,2.10679898100994,0.518,0.073,1.07163872864628e-146,"15","CD4"
2.16436888090101e-150,2.29322896435749,0.633,0.11,5.29231478757915e-146,"15","MYD88"
9.89681670479355e-150,2.77198843963928,0.338,0.034,2.41996962065612e-145,"15","GNAQ"
3.43162367513106e-148,2.7384348816382,0.996,0.913,8.39100621043047e-144,"15","FTL"
3.3027260540123e-146,2.77136068552122,0.324,0.032,8.07582574727087e-142,"15","CORO1C"
6.26396894128997e-146,2.46891183743155,0.723,0.154,1.53166568552422e-141,"15","GLUL"
1.95807791326131e-145,2.15478276066778,0.464,0.061,4.78789211350656e-141,"15","BLVRA"
2.536657392227e-144,2.115199288119,0.777,0.173,6.20263465547345e-140,"15","GSTO1"
7.46016586663678e-142,2.13953659580943,0.662,0.124,1.82415975771003e-137,"15","PPT1"
1.05414459002155e-141,2.65310814374618,0.291,0.026,2.57759435152069e-137,"15","MAPK7"
1.13506358798459e-141,3.08717892442143,0.273,0.023,2.77545748533993e-137,"15","OTUD1"
2.33382441659217e-140,2.15013471480464,0.924,0.304,5.70666746345117e-136,"15","ANXA2"
4.69268887011596e-140,2.25918625971283,0.432,0.056,1.14745628252076e-135,"15","SYK"
7.30992126457052e-140,2.24973479791208,0.986,0.721,1.78742194761278e-135,"15","S100A6"
1.40132272521708e-138,2.16231699878955,1,0.964,3.4265143277008e-134,"15","FTH1"
1.15268449293516e-136,2.21618848788325,0.504,0.077,2.81854412212506e-132,"15","POU2F2"
2.65361435432203e-136,2.4695438712449,0.68,0.14,6.48861781918824e-132,"15","PECAM1"
7.67805889736578e-133,2.09616793156123,0.629,0.118,1.87743896158388e-128,"15","ADA2"
2.30202094939366e-132,2.67628147400401,0.353,0.041,5.62890162545738e-128,"15","NBPF14"
8.13346186940956e-132,2.38872707110509,0.374,0.045,1.98879409630803e-127,"15","RP2"
3.12374601907069e-130,2.06774348803287,0.385,0.048,7.63818376583164e-126,"15","UBXN11"
4.57196705209833e-129,2.14776235858371,0.968,0.485,1.11793738357908e-124,"15","COTL1"
8.98366748941939e-129,2.12501842336691,0.414,0.055,2.19668637451283e-124,"15","ARAP1"
2.14675902006731e-128,2.22908533093132,0.496,0.079,5.24925515586859e-124,"15","MXD1"
3.10893551396337e-128,1.91173434489808,0.773,0.184,7.60196911874324e-124,"15","PYCARD"
2.1780549614206e-126,2.49661394726387,0.313,0.034,5.32577999166565e-122,"15","NAGA"
9.82860427563459e-126,2.27613028623905,0.831,0.234,2.40329031747817e-121,"15","PLEK"
3.27779353519708e-125,2.56662000971265,0.331,0.038,8.01486075226391e-121,"15","SERPINB8"
5.9673593633682e-125,2.11660255404897,0.388,0.051,1.45913871153079e-120,"15","UNC93B1"
1.12969621371946e-124,2.40195494421869,0.406,0.056,2.76233318178682e-120,"15","MIR22HG"
9.87839787206268e-123,2.16668968096889,0.906,0.306,2.41546584767677e-118,"15","SERPINB1"
7.18939000153408e-121,2.11922678933074,0.583,0.11,1.75794964317511e-116,"15","NBPF26"
1.0103254375842e-120,1.97904768072209,0.468,0.073,2.47044775998089e-116,"15","PLEC"
1.05625225342647e-120,1.94022373555035,0.565,0.102,2.58274801007841e-116,"15","MFSD1"
1.31260881300107e-118,2.34761565049689,0.421,0.062,3.20959106955021e-114,"15","RRP12"
3.71143659155235e-118,1.99445575810804,0.608,0.121,9.07520475366381e-114,"15","BLVRB"
4.61445981949358e-118,2.67655195840632,0.273,0.028,1.12832771506257e-113,"15","GAA"
1.72840882714256e-116,1.68062958312327,0.777,0.21,4.22630526412899e-112,"15","CD83"
4.49017156724384e-116,1.8141641846657,0.669,0.145,1.09793675162246e-111,"15","YBX3"
1.68953446415376e-115,1.95298308451445,0.626,0.13,4.13124967174877e-111,"15","RNF13"
2.97949487223392e-115,2.30048204432246,0.36,0.047,7.28546086158639e-111,"15","RALB"
3.43015616333023e-115,2.16017868132829,0.457,0.073,8.38741785057508e-111,"15","RIPK2"
6.7204971651019e-114,2.39884073487375,0.266,0.027,1.64329596681072e-109,"15","CAMKK2"
8.15693998770113e-114,1.91847174934928,0.795,0.224,1.99453496579268e-109,"15","ARRB2"
1.27595156375595e-113,2.01635014825191,0.475,0.079,3.11995676369604e-109,"15","FOXO3"
1.76580691846613e-113,2.1896599883066,0.266,0.027,4.31775107703338e-109,"15","SLCO3A1"
2.68843940076487e-113,1.76873732735204,0.518,0.09,6.57377202275026e-109,"15","TOM1"
5.47429995173706e-113,1.86334752584839,0.529,0.095,1.33857582419875e-108,"15","SNX10"
5.9074854581771e-113,2.17327795468297,0.597,0.122,1.44449834423346e-108,"15","PLSCR1"
7.11061933158224e-113,2.12509266189752,0.46,0.075,1.73868863895849e-108,"15","AVPI1"
1.13137329534911e-112,2.5085463152497,0.291,0.032,2.76643398178765e-108,"15","IPMK"
3.36155451448332e-111,2.00671821221506,0.493,0.086,8.21967309881462e-107,"15","C20orf27"
6.47839414397351e-110,1.98777340895701,0.468,0.079,1.5840969360844e-105,"15","ACOT9"
1.58426432558419e-109,2.6373173718794,0.338,0.045,3.87384312891846e-105,"15","PDE4DIP"
4.33663297880507e-106,1.91995061243769,0.597,0.125,1.06039349597741e-101,"15","ATP6V1B2"
6.66071406888053e-106,1.80269534029377,0.741,0.192,1.62867780412267e-101,"15","HSBP1"
9.42987201898603e-106,2.05196334003803,0.295,0.035,2.30579230608246e-101,"15","DPEP2"
4.81212148481084e-105,2.51315038844447,0.327,0.043,1.17665994546595e-100,"15","ZFYVE16"
1.0759363955416e-104,2.08376353753081,0.273,0.031,2.63087967437832e-100,"15","RHOQ"
1.31771657697476e-104,2.4883948314949,0.288,0.034,3.22208057401869e-100,"15","ITGA5"
2.06851563303297e-104,1.89721805971037,0.378,0.055,5.05793442589223e-100,"15","PLXNC1"
3.87363548534076e-104,2.26030846265174,0.288,0.034,9.47181348875523e-100,"15","C15orf39"
2.12537214137277e-102,1.83997708045882,0.518,0.099,5.1969599600847e-98,"15","NAAA"
1.48603275806766e-101,1.71347971254741,0.799,0.225,3.63364730002703e-97,"15","H2AFY"
2.07537559268447e-101,2.41977626565905,0.331,0.045,5.07470839923206e-97,"15","SLC25A37"
1.68982594550353e-100,1.8595818440479,0.324,0.043,4.13196240194523e-96,"15","FKBP15"
3.06998867194733e-100,2.18681106990767,0.295,0.037,7.50673630064561e-96,"15","SLC43A3"
5.23151118431209e-100,2.36343653458204,0.295,0.037,1.27920911478799e-95,"15","OAZ2"
1.46436578582313e-99,2.21426996649647,0.493,0.097,3.58066721949472e-95,"15","CAPG"
2.73669347911814e-99,1.74037969667825,0.813,0.252,6.69176289513966e-95,"15","NINJ1"
3.3859004826811e-98,1.86673755508352,0.558,0.119,8.27920386025183e-94,"15","CTSD"
3.9403248689191e-98,1.82609427544541,0.392,0.062,9.63488236948098e-94,"15","IQSEC1"
5.71152425787225e-98,1.58940333904259,0.982,0.572,1.39658191153492e-93,"15","EMP3"
7.04347721707475e-98,1.8333290605775,0.561,0.119,1.72227104911912e-93,"15","PGD"
2.06767105535098e-97,1.76032411032889,0.759,0.213,5.05586926454423e-93,"15","STX11"
2.99896297255713e-97,1.79493691470078,0.349,0.051,7.33306426049669e-93,"15","NAPRT"
7.70689178258993e-97,1.45553452778513,0.493,0.094,1.88448917867889e-92,"15","ATF3"
1.18193150651223e-96,1.71135522733672,0.863,0.298,2.8900589197237e-92,"15","CDKN1A"
4.13667231785154e-96,1.53392153121867,0.957,0.601,1.01149911516106e-91,"15","GABARAP"
9.24655365801043e-96,2.36689780995741,0.302,0.04,2.26096730045671e-91,"15","TBC1D7"
1.01076682025429e-95,1.81167992418605,0.41,0.069,2.47152702888579e-91,"15","NADK"
1.52878803486272e-95,2.36339711525955,0.266,0.032,3.73819250284632e-91,"15","RNASE6"
2.70792102117089e-93,1.8573368357064,0.36,0.055,6.62140848096705e-89,"15","CHP1"
3.61645306917085e-93,1.92756586505642,0.381,0.062,8.84295104473656e-89,"15","CTNNA1"
8.80520743060166e-93,1.78434206627854,0.46,0.087,2.15304932093072e-88,"15","PAK1"
1.77245199958475e-92,1.39478284734555,0.993,0.78,4.33399962938463e-88,"15","S100A4"
2.48018771032737e-92,2.04048114716355,0.273,0.034,6.06455498929249e-88,"15","OGFRL1"
7.65737446697845e-92,2.52340895063333,0.273,0.035,1.87238120466557e-87,"15","DRAM1"
3.02670346252992e-91,1.67966520227678,0.471,0.091,7.40089530657816e-87,"15","PICALM"
1.51041324069475e-90,1.83651671361116,0.371,0.06,3.6932624561468e-86,"15","SPNS1"
2.69653137901123e-90,2.09451078223116,0.259,0.032,6.59355852795825e-86,"15","NUDT16"
1.18597021720992e-89,1.8047744787843,0.421,0.076,2.8999343751217e-85,"15","MANBA"
1.27825551616733e-89,1.73402143740831,0.536,0.115,3.12559038813237e-85,"15","MX2"
1.39408115687586e-89,2.22115824862376,0.317,0.046,3.40880724479285e-85,"15","BEST1"
1.69082072019474e-89,1.65890929203679,0.5,0.102,4.13439482502017e-85,"15","RAB24"
3.12181880799273e-89,1.97191564824709,0.374,0.062,7.63347134930383e-85,"15","MBOAT7"
7.48361477506101e-89,2.08998277636894,0.482,0.102,1.82989348479792e-84,"15","HES4"
8.60828304083022e-89,1.6202808696741,0.525,0.111,2.1048973691438e-84,"15","NAGK"
6.48616794517021e-88,1.52554870739601,0.996,0.728,1.58599778595302e-83,"15","VIM"
1.54279077696037e-87,1.58942197605089,0.576,0.131,3.7724320078235e-83,"15","TPP1"
2.27619361721712e-87,2.15882701261143,0.403,0.073,5.56574863281931e-83,"15","NUMB"
2.41608619560235e-87,1.55713045188051,0.95,0.502,5.90781396548686e-83,"15","HLA-DRB1"
5.86688455721302e-86,2.12776927066232,0.356,0.059,1.43457061192973e-81,"15","MAP4K4"
7.52248132561123e-86,1.42398793810894,0.514,0.107,1.83939713373846e-81,"15","TNFRSF1A"
1.10692244043597e-85,1.58466157309802,0.863,0.324,2.70664675135404e-81,"15","ATP6V0B"
3.74638986432545e-85,1.44296710213516,0.565,0.127,9.16067249624858e-81,"15","JAML"
5.15294499017456e-85,1.69388539695726,0.691,0.195,1.25999810899748e-80,"15","CTNNB1"
7.81469104267566e-84,1.90487450471489,0.338,0.054,1.91084825375505e-79,"15","NBPF19"
1.06916646784694e-83,2.11653630591521,0.291,0.042,2.61432584717934e-79,"15","B4GALT5"
1.56752241350423e-83,1.7742276103406,0.514,0.115,3.83290580550055e-79,"15","ACAA1"
1.0773259724243e-82,1.66378089815208,0.791,0.259,2.6342774677719e-78,"15","TALDO1"
1.08751617223095e-82,1.93426609218695,0.317,0.049,2.65919454433912e-78,"15","SCARB2"
5.0097725527523e-82,1.84496188382608,0.514,0.117,1.22498958459899e-77,"15","CRTAP"
6.11928874275495e-82,1.48421920693247,0.788,0.249,1.49628848337844e-77,"15","ATP6V0D1"
6.17258734527634e-82,1.03165238915287,0.978,0.88,1.50932105766697e-77,"15","H3F3A"
1.4408233485204e-81,2.33015417504489,0.284,0.041,3.52310125180209e-77,"15","MAFG"
9.233554128462e-81,1.69658103919269,0.421,0.082,2.25778865549153e-76,"15","MAPKAPK3"
1.04377851281484e-80,2.07783399325934,0.381,0.071,2.55224721953485e-76,"15","ATF5"
2.21288748196617e-80,1.83721443368878,0.259,0.035,5.41095247090368e-76,"15","TRIM25"
5.27523464293006e-80,1.60040433154133,0.277,0.039,1.28990037488926e-75,"15","APP"
5.57238952805057e-80,1.86732708928081,0.324,0.052,1.36256068739893e-75,"15","CHST7"
1.31791281708532e-79,2.16061437436736,0.259,0.035,3.22256042033701e-75,"15","CPEB4"
3.10932170740849e-79,1.66531513358625,0.442,0.09,7.60291343895523e-75,"15","PSEN1"
4.81751647407866e-79,1.51899063887518,0.665,0.184,1.17797912824171e-74,"15","NCOA4"
1.25804710813746e-77,2.14974383355705,0.335,0.057,3.07617678881771e-73,"15","PRKAG2"
4.99287138134898e-77,1.41942583711687,0.82,0.283,1.22085691016745e-72,"15","SAMHD1"
5.47073573082227e-77,1.87604838529085,0.335,0.057,1.33770430090066e-72,"15","TICAM1"
1.98204799939151e-76,1.6390175240829,0.957,0.642,4.84650376811211e-72,"15","S100A10"
3.56117937043257e-76,1.5562221469732,0.392,0.075,8.70779579658171e-72,"15","RNPEP"
4.55806159871917e-76,1.95092520973471,0.313,0.052,1.11453722211881e-71,"15","NQO2"
8.03412090334124e-76,1.68941051785992,0.396,0.077,1.964503243285e-71,"15","FAM45A"
1.05118261215173e-75,1.83120153098586,0.471,0.105,2.57035172323341e-71,"15","OXSR1"
1.59735026722296e-75,1.73996515876484,0.845,0.321,3.90584087341358e-71,"15","ZEB2"
7.079806620245e-75,2.05488979677856,0.302,0.049,1.73115431478231e-70,"15","MID1IP1"
1.13889390048372e-73,1.93280837020464,0.32,0.055,2.7848233654628e-69,"15","ADAM17"
1.26416278408357e-73,1.75875289726123,0.691,0.236,3.09113083964114e-69,"15","HLA-DRB5"
6.6402298867786e-73,1.78728176754966,0.299,0.049,1.6236690119151e-68,"15","MED13L"
5.33260071717955e-72,1.60145350859296,0.637,0.182,1.30392752736474e-67,"15","BNIP3L"
5.71279612831591e-72,1.49112174728217,0.644,0.182,1.39689290929581e-67,"15","VMP1"
6.47275733277794e-72,1.82900015226596,0.529,0.139,1.58271862301086e-67,"15","ICAM1"
1.37495294894043e-71,1.53844186315878,0.453,0.1,3.36203495074914e-67,"15","PRCP"
1.82606296069392e-71,1.55482646720051,0.878,0.37,4.46508915148877e-67,"15","PPP1R15A"
2.19056392556547e-71,1.70446623137672,0.263,0.039,5.35636691079268e-67,"15","HEBP1"
3.37575448969748e-71,2.02318355722159,0.27,0.041,8.25439487820828e-67,"15","NOCT"
5.66043751976853e-71,1.493043879365,0.82,0.316,1.3840901823338e-66,"15","CMTM6"
2.82362059645587e-70,1.29821114744652,0.723,0.224,6.9043170824539e-66,"15","PGLS"
5.09414012629202e-70,1.51955586549039,0.676,0.21,1.24561914368093e-65,"15","VSIR"
9.13876683836428e-70,0.905012984037492,0.993,0.893,2.23461126731683e-65,"15","CD74"
9.87142788890001e-70,1.49408786336261,0.414,0.087,2.41376154739383e-65,"15","IMPDH1"
1.02987036593148e-69,1.39600378044718,0.442,0.097,2.51823901877567e-65,"15","NUP214"
1.03902083751416e-69,1.53688239125397,0.658,0.2,2.54061375188961e-65,"15","RAB10"
1.19510656393033e-69,1.36229395695141,0.629,0.175,2.92227457012245e-65,"15","MYO1F"
2.16239768850422e-69,2.17808594668873,0.91,0.519,5.28749482793053e-65,"15","NFKBIA"
3.68444670861427e-69,1.64842862586655,0.381,0.077,9.0092090919036e-65,"15","RASSF2"
4.16749947422962e-69,1.39400221396418,0.853,0.363,1.01903697143863e-64,"15","FKBP1A"
8.29472342220503e-69,1.34642684217809,0.399,0.082,2.02822577119757e-64,"15","VAMP3"
1.03516392584108e-68,1.33686602645068,0.525,0.13,2.53118283146661e-64,"15","SKAP2"
3.35902247994893e-68,1.41495110436512,0.356,0.068,8.21348176797112e-64,"15","IL10RB"
3.75850525990929e-68,1.34005685550714,0.871,0.38,9.19029706153021e-64,"15","RAC1"
4.38650187491665e-68,1.49101762518144,0.442,0.099,1.07258743845462e-63,"15","OGDH"
9.96253542494055e-68,1.52969997008843,0.327,0.06,2.43603916210646e-63,"15","COMMD9"
1.03597331936549e-67,1.70619015673525,0.277,0.045,2.53316196051249e-63,"15","DIAPH2"
1.16677500592149e-67,1.44786198111272,0.741,0.265,2.85299824447922e-63,"15","RNH1"
1.46930585375018e-67,1.35645221936172,0.518,0.129,3.59274667358993e-63,"15","MYO9B"
2.50887722936802e-67,1.90745156429725,0.263,0.041,6.13470660125069e-63,"15","C3AR1"
4.18653713200055e-67,1.39278713681311,0.432,0.095,1.02369205951677e-62,"15","STK40"
5.34602948204152e-67,1.53062342656651,0.482,0.116,1.30721112894879e-62,"15","MAP2K1"
1.68566792370961e-66,1.74512782007725,0.284,0.048,4.12179520705473e-62,"15","EHBP1L1"
1.69882056569343e-66,0.91924889717163,0.975,0.866,4.15395604723358e-62,"15","OAZ1"
4.83020807851779e-66,1.37589797810031,0.504,0.125,1.18108247935917e-61,"15","CAPNS1"
5.1227598692347e-66,1.32407919950235,0.723,0.236,1.25261724322527e-61,"15","VASP"
7.63797545384146e-66,1.80488419189956,0.338,0.066,1.86763775797331e-61,"15","ETV6"
1.9621928059438e-65,0.968447692421003,0.712,0.226,4.79795384909378e-61,"15","HLA-DQB1"
2.84007676774271e-65,2.06437254266353,0.327,0.063,6.94455571248446e-61,"15","AHR"
4.08399449141842e-65,1.27031832195632,0.719,0.246,9.98618333041631e-61,"15","NR4A1"
1.18182720529297e-64,1.56764037790982,0.435,0.101,2.88980388238238e-60,"15","LIPA"
1.80458541442774e-64,1.69219825025344,0.288,0.05,4.41257225535871e-60,"15","SNX27"
1.87985681642104e-64,1.47117865858617,0.396,0.086,4.59662588751272e-60,"15","HLA-DMB"
1.20059318329615e-63,1.24098936298637,0.676,0.215,2.93569045179574e-59,"15","HLA-DMA"
1.3954513502569e-63,1.50049748634173,0.385,0.082,3.41215764164816e-59,"15","PDLIM5"
1.94643378016605e-63,1.47289211503057,0.385,0.082,4.75941987926203e-59,"15","CSGALNACT2"
3.15550592648308e-63,1.3015675957596,0.46,0.111,7.71584309143643e-59,"15","ZNF106"
7.87453563236997e-63,1.46726599743886,0.863,0.414,1.92548145282711e-58,"15","CSTB"
6.49682850819161e-62,1.38023829363665,0.406,0.091,1.58860450682301e-57,"15","LAMP2"
6.51986812777771e-62,1.73277115534759,0.291,0.053,1.59423815460421e-57,"15","PSTPIP2"
1.43785201026078e-61,1.58929131003905,0.371,0.08,3.51583573548967e-57,"15","PEA15"
2.64492327112354e-61,1.26972922008685,0.622,0.189,6.46736638255128e-57,"15","CASP1"
4.48386463630511e-61,1.31826604121047,0.353,0.073,1.09639458086932e-56,"15","STX7"
2.1835844118987e-60,1.5301109953089,0.518,0.142,5.33930060397471e-56,"15","EHD1"
2.53361147770331e-60,1.25281597882472,0.723,0.242,6.19518678528013e-56,"15","ZYX"
3.39133219737029e-60,1.80568527895221,0.288,0.053,8.29248548900982e-56,"15","TPRA1"
8.45603365606563e-60,1.47797569006273,0.478,0.125,2.06766934958117e-55,"15","SPAG9"
1.29288550486262e-59,2.27847226942723,0.252,0.043,3.16136363649008e-55,"15","ANTXR2"
1.670545961454e-59,1.89100908814267,0.259,0.045,4.08481898494732e-55,"15","NCF4"
6.99877817059492e-59,1.5422944119363,0.378,0.085,1.71134123827387e-54,"15","UNC119"
8.19183925581477e-59,1.20025660508189,0.504,0.133,2.00306853483183e-54,"15","MALT1"
9.45174297509078e-59,1.29458639557589,0.817,0.357,2.3111401922692e-54,"15","RNASET2"
7.60547664015596e-58,1.15952354608387,0.691,0.229,1.85969114805093e-53,"15","AP2S1"
9.87689099319507e-58,1.38756994095212,0.432,0.107,2.41509738565606e-53,"15","MAN2B1"
2.23433204320921e-57,1.28805031835189,0.313,0.062,5.46338871205516e-53,"15","EIF4EBP1"
4.11504150795746e-57,1.1590054726057,0.5,0.134,1.00620994952576e-52,"15","SPG21"
4.23479362845677e-57,1.43809052098173,0.252,0.043,1.03549173803025e-52,"15","CARD8-AS1"
5.02737152742209e-57,1.52151731694478,0.295,0.057,1.22929288588525e-52,"15","FEM1C"
5.77380945110508e-57,1.15107257154282,0.665,0.215,1.41181188698421e-52,"15","TCIRG1"
7.12238720947775e-57,1.11828510601414,0.586,0.174,1.7415661204615e-52,"15","TRAPPC5"
8.4601493421505e-57,1.21813851229033,0.655,0.211,2.06867571714264e-52,"15","CHMP4B"
9.04716143972188e-57,1.28454795520272,0.86,0.39,2.21221191524079e-52,"15","CD55"
1.46278321168199e-56,1.34200053326792,0.633,0.211,3.5767975092048e-52,"15","PTPN6"
2.29119992339468e-56,1.80394580371645,0.266,0.049,5.60244205268468e-52,"15","ITGAM"
3.02889420590641e-56,1.46280432852752,0.435,0.111,7.40625211228234e-52,"15","SPATA13"
4.73478399885089e-56,1.73306770507745,0.313,0.064,1.15774938339902e-51,"15","SLC6A6"
6.29715583676475e-56,1.20630273973939,0.518,0.145,1.53978054520572e-51,"15","VPS35"
6.97227616333425e-56,1.23068278163562,0.525,0.149,1.70486096745849e-51,"15","ZNF267"
9.41301310744955e-56,1.1580120360692,0.665,0.22,2.30166996503356e-51,"15","EVI2B"
1.26122375045674e-55,1.15434344116024,0.781,0.289,3.08394431461682e-51,"15","LCP2"
3.22631789611061e-55,1.08203669052047,0.424,0.103,7.88899251956966e-51,"15","SERPINB6"
7.82304615639976e-55,1.45135736852995,0.263,0.048,1.91289124616287e-50,"15","PNPLA6"
1.11539797863e-54,1.75110783721838,0.273,0.052,2.72737113734608e-50,"15","RYBP"
1.13086175782414e-54,1.20223699845575,0.644,0.21,2.76518317023159e-50,"15","MYO1G"
1.13131082467447e-54,1.00801783554219,0.806,0.307,2.76628122849401e-50,"15","CARD16"
1.82386003841671e-54,1.00159099756399,0.68,0.217,4.45970256593653e-50,"15","UQCRC1"
2.25447649603668e-54,1.31939412486026,0.64,0.215,5.51264592810888e-50,"15","HIF1A"
2.62549667292076e-54,1.13662056954888,0.486,0.131,6.41986446462585e-50,"15","RIN3"
3.89342881681473e-54,1.20640501934386,0.655,0.219,9.52021214287538e-50,"15","WASF2"
4.53844904698587e-54,1.665944325435,0.367,0.087,1.10974156096898e-49,"15","FAM110A"
6.48543275397971e-54,1.1667274408729,0.381,0.089,1.58581801700312e-49,"15","TPD52L2"
9.9621026945154e-54,1.06497337486989,0.547,0.159,2.43593335086291e-49,"15","DOCK2"
4.76097801155428e-53,1.15260508533035,0.496,0.139,1.16415434338525e-48,"15","COMT"
5.82530376662064e-53,1.11523634448151,0.856,0.378,1.42440327701408e-48,"15","GNAI2"
5.95429144544928e-53,1.63590572104388,0.252,0.046,1.45594334424126e-48,"15","SLC36A4"
8.29342864370134e-53,1.65157036777788,0.414,0.106,2.02790917195785e-48,"15","NABP1"
8.64913181104649e-53,1.13701890753334,0.781,0.31,2.11488571043709e-48,"15","SEC11A"
8.65971364447365e-53,1.13577368395639,0.468,0.124,2.1174731803467e-48,"15","STAT6"
8.70031412940822e-53,1.3742937257866,0.317,0.067,2.1274008109229e-48,"15","HIPK3"
9.47508169566466e-53,1.24860259545838,0.432,0.112,2.31684697622392e-48,"15","CAT"
1.62565180797561e-52,1.14272374500559,0.698,0.245,3.97504380086195e-48,"15","RTN4"
3.87429684012617e-52,1.11458100933043,0.874,0.441,9.47343063347651e-48,"15","GNG5"
4.06126011563739e-52,1.13460911513536,0.536,0.156,9.93059323475656e-48,"15","PIK3AP1"
4.47897903604956e-52,1.18372164927654,0.835,0.391,1.09519995389484e-47,"15","ARPC5"
4.82918726933758e-52,1.54793634859963,0.281,0.056,1.18083287109842e-47,"15","RASSF3"
1.19419794571054e-51,0.993818480718911,0.942,0.643,2.92005281685142e-47,"15","ARPC1B"
2.27655666243033e-51,1.23728515645748,0.507,0.149,5.56663635097464e-47,"15","ATOX1"
2.31859158727357e-51,1.37391114819588,0.428,0.115,5.66942014920134e-47,"15","C16orf72"
3.02191580533803e-51,1.22726059587086,0.86,0.51,7.38918852721255e-47,"15","HLA-DPA1"
8.33955273401635e-51,1.30169057133899,0.507,0.149,2.03918743452168e-46,"15","RASGEF1B"
8.7560921925482e-51,1.09916044427089,0.399,0.1,2.14103966292188e-46,"15","EPN1"
8.92428190051616e-51,1.2078816236351,0.417,0.107,2.18216541031421e-46,"15","WASHC4"
1.14969773407301e-50,1.56147770490899,0.27,0.054,2.81124089935534e-46,"15","PARVB"
1.18652296297039e-50,1.13509298781493,0.691,0.248,2.90128594905519e-46,"15","MTPN"
1.76030092623334e-50,1.27941731736055,0.694,0.253,4.30428782482577e-46,"15","CFLAR"
2.0476476594697e-50,1.3381149274878,0.363,0.087,5.00690805693532e-46,"15","FNIP1"
2.56589259852316e-50,1.16486608418781,0.647,0.225,6.27412058190883e-46,"15","CAPZA2"
3.60293538849446e-50,1.24452262820613,0.349,0.081,8.80989761194666e-46,"15","LEPROT"
4.26151425875274e-50,1.48701166105609,0.273,0.055,1.04202546655022e-45,"15","GSN"
5.98495585413255e-50,1.84596544911608,0.288,0.061,1.46344140545249e-45,"15","EAF1"
1.3175986875057e-49,1.08051144242857,0.806,0.342,3.22179231068894e-45,"15","LAMTOR4"
1.41883502202271e-49,1.44734942728851,0.683,0.277,3.46933539584993e-45,"15","NFKBIZ"
9.42746053104616e-49,1.12381849930106,0.59,0.189,2.30520264905141e-44,"15","ATG3"
1.96036660685445e-48,1.05029324532956,0.558,0.173,4.7934884270805e-44,"15","GLIPR2"
2.8552579289395e-48,1.00876866810213,0.54,0.164,6.98167668784288e-44,"15","PRDX3"
3.04892272954156e-48,1.24550868781061,0.295,0.063,7.45522585827502e-44,"15","HPS3"
4.2433598504349e-48,1.29550373680319,0.277,0.057,1.03758635062834e-43,"15","DSE"
6.86045298038797e-48,1.03011214469027,0.554,0.173,1.67751796276447e-43,"15","AGTRAP"
8.69596461671089e-48,1.02697770611284,0.917,0.52,2.12633726807815e-43,"15","LRRFIP1"
1.25048397113021e-47,0.99207477629456,0.745,0.274,3.05768340620758e-43,"15","CNPY3"
1.68756505134419e-47,1.08938208096581,0.687,0.253,4.12643406354682e-43,"15","SERPINB9"
1.769017929053e-47,1.15138655838991,0.284,0.061,4.32560264012039e-43,"15","GNA15"
1.92458861393017e-47,1.37612824911525,0.266,0.055,4.70600407878205e-43,"15","FUCA2"
5.97569334243532e-47,1.19906131892526,0.845,0.405,1.46117653609228e-42,"15","AHNAK"
1.25390195931273e-46,1.24228474540014,0.385,0.101,3.06604107091149e-42,"15","GRK2"
1.43862085523868e-46,0.888381653844441,0.784,0.312,3.51771571522963e-42,"15","KDM6B"
2.16332056368221e-46,1.75075147080522,0.252,0.051,5.28975144231574e-42,"15","MAPK6"
2.17363334880779e-46,1.18292406084755,0.468,0.137,5.3149682645048e-42,"15","DPYD"
2.36306237298384e-46,1.45791952447345,0.263,0.054,5.77816011442008e-42,"15","HOTAIRM1"
2.68168841268169e-46,1.16806362994188,0.342,0.082,6.55726450668926e-42,"15","RTL8C"
3.45667198251249e-46,1.0618543365348,0.331,0.078,8.45225433163953e-42,"15","CTBS"
3.72947089607454e-46,1.26906433324209,0.363,0.093,9.11930223508147e-42,"15","RRBP1"
4.2985847466507e-46,1.53178321683161,0.482,0.156,1.05108994225103e-41,"15","NCF1"
7.00807684643125e-46,1.11047659213567,0.644,0.232,1.71361495048937e-41,"15","GPCPD1"
1.66982667687829e-45,0.827620967501711,0.989,0.867,4.08306019030278e-41,"15","MT-ND4"
1.7656596350827e-45,1.38357593307193,0.288,0.064,4.31739093970421e-41,"15","NCOR2"
3.43002123850132e-45,0.87212609877062,0.946,0.752,8.38708793238344e-41,"15","ARPC3"
4.02867348683074e-45,1.25786339783025,0.536,0.176,9.85091240999852e-41,"15","GCH1"
5.29608407568771e-45,1.20101623823403,0.288,0.064,1.29499847818716e-40,"15","MICU1"
6.34176148793416e-45,1.05197439846977,0.809,0.374,1.55068751902966e-40,"15","PRELID1"
7.2725569028637e-45,1.01996734699885,0.36,0.092,1.77828561388823e-40,"15","THAP2"
1.4276578387483e-44,1.08711333215744,0.5,0.153,3.49090894730733e-40,"15","AKR1A1"
1.48792535534426e-44,1.42674544587386,0.414,0.117,3.63827507888779e-40,"15","ABHD5"
2.82462321588181e-44,1.33704112188542,0.378,0.102,6.9067686874742e-40,"15","SH3BP5"
5.36203753735533e-44,1.0098873871924,0.917,0.628,1.31112541863413e-39,"15","ALDOA"
2.70602800879655e-43,1.16840511106601,0.428,0.123,6.61677968710933e-39,"15","ERGIC1"
3.95526897149846e-43,1.49263235560493,0.291,0.069,9.67142368910804e-39,"15","RAPGEF1"
4.58679696333273e-43,1.00421416864217,0.54,0.175,1.12156359347412e-38,"15","CLTC"
5.06976265091229e-43,1.09484431039477,0.532,0.175,1.23965836340107e-38,"15","IRF7"
1.62286824713012e-42,1.05761147216323,0.306,0.073,3.96823743788258e-38,"15","DDAH2"
1.62694400824052e-42,0.506462729565277,0.673,0.24,3.97820348894971e-38,"15","CEBPD"
1.7896291516726e-42,1.60202618197399,0.406,0.122,4.37600120166984e-38,"15","RHOB"
1.82146070259387e-42,2.08616770582953,0.446,0.161,4.45383570998252e-38,"15","FCGR3A"
1.96353520295682e-42,0.921062717003674,0.655,0.238,4.80123627827002e-38,"15","MAP2K3"
2.75715010049944e-42,1.09530261042556,0.867,0.446,6.74178342574124e-38,"15","SAMSN1"
6.10738396372585e-42,0.823843097455947,0.385,0.104,1.49337752681024e-37,"15","VMA21"
6.99147405824427e-42,1.47207068279843,0.317,0.08,1.70955523672189e-37,"15","ZBTB43"
9.82739509406498e-42,1.21840730232194,0.353,0.094,2.40299464840077e-37,"15","GNG10"
1.88776788595808e-41,1.02418431270625,0.291,0.069,4.61597003474471e-37,"15","SMIM14"
1.92536015856614e-41,0.960787213713052,0.522,0.169,4.70789065972593e-37,"15","ARPC4"
2.02654423141334e-41,1.14220426595877,0.457,0.142,4.9553059546519e-37,"15","RTN3"
2.05329298501155e-41,1.23918476226946,0.302,0.073,5.02071200695024e-37,"15","TRMT1"
2.30095704587264e-41,1.14783630631458,0.522,0.174,5.62630016856778e-37,"15","ARL8B"
4.3408470977252e-41,0.85253475744107,0.579,0.194,1.06142393233577e-36,"15","PARVG"
5.37313941249921e-41,1.28006985701041,0.27,0.062,1.31384004914431e-36,"15","ATP6V1C1"
5.92446047716036e-41,0.901235398367265,0.522,0.17,1.44864907587525e-36,"15","RARA"
7.58148363597886e-41,0.924286084777941,0.435,0.129,1.85382437866955e-36,"15","HACD4"
3.54515581769264e-40,1.14298422367044,0.327,0.085,8.66861500542203e-36,"15","ATG16L2"
4.10978555773533e-40,1.38691600732204,0.284,0.068,1.00492476457744e-35,"15","DDX60L"
9.48915591170559e-40,1.16897966426226,0.371,0.104,2.32028840353025e-35,"15","TLE3"
1.68800426607966e-39,0.942089148253645,0.561,0.193,4.12750803141797e-35,"15","UPP1"
3.18920267219846e-39,0.969537415050915,0.367,0.102,7.79823837405967e-35,"15","CYB5R4"
4.39863137539517e-39,1.22353876016539,0.255,0.058,1.07555334391163e-34,"15","ACSL4"
4.79076931904638e-39,1.01785559233255,0.745,0.331,1.17143891389322e-34,"15","ATP6V1F"
5.27783651787545e-39,1.12598522034149,0.759,0.372,1.29053658535091e-34,"15","NAP1L1"
5.37031184614876e-39,1.01442641960222,0.942,0.535,1.31314865262029e-34,"15","CD44"
7.87336834178103e-39,0.916704579407692,0.709,0.288,1.9251960269323e-34,"15","GRB2"
8.80937880532201e-39,0.918123221819232,0.356,0.097,2.15406930547734e-34,"15","STX10"
1.15378731612688e-38,1.23933111334269,0.27,0.064,2.82124074539345e-34,"15","STAT2"
1.91469202561417e-38,0.782629895654334,0.558,0.191,4.68180494103178e-34,"15","SNX2"
1.99848213011665e-38,1.00312258170258,0.601,0.224,4.88668850456122e-34,"15","AKIRIN2"
2.60057440226769e-38,1.23032325331386,0.309,0.081,6.35892452842495e-34,"15","PELI1"
2.72973609775898e-38,0.718580532058913,0.982,0.884,6.67475070624027e-34,"15","SH3BGRL3"
3.34084604372534e-38,1.0547933730452,0.313,0.081,8.1690367461172e-34,"15","SPTLC2"
3.54294618573146e-38,0.984412094394295,0.885,0.464,8.66321201335056e-34,"15","PKM"
7.25066774211048e-38,0.821171054636193,0.417,0.125,1.77293327630086e-33,"15","HDLBP"
1.3756278798333e-37,0.891365475802911,0.59,0.213,3.36368529176839e-33,"15","C4orf48"
1.71383018246607e-37,0.692111724200909,0.957,0.734,4.19065756216604e-33,"15","LAPTM5"
1.95098183708613e-37,1.41381395559867,0.295,0.077,4.77054078804301e-33,"15","FNDC3B"
2.25865954053929e-37,0.939773766674265,0.802,0.385,5.52287430852667e-33,"15","GNB2"
3.57481105337497e-37,1.10226149258032,0.687,0.298,8.74112798771246e-33,"15","INSIG1"
4.3741634046223e-37,0.793853860260197,0.522,0.177,1.06957043569825e-32,"15","GNB1"
4.51239001208379e-37,1.02035758431285,0.317,0.084,1.10336960575473e-32,"15","CD151"
6.54914179119576e-37,1.29673332871261,0.277,0.069,1.60139615078319e-32,"15","MTF1"
1.25389108635381e-36,0.836531900496125,0.468,0.151,3.06601448435233e-32,"15","PLK3"
1.49253542156992e-36,0.736856752355,0.939,0.48,3.64954761282278e-32,"15","SDCBP"
1.52056973718978e-36,0.801001113257375,0.676,0.263,3.71809712137645e-32,"15","HADHA"
1.85267023761934e-36,0.875863698990309,0.371,0.107,4.5301492650268e-32,"15","FLII"
2.19870753641251e-36,0.873349682809474,0.853,0.51,5.37627966803588e-32,"15","HLA-DPB1"
2.73175103840017e-36,0.902851473820213,0.849,0.422,6.6796776390961e-32,"15","FLNA"
4.98959768169076e-36,1.23196870213369,0.313,0.085,1.22005642512702e-31,"15","ATP6V1A"
8.98481564973888e-36,0.774906384427647,0.385,0.114,2.19696712267415e-31,"15","PTPN18"
9.32222246343315e-36,0.843539606847285,0.917,0.653,2.27946983675867e-31,"15","SLC25A6"
9.44340414181817e-36,0.820441364240737,0.953,0.75,2.30910118075738e-31,"15","YBX1"
1.04283710799023e-35,0.952392530570742,0.349,0.1,2.5499452964577e-31,"15","DNAJB12"
1.21128570697747e-35,0.990871126369083,0.288,0.074,2.9618358107013e-31,"15","PLCB2"
1.25542142909047e-35,1.00541374119636,0.302,0.08,3.06975647841201e-31,"15","TMEM205"
1.76803359574941e-35,1.0733713412447,0.273,0.069,4.32319574832646e-31,"15","TMEM154"
1.78958169783404e-35,0.705151206376585,0.543,0.188,4.37588516754379e-31,"15","EIF4E2"
2.18789045466165e-35,0.574865897981875,0.335,0.092,5.34982973973867e-31,"15","HAVCR2"
4.91601680501668e-35,2.09590060971701,0.36,0.114,1.20206442916268e-30,"15","TNF"
6.27746242830249e-35,0.888369308497321,0.586,0.225,1.53496511296852e-30,"15","PNP"
7.75695145389372e-35,0.870313041241245,0.788,0.348,1.89672976950609e-30,"15","NOP10"
9.5445772957374e-35,0.909287248931132,0.608,0.238,2.33384004035371e-30,"15","JMJD1C"
1.47443770435891e-34,0.803423771149407,0.317,0.087,3.60529507469841e-30,"15","TAOK1"
1.52919641369903e-34,0.861446857461596,0.252,0.061,3.73919107077688e-30,"15","TRIM8"
3.53028272995253e-34,0.828690633855045,0.709,0.312,8.63224733127993e-30,"15","SYNGR2"
5.34900165132342e-34,0.804081001702906,0.468,0.156,1.3079378837816e-29,"15","CHMP2B"
5.98411498965609e-34,0.739317244381268,0.899,0.576,1.46323579727071e-29,"15","GSTP1"
6.02869846349664e-34,0.775204279310397,0.435,0.141,1.4741373482942e-29,"15","MOB3A"
1.18133281829422e-33,1.01941624598516,0.374,0.116,2.88859500729302e-29,"15","KCTD20"
1.25314720966192e-33,0.803530411376851,0.568,0.209,3.06419555706534e-29,"15","HSD17B11"
1.41046552502958e-33,0.78796652277349,0.446,0.149,3.44887030180233e-29,"15","LAMTOR2"
1.49394974916732e-33,0.75724142718943,0.317,0.088,3.65300592666393e-29,"15","DRAM2"
2.07713335901253e-33,0.92130754115025,0.356,0.107,5.07900648945744e-29,"15","GLA"
2.99368731285809e-33,1.10389794950676,0.547,0.212,7.3201642174006e-29,"15","CDC42EP3"
3.75513811624879e-33,0.923166623870167,0.378,0.118,9.18206372185153e-29,"15","YTHDF3"
3.95334899758961e-33,0.807844325432663,0.417,0.134,9.66672896890611e-29,"15","PFKL"
4.00726963580246e-33,0.815190129353282,0.572,0.217,9.79857571346418e-29,"15","TMBIM4"
6.44706607096787e-33,0.819819213733235,0.55,0.204,1.57643659567306e-28,"15","OSBPL8"
6.67670615997833e-33,0.855658707157077,0.41,0.133,1.6325881902379e-28,"15","NANS"
7.14392168758798e-33,0.87241903863423,0.734,0.337,1.74683173104901e-28,"15","GDI2"
8.48722319550655e-33,0.538520960828651,0.662,0.289,2.07529581576526e-28,"15","HSPA1A"
8.92234273056589e-33,0.867203886746059,0.295,0.08,2.18169124447797e-28,"15","FAM200B"
1.47171901999424e-32,0.868632208450702,0.55,0.212,3.59864734768991e-28,"15","SLC16A3"
2.16128658178064e-32,0.76709143856425,0.583,0.224,5.28477794977001e-28,"15","CHCHD10"
2.67930593532337e-32,0.838158441771383,0.529,0.195,6.55143887305271e-28,"15","RAB1A"
2.71002171847914e-32,1.08091843881528,0.313,0.09,6.6265451060252e-28,"15","FAM120A"
2.89702485320654e-32,0.992921635514892,0.273,0.073,7.08380517106064e-28,"15","MAP3K11"
3.39270939597037e-32,0.900798544365748,0.468,0.164,8.29585301502675e-28,"15","TLE4"
4.15842595211108e-32,1.41126179792836,0.259,0.069,1.0168183138102e-27,"15","TRMT6"
4.16913066150617e-32,0.667938396948937,0.946,0.767,1.01943582935149e-27,"15","RHOA"
7.03253205999602e-32,0.691067104696023,0.522,0.188,1.71959473931023e-27,"15","TMEM167A"
8.17603557076773e-32,0.486734603691418,0.46,0.156,1.99920421776413e-27,"15","GLRX"
3.56085420626969e-31,1.23463334403591,0.633,0.283,8.70700070517066e-27,"15","CHMP1B"
4.03202027680473e-31,2.56512563296519,0.356,0.127,9.85909598084293e-27,"15","CCL3"
4.16072758531459e-31,0.938789131795634,0.388,0.128,1.01738110916112e-26,"15","HEXB"
5.21244676886281e-31,0.649892977885401,0.543,0.201,1.27454748392233e-26,"15","PRKCB"
5.45054141069364e-31,0.936790081903909,0.806,0.401,1.33276638574281e-26,"15","WSB1"
5.45661050288807e-31,0.691642480219052,0.277,0.074,1.33425040016619e-26,"15","CLIP4"
7.79847764964998e-31,0.948795946893004,0.281,0.078,1.90688375489241e-26,"15","NSMAF"
8.4711009514962e-31,0.891937490131398,0.349,0.108,2.07135360465985e-26,"15","CRK"
8.5441411850373e-31,0.758451919051349,0.5,0.185,2.08921340256532e-26,"15","RAB11FIP1"
8.58578589174396e-31,0.785360812260996,0.5,0.183,2.09939636624923e-26,"15","PABPC4"
9.02044365443412e-31,0.691238661597167,0.475,0.167,2.20567888238223e-26,"15","NDUFB5"
1.84773665912538e-30,0.786161479019732,0.478,0.17,4.51808567889338e-26,"15","CTSA"
1.91634559805029e-30,0.796735746779622,0.392,0.128,4.68584825635257e-26,"15","CNDP2"
2.25811152916771e-30,0.707266182321442,0.5,0.184,5.52153431112088e-26,"15","SEC14L1"
2.50296284958915e-30,1.01873027848993,0.255,0.068,6.12024475981538e-26,"15","CARS2"
2.7147804703764e-30,0.779590583463933,0.406,0.137,6.63818120616437e-26,"15","PDXK"
3.17237048082447e-30,0.825616422090327,0.507,0.19,7.75708029971199e-26,"15","MIDN"
3.26819589055007e-30,0.679229844729594,0.716,0.301,7.99139259157302e-26,"15","YWHAE"
3.59144267675714e-30,0.935053913538681,0.32,0.096,8.78179563320656e-26,"15","SIPA1L1"
6.0149412989731e-30,0.801793845122206,0.381,0.126,1.4707734464249e-25,"15","GUSB"
6.35605792719387e-30,0.686777988580874,0.583,0.228,1.55418328435745e-25,"15","UBE2J1"
6.56176660229516e-30,0.610241402933816,0.547,0.205,1.60448316959321e-25,"15","LPCAT1"
7.50088645380604e-30,0.550778354227877,0.486,0.172,1.83411675568465e-25,"15","CMTM7"
7.69615631465206e-30,0.721394304596869,0.421,0.143,1.88186414205872e-25,"15","FAM96A"
8.94194128416563e-30,0.760001217136078,0.335,0.102,2.18648348280418e-25,"15","QARS"
1.01284729928459e-29,0.72788542319016,0.367,0.117,2.47661421621068e-25,"15","USP3"
1.05150520786656e-29,0.960851464869826,0.288,0.083,2.57114053427531e-25,"15","CREBBP"
1.10884171229061e-29,0.603223260245204,0.579,0.221,2.711339754893e-25,"15","STMP1"
2.13028097124564e-29,0.605862888623627,0.64,0.257,5.20896303088985e-25,"15","ACAP2"
3.56811458067084e-29,0.836122573357182,0.273,0.077,8.72475377265634e-25,"15","SCLT1"
3.80255882272533e-29,0.742479041144955,0.871,0.493,9.29801683332798e-25,"15","TNFRSF1B"
3.84709443412123e-29,0.63377057301799,0.371,0.119,9.40691531031323e-25,"15","TUT7"
4.23781879212738e-29,1.52997185706376,0.482,0.206,1.03623145105099e-24,"15","PHLDA1"
4.95684221614047e-29,0.564595920907528,0.342,0.108,1.21204705869067e-24,"15","NFKBID"
6.55025744941071e-29,0.597412575298165,0.468,0.167,1.60166895152991e-24,"15","POLE4"
7.17250941486482e-29,0.709990493185999,0.482,0.177,1.75382200212275e-24,"15","RIOK3"
1.0516884290847e-28,0.703615881643615,0.396,0.134,2.5715885467979e-24,"15","PTEN"
1.61750520069633e-28,0.627331366426193,0.838,0.395,3.95512371674268e-24,"15","DDX21"
2.07841848400963e-28,0.710180596519405,0.716,0.315,5.08214887710035e-24,"15","CLTA"
2.33084550098353e-28,0.599427401699772,0.95,0.643,5.69938341900493e-24,"15","DUSP1"
2.90726135774188e-28,0.809961351913116,0.36,0.118,7.10883547195043e-24,"15","COL4A3BP"
3.33752148699237e-28,0.862205828818409,0.342,0.11,8.16090753999373e-24,"15","LRRFIP2"
3.93899140451592e-28,0.763698140937436,0.374,0.125,9.63162178232233e-24,"15","PTTG1IP"
7.61775148506051e-28,0.545396888509366,0.381,0.127,1.862692593127e-23,"15","RGS19"
7.62135661506892e-28,0.727226278084457,0.417,0.149,1.86357411951665e-23,"15","NORAD"
8.40502351741127e-28,0.685892799490881,0.906,0.559,2.0551963504774e-23,"15","RNASEK"
1.03952070502546e-27,0.884731638447328,0.291,0.087,2.54183602792826e-23,"15","MPHOSPH6"
1.28988518772331e-27,0.73376715784686,0.252,0.07,3.15402726102104e-23,"15","ADCY7"
1.39139029503951e-27,0.48493926976264,0.989,0.916,3.40222754943061e-23,"15","CYBA"
1.74605915580701e-27,0.677261776917852,0.755,0.357,4.2694638477793e-23,"15","TLN1"
1.79923714142586e-27,0.378680460211819,0.687,0.312,4.39949465821451e-23,"15","FOSB"
2.06619389581419e-27,0.617182826706091,0.428,0.151,5.05225731404486e-23,"15","SNAP23"
2.10286997499818e-27,0.601945446715729,0.554,0.22,5.14193766286556e-23,"15","TES"
2.150601994627e-27,0.642568621760789,0.299,0.09,5.25865199726194e-23,"15","TMEM120A"
2.2378838374388e-27,0.739504926212201,0.277,0.081,5.47207355930537e-23,"15","AP2A1"
2.25866063017292e-27,0.683815513727222,0.504,0.193,5.52287697289883e-23,"15","IER5"
2.68473444913042e-27,0.79472927974777,0.795,0.416,6.5647126750137e-23,"15","RNF149"
4.23488623971645e-27,0.795984964241395,0.457,0.173,1.03551438333547e-22,"15","LAP3"
4.24431123311574e-27,0.711033758519431,0.781,0.387,1.03781898272146e-22,"15","EIF4A1"
6.37465031717498e-27,0.618325534381259,0.349,0.114,1.55872949555563e-22,"15","YWHAG"
7.05599516715364e-27,0.790124766788863,0.281,0.084,1.72533193827241e-22,"15","PCYT1A"
7.08299887672432e-27,0.832921518972735,0.576,0.243,1.73193488533663e-22,"15","PNPLA8"
7.78754100161603e-27,0.511166270856815,0.543,0.208,1.90420952571515e-22,"15","OS9"
8.12135156569081e-27,0.746114927663887,0.468,0.176,1.98583288484272e-22,"15","TGIF1"
9.86488206503012e-27,0.657209280718261,0.921,0.647,2.41216096254116e-22,"15","SERP1"
1.22349195032134e-26,0.858404091391582,0.277,0.083,2.99168251692574e-22,"15","DHRS4"
1.63238250406537e-26,1.02942083156656,0.46,0.183,3.99150169894064e-22,"15","SOCS3"
1.9697185001583e-26,0.580489184385845,0.41,0.145,4.81635567658707e-22,"15","CD300A"
2.09123895858954e-26,0.590176337707295,0.417,0.149,5.11349750154314e-22,"15","RBPJ"
4.07969598700359e-26,0.492539696866225,0.493,0.186,9.97567262742119e-22,"15","OXA1L"
4.83921698255408e-26,0.698819921678204,0.489,0.187,1.18328533657412e-21,"15","PLEKHB2"
5.25141287792758e-26,0.491692025052513,0.345,0.113,1.28407547691085e-21,"15","RAB21"
6.30871228429034e-26,1.07006785077295,0.41,0.154,1.54260632775467e-21,"15","IFI6"
8.98206271187331e-26,0.635503957094215,0.763,0.36,2.19629397430726e-21,"15","CAST"
9.69348793881676e-26,0.638530261471846,0.831,0.452,2.37025167079947e-21,"15","NME2"
1.04303877268033e-25,0.757585808919636,0.306,0.097,2.55043840695795e-21,"15","CACUL1"
1.18823181232005e-25,0.759823299652215,0.263,0.078,2.90546442748499e-21,"15","MICAL1"
1.75947628520592e-25,0.695984155983359,0.374,0.131,4.30227141258552e-21,"15","UBR4"
2.30772720241395e-25,0.604663099850026,0.374,0.13,5.64285455534258e-21,"15","BAG6"
2.33477782296232e-25,0.873912641891285,0.288,0.09,5.70899873270747e-21,"15","RABGEF1"
3.20630416983133e-25,0.491409800007264,0.45,0.17,7.84005495607156e-21,"15","SNX9"
3.22098230626912e-25,0.709570106651057,0.536,0.223,7.87594593528925e-21,"15","TAOK3"
3.64622633656785e-25,0.601311156067844,0.367,0.127,8.9157526381757e-21,"15","ESD"
4.0412149799665e-25,0.560254860329699,0.442,0.166,9.88157886901408e-21,"15","ADAM10"
4.17136172987072e-25,0.580567833354558,0.371,0.129,1.01998137018799e-20,"15","TRIM44"
4.31070608447412e-25,0.496410132783416,0.565,0.229,1.05405385177561e-20,"15","RGS10"
4.34832897091646e-25,0.625438683608032,0.514,0.205,1.06325339996849e-20,"15","DBNL"
4.48352114815093e-25,0.621574876497186,0.263,0.078,1.09631059114587e-20,"15","GLB1"
5.11968326219724e-25,0.53567568082398,0.576,0.238,1.25186495127247e-20,"15","LAMTOR1"
5.40431373781038e-25,0.897838108307351,0.273,0.085,1.32146279516939e-20,"15","REEP3"
5.94150067778487e-25,0.589077959225134,0.266,0.08,1.45281574573196e-20,"15","FEZ2"
6.24149486559964e-25,0.700629273108165,0.781,0.401,1.52617032453642e-20,"15","SH3BGRL"
6.2451909365231e-25,0.801152175714321,0.263,0.079,1.52707408779863e-20,"15","DNTTIP1"
6.8501010062633e-25,0.621636997642068,0.723,0.339,1.6749866980515e-20,"15","SNX3"
7.13323697126912e-25,0.675211636868257,0.806,0.414,1.74421910421472e-20,"15","ACTR2"
7.80091108352623e-25,0.581929184799702,0.45,0.169,1.90747877814383e-20,"15","ZBTB7A"
8.98293825585089e-25,0.621811003814834,0.374,0.132,2.19650806232066e-20,"15","HGSNAT"
9.16029765593495e-25,0.676074356084541,0.41,0.152,2.23987598282921e-20,"15","MAP3K2"
9.2361975315294e-25,0.580078400433557,0.475,0.183,2.25843502040957e-20,"15","SHKBP1"
1.29482940460412e-24,0.609196000835907,0.698,0.322,3.16611686013799e-20,"15","MINOS1"
1.34589955202856e-24,0.873144052224303,0.255,0.077,3.29099358462024e-20,"15","ARHGAP26"
1.34664405236861e-24,0.521964089833224,0.662,0.288,3.29281403685173e-20,"15","SUPT4H1"
2.8772928474206e-24,0.44326575924987,0.511,0.2,7.03555647051286e-20,"15","PDCD6IP"
3.61121597124237e-24,0.626354732529678,0.871,0.477,8.83014529288185e-20,"15","NFE2L2"
6.65566428866562e-24,0.775927368019835,0.471,0.19,1.62744303186452e-19,"15","UBE2D1"
6.83589219118281e-24,0.577177258006382,0.374,0.133,1.67151235858802e-19,"15","MTMR14"
9.30351204358262e-24,1.13434411874326,0.288,0.095,2.27489476489682e-19,"15","FNDC3A"
9.38035605055476e-24,0.487107513033413,0.622,0.273,2.29368466148165e-19,"15","IL10RA"
1.09641552925224e-23,0.745660566314529,0.288,0.093,2.68095525212758e-19,"15","ZSWIM7"
1.16877167841827e-23,0.774940247711978,0.288,0.094,2.85788050806836e-19,"15","SNX20"
1.18253382727249e-23,0.580001317802316,0.788,0.403,2.89153171444668e-19,"15","IQGAP1"
1.4663395712598e-23,0.626274194785982,0.835,0.472,3.58549351964447e-19,"15","HIGD2A"
2.19840503331242e-23,0.634623238260429,0.273,0.086,5.37553998745554e-19,"15","MARCH2"
2.53806226137584e-23,0.476276229315923,0.662,0.289,6.2060698415162e-19,"15","DOCK8"
2.63844316018008e-23,0.604639671990186,0.637,0.291,6.45152121527232e-19,"15","ZFAND5"
2.70658601710204e-23,0.716595941352223,0.532,0.237,6.6181441290179e-19,"15","MARCKSL1"
2.95799000664837e-23,0.460874028162611,0.378,0.137,7.23287716425659e-19,"15","TMPO"
2.96045388669044e-23,0.721155125047908,0.273,0.087,7.23890184373546e-19,"15","STX12"
2.98790123981091e-23,0.521140194769698,0.32,0.109,7.30601611158565e-19,"15","CBWD2"
4.37300345832996e-23,0.54092147091596,0.338,0.118,1.06928680563084e-18,"15","CHMP3"
4.97357261071592e-23,0.611360232860564,0.306,0.103,1.21613797477226e-18,"15","TUBGCP2"
6.094096355478e-23,0.601440945198413,0.435,0.171,1.49012844084148e-18,"15","METRNL"
1.01402895106522e-22,0.606157156329098,0.651,0.307,2.47950359114467e-18,"15","ZNF706"
1.06405036976907e-22,0.749744617724291,0.371,0.138,2.60181596415933e-18,"15","PARP14"
1.13926978095453e-22,0.477711656312939,0.317,0.107,2.78574246839003e-18,"15","CS"
1.20556184821822e-22,0.386716748324403,0.327,0.112,2.94783983126319e-18,"15","PEPD"
1.24692836975156e-22,0.593539640053934,0.547,0.234,3.04898924971651e-18,"15","BNIP2"
1.26141466030014e-22,0.579071217025394,0.299,0.1,3.0844111273659e-18,"15","MTHFS"
1.6690356047263e-22,0.550243751736217,0.676,0.313,4.08112586067675e-18,"15","EIF3A"
1.83940760635203e-22,0.713989027945635,0.766,0.406,4.49771947905198e-18,"15","ATP5MPL"
1.86917709653612e-22,0.43725270529104,0.302,0.101,4.57051183645012e-18,"15","MLX"
1.94720920810844e-22,0.55025824442656,0.277,0.089,4.76131595566675e-18,"15","STK24"
2.37267191639749e-22,0.906825032273423,0.281,0.094,5.80165736997515e-18,"15","TFDP1"
2.38199861572741e-22,0.522577521094205,0.982,0.855,5.82446301517666e-18,"15","MT-ND2"
2.60157259817001e-22,0.580639927400322,0.647,0.295,6.36136531704532e-18,"15","ATP6AP2"
3.5185922579907e-22,0.735681232681255,0.277,0.092,8.60366178923886e-18,"15","PTGER2"
3.55245702059672e-22,1.1161816068315,0.252,0.08,8.6864679067631e-18,"15","EHD4"
4.44175165868812e-22,0.482019465221831,0.687,0.316,1.08609711558242e-17,"15","NDUFB1"
5.04157967893002e-22,0.786250855341885,0.27,0.088,1.23276706309197e-17,"15","CMIP"
6.64193198551069e-22,0.383046968095643,0.986,0.969,1.62408520909707e-17,"15","TMSB10"
6.66804924476074e-22,0.609594083431184,0.288,0.096,1.6304714013289e-17,"15","HK1"
6.76382454654478e-22,0.716034501365798,0.608,0.274,1.65389037812113e-17,"15","HM13"
6.78921198603505e-22,0.834951350316413,0.273,0.09,1.66009811482529e-17,"15","PIK3R5"
9.55296604819485e-22,0.389496323328258,0.356,0.128,2.3358912581046e-17,"15","ATP6V1E1"
1.09605206185133e-21,0.445632922173147,0.568,0.276,2.68006650163888e-17,"15","HLA-DQA1"
1.77726163347538e-21,0.379211151513517,0.302,0.104,4.345760146174e-17,"15","RBBP8"
1.8191857563255e-21,0.529240668522748,0.306,0.106,4.44827301136712e-17,"15","DAP"
2.02010718483239e-21,0.408982818942684,0.511,0.212,4.93956608835215e-17,"15","GNA13"
2.6128516996725e-21,0.420823750193006,0.486,0.201,6.38894497603919e-17,"15","ARL4A"
3.2248794611941e-21,0.57201608366286,0.554,0.246,7.88547525851182e-17,"15","TACC1"
3.62103062150245e-21,0.67203007308693,0.259,0.084,8.85414407569779e-17,"15","UBE2E1"
3.69920588601968e-21,0.45740400408886,0.518,0.22,9.04529823249532e-17,"15","ATF4"
3.79783676682337e-21,0.593122657972744,0.658,0.32,9.2864704622365e-17,"15","ATP1A1"
5.61976707711676e-21,0.489560581875875,0.691,0.318,1.37414544569659e-16,"15","ENY2"
7.01180414834025e-21,0.530563703863013,0.432,0.174,1.71452635035216e-16,"15","SHOC2"
7.39114340109731e-21,0.463379885362918,0.266,0.088,1.80728238443631e-16,"15","CBWD1"
7.63974198615542e-21,0.498912305937501,0.367,0.14,1.86806971045472e-16,"15","RASGRP2"
9.22318845896066e-21,0.552357666963399,0.252,0.081,2.25525404198506e-16,"15","DELE1"
1.03910509019341e-20,0.650504652155748,0.266,0.089,2.54081976654091e-16,"15","WASHC2C"
1.06405127622104e-20,0.584453013545515,0.845,0.493,2.60181818061569e-16,"15","GPX4"
1.07261330096419e-20,0.469302271951617,0.41,0.16,2.62275404351764e-16,"15","IDH3G"
1.20420818784063e-20,0.514936225313605,0.331,0.121,2.94452986090791e-16,"15","TRIP12"
1.26774141583793e-20,0.60239247700714,0.273,0.092,3.0998813100069e-16,"15","SNAP29"
1.32566689091607e-20,0.556297576645103,0.665,0.321,3.24152068166798e-16,"15","PPP1CB"
1.65323417419191e-20,0.450346707897289,0.518,0.22,4.04248820273405e-16,"15","FERMT3"
1.67416900272244e-20,0.565414213237567,0.335,0.124,4.0936780454569e-16,"15","PLD3"
2.18872898332357e-20,0.379458954543945,1,0.996,5.3518801100228e-16,"15","ACTB"
2.42775732759259e-20,0.580600480536224,0.273,0.093,5.93635221742939e-16,"15","TOLLIP"
3.08126224181486e-20,0.562948545751391,0.309,0.11,7.5343024336857e-16,"15","TSPAN14"
3.28263211817132e-20,0.330548222782165,0.597,0.262,8.02669205535251e-16,"15","NFKB2"
3.47984179894965e-20,0.537573557879508,0.421,0.17,8.50890916679167e-16,"15","KMT2C"
3.61871807812261e-20,0.514159507648047,0.385,0.151,8.84848944462541e-16,"15","TESC"
3.7246629202392e-20,0.995106225582131,0.507,0.24,9.10754577256889e-16,"15","PLIN2"
3.72618470870469e-20,0.360482313063961,0.349,0.13,9.11126684972472e-16,"15","TMEM14C"
5.51519790099486e-20,0.687819565769489,0.277,0.096,1.34857619075126e-15,"15","TXNRD1"
6.34952282547757e-20,0.450203412792072,0.342,0.128,1.55258532128578e-15,"15","TRIM38"
6.744203038084e-20,0.446401570050478,0.525,0.228,1.6490925268723e-15,"15","TANK"
7.17297179413397e-20,0.398063431688385,0.975,0.894,1.75393506310164e-15,"15","SERF2"
7.40728955089834e-20,0.521708839512043,0.392,0.157,1.81123044098566e-15,"15","SAT2"
7.54647542845677e-20,0.433249188097357,0.975,0.854,1.84526417176625e-15,"15","PFDN5"
8.62064728873234e-20,0.646448786152108,0.291,0.104,2.10792067504083e-15,"15","HNRNPH2"
9.58793297005574e-20,0.522903610012402,0.597,0.273,2.34444136983803e-15,"15","CSNK1A1"
9.81720530036627e-20,0.506137372009835,0.317,0.116,2.40050304004556e-15,"15","RCOR1"
1.06876655231782e-19,0.544713387708657,0.281,0.098,2.61334797372753e-15,"15","CTNNBL1"
1.4609475549505e-19,0.49189407090048,0.468,0.198,3.57230896136496e-15,"15","OSER1"
2.47830067953331e-19,0.521478018412038,0.349,0.135,6.05994082159484e-15,"15","BLOC1S6"
2.51327658021278e-19,0.39967035179271,0.486,0.206,6.14546389393629e-15,"15","MMP24OS"
2.6825365173829e-19,0.454313622929549,0.374,0.147,6.55933829230468e-15,"15","BTF3L4"
3.0253015997042e-19,0.400422929859655,0.475,0.202,7.39746747159671e-15,"15","MIEN1"
3.03936371724669e-19,0.423057974333312,0.504,0.218,7.43185216141161e-15,"15","CHMP2A"
4.63281832706223e-19,0.709822246492919,0.263,0.092,1.13281673733326e-14,"15","UBAP2L"
4.63712762994867e-19,0.568631983512612,0.338,0.129,1.13387044807505e-14,"15","AGO2"
4.91222086012429e-19,0.383285296767577,0.363,0.141,1.20113624471759e-14,"15","ARF3"
5.26855894057846e-19,0.368765034668816,0.417,0.168,1.28826803215025e-14,"15","GNPTG"
5.37891717032499e-19,0.51912945380236,0.363,0.145,1.31525282648787e-14,"15","PAG1"
5.5698167458828e-19,0.34158742187317,0.363,0.14,1.36193159070326e-14,"15","BORCS7"
7.14128460793654e-19,0.662358091764577,0.277,0.099,1.74618691233264e-14,"15","PPP1R15B"
7.15025828093902e-19,0.411173297636598,0.536,0.237,1.74838115485521e-14,"15","VPS29"
7.86904981807922e-19,0.38280490702562,0.514,0.223,1.92414006151673e-14,"15","AFF4"
8.81127915454421e-19,0.410460037808278,0.54,0.242,2.15453397886915e-14,"15","EIF2S3"
9.02732255618579e-19,0.679460350931649,0.356,0.141,2.20736091143855e-14,"15","FLOT1"
9.07114675038048e-19,0.800460471313906,0.655,0.352,2.21807680340304e-14,"15","RGS2"
9.15942306161344e-19,0.326808627387274,0.342,0.129,2.23966212702572e-14,"15","NDUFS2"
9.65492363694627e-19,0.273411633153656,0.475,0.199,2.3608219277061e-14,"15","CALCOCO2"
1.15060645584532e-18,0.428062948264639,0.514,0.228,2.81346290583297e-14,"15","GBP2"
1.3273324594481e-18,0.409131405988367,0.342,0.131,3.24559332984249e-14,"15","UBA1"
1.36089641983714e-18,1.0570686705227,0.266,0.096,3.32766392578578e-14,"15","JARID2"
1.67975616052502e-18,0.361278160543814,0.558,0.253,4.10733976371579e-14,"15","POLD4"
1.80394311063508e-18,0.421919255467456,0.701,0.344,4.4110016941249e-14,"15","MOB1A"
2.05145619297598e-18,0.645060779430843,0.255,0.089,5.01622068306486e-14,"15","TMEM127"
2.34080193524711e-18,0.575366044309638,0.809,0.47,5.72372889206623e-14,"15","PTP4A2"
2.67492091700531e-18,0.365138620183232,0.532,0.232,6.54071662626138e-14,"15","GNAI3"
2.69061121580711e-18,0.317834282831261,0.82,0.437,6.57908254489154e-14,"15","ATP1B3"
3.02854567654957e-18,0.495800118126391,0.935,0.672,7.405399888299e-14,"15","TPM3"
4.41174866794102e-18,0.473162567313619,0.313,0.119,1.07876078428494e-13,"15","CYSTM1"
5.13990440550824e-18,0.492200939996153,0.277,0.1,1.25680942523488e-13,"15","SOAT1"
5.3455203631667e-18,0.578936418648778,0.317,0.121,1.30708663920152e-13,"15","ADPGK"
5.61549917559665e-18,0.541322582892826,0.266,0.095,1.37310185841689e-13,"15","NUDT3"
5.61750676112313e-18,0.480982354304014,0.932,0.686,1.37359275322983e-13,"15","ITGB2"
6.30261767874977e-18,0.395117149328873,0.291,0.107,1.54111607480789e-13,"15","NBN"
7.29469167346708e-18,0.40998223911112,0.349,0.138,1.78369800799617e-13,"15","HADHB"
7.60671693974368e-18,0.512140442249087,0.277,0.102,1.85999442610612e-13,"15","IFNAR1"
8.39832339028155e-18,0.410938587289309,0.291,0.108,2.05355803539164e-13,"15","DEDD2"
8.52788939028152e-18,0.368608763314246,0.342,0.134,2.08523951371164e-13,"15","ADI1"
1.06251685681068e-17,0.68471545388887,0.291,0.111,2.59806621827349e-13,"15","KLF10"
1.10567552179073e-17,0.396663695453988,0.367,0.148,2.70359778588269e-13,"15","LYPLA1"
1.26978769784682e-17,0.34613078192836,0.313,0.119,3.10488487877503e-13,"15","HDGF"
1.73864530448119e-17,0.416764480271574,0.457,0.2,4.25133549851741e-13,"15","NCKAP1L"
2.28068207447632e-17,0.396799658895957,0.345,0.137,5.57672380850949e-13,"15","SQOR"
2.45246783831545e-17,0.40631880646745,0.601,0.289,5.99677435824895e-13,"15","M6PR"
3.26242543380931e-17,0.401882181183863,0.27,0.098,7.97728267075053e-13,"15","KIDINS220"
3.27060998224145e-17,0.370867345237237,0.414,0.175,7.99729552857679e-13,"15","SSH2"
3.58603381065082e-17,0.337759191542064,0.349,0.139,8.76856987380339e-13,"15","DCP2"
3.95346798394607e-17,0.469163741712331,0.27,0.099,9.66701991434493e-13,"15","NXF1"
4.29410836583368e-17,0.500771587907654,0.349,0.142,1.04999537761365e-12,"15","RAP2B"
4.72373550974322e-17,0.653255896803464,0.284,0.109,1.15504780684241e-12,"15","IL17RA"
4.72973029339306e-17,0.600055798511167,0.295,0.113,1.15651365134047e-12,"15","BCL10"
4.82415671043385e-17,0.332988666941017,0.442,0.191,1.17960279883528e-12,"15","PQBP1"
5.52267851324598e-17,0.357371674638834,0.77,0.41,1.35040535005891e-12,"15","EFHD2"
5.76408080273986e-17,0.433466980166811,0.266,0.097,1.40943303788595e-12,"15","HTATIP2"
6.23493470574597e-17,0.527225356339037,0.342,0.138,1.524566234249e-12,"15","ERICH1"
6.47875049180277e-17,0.456395063508029,0.406,0.176,1.58418407025561e-12,"15","AZIN1"
6.59814042433233e-17,0.34318278665667,0.421,0.18,1.61337729655774e-12,"15","MVP"
7.22314055643883e-17,0.290423591592217,0.5,0.222,1.76620232886042e-12,"15","MTCH1"
9.21278041583848e-17,0.45496560105433,0.493,0.23,2.25270906728083e-12,"15","TM9SF2"
9.63039933219239e-17,0.433568838160757,0.291,0.111,2.35482524470768e-12,"15","POR"
9.95535465728016e-17,0.398923150004402,0.421,0.183,2.43428332079814e-12,"15","MRPS24"
1.01145258613087e-16,0.590658782858893,0.665,0.366,2.47320386360719e-12,"15","CD63"
1.03187401484897e-16,0.631697561012481,0.338,0.139,2.5231383411087e-12,"15","CELF1"
1.08169877473267e-16,0.26254667783034,0.54,0.248,2.64496984397632e-12,"15","ICAM2"
1.09167885890542e-16,0.404567199777562,0.281,0.106,2.66937314579554e-12,"15","GPR132"
1.09696258579798e-16,0.438251257637911,0.719,0.377,2.68229291479322e-12,"15","WAS"
1.13951883862478e-16,0.386800722453514,0.36,0.148,2.78635146420532e-12,"15","TIMM13"
1.30144352456783e-16,0.320118755165653,0.529,0.241,3.18228970627327e-12,"15","CAPN2"
1.44904028996626e-16,0.383270472763614,0.327,0.131,3.5431933170255e-12,"15","CAMTA1"
1.79625519805084e-16,0.405083525066265,0.281,0.106,4.39220321027392e-12,"15","MRPS35"
1.80499037359942e-16,0.298566453728266,0.518,0.234,4.4135624615253e-12,"15","TMEM123"
2.38776150984217e-16,0.520239508724137,0.371,0.156,5.83855444386607e-12,"15","FBXL5"
2.4691986516478e-16,0.416717139713852,0.554,0.262,6.0376845430092e-12,"15","DYNC1H1"
2.56636881575366e-16,0.440925864399544,0.284,0.109,6.27528502828086e-12,"15","ZFC3H1"
2.62101316617328e-16,0.399169436183256,0.288,0.11,6.40890139392691e-12,"15","VHL"
2.7127774330446e-16,0.515807249854091,0.874,0.636,6.63328337928066e-12,"15","ATP6V0C"
3.29828270253797e-16,0.39662717298368,0.263,0.098,8.06496086424584e-12,"15","JOSD2"
3.35589835628846e-16,0.630211894704741,0.338,0.142,8.20584266079653e-12,"15","HMGA1"
3.44027969226924e-16,0.252482366335358,0.385,0.162,8.41217190353676e-12,"15","NEDD9"
3.5695618111376e-16,0.30234187181935,0.701,0.353,8.72829254059366e-12,"15","BST2"
3.66014188688965e-16,0.436251074426471,0.781,0.434,8.94977894182257e-12,"15","RHOG"
3.92995944685207e-16,0.275820065516289,0.475,0.212,9.60953683944269e-12,"15","SRA1"
3.94964548781091e-16,0.639815461809302,0.291,0.115,9.65767314679525e-12,"15","CPD"
3.96905147439079e-16,0.423603420168252,0.324,0.131,9.70512466518036e-12,"15","PTK2B"
4.68049729383617e-16,0.409056949584175,0.356,0.15,1.14447519828882e-11,"15","DNAJC7"
4.98847228943917e-16,0.418199934304169,0.324,0.131,1.21978124421367e-11,"15","LAMTOR3"
6.41864013734912e-16,0.293899557471005,0.266,0.099,1.56948588638461e-11,"15","FGD5-AS1"
7.07193231791467e-16,0.470271101722121,0.647,0.332,1.7292288903765e-11,"15","RAB7A"
7.52560665183857e-16,0.378946460525485,0.345,0.142,1.84016133850757e-11,"15","ARRDC1"
7.92015461259477e-16,0.348109698588256,0.309,0.123,1.93663620587167e-11,"15","CREBRF"
8.1429599697739e-16,0.41892152873976,0.763,0.41,1.99111657180911e-11,"15","VAMP8"
9.25673435885272e-16,0.362248198092073,0.59,0.298,2.26345668542667e-11,"15","PIM3"
1.05857567970271e-15,0.402802754570194,0.939,0.735,2.58842925200906e-11,"15","ATP5MC2"
1.37362493724733e-15,0.306965739685904,0.27,0.103,3.35878769655718e-11,"15","CHCHD5"
1.48822947549097e-15,0.390229743179605,0.655,0.337,3.63901871347052e-11,"15","ATP5PD"
1.68995943910615e-15,0.568584168249331,0.259,0.099,4.13228882050235e-11,"15","AGTPBP1"
1.83549939880782e-15,0.513216580439606,0.277,0.109,4.48816312996489e-11,"15","EP300"
1.83925786893031e-15,0.313327485053328,0.374,0.159,4.4973533411084e-11,"15","NRBF2"
1.98162204499714e-15,0.382596837175996,0.558,0.279,4.84546222442701e-11,"15","SELPLG"
2.86242152693043e-15,0.272292958173166,0.41,0.181,6.99919311765029e-11,"15","CDV3"
2.87513839855129e-15,0.416596266739936,0.259,0.099,7.0302884121376e-11,"15","VAV1"
3.46185955042265e-15,0.275013412339024,0.435,0.196,8.46493897269346e-11,"15","SNF8"
3.48810832317684e-15,0.391437263522127,0.946,0.629,8.52912247183201e-11,"15","MCL1"
3.86922741557812e-15,0.404630003432643,0.622,0.318,9.46103487657162e-11,"15","LAPTM4A"
5.1052335488531e-15,0.491690185419066,0.266,0.104,1.24833170736556e-10,"15","PIP4P1"
5.62168228417412e-15,0.329729092126464,0.554,0.271,1.37461375212626e-10,"15","LYST"
5.83852052868484e-15,0.668390346683512,0.399,0.188,1.42763503967402e-10,"15","RBKS"
6.24581941292534e-15,0.592924769072296,0.885,0.603,1.5272277628485e-10,"15","SQSTM1"
7.696456837519e-15,0.498221911829688,0.338,0.145,1.88193762591015e-10,"15","PFDN1"
7.86940432520173e-15,0.339268972497436,0.317,0.13,1.92422674559833e-10,"15","VPS26A"
8.70242344997833e-15,0.457138333451135,0.86,0.513,2.1279165819887e-10,"15","ENO1"
9.10348295908317e-15,0.327726286880533,0.417,0.189,2.22598365315502e-10,"15","MRPL18"
9.2931780729681e-15,0.283973748427005,0.446,0.203,2.27236790240216e-10,"15","TMEM165"
1.18943555425833e-14,0.381580171968077,0.752,0.408,2.90840781727248e-10,"15","PET100"
1.47475816446177e-14,0.311059669869734,0.698,0.369,3.60607866374191e-10,"15","GLIPR1"
1.72596902498548e-14,0.47859974807026,0.363,0.159,4.22033945989449e-10,"15","NFAT5"
2.16208018500524e-14,0.256101077406855,0.511,0.237,5.28671846837481e-10,"15","CNIH1"
2.20470787775057e-14,0.326280018901432,0.324,0.136,5.3909517026757e-10,"15","ELF2"
2.30790334863557e-14,0.2734128783852,0.27,0.107,5.6432852680837e-10,"15","NCOA3"
2.36651478373164e-14,0.268497383872511,0.288,0.117,5.7866019491806e-10,"15","YIF1A"
2.65301679352008e-14,0.390966706011372,0.439,0.204,6.48715666351529e-10,"15","ERP44"
2.91953178337199e-14,0.319613872055401,0.277,0.111,7.13883911670119e-10,"15","MEF2D"
5.01475457102985e-14,0.462614417577786,0.327,0.141,1.22620778770822e-09,"15","STX4"
6.42884442939106e-14,0.331775770545308,0.363,0.161,1.5719810398747e-09,"15","C6orf62"
6.98575089736814e-14,0.663530856233595,0.27,0.112,1.70815580942446e-09,"15","SEC22B"
8.36511913036092e-14,0.301376563045325,0.32,0.137,2.04543892975585e-09,"15","PTRHD1"
8.88427039996758e-14,0.398361649929578,0.324,0.14,2.17238179820007e-09,"15","IPO7"
1.26369717538383e-13,0.419772097893778,0.719,0.418,3.08999233324854e-09,"15","PRDX1"
1.30863776387602e-13,0.492878733256207,0.788,0.469,3.19988106022964e-09,"15","POMP"
1.31506247954657e-13,0.37026496749009,0.576,0.293,3.21559077498728e-09,"15","ETF1"
1.61802272327387e-13,0.299551250836501,0.601,0.304,3.95638916294927e-09,"15","C1orf43"
1.70145525762272e-13,0.290838700435599,0.255,0.103,4.16039839593907e-09,"15","MCTS1"
1.9970597511847e-13,0.348225104241954,0.291,0.123,4.88321050359683e-09,"15","HOOK3"
2.02287359699979e-13,0.352584038489141,0.996,0.934,4.94633051938390e-09,"15","SRGN"
2.21022992846181e-13,0.754738571031435,0.665,0.382,5.40445422107481e-09,"15","WTAP"
2.7979128550946e-13,0.465156693834198,0.32,0.141,6.84145651327732e-09,"15","ETV3"
3.22544955312382e-13,0.421636256985145,0.856,0.501,7.88686924729838e-09,"15","ATP5MF"
3.27745965270913e-13,0.295078215947452,0.561,0.281,8.01404434280437e-09,"15","CCT5"
4.03382147176108e-13,0.279456275525009,0.266,0.109,9.8635002627502e-09,"15","CARD8"
4.50446783629442e-13,0.263063553919598,0.299,0.127,1.10143247533071e-08,"15","YIPF4"
5.58539329562126e-13,0.313671831816496,0.68,0.362,1.36574036864531e-08,"15","RBX1"
5.7015870279521e-13,0.318289489431782,0.32,0.14,1.39415206007485e-08,"15","CNIH4"
9.16069145193016e-13,0.275189837084825,0.504,0.247,2.23997227382596e-08,"15","ERGIC3"
1.1961169081675e-12,0.331158469902095,0.615,0.321,2.92474506385117e-08,"15","RAB5C"
1.53966040207325e-12,0.399932087550193,0.335,0.153,3.7647776151495e-08,"15","HEBP2"
1.77672609899839e-12,0.366477337307481,0.252,0.104,4.34445065727085e-08,"15","LPGAT1"
1.8021619411937e-12,0.294470000954409,0.435,0.212,4.40664637860683e-08,"15","WAC"
1.83760806897863e-12,0.319477994479655,0.633,0.342,4.49331925026654e-08,"15","CANX"
1.90083879264078e-12,0.389056589340094,0.863,0.57,4.64793101576524e-08,"15","COX5B"
2.22000491670579e-12,0.279590022174446,0.309,0.135,5.42835602232899e-08,"15","UBAP1"
2.34237909791094e-12,0.297237957407722,0.345,0.158,5.72758537021182e-08,"15","BRD4"
2.3424589565362e-12,0.341376641994847,0.928,0.741,5.72778064052231e-08,"15","CLIC1"
2.60700031448298e-12,0.360985922230193,0.273,0.116,6.37463716897378e-08,"15","ACSL5"
2.85999057564491e-12,0.294134940638877,0.392,0.186,6.99324895556694e-08,"15","NDEL1"
2.9355605663799e-12,0.258060783283861,0.356,0.164,7.17803269691213e-08,"15","STK38"
3.32314748224047e-12,0.366227614750515,0.863,0.587,8.1257602235744e-08,"15","COX6B1"
6.00105171479259e-12,0.323048206090561,0.291,0.128,1.46737716530108e-07,"15","PKN1"
7.26040620801098e-12,0.354348310089767,0.27,0.116,1.77531452598285e-07,"15","CAMK1D"
8.71501862310032e-12,0.514089809358914,0.259,0.113,2.13099635372049e-07,"15","REV3L"
1.14511926647081e-11,0.39068120482732,0.835,0.527,2.80004563037443e-07,"15","CAP1"
1.22443364833701e-11,0.299391000932621,0.349,0.165,2.99398515691367e-07,"15","VTI1B"
1.25085187270495e-11,0.332621509923413,1,0.933,3.05858299913815e-07,"15","MT-ND1"
3.27504608094564e-11,0.72662504409298,0.468,0.272,8.00814267712829e-07,"15","RHOC"
4.62909022118839e-11,0.32077666089812,0.342,0.161,1.13190514088498e-06,"15","TAF9"
6.19852442447196e-11,0.31258808607579,0.403,0.204,1.51566319227188e-06,"15","COPA"
8.0546388921791e-11,0.309535685893771,0.845,0.531,1.96952030191563e-06,"15","SLC25A5"
1.07043890943922e-10,0.265687243772579,0.381,0.19,2.61743722136079e-06,"15","BLOC1S1"
2.44076073186996e-10,0.355475951146165,0.356,0.178,5.96814814156842e-06,"15","IRF2BP2"
3.33113670399982e-10,0.310620690159251,0.734,0.444,8.14529546862035e-06,"15","EIF3L"
4.89903238876762e-10,0.254909436390581,0.669,0.378,1.19791139970146e-05,"15","VAPA"
5.60771416193639e-10,0.502724042214196,0.612,0.382,1.37119826687669e-05,"15","JPT1"
6.54697734713204e-10,0.270128108587453,0.824,0.517,1.60086690092073e-05,"15","CD48"
8.1927324559908e-10,0.294238691637551,0.712,0.415,2.00328694013887e-05,"15","ARL6IP4"
9.33793640646746e-10,0.27067737549218,0.626,0.355,2.28331221010942e-05,"15","RASSF5"
9.82936832540315e-10,0.275625750302515,0.896,0.602,2.40347714292758e-05,"15","TPI1"
9.85049533049181e-10,0.265707601181042,0.273,0.129,2.40864311821186e-05,"15","GBP1"
9.99944078121018e-10,0.391391889039939,0.435,0.244,2.44506325982151e-05,"15","PLAC8"
1.16862698754495e-09,0.256134348614927,0.763,0.442,2.85752670994492e-05,"15","BRK1"
1.93257678727181e-09,0.368703997881923,0.27,0.129,4.72553676023702e-05,"15","ACSL3"
6.30957371699918e-09,0.259497422335088,0.982,0.916,0.000154281696528064,"15","MYL6"
8.99379232825321e-09,0.260500695398078,0.795,0.492,0.000219916210010448,"15","ACTR3"
1.6078749942254e-08,0.254992392728134,0.817,0.543,0.000393157593587994,"15","COX8A"
1.71654924758043e-08,0.286784370299395,0.946,0.817,0.000419730622018368,"15","ITM2B"
3.08898264483591e-08,0.38767453389371,0.342,0.186,0.000755318036315276,"15","TWISTNB"
3.19483664451795e-08,0.267237219983031,0.842,0.537,0.00078120145631753,"15","RBM3"
3.80131135597425e-08,0.344103839047324,0.791,0.545,0.000929496652762825,"15","RAP1B"
6.81430086319906e-08,0.257336790844371,0.817,0.567,0.00166623284706943,"15","HCLS1"
3.5797490885945e-05,0.513053016327137,0.665,0.49,0.875320247143128,"15","CTSC"
0,6.08756704850471,0.984,0.031,0,"16","LYZ"
0,4.50473250647531,0.996,0.055,0,"16","CST3"
0,6.54300286458949,0.944,0.015,0,"16","FCN1"
0,5.43411302984505,0.976,0.057,0,"16","AIF1"
0,6.53516952690794,0.932,0.021,0,"16","S100A9"
0,7.7228959538922,0.912,0.019,0,"16","S100A8"
0,7.29034714468463,0.888,0.018,0,"16","CSTA"
0,5.6600429136784,0.872,0.024,0,"16","SERPINA1"
0,5.0818304354194,0.92,0.077,0,"16","LST1"
0,6.46088785939263,0.856,0.021,0,"16","CFD"
0,6.27246644782397,0.856,0.031,0,"16","MNDA"
0,7.86111302138417,0.808,0.009,0,"16","TMEM176B"
0,5.17862254648189,0.8,0.036,0,"16","SPI1"
0,4.97894924920875,0.804,0.041,0,"16","IFI30"
0,7.26783579308182,0.736,0.007,0,"16","S100A12"
0,6.58628609340739,0.728,0.011,0,"16","VCAN"
0,4.61029377294828,0.7,0.034,0,"16","CD68"
0,8.12126092088131,0.64,0.006,0,"16","TMEM176A"
0,6.34322563793037,0.62,0.012,0,"16","CD14"
0,4.99682181084566,0.636,0.03,0,"16","MS4A6A"
0,4.83946422458307,0.628,0.035,0,"16","CYBB"
0,6.11765222333468,0.6,0.011,0,"16","SMIM25"
0,5.12256531595339,0.604,0.023,0,"16","CFP"
0,5.32976911625867,0.604,0.026,0,"16","MPEG1"
0,4.99412525516193,0.604,0.034,0,"16","TNFSF13B"
0,5.94160259304737,0.56,0.019,0,"16","NCF2"
0,5.92078591038086,0.552,0.016,0,"16","LGALS2"
0,5.88919466693461,0.544,0.02,0,"16","CD302"
0,5.69493573869489,0.536,0.015,0,"16","FPR1"
0,4.19013907509306,0.536,0.023,0,"16","CPVL"
0,5.02101729852394,0.532,0.021,0,"16","LILRB2"
0,6.52013343250148,0.52,0.013,0,"16","CSF3R"
0,5.04910917214836,0.536,0.031,0,"16","IFNGR2"
0,5.34530645151524,0.524,0.02,0,"16","CLEC7A"
0,5.19140340649536,0.52,0.021,0,"16","IGSF6"
0,6.07299213610117,0.508,0.016,0,"16","SLC7A7"
0,5.27576519765439,0.508,0.022,0,"16","CLEC12A"
0,6.78667642446688,0.492,0.01,0,"16","CD36"
0,5.40021997005308,0.492,0.017,0,"16","PILRA"
0,4.49007173610418,0.48,0.03,0,"16","RAB31"
0,4.95408258422329,0.472,0.024,0,"16","HCK"
0,6.91620258401079,0.452,0.011,0,"16","KCTD12"
0,6.29076098272741,0.444,0.014,0,"16","CLEC4A"
0,4.98631659857297,0.424,0.017,0,"16","LILRA5"
0,7.29977989162341,0.4,0.005,0,"16","RBP7"
0,5.64345430670131,0.412,0.017,0,"16","C19orf38"
0,5.94640889299402,0.408,0.015,0,"16","RAB32"
0,3.51128906735961,0.412,0.02,0,"16","MAFB"
0,6.5072699656046,0.388,0.009,0,"16","PRAM1"
0,5.09636209170461,0.392,0.015,0,"16","TNFAIP2"
0,5.00484558892727,0.368,0.015,0,"16","SLC11A1"
0,6.09883134778099,0.364,0.012,0,"16","PLBD1"
0,6.93322393922957,0.348,0.005,0,"16","CDA"
0,7.64587411466192,0.348,0.005,0,"16","ASGR1"
0,5.28043275948739,0.332,0.013,0,"16","RGS18"
0,7.3431872661683,0.324,0.005,0,"16","LMO2"
0,5.53394660475464,0.32,0.012,0,"16","DMXL2"
0,6.22557179472571,0.296,0.01,0,"16","CD33"
0,6.06668968649955,0.276,0.008,0,"16","HNMT"
0,6.89772322712859,0.252,0.004,0,"16","BST1"
0,6.41181549234923,0.252,0.005,0,"16","HK3"
1.55084696376086e-316,5.53904913429494,0.316,0.012,3.79213099578807e-312,"16","LRP1"
7.47267323009279e-316,4.60603092162987,0.472,0.03,1.82721805822229e-311,"16","LY86"
9.17224184007118e-312,4.38463938766403,0.42,0.023,2.24279657473421e-307,"16","MS4A7"
5.14625116043528e-305,5.44864152596533,0.328,0.014,1.25836133374963e-300,"16","LILRB3"
3.21457060699196e-301,4.16500265364359,0.852,0.124,7.86026804821675e-297,"16","BRI3"
5.45820229433115e-295,5.35143302131587,0.312,0.013,1.33463962500985e-290,"16","LRRC25"
5.76426301662503e-294,5.8085652159913,0.28,0.01,1.40947759282515e-289,"16","LILRA2"
2.57232232943572e-291,5.79224453306924,0.284,0.011,6.28984255993621e-287,"16","TNFSF13"
4.86715087810045e-287,4.96389874523829,0.376,0.021,1.19011573271312e-282,"16","ALDH2"
6.23985226553e-277,4.93177737338695,0.3,0.013,1.52576867596739e-272,"16","IRAK3"
1.88899827528593e-275,3.29165273738571,0.976,0.18,4.61897858272915e-271,"16","FCER1G"
2.85975806731316e-274,3.83733122758433,0.7,0.082,6.99268042619415e-270,"16","FGL2"
2.71667708898225e-272,4.91114769293941,0.32,0.015,6.6428188179794e-268,"16","CSF1R"
2.21612800236854e-267,5.93814554906465,0.26,0.01,5.41887619139155e-263,"16","LRRK2"
1.9295131138788e-266,3.27856225499153,0.332,0.016,4.71804546605644e-262,"16","C5AR1"
4.58268632802401e-259,5.03310430465468,0.256,0.01,1.12055846092843e-254,"16","CD300E"
4.07554643667447e-257,3.48584339987793,0.732,0.094,9.96552614695641e-253,"16","C1orf162"
1.83675175103809e-253,4.14821214833519,0.484,0.04,4.49122538163833e-249,"16","DUSP6"
1.50714827016015e-249,5.32341315111051,0.284,0.013,3.68527895019561e-245,"16","FCGR2A"
1.55297022143329e-246,3.80673223450901,0.796,0.126,3.79732278544867e-242,"16","TYMP"
7.20649612689562e-243,4.79809994404674,0.336,0.019,1.76213243294852e-238,"16","MARCH1"
4.36383329510775e-239,3.81116457144519,0.612,0.07,1.06704451731975e-234,"16","FCGRT"
5.64198651477513e-239,4.27428498815996,0.9,0.185,1.37957854259282e-234,"16","IFITM3"
8.8094308981193e-237,5.18705839645316,0.296,0.015,2.15408204320813e-232,"16","TIMP2"
1.65378910231632e-234,3.89060878431266,0.98,0.268,4.04384511298387e-230,"16","CTSS"
1.14008847025386e-230,3.37397615326643,1,0.294,2.78774432746474e-226,"16","TYROBP"
1.96233925893666e-227,3.66278404009562,0.636,0.08,4.79831195595191e-223,"16","RNF130"
4.5625630187372e-223,5.21780067653435,0.256,0.012,1.11563790934162e-218,"16","CD93"
2.14428785586896e-220,3.43937179015694,0.672,0.092,5.24321266517077e-216,"16","GRN"
1.94978924520531e-215,4.82442836071488,0.308,0.018,4.76762466237601e-211,"16","ZNF385A"
1.09872581910683e-211,3.39314626888349,0.516,0.053,2.68660437288002e-207,"16","MEF2C"
2.44981647630396e-207,4.86329317275627,0.276,0.015,5.99029124785845e-203,"16","PLXDC2"
1.31671332773346e-202,3.18650731315308,0.764,0.134,3.21962742897385e-198,"16","LGALS3"
8.89459675529926e-202,4.9342412099859,0.264,0.014,2.17490679860577e-197,"16","SULT1A1"
5.87880706977117e-193,4.18130795726432,0.3,0.019,1.43748590470045e-188,"16","SCIMP"
2.75931488371008e-192,4.25969424467493,0.372,0.031,6.74707675364789e-188,"16","LY96"
1.11935680584809e-190,3.76471623820488,0.328,0.024,2.73705126165974e-186,"16","KLF4"
2.05059454336674e-187,3.88135043722261,0.44,0.045,5.01411377744034e-183,"16","GCA"
8.8209832420401e-186,4.31983405531386,0.328,0.024,2.15690682234365e-181,"16","MARCKS"
6.2794580574153e-182,4.30038523844718,0.336,0.026,1.53545308419919e-177,"16","TGFBI"
7.56819563639373e-182,3.1993020449663,0.852,0.211,1.850575197011e-177,"16","TKT"
2.67658824162905e-179,2.86477778314096,0.952,0.275,6.54479356843135e-175,"16","LGALS1"
6.18961967440218e-175,3.16694437561415,0.94,0.316,1.51348580278482e-170,"16","TSPO"
3.47587596841515e-172,3.40760375109898,0.724,0.146,8.49921191796872e-168,"16","AP1S2"
6.3982628081779e-170,3.0083070653382,0.848,0.22,1.56450322185566e-165,"16","NPC2"
2.33392081493132e-167,2.96018756236705,1,0.481,5.70690317667005e-163,"16","S100A11"
4.93680258221908e-167,3.04261963940671,0.796,0.185,1.20714696740421e-162,"16","PYCARD"
1.12205777993548e-163,3.33151555797595,1,0.721,2.74365568349825e-159,"16","S100A6"
1.02296131689377e-161,3.11171350803504,0.968,0.424,2.50134501206865e-157,"16","PSAP"
1.44294116808333e-161,4.0072163558246,0.352,0.033,3.52827974419735e-157,"16","SMCO4"
4.46928294411324e-157,2.96102721148062,1,0.914,1.09282906549457e-152,"16","FTL"
6.54471648409146e-157,2.69570724428239,1,0.601,1.60031407469004e-152,"16","GABARAP"
7.16677849331379e-154,3.49917324273358,0.764,0.19,1.75242067718509e-149,"16","STXBP2"
2.61978640334046e-147,2.23733983154695,1,0.78,6.4059017134481e-143,"16","S100A4"
1.09744744006248e-137,3.62844013274984,0.284,0.024,2.68347848044078e-133,"16","CD86"
5.07520432007261e-137,2.8737141905863,0.632,0.125,1.24098896034415e-132,"16","FGR"
4.19437010556746e-136,3.06324818361748,0.62,0.123,1.02560737821336e-131,"16","LTA4H"
1.05491065854665e-134,2.5611398708894,0.624,0.122,2.57946754227826e-130,"16","TIMP1"
1.30445210057901e-132,3.84501218605918,0.372,0.044,3.18964627633579e-128,"16","CALHM6"
5.64261698319333e-131,3.3469605323615,0.664,0.154,1.37973270473043e-126,"16","NCF1"
8.18334393426217e-131,1.52138158398185,0.928,0.297,2.00099125880578e-126,"16","HLA-DRA"
1.69023442792532e-128,3.53169961653248,0.348,0.039,4.13296122316299e-124,"16","BX284668.5"
2.58099455176235e-123,3.30968916711724,0.528,0.097,6.3110478779693e-119,"16","NUP214"
1.35134876119939e-121,3.68505711877923,0.304,0.032,3.30431799088474e-117,"16","RNASE6"
4.51392556089278e-115,2.56181405605879,0.656,0.154,1.1037450781495e-110,"16","GLRX"
6.19816296058691e-115,2.86161043376944,0.58,0.122,1.51557480712271e-110,"16","BLVRB"
5.14504768192942e-114,3.80272705594103,0.324,0.039,1.25806705918538e-109,"16","CPPED1"
3.2433668168513e-111,1.4409680220977,1,0.866,7.9306805405648e-107,"16","OAZ1"
2.31581133614855e-109,2.20035157480277,0.936,0.486,5.66262187915044e-105,"16","COTL1"
5.60973637222625e-109,1.23260190815861,1,0.969,1.37169273773676e-104,"16","TMSB10"
7.54120065919187e-108,3.30626652157178,0.368,0.052,1.8439743851856e-103,"16","TBXAS1"
2.04749653069525e-103,2.59005358489712,0.512,0.1,5.00653851685601e-99,"16","CTSZ"
1.78811828443353e-100,2.47304880088386,0.724,0.224,4.37230682909686e-96,"16","PGLS"
2.76563496617949e-97,2.58858089837049,0.592,0.148,6.7625306193021e-93,"16","ASAH1"
7.27223768838492e-97,2.86094207893329,0.54,0.124,1.77820755956388e-92,"16","APLP2"
1.53064686809647e-96,2.40959556680877,0.556,0.125,3.7427377218695e-92,"16","CTSB"
8.43243230085132e-95,1.91334482818584,0.784,0.24,2.06189834620416e-90,"16","CEBPD"
3.03809798948764e-94,1.52908159779176,0.984,0.735,7.42875720389519e-90,"16","ATP5MC2"
4.19898785921416e-94,2.34273570095762,0.696,0.212,1.02673651133505e-89,"16","C4orf48"
7.2087454510098e-94,3.42249379128774,0.28,0.034,1.76268243768092e-89,"16","OGFRL1"
7.67502273460739e-94,2.26948242439734,0.788,0.308,1.8766965590662e-89,"16","CARD16"
2.98849822978011e-93,2.93556817989434,0.52,0.12,7.30747587145834e-89,"16","PGD"
1.5091343967863e-92,2.92273363920072,0.424,0.077,3.69013542702185e-88,"16","FAM45A"
5.94289146896162e-92,1.90143503590733,0.74,0.236,1.4531558219905e-87,"16","HLA-DRB5"
8.49443307306663e-91,2.59074294298158,0.62,0.174,2.07705877502625e-86,"16","TRAPPC5"
3.11759348957365e-90,1.27873707139808,0.996,0.879,7.6231396007055e-86,"16","H3F3A"
1.9774355291084e-89,1.22537546501684,0.996,0.884,4.83522535577586e-85,"16","SH3BGRL3"
5.15726953773116e-89,2.10131763799031,0.82,0.342,1.26105554736602e-84,"16","LAMTOR4"
1.47701746840655e-87,2.34808794076875,0.736,0.261,3.61160311374769e-83,"16","TALDO1"
5.198120489427e-86,2.75086031030611,0.504,0.118,1.27104442207469e-81,"16","CRTAP"
3.34167939334372e-85,1.18320729078851,1,0.907,8.17107445260406e-81,"16","ATP5F1E"
1.26091324341848e-84,1.52993890601144,0.948,0.483,3.08318506280687e-80,"16","FOS"
1.17792584468909e-83,2.26401000371844,0.62,0.173,2.88026427543377e-79,"16","AGTRAP"
3.26237026818935e-83,1.59802857708851,0.964,0.643,7.97714777977659e-79,"16","ARPC1B"
5.38678015351053e-83,2.7118519407864,0.412,0.08,1.31717548313639e-78,"16","LGALS9"
4.27287780225127e-82,1.71209891653024,0.948,0.643,1.04480408020648e-77,"16","S100A10"
5.58985572489565e-82,1.12916064843771,1,0.894,1.36683152185148e-77,"16","SERF2"
5.59659603940921e-81,3.22161301832147,0.28,0.039,1.36847966355634e-76,"16","HEBP1"
1.00653583590897e-79,2.41006716703008,0.52,0.128,2.46118142596461e-75,"16","JAML"
2.21221408955085e-78,1.98598324188169,0.752,0.285,5.40930589176975e-74,"16","SAMHD1"
4.508378748719e-78,1.24735047077728,1,0.964,1.10238877163677e-73,"16","FTH1"
2.54386981163424e-75,1.52409709334861,0.932,0.545,6.22027046340805e-71,"16","SAT1"
1.14581230934949e-74,2.78570583483811,0.36,0.068,2.80174025882137e-70,"16","THEMIS2"
8.62582325511914e-73,3.02446845081938,0.292,0.047,2.10918630234173e-68,"16","OAS1"
1.39306149040366e-72,2.56977790245519,0.492,0.127,3.40631395633502e-68,"16","PPT1"
6.73019500356855e-71,2.75385927816244,0.296,0.048,1.64566728227258e-66,"16","EHBP1L1"
1.10996615647107e-70,2.2024289834962,0.652,0.231,2.71408924580307e-66,"16","AP2S1"
1.98318948548947e-69,1.97155872785509,0.748,0.316,4.84929492991884e-65,"16","NDUFB1"
3.70533652023228e-69,1.18697904608105,0.992,0.729,9.06028885927197e-65,"16","VIM"
7.04687244690977e-69,1.22624975891054,0.952,0.752,1.72310125071838e-64,"16","ARPC3"
6.2132535862886e-67,2.46906642762646,0.42,0.099,1.51926476691929e-62,"16","CAPG"
1.35343226759835e-66,2.14503583653495,0.632,0.221,3.30941258073149e-62,"16","EVI2B"
1.93048570640439e-66,1.06790247519321,0.976,0.854,4.72042364930002e-62,"16","PFDN5"
4.17766502001088e-65,1.74727237237664,0.42,0.097,1.02152265069306e-60,"16","EGR1"
5.23380204423102e-65,2.71862550088602,0.356,0.075,1.27976927585537e-60,"16","CTSH"
2.14962497990206e-63,2.61781847684258,0.324,0.062,5.25626300085651e-59,"16","EIF4EBP1"
3.122342333666e-63,2.58742278453609,0.408,0.098,7.63475147428011e-59,"16","SNX10"
1.75533480046717e-62,2.55605577719817,0.448,0.121,4.29214465410233e-58,"16","ADA2"
3.40567983494434e-62,2.49108241987342,0.364,0.079,8.3275683324059e-58,"16","POU2F2"
5.76443848275193e-62,1.52635640253405,0.876,0.56,1.4095204978025e-57,"16","RNASEK"
1.24257292710615e-61,2.49009221116004,0.404,0.096,3.03833932135995e-57,"16","TNFSF10"
1.56888011963404e-61,1.40085450627765,0.9,0.576,3.83622566852915e-57,"16","GSTP1"
3.4208892867541e-61,2.83523759036272,0.28,0.049,8.36475848397113e-57,"16","UBXN11"
4.04955732060712e-61,1.60881737006721,0.824,0.442,9.90197756034853e-57,"16","GNG5"
7.26526163053836e-61,1.18090602889725,0.904,0.504,1.77650177389924e-56,"16","HLA-DRB1"
1.27111594163823e-60,1.63537498301514,0.804,0.406,3.10813270049379e-56,"16","ATP5MPL"
6.82719470130602e-60,2.80165570435575,0.284,0.052,1.66938564836335e-55,"16","QKI"
7.94501461277984e-60,2.38398604095978,0.448,0.121,1.94271497311693e-55,"16","CTSD"
9.53635146943157e-60,2.83885342511889,0.324,0.066,2.33182866130541e-55,"16","ODF3B"
1.01556641675634e-59,2.04031351973421,0.6,0.212,2.4832630022526e-55,"16","VSIR"
2.8759979807274e-58,1.90758434924401,0.584,0.198,7.03239026247464e-54,"16","CEBPB"
3.62750196916691e-57,1.73613513601065,0.34,0.071,8.86996781500692e-53,"16","PLAUR"
2.75357681585954e-56,0.70342257041174,0.992,0.894,6.73304603013975e-52,"16","CD74"
3.13758412112626e-56,0.828804205358339,0.992,0.924,7.67202069297792e-52,"16","NACA"
4.84766018173707e-56,2.54325796269703,0.356,0.084,1.18534986763835e-51,"16","WARS"
2.87529860375864e-54,1.26119914480144,0.892,0.653,7.03068014591063e-50,"16","SLC25A6"
3.28442424004452e-54,1.85299968901584,0.6,0.227,8.03107415175687e-50,"16","ARRB2"
4.21471808930414e-54,1.65733776540383,0.748,0.375,1.03058286719665e-49,"16","PRELID1"
1.83019800262949e-53,2.6219729360902,0.304,0.064,4.47520015602963e-49,"16","BLVRA"
9.79453787554866e-53,1.60348312695945,0.756,0.382,2.39496040132916e-48,"16","RAC1"
2.90298230197729e-52,1.58235918605079,0.792,0.403,7.09837232479486e-48,"16","NEAT1"
4.00098162729094e-52,1.50155314675164,0.8,0.443,9.78320027505181e-48,"16","ATP5ME"
8.06165829489388e-52,2.79916139634929,0.284,0.059,1.97123668626745e-47,"16","SYK"
2.45317528509209e-51,0.676426998505207,0.996,0.973,5.99850420710719e-47,"16","FAU"
5.00016867908693e-51,2.67511432930349,0.32,0.074,1.22264124541034e-46,"16","TRMT1"
1.2519488513551e-50,2.06676360070184,0.536,0.195,3.0612653313335e-46,"16","HSBP1"
5.94845240729793e-50,2.13658946009196,0.432,0.126,1.45451558263249e-45,"16","CAPNS1"
1.17792120245021e-49,1.87407356664556,0.5,0.163,2.88025292423125e-45,"16","LYN"
5.83466983674338e-49,1.59923220035787,0.72,0.366,1.42669346848049e-44,"16","FKBP1A"
7.70942598561365e-49,0.78901816854206,0.98,0.916,1.88510884200225e-44,"16","CYBA"
1.30120117508059e-48,2.17387863773087,0.352,0.088,3.18169711330706e-44,"16","C20orf27"
1.86057605863404e-48,2.06582676681391,0.464,0.144,4.54948057857195e-44,"16","PECAM1"
2.89382809203898e-48,2.00575226263316,0.524,0.19,7.07598845065371e-44,"16","CASP1"
1.3601754767104e-47,2.05239440431286,0.38,0.101,3.32590107565226e-43,"16","GRK2"
1.42223227151925e-47,2.22173138574222,0.428,0.129,3.47764235031887e-43,"16","HACD4"
2.45959302794545e-47,1.43081912406438,0.792,0.453,6.0141968719322e-43,"16","NME2"
3.32967898154315e-47,1.7542130944683,0.596,0.236,8.14173104566931e-43,"16","TMEM219"
8.0668217116349e-46,2.07088518946883,0.42,0.127,1.97249924492897e-41,"16","ATP6V1B2"
1.02012381898764e-45,1.48994198083437,0.672,0.298,2.49440676218858e-41,"16","ANXA5"
1.25013849379897e-45,1.89608129098681,0.576,0.238,3.05683864503724e-41,"16","LAMTOR1"
6.52524695412562e-45,0.856831025834996,0.98,0.856,1.5955533852228e-40,"16","MT-ND2"
7.88673554976486e-45,1.44391554335284,0.732,0.38,1.9284645766285e-40,"16","GNAI2"
8.14895810146667e-45,1.18463627357495,0.852,0.588,1.99258323497063e-40,"16","COX6B1"
1.51026669363617e-44,2.66701488873603,0.264,0.057,3.69290411927915e-40,"16","SCPEP1"
1.9370729784818e-44,1.17953854268945,0.6,0.229,4.73653084698371e-40,"16","HLA-DQB1"
1.47036448925229e-43,1.66822744171286,0.608,0.259,3.59533524911971e-39,"16","TAF10"
1.62950581793629e-43,1.70622296247807,0.652,0.31,3.98446762601781e-39,"16","SERPINB1"
4.0929214782554e-42,1.20431560214359,0.876,0.622,1.00080115986301e-37,"16","ELOB"
7.52370595673082e-42,1.88427291882138,0.412,0.127,1.83969658053982e-37,"16","RGS19"
1.00307879983749e-41,1.41430473781633,0.768,0.474,2.45272828136264e-37,"16","HIGD2A"
1.2141569114805e-41,1.20986928583205,0.88,0.648,2.96885647995212e-37,"16","SERP1"
2.38043703786068e-41,0.817541977166835,0.988,0.933,5.82064464497695e-37,"16","GAPDH"
8.10167619956722e-41,2.01109576709948,0.328,0.087,1.98102186431818e-36,"16","HLA-DMB"
1.22295176758217e-40,2.36598721346019,0.288,0.071,2.99036166209192e-36,"16","NADK"
1.38680184261931e-40,0.898491415171542,0.936,0.78,3.39100786557274e-36,"16","ATP5MG"
6.51108494951751e-40,1.52846120900065,0.652,0.327,1.59209049185602e-35,"16","ATP6V0B"
3.59863419919924e-39,0.71411817095935,0.984,0.916,8.79938034388197e-35,"16","MYL6"
1.92593856098308e-38,1.51077043972503,0.572,0.245,4.70930496931583e-34,"16","ZYX"
3.07129390974435e-38,1.54281628866209,0.632,0.312,7.50992786810689e-34,"16","SEC11A"
4.58334083377142e-38,2.38294796274578,0.264,0.064,1.12071850067379e-33,"16","GNS"
7.20243971952343e-38,1.85533036224753,0.472,0.178,1.76114056021787e-33,"16","GSTO1"
1.23996675107817e-37,2.04775054559624,0.296,0.076,3.03196669973635e-33,"16","CD4"
3.10189484799793e-37,1.88437151637886,0.392,0.128,7.58475328232454e-33,"16","GRINA"
5.29089363435861e-37,0.815596886218242,0.956,0.843,1.29372931147337e-32,"16","COX4I1"
1.01082424546881e-36,1.05619131779115,0.88,0.629,2.47166744502034e-32,"16","UQCR11"
1.26483839195384e-35,1.05624536523964,0.796,0.511,3.09278283600552e-31,"16","HLA-DPA1"
3.32767432437456e-35,1.14069515394406,0.652,0.296,8.13682925796069e-31,"16","TXNIP"
6.52169516500837e-35,0.549691314358533,1,0.996,1.59468490174785e-30,"16","ACTB"
1.12083268835966e-34,1.85298162489316,0.42,0.151,2.74066008957705e-30,"16","ATOX1"
1.90950524529617e-34,0.789666757157049,0.976,0.867,4.66912222579819e-30,"16","MT-ND4"
2.25216380133267e-34,1.07719626882981,0.824,0.57,5.50699092701864e-30,"16","COX5B"
5.40414145029984e-34,2.18486273340144,0.288,0.081,1.32142066742732e-29,"16","FAM200B"
6.99787633843014e-34,1.04363594056175,0.828,0.543,1.71112072227294e-29,"16","COX8A"
1.14420289822595e-33,2.08950740404131,0.328,0.102,2.79780492674208e-29,"16","NAAA"
1.17748062286909e-33,1.82343553235091,0.412,0.15,2.87917561903951e-29,"16","LAMTOR2"
1.45295914090523e-33,1.16437376692171,0.776,0.502,3.55277569134147e-29,"16","ATP5MF"
1.77878134890143e-32,1.09280620224969,0.824,0.558,4.34947615433377e-28,"16","GMFG"
2.66015019128499e-32,1.50410809117395,0.564,0.277,6.50459924773005e-28,"16","CNPY3"
3.48469149801297e-32,0.722502533158183,0.908,0.643,8.52076765094133e-28,"16","DUSP1"
3.869848107817e-32,0.907007368324432,0.9,0.726,9.46255259323413e-28,"16","LSP1"
1.20750013230833e-31,1.4287455800009,0.532,0.23,2.95257932352033e-27,"16","RGS10"
1.71428557559777e-31,1.03884825037444,0.816,0.629,4.19177108945168e-27,"16","ALDOA"
1.77869921916806e-31,1.81378613484175,0.408,0.155,4.34927533070975e-27,"16","IFI6"
4.67939363225527e-31,2.24005540256996,0.252,0.068,1.14420533095906e-26,"16","CARS2"
2.27079634828506e-30,1.87524040969238,0.332,0.108,5.55255123082664e-26,"16","IL17RA"
3.06257650311983e-30,1.40441533266159,0.508,0.217,7.48861206542862e-26,"16","HLA-DMA"
4.94727748907876e-30,1.7507664085468,0.424,0.169,1.20970829162954e-25,"16","NDUFB5"
7.25366033055971e-30,1.24373980167338,0.704,0.418,1.77366502402846e-25,"16","UQCRQ"
1.21063815046575e-29,1.70971213359144,0.44,0.177,2.96025240551885e-25,"16","LSM6"
3.25866617528316e-29,1.5219236985994,0.428,0.168,7.96809053180238e-25,"16","PTPRE"
3.40409402700661e-29,1.8563512061331,0.32,0.105,8.32369071483656e-25,"16","SERPINB6"
3.87637728639993e-29,1.41651679593649,0.564,0.279,9.47851774070511e-25,"16","C8orf59"
4.43734691568375e-29,1.3000622496311,0.612,0.324,1.08502006782299e-24,"16","MINOS1"
7.8505080067071e-29,1.3843446261769,0.488,0.214,1.91960621780002e-24,"16","PTPN6"
2.70139642806408e-28,2.2950918105204,0.272,0.083,6.6054545459023e-24,"16","CUX1"
2.88463903986881e-28,1.25192421755295,0.684,0.417,7.05351938028722e-24,"16","CSTB"
3.25003992818244e-28,0.826605936799003,0.904,0.696,7.9469976323917e-24,"16","UQCRB"
6.4546299549816e-28,2.05925601044118,0.324,0.113,1.5782861165921e-23,"16","ZNF106"
7.56884459558573e-28,0.806718433412587,0.88,0.692,1.85073388051262e-23,"16","EIF3K"
9.90369641251337e-28,1.24062282466831,0.676,0.412,2.42165184678777e-23,"16","VAMP8"
3.54665881096137e-27,1.42558210527883,0.572,0.293,8.67229012456273e-23,"16","DDT"
5.00711418842665e-27,1.29616881894305,0.6,0.339,1.22433956135408e-22,"16","GDI2"
6.80089079213985e-27,0.98027117066051,0.476,0.203,1.66295381649404e-22,"16","SOD2"
7.81850172652695e-27,1.77406348668811,0.312,0.105,1.91178004217037e-22,"16","VMA21"
1.27384626864253e-26,2.11877188181808,0.256,0.077,3.11480889608472e-22,"16","RNPEP"
1.97086810864828e-26,2.05053234039477,0.264,0.081,4.81916669926677e-22,"16","TMEM205"
4.74646363366747e-26,1.62487476151004,0.312,0.105,1.16060528770437e-21,"16","RAB24"
5.05939631709354e-26,1.99569580420832,0.26,0.079,1.23712358745571e-21,"16","RASSF2"
5.35054281532583e-26,0.934481709358178,0.828,0.575,1.30831472920347e-21,"16","EMP3"
1.15382604410213e-25,1.13120566196413,0.7,0.435,2.82133544303852e-21,"16","RHOG"
1.35208779379984e-25,1.00307670821885,0.78,0.532,3.30612507339936e-21,"16","SLC25A5"
1.95063156501713e-25,1.91649589094268,0.316,0.114,4.76968430277989e-21,"16","NAGK"
2.0545271941242e-25,1.83539687413072,0.268,0.084,5.02372989507249e-21,"16","MAPKAPK3"
2.48703277280628e-25,0.965726295445154,0.784,0.541,6.08129253606593e-21,"16","UQCRH"
5.34785831416822e-25,1.66471930545716,0.4,0.168,1.30765831498041e-20,"16","POLE4"
8.45741423593722e-25,1.61896095273432,0.384,0.156,2.06800692897137e-20,"16","FBXL5"
1.58045347263767e-24,1.93169834351941,0.272,0.089,3.86452483129364e-20,"16","PAK1"
7.73889643398032e-24,1.17157367661835,0.572,0.309,1.89231495603687e-19,"16","ANXA2"
1.98977647925222e-23,1.57429397746354,0.46,0.219,4.86540144706754e-19,"16","VAMP5"
2.41180469050103e-23,0.960614411516663,0.764,0.563,5.89734482921313e-19,"16","NDUFA1"
3.08460031273442e-23,1.53149528310938,0.408,0.175,7.54246468469821e-19,"16","GLIPR2"
3.39294165734711e-23,0.510538137016578,0.972,0.921,8.29642094054515e-19,"16","UBA52"
3.50571693265435e-23,0.628990448647328,0.96,0.833,8.57217904372641e-19,"16","BTF3"
3.79548371878901e-23,1.72955100892444,0.268,0.089,9.2807167891829e-19,"16","IMPDH1"
5.46591899956864e-23,1.73200803455103,0.364,0.153,1.33652651377452e-18,"16","HEBP2"
6.19733900181875e-23,0.720766576350306,0.864,0.691,1.51537333272472e-18,"16","FXYD5"
9.7058255230285e-23,0.696175145858102,0.892,0.741,2.37326845689093e-18,"16","CLIC1"
1.03450377898705e-22,1.23521093204267,0.468,0.222,2.52956864037915e-18,"16","WASF2"
1.39221160983445e-22,1.85789623089929,0.292,0.106,3.40423582836721e-18,"16","MFSD1"
1.41846358962283e-22,1.19275083618664,0.612,0.351,3.46842716934575e-18,"16","NOP10"
3.7068122716818e-22,0.534187465178738,0.992,0.933,9.06389736671634e-18,"16","MT-ND1"
5.09954904897372e-22,0.991037777494105,0.696,0.458,1.24694173345505e-17,"16","WDR83OS"
5.92899675378806e-22,1.60405328692048,0.308,0.114,1.44975828623626e-17,"16","NBPF26"
9.53182970663853e-22,1.33100880185322,0.448,0.213,2.33072299986725e-17,"16","TMEM256"
1.09572729854973e-21,1.80542683356578,0.252,0.085,2.6792723904138e-17,"16","ZSCAN16-AS1"
1.71158883615884e-21,1.5126076466178,0.396,0.178,4.1851770221756e-17,"16","MYO1F"
2.104828268898e-21,1.47163728176235,0.34,0.136,5.14672608310939e-17,"16","SPG21"
2.12841536005816e-21,1.67242701363465,0.336,0.136,5.20440123841421e-17,"16","DNAJC4"
2.57185263728273e-21,1.56108207431738,0.308,0.117,6.28869406868372e-17,"16","PLEKHO1"
3.23795640570799e-21,1.04594972753903,0.644,0.403,7.91745100323718e-17,"16","COX5A"
3.54465604479305e-21,0.958440191032907,0.724,0.48,8.66739296072798e-17,"16","NDUFA3"
6.17817950302008e-21,1.63277205247554,0.332,0.135,1.51068845207847e-16,"16","TPP1"
7.0969535823378e-21,0.95350165040459,0.372,0.15,1.73534708995324e-16,"16","YBX3"
8.15711767927272e-21,1.55541579631158,0.284,0.103,1.99457841493577e-16,"16","CHCHD5"
1.03207573252357e-20,0.71308309338898,0.768,0.507,2.52363158116663e-16,"16","MT2A"
2.46744347885562e-20,1.42988733885515,0.296,0.111,6.03339279449777e-16,"16","TNFRSF1A"
2.51058905342243e-20,1.09340562047763,0.588,0.338,6.13889235342853e-16,"16","ATP5PD"
3.88496051430042e-20,1.50712458949327,0.272,0.098,9.49950544956739e-16,"16","ATP5PO"
6.61850057936232e-20,1.3242835949089,0.472,0.24,1.61835576166567e-15,"16","NDUFC1"
1.33567488795609e-19,1.20945983776427,0.492,0.268,3.26599223603024e-15,"16","RNH1"
1.60491634620264e-19,0.722134197997394,0.736,0.512,3.92434144973469e-15,"16","HLA-DPB1"
2.91283106181238e-19,0.695867985057634,0.832,0.688,7.12245451234364e-15,"16","CD37"
4.06858908477587e-19,1.09596698466541,0.6,0.36,9.94851403009395e-15,"16","RNASET2"
4.45587941884265e-19,1.39298066976305,0.428,0.211,1.0895516354954e-14,"16","HSD17B11"
7.14474910171437e-19,1.00395301106082,0.608,0.371,1.7470340503512e-14,"16","SMDT1"
8.69808167300017e-19,0.772429260968863,0.704,0.487,2.126854930682e-14,"16","TMEM258"
1.69541857997654e-18,0.951294189655628,0.308,0.121,4.14563751175863e-14,"16","SELL"
3.02546847299287e-18,1.61625561101726,0.3,0.124,7.39787551016217e-14,"16","RHOB"
3.72900328880606e-18,1.50525921337498,0.288,0.115,9.11815884178857e-14,"16","MTIF3"
1.31066090205472e-17,1.63513190358115,0.284,0.116,3.20482803770421e-13,"16","PTPN18"
3.26461058610722e-17,1.46031218845662,0.344,0.158,7.98262580514938e-13,"16","SAT2"
4.31008868203017e-17,1.29383086867222,0.392,0.19,1.05390288453002e-12,"16","BLOC1S1"
5.01607376260386e-17,1.08908138239425,0.492,0.278,1.2265303564319e-12,"16","NDUFA11"
5.30115399762437e-17,1.24540545220686,0.44,0.227,1.29623817549911e-12,"16","CHCHD10"
6.88416017844684e-17,1.54546085403554,0.28,0.115,1.68331484683382e-12,"16","MYD88"
7.50023613423491e-17,1.26692102163636,0.416,0.214,1.83395773954312e-12,"16","CDC42EP3"
9.01763374740299e-17,1.21668012306206,0.428,0.223,2.20499180391498e-12,"16","STMP1"
9.69837537947903e-17,1.47451299278444,0.296,0.126,2.37144674779021e-12,"16","PLSCR1"
1.22095004612234e-16,1.02889417676526,0.448,0.228,2.98546705277835e-12,"16","RCSD1"
2.18466361609425e-16,1.02913546606103,0.548,0.341,5.34193947407367e-12,"16","SNX3"
2.70401779637577e-16,1.20322350619835,0.46,0.254,6.61186431569803e-12,"16","ATP6V0D1"
3.08718168375037e-16,1.39785811228623,0.38,0.19,7.5487766531064e-12,"16","TMEM167A"
3.20654670629647e-16,1.0539254274578,0.536,0.334,7.84064800623613e-12,"16","ATP6V1F"
3.27631180525394e-16,0.798247480903943,0.708,0.512,8.01123762620693e-12,"16","ATP5MD"
3.54877204061772e-16,1.14091895609529,0.428,0.228,8.67745739371845e-12,"16","NAA38"
7.88572801943965e-16,0.877621799799393,0.648,0.444,1.92821821531338e-11,"16","BRK1"
1.55772909145106e-15,1.34529471582304,0.312,0.142,3.80895917441613e-11,"16","COMT"
1.9415940430916e-15,1.10539834841575,0.46,0.26,4.74758575416757e-11,"16","ACAP2"
2.62463910988171e-15,1.39689206253464,0.296,0.132,6.41776755148276e-11,"16","BID"
2.66089823915196e-15,0.990074682384661,0.524,0.315,6.50642837437438e-11,"16","ANAPC11"
3.27442638182415e-15,1.48380689600286,0.296,0.134,8.00662738883642e-11,"16","SKAP2"
5.44440368091619e-15,0.517684142400471,0.884,0.772,1.33126558805763e-10,"16","COX7C"
8.60999688988329e-15,0.641976683054017,0.788,0.604,2.10531643951426e-10,"16","TPI1"
1.21315164025661e-14,0.83688460845017,0.652,0.46,2.96639839075547e-10,"16","C4orf3"
3.06352946770158e-14,0.719069778293633,0.632,0.412,7.4909422544239e-10,"16","EFHD2"
1.35200601444893e-13,1.1113498730746,0.368,0.189,3.30592510653053e-09,"16","NCOA4"
1.67167306589699e-13,0.430679242811522,0.944,0.835,4.08757498073133e-09,"16","TMA7"
2.2001329072794e-13,0.747953869451922,0.676,0.504,5.37976498487958e-09,"16","PRR13"
2.25457602036671e-13,1.35525388965643,0.268,0.121,5.51288928500069e-09,"16","BACH1"
2.71282438795746e-13,0.802737187689074,0.664,0.479,6.63339819343359e-09,"16","ATP5F1D"
3.94363984839779e-13,0.399682978144134,0.38,0.189,9.64298815730229e-09,"16","BCL2A1"
4.50447882792935e-13,1.2532147071237,0.268,0.12,1.10143516300529e-08,"16","ETHE1"
4.58938088833034e-13,1.08555505768439,0.36,0.186,1.12219541481454e-08,"16","BNIP3L"
4.79554286460726e-13,1.14371643826439,0.396,0.22,1.17260614125377e-08,"16","TMBIM4"
6.3910097665586e-13,0.782826088693914,0.6,0.396,1.56272970811891e-08,"16","TBCA"
8.10821868404385e-13,0.795237650494338,0.664,0.496,1.9826216326224e-08,"16","GPX4"
8.20814053250628e-13,1.112894037853,0.352,0.181,2.00705452300844e-08,"16","MGAT1"
8.51007613909345e-13,1.07355671366079,0.412,0.236,2.08088381753113e-08,"16","MRPL52"
8.90456863121239e-13,1.04378650355808,0.408,0.231,2.17734512170405e-08,"16","H2AFY"
9.82376256769571e-13,0.950990073361168,0.48,0.291,2.40210642305296e-08,"16","GRB2"
1.06200431507758e-12,0.708414594416976,0.68,0.514,2.5968129512277e-08,"16","GPSM3"
1.07618348535476e-12,1.22975913255222,0.356,0.193,2.63148385838946e-08,"16","ATG3"
1.08175654024347e-12,0.731754087038235,0.672,0.519,2.64511109220334e-08,"16","UQCR10"
1.19982095358321e-12,0.744423100993595,0.528,0.326,2.93380219570166e-08,"16","ZEB2"
1.44738235364397e-12,0.847466717821757,0.592,0.417,3.53913933113024e-08,"16","ARF5"
2.11404664324954e-12,1.2310665922531,0.284,0.135,5.16926685207377e-08,"16","PTEN"
2.87423559480007e-12,0.933892214362123,0.42,0.239,7.02808087640514e-08,"16","VPS29"
5.48888199909364e-12,0.631591084435162,0.7,0.519,1.34214142641838e-07,"16","CD48"
6.5742671792907e-12,0.846109959204333,0.56,0.388,1.60753981068016e-07,"16","GNB2"
8.42119504690369e-12,0.95082683900101,0.484,0.299,2.05915061286889e-07,"16","PLP2"
9.71775378955606e-12,0.474748601902627,0.848,0.712,2.37618515662225e-07,"16","COMMD6"
1.0839681004105e-11,0.840119634186626,0.32,0.16,2.65051879912376e-07,"16","GLUL"
1.44238939107534e-11,1.29237399729427,0.268,0.127,3.52693053905741e-07,"16","XAF1"
2.04390025046256e-11,0.928559162977325,0.376,0.204,4.99774489243104e-07,"16","PRKCB"
2.56468374057163e-11,0.896450028741851,0.464,0.284,6.27116468244575e-07,"16","DYNLT1"
2.92059437944338e-11,0.679092734230248,0.592,0.41,7.14143737661495e-07,"16","SEM1"
4.69515096087511e-11,0.676432720393373,0.564,0.374,1.14805831295318e-06,"16","EID1"
5.10342470825562e-11,1.0164042941657,0.388,0.224,1.24788940966266e-06,"16","TXNDC17"
5.21260400891369e-11,0.87698955058356,0.488,0.318,1.27458593225957e-06,"16","CLTA"
7.74488740835612e-11,0.970984726355702,0.368,0.205,1.89377986909124e-06,"16","NDUFB3"
8.06867942835651e-11,0.895050342840743,0.44,0.267,1.97295349382173e-06,"16","COX7A2L"
9.76458890821591e-11,1.24443382709162,0.332,0.186,2.38763727983695e-06,"16","VMP1"
1.39717326009777e-10,0.82980906873071,0.436,0.263,3.41636805559106e-06,"16","IFI16"
1.6956161008325e-10,0.989072782579649,0.34,0.191,4.14612048975562e-06,"16","KDELR1"
2.18953987647395e-10,1.22639215705109,0.28,0.144,5.3538629059541e-06,"16","RTN3"
2.90093378875743e-10,1.21019146777551,0.264,0.132,7.09336330026967e-06,"16","UBR4"
2.99348990647818e-10,0.803461975601334,0.424,0.256,7.31968151932044e-06,"16","ANP32A"
3.01451777979244e-10,0.977006896414202,0.308,0.162,7.37109887514848e-06,"16","DOCK2"
3.29010465400851e-10,0.718504105220075,0.56,0.402,8.04496389998162e-06,"16","ATP5PB"
3.67722295170948e-10,0.942811536238443,0.408,0.256,8.99154556152002e-06,"16","SLIRP"
4.01968773478284e-10,0.635139668585244,0.644,0.468,9.82894044909101e-06,"16","PKM"
4.2856320380681e-10,0.847414917976401,0.468,0.31,1.04792274594841e-05,"16","ZNF706"
4.82118341502383e-10,1.17145810597553,0.28,0.145,1.17887576864163e-05,"16","FAM96A"
6.69015999152383e-10,1.10985780962939,0.304,0.166,1.63587792112741e-05,"16","VTI1B"
7.85920248984867e-10,0.739440749820162,0.32,0.167,1.9217321928178e-05,"16","GIMAP1"
8.16874177231791e-10,0.503224207753447,0.844,0.769,1.99742073816717e-05,"16","RHOA"
9.09422404864557e-10,1.05284510727652,0.376,0.231,2.22371966437482e-05,"16","TM9SF2"
1.29947117490252e-09,0.724107508585502,0.568,0.411,3.17746691687164e-05,"16","PET100"
1.50338612885402e-09,0.48036140400376,0.764,0.581,3.67607976227385e-05,"16","FYB1"
1.63531024877314e-09,1.03417809359106,0.312,0.173,3.99866062030008e-05,"16","LIMS1"
1.70153665937184e-09,0.770473319785358,0.504,0.358,4.16059743949603e-05,"16","NSA2"
2.13277680485388e-09,0.995321732242154,0.4,0.249,5.21506584322871e-05,"16","RTN4"
2.16624691865154e-09,0.917128835174212,0.372,0.22,5.29690696548675e-05,"16","TCIRG1"
2.25874581748223e-09,1.15433393021163,0.276,0.148,5.52308527290755e-05,"16","VPS35"
2.47627793307944e-09,0.887798372017837,0.392,0.241,6.05499480196585e-05,"16","VASP"
3.49824828273893e-09,1.05380150869831,0.32,0.184,8.55391670095324e-05,"16","MRPS24"
4.01131259514471e-09,0.675929569202793,0.568,0.431,9.80846155764786e-05,"16","NDUFA13"
4.08071678045138e-09,0.695336718230066,0.496,0.327,9.97816867155971e-05,"16","COX17"
4.17384025283041e-09,0.830575339368269,0.42,0.266,0.000102058741862209,"16","RNF181"
4.2144078410439e-09,0.88699667860448,0.264,0.134,0.000103050700529205,"16","RIN3"
4.79749995347036e-09,0.98406376452336,0.256,0.131,0.000117308468862257,"16","TMEM14C"
5.72475724519315e-09,0.975429281346703,0.324,0.186,0.000139981764159463,"16","H2AFJ"
6.25659622942177e-09,0.406930473804453,0.892,0.818,0.000152986291001821,"16","ITM2B"
7.17935161782574e-09,0.722232058337043,0.404,0.245,0.000175549505759075,"16","PLAC8"
7.84931546928695e-09,0.967747694796438,0.308,0.174,0.000191931461855005,"16","PPCS"
9.6483803666205e-09,0.864561429781638,0.352,0.208,0.000235922196724604,"16","DBNL"
9.84021120027413e-09,0.945028705055609,0.316,0.18,0.000240612844269103,"16","GNB1"
1.05893374870706e-08,0.696283365465571,0.536,0.392,0.000258930480233851,"16","CSNK2B"
1.09481563626326e-08,0.796749125505911,0.348,0.205,0.000267704319379092,"16","NDUFC2"
1.11912590434825e-08,0.776469042439723,0.52,0.396,0.000273648666131235,"16","ARPC5"
1.13713561853398e-08,1.13673887434762,0.3,0.173,0.000278052401443929,"16","ARPC4"
1.18073115724489e-08,0.718435401072568,0.476,0.321,0.000288712382569522,"16","ENY2"
1.18357152079392e-08,0.597570304146458,0.596,0.439,0.000289406908264529,"16","PGAM1"
1.33576634491777e-08,1.03097814033515,0.4,0.267,0.000326621586659292,"16","HADHA"
1.39864006686574e-08,0.673513677340725,0.396,0.24,0.000341995469150011,"16","PLEK"
1.49096625039046e-08,0.593362817142609,0.556,0.406,0.000364571067545475,"16","ROMO1"
1.65475406160247e-08,0.749447973542936,0.532,0.404,0.000404620463143035,"16","SH3BGRL"
1.75025075022949e-08,0.871497082333973,0.332,0.198,0.000427971313446116,"16","SNF8"
1.80709539054187e-08,0.714709762704544,0.472,0.313,0.000441870964895299,"16","SF3B5"
1.83909086548742e-08,0.393856998109872,0.84,0.736,0.000449694498428985,"16","LAPTM5"
1.87775905180151e-08,0.747810942421265,0.444,0.291,0.000459149643346506,"16","SUPT4H1"
2.53502792938649e-08,1.03750732329379,0.26,0.142,0.000619865029293585,"16","SORL1"
2.83184902396954e-08,0.25177011038874,0.968,0.929,0.000692443723341032,"16","RACK1"
3.20688287937528e-08,0.983744549466943,0.296,0.167,0.000784147001664844,"16","PRDX3"
4.1103786855567e-08,1.15672020164933,0.268,0.15,0.00100506979619232,"16","TIMM13"
4.40630731388995e-08,0.644705433090465,0.448,0.302,0.00107743026439237,"16","NDUFS7"
4.60582654993382e-08,0.997059843344713,0.26,0.141,0.00112621670798982,"16","RASGRP2"
5.40758372915881e-08,0.888895171663632,0.348,0.222,0.00132226237345391,"16","UQCRC1"
5.56931969168255e-08,0.651367727784078,0.508,0.364,0.00136181005101022,"16","RBX1"
5.64774384119932e-08,0.560177919839513,0.596,0.464,0.00138098632405006,"16","ZFAS1"
5.80266743343224e-08,0.849140375122572,0.396,0.255,0.00141886824082285,"16","POLD4"
5.86241672626951e-08,0.470093333137954,0.736,0.638,0.00143347813790742,"16","ATP6V0C"
6.09969953580406e-08,0.872976686382907,0.348,0.215,0.00149149853049481,"16","CHMP4B"
6.33177888852168e-08,1.01276083356208,0.256,0.141,0.00154824657382132,"16","CNIH4"
7.26763140299693e-08,0.71910757657571,0.492,0.352,0.00177708123066081,"16","ATP5F1C"
7.61788657641497e-08,0.519610650217555,0.884,0.787,0.00186272562566499,"16","IFITM2"
1.09494357484126e-07,0.806971528880346,0.336,0.205,0.00267735602920184,"16","RAB10"
1.2039069895353e-07,0.625894200976979,0.516,0.378,0.00294379337081171,"16","SELENOH"
1.63036137012885e-07,0.547127225473012,0.572,0.418,0.00398655962223906,"16","ACTR2"
2.12094559936158e-07,0.834430454994604,0.316,0.191,0.00518613617955893,"16","EIF4E2"
2.20072254685158e-07,0.674433246620918,0.436,0.293,0.00538120677156149,"16","CASP4"
2.2062897260729e-07,0.506797514144373,0.784,0.752,0.00539481963819346,"16","YBX1"
2.64955449014651e-07,0.568525879282857,0.544,0.404,0.00647869063930623,"16","ABRACL"
3.20036209347401e-07,0.596625854004088,0.344,0.205,0.00782552539096265,"16","RIPOR2"
3.52056317350381e-07,0.914224580736722,0.272,0.157,0.00860848107185152,"16","AKR1A1"
3.67917725195434e-07,0.783897583859547,0.324,0.196,0.00899632421647876,"16","ALKBH7"
3.86236559266652e-07,0.711707445012193,0.428,0.296,0.00944425634718819,"16","NDUFA2"
4.24667247390651e-07,0.769721880707,0.376,0.24,0.0103839635331962,"16","COX14"
4.40929223966002e-07,0.585477785505808,0.564,0.435,0.0107816013844167,"16","ERP29"
4.48812496242884e-07,0.605559366593362,0.524,0.372,0.010974363158131,"16","GLIPR1"
5.89044786640267e-07,0.51681691254868,0.604,0.48,0.0144033231229278,"16","ATP5MC3"
5.97607349112436e-07,0.895281910377356,0.332,0.208,0.0146126949004973,"16","MMP24OS"
6.08738372905714e-07,0.461709882743922,0.62,0.472,0.0148848706942905,"16","POMP"
7.17580589227264e-07,0.831171784987246,0.28,0.164,0.0175462805677851,"16","TMEM147"
7.85680879611708e-07,1.05588095495023,0.284,0.173,0.0192114688682655,"16","CTSA"
7.9566783419327e-07,0.618962549580397,0.552,0.409,0.0194556698816938,"16","AHNAK"
8.85667945470229e-07,0.464189521812496,0.424,0.274,0.021656352602638,"16","GIMAP4"
8.89001305356615e-07,0.881756785719983,0.348,0.229,0.0217378599185799,"16","ZNHIT1"
9.6145444535262e-07,0.616603921261707,0.5,0.35,0.0235094840977623,"16","CKLF"
1.24088061232019e-06,0.967599160628829,0.288,0.175,0.0303420127324532,"16","TIMM8B"
1.2856793113797e-06,0.710605783694906,0.504,0.385,0.0314374305218564,"16","NDUFB9"
1.54228515096827e-06,0.498380816338779,0.592,0.488,0.037711956511476,"16","COX7B"
1.96898124204888e-06,0.755902319875301,0.42,0.303,0.0481455293305792,"16","NDUFAB1"
2.02786560834886e-06,0.423521771675452,0.732,0.643,0.0495853698553463,"16","COX6C"
2.03830656604138e-06,0.932018672014462,0.284,0.177,0.0498406721528437,"16","SHOC2"
2.09485132234867e-06,0.80981931520812,0.3,0.184,0.0512233045340696,"16","DECR1"
2.64011751966753e-06,0.597516438494655,0.452,0.323,0.0645561535909105,"16","HMGN3"
2.82332874857008e-06,0.497131202938974,0.44,0.316,0.0690360345600357,"16","SYNGR2"
3.48525312730641e-06,0.577577002805587,0.46,0.334,0.0852214094688965,"16","COPS9"
3.99758626128874e-06,0.557987688638359,0.536,0.418,0.0977489792610324,"16","ARL6IP4"
4.23433334917689e-06,1.00764569055838,0.344,0.239,0.103537919054073,"16","METTL9"
4.66319453276015e-06,0.604969044445852,0.492,0.376,0.114024432715051,"16","NAP1L1"
5.13408729487087e-06,0.618781141125163,0.472,0.348,0.125538702534183,"16","ATP5F1A"
5.40095368395867e-06,0.846749344236949,0.292,0.189,0.132064119480157,"16","OXA1L"
5.62940698370832e-06,0.474808737669004,0.496,0.359,0.137650259565636,"16","ANP32B"
5.75378813851882e-06,0.696074630791315,0.308,0.192,0.140691627563062,"16","MRPS34"
5.80000764900904e-06,0.437675258412014,0.648,0.53,0.141821787033569,"16","CAP1"
6.08698604557889e-06,0.868062056292708,0.332,0.221,0.148838982786495,"16","CHMP2A"
6.45460487768524e-06,0.730195289357656,0.4,0.287,0.157827998469159,"16","MRPL33"
6.83483243015216e-06,0.6455089973305,0.368,0.249,0.167125322582081,"16","SMIM26"
8.88503104481256e-06,0.708355803687905,0.288,0.182,0.217256779107757,"16","CLNS1A"
1.09238174840959e-05,0.452153508440709,0.66,0.572,0.267109185121113,"16","ATP6V0E1"
1.33160447249112e-05,0.643615577367518,0.32,0.214,0.325603925613528,"16","ATP5MC1"
1.37474441749302e-05,0.549603407011305,0.5,0.382,0.336152504965393,"16","REEP5"
1.46352360892527e-05,0.463092887836716,0.536,0.406,0.357860792854408,"16","IQGAP1"
1.58816240389957e-05,0.428372682125564,0.592,0.473,0.388337471001522,"16","PTP4A2"
1.62509947873199e-05,0.664526287592545,0.4,0.287,0.397369324539546,"16","NDUFB7"
1.66065453503215e-05,0.518684971083174,0.476,0.347,0.40606324690606,"16","RNF7"
1.66758508512675e-05,0.525557960077798,0.492,0.361,0.407757905015192,"16","TLN1"
1.71541448077782e-05,0.813132612874381,0.324,0.221,0.419453148839792,"16","DNAJC15"
1.71910268168052e-05,0.715026380499509,0.344,0.236,0.42035498772452,"16","TGOLN2"
1.99320649199433e-05,0.355668954758929,0.524,0.401,0.487378851422454,"16","TXN"
2.10129918966084e-05,0.788502912963113,0.312,0.209,0.51380967785587,"16","FAAP20"
2.24703026780728e-05,0.566249525951769,0.412,0.291,0.549443841084235,"16","FIS1"
2.26135559356925e-05,0.665324147735436,0.32,0.214,0.552946669739553,"16","MYO1G"
2.34510190140173e-05,0.513331292179894,0.472,0.356,0.57342431693075,"16","BST2"
2.41462871870353e-05,0.633248010469265,0.428,0.312,0.590425014297386,"16","MRPS21"
3.04714137833019e-05,0.506193332293886,0.388,0.27,0.745087009829297,"16","H1FX"
3.42512445777834e-05,0.599895780528543,0.408,0.3,0.837511432415959,"16","MRPL41"
3.63631773985508e-05,0.379658364385313,0.708,0.633,0.889152413749365,"16","PSME2"
3.72117840193993e-05,0.647552412376458,0.308,0.204,0.909902542842351,"16","MRPS36"
4.32194270966954e-05,0.978692362752451,0.264,0.176,1,"16","LAP3"
5.78395778410223e-05,0.554019404658742,0.46,0.349,1,"16","SCAND1"
6.50429975156716e-05,0.513394580035285,0.412,0.3,1,"16","POLR1D"
8.00367802286053e-05,0.503475220175546,0.488,0.382,1,"16","VPS28"
8.1453621407097e-05,0.460051925640773,0.488,0.381,1,"16","WAS"
8.35407530775013e-05,0.672763655015853,0.348,0.249,1,"16","ERGIC3"
0.000104067569621206,0.766828788443907,0.256,0.168,1,"16","TIMM17B"
0.00010983551874518,0.429393829986032,0.504,0.391,1,"16","EIF4A1"
0.000117000022756403,0.508594097033105,0.32,0.219,1,"16","ARHGAP30"
0.000123276409530295,0.81027760795015,0.292,0.198,1,"16","PARVG"
0.00012887788388347,0.592300601350933,0.328,0.23,1,"16","CAPZA2"
0.000129640176588129,0.382786943335621,0.64,0.529,1,"16","NDUFB11"
0.000134815309647401,0.599636417971193,0.332,0.23,1,"16","SP110"
0.000172995682537583,0.311757106215947,0.784,0.711,1,"16","OST4"
0.000190532559287125,0.592700180910748,0.276,0.183,1,"16","THOC7"
0.00020218058559637,0.47005811399526,0.464,0.36,1,"16","RAB5IF"
0.000203698912050106,0.483821353541175,0.56,0.472,1,"16","EIF3H"
0.000207498514331755,0.516931039866305,0.472,0.365,1,"16","CAST"
0.000288470417686662,0.638754156605741,0.344,0.252,1,"16","LSM3"
0.000317018134512073,0.356380541855517,0.572,0.487,1,"16","SEC61G"
0.00046360018261935,0.528920728749996,0.252,0.168,1,"16","SMS"
0.00047145823497701,0.682008059951509,0.252,0.171,1,"16","OGFR"
0.000476589344237691,0.457882832812098,0.496,0.393,1,"16","NEDD8"
0.000485232639146025,0.614294786956287,0.328,0.236,1,"16","IFI27L2"
0.000521316837109016,0.565527607363645,0.336,0.253,1,"16","MTPN"
0.000540965464228043,0.401650268305352,0.52,0.421,1,"16","PSMB3"
0.000541487713256124,0.423278531802073,0.296,0.205,1,"16","RILPL2"
0.000574617685380241,0.516200410388063,0.372,0.284,1,"16","DOK2"
0.000612287611178026,0.559100419201039,0.316,0.228,1,"16","PSMA4"
0.000644872279835348,0.372038436400765,0.548,0.447,1,"16","EIF3L"
0.000665908915860077,0.407146439278191,0.452,0.364,1,"16","EIF3M"
0.000745736156292437,0.396796690699978,0.496,0.403,1,"16","ATP5PF"
0.000837016469231845,0.421776547169456,0.516,0.44,1,"16","SRSF9"
0.000867291186288067,0.724796479084558,0.272,0.195,1,"16","SNX2"
0.00100164974719814,0.527808752235192,0.312,0.226,1,"16","TWF2"
0.00102896970588403,0.458447919028458,0.372,0.279,1,"16","NAMPT"
0.00108989688464612,0.502057189816852,0.388,0.299,1,"16","NDUFS6"
0.0012107430349267,0.557147446234149,0.256,0.179,1,"16","IGBP1"
0.00123953958703048,0.399574559030182,0.376,0.284,1,"16","MRPL57"
0.00124980029015401,0.432526426194203,0.308,0.222,1,"16","HNRNPD"
0.00125336318233717,0.464981978442681,0.416,0.331,1,"16","SYF2"
0.00127902864473187,0.387824692043184,0.36,0.27,1,"16","PDCD6"
0.00129460683065034,0.435967070281631,0.416,0.326,1,"16","NDUFB10"
0.00129485242142099,0.488038103048773,0.328,0.245,1,"16","EIF2S3"
0.00149117182738016,0.564940953186641,0.284,0.205,1,"16","MIEN1"
0.00166366968758957,0.263319461102905,0.612,0.508,1,"16","GSTK1"
0.00190005844375473,0.37729304915064,0.404,0.319,1,"16","CHURC1"
0.00196156215752492,0.439639696245076,0.376,0.293,1,"16","DOCK8"
0.00206809483516756,0.531640440036983,0.288,0.207,1,"16","SNX17"
0.00208190207581863,0.446195202920017,0.432,0.348,1,"16","MOB1A"
0.00217144592752799,0.371617548853826,0.46,0.387,1,"16","NDUFB4"
0.00224331939300253,0.544542806791288,0.372,0.299,1,"16","ATP6AP2"
0.00237138698108251,0.264721877221064,0.732,0.688,1,"16","UBL5"
0.00238974081171606,0.401768641796358,0.464,0.377,1,"16","LSM7"
0.00262751391021933,0.446057592288966,0.396,0.316,1,"16","NDUFA12"
0.00295245922107268,0.677067072774139,0.252,0.186,1,"16","SHKBP1"
0.00348001461405983,0.253472648510456,0.736,0.695,1,"16","COX6A1"
0.00392662401738923,0.282127111605639,0.528,0.449,1,"16","PSMB10"
0.00476334509557896,0.402309700515405,0.376,0.295,1,"16","ZFAND5"
0.00533441188477768,0.474315274427844,0.292,0.223,1,"16","FERMT3"
0.00599644978714114,0.327414787595591,0.392,0.312,1,"16","PSMA1"
0.00614921862492259,0.368863573032723,0.256,0.186,1,"16","APEX1"
0.00629736276756813,0.2689405468604,0.672,0.623,1,"16","COX7A2"
0.00648881999615645,0.255911189172895,0.712,0.672,1,"16","PCBP2"
0.00668950875008889,0.310775804924043,0.42,0.346,1,"16","KTN1"
0.00683097942313208,0.453489654211895,0.328,0.254,1,"16","C19orf70"
0.00708381409241719,0.268030361110605,0.348,0.274,1,"16","LYST"
0.0070911852455295,0.397102595712398,0.58,0.53,1,"16","LY6E"
0.00975091691063686,0.43610367407693,0.292,0.224,1,"16","XRN2"
0,6.4193340053069,0.987,0.056,0,"17","CST3"
0,4.56671991749637,0.958,0.032,0,"17","LYZ"
0,6.72737914372887,0.895,0.019,0,"17","CPVL"
0,4.4121365731321,0.904,0.035,0,"17","SPI1"
0,3.84234921836494,0.925,0.058,0,"17","AIF1"
0,4.08164448990086,0.904,0.067,0,"17","FCGRT"
0,4.03526423876617,0.908,0.096,0,"17","CTSZ"
0,4.02874086874479,0.891,0.09,0,"17","GRN"
0,4.57362268578458,0.782,0.027,0,"17","RAB31"
0,3.397726385622,0.833,0.081,0,"17","HLA-DMB"
0,3.65753454876495,0.833,0.081,0,"17","FGL2"
0,2.71726607252743,0.824,0.078,0,"17","LST1"
0,5.3164537658223,0.757,0.016,0,"17","ALDH2"
0,4.76584899310011,0.774,0.034,0,"17","CD68"
0,5.41069230371503,0.753,0.014,0,"17","LGALS2"
0,3.95307251265831,0.782,0.055,0,"17","CXCL16"
0,3.40189494996485,0.736,0.033,0,"17","MNDA"
0,3.99447718101517,0.745,0.042,0,"17","IFI30"
0,3.96320932047678,0.728,0.027,0,"17","LY86"
0,3.95944741153184,0.749,0.05,0,"17","GSN"
0,4.91133745483704,0.715,0.019,0,"17","CD86"
0,3.83858482382496,0.766,0.07,0,"17","CTSH"
0,3.78681516052547,0.72,0.04,0,"17","CALHM6"
0,4.21307239584602,0.711,0.033,0,"17","BASP1"
0,4.17692638047908,0.741,0.066,0,"17","PLAUR"
0,4.18445268290783,0.707,0.033,0,"17","CCDC88A"
0,5.5512563837461,0.678,0.019,0,"17","KLF4"
0,4.56480416104342,0.674,0.019,0,"17","CLEC7A"
0,3.45863078477285,0.695,0.044,0,"17","SPINT2"
0,4.90893161316115,0.669,0.019,0,"17","IGSF6"
0,5.09528800313358,0.674,0.03,0,"17","MS4A6A"
0,2.69878205891827,0.695,0.052,0,"17","MEF2C"
0,4.43782526120057,0.699,0.058,0,"17","SGK1"
0,4.51186247772323,0.64,0.021,0,"17","MS4A7"
0,3.62385917204278,0.636,0.022,0,"17","HCK"
0,4.73841175478882,0.628,0.015,0,"17","ZNF385A"
0,4.24479884920434,0.628,0.02,0,"17","CD302"
0,4.16232221049613,0.628,0.025,0,"17","PHACTR1"
0,5.7853337632853,0.615,0.016,0,"17","LGMN"
0,3.85955032988123,0.619,0.026,0,"17","MPEG1"
0,3.82436937184881,0.619,0.028,0,"17","RNASE6"
0,4.89053674301387,0.603,0.013,0,"17","RAB32"
0,6.11952861800824,0.594,0.007,0,"17","CSF2RA"
0,8.34454963169683,0.577,0.003,0,"17","CLEC10A"
0,2.56611437091491,0.594,0.028,0,"17","SERPINA1"
0,3.67644228662662,0.582,0.024,0,"17","TGFBI"
0,3.88011228735182,0.573,0.024,0,"17","CFP"
0,3.09685848720213,0.582,0.034,0,"17","TNFSF13B"
0,4.8141283280544,0.552,0.017,0,"17","GPAT3"
0,3.50200068881523,0.556,0.027,0,"17","IL6R"
0,3.25119324506722,0.556,0.032,0,"17","ATP1B1"
0,3.28518875276132,0.54,0.016,0,"17","PLD4"
0,5.93570303889977,0.531,0.01,0,"17","C1orf54"
0,4.89604202663356,0.519,0.013,0,"17","CSF1R"
0,7.26466647064614,0.51,0.005,0,"17","CD1C"
0,3.45582657307485,0.519,0.023,0,"17","CIITA"
0,3.50339888452639,0.515,0.02,0,"17","NCF2"
0,3.44549278979593,0.523,0.031,0,"17","ITGAX"
0,4.28794637371403,0.506,0.015,0,"17","HLA-DQA2"
0,4.72642869477226,0.502,0.013,0,"17","IL18"
0,4.60025576845418,0.502,0.015,0,"17","RBM47"
0,4.33835416794242,0.502,0.016,0,"17","IL1B"
0,3.7810317495058,0.502,0.017,0,"17","HLA-DOA"
0,4.80440017287261,0.498,0.013,0,"17","PLXDC2"
0,5.9342254373125,0.49,0.006,0,"17","IL13RA1"
0,4.89605569978609,0.502,0.019,0,"17","FCGR2B"
0,4.68322396194632,0.506,0.024,0,"17","C15orf48"
0,4.38675390305247,0.494,0.013,0,"17","CLEC4A"
0,2.78264108090223,0.502,0.023,0,"17","CSTA"
0,4.13252910075709,0.502,0.027,0,"17","HMOX1"
0,4.46764841439786,0.49,0.016,0,"17","RAB20"
0,4.01840096945942,0.494,0.023,0,"17","MARCKS"
0,8.35087133461697,0.473,0.002,0,"17","CLIC2"
0,5.17554158554473,0.473,0.01,0,"17","PAPSS2"
0,5.73764773225928,0.469,0.007,0,"17","SHTN1"
0,3.57041443019936,0.485,0.023,0,"17","EMILIN2"
0,4.95743985383218,0.469,0.008,0,"17","CD33"
0,3.22622704801665,0.481,0.021,0,"17","MGST2"
0,4.1671908475618,0.481,0.021,0,"17","FNIP2"
0,3.22025280768854,0.485,0.025,0,"17","ACTN1"
0,3.7133938815684,0.477,0.018,0,"17","PILRA"
0,3.57133029168049,0.46,0.021,0,"17","KYNU"
0,3.8971295501572,0.448,0.012,0,"17","PLBD1"
0,4.45868810532293,0.444,0.008,0,"17","NDRG2"
0,5.19336116112394,0.444,0.01,0,"17","CXCL8"
0,3.85896454569407,0.452,0.019,0,"17","NAIP"
0,3.58071224026245,0.448,0.018,0,"17","MARCH1"
0,2.99204912892531,0.444,0.015,0,"17","CSF3R"
0,3.97521360516814,0.444,0.015,0,"17","UBE2E2"
0,7.02653476913206,0.427,0.003,0,"17","PKIB"
0,3.57592221599557,0.439,0.015,0,"17","TNFAIP2"
0,2.97078618764233,0.444,0.022,0,"17","LILRB2"
0,4.04046116860442,0.431,0.011,0,"17","KCTD12"
0,7.92145604569286,0.418,0.001,0,"17","CYP2S1"
0,4.79404755709528,0.427,0.011,0,"17","FCGR2A"
0,3.61361391975309,0.435,0.02,0,"17","MAFB"
0,4.16171445783179,0.418,0.015,0,"17","G0S2"
0,8.06577813955744,0.402,0.003,0,"17","FCER1A"
0,3.95446466936119,0.41,0.012,0,"17","SULF2"
0,4.16515911533744,0.406,0.013,0,"17","MCTP1"
0,3.53201035877631,0.41,0.017,0,"17","FGD2"
0,3.34613396101928,0.41,0.018,0,"17","TTYH2"
0,5.36531016966537,0.397,0.007,0,"17","SLC8A1"
0,4.58295578912756,0.397,0.009,0,"17","TLR2"
0,8.40173905114393,0.389,0.004,0,"17","C1QA"
0,4.34082552645553,0.393,0.013,0,"17","LILRB4"
0,3.82842209864311,0.389,0.014,0,"17","ALCAM"
0,4.69475809191099,0.381,0.01,0,"17","CD300C"
0,4.44653654665056,0.377,0.008,0,"17","THBD"
0,4.89628238698259,0.377,0.01,0,"17","WDFY4"
0,4.75953336111873,0.377,0.012,0,"17","HBEGF"
0,6.32633110066451,0.368,0.004,0,"17","IL1R2"
0,3.79515520167029,0.377,0.014,0,"17","RNF144B"
0,4.70421176057732,0.372,0.009,0,"17","ADAP2"
0,4.52299124991419,0.356,0.006,0,"17","P2RY6"
0,3.73309804570156,0.356,0.014,0,"17","LILRB3"
0,8.6549147613464,0.343,0.003,0,"17","C1QB"
0,9.74010054840751,0.339,0.001,0,"17","C1QC"
0,6.99770582100734,0.339,0.002,0,"17","FLT3"
0,4.33377118255641,0.347,0.01,0,"17","ADGRE2"
0,5.47361812242664,0.339,0.004,0,"17","HLA-DQB2"
0,4.33495969494542,0.343,0.008,0,"17","ZFHX3"
0,4.74140479513627,0.339,0.005,0,"17","SLAMF8"
0,4.69818359671766,0.339,0.007,0,"17","LTBR"
0,3.81320953251699,0.343,0.011,0,"17","SIGLEC10"
0,11.1240415302837,0.331,0,0,"17","CD1E"
0,4.77780594772152,0.335,0.007,0,"17","EPB41L3"
0,5.47044824816726,0.331,0.006,0,"17","GPR157"
0,9.27047453512503,0.326,0.001,0,"17","RAB7B"
0,4.35480208111298,0.331,0.009,0,"17","DAPK1"
0,3.98232595542506,0.331,0.01,0,"17","FGD4"
0,7.57169467379868,0.318,0.004,0,"17","APOC1"
0,4.87551090779762,0.31,0.007,0,"17","VDR"
0,5.68051004503579,0.305,0.005,0,"17","OLR1"
0,5.06794535373881,0.305,0.005,0,"17","LPCAT2"
0,4.60162269678751,0.305,0.006,0,"17","MILR1"
0,3.8547823475792,0.305,0.008,0,"17","TM6SF1"
0,5.05852717486042,0.301,0.004,0,"17","VMO1"
0,8.24529845310051,0.297,0.001,0,"17","VSIG4"
0,7.07948193534492,0.297,0.002,0,"17","A2M"
0,4.21492696793178,0.297,0.005,0,"17","CD1D"
0,7.06305244420319,0.293,0.001,0,"17","AXL"
0,4.80886626611711,0.297,0.006,0,"17","SIRPA"
0,6.54020962196249,0.293,0.006,0,"17","DNASE1L3"
0,5.33270507080955,0.289,0.004,0,"17","CREB5"
0,8.7028553865141,0.285,0.001,0,"17","FPR3"
0,4.82933481874325,0.289,0.006,0,"17","SLC37A2"
0,7.7777766863174,0.285,0.002,0,"17","SDS"
0,5.86566148218517,0.285,0.003,0,"17","RTN1"
0,6.29885556054835,0.28,0.003,0,"17","MSR1"
0,6.44061432289355,0.276,0.003,0,"17","ENHO"
0,4.06229768898555,0.28,0.007,0,"17","LRMDA"
0,9.92691800040274,0.272,0.001,0,"17","IDO1"
0,5.91586445439567,0.264,0.003,0,"17","STARD8"
0,4.28489466930081,0.259,0.007,0,"17","PTAFR"
0,5.85099407124843,0.251,0.002,0,"17","PXDC1"
0,5.23353807597501,0.251,0.004,0,"17","CALCRL"
0,5.09561884358616,0.251,0.004,0,"17","AC090559.1"
0,5.45769136779512,0.251,0.005,0,"17","PID1"
0,5.43376116055598,0.251,0.006,0,"17","CD163"
6.91691904177745e-323,3.61867411500139,0.347,0.014,1.69132504409542e-318,"17","GNB4"
1.93673733169769e-321,3.36584703227215,0.397,0.019,4.73571012346718e-317,"17","ALOX5"
2.58593959033308e-320,3.72834769016372,0.318,0.011,6.32313948628246e-316,"17","TBC1D8"
4.04639763943981e-320,3.80030128431592,0.289,0.009,9.89425150795822e-316,"17","LTC4S"
1.44866850644597e-315,3.05961902321117,0.393,0.018,3.54228423196168e-311,"17","SCIMP"
2.86631953212077e-315,3.29129076755856,0.335,0.013,7.00872451994171e-311,"17","LRRC25"
2.95116206583469e-315,3.21860701380649,0.381,0.017,7.216181483379e-311,"17","C19orf38"
2.64818207180523e-311,4.15999630964124,0.251,0.007,6.47533480197814e-307,"17","RASA4"
7.19267039353755e-310,4.14797392756021,0.251,0.007,1.7587517646278e-305,"17","TBC1D9"
1.52710204152296e-309,3.53562706909507,0.485,0.03,3.73406991193195e-305,"17","LY96"
4.79335922001273e-305,3.42554064894229,0.439,0.024,1.17207219647751e-300,"17","PHLDA2"
3.91504690479536e-304,3.34159740702424,0.276,0.009,9.5730726916056e-300,"17","BMP2K"
7.3870448190994e-304,3.20037661807396,0.456,0.026,1.80628019916618e-299,"17","DPYSL2"
6.50154123647026e-303,2.8422450036434,0.77,0.076,1.58975686314171e-298,"17","LGALS9"
4.43393636999939e-301,4.59703911866701,0.268,0.009,1.08418612119225e-296,"17","HNMT"
9.05687122435772e-298,3.83247303272736,0.251,0.007,2.21458615177995e-293,"17","AC020656.1"
2.06501630502776e-294,2.91962603100024,0.364,0.017,5.04937786905387e-290,"17","DOCK5"
6.33103985234431e-291,3.54027785675244,0.289,0.01,1.54806586469523e-286,"17","LILRA2"
1.15237496636486e-290,3.35695226851286,0.301,0.011,2.81778726775535e-286,"17","CD93"
1.67705809581799e-290,3.46326555951853,0.431,0.024,4.10074245589415e-286,"17","RASSF4"
3.33373141923558e-288,3.63119306688578,0.381,0.019,8.15164006631485e-284,"17","TRIB1"
1.93225069365919e-287,2.89564617497659,0.569,0.043,4.72473939613545e-283,"17","GCA"
7.16534603363614e-285,3.26950090616721,0.803,0.094,1.75207041214471e-280,"17","C1orf162"
3.0472749396932e-284,3.54059101938211,0.406,0.022,7.45119668253781e-280,"17","OTUD1"
4.82344310725856e-275,3.26672125584974,0.423,0.025,1.17942830858686e-270,"17","CDK2AP1"
5.03524257781306e-273,4.16000021558704,0.285,0.011,1.23121751512685e-268,"17","TNFSF13"
2.77111554802038e-267,4.25163222551957,0.276,0.011,6.77593173801944e-263,"17","CXCL2"
1.92420032872171e-263,2.90800502731373,0.464,0.032,4.70505464379031e-259,"17","SLC31A2"
2.14777675686031e-261,3.58476968015991,0.255,0.009,5.25174372587484e-257,"17","ANPEP"
7.0890143163429e-261,2.8419026047741,0.469,0.032,1.73340578063217e-256,"17","OGFRL1"
1.19079490193275e-260,2.7846093262507,0.469,0.032,2.91173169420597e-256,"17","NAGA"
1.39090374810113e-257,2.98324794980822,0.464,0.033,3.40103784485688e-253,"17","IFNGR2"
4.93370559130293e-255,3.04337590253255,0.305,0.014,1.20638969118539e-250,"17","RGS18"
5.24386617280653e-253,2.92511346831621,0.49,0.037,1.28223015657465e-248,"17","CYBB"
8.22301703657544e-248,2.90239426555866,0.481,0.036,2.01069212578343e-243,"17","ASAP1"
3.33392593864122e-247,2.69194221084858,0.377,0.022,8.15211570516552e-243,"17","DUSP3"
1.1382073094993e-246,4.41459670735527,0.962,0.224,2.78314451318769e-242,"17","HLA-DQB1"
1.66113566490389e-244,3.40661329632011,0.259,0.01,4.06180892782299e-240,"17","PLXNB2"
7.14100513599542e-243,2.5673062290932,0.444,0.031,1.7461185758536e-238,"17","FES"
5.84224836166293e-239,3.43829070236299,0.293,0.014,1.42854656939382e-234,"17","CYFIP1"
2.86540148884239e-236,3.17422789288366,0.389,0.025,7.00647972051741e-232,"17","GM2A"
9.42550078514389e-236,2.60590060914742,0.774,0.097,2.30472345198338e-231,"17","PRCP"
3.0237239786264e-235,3.05763245806189,0.682,0.079,7.39360987253726e-231,"17","RNF130"
2.01767772464995e-233,3.08054581748868,0.272,0.012,4.93362557231405e-229,"17","RAB34"
1.69114484356173e-231,2.81951147628917,0.36,0.022,4.13518737147715e-227,"17","BTK"
2.01359049647229e-229,3.30786053105641,0.95,0.212,4.92363148197405e-225,"17","HLA-DMA"
3.41110951710981e-229,3.45548044882776,0.259,0.011,8.34084499123691e-225,"17","TREM1"
3.33663497705556e-226,3.02996896136571,0.377,0.024,8.15873984589624e-222,"17","SEMA4A"
2.23648810405638e-224,2.70500349632227,0.473,0.038,5.46866071203866e-220,"17","DAPP1"
2.18155241318871e-222,4.17937577159785,0.31,0.017,5.33433196072903e-218,"17","CTSL"
3.71326183508552e-221,3.09968935541484,0.297,0.015,9.07966783915112e-217,"17","TUBB6"
2.56495590363171e-219,2.45630923579091,0.607,0.063,6.27183017556025e-215,"17","ODF3B"
5.71705067099994e-219,4.68863109919749,0.992,0.296,1.39793323007291e-214,"17","HLA-DRA"
9.25113627907023e-219,2.65523199337867,0.502,0.044,2.26208784295825e-214,"17","GK"
8.71298105179503e-215,3.78099655544647,0.251,0.011,2.13049812678492e-210,"17","CXorf21"
4.1861610081489e-210,2.48322614313354,0.556,0.055,1.02360008971257e-205,"17","SH2B3"
4.27120025381548e-210,3.26642975829785,0.778,0.121,1.04439388606296e-205,"17","TIMP1"
2.01605862270692e-209,2.9523499592385,0.364,0.024,4.92966654424296e-205,"17","CLEC12A"
4.05423008120778e-209,2.62649201769653,0.653,0.077,9.91340339456926e-205,"17","PEA15"
1.02438040751703e-207,4.16218528461578,0.962,0.271,2.50481497246065e-203,"17","HLA-DQA1"
2.64225973199704e-207,3.68093544002679,0.782,0.122,6.46085349667915e-203,"17","CTSB"
6.2094971633072e-207,2.50444806036784,0.686,0.085,1.51834624637188e-202,"17","PAK1"
1.36655854707795e-205,3.01191710880804,0.82,0.133,3.34150895931499e-201,"17","LGALS3"
1.52817729933271e-205,2.91856294268532,0.377,0.027,3.73669913232834e-201,"17","FBP1"
6.31523930231533e-205,3.9399873579321,0.259,0.013,1.54420231420215e-200,"17","ABCA1"
2.43402056968001e-204,2.39146058260189,0.598,0.065,5.95166709698156e-200,"17","THEMIS2"
2.02239157443637e-202,2.53342601329973,0.335,0.021,4.94515187781181e-198,"17","GAS7"
2.62986608500912e-201,3.04166257862548,0.305,0.018,6.43054855106431e-197,"17","TSPAN4"
1.14549648626881e-200,2.7452410290873,0.364,0.025,2.80096800822448e-196,"17","SLC43A2"
2.9284048243241e-200,2.36779061213398,0.377,0.027,7.16053547643729e-196,"17","GAA"
6.24698680659895e-198,2.67420853491222,0.791,0.123,1.52751321394958e-193,"17","PPT1"
1.73467969146859e-197,2.46928868751072,0.732,0.101,4.241638781579e-193,"17","MFSD1"
1.46757926609235e-195,2.47252783923332,0.406,0.032,3.58852482144902e-191,"17","SMCO4"
1.28464405052609e-194,3.8113470764035,0.289,0.017,3.1412116323464e-190,"17","NET1"
5.87385864110021e-194,2.39036930647223,0.51,0.051,1.43627591492182e-189,"17","TBXAS1"
3.99418375214144e-193,4.47367697086593,0.941,0.234,9.76657811073625e-189,"17","HLA-DRB5"
3.02136676712289e-192,3.25191545472448,0.305,0.019,7.38784601896889e-188,"17","SLC7A7"
6.86768562442932e-189,2.25383488246039,0.368,0.027,1.67928648888546e-184,"17","ADAM28"
4.26230582936481e-188,2.43548262013515,0.431,0.038,1.04221902139628e-183,"17","CPPED1"
1.67139985142586e-185,2.93393300826676,0.343,0.025,4.08690691670652e-181,"17","CD40"
3.18331193891886e-182,2.99479300610881,0.272,0.016,7.78383435304441e-178,"17","TIMP2"
8.87258307832133e-182,2.45062376356685,0.293,0.018,2.16952401431113e-177,"17","FPR1"
2.37849087171426e-181,2.96251432711494,0.933,0.22,5.81588587951572e-177,"17","NPC2"
3.28071006821486e-181,3.34209812424052,0.251,0.013,8.02199225879898e-177,"17","LRP1"
3.07102976699268e-179,2.19841409840286,0.598,0.073,7.50928198625049e-175,"17","CD4"
7.32507847170884e-179,2.16238303704655,0.519,0.056,1.79112818790224e-174,"17","SYK"
8.96382264232703e-179,2.4413943265412,0.552,0.064,2.1918339125018e-174,"17","ETV6"
2.21679399071474e-174,2.80664625021112,0.314,0.022,5.42050466609568e-170,"17","NLRP3"
4.27885046782076e-174,2.2775440434235,0.515,0.056,1.04626451639153e-169,"17","EIF2AK4"
7.99885679804585e-172,3.01220314114621,0.264,0.016,1.95588046425817e-167,"17","IMPA2"
6.85840616608041e-171,2.31311979853138,0.82,0.145,1.67701747572998e-166,"17","AP1S2"
1.18540917425039e-170,2.6582334665843,0.305,0.021,2.89856251287706e-166,"17","SCML1"
1.77914555493479e-170,2.99679845028363,0.699,0.114,4.35036671092654e-166,"17","PPIF"
2.30738577695966e-170,2.40738823768987,0.611,0.081,5.64201970182176e-166,"17","WARS"
2.5185700184649e-169,2.11815263120534,0.904,0.181,6.15840740915036e-165,"17","FCER1G"
3.85129540419543e-168,2.17613126709079,0.632,0.085,9.41718752233866e-164,"17","C20orf27"
4.32081715667719e-168,1.86010537397309,0.427,0.041,1.05652621115071e-163,"17","ENTPD1"
3.08951202382889e-166,2.16839061920949,0.753,0.121,7.55447480066639e-162,"17","PLSCR1"
5.9148236181486e-166,2.07581511240923,0.77,0.125,1.4462926711097e-161,"17","TMEM14C"
4.41024803772896e-161,1.84061524482236,0.536,0.064,1.07839385018549e-156,"17","HDAC9"
1.10645404114632e-160,4.21540688708053,0.992,0.509,2.70550142141098e-156,"17","HLA-DPB1"
3.4510881784766e-159,2.17173501073982,0.356,0.03,8.43860081401097e-155,"17","ADAM15"
3.68784193048198e-159,2.23682602098048,0.377,0.034,9.01751108841454e-155,"17","GNAQ"
4.00555468513466e-159,3.92918554091493,0.992,0.503,9.79438231609126e-155,"17","HLA-DRB1"
1.15103806530212e-156,1.87633579024142,0.397,0.037,2.81451827727675e-152,"17","ACER3"
1.96274360310551e-156,4.11040126684383,0.975,0.509,4.79930065831359e-152,"17","HLA-DPA1"
1.02085930989386e-155,2.74511764753303,0.481,0.056,2.49620518455246e-151,"17","ETS2"
3.48569357309045e-154,2.10822671026998,0.322,0.026,8.52321792492076e-150,"17","PON2"
7.43866615857836e-154,1.90951114655198,0.753,0.127,1.81890264909558e-149,"17","TYMP"
2.38351427356533e-153,2.47540291444542,0.72,0.127,5.82816910172195e-149,"17","BID"
1.01810896090922e-150,2.78690491308916,0.611,0.094,2.48948003121523e-146,"17","ATF3"
2.18317045467082e-149,3.2740687146001,0.49,0.062,5.33828839576108e-145,"17","IER3"
9.92203066030498e-148,1.95069243747322,0.669,0.104,2.42613493705777e-143,"17","MAN2B1"
2.94505644649084e-147,1.9954496985763,0.54,0.07,7.2012520229594e-143,"17","DDAH2"
5.12272701300544e-147,2.02871597600294,0.377,0.036,1.25260920922009e-142,"17","C9orf72"
4.33681856001925e-146,1.82728050330001,0.757,0.13,1.06043887429591e-141,"17","TPP1"
6.77978166191733e-146,2.07943746869069,0.682,0.11,1.65779221197203e-141,"17","CAT"
8.33521535031117e-146,3.18573768926457,0.255,0.017,2.03812685745809e-141,"17","C5AR1"
7.23234578960498e-145,1.8257067797858,0.448,0.051,1.76845319247421e-140,"17","UNC93B1"
1.16825299708949e-140,2.32107590807988,0.615,0.097,2.85661222848322e-136,"17","CAPG"
1.4646806563066e-139,2.35751044924187,0.305,0.026,3.58143714080089e-135,"17","CAMK1"
4.33733955646008e-139,2.29858437846889,0.31,0.026,1.06056626834562e-134,"17","ROGDI"
5.67134447018464e-138,1.69629495829373,0.297,0.024,1.38675714984955e-133,"17","MYO1E"
1.466949512653e-137,1.83887688197328,0.377,0.038,3.58698494833911e-133,"17","HEBP1"
3.01804619899586e-137,1.67357765714875,0.477,0.059,7.37972656578467e-133,"17","TET2"
4.99777074334437e-136,2.11237011458006,0.385,0.041,1.22205490216257e-131,"17","KCNK6"
1.42576730975875e-135,1.93705445263591,0.335,0.031,3.4862862258221e-131,"17","CEP170"
2.42819575756647e-135,2.27378173027086,0.326,0.03,5.93742426640153e-131,"17","NIPSNAP3A"
3.41038534287681e-135,2.11416064663903,0.364,0.037,8.33907424040238e-131,"17","OAZ2"
9.30130939204248e-135,1.60811237589712,0.527,0.071,2.27435617254223e-130,"17","STX7"
2.34762574545227e-134,3.3968124197061,0.992,0.894,5.7404144727799e-130,"17","CD74"
2.50112478253235e-134,2.05162033406767,0.481,0.062,6.1157503182481e-130,"17","AHR"
3.19961109707472e-133,2.03077156132675,0.406,0.045,7.82368905456711e-129,"17","RP2"
1.29555523926942e-132,1.97857753900406,0.494,0.065,3.16789167106158e-128,"17","FAM49A"
3.56781155942802e-132,2.0856635260578,0.381,0.041,8.7240128251134e-128,"17","MAFG"
1.35703792854542e-131,1.87303076835007,0.452,0.056,3.31822914287926e-127,"17","DSE"
1.70954915596766e-131,1.97861122337357,0.674,0.118,4.18018959617213e-127,"17","ADA2"
1.25667362359636e-130,2.75761653614249,0.402,0.047,3.07281834441781e-126,"17","CREG1"
6.32693745501525e-130,1.56625154417534,0.469,0.06,1.54706274650033e-125,"17","FUOM"
5.79286547535098e-129,2.07851750109842,0.778,0.163,1.41647146603282e-124,"17","PTPRE"
7.65529685672666e-129,1.96820610211626,0.456,0.058,1.8718731874068e-124,"17","LACTB"
2.35647453358115e-128,1.98754382677204,0.423,0.051,5.76205152951263e-124,"17","SLC25A19"
2.5329843796666e-128,1.79753649493243,0.669,0.116,6.19365340516078e-124,"17","CRTAP"
3.16246236753856e-128,2.28472620762732,0.833,0.21,7.73285298110528e-124,"17","CD83"
3.79592431148175e-127,1.5441417241276,0.364,0.038,9.28179412643518e-123,"17","IGFBP7"
1.61274835986848e-125,2.17136318337947,0.326,0.032,3.9434922895504e-121,"17","CORO1C"
2.96644696487514e-125,1.74800664720339,0.469,0.062,7.2535561185127e-121,"17","CTNNA1"
5.53160724313331e-125,1.90636252328315,0.41,0.049,1.35258860309096e-120,"17","C12orf45"
2.85122829048514e-124,2.10485539759816,0.929,0.295,6.97182341589426e-120,"17","ANXA5"
1.32420590838623e-123,2.1008529562988,0.339,0.035,3.237948287186e-119,"17","CD72"
1.98620895166762e-123,1.93919576578356,0.368,0.041,4.85667812861767e-119,"17","OPN3"
2.36589207272899e-123,1.58239642005048,0.418,0.051,5.78507929623693e-119,"17","NQO2"
5.37450797371445e-122,1.77531294797201,0.402,0.048,1.31417468973266e-117,"17","GRASP"
2.76215735657632e-120,2.01080433584945,0.669,0.127,6.75402716830042e-116,"17","JAML"
2.28764841522638e-119,1.86577097807429,0.632,0.11,5.59375790491154e-115,"17","NAGK"
2.91024220626008e-119,1.98957147693468,0.485,0.07,7.11612424274716e-115,"17","ATF5"
1.16082996469416e-118,2.37878741437337,0.268,0.023,2.83846142967017e-114,"17","METTL7A"
2.96537371640394e-118,1.43620287266423,0.318,0.032,7.25093181135091e-114,"17","TCF4"
3.69411972070076e-118,1.65923685717136,0.427,0.055,9.03286154105751e-114,"17","CCDC50"
4.81725913433421e-117,2.62887060815457,0.95,0.424,1.1779162035274e-112,"17","PSAP"
1.31839371986048e-115,2.41858639081338,0.372,0.045,3.22373632380284e-111,"17","PDE4DIP"
3.15922295889789e-113,1.71838392934937,0.703,0.138,7.72493197909711e-109,"17","HMGA1"
5.57719085617865e-113,1.90528963567377,0.874,0.226,1.3637347081528e-108,"17","RGS10"
4.17738951555103e-111,1.86191667424632,0.649,0.122,1.02145528434254e-106,"17","BLVRB"
8.60975718548412e-111,1.78366384956881,0.36,0.042,2.10525782699458e-106,"17","FRMD4B"
1.23868027225466e-110,2.54710472384246,0.992,0.544,3.02882100171709e-106,"17","SAT1"
4.95070644577809e-110,2.0571389966094,0.347,0.04,1.21054674012166e-105,"17","TBC1D7"
1.8152932642022e-108,1.57955920942802,0.548,0.09,4.43875508962721e-104,"17","PICALM"
2.0246161691892e-106,1.76458232454748,0.364,0.045,4.95059145690142e-102,"17","DBNDD2"
3.86311949840742e-104,1.89948395106185,0.895,0.283,9.44609979750582e-100,"17","SAMHD1"
5.97125131924729e-104,1.50250611635019,0.544,0.092,1.46009037258235e-99,"17","YIF1B"
1.96894640195063e-103,1.63339483561398,0.782,0.185,4.81446774204968e-99,"17","PYCARD"
2.3565823159739e-103,1.59625237259199,0.644,0.125,5.76231507901939e-99,"17","HEXB"
1.09663965626896e-102,1.42018164490198,0.36,0.045,2.68150328750886e-98,"17","BAIAP2"
1.37346430898066e-102,1.68707267570352,0.636,0.127,3.35839492831951e-98,"17","BRI3"
5.87788631851734e-102,2.10454045790176,0.314,0.036,1.43726076260386e-97,"17","TMEM273"
6.10920545056327e-102,1.31989361024451,0.435,0.063,1.49382291677173e-97,"17","PCBD1"
5.67496174983313e-101,1.8734460557629,0.753,0.187,1.3876416470692e-96,"17","IFITM3"
8.41775108142867e-101,1.61202484307517,0.351,0.044,2.05830849443094e-96,"17","AIG1"
1.5219339704664e-100,2.03711725951621,0.87,0.27,3.72143294458444e-96,"17","CTSS"
2.70056273961211e-100,1.4160867099742,0.573,0.102,6.60341601089953e-96,"17","SERPINB6"
2.87805317260276e-100,1.60744309631946,0.339,0.041,7.03741561764827e-96,"17","JAK2"
1.72925690825553e-99,1.65511361430655,0.674,0.146,4.22837899206643e-95,"17","YBX3"
3.00226741524286e-99,1.72474283561045,0.377,0.051,7.34114428375185e-95,"17","QKI"
4.38239457004136e-99,1.88326032312863,0.347,0.044,1.07158312026651e-94,"17","NCF4"
6.19085583556849e-99,2.17448633105565,0.322,0.039,1.51378806891321e-94,"17","MPP1"
7.78191668523804e-99,1.5198187001179,0.544,0.096,1.90283426787441e-94,"17","SNX10"
1.01397083145697e-98,1.65004669677267,0.414,0.06,2.47936147707859e-94,"17","MIR181A1HG"
1.53045824490302e-98,1.68835573317518,0.41,0.06,3.74227650043688e-94,"17","GNA15"
3.06413297386722e-98,1.52018327272135,0.414,0.06,7.49241794770012e-94,"17","SPNS1"
3.53635624844451e-98,1.3844042042394,0.364,0.048,8.64709829869651e-94,"17","SH3TC1"
6.27062978886516e-98,1.92562096126632,0.418,0.063,1.53329439597331e-93,"17","RRP12"
4.3603778974288e-97,1.83328582156254,0.732,0.177,1.06619960347929e-92,"17","MGAT1"
1.85305956023134e-96,1.45321161286334,0.406,0.059,4.53110123667767e-92,"17","SNN"
3.36107763134037e-96,1.77349581549366,0.82,0.226,8.21850702415347e-92,"17","H2AFY"
3.65664867410403e-96,1.70752368414888,0.36,0.048,8.94123733791918e-92,"17","IL18BP"
9.60939552581678e-96,1.80267135737381,0.364,0.049,2.34968939397272e-91,"17","ZMIZ1"
1.76953044555749e-94,2.42663759266278,0.544,0.106,4.32685584547716e-90,"17","GLA"
1.95812462862117e-94,1.77768175304279,0.268,0.029,4.78800634190449e-90,"17","GNG7"
4.56331320434253e-94,1.43075821801697,0.285,0.032,1.11582134472583e-89,"17","SLC12A9"
3.92623572124472e-93,1.51739198784308,0.381,0.054,9.6004315855876e-89,"17","NRROS"
1.35315867729414e-92,1.34344742059247,0.615,0.123,3.30874359771962e-88,"17","APLP2"
1.89019242878445e-92,1.24829855461169,0.452,0.072,4.62189852686373e-88,"17","PLCB2"
5.21730728211054e-92,1.87965890141736,0.259,0.027,1.27573597662167e-87,"17","SNX8"
7.22464046390109e-92,1.64313633911755,0.833,0.229,1.76656908623309e-87,"17","AP2S1"
1.1436863470954e-91,1.34333484511656,0.381,0.055,2.79654185591767e-87,"17","SDCCAG8"
5.05391939648692e-91,3.00699562020645,0.515,0.1,1.23578437082898e-86,"17","LIPA"
6.1561691172954e-91,1.82853616281011,0.285,0.033,1.50530647256107e-86,"17","LILRB1"
6.34541165124683e-91,1.32980297869892,0.46,0.076,1.55158005696288e-86,"17","MANBA"
8.75435236701678e-91,1.73287696616563,0.335,0.044,2.14061424078294e-86,"17","ZFYVE16"
1.09277376422852e-90,2.38978673128057,0.728,0.2,2.67205040829158e-86,"17","SOD2"
1.65900666474961e-90,1.47309076606965,0.728,0.17,4.05660309664574e-86,"17","LAP3"
1.93221429353582e-90,1.71621129634333,0.326,0.042,4.72465039055379e-86,"17","ANTXR2"
5.73728520789633e-90,1.30466439248816,0.623,0.127,1.40288097903481e-85,"17","HACD4"
6.74272917318964e-90,1.60687119464986,0.372,0.054,1.64873213742833e-85,"17","FUCA2"
1.07034505985268e-89,1.42408858705356,0.452,0.075,2.61720774035178e-85,"17","RNPEP"
1.44464735079016e-89,1.57480498702523,0.607,0.126,3.53245170215209e-85,"17","GRINA"
1.78610880017511e-89,1.96481019137974,0.845,0.277,4.36739323818818e-85,"17","LGALS1"
3.54255917239151e-89,1.39483523705292,0.402,0.061,8.66226568833172e-85,"17","MPST"
1.28145367023012e-88,0.904695822137341,0.51,0.091,3.13341051444668e-84,"17","HAVCR2"
2.89721185069089e-88,1.32412105355526,0.615,0.126,7.08426241730936e-84,"17","CNDP2"
4.75205205993249e-88,1.2115861994543,0.707,0.161,1.16197176969469e-83,"17","LYN"
5.78893959101072e-87,1.23285329612441,0.649,0.138,1.41551150879394e-82,"17","COMT"
6.06715880622795e-87,2.38294549676643,0.632,0.156,1.48354167129886e-82,"17","GLUL"
1.56486554057159e-85,1.60500016141626,0.552,0.11,3.82640921980564e-81,"17","REV3L"
2.33771327344722e-85,1.4289429323996,0.665,0.148,5.71617649623314e-81,"17","ATOX1"
2.66352526311752e-85,1.38681006017182,0.762,0.188,6.51285197337495e-81,"17","ATG3"
8.49978016225497e-85,1.60976703542148,0.335,0.047,2.07836624527459e-80,"17","PLIN3"
5.94529953431375e-84,1.74557165829126,0.255,0.029,1.4537446421304e-79,"17","CFD"
1.37787213035094e-83,1.44695901528115,0.372,0.056,3.36917293313412e-79,"17","PACSIN2"
1.75931895563154e-83,1.68080602842794,0.962,0.482,4.30188671031025e-79,"17","S100A11"
3.32924643782594e-83,2.2790633651013,0.699,0.208,8.14067338977198e-79,"17","GPR183"
4.36110789198623e-83,1.41168343804826,0.431,0.073,1.06637810174847e-78,"17","MEF2A"
8.03292608924707e-83,1.41913662972962,0.552,0.112,1.96421108734269e-78,"17","MYD88"
1.39768114136445e-82,1.39272946784812,0.519,0.099,3.41760992686435e-78,"17","NAAA"
2.59706431433203e-82,1.38004577019339,0.397,0.064,6.35034166140467e-78,"17","HPS5"
2.60744222641765e-82,1.15189351318137,0.444,0.076,6.37571773203643e-78,"17","GLB1"
4.29852017019236e-82,1.23654014680699,0.293,0.037,1.05107415201544e-77,"17","TRPS1"
7.32232764995091e-82,1.63693868796015,0.858,0.296,1.790455556966e-77,"17","TYROBP"
3.7672588181657e-81,1.74122726550687,0.251,0.029,9.21170126217878e-77,"17","KLHL6"
3.82702831955574e-81,1.23912325896814,0.368,0.057,9.3578496469777e-77,"17","TSPAN3"
6.99841921920064e-81,1.36926811879939,0.331,0.047,1.71125346747894e-76,"17","UBE2R2"
1.3475370374208e-80,1.63752251874558,0.799,0.24,3.29499756390134e-76,"17","CEBPD"
1.40826474296159e-80,1.45249084789206,0.377,0.06,3.44348894948967e-76,"17","AHCY"
1.48494919765434e-80,1.58158787888314,0.28,0.035,3.63099777810439e-76,"17","APAF1"
2.24902822914511e-80,1.53276103600696,0.272,0.033,5.49932382590563e-76,"17","NFKBIE"
5.62907433485486e-80,1.47739854250157,0.305,0.041,1.37642125635871e-75,"17","TOMM34"
1.04378925307686e-79,1.66793857469198,0.787,0.235,2.55227348162354e-75,"17","PLEK"
1.57004491353065e-79,1.42315085985783,0.477,0.09,3.83907382256515e-75,"17","SLC25A33"
5.83029205398354e-79,1.75764095415798,0.623,0.148,1.42562301304006e-74,"17","ASAH1"
8.61275760034366e-79,1.79195433500242,0.715,0.2,2.10599148843603e-74,"17","RILPL2"
1.30296207878611e-78,1.3388235042477,0.385,0.063,3.1860028750478e-74,"17","GNS"
4.52369849580996e-78,1.08909833756448,0.527,0.107,1.10613475619545e-73,"17","NFKBID"
5.31178555819833e-78,1.44647526657083,0.251,0.03,1.29883780469065e-73,"17","AFF3"
6.53647166569532e-78,1.28322274150445,0.552,0.115,1.59829805169582e-73,"17","ACAA1"
6.75796279980905e-78,1.55632447554137,0.556,0.12,1.65245706380931e-73,"17","IRF8"
1.08556926973671e-77,1.16526917835139,0.381,0.062,2.6544339783602e-73,"17","EIF4EBP1"
1.13833161655032e-77,1.42308821384494,0.289,0.038,2.78344846878884e-73,"17","F11R"
1.98851645675336e-77,1.41278585510352,0.268,0.034,4.86232044005332e-73,"17","G6PC3"
1.06867528206706e-76,1.46140249781933,0.971,0.602,2.61312479971037e-72,"17","GABARAP"
1.88550961871459e-76,1.3528632857357,0.331,0.049,4.61044811968091e-72,"17","TNFRSF10B"
2.60149626289374e-76,1.55692406301774,0.322,0.047,6.36117866202778e-72,"17","CRYL1"
1.24823636315545e-75,1.20854565421417,0.565,0.122,3.0521875551877e-71,"17","HEXA"
2.20333014065288e-75,1.08110328184418,0.427,0.076,5.38758285992441e-71,"17","MICAL1"
3.3451574544331e-75,1.14424275532423,0.343,0.053,8.17957900757981e-71,"17","TRAF7"
3.940647701452e-75,1.42777805028779,0.477,0.093,9.63567175959043e-71,"17","GNG10"
3.9422747986449e-75,1.26750936667875,0.322,0.048,9.63965033764652e-71,"17","HAUS4"
1.08346046733736e-74,1.16032285120154,0.431,0.078,2.64927753473331e-70,"17","POU2F2"
2.22395196761016e-74,1.28387009263407,0.674,0.169,5.43800735120036e-70,"17","LIMS1"
3.79576017790542e-74,1.162607576663,0.531,0.111,9.28139278701433e-70,"17","UVRAG"
1.09089307039368e-73,1.27984634848985,0.351,0.056,2.66745173572662e-69,"17","PLXNC1"
2.35003633419752e-73,1.1206228098587,0.377,0.063,5.74630884437979e-69,"17","MBOAT7"
2.5247612856801e-73,1.04928073441862,0.439,0.081,6.17354629574497e-69,"17","CUX1"
5.80449749952886e-73,1.05324095988648,0.427,0.077,1.4193157285848e-68,"17","RASSF2"
1.05583850490801e-72,1.24778826283917,0.506,0.105,2.58173631220106e-68,"17","NABP1"
1.132598778325e-72,1.53739159675825,0.272,0.036,2.76943053276028e-68,"17","ARHGAP5"
1.1567343191536e-72,1.14521228648953,0.594,0.135,2.82844675719439e-68,"17","PTRHD1"
1.46902956447892e-72,1.54609463295954,0.87,0.357,3.59207109106384e-68,"17","RNASET2"
1.81217756615193e-72,1.79485893722883,0.368,0.063,4.43113658475471e-68,"17","HPS3"
1.86099831623956e-72,1.2900828734302,0.795,0.224,4.55051308286898e-68,"17","PGLS"
2.11851735152182e-72,1.07658936071701,0.427,0.078,5.18019862794115e-68,"17","FEZ2"
3.50562254165209e-72,1.12593137342168,0.628,0.147,8.57194823884768e-68,"17","RBPJ"
1.79420852696303e-71,1.24073091822154,0.326,0.051,4.38719869012999e-67,"17","TAX1BP3"
2.19363078664586e-71,1.51527028285737,0.757,0.225,5.36386599950645e-67,"17","ATP2B1"
2.29663219524134e-71,1.28730270255335,0.427,0.08,5.61572504380412e-67,"17","IFT20"
5.76740288744878e-71,1.7367827594724,0.987,0.729,1.41024535403898e-66,"17","VIM"
7.65907066735348e-71,1.30987908356027,0.561,0.125,1.87279595958127e-66,"17","SPAG9"
8.82443481646883e-71,1.4210223177927,0.285,0.04,2.15775080132296e-66,"17","BX284668.5"
8.88948050056389e-71,1.08332339529238,0.586,0.133,2.17365577199788e-66,"17","DNAJC4"
8.97784682978425e-71,1.11561522270941,0.615,0.144,2.19526310681884e-66,"17","VPS35"
1.04916552474024e-70,1.40890299285396,0.444,0.087,2.56541954109484e-66,"17","DRAM2"
1.60809551011463e-70,1.08414799214718,0.665,0.163,3.9321151413323e-66,"17","PRDX3"
2.30885719254529e-70,1.52467864004328,0.331,0.053,5.64561760721173e-66,"17","TPMT"
2.94736839858597e-70,1.31306637881688,0.51,0.109,7.20690520822241e-66,"17","KLF10"
6.83320703203865e-70,0.701157051190164,0.527,0.111,1.67085578347409e-65,"17","LAT2"
3.5115047424757e-69,1.16320225175925,0.431,0.083,8.58633139630158e-65,"17","UBE2E1"
5.16831704877416e-69,1.34998824888815,0.331,0.053,1.26375688476626e-64,"17","PARVB"
1.06619907962347e-68,1.20757399571141,0.628,0.152,2.6070699894953e-64,"17","AKR1A1"
2.15374669845088e-68,1.06788839367397,0.615,0.147,5.26634142705209e-64,"17","LAMTOR2"
2.55673915832139e-68,1.14449007273534,0.377,0.066,6.25173858992747e-64,"17","CPQ"
2.66363261497488e-68,1.25457649563702,0.812,0.242,6.51311447013658e-64,"17","ZYX"
4.20132378808343e-68,1.76840266202373,0.251,0.034,1.02730769266216e-63,"17","MCOLN1"
7.63230319405137e-68,1.42392981301403,0.523,0.119,1.86625077700944e-63,"17","RALA"
8.84815401892114e-68,1.79486494670473,0.833,0.308,2.1635506207066e-63,"17","SERPINB1"
9.52362970242166e-68,1.3721594496896,0.678,0.182,2.32871793483614e-63,"17","BNIP3L"
1.04790082899594e-67,1.26760383841438,0.268,0.037,2.56232710706088e-63,"17","SPECC1"
1.39035889082949e-67,1.54908918676706,0.954,0.486,3.39970555985627e-63,"17","COTL1"
1.4812050884392e-67,1.09785209562111,0.552,0.126,3.62184268225153e-63,"17","FGR"
5.56837106493278e-67,1.33804225875813,0.285,0.042,1.36157809279736e-62,"17","NBPF14"
5.6005355262221e-67,1.04738094910517,0.397,0.074,1.36944294687183e-62,"17","STK38L"
1.32113655196839e-66,0.974424550688056,0.351,0.06,3.23044309687311e-62,"17","COMMD9"
1.33278356526442e-66,1.44932092234456,0.925,0.451,3.25892237378457e-62,"17","NME2"
2.12849021942147e-66,1.19283516048518,0.414,0.08,5.20458428452938e-62,"17","ACOT9"
2.29918274595169e-66,1.0824123669808,0.297,0.045,5.62196165040108e-62,"17","CLN8"
3.83220560632493e-66,1.1504604260803,0.356,0.062,9.37050914858571e-62,"17","RCC2"
4.21793771528141e-66,1.13928346667048,0.515,0.114,1.03137013014061e-61,"17","PLEKHO1"
6.4790094156913e-66,0.952611906156413,0.519,0.113,1.58424738232484e-61,"17","CAMK1D"
6.89978246608807e-66,1.55912455950113,0.28,0.042,1.68713480860785e-61,"17","ATP13A3"
1.15007276524549e-65,1.48915189564797,0.322,0.053,2.81215792557828e-61,"17","TPRA1"
1.18443617644969e-65,1.34042878083039,0.808,0.265,2.89618333865478e-61,"17","RNH1"
1.24603679887175e-65,1.25148636529289,0.285,0.043,3.0468091806012e-61,"17","MSRA"
1.25325417536489e-65,1.31811135896988,0.561,0.133,3.06445710960224e-61,"17","MALT1"
1.32178491675843e-65,1.14320735996381,0.318,0.052,3.23202847845771e-61,"17","NAPRT"
1.56788610589248e-65,1.28668673856585,0.326,0.054,3.83379510612828e-61,"17","HOTAIRM1"
1.59938593898408e-65,1.21847293036028,0.674,0.182,3.91081849800387e-61,"17","PABPC4"
1.71059097284138e-65,1.47415280497482,0.276,0.041,4.18273704679175e-61,"17","BCKDK"
5.76476222556343e-65,1.06576789585985,0.381,0.071,1.40959965939477e-60,"17","LDLRAD4"
9.61293888315258e-65,1.6395420853624,0.82,0.306,2.35055581570847e-60,"17","ANXA2"
1.29323825011591e-64,1.0010556907858,0.36,0.064,3.16222616918343e-60,"17","NIPSNAP2"
1.49987549226632e-64,2.1376475997013,0.874,0.338,3.6674955536896e-60,"17","SNX3"
1.63313542000493e-64,0.949019166262492,0.402,0.077,3.99334272899606e-60,"17","NSMAF"
3.24496998438979e-64,1.60241529506759,0.326,0.056,7.93460060582991e-60,"17","FAM210A"
3.29720017977999e-64,2.15711060799477,0.749,0.298,8.06231387959803e-60,"17","INSIG1"
3.54722786061075e-64,1.39168553326868,0.251,0.035,8.67368156476541e-60,"17","ITGA5"
3.65328911110372e-64,1.43851661955906,0.364,0.067,8.9330225344708e-60,"17","NME4"
5.0075253167366e-64,1.40743524368472,0.285,0.044,1.22444009044843e-59,"17","GNPDA1"
6.15125828255258e-64,1.22103573424361,0.582,0.142,1.50410567524976e-59,"17","FAM96A"
7.75523530171472e-64,1.41111659923265,0.393,0.076,1.89631013597528e-59,"17","SPATS2L"
1.15612624837497e-63,1.33214448321405,0.87,0.311,2.82695990252647e-59,"17","SYNGR2"
2.0730929734456e-63,1.84138608725524,0.749,0.3,5.06912693866918e-59,"17","CDKN1A"
8.98636200159083e-63,1.08277408516709,0.561,0.134,2.19734523662899e-58,"17","SPG21"
1.90874323788914e-62,1.2362301573096,0.331,0.057,4.66725896528652e-58,"17","MIR22HG"
2.07278898880586e-62,1.16142389740083,0.259,0.038,5.06838363542808e-58,"17","SSFA2"
2.20300524889961e-62,1.05485412341041,0.389,0.075,5.38678843460933e-58,"17","RIPK2"
2.94231796547529e-62,0.784031548560871,0.502,0.111,7.19455588918018e-58,"17","ZNF106"
4.39942653859908e-62,1.33644145571897,0.36,0.067,1.07574777721825e-57,"17","MCUR1"
5.72042184482178e-62,1.47096953681487,0.251,0.036,1.39875754949582e-57,"17","WDR41"
7.16942645942506e-62,1.33481223712484,0.908,0.38,1.75306815785862e-57,"17","RAC1"
1.62666572524462e-61,1.20901864822289,0.264,0.039,3.97752303136814e-57,"17","SERPINB8"
1.93815627746516e-61,1.17401977982251,0.264,0.039,4.73917972965782e-57,"17","BICD2"
3.66391815114723e-61,2.03818500047715,0.87,0.402,8.95901266318521e-57,"17","NEAT1"
4.81813595743088e-61,1.03104883400362,0.293,0.047,1.178130604311e-56,"17","CCDC6"
1.1320467245865e-60,1.23932669736559,0.264,0.04,2.7680806509589e-56,"17","APOBR"
1.15426277894327e-60,1.34696492464571,0.268,0.041,2.82240334707209e-56,"17","ARHGAP31"
1.16412635641907e-60,0.833850747177894,0.644,0.166,2.8465217667159e-56,"17","NDUFB5"
1.31528426273649e-60,1.25977249233029,0.36,0.068,3.21613307924325e-56,"17","TRMT6"
2.1262723125247e-60,2.69505394500066,0.987,0.914,5.19916105858541e-56,"17","FTL"
3.23589986477891e-60,1.05394416305639,0.255,0.038,7.91242234935739e-56,"17","SRGAP2"
5.02912608331098e-60,1.06463642112477,0.414,0.085,1.2297219098912e-55,"17","UNC119"
5.06531037758207e-60,0.967859557650839,0.31,0.053,1.23856969352637e-55,"17","GALK1"
8.44498193546795e-60,0.814904883311019,0.264,0.04,2.06496698286062e-55,"17","APP"
9.94424007438727e-60,1.51034901639199,0.766,0.275,2.43156558298918e-55,"17","NAMPT"
1.33486121176678e-59,0.953989368333184,0.548,0.133,3.26400263501213e-55,"17","BLOC1S6"
5.45758464522229e-59,1.08084806920859,0.502,0.119,1.33448859744975e-54,"17","BACH1"
5.52436367385164e-59,0.921167451177886,0.326,0.058,1.3508174055302e-54,"17","CTNNBIP1"
7.83918083095318e-59,1.26907309035535,0.318,0.056,1.91683649678467e-54,"17","SCPEP1"
1.80976287798828e-58,1.20469132726854,0.28,0.045,4.42523218925693e-54,"17","TCEAL4"
1.90032880893824e-58,0.949194546239946,0.347,0.065,4.64668400361577e-54,"17","RELT"
2.18808322426067e-58,1.13813394076817,0.456,0.102,5.35030109996219e-54,"17","SH3BP5"
2.19771142255014e-58,0.951248115291358,0.594,0.153,5.37384397041959e-54,"17","PTMS"
3.16738068371368e-58,1.37339179657712,0.305,0.053,7.7448792478167e-54,"17","AMPD2"
4.16093324102198e-58,1.12906976347863,0.393,0.081,1.01743139609469e-53,"17","MXD1"
5.98971846369992e-58,0.713379496014055,0.481,0.108,1.4646059587439e-53,"17","TNFRSF1A"
6.09219470735832e-58,1.02061523356698,0.636,0.186,1.48966344984326e-53,"17","BCL2A1"
7.9843426119967e-58,1.08950945147709,0.975,0.75,1.95233145548543e-53,"17","YBX1"
8.26400484256561e-58,1.1578303911825,0.519,0.126,2.02071446410414e-53,"17","ATP6V1B2"
8.63519527042516e-58,1.25532578508215,0.385,0.078,2.11147794752436e-53,"17","ABHD12"
1.09158552709039e-57,1.64869547212704,0.314,0.057,2.66914493084141e-53,"17","BAG3"
2.22905819108821e-57,0.870133911626006,0.356,0.068,5.45049308884889e-53,"17","RAPGEF1"
3.11835501159824e-57,1.29359920936028,0.335,0.063,7.62500167436002e-53,"17","CCRL2"
6.02615066069982e-57,1.14484511357305,0.314,0.056,1.47351435955432e-52,"17","WDFY2"
6.62207478033322e-57,0.935962569199584,0.31,0.055,1.61922972528708e-52,"17","SMIM20"
8.16213063663763e-57,1.07869136372104,0.368,0.073,1.99580418327063e-52,"17","TRMT1"
1.320341005251e-56,0.960875315208619,0.448,0.1,3.22849782603975e-52,"17","EPN1"
1.36588102404653e-56,1.12482864175258,0.77,0.245,3.33985227999857e-52,"17","RTN4"
1.46652298783391e-56,1.20817194081284,1,0.964,3.58594200985149e-52,"17","FTH1"
2.11314836875203e-56,1.00498107098467,0.289,0.049,5.16707039127245e-52,"17","RALB"
2.73258894951373e-56,1.49104115257009,0.255,0.04,6.68172649935096e-52,"17","SETDB2"
3.65213713404954e-56,0.976784221311195,0.724,0.213,8.93020572017794e-52,"17","TKT"
5.08672160444617e-56,1.11224673878767,0.339,0.065,1.24380516671918e-51,"17","TOR3A"
1.78873951804885e-55,0.825946659315831,0.289,0.049,4.37382586953305e-51,"17","PPP1R14B"
3.47397907348495e-55,1.22180283933242,0.879,0.336,8.4945736304854e-51,"17","GDI2"
9.91302410102846e-55,1.27574275021604,0.276,0.047,2.42393265318348e-50,"17","OAS1"
1.86804700106003e-54,1.41354520151253,0.289,0.051,4.567748526992e-50,"17","LYRM4"
1.90501090007896e-54,1.2187537926359,0.72,0.247,4.65813265287306e-50,"17","NR4A1"
2.36122054379218e-54,1.03695072696669,0.297,0.053,5.77365647368063e-50,"17","HSD17B4"
1.21314716274091e-53,0.790618171486364,0.418,0.092,2.96638744233407e-49,"17","NDUFS4"
2.3113805991452e-53,1.13722882488098,0.753,0.25,5.65178784102985e-49,"17","ATP6V0D1"
3.46888102419431e-53,1.33202056329256,0.305,0.057,8.48210788035992e-49,"17","NRIP1"
3.95765353954829e-53,1.23088350314947,0.845,0.317,9.67725443490349e-49,"17","CMTM6"
4.34023565448588e-53,0.769614792614048,0.423,0.094,1.06127442223489e-48,"17","NUDT3"
4.39521065050091e-53,0.938998218223609,0.259,0.043,1.07471690826048e-48,"17","ZNF672"
1.47964740918614e-52,1.23793527105552,0.289,0.052,3.61803384494196e-48,"17","ACSL1"
2.11413368502002e-52,1.3759775731428,0.347,0.072,5.16947968661096e-48,"17","ATP2B1-AS1"
7.28663606103431e-52,1.06961340191638,0.866,0.325,1.78172824964411e-47,"17","ATP6V0B"
7.77430782309389e-52,0.88261074096455,0.326,0.064,1.90097374890292e-47,"17","SGK3"
8.96207852179426e-52,0.982313725799678,0.276,0.048,2.19140744014913e-47,"17","EHBP1L1"
9.81422780324048e-52,0.889750450841557,0.745,0.232,2.39977498244836e-47,"17","TMEM123"
1.4064586666427e-51,0.878799603002683,0.289,0.052,3.43907273167472e-47,"17","DERA"
1.62666430707477e-51,1.61910748039616,0.276,0.05,3.97751956365924e-47,"17","SCARB2"
1.87294083263683e-51,0.66061979327802,0.448,0.105,4.57971492396358e-47,"17","DNPH1"
2.81701726760017e-51,0.798707140489229,0.464,0.113,6.88817062273595e-47,"17","NBPF26"
9.40702917081207e-51,1.1549114509783,0.439,0.106,2.30020677284697e-46,"17","GPR137B"
1.867082108129e-50,0.831243050582217,0.389,0.086,4.56538917079704e-46,"17","STX12"
2.13879045521571e-50,0.824628377429486,0.452,0.108,5.22977042109344e-46,"17","DENND1B"
2.57080096937045e-50,0.662015822635132,0.339,0.069,6.28612253030462e-46,"17","FCHSD2"
3.33953783619487e-50,1.34333016031127,0.268,0.047,8.1658379170637e-46,"17","INPP1"
6.26584569386008e-50,1.08419937640015,0.64,0.194,1.53212458906267e-45,"17","YWHAH"
6.7735268996785e-50,1.11270237474329,0.515,0.139,1.65626279750939e-45,"17","ICAM1"
7.79725062249142e-50,1.28869158959859,0.649,0.216,1.9065837222116e-45,"17","STX11"
7.93770916019234e-50,0.723631873521799,0.452,0.109,1.94092864385023e-45,"17","DUSP23"
1.16944935751007e-49,1.28584357333045,0.958,0.576,2.85953756898363e-45,"17","GSTP1"
1.38005756860366e-49,0.76406588054871,0.322,0.064,3.37451676674967e-45,"17","AFF1"
1.66593185395702e-49,0.693311548445634,0.665,0.192,4.07353656929571e-45,"17","ALKBH7"
2.89835533519277e-49,0.922967015033701,0.64,0.186,7.08705846561337e-45,"17","NCOA4"
3.09636350136076e-49,0.981058972598474,0.301,0.058,7.57122803352733e-45,"17","TICAM1"
3.38173988192652e-49,0.810032847573986,0.385,0.086,8.26903035928674e-45,"17","PPA2"
3.67012887192818e-49,1.04517602820338,0.54,0.149,8.97419911763878e-45,"17","ZNF267"
5.67351029706582e-49,1.0934228709931,0.297,0.057,1.38728673783853e-44,"17","SNRNP25"
6.4361371757507e-49,0.771605801715112,0.331,0.067,1.57376426221456e-44,"17","ANXA4"
6.46806317573334e-49,1.04299988037625,0.318,0.064,1.58157080773032e-44,"17","BLVRA"
9.57517702857796e-49,1.1195743450152,0.582,0.171,2.34132228702788e-44,"17","TUBA1C"
1.67383933590981e-48,0.578601139257484,0.657,0.187,4.09287194416666e-44,"17","KDELR1"
1.71375316410168e-48,0.774221593789439,0.347,0.073,4.19046923686143e-44,"17","CYTH4"
2.42752722415857e-48,0.488463230196606,0.536,0.139,5.93578956851255e-44,"17","FLOT1"
2.89771553841127e-48,1.59117617971315,0.464,0.123,7.08549403452323e-44,"17","PLD3"
3.62378329830042e-48,0.856016931831033,0.987,0.969,8.86087492100419e-44,"17","TMSB10"
3.90513765573255e-48,0.698133262960789,0.272,0.049,9.54884259579724e-44,"17","MED13L"
4.37626068012183e-48,1.09711678225089,0.916,0.441,1.07008326150339e-43,"17","GNG5"
5.45498267420245e-48,0.539236210575299,0.364,0.079,1.33385236349598e-43,"17","MKKS"
5.67737496442374e-48,0.825639817913048,0.485,0.124,1.38823172630089e-43,"17","PTTG1IP"
5.90362535147402e-48,0.675730009528567,0.527,0.14,1.44355447094243e-43,"17","ARF3"
6.57982995485136e-48,0.932342660647464,0.347,0.074,1.60890002056026e-43,"17","NOTCH2"
7.08751906940776e-48,0.747467326944748,0.427,0.102,1.73304016285159e-43,"17","QARS"
7.84793847118061e-48,0.846126102140355,0.368,0.082,1.91897791497308e-43,"17","LEPROT"
9.26342828338635e-48,1.22479897396483,0.351,0.077,2.26509348385363e-43,"17","AVPI1"
1.31919412036987e-47,1.19299287233396,0.707,0.237,3.2256934631284e-43,"17","JMJD1C"
1.56699759125911e-47,0.480123313717719,0.464,0.115,3.83162251014677e-43,"17","RCOR1"
1.64239071451742e-47,0.777162729908202,0.335,0.07,4.01597377513799e-43,"17","SH3BP2"
1.77017675442593e-47,0.623893330984283,0.573,0.158,4.32843619992228e-43,"17","IGFLR1"
1.83383960721506e-47,0.834203470808131,0.343,0.073,4.48410460756228e-43,"17","LINC02256"
1.87138823844997e-47,1.06568148818905,0.757,0.289,4.57591852065786e-43,"17","HSPA1A"
1.94581638955842e-47,0.893466877088362,0.544,0.15,4.75791023574825e-43,"17","SNAP23"
2.0160564565044e-47,0.827206372540426,0.653,0.194,4.92966124744456e-43,"17","PARVG"
3.10991280859154e-47,0.690467351393969,0.485,0.124,7.60435879956804e-43,"17","HDLBP"
4.74044771461512e-47,1.11441061139407,0.594,0.184,1.15913427517769e-42,"17","RAB11FIP1"
4.76869133167275e-47,1.21564346621466,0.335,0.072,1.16604040442062e-42,"17","EDEM1"
4.93213692037559e-47,0.63239388373974,0.477,0.121,1.20600611977024e-42,"17","HOOK3"
5.30590511248597e-47,0.64636902111422,0.49,0.126,1.29739991810507e-42,"17","RGS19"
6.13192439870046e-47,0.768787783161798,0.582,0.169,1.49937815397024e-42,"17","SNX9"
6.92913983478521e-47,0.521772313234167,0.389,0.089,1.69431327240168e-42,"17","PDPK1"
7.86188945097513e-47,0.840240676985084,0.268,0.049,1.92238920855244e-42,"17","SUMF1"
8.46286590568983e-47,0.786391073746064,0.385,0.088,2.06933997125928e-42,"17","IMPDH1"
1.74209462017873e-46,0.905427355318987,0.343,0.075,4.25976976526102e-42,"17","NUMB"
1.94103510384351e-46,0.560450869504365,0.498,0.129,4.74621903591815e-42,"17","CAMTA1"
2.03454509069767e-46,0.898620695969381,0.305,0.062,4.97486965577395e-42,"17","BAZ2B"
2.06757785596766e-46,0.803730487949018,0.456,0.116,5.05564137341212e-42,"17","UBL7"
5.89398195486375e-46,0.751124100015141,0.381,0.088,1.44119646760328e-41,"17","FNIP1"
6.03810209427266e-46,0.844083456273498,0.28,0.054,1.47643672409155e-41,"17","SORBS3"
6.19904199577912e-46,1.00410917298148,0.276,0.053,1.51578974880791e-41,"17","SNX29"
7.91799911067053e-46,0.679581736020295,0.456,0.116,1.93610914254116e-41,"17","KCTD20"
1.08219962818188e-45,0.802333373010573,0.293,0.058,2.64619453083033e-41,"17","GSAP"
1.38803661677168e-45,0.769454714352867,0.456,0.116,3.39402713533011e-41,"17","MIF4GD"
1.80105629050635e-45,0.588629492344673,0.452,0.114,4.40394284154613e-41,"17","PTPN18"
1.87225845383884e-45,0.872204535029036,0.427,0.107,4.57804637132673e-41,"17","OXSR1"
1.8741139054498e-45,0.985297275998908,0.264,0.049,4.58258332160585e-41,"17","CARD19"
1.8977866304929e-45,1.31424123251742,0.305,0.064,4.64046786888124e-41,"17","LAIR1"
2.62610744759952e-45,1.06609415923567,0.46,0.121,6.42135793087035e-41,"17","PGD"
2.9870607019804e-45,1.1077635639803,0.251,0.046,7.30396082848247e-41,"17","UBASH3B"
3.10963238242524e-45,0.53853362803595,0.485,0.126,7.60367310150619e-41,"17","ESD"
3.9088932839747e-45,1.24050587988009,0.657,0.227,9.55802585797494e-41,"17","PPA1"
4.26673572856824e-45,0.899701671735002,0.28,0.055,1.04330222034951e-40,"17","GGCT"
6.50711070720935e-45,1.01810589216812,0.502,0.139,1.59111871012683e-40,"17","UPF2"
6.54381473391571e-45,0.800988843562553,0.28,0.055,1.60009357873707e-40,"17","TOR2A"
7.53697296876058e-45,0.958947114083171,0.285,0.056,1.84294063032134e-40,"17","NFIC"
1.14043164155695e-44,0.840502135230148,0.644,0.194,2.78858344993505e-40,"17","HSBP1"
1.2240502430478e-44,0.621183307125789,0.31,0.064,2.99304765430048e-40,"17","NCOR2"
1.55887451404891e-44,0.683760690422553,0.31,0.064,3.81175996175239e-40,"17","KDSR"
2.14059280339134e-44,0.871530563032354,0.661,0.211,5.23417752285249e-40,"17","GNA13"
2.27427963536067e-44,0.54906708353896,0.452,0.115,5.5610685643839e-40,"17","ERCC1"
2.7516258679693e-44,0.82912740732013,0.36,0.082,6.72827557235852e-40,"17","DHRS4"
2.78627130882145e-44,0.801533855823086,0.724,0.237,6.81299060433022e-40,"17","LAMTOR1"
3.27359479167523e-44,0.839307189482464,0.49,0.133,8.00459398460427e-40,"17","RNF13"
3.41134183545454e-44,0.515807010601129,0.519,0.141,8.34141305605345e-40,"17","RAP2B"
3.76874933230933e-44,0.942262362760979,0.762,0.261,9.21534586736278e-40,"17","TALDO1"
3.8728796011462e-44,0.64304102254534,0.339,0.075,9.46996520072269e-40,"17","PLEC"
4.04153909619587e-44,0.969359684514632,0.498,0.139,9.88237139801814e-40,"17","ETV3"
4.26015917204089e-44,0.373659434766381,0.628,0.184,1.04169412074744e-39,"17","CORO1B"
6.56602987343419e-44,0.415154481653377,0.548,0.152,1.60552562465213e-39,"17","HPS1"
7.25761232555233e-44,0.713782167229502,0.619,0.185,1.77463136584406e-39,"17","NENF"
8.8037042282774e-44,0.652277033524518,0.473,0.124,2.15268175789839e-39,"17","SFT2D2"
9.65715882079508e-44,0.731514592304191,0.264,0.05,2.36136847486081e-39,"17","BRI3BP"
1.36735432982717e-43,0.764064537403625,0.452,0.117,3.34345480729339e-39,"17","MAP2K1"
1.48808637752254e-43,0.587266106781488,0.36,0.083,3.63866881031811e-39,"17","CSGALNACT2"
1.61118207248438e-43,0.572779889771711,0.481,0.128,3.93966240363882e-39,"17","AKR7A2"
1.70173389623509e-43,0.614607430815862,0.515,0.142,4.16107972307404e-39,"17","APPL1"
1.73387278456705e-43,0.719016910939828,0.736,0.235,4.23966573282336e-39,"17","VPS29"
1.99738446260732e-43,0.754706312213556,0.318,0.069,4.88400448796741e-39,"17","CREBL2"
3.57574322010682e-43,0.655742144970839,0.59,0.174,8.74340732180521e-39,"17","TRAPPC5"
3.69116775261052e-43,0.690343092560558,0.481,0.13,9.02564338868323e-39,"17","MYO9B"
4.00152181651492e-43,0.756801094963937,0.464,0.125,9.78452114574229e-39,"17","GUSB"
4.15237382176312e-43,0.633865950931763,0.289,0.059,1.01533844689752e-38,"17","TATDN1"
4.43879307998215e-43,0.775491664125602,0.561,0.164,1.08537368391723e-38,"17","SMS"
4.67121814170496e-43,0.703510610983138,0.368,0.087,1.1422062600097e-38,"17","CBWD1"
5.4787814745641e-43,0.629182369698039,0.414,0.104,1.33967164616041e-38,"17","VMA21"
6.43261341167211e-43,0.737138970654272,0.414,0.105,1.57290263142207e-38,"17","MIS18BP1"
1.50828800662085e-42,0.573153870094957,0.46,0.121,3.68806583378931e-38,"17","AP3D1"
2.14598638183256e-42,0.7435423191213,0.49,0.134,5.24736590085698e-38,"17","PFKL"
2.94105238218274e-42,0.820441599489406,0.695,0.225,7.19146128491324e-38,"17","CAPZA2"
3.05076840709449e-42,0.812721281243492,0.314,0.069,7.45973890902745e-38,"17","SMIM14"
4.36293679594912e-42,1.06950146057154,0.285,0.059,1.06682530534548e-37,"17","NME1"
5.37880294639363e-42,1.26405455755463,0.498,0.15,1.31522489645217e-37,"17","RASGEF1B"
5.46148412802039e-42,1.11827161156288,0.276,0.056,1.33544209898355e-37,"17","RASSF3"
6.31396431479976e-42,0.742359381354653,0.464,0.126,1.54389055425484e-37,"17","LTA4H"
8.57492825650229e-42,0.851476027742532,0.824,0.31,2.09674145727994e-37,"17","SEC11A"
1.61482391255974e-41,0.903015302076542,0.339,0.079,3.94856743099108e-37,"17","CTBS"
1.92808218772746e-41,0.718644341745539,0.686,0.224,4.71454656543119e-37,"17","CHCHD10"
2.14122390443723e-41,0.51737112701813,0.381,0.093,5.23572069112992e-37,"17","RRBP1"
2.55356988058382e-41,0.749194923602027,0.477,0.132,6.24398907200357e-37,"17","SKAP2"
2.57915062028821e-41,0.555230093626462,0.305,0.066,6.30653909672872e-37,"17","BCL2L13"
3.28181049915086e-41,0.502934907994501,0.456,0.121,8.02468303252368e-37,"17","ELMO1"
3.2886164520062e-41,0.784270011608805,0.351,0.083,8.04132494844556e-37,"17","AP1B1"
3.72753546624661e-41,1.05030297065077,0.849,0.372,9.11456972206621e-37,"17","NAP1L1"
4.70759565994312e-41,1.24950064269037,0.715,0.283,1.15110129076929e-36,"17","CHMP1B"
5.76231890876954e-41,0.56441492939191,0.397,0.1,1.40900221957233e-36,"17","DNAJB12"
7.84463648245653e-41,0.713383308008601,0.285,0.06,1.91817051269027e-36,"17","MEMO1"
8.12956189738769e-41,1.12052691576942,0.264,0.053,1.98784047514924e-36,"17","PRKCD"
9.58413337138881e-41,0.827917515142123,0.674,0.226,2.34351229197199e-36,"17","ARRB2"
9.72165208565343e-41,1.09109291760087,0.741,0.312,2.37713836798398e-36,"17","FOSB"
1.55952886559156e-40,0.746891208597175,0.778,0.275,3.81335998214449e-36,"17","CNPY3"
1.87429732616818e-40,0.593629997353663,0.259,0.052,4.58303182194643e-36,"17","MAPK6"
2.13069993810886e-40,0.612390546795648,0.343,0.081,5.20998748866379e-36,"17","DELE1"
3.52845881469277e-40,0.957360070215457,0.95,0.644,8.62778749368677e-36,"17","ARPC1B"
3.97454018293719e-40,0.791425028675074,0.573,0.176,9.71854565531802e-36,"17","GSTO1"
4.43854246670539e-40,0.698093977983013,0.699,0.235,1.0853124039588e-35,"17","TMEM219"
4.65033320170862e-40,0.728373220238644,0.435,0.117,1.13709947448179e-35,"17","MX2"
5.91670103562836e-40,0.661546487642633,0.347,0.083,1.44675173723185e-35,"17","VAMP3"
7.99265827720186e-40,0.509239930168547,0.54,0.158,1.9543648019414e-35,"17","TXN2"
1.07203844496758e-39,0.577118003344993,0.285,0.061,2.62134840563472e-35,"17","PGM2"
1.32278018534665e-39,0.345688805536366,0.427,0.112,3.23446210920962e-35,"17","AD000671.2"
2.31109563491248e-39,0.599021392540235,0.351,0.085,5.65109104648799e-35,"17","GINM1"
2.46186928085029e-39,0.597593629873674,0.276,0.058,6.01976276553513e-35,"17","ACSL4"
2.47142611088603e-39,0.867683984267063,0.268,0.056,6.04313112633853e-35,"17","ADAM17"
2.52863912215057e-39,0.750314069940351,0.272,0.057,6.18302838148257e-35,"17","CHP1"
2.79305410302921e-39,1.12465711006415,0.816,0.371,6.82957589272702e-35,"17","PPP1R15A"
5.18045158499428e-39,0.619094969198288,0.318,0.073,1.2667240215628e-34,"17","TMEM131"
5.2295728142271e-39,0.598365862941018,0.594,0.185,1.27873514453481e-34,"17","OXA1L"
5.85439438725995e-39,0.39813882532958,0.402,0.104,1.4315165155728e-34,"17","RAB24"
6.44746334655904e-39,0.537232232725164,0.41,0.107,1.57653373750062e-34,"17","CRK"
7.40410420599198e-39,0.607162194364475,0.314,0.072,1.81045156044916e-34,"17","TBC1D22A"
9.77279720357785e-39,0.829979712084112,0.389,0.103,2.38964437221886e-34,"17","ARL5B"
1.06486292762857e-38,0.77613140684176,0.339,0.082,2.60380283063737e-34,"17","FOXO3"
1.10811363140716e-38,0.391494428879566,0.485,0.137,2.7095594515168e-34,"17","HADHB"
1.13908345755117e-38,0.886862489550622,0.268,0.057,2.78528687040411e-34,"17","CBL"
1.41102160550745e-38,0.874877963950625,0.556,0.174,3.45023002978681e-34,"17","ARL8B"
1.47233589818414e-38,0.729507493565487,0.699,0.238,3.60015573823986e-34,"17","SSR1"
2.2470664984742e-38,0.63028343361229,0.351,0.087,5.49452700206913e-34,"17","MPDU1"
2.36105246183058e-38,1.20885493232905,0.331,0.081,5.77324547966814e-34,"17","PELI1"
2.40991414804637e-38,0.496326837776019,0.46,0.128,5.89272207480297e-34,"17","NDUFS2"
7.27052809749078e-38,0.752418832202965,0.314,0.074,1.77778953039845e-33,"17","DUSP22"
1.09904392256912e-37,0.528644813186634,0.389,0.101,2.68738219946601e-33,"17","GRHPR"
1.15266976766058e-37,0.671296481795327,0.753,0.263,2.81850811588366e-33,"17","HADHA"
1.22277100564709e-37,0.626572172690551,0.377,0.097,2.98991966300827e-33,"17","STK40"
1.37091788473584e-37,0.492485066760948,0.28,0.061,3.35216841175609e-33,"17","SLC25A24"
2.33125227541048e-37,0.550530472697197,0.498,0.147,5.70037806383371e-33,"17","TIMM13"
2.46978975596652e-37,0.697591558565402,0.297,0.068,6.03912991128934e-33,"17","ATF6"
2.60217170005524e-37,0.572993733722445,0.657,0.219,6.36283024097508e-33,"17","ATF4"
2.99642025243424e-37,0.706019888079017,0.381,0.1,7.3268468012522e-33,"17","HSD17B12"
3.0766509424116e-37,0.824031108260754,0.314,0.074,7.52302688438484e-33,"17","CAMK2D"
3.56332502221658e-37,0.874667841913367,0.854,0.364,8.71304234432397e-33,"17","FKBP1A"
3.80481993808688e-37,0.596612314064555,0.314,0.074,9.30354571261003e-33,"17","EEA1"
6.47357897665969e-37,0.573171605038853,0.356,0.09,1.58291953137283e-32,"17","TPD52L2"
6.53522746683495e-37,0.838623303377513,0.816,0.33,1.59799382019048e-32,"17","RAB7A"
7.60628826076661e-37,0.637322525831741,0.251,0.052,1.85988960552265e-32,"17","C3orf58"
7.81987877880181e-37,0.475593422436682,0.603,0.191,1.91211675899262e-32,"17","SUMO3"
9.89544116478317e-37,1.13167201518661,0.845,0.415,2.41963327361278e-32,"17","CSTB"
1.03252817816921e-36,0.952007782712709,0.883,0.392,2.52473790125935e-32,"17","ARPC5"
1.15816518557137e-36,1.47640526219071,0.582,0.212,2.83194551175911e-32,"17","FABP5"
2.92772129422167e-36,0.586950472686322,0.28,0.063,7.15886410863084e-32,"17","IL4I1"
3.01230301079794e-36,0.808276976668628,0.264,0.057,7.36568332200312e-32,"17","ARAP1"
3.28309836175813e-36,0.613756023026616,0.573,0.183,8.02783211417098e-32,"17","ATP6AP1"
5.63524699245514e-36,0.393110955765672,0.548,0.167,1.37793059459513e-31,"17","GNPTG"
6.71047968026645e-36,0.652074334409632,0.573,0.188,1.64084649141875e-31,"17","MRPL18"
7.13523590719853e-36,0.572753602285264,0.653,0.217,1.74470788402818e-31,"17","DNAJC15"
7.73655561131433e-36,0.593369143754482,0.326,0.081,1.89174257807858e-31,"17","NDUFV3"
9.36778088535343e-36,0.575940614718794,0.343,0.087,2.29060978208662e-31,"17","BZW2"
1.09132943060568e-35,0.692754809712205,0.506,0.156,2.668518723717e-31,"17","GLRX"
1.11642166204593e-35,1.35776896858522,0.351,0.094,2.72987424803472e-31,"17","ACP5"
1.36908557377677e-35,0.893234656245309,0.741,0.288,3.34768804499896e-31,"17","GRB2"
1.41907466047694e-35,0.378917630736462,0.297,0.069,3.46992135979821e-31,"17","ADCY7"
1.66439618224311e-35,0.401736724526253,0.397,0.108,4.06978154482086e-31,"17","FLII"
2.8699046929556e-35,0.640088350810043,0.293,0.069,7.01749095521503e-31,"17","NUBP1"
3.08379742174538e-35,0.597584080177473,0.544,0.174,7.54050145565179e-31,"17","GLIPR2"
3.10497885828223e-35,0.659138287912491,0.623,0.212,7.5922943042717e-31,"17","VSIR"
4.10221966233708e-35,0.549414737546432,0.573,0.182,1.00307475183466e-30,"17","APEX1"
5.21245352524846e-35,0.961185824710795,0.87,0.41,1.27454913599375e-30,"17","VAMP8"
5.95270098774521e-35,0.437199243733436,0.49,0.147,1.45555444552346e-30,"17","LYPLA1"
6.01044325644888e-35,0.414001027816549,0.259,0.057,1.46967358506688e-30,"17","CLN3"
7.3401658286961e-35,0.731900790881811,0.272,0.062,1.79481734843277e-30,"17","ATP6V1C1"
9.77917117845928e-35,0.810467513848034,0.335,0.086,2.39120293655686e-30,"17","CD59"
1.51070976421702e-34,0.605311061981813,0.351,0.093,3.69398751546345e-30,"17","CHPT1"
1.55696718940093e-34,0.641746268793066,0.552,0.179,3.80709617152316e-30,"17","CLNS1A"
1.69080862919007e-34,0.552634408398335,0.41,0.116,4.13436526009557e-30,"17","FAM129A"
1.82715165338918e-34,0.590538480641001,0.444,0.13,4.46775122286721e-30,"17","LAMTOR3"
1.89430115413286e-34,0.678710704372707,0.448,0.133,4.63194518208566e-30,"17","NANS"
2.2956131769926e-34,1.17129122829486,0.556,0.199,5.61323334038231e-30,"17","CEBPB"
2.72035993520038e-34,0.525494154946939,0.406,0.114,6.65182411355196e-30,"17","YWHAG"
2.74518413900538e-34,0.598152462619081,0.594,0.197,6.71252425669596e-30,"17","CTNNB1"
3.22312188366903e-34,0.671544299727651,0.251,0.055,7.88117762994751e-30,"17","ZNF524"
3.34845767091664e-34,0.369842360526543,0.456,0.133,8.18764869692537e-30,"17","MTMR14"
3.42478304036191e-34,0.493670417197316,0.427,0.123,8.37427949029294e-30,"17","ECHS1"
3.67171036325477e-34,1.02546488694295,0.649,0.27,8.97806618023056e-30,"17","LMNA"
4.82325394856297e-34,1.13032528803736,0.485,0.158,1.17938205550262e-29,"17","SLAMF7"
4.88531053955638e-34,0.507342554758441,0.46,0.138,1.19455613313233e-29,"17","SCNM1"
5.102957783015e-34,0.368880695316346,0.473,0.141,1.24777523710283e-29,"17","PQLC3"
6.28295878990771e-34,0.490486157019164,0.339,0.088,1.53630908330823e-29,"17","CMIP"
6.31527681981853e-34,0.733333696076023,0.285,0.068,1.54421148798203e-29,"17","ARHGEF2"
7.98389882870776e-34,0.323877009262568,0.314,0.078,1.95222294159562e-29,"17","APIP"
9.59139969692734e-34,0.604195187376289,0.347,0.092,2.34528905389267e-29,"17","PSEN1"
1.04110666119588e-33,0.676392135612112,0.36,0.097,2.54571400795616e-29,"17","CACUL1"
1.14541855981195e-33,0.913647173505214,0.887,0.442,2.80077746245219e-29,"17","EIF3L"
2.20505867140551e-33,0.518439200198728,0.381,0.106,5.39180946332076e-29,"17","DAP"
2.50578757200137e-33,1.00681708800379,0.452,0.14,6.12715177105774e-29,"17","STX4"
3.28239483497933e-33,0.408407600008595,0.322,0.082,8.02611185049146e-29,"17","TMED3"
3.39316463528383e-33,0.353810504639884,0.377,0.103,8.29696616619603e-29,"17","NUDT1"
3.71107410242086e-33,0.406186344659313,0.251,0.056,9.0743183952395e-29,"17","STX18"
4.03357103776969e-33,0.568557877134279,0.251,0.056,9.86288790155445e-29,"17","RAB3GAP1"
4.29440817282131e-33,0.581360114174478,0.289,0.07,1.05006868641827e-28,"17","FAR1"
4.54301963080583e-33,0.905454789718081,0.929,0.531,1.11085916012464e-28,"17","SLC25A5"
5.21782625647758e-33,0.539903201227479,0.464,0.142,1.2758628762339e-28,"17","RTN3"
5.22265661896919e-33,0.448533565766365,0.439,0.13,1.27704399647035e-28,"17","ST8SIA4"
5.45488954932874e-33,0.326747474357581,0.544,0.176,1.33382959260186e-28,"17","IRF7"
6.32341884711029e-33,0.278319976063599,0.414,0.119,1.54620237649541e-28,"17","ETHE1"
9.25148320495102e-33,0.450411359607792,0.297,0.073,2.26217267327462e-28,"17","SPART"
1.13021540354198e-32,0.42109407147191,0.326,0.085,2.76360270474086e-28,"17","MPV17"
1.29303513539743e-32,0.509310705640954,0.444,0.133,3.1617295130738e-28,"17","ADI1"
1.38645666725921e-32,0.727591981244202,0.276,0.066,3.39016384278223e-28,"17","MCFD2"
1.66440158233139e-32,0.386266071018706,0.623,0.211,4.06979474911671e-28,"17","TMEM256"
2.03930082877625e-32,0.41986370913326,0.556,0.181,4.98649838652369e-28,"17","DECR1"
2.7129439387241e-32,0.464456807590173,0.619,0.212,6.63369051896817e-28,"17","PTPN6"
2.85081296325853e-32,0.709263708067977,0.586,0.205,6.97080785775976e-28,"17","OSBPL8"
3.58717466256245e-32,0.641377549548054,0.607,0.212,8.7713594848977e-28,"17","CHMP4B"
4.45913324321022e-32,1.00979877682933,0.828,0.364,1.09034726062976e-27,"17","CD63"
5.10563882824317e-32,0.700550759666339,0.318,0.083,1.24843080628202e-27,"17","ARL2"
6.12201201874536e-32,0.275843287613629,0.339,0.09,1.49695437882362e-27,"17","PIK3R5"
6.1989912033835e-32,0.460054734443126,0.305,0.078,1.51577732905133e-27,"17","SPTSSA"
6.99052165404121e-32,0.476664349341259,0.372,0.105,1.70932235484616e-27,"17","DYNC1LI1"
7.35713112373536e-32,0.778843279347126,0.406,0.123,1.79896570237577e-27,"17","RHOB"
8.72330203666538e-32,0.319464724069281,0.322,0.084,2.13302181400542e-27,"17","RRAGC"
1.11669789246098e-31,0.254018873009299,0.339,0.091,2.73054968664559e-27,"17","FAM120A"
1.54939595422972e-31,0.460139446936792,0.695,0.252,3.78858298728252e-27,"17","POLD4"
1.55924621078743e-31,0.490325008388403,0.351,0.098,3.81266883461743e-27,"17","AC020916.1"
2.53195701876852e-31,0.354356111067069,0.431,0.129,6.19114130229279e-27,"17","ECHDC1"
2.68531416197055e-31,0.821887529172595,0.958,0.653,6.56613018885038e-27,"17","SLC25A6"
3.6778438058176e-31,0.486568973917719,0.494,0.158,8.99306367398521e-27,"17","RAD23B"
4.22611129303481e-31,0.572515002979713,0.69,0.254,1.03336873337287e-26,"17","CFLAR"
4.89131271651464e-31,0.321032875542436,0.427,0.127,1.19602378544216e-26,"17","TBC1D5"
5.2788568120998e-31,0.387870044170232,0.414,0.123,1.29078606769464e-26,"17","AAED1"
5.42520183324244e-31,0.654036283461148,0.615,0.225,1.32657035226444e-26,"17","AKIRIN2"
5.69404330441215e-31,0.585360112093461,0.473,0.15,1.39230746879486e-26,"17","SNX5"
7.18568613006323e-31,0.341141223770946,0.339,0.092,1.75704397252306e-26,"17","PRDX4"
7.88950457456794e-31,0.415558372953068,0.293,0.074,1.92914165857335e-26,"17","IDH3A"
1.18521981492142e-30,0.334673131906228,0.36,0.101,2.89809949144585e-26,"17","OGDH"
1.21798923048228e-30,0.317083647634376,0.586,0.199,2.97822726637526e-26,"17","NCKAP1L"
1.57926908161076e-30,0.279165037403596,0.502,0.16,3.86162875835462e-26,"17","IDH3G"
1.62995623140968e-30,0.513928810900897,0.527,0.176,3.98556897704296e-26,"17","BAG1"
1.80529669350621e-30,0.551727081906641,0.318,0.085,4.41431147496139e-26,"17","ATG16L2"
2.48989892369725e-30,0.90395884723277,0.264,0.065,6.08830084822452e-26,"17","SLC6A6"
3.1398568304104e-30,1.42363849506579,0.464,0.163,7.67757792171952e-26,"17","CPNE3"
3.74896186429255e-30,0.472623783938823,0.54,0.182,9.16696155056815e-26,"17","MRPS24"
4.23425036260817e-30,0.295323498766101,0.259,0.063,1.03535889866495e-25,"17","PLEKHF2"
4.42970025159208e-30,0.449481791456708,0.339,0.093,1.0831503055193e-25,"17","BEX4"
4.47316848699812e-30,0.334108691260524,0.536,0.177,1.09377915844078e-25,"17","LSM4"
4.48716529341205e-30,0.46751959492101,0.623,0.221,1.09720165754511e-25,"17","MTCH1"
5.28131510326585e-30,0.876454820020778,0.996,0.996,1.29138716905056e-25,"17","ACTB"
5.65240767391394e-30,0.304267140069506,0.544,0.181,1.38212672442544e-25,"17","ARL5A"
6.27117156951909e-30,0.386333903760172,0.377,0.11,1.53342687217881e-25,"17","LRRFIP2"
8.45627037196256e-30,0.484818324522131,0.314,0.085,2.06772723135228e-25,"17","CD151"
8.72432154768656e-30,0.29624286523628,0.469,0.149,2.13327110484032e-25,"17","DNAJC7"
9.29206826689837e-30,0.384528950335002,0.594,0.205,2.27209653262199e-25,"17","DBNL"
1.92590020344247e-29,0.514440676865813,0.615,0.22,4.70921117745753e-25,"17","WASF2"
2.35965238874434e-29,0.444501007177102,0.297,0.078,5.76982202095766e-25,"17","DHRSX"
3.05178336208415e-29,0.564841554144797,0.351,0.101,7.46222067696817e-25,"17","ATP6V1H"
3.09319713105834e-29,0.362120674887473,0.598,0.208,7.56348562486385e-25,"17","OS9"
3.25604336407996e-29,0.435609333578324,0.272,0.069,7.96167723384831e-25,"17","RUFY1"
3.75073745987618e-29,0.482145728944564,0.368,0.108,9.17130323688924e-25,"17","WASHC4"
5.28483418983335e-29,0.441014555950138,0.477,0.155,1.29224765609805e-24,"17","FAM162A"
5.87165747892632e-29,0.531996602490904,0.644,0.238,1.43573768674706e-24,"17","VASP"
1.13968470965937e-28,0.30281559633757,0.473,0.157,2.7867570520591e-24,"17","NCF1"
1.55733589583871e-28,0.519867964779463,0.326,0.093,3.80799773250482e-24,"17","LAMP2"
1.9139202320414e-28,0.49675655378312,0.272,0.07,4.67991775138764e-24,"17","VPS41"
1.94547572949476e-28,0.374776924000548,0.523,0.177,4.75707725376059e-24,"17","GNB1"
2.01120999270166e-28,0.284933768791226,0.351,0.102,4.9178106741541e-24,"17","MCTS1"
2.02689973038238e-28,0.383724190457702,0.623,0.222,4.956175220731e-24,"17","TWF2"
2.05298041401688e-28,1.00025732574187,0.816,0.42,5.01994770835409e-24,"17","TUBA1A"
2.17787211368098e-28,0.39120311342393,0.305,0.083,5.32533289237274e-24,"17","PDLIM5"
2.33608304826233e-28,0.483822493802166,0.28,0.073,5.71219026961104e-24,"17","MAP3K11"
2.37701354852381e-28,0.311771481456018,0.485,0.16,5.81227352885043e-24,"17","SNRPA"
2.6098512424606e-28,0.269170642205178,0.41,0.126,6.38160825806466e-24,"17","CAPNS1"
3.27901568480457e-28,0.271921662015367,0.301,0.081,8.01784915248414e-24,"17","SPTLC2"
3.36519962918986e-28,0.443164072658891,0.444,0.142,8.22858613329504e-24,"17","MOB3A"
3.58814003483784e-28,0.319771050093476,0.331,0.094,8.7737200131855e-24,"17","SNX20"
3.65758633274914e-28,0.515504851940396,0.285,0.076,8.94353010083821e-24,"17","SGTA"
4.2511808387237e-28,0.437191842336198,0.674,0.249,1.03949873868472e-23,"17","MTPN"
5.11495282417343e-28,0.370646139988347,0.397,0.122,1.25070826456689e-23,"17","OTULINL"
5.71771177160933e-28,0.736071056388282,0.782,0.331,1.39809488239391e-23,"17","ATP6V1F"
5.99915025024254e-28,0.310946434905482,0.322,0.09,1.46691221918931e-23,"17","RABGEF1"
7.03516373651856e-28,0.870965190385798,0.28,0.075,1.72023823685352e-23,"17","MCM5"
9.84891756101713e-28,0.382553005004061,0.54,0.187,2.40825732201991e-23,"17","PLEKHB2"
1.19291053749318e-27,0.404041046273889,0.41,0.129,2.91690484627832e-23,"17","TRIM44"
1.23156244118035e-27,0.300887246137165,0.397,0.123,3.0114164811742e-23,"17","LPP"
1.29990759848462e-27,0.267919164290917,0.339,0.098,3.17853405981461e-23,"17","STX10"
1.31400411356005e-27,0.536803892759174,0.255,0.065,3.21300285847703e-23,"17","CBR1"
1.8425934369353e-27,0.6470147300235,0.46,0.156,4.50550947199419e-23,"17","RB1"
2.21519253745323e-27,0.440293807459822,0.314,0.088,5.41658879258064e-23,"17","FAM110A"
2.26868819074556e-27,0.33704269172941,0.285,0.076,5.54739636401104e-23,"17","ARMCX6"
2.48653143476099e-27,0.321329308365771,0.272,0.072,6.08006666427758e-23,"17","PAPSS1"
3.13778224563201e-27,0.630442787712187,0.996,0.88,7.6725051470194e-23,"17","H3F3A"
3.34598885015191e-27,0.494157610919887,0.293,0.081,8.18161193639145e-23,"17","ANO6"
3.558163599646e-27,0.371757690541837,0.418,0.134,8.70042163385439e-23,"17","PTEN"
3.61021800730953e-27,0.256334869751167,0.36,0.107,8.82770507147326e-23,"17","GLRX3"
3.6549285169583e-27,0.295955506560262,0.377,0.115,8.93703120966644e-23,"17","ACSL5"
4.70861229727124e-27,1.36161852227739,0.556,0.238,1.15134987892876e-22,"17","MARCKSL1"
5.30080678835735e-27,0.292662799180484,0.289,0.079,1.29615327588914e-22,"17","MRPL24"
5.32824472623738e-27,0.372642743495431,0.418,0.135,1.30286240045956e-22,"17","MTCH2"
5.60248084461915e-27,0.383957605408419,0.356,0.107,1.36991861612628e-22,"17","NARS"
6.77012323325558e-27,0.304989598274726,0.573,0.203,1.65543053299565e-22,"17","MLEC"
8.29109456398487e-27,0.445737799334929,0.573,0.207,2.02733844278558e-22,"17","CYB5R3"
8.33039081500842e-27,0.641758251324078,0.28,0.077,2.03694716208586e-22,"17","PTGES2"
8.8190249042777e-27,0.368573067038823,0.607,0.219,2.15642796959398e-22,"17","UQCRC1"
1.10186648778221e-26,0.346809910667623,0.586,0.211,2.69428393592506e-22,"17","ATP5MC1"
1.56532713772083e-26,0.25177817415554,0.381,0.118,3.82753791715497e-22,"17","CYSTM1"
2.11563119888134e-26,0.324261205083199,0.293,0.082,5.17314140750466e-22,"17","DICER1"
2.31863355609817e-26,0.421585799305223,0.561,0.203,5.66952277137125e-22,"17","RAB10"
2.91672846387623e-26,0.330062898304556,0.272,0.073,7.13198443987016e-22,"17","LARP4B"
3.18165778106705e-26,0.351893745747501,0.301,0.085,7.77978960626516e-22,"17","ATP6V1A"
3.64618664429752e-26,1.15210112953622,0.912,0.644,8.9156555826363e-22,"17","S100A10"
3.85755428904463e-26,0.536599865639851,0.523,0.191,9.43249174757192e-22,"17","CASP1"
4.60940817818766e-26,0.365937881923965,0.494,0.17,1.12709248773045e-21,"17","ARPC4"
4.84488992522998e-26,0.577560416264606,0.808,0.369,1.18467248451724e-21,"17","GLIPR1"
6.07778247728078e-26,0.547570254493542,0.736,0.302,1.4861393713447e-21,"17","YWHAE"
7.50326842320762e-26,0.385433843093274,0.297,0.085,1.83469919484273e-21,"17","REEP3"
7.65639073899865e-26,0.548499133881972,0.82,0.343,1.87214066349995e-21,"17","LAMTOR4"
9.5589842647763e-26,0.614901977535723,0.711,0.314,2.3373628324231e-21,"17","KDM6B"
1.26375226875134e-25,0.292754890579866,0.502,0.175,3.09012704755079e-21,"17","ETFA"
1.35990318567726e-25,0.325585128122142,0.264,0.071,3.32523526961803e-21,"17","UCHL3"
1.43126791915451e-25,0.423967123134661,0.351,0.108,3.49973631591661e-21,"17","IL17RA"
1.77678969264687e-25,0.629956411212888,0.285,0.08,4.34460615646011e-21,"17","EHD4"
2.39363665748997e-25,0.254807069686631,0.54,0.192,5.85292035489447e-21,"17","CYC1"
2.47067064733427e-25,0.491842472661059,0.59,0.221,6.04128386686176e-21,"17","STMP1"
3.08141776815758e-25,0.298764847833574,0.582,0.214,7.53468272669892e-21,"17","C4orf48"
3.41962608749263e-25,0.715089115957792,0.272,0.076,8.36166970913697e-21,"17","MAP3K13"
4.75096768990902e-25,0.295557224241749,0.36,0.113,1.16170661953655e-20,"17","ME2"
4.7802502564378e-25,1.03231804769107,0.9,0.522,1.16886679270417e-20,"17","TUBA1B"
4.9648542076573e-25,0.288705834326129,0.598,0.222,1.21400615085636e-20,"17","TAOK3"
6.8844474692244e-25,0.279115499466163,0.456,0.156,1.68338509517475e-20,"17","AK2"
8.10220026131466e-25,0.265633626932749,0.393,0.128,1.98115000789666e-20,"17","TRIM38"
8.33772487814827e-25,0.332816945451643,0.326,0.099,2.03874048720481e-20,"17","STT3A"
8.84261912175777e-25,0.393657232669315,0.28,0.079,2.16219722765221e-20,"17","TP53BP2"
1.6093212136264e-24,0.333172507727033,0.268,0.075,3.93511223155927e-20,"17","C12orf10"
1.62877710745756e-24,0.314117682027507,0.377,0.121,3.98268578315522e-20,"17","ATP6V1D"
1.6881408649312e-24,0.723025740007135,0.251,0.068,4.12784204292976e-20,"17","MRPS28"
1.70370507412097e-24,0.290958412043891,0.326,0.1,4.16589964724059e-20,"17","IKBIP"
2.01145804143334e-24,0.828588077738341,0.326,0.103,4.91841720291281e-20,"17","CSRP1"
2.0743847274444e-24,0.400344723324673,0.699,0.277,5.07228553554706e-20,"17","NDUFS8"
2.17998972352877e-24,0.675361881191477,0.276,0.079,5.33051087197254e-20,"17","DNTTIP1"
2.20439529430436e-24,0.302640854187385,0.586,0.222,5.39018737363303e-20,"17","EVI2B"
2.76360176284466e-24,0.369457345765051,0.255,0.07,6.75755903050776e-20,"17","IL10RB"
3.55584021781224e-24,0.773168450626161,0.824,0.401,8.69474050059449e-20,"17","SH3BGRL"
4.07443071327337e-24,0.598701822160226,0.724,0.319,9.96279798009604e-20,"17","TSPO"
5.39294088983899e-24,0.417741794207436,0.318,0.097,1.31868190638343e-19,"17","ATP5PO"
5.7596042709112e-24,0.279459808025218,0.356,0.114,1.40833843632321e-19,"17","MTIF3"
6.3711097268012e-24,0.423190154698268,0.774,0.32,1.55786375039743e-19,"17","HMGN3"
6.75354430427791e-24,0.730321445304682,0.812,0.431,1.65137665328204e-19,"17","HERPUD1"
7.17174437323406e-24,0.279323081395375,0.381,0.125,1.75363493414319e-19,"17","HDAC2"
8.37927688073826e-24,0.488147725733209,0.515,0.193,2.04890078287812e-19,"17","IER5"
9.07674635571117e-24,0.585745692289157,0.828,0.387,2.21944601889849e-19,"17","EIF4A1"
1.2353436436741e-23,0.408839713727479,0.268,0.076,3.02066227751191e-19,"17","NUP62"
1.33534392382537e-23,0.295036451882121,0.594,0.226,3.26518296253779e-19,"17","SEC13"
1.45079425766021e-23,0.253157317879775,0.494,0.177,3.54748211883074e-19,"17","MYO1F"
2.04517822618874e-23,1.42269708084039,0.301,0.099,5.00086979867672e-19,"17","EGR1"
2.58094888877639e-23,0.309428947750057,0.665,0.26,6.31093622283602e-19,"17","POLR2E"
4.73049646105639e-23,0.440950316071516,0.255,0.072,1.15670099465751e-18,"17","GMPR2"
5.00960789597129e-23,0.61884732513838,0.841,0.4,1.2249493227229e-18,"17","COX5A"
5.24323787172686e-23,0.284188117146632,0.372,0.125,1.28207652439465e-18,"17","MX1"
6.65213728245323e-23,0.27504494400162,0.268,0.077,1.62658060830546e-18,"17","ARHGAP26"
8.94894236751766e-23,0.283856444263197,0.494,0.182,2.18819538770542e-18,"17","SRP72"
2.03421060048589e-22,0.336296551355946,0.272,0.08,4.9740517603081e-18,"17","MFSD14B"
2.05139275184958e-22,0.259873896447794,0.305,0.095,5.01606555682259e-18,"17","SHMT2"
2.33049703768549e-22,0.36406974523284,0.523,0.201,5.69853135654856e-18,"17","ARL4A"
3.12632919134982e-22,0.295844412967321,0.569,0.226,7.64450013868859e-18,"17","PNP"
4.09821031651013e-22,0.357288138166837,0.573,0.223,1.00209438659306e-17,"17","AFF4"
4.74742705943945e-22,0.311553371671286,0.523,0.227,1.16084086457413e-17,"17","HSPA1B"
5.62654327609755e-22,0.564949052822292,0.276,0.084,1.37580236187137e-17,"17","ANAPC15"
7.64632226833256e-22,0.275148328605196,0.469,0.173,1.86967872105268e-17,"17","TIMM8B"
8.81839790540264e-22,0.370636790017956,0.72,0.299,2.15627465582905e-17,"17","SSR3"
9.86363205489935e-22,0.457882647429212,0.603,0.255,2.41185531006399e-17,"17","NINJ1"
1.28887514954467e-21,0.535472532707075,0.577,0.24,3.15155751566662e-17,"17","MAP2K3"
1.63809953606426e-21,0.850945392253075,0.728,0.367,4.00548098558434e-17,"17","MAT2A"
2.202088827501e-21,0.32261800105152,0.318,0.103,5.38454760100545e-17,"17","CHCHD5"
2.3132174655758e-21,0.313861654436035,0.736,0.302,5.65627934682596e-17,"17","VDAC1"
2.81559120065268e-21,0.562410695905406,0.954,0.752,6.88468360383592e-17,"17","ARPC3"
3.72747848688343e-21,0.482492723332705,0.653,0.279,9.11443039612736e-17,"17","HSPB1"
3.93301515012091e-21,0.44002516558712,0.757,0.32,9.61700864507564e-17,"17","RAB5C"
5.81411675193902e-21,0.470357217868292,0.674,0.288,1.42166782818413e-16,"17","SUPT4H1"
7.39662182450444e-21,0.779238409117014,0.305,0.101,1.80862196852783e-16,"17","TCTN3"
8.98427969759862e-21,0.278356838611911,0.46,0.171,2.19683607165681e-16,"17","ARFGAP3"
9.76850831680348e-21,0.278562403822261,0.385,0.136,2.38859565362479e-16,"17","AP3B1"
9.98550937187377e-21,0.557297162582817,0.828,0.385,2.44165675161057e-16,"17","GNB2"
1.52801194988313e-20,0.462601898106739,0.787,0.352,3.73629481985423e-16,"17","BST2"
1.84206661050247e-20,0.721956263739885,0.849,0.494,4.50422127600063e-16,"17","GPX4"
1.86430700131175e-20,0.384231657893098,0.372,0.133,4.55860347960749e-16,"17","MAFF"
2.15516369156946e-20,0.529971691691968,0.389,0.144,5.26980625862565e-16,"17","PMAIP1"
2.38426628637394e-20,0.466081255415155,0.736,0.315,5.83000792344155e-16,"17","CLTA"
2.79855074136269e-20,0.355813992350559,0.41,0.15,6.84301627278006e-16,"17","USF2"
6.3625166284397e-20,0.432469159027758,0.766,0.345,1.55576256598608e-15,"17","ATP5F1A"
1.09912133288964e-19,0.294795660358495,0.305,0.101,2.68757148318175e-15,"17","PRPF19"
1.18117967207631e-19,0.474216235826133,0.268,0.085,2.88822053416099e-15,"17","NDUFA7"
1.50709437786448e-19,0.641811951361234,0.82,0.466,3.68514717275423e-15,"17","PKM"
1.65404794317097e-19,0.317404836618536,0.59,0.255,4.04447803064166e-15,"17","SERPINB9"
1.93198014417941e-19,1.75428392702553,0.77,0.398,4.7240778485475e-15,"17","TXN"
2.84891216446952e-19,1.08609297424655,0.682,0.353,6.96616002456087e-15,"17","RGS2"
5.73158430512703e-19,0.271492900607296,0.728,0.317,1.40148699428966e-14,"17","LAPTM4A"
1.93509522772648e-18,0.500787421542793,1,0.99,4.73169485083678e-14,"17","TMSB4X"
2.10363952672732e-18,0.557171780610786,0.791,0.406,5.14381937075363e-14,"17","AHNAK"
2.12627436538488e-18,0.313004106866065,0.264,0.086,5.19916607823911e-14,"17","P4HA1"
3.39058574683508e-18,0.28505753862053,0.297,0.102,8.29066026816113e-14,"17","MRPS25"
4.51482370165827e-18,0.335806882291161,0.665,0.283,1.10396469152948e-13,"17","C1QBP"
5.03630230533093e-18,0.34354311555474,0.64,0.281,1.23147663969952e-13,"17","PHB2"
1.0143196683056e-17,0.259566020641341,0.28,0.094,2.48021445294085e-13,"17","TOM1"
1.89277155566829e-17,0.345131073459082,0.565,0.248,4.62820500792011e-13,"17","MTHFD2"
3.80818797617576e-17,0.653556275449196,0.841,0.519,9.31178123934496e-13,"17","DBI"
8.32505980255202e-17,0.376107404816383,0.782,0.379,2.03564362292002e-12,"17","GNAI2"
1.55421701268409e-16,0.995442074071567,0.812,0.485,3.80037143941513e-12,"17","FOS"
2.84337121788613e-16,0.325140808235716,0.77,0.351,6.95261130197517e-12,"17","VDAC2"
4.51357432092636e-16,0.7548099180166,0.874,0.726,1.10365919295291e-11,"17","LSP1"
4.93661100671898e-16,2.03791504019551,0.305,0.128,1.20710012336293e-11,"17","CCL3"
5.52696526042613e-16,0.351009930457505,0.762,0.369,1.3514535454794e-11,"17","SMDT1"
5.82518999961398e-16,1.45802996537602,0.272,0.101,1.42437545870561e-11,"17","CCR7"
1.19168399029191e-15,0.319247622243307,0.649,0.296,2.91390569306178e-11,"17","ATP6AP2"
3.08090308360337e-15,0.570519347157677,0.929,0.602,7.53342422002697e-11,"17","TPI1"
5.61710840990629e-15,0.466931313024433,0.544,0.251,1.37349534839029e-10,"17","CKS2"
5.99907496987343e-15,0.295994837540573,0.377,0.153,1.46689381163345e-10,"17","GRSF1"
7.08000290303707e-15,0.442810343531778,0.858,0.491,1.73120230985063e-10,"17","ACTR3"
1.15631282053754e-14,0.901612090599023,0.858,0.604,2.8274161087784e-10,"17","SQSTM1"
1.90656058844293e-14,0.325756681729881,0.31,0.12,4.66192195086065e-10,"17","KDM2B"
5.19043810005165e-14,0.432246300698759,0.766,0.402,1.26916592422463e-09,"17","WSB1"
8.86257235131429e-14,0.265799004275364,0.728,0.349,2.16707619134337e-09,"17","ATP5F1C"
9.41538156227644e-14,0.382595991075699,0.854,0.473,2.30224909960784e-09,"17","HIGD2A"
2.63330274094206e-13,0.381558490940884,0.762,0.399,6.43895186215154e-09,"17","ATP5PB"
3.56471937827011e-13,0.413245743591754,0.954,0.735,8.71645182374607e-09,"17","ATP5MC2"
4.31107536797395e-13,0.543750882509806,0.828,0.514,1.05414414897699e-08,"17","ENO1"
5.61716883016042e-13,0.381137722295574,0.837,0.468,1.37351012235083e-08,"17","EIF3H"
6.55091528968613e-13,0.403352715889148,0.812,0.478,1.60182980663405e-08,"17","NFE2L2"
9.43145320815225e-13,0.448502131078602,0.766,0.425,2.30617893845739e-08,"17","UCP2"
1.12968775574782e-12,0.350171303415021,0.833,0.469,2.76231250035456e-08,"17","EIF3E"
1.19001431777978e-12,0.361034067747946,0.916,0.559,2.90982300983511e-08,"17","RNASEK"
1.80626405691243e-12,0.506897205372691,0.657,0.379,4.41667687196227e-08,"17","NR4A3"
2.08282778448677e-12,0.310880732132752,0.795,0.414,5.09293049862704e-08,"17","ARF5"
6.332432892454e-12,0.305424702459377,0.82,0.442,1.54840649086285e-07,"17","BRK1"
1.5847037907788e-11,0.706173117246833,0.644,0.34,3.87491770921233e-07,"17","TUBB"
2.15654531740496e-11,0.449235431575077,0.9,0.724,5.27318461011861e-07,"17","TAGLN2"
4.37338943376213e-11,0.403827668719463,0.849,0.501,1.06938118434352e-06,"17","ATP5MF"
7.85962772804512e-11,0.387323162195148,0.816,0.478,1.92183617206159e-06,"17","ATP5MC3"
8.38292119168179e-11,0.442188227412409,0.987,0.91,2.04979188979003e-06,"17","ACTG1"
1.03614267714869e-10,0.289044474793528,0.87,0.63,2.53357607416397e-06,"17","MCL1"
1.04852659899467e-10,0.474309624590016,0.904,0.636,2.56385723986178e-06,"17","ATP6V0C"
1.36092113909423e-10,0.560882643687399,0.766,0.418,3.3277243693132e-06,"17","PRDX1"
2.99997347996128e-10,0.442579183139624,0.678,0.409,7.33553515320132e-06,"17","ARL4C"
2.50978225720733e-09,0.389925662971265,0.841,0.644,6.13691957532336e-05,"17","DUSP1"
2.85537238988452e-09,0.402337390676691,0.841,0.575,6.98195656774562e-05,"17","EMP3"
4.91238491480027e-09,0.991569250789488,0.259,0.123,0.000120117635936696,"17","CTSD"
1.40346146886302e-08,0.637503488159149,0.795,0.521,0.000343174398366386,"17","NFKBIA"
2.27530390712205e-08,0.328785376327078,0.845,0.522,0.000556357311369483,"17","LRRFIP1"
4.08444246615613e-08,0.300640275614576,0.971,0.883,0.000998727871824496,"17","PABPC1"
8.74388954065102e-08,0.260267829960911,0.879,0.543,0.00213805587047999,"17","COX8A"
9.23554618761351e-08,0.274276888216378,0.925,0.673,0.00225827575379526,"17","TPM3"
1.02611607572398e-07,0.258992061738327,0.933,0.773,0.00250905902836029,"17","EEF1G"
5.27783149791391e-07,0.268108679389745,0.962,0.767,0.0129053535786991,"17","RHOA"
1.73447963583621e-06,0.745246124722548,0.427,0.267,0.042411496055467,"17","AREG"
1.03581756352182e-05,0.589335632454433,0.402,0.241,0.253278110632356,"17","PLIN2"
1.7985329678574e-05,0.368984774740606,0.837,0.532,0.43977728130049,"17","HMGN2"
0.000221327960367633,0.353856580359559,0.724,0.531,1,"17","KLF6"
0.000428139626808736,0.37398572598228,0.837,0.723,1,"17","S100A6"
0,7.20771175416949,1,0.028,0,"18","MZB1"
0,7.61446920104732,0.955,0.008,0,"18","DERL3"
0,9.55457520329034,0.929,0.029,0,"18","JCHAIN"
0,2.08914268707535,0.917,0.042,0,"18","CD79A"
0,4.79275040426101,0.833,0.015,0,"18","POU2AF1"
0,6.66873319150378,0.814,0.008,0,"18","TXNDC5"
0,8.42657583155362,0.782,0.001,0,"18","TNFRSF17"
0,6.94212246695752,0.737,0.004,0,"18","IGLL5"
0,9.13875135196013,0.769,0.038,0,"18","IGKC"
0,3.2740138657082,0.712,0.026,0,"18","GNG7"
0,3.3879363739819,0.712,0.037,0,"18","RAB30"
0,5.38854900509922,0.654,0.005,0,"18","FCRL5"
0,4.34300347865535,0.647,0.019,0,"18","TRIB1"
0,4.02110324686468,0.603,0.014,0,"18","BLNK"
0,3.51673927003319,0.603,0.015,0,"18","CLIC4"
0,2.52374967114122,0.615,0.03,0,"18","CHPF"
0,4.09747457951955,0.577,0.009,0,"18","CPNE5"
0,8.26335382272539,0.571,0.005,0,"18","IGLV3-1"
0,4.31430763861149,0.571,0.01,0,"18","COBLL1"
0,9.288505677624,0.583,0.024,0,"18","IGHG1"
0,4.96671085636918,0.564,0.009,0,"18","GAS6"
0,11.5903913226633,0.551,0,0,"18","SDC1"
0,2.88366300156346,0.551,0.024,0,"18","CKAP4"
0,2.80938018146676,0.545,0.023,0,"18","SPATS2"
0,9.36114704973292,0.526,0.015,0,"18","IGHA1"
0,3.47785822601914,0.506,0.01,0,"18","PNOC"
0,4.10229638846513,0.487,0.009,0,"18","TNFRSF13B"
0,5.07134888048077,0.468,0.004,0,"18","AC007569.1"
0,5.80354908452871,0.449,0.004,0,"18","JSRP1"
0,4.40745297509382,0.429,0.005,0,"18","DENND5B"
0,8.34192004887931,0.429,0.006,0,"18","IGHG3"
0,6.3460487348864,0.391,0.001,0,"18","AC012236.1"
0,5.84351689450064,0.372,0.002,0,"18","PYCR1"
0,6.64210890371971,0.365,0.001,0,"18","AC104699.1"
0,10.2904467717754,0.365,0.008,0,"18","IGHG2"
0,5.870665462699,0.353,0.002,0,"18","LINC02362"
0,4.01749159702727,0.34,0.005,0,"18","COL9A3"
0,5.26572584063383,0.333,0.001,0,"18","PKHD1L1"
0,6.75043856717927,0.327,0.001,0,"18","AL133467.1"
0,6.59666363936769,0.321,0.001,0,"18","BHLHE41"
0,8.55028121783165,0.314,0.002,0,"18","IGHG4"
0,5.08957075369108,0.314,0.004,0,"18","GAB1"
0,3.57355849123475,0.314,0.006,0,"18","PIP5K1B"
0,4.25836637424574,0.295,0.005,0,"18","ABCB9"
0,6.68572394104238,0.282,0.001,0,"18","LINC02576"
0,9.88910393102018,0.282,0.003,0,"18","IGHA2"
0,4.54958131409113,0.282,0.003,0,"18","B9D1"
0,7.51563090872752,0.276,0.002,0,"18","DNAAF1"
0,4.19061039167627,0.276,0.003,0,"18","CAV1"
0,5.40957763885536,0.269,0.001,0,"18","AC106897.1"
0,5.06850278827393,0.269,0.003,0,"18","PARM1"
0,12.9032267775464,0.263,0,0,"18","DPEP1"
0,6.96307195213897,0.263,0.001,0,"18","IGF1"
0,9.39485238213651,0.256,0,0,"18","BHLHA15"
0,7.13875201831971,0.256,0.001,0,"18","IGKV3OR2-268"
0,4.22590675809425,0.256,0.005,0,"18","PDIA5"
6.85229525530142e-319,2.80545631885771,0.641,0.034,1.6755232358263e-314,"18","EAF2"
1.46042938897916e-311,3.88025558911935,0.955,0.088,3.57104194193183e-307,"18","PRDX4"
3.53047258569295e-310,2.24363778384852,0.519,0.023,8.6327115665364e-306,"18","PDK1"
8.80301284333023e-305,2.46072722327743,0.641,0.035,2.15251270045111e-300,"18","SLC44A1"
1.15781928647533e-302,8.74084022451335,0.333,0.01,2.83109971928947e-298,"18","IGLC2"
8.95172966661229e-287,2.38813349097098,0.635,0.037,2.18887693808004e-282,"18","BASP1"
2.11236441588809e-241,4.86592827533476,0.327,0.012,5.16515346972956e-237,"18","LINC01480"
7.27916108060146e-237,4.10032660899246,0.288,0.009,1.77990046742867e-232,"18","CDK14"
5.49750981869952e-235,8.09444432363069,0.282,0.009,1.34425110086841e-230,"18","IGLC3"
7.17080355726579e-232,2.32992202221385,0.372,0.016,1.75340488582263e-227,"18","AC078883.1"
3.74428208170044e-223,2.62220804087547,0.269,0.008,9.15551854617392e-219,"18","E2F5"
1.63071665327369e-219,3.21479368611831,0.974,0.128,3.98742836058483e-215,"18","ITM2C"
1.49557217145418e-218,2.12790914060357,0.423,0.022,3.65697307363977e-214,"18","FCGR2B"
4.18769926389061e-217,3.36998233607294,0.269,0.009,1.02397622400653e-212,"18","SLC17A9"
4.90114895960308e-208,1.76844181296669,0.622,0.047,1.19842894360215e-203,"18","SIL1"
1.68297166418085e-194,2.0178329586806,0.872,0.095,4.11520231325501e-190,"18","PLPP5"
3.87419996057867e-194,10.3155376149195,0.263,0.009,9.47319374360696e-190,"18","IGHV3-7"
8.77462233338744e-193,2.68410922826151,0.5,0.034,2.1455706529599e-188,"18","CHST2"
4.73607050568891e-191,2.00332470841122,0.481,0.032,1.15806396005105e-186,"18","LY96"
4.49351555169097e-187,2.39427167833046,0.301,0.013,1.09875442269948e-182,"18","ALG14"
4.56743638401308e-186,2.88542300332794,0.346,0.017,1.11682954461888e-181,"18","STAP1"
6.59298469764913e-185,2.96729545385963,0.321,0.015,1.61211661826916e-180,"18","GGH"
1.42386389926356e-184,1.94495505757146,0.506,0.036,3.48163200647925e-180,"18","ST6GALNAC4"
3.68200238356972e-184,9.9011762571997,0.385,0.022,9.00323222830468e-180,"18","IGKV4-1"
4.43948827855306e-183,1.79096934137309,0.75,0.075,1.08554367387179e-178,"18","SEL1L3"
7.38119785364875e-177,2.12515911311393,0.615,0.055,1.80485049917419e-172,"18","MEF2C"
3.66113929398141e-168,2.15361284696472,0.712,0.075,8.95221780164334e-164,"18","FNDC3B"
4.51117917820485e-167,1.99501183344788,0.282,0.013,1.10307353265465e-162,"18","TRAM2"
8.67669612722826e-167,1.29380929726036,0.41,0.026,2.12162573702985e-162,"18","RALGPS2"
2.16178798780757e-166,9.59380966320078,0.256,0.011,5.28600398778707e-162,"18","IGKV1-5"
1.77215700509924e-165,2.48810890572526,0.692,0.073,4.33327830886867e-161,"18","ANKRD28"
1.49074853821511e-162,1.78544622040059,0.327,0.017,3.64517832564359e-158,"18","TSPAN13"
5.0968274869153e-158,8.14828471015023,0.365,0.023,1.24627625710053e-153,"18","IGHM"
1.15688576212798e-157,1.4811187802271,0.519,0.043,2.82881706555533e-153,"18","C11orf24"
5.81801320769168e-157,2.50863097398886,0.263,0.012,1.42262058954477e-152,"18","P2RX1"
7.27105277830457e-154,1.90399828076479,0.314,0.017,1.77791782535103e-149,"18","GCSH"
1.43984444328891e-151,1.9683029744019,0.449,0.034,3.52070763273005e-147,"18","SLC38A5"
5.92591606190391e-151,1.92908423416966,0.481,0.039,1.44900499545675e-146,"18","SPAG4"
5.14666556757664e-150,1.72813644361007,0.353,0.022,1.25846266458384e-145,"18","MANEA"
4.03396628245627e-149,1.74899195153112,0.564,0.053,9.86385435386206e-145,"18","GMPPB"
4.97843467031502e-149,1.33080729248621,0.686,0.075,1.21732684558543e-144,"18","CALU"
3.84397689061315e-148,2.00257369164572,0.814,0.106,9.39929229292727e-144,"18","TXNDC11"
4.24753358476437e-144,1.91084054922314,0.423,0.032,1.03860691214658e-139,"18","CLPTM1L"
5.74838196902518e-143,1.58287720060486,0.718,0.085,1.40559435906604e-138,"18","CD59"
5.31755125559636e-141,1.43935715190132,0.673,0.076,1.30024763301842e-136,"18","ARSA"
3.51508784563777e-140,1.77999082288458,0.333,0.021,8.59509280015348e-136,"18","C11orf80"
7.33873579554273e-137,1.9623336512943,0.327,0.021,1.79446767672611e-132,"18","PPCDC"
3.41038760554607e-136,1.91409012563125,0.66,0.077,8.33907977308124e-132,"18","ZBP1"
6.86000740544517e-136,1.94679601151041,0.564,0.058,1.67740901077945e-131,"18","EIF2AK4"
1.57466587231183e-135,2.07341213095698,0.41,0.032,3.85037299097689e-131,"18","RNASE6"
2.89312559569284e-133,1.62231301582214,0.641,0.074,7.07427070658814e-129,"18","CTSH"
5.35411214270576e-133,2.39827634016196,0.442,0.038,1.30918750113441e-128,"18","CCDC88A"
4.6997825153131e-131,1.40322916642041,0.359,0.026,1.14919082064436e-126,"18","PGM3"
1.43475362244742e-130,1.60756772275411,0.622,0.071,3.50825955760842e-126,"18","EDEM1"
7.00672936407788e-130,1.91415188301772,0.314,0.02,1.71328546410432e-125,"18","ARID3A"
6.96909465230464e-128,1.87737897052853,0.34,0.024,1.70408302438153e-123,"18","METTL7A"
1.91436747641183e-127,2.88968610741238,0.981,0.24,4.6810113533222e-123,"18","SEC11C"
4.78468992395273e-127,1.41934783929449,0.353,0.026,1.16995238020492e-122,"18","MARCKS"
1.89383389409558e-123,1.80230690853121,0.699,0.092,4.63080263784251e-119,"18","RRBP1"
4.96080597022078e-123,1.51879163645883,0.346,0.025,1.21301627583838e-118,"18","HYI"
6.59896832122018e-122,1.16139798980095,0.769,0.105,1.61357973390476e-117,"18","TPD52"
5.31605125192581e-120,1.65527325901725,0.814,0.123,1.2998808521209e-115,"18","HDLBP"
2.82896708715253e-118,1.70621639161273,0.404,0.035,6.91739032150538e-114,"18","IFI27L1"
1.35001969150709e-116,1.45267322234107,0.385,0.033,3.30106814967314e-112,"18","TCF4"
9.32082068090333e-112,1.3743850385902,0.391,0.035,2.27912707289448e-107,"18","IFNGR2"
1.66610941711477e-109,1.70732392846808,0.327,0.025,4.07397074672903e-105,"18","MYL6B"
2.00487164922778e-109,1.8024836619408,0.891,0.158,4.90231215669176e-105,"18","ERLEC1"
4.48572000064912e-107,1.33851825086928,0.442,0.045,1.09684825455872e-102,"18","ISOC2"
1.18057200786951e-100,1.88678339125442,0.917,0.184,2.88673467364252e-96,"18","PDIA4"
9.16521463792796e-100,1.2743402331957,0.25,0.017,2.24107828326615e-95,"18","CD19"
1.07983448129605e-96,2.12895103058821,0.962,0.228,2.6404112736651e-92,"18","UBE2J1"
2.95360893749712e-96,1.20474135935891,0.692,0.107,7.22216457396796e-92,"18","ALG5"
2.28602026343074e-95,0.802595646083128,0.538,0.07,5.58977674814085e-91,"18","CHID1"
3.32090262223293e-95,1.63241942828849,0.506,0.065,8.12027109188396e-91,"18","TOR3A"
4.24845926129559e-95,0.916381361917568,0.423,0.046,1.038833258572e-90,"18","DEF8"
4.07361392804675e-94,2.43952304511544,0.391,0.041,9.96080077685992e-90,"18","DAPP1"
2.27846774705232e-93,1.31884548258383,0.801,0.139,5.57130933509233e-89,"18","CRELD2"
2.7282773815894e-93,2.50670700694275,0.987,0.672,6.67118385346241e-89,"18","SSR4"
2.25440828721469e-92,1.58321072128688,0.365,0.036,5.51247914389736e-88,"18","NXPE3"
3.92422241194227e-92,1.59409366156634,0.878,0.171,9.59550864168125e-88,"18","CD38"
1.12693389948307e-91,1.1047188301479,0.744,0.123,2.755578771016e-87,"18","TXNDC15"
1.27579586875659e-91,1.44723585717452,0.474,0.059,3.11957605828361e-87,"18","NME1"
2.35111504125959e-91,1.2651579079359,0.417,0.046,5.74894649888796e-87,"18","TP53INP1"
3.93295068147343e-91,1.00827081981623,0.705,0.113,9.61685100633884e-87,"18","SRPRB"
4.0082135649463e-90,0.853054983886776,0.455,0.055,9.8008838090067e-86,"18","FUCA2"
1.56785295003707e-89,1.46739573913518,0.333,0.032,3.83371403343065e-85,"18","HIST1H2BC"
3.34295047236404e-88,0.787676948004853,0.404,0.045,8.17418249502454e-84,"18","NCF4"
1.2317569254074e-87,1.28414731629776,0.449,0.055,3.01189203400617e-83,"18","SEC24D"
2.55950631314551e-87,1.10487748848521,0.378,0.041,6.25850483690341e-83,"18","WIPI1"
5.66967374936899e-87,1.29502873378228,0.269,0.022,1.38634862519571e-82,"18","MCEE"
4.88034019098713e-86,1.65020183207252,0.904,0.192,1.19334078350017e-81,"18","SDF2L1"
1.83543770156467e-85,0.994271041284599,0.455,0.057,4.48801226786593e-81,"18","EDEM2"
2.09116821057335e-84,1.71343426278495,0.276,0.024,5.11332450849396e-80,"18","BTK"
4.14247802997571e-84,0.764631009621684,0.423,0.051,1.01291872788966e-79,"18","BSCL2"
7.35027603278849e-84,2.027672766484,0.968,0.268,1.79728949553744e-79,"18","FKBP11"
1.88736846595074e-83,0.974162515821216,0.295,0.027,4.61499337294275e-79,"18","IFNG-AS1"
1.93863156486618e-82,1.40946638247111,0.859,0.175,4.74034190241079e-78,"18","SRM"
5.25741134576157e-82,1.18540080575742,0.359,0.039,1.28554222226562e-77,"18","FBH1"
3.5509447339838e-81,1.59011500077109,0.333,0.034,8.6827700635372e-77,"18","ADAM19"
1.78038378695592e-80,2.18047928117753,1,0.413,4.35339443586461e-76,"18","XBP1"
4.42975762327044e-79,9.31252498734186,0.353,0.041,1.08316433404209e-74,"18","IGKV3-20"
6.75786163875639e-79,1.15539423860866,0.385,0.045,1.65243232790871e-74,"18","FUT8"
9.82162791871027e-79,1.17827390087372,0.429,0.055,2.40158445868304e-74,"18","EIF2AK3"
1.12399131687804e-78,0.702296175548402,0.468,0.063,2.74838356803018e-74,"18","UBA5"
4.55114310558731e-78,1.64781025916346,0.282,0.026,1.11284551217821e-73,"18","SEMA4A"
4.77877804517767e-78,1.37033163273292,0.532,0.081,1.16850680760684e-73,"18","PELI1"
1.04905002851571e-77,0.78876237788607,0.481,0.067,2.56513712972663e-73,"18","MCUR1"
2.77821931155797e-77,1.57773693609284,0.333,0.036,6.79330186062155e-73,"18","CPEB4"
2.40912283933487e-76,1.62914926877576,0.885,0.206,5.89078716674161e-72,"18","LMAN1"
4.79302743009222e-76,0.866205219036483,0.538,0.083,1.17199106720615e-71,"18","MEI1"
8.35923800430454e-76,1.04229418719283,0.468,0.066,2.04400087681255e-71,"18","SYVN1"
8.43692928620125e-76,0.943397842741788,0.353,0.04,2.06299794906193e-71,"18","IFNAR2"
1.26415885106782e-75,0.849095309613542,0.795,0.153,3.09112122263103e-71,"18","AKR1A1"
3.3395366567938e-75,1.09939170576204,0.282,0.027,8.16583503319221e-71,"18","GM2A"
3.49297345826596e-75,0.905718060207074,0.372,0.044,8.54101870015193e-71,"18","AARS"
4.05306499700243e-75,0.790978492520219,0.423,0.056,9.91055453067033e-71,"18","SLC50A1"
9.94572589496701e-75,2.02182128464548,0.994,0.431,2.43192889583733e-70,"18","HERPUD1"
4.64435700977926e-74,0.968714116240453,0.378,0.046,1.13563817603123e-69,"18","GMPPA"
5.52684420802992e-74,1.23902930041492,0.878,0.187,1.35142394574748e-69,"18","KDELR1"
1.09485775002224e-73,1.15741154485878,0.288,0.029,2.67714617035438e-69,"18","LINC02384"
3.63729856661627e-73,0.853097913958751,0.365,0.044,8.89392245509011e-69,"18","TMEM19"
1.46789801362895e-71,0.573410193589911,0.423,0.058,3.5893042229255e-67,"18","TSPAN3"
1.2317217231875e-70,1.76781371839014,0.603,0.111,3.01180595753807e-66,"18","EHMT1"
8.92015504824545e-70,1.83724574375341,0.962,0.299,2.18115631239698e-65,"18","SSR3"
3.49508524914551e-69,0.786060523063578,0.346,0.042,8.54618245121059e-65,"18","HSD17B8"
2.48062821468025e-68,0.697031248693727,0.564,0.096,6.06563211053616e-64,"18","CCNC"
6.73314341165128e-68,0.860373168747193,0.372,0.048,1.64638822701697e-63,"18","CREB3L2"
7.54154356770819e-68,2.17325656310597,1,0.563,1.84405823317601e-63,"18","HSP90B1"
8.73021046666017e-68,1.18076461594188,0.744,0.154,2.13471106330774e-63,"18","PRDM1"
2.18345851617404e-67,0.769942315543568,0.378,0.05,5.33899276374876e-63,"18","SCARB2"
2.463251018735e-67,0.651008394078804,0.692,0.132,6.02314139101082e-63,"18","NANS"
4.07527152135593e-67,1.75107430975088,0.968,0.28,9.96485392401951e-63,"18","MYDGF"
9.01570412616078e-67,0.736016927226526,0.321,0.038,2.20451997292883e-62,"18","FAM174A"
1.43171959937254e-66,0.947243253397465,0.519,0.086,3.50084076438574e-62,"18","B4GALT3"
3.3179858632562e-66,0.628574337702361,0.532,0.089,8.11313903283407e-62,"18","KLF13"
3.51939732049377e-66,1.01131729686003,0.41,0.059,8.60563032807136e-62,"18","MRPL23"
4.5615049129141e-66,0.701937148913385,0.462,0.071,1.11537918130576e-61,"18","PAPSS1"
1.03295374816909e-64,0.734130409483192,0.333,0.041,2.52577850502305e-60,"18","BCKDK"
1.21071548838601e-64,0.974234738307385,0.686,0.137,2.96044151220147e-60,"18","SEL1L"
1.51103024558804e-64,1.4993366302404,0.942,0.256,3.69477115651187e-60,"18","FKBP2"
3.50707726560406e-63,0.745285707257579,0.256,0.026,8.57550532985505e-59,"18","AKAP2"
2.60931685466736e-62,0.705525566242684,0.378,0.053,6.38030157303264e-58,"18","TMEM214"
1.56016089234568e-61,0.725243470142568,0.359,0.049,3.81490541396365e-57,"18","MAGED1"
2.55660542039232e-61,0.420809343730629,0.526,0.092,6.25141157394331e-57,"18","SLC38A10"
3.95139001858107e-61,1.16710879557705,0.487,0.084,9.66193887343442e-57,"18","WARS"
4.844970779386e-61,1.35742571910963,0.801,0.198,1.18469225497546e-56,"18","PIM2"
1.22629039580766e-60,1.20125731425581,0.385,0.056,2.9985252758289e-56,"18","TMEM156"
2.37524213448006e-60,0.528042601132477,0.436,0.069,5.80794206723064e-56,"18","THEMIS2"
3.77712097980921e-60,0.49183433909235,0.494,0.084,9.23581621982947e-56,"18","SLC35B1"
5.46066786049988e-60,0.770676663585311,0.372,0.053,1.33524250524943e-55,"18","NCLN"
8.1426447635732e-60,1.29778374417791,0.962,0.267,1.99103949758892e-55,"18","SELENOS"
1.03141966451249e-58,0.655483467056078,0.436,0.07,2.52202736366595e-54,"18","DNAJC10"
2.6207181788802e-58,1.48442694604003,0.333,0.045,6.40818009099786e-54,"18","ITGA6"
3.08169139423679e-58,0.258836744780557,0.551,0.102,7.53535179718779e-54,"18","MRPL40"
1.72793685552517e-57,1.06987407189071,0.397,0.061,4.22515119913014e-53,"18","GALNT2"
2.54321404759972e-57,0.590536763547694,0.436,0.071,6.21866698919084e-53,"18","ALG3"
8.7013024383447e-57,0.578636388065251,0.378,0.057,2.12764247222405e-52,"18","CCDC50"
8.71382886155482e-57,0.483569386389554,0.59,0.116,2.13070543322739e-52,"18","YIF1A"
1.15638608788937e-56,0.251702664660767,0.481,0.083,2.82759526210708e-52,"18","ARL1"
2.95140106752974e-55,1.04569478689441,0.859,0.221,7.21676589032373e-51,"18","MANF"
3.43904629753821e-55,0.464845546115325,0.365,0.055,8.40915600674044e-51,"18","TIFA"
3.64094996574292e-55,0.710814523924671,0.756,0.172,8.90285085623459e-51,"18","SEC61A1"
1.8614363429803e-54,0.481605670267847,0.404,0.065,4.55158414585544e-50,"18","CXXC5"
3.50797887174204e-54,0.75518292803428,0.692,0.156,8.57770993718363e-50,"18","GLRX"
9.24442520616534e-54,0.52447477966558,0.686,0.15,2.26044685141155e-49,"18","ATOX1"
1.36325152242884e-53,0.43277553533836,0.519,0.098,3.33342262264299e-49,"18","STT3A"
2.7781055027653e-53,0.35940364615618,0.545,0.106,6.79302357536171e-49,"18","HSPA13"
3.36356618343669e-53,1.45716952948932,0.942,0.306,8.2245920317394e-49,"18","SPCS3"
6.11190559678816e-53,0.282279094737112,0.558,0.11,1.49448315652664e-48,"18","FAM3C"
7.94718905570916e-53,1.02525527844482,0.577,0.122,1.943246667902e-48,"18","RHOB"
7.94970656627348e-53,0.652446352333133,0.404,0.067,1.94386224958519e-48,"18","ODF3B"
9.47252889282416e-53,0.785582128610216,0.455,0.082,2.31622276487336e-48,"18","CBWD5"
1.02361822267455e-52,0.49359602127036,0.59,0.121,2.50295127808382e-48,"18","ADA2"
4.09174790131886e-52,1.24564091034033,0.929,0.274,1.00051419683049e-47,"18","HM13"
9.95952707307766e-52,0.604820269482295,0.583,0.12,2.43530355990895e-47,"18","SELENOM"
1.43708805306516e-51,0.581780470168353,0.34,0.051,3.51396770735494e-47,"18","OGFOD3"
2.30052908150966e-51,0.254272519218714,0.615,0.131,5.62525371010743e-47,"18","TYMP"
3.15317982849355e-51,0.602110711007829,0.494,0.094,7.71015531663244e-47,"18","FNDC3A"
8.22154325348474e-50,0.421674065860088,0.737,0.172,2.01033175634209e-45,"18","LRRC59"
3.69901865318543e-49,0.521355592384599,0.622,0.137,9.04484041076901e-45,"18","PDXK"
1.04991649483874e-48,0.444326918190457,0.474,0.091,2.56725581317969e-44,"18","NUDT22"
1.34658371768165e-48,1.93408266227561,0.468,0.099,3.29266650647517e-44,"18","MIR155HG"
3.05300556171209e-48,0.453084248128687,0.353,0.057,7.46520919949841e-44,"18","SLC39A7"
3.52541333643846e-48,0.4876658519114,0.481,0.094,8.62034069025933e-44,"18","ST6GAL1"
4.34047103388853e-48,1.18750272793377,0.878,0.264,1.06133197720642e-43,"18","KDELR2"
5.08306301101474e-48,1.07562310975864,0.25,0.032,1.24291056745332e-43,"18","IL6R"
7.7816142640689e-48,0.487777905994019,0.526,0.108,1.90276031985013e-43,"18","MAN2B1"
1.35067639948814e-47,0.325867244810735,0.577,0.124,3.3026739320284e-43,"18","PLD3"
1.1299130431037e-46,0.321223839587409,0.423,0.078,2.76286337299718e-42,"18","SPTSSA"
1.14994050872169e-46,0.515244078940865,0.391,0.069,2.81183453192628e-42,"18","EBAG9"
2.35190933122337e-46,0.513632689658258,0.442,0.085,5.75088869670739e-42,"18","FBXW7"
4.12413549144314e-46,0.525952057572527,0.821,0.211,1.00843361036768e-41,"18","ATP5MC1"
5.04530324965642e-45,0.281454431467715,0.333,0.054,1.23367755060599e-40,"18","PARVB"
1.53270293928757e-44,0.742427523130719,0.378,0.068,3.74776522714597e-40,"18","FAM49A"
8.40931961667881e-44,0.662939403296119,0.269,0.039,2.0562468326703e-39,"18","FAM69A"
1.73175701929079e-43,0.834543726324257,0.865,0.246,4.23449226356983e-39,"18","ERGIC3"
2.48724993596498e-43,0.81954084616655,0.372,0.067,6.08182354342158e-39,"18","ETV6"
2.97848475465305e-43,0.273058864206487,0.75,0.188,7.28299092207765e-39,"18","CISD2"
8.33365067879678e-43,0.441330711238569,0.449,0.091,2.03774426397939e-38,"18","DCPS"
1.05516258991524e-42,0.785825051916963,0.282,0.043,2.58008356486075e-38,"18","ENTPD1"
1.86666557077333e-42,0.644507556497176,0.776,0.211,4.56437065365495e-38,"18","CD27"
1.88353238087586e-42,0.947683456796814,0.34,0.059,4.60561337771765e-38,"18","HIST1H2BK"
5.11613459128574e-42,0.568961315219861,0.455,0.094,1.25099723026119e-37,"18","SHMT2"
5.47305233266059e-42,0.649575497008387,0.846,0.235,1.33827075638217e-37,"18","ELL2"
1.08116785740159e-41,0.469333216360639,0.532,0.12,2.64367164491836e-37,"18","BACH1"
1.21382868841477e-41,0.340707948409203,0.385,0.073,2.96805390891181e-37,"18","MAN1A1"
3.01272770623745e-41,0.630608917792012,0.288,0.046,7.3667217872918e-37,"18","ZNF296"
8.67532975845871e-41,0.291511294117308,0.308,0.051,2.12129163253832e-36,"18","C12orf45"
2.10190489863468e-40,0.562807016781728,0.814,0.223,5.13957785814152e-36,"18","NPC2"
5.97000915769007e-40,0.351725996453313,0.635,0.158,1.45978663923838e-35,"18","SLAMF7"
7.38429974292377e-40,0.253591851280908,0.295,0.049,1.80560897313972e-35,"18","RDX"
1.79821412560681e-39,0.360629491363234,0.263,0.04,4.39699317993377e-35,"18","YIPF2"
4.1193854698704e-39,0.504463575577543,0.256,0.039,1.00727213509271e-34,"18","SLC39A4"
1.14666260021544e-38,0.769529901185659,0.269,0.043,2.80381939004678e-34,"18","KCNK6"
1.79025726151546e-38,0.640706134491532,0.359,0.069,4.37753705585761e-34,"18","RAPGEF1"
2.20921605821439e-38,0.42920929631005,0.692,0.182,5.40197510554583e-34,"18","MRPS24"
3.83273722839299e-38,0.554024195180328,0.263,0.042,9.37180907086653e-34,"18","COMMD3"
4.1109398120991e-38,1.22198346385439,0.288,0.049,1.00520700285447e-33,"18","FASTKD1"
1.01144478338009e-37,0.711326516255209,0.34,0.064,2.47318478432099e-33,"18","RIC1"
7.31663848280461e-37,0.463433748685113,0.295,0.052,1.78906444181538e-32,"18","ATP13A1"
9.6436307246437e-37,0.312521545074108,0.737,0.2,2.35806058478988e-32,"18","TMEM208"
1.8131121309465e-36,0.635308934933584,0.737,0.208,4.43342178259037e-32,"18","VOPP1"
1.94501584401709e-36,0.788249468775473,0.846,0.262,4.75595274179058e-32,"18","CYTOR"
8.04928207549121e-36,0.28184506243217,0.705,0.192,1.96821045309911e-31,"18","ACADVL"
1.04683065910387e-35,0.331150373273925,0.474,0.11,2.55971032764078e-31,"18","HYOU1"
1.27599821752327e-35,0.520164752555474,0.686,0.191,3.1200708414879e-31,"18","DNAJB11"
1.57072876074414e-35,0.769216436195783,0.865,0.274,3.84074596577158e-31,"18","TMED9"
1.47125518448832e-34,0.419377018594404,0.436,0.1,3.59751317711083e-30,"18","PLCG2"
2.25613775905166e-34,0.779652314479832,0.288,0.053,5.51670804843311e-30,"18","HIVEP1"
1.23245540279584e-33,0.323291174058107,0.545,0.141,3.01359995091639e-29,"18","BCL2L11"
1.44033055441272e-33,0.996781822045556,0.442,0.107,3.52189627164999e-29,"18","HIST1H1C"
2.2256914505355e-33,1.04520606340256,0.923,0.346,5.4422607348494e-29,"18","PDIA6"
2.98382545867482e-33,0.473335359811893,0.5,0.127,7.29605001155167e-29,"18","MIR4435-2HG"
4.92522616220393e-33,1.06159986523035,0.981,0.439,1.20431630118211e-28,"18","SPCS2"
7.79357809775979e-33,0.258727284462672,0.776,0.226,1.90568571646422e-28,"18","SEC13"
2.65434352718269e-32,0.339636302774479,0.782,0.234,6.49040079266711e-28,"18","MRPL52"
2.19581914880797e-30,0.560620579130023,0.256,0.047,5.36921698266526e-26,"18","CD70"
1.67648905068455e-29,0.270498315403865,0.686,0.204,4.09935102673385e-25,"18","MLEC"
5.08726006517735e-29,0.306399867165543,0.814,0.257,1.24393683113717e-24,"18","UFM1"
1.21410348709232e-28,0.260111333065734,0.769,0.24,2.96872584663814e-24,"18","SSR1"
1.30533955373474e-28,0.309815670413918,0.327,0.072,3.1918162767922e-24,"18","RUBCN"
1.65612776968133e-28,0.561352673266334,0.833,0.278,4.0495636224248e-24,"18","DNAJB9"
4.04244865213953e-28,0.463247989584872,0.359,0.085,9.88459544421158e-24,"18","NDUFA7"
5.82552508304567e-28,0.700720105241178,0.955,0.356,1.42445739330633e-23,"18","TRAM1"
3.5075987857445e-26,0.650083469636886,0.891,0.327,8.57678055090246e-22,"18","OSTC"
1.41609045362193e-25,0.527326601970411,0.782,0.279,3.46262437719634e-21,"18","LGALS1"
1.44790622919729e-25,0.337091492390041,0.276,0.06,3.5404203116332e-21,"18","SYK"
2.95671619014471e-25,0.758437962061997,0.872,0.336,7.22976242814185e-21,"18","RPN2"
1.02564224073346e-24,0.300614224972068,0.301,0.07,2.50790040704145e-20,"18","FCHSD2"
1.74923809771066e-24,0.851461795005588,0.391,0.109,4.27723699652211e-20,"18","GLA"
7.40152824929667e-23,0.531434309632452,0.917,0.356,1.80982168751802e-18,"18","TMED10"
9.92218429688039e-23,0.332821744145158,0.833,0.295,2.42617250427319e-18,"18","DDOST"
1.61552825294846e-22,0.396053470242276,0.859,0.307,3.95028968410957e-18,"18","ZNF706"
3.56235313987052e-21,0.352501007995832,0.724,0.268,8.71066589761139e-17,"18","H1FX"
6.46076051966024e-20,0.844340203833514,0.962,0.484,1.57978516226732e-15,"18","SEC61G"
6.60210340643334e-20,0.384184327643429,0.885,0.334,1.61434632494108e-15,"18","TMED2"
7.33821591171086e-20,0.83173288230874,0.987,0.595,1.79434055473154e-15,"18","SEC61B"
1.78380313680496e-19,1.31937912143279,0.987,0.728,4.36175543011548e-15,"18","PPIB"
2.64029042660723e-19,0.540310599993665,0.923,0.373,6.45603815113999e-15,"18","RPN1"
1.21822594386048e-18,0.420042338352266,0.276,0.074,2.97880607792764e-14,"18","ATF5"
2.08465056446902e-17,0.924383442140646,0.808,0.421,5.09738756023964e-13,"18","DUSP5"
1.7568553776714e-16,0.59191009649904,0.949,0.453,4.2958627694821e-12,"18","NME2"
2.10470855863058e-16,0.733789746778298,0.942,0.489,5.14643336756349e-12,"18","SPCS1"
3.8989113844964e-16,0.755327913567119,0.962,0.486,9.53361811737061e-12,"18","TMEM258"
1.63380221234678e-15,0.662965660601196,0.564,0.225,3.99497316963035e-11,"18","ANKRD37"
2.84550650605204e-15,0.422841627101493,0.949,0.413,6.95783250859845e-11,"18","P4HB"
4.34432432760391e-15,0.462275953549708,0.942,0.434,1.06227418458571e-10,"18","RABAC1"
8.59874428101874e-14,0.253632174408152,0.269,0.084,2.1025649515947e-09,"18","ITPR2"
1.56582806898265e-10,0.268625563166702,0.853,0.405,3.82876279427637e-06,"18","NEAT1"
5.32382983300971e-10,0.323653260079591,0.917,0.425,1.30178287076753e-05,"18","MTDH"
6.59325206777495e-08,0.342844034863253,0.949,0.563,0.00161218199561233,"18","ISG20"
2.00346872030519e-05,0.475614385866181,0.878,0.547,0.489888171489026,"18","SAT1"
0,11.6496916500262,0.991,0.001,0,"19","LILRA4"
0,6.16751163398768,0.981,0.03,0,"19","TCF4"
0,8.20370171304078,0.963,0.017,0,"19","PLD4"
0,8.30153519490064,0.954,0.01,0,"19","IL3RA"
0,3.488404050356,0.972,0.031,0,"19","JCHAIN"
0,6.18013884555542,0.954,0.038,0,"19","APP"
0,5.17843239499034,0.935,0.055,0,"19","CCDC50"
0,6.23321481197242,0.889,0.015,0,"19","TSPAN13"
0,11.5479633184443,0.87,0.001,0,"19","CLEC4C"
0,1.99983682914803,0.907,0.039,0,"19","IGKC"
0,9.44408313189132,0.87,0.003,0,"19","SERPINF1"
0,5.450938951812,0.889,0.031,0,"19","RNASE6"
0,5.17612954930363,0.87,0.02,0,"19","SPIB"
0,4.56528853978039,0.88,0.031,0,"19","MZB1"
0,5.30858173595698,0.889,0.048,0,"19","PPP1R14B"
0,5.55782028112101,0.852,0.029,0,"19","MPEG1"
0,5.55137241209469,0.843,0.026,0,"19","TGFBI"
0,4.34231443787754,0.852,0.038,0,"19","CD68"
0,8.76952716201543,0.806,0.003,0,"19","EGLN3"
0,13.761893545329,0.796,0,0,"19","SCT"
0,4.14315292423985,0.824,0.038,0,"19","CYBB"
0,5.2452211813285,0.787,0.017,0,"19","FAM129C"
0,6.75782316027931,0.778,0.013,0,"19","LILRB4"
0,8.70859491828154,0.759,0.006,0,"19","P2RY6"
0,5.76359369550599,0.75,0.011,0,"19","DERL3"
0,6.77997028882917,0.75,0.024,0,"19","SOX4"
0,7.98666793968779,0.722,0.005,0,"19","TPM2"
0,4.58528888934325,0.731,0.025,0,"19","CIITA"
0,15.1852644972714,0.704,0,0,"19","LRRC26"
0,5.38471185890167,0.722,0.019,0,"19","LGMN"
0,6.20043399172911,0.704,0.013,0,"19","SULF2"
0,4.17530238058343,0.713,0.028,0,"19","GNG7"
0,7.64522035754789,0.676,0.007,0,"19","MYBL2"
0,6.40192060708493,0.667,0.005,0,"19","DNASE1L3"
0,5.65510520278096,0.667,0.013,0,"19","BCL11A"
0,5.52397068850742,0.667,0.014,0,"19","SMPD3"
0,6.29003742319232,0.657,0.007,0,"19","MAP1A"
0,11.7240845914415,0.648,0,0,"19","PTCRA"
0,10.4560742721406,0.639,0.001,0,"19","PTPRS"
0,6.87418652193017,0.62,0.01,0,"19","GAS6"
0,7.11147597956907,0.62,0.01,0,"19","THBD"
0,4.6821402392966,0.62,0.019,0,"19","P2RY14"
0,8.6205541775034,0.602,0.003,0,"19","TNFRSF21"
0,5.32649118570566,0.574,0.017,0,"19","LINC00996"
0,10.8084274311918,0.546,0.001,0,"19","LAMP5"
0,5.1865877184317,0.537,0.012,0,"19","GAPT"
0,4.97189164423734,0.537,0.015,0,"19","ZFAT"
0,4.69319952807677,0.537,0.016,0,"19","TUBB6"
0,5.48491569244089,0.528,0.01,0,"19","DAB2"
0,5.17407605811451,0.519,0.011,0,"19","WDFY4"
0,6.3834122765058,0.5,0.008,0,"19","CSF2RB"
0,5.54633789199812,0.5,0.01,0,"19","ZBTB18"
0,8.77124338530249,0.481,0.002,0,"19","SCAMP5"
0,7.52788832275164,0.481,0.003,0,"19","RHEX"
0,5.23448733308538,0.481,0.005,0,"19","FCER1A"
0,10.7520283279264,0.472,0,0,"19","SHD"
0,6.96004689604775,0.463,0.002,0,"19","PACSIN1"
0,7.3780539929067,0.454,0.001,0,"19","EPHB1"
0,9.19457135282592,0.444,0.001,0,"19","SCN9A"
0,5.34057036098482,0.444,0.008,0,"19","CIB2"
0,12.2351730179515,0.435,0,0,"19","KCNK17"
0,5.50199397376053,0.444,0.011,0,"19","P2RX1"
0,11.9054714924261,0.417,0,0,"19","KRT5"
0,8.02919991527886,0.417,0.002,0,"19","TLR9"
0,5.53262936855488,0.398,0.008,0,"19","CBFA2T3"
0,5.78985672516276,0.389,0.005,0,"19","AEBP1"
0,8.84609225006711,0.38,0.001,0,"19","CRYM"
0,5.80393722830465,0.37,0.007,0,"19","MILR1"
0,6.46785605572888,0.361,0.005,0,"19","CALCRL"
0,5.6015515694454,0.352,0.006,0,"19","ST14"
0,7.45578083576485,0.343,0.002,0,"19","NRP1"
0,14.112927761737,0.324,0,0,"19","CUX2"
0,9.20008001964651,0.315,0.001,0,"19","DRD4"
0,13.976303276647,0.306,0,0,"19","AC097375.1"
0,8.09724314774248,0.296,0.002,0,"19","SH3BP4"
0,6.3110762899839,0.296,0.004,0,"19","SNCA"
0,10.5274820409724,0.287,0,0,"19","ASIP"
0,9.06070444378083,0.278,0.001,0,"19","P3H2"
0,9.17651779688222,0.269,0,0,"19","CYYR1"
0,8.44152061768411,0.259,0,0,"19","SLC32A1"
0,7.7864055214448,0.259,0.001,0,"19","FAM160A1"
0,6.65491823252541,0.259,0.002,0,"19","CPLX1"
0,7.03605393721587,0.259,0.002,0,"19","GPM6B"
0,8.94014500712909,0.25,0,0,"19","AC023590.1"
0,9.62336319480942,0.25,0,0,"19","PLVAP"
0,6.72783311523942,0.25,0.002,0,"19","AC119428.2"
2.96439387504748e-323,3.35540327288467,0.991,0.062,7.2485359032661e-319,"19","CST3"
3.43833128647715e-318,5.96348310360411,0.269,0.004,8.40740766169394e-314,"19","GMPR"
2.97346597184304e-307,4.11529573659676,0.667,0.028,7.27071899435061e-303,"19","PHACTR1"
6.16823916786907e-300,4.20857952974187,0.713,0.034,1.50825784132735e-295,"19","MS4A6A"
7.42542358814884e-297,4.92626005640864,0.38,0.009,1.81566457577416e-292,"19","FADS2"
2.2474295830278e-296,4.60772152529627,0.583,0.022,5.49541481641958e-292,"19","SMIM3"
1.99928655290565e-290,4.38882497195456,0.463,0.014,4.88865547916489e-286,"19","CD36"
7.859643997209e-290,4.24529004156161,0.713,0.035,1.92184015019754e-285,"19","PMEPA1"
5.17950324064701e-286,4.27740557207514,0.759,0.041,1.26649213240301e-281,"19","OPN3"
3.19292315453539e-285,4.61593899214878,0.676,0.032,7.80733569746994e-281,"19","CORO1C"
5.63377555757999e-284,4.1708965256931,0.528,0.019,1.37757079933946e-279,"19","LILRA5"
1.51970619482963e-269,5.80381062759752,0.259,0.004,3.71598558759742e-265,"19","CLCN5"
2.70731129763373e-265,3.88133380664697,0.796,0.048,6.61991758497398e-261,"19","SPINT2"
2.55204236681157e-259,4.25135091963031,0.63,0.03,6.24025399532766e-255,"19","CHAF1A"
7.4166089855138e-258,5.63414490505707,0.25,0.004,1.81350922913783e-253,"19","SERPING1"
4.18845635634463e-247,4.58618937794632,0.5,0.02,1.02416134825339e-242,"19","ARID3A"
4.59297277313525e-247,4.69630355065231,0.361,0.01,1.12307370248703e-242,"19","TMEM8B"
3.88319596110213e-245,4.1791302742399,0.528,0.022,9.49519076408694e-241,"19","ALDH2"
8.82429363001699e-235,4.93595559347475,0.25,0.005,2.15771627841175e-230,"19","CCDC189"
2.48354630538249e-234,4.88925617256372,0.315,0.008,6.07276742592126e-230,"19","SCARB1"
4.01942844669716e-234,5.48465871062968,0.287,0.006,9.82830643786389e-230,"19","TNNI2"
1.60200188854418e-227,3.9142287462017,0.593,0.03,3.91721501786822e-223,"19","SEMA7A"
2.03525978129571e-227,4.15633509451852,0.806,0.059,4.97661721722427e-223,"19","CYB561A3"
1.18604854444809e-222,5.27083653513613,0.25,0.005,2.90012590088447e-218,"19","GAB1"
6.16173209692463e-222,4.1470829833828,0.648,0.038,1.50666673234001e-217,"19","CCDC88A"
5.17148001046384e-221,3.84393047737801,0.639,0.036,1.26453029215862e-216,"19","ST6GALNAC4"
2.75198468661782e-220,4.41301235145993,0.426,0.016,6.72915295571789e-216,"19","BLNK"
7.60901038977007e-217,4.93770286081692,0.259,0.006,1.86055522050658e-212,"19","AMN"
9.38633478612749e-215,4.72215697306162,0.37,0.012,2.29514658190389e-210,"19","TNFSF13"
4.9292873979192e-212,4.56712234065661,0.324,0.009,1.2053093545392e-207,"19","NEK8"
3.27504405195098e-211,4.1834953602096,0.907,0.084,8.00813771583054e-207,"19","UGCG"
9.63124089149533e-209,4.35647202067959,0.5,0.024,2.35503102278844e-204,"19","MGST2"
3.03627909251048e-206,5.06708432291539,0.269,0.006,7.42430963700662e-202,"19","CLMN"
4.15229446458073e-203,4.65188321338524,0.361,0.012,1.01531904247928e-198,"19","CSF2RA"
1.31071437003821e-201,3.39724089652027,0.704,0.048,3.20495877761742e-197,"19","HVCN1"
1.01876496777255e-197,3.61321220195872,0.769,0.06,2.49108409919745e-193,"19","GNA15"
7.524865510709e-197,3.52996851278293,0.537,0.029,1.83998011467857e-192,"19","DPYSL2"
6.2961519462538e-195,3.51425768810608,0.731,0.054,1.53953507389798e-190,"19","GSN"
4.61609963093168e-193,3.84032095697537,0.704,0.052,1.12872868175541e-188,"19","UNC93B1"
3.4605690575685e-192,4.04439931864822,0.907,0.095,8.46178345956648e-188,"19","GRN"
3.30553745804228e-189,4.34006023299284,0.352,0.013,8.08270019240498e-185,"19","COBLL1"
8.83774461764453e-189,4.49397392034515,0.315,0.01,2.16100531390644e-184,"19","NREP"
2.35975637448227e-186,5.05402236867555,0.417,0.018,5.77007628688405e-182,"19","FADS1"
1.90184880488696e-182,3.37659086551329,0.528,0.03,4.6504006977096e-178,"19","AFF3"
1.22911865415791e-181,4.03317078721467,0.972,0.12,3.00544093314692e-177,"19","IRF8"
2.96396859410843e-181,3.09242664341125,0.722,0.056,7.24749600631394e-177,"19","MEF2C"
3.17530671211096e-178,3.56346678510556,0.778,0.068,7.76425997245372e-174,"19","FCHSD2"
4.07565384910508e-178,4.37860778029774,0.769,0.071,9.96578879183175e-174,"19","LDLRAD4"
6.17628553949155e-178,4.60423705211435,0.324,0.011,1.51022534011647e-173,"19","PLXNB2"
2.39622545851475e-177,4.08647350616434,0.324,0.011,5.85925049116027e-173,"19","FAM213A"
2.57525708675307e-177,4.15017641702932,0.407,0.018,6.29701862852861e-173,"19","UBE2E2"
1.55589207213997e-176,4.43545588425176,0.963,0.13,3.80446729479666e-172,"19","ITM2C"
3.53402082733396e-175,3.38074066286496,0.852,0.082,8.64138772699699e-171,"19","RNF130"
7.06585620903232e-175,4.40663552184024,0.287,0.009,1.72774316023258e-170,"19","SLC9A7"
3.40897185117459e-174,3.99770771022981,0.657,0.05,8.33561797049211e-170,"19","C12orf45"
2.59230889483707e-172,3.42125917922729,0.472,0.025,6.3387137096556e-168,"19","MYO1E"
5.54363955811358e-172,3.80517579582197,0.972,0.126,1.35553074474993e-167,"19","CTSB"
6.48756484830092e-172,3.39029776657487,0.796,0.073,1.58633935670654e-167,"19","FCGRT"
7.55643669674359e-164,3.46794522221727,0.546,0.035,1.84769990108774e-159,"19","FLNB"
1.33729101230013e-163,3.4911415854082,0.657,0.052,3.26994398327629e-159,"19","C3orf58"
9.71076742988013e-155,4.1881589826063,0.287,0.01,2.37447685195429e-150,"19","TCL1A"
3.51193898930931e-153,3.20447250124782,0.769,0.075,8.58739321665913e-149,"19","CD4"
5.23400572422643e-153,3.67328613902944,0.713,0.068,1.27981907968785e-148,"19","THEMIS2"
8.75315517812553e-153,3.70093298597209,0.759,0.076,2.14032150415525e-148,"19","SEL1L3"
2.02308270123128e-149,3.28799248074651,0.667,0.058,4.94684182105072e-145,"19","SH2B3"
8.27824830321709e-148,3.34155888636097,0.435,0.025,2.02419727510264e-143,"19","LILRB2"
3.82966807055956e-147,3.96386389710592,0.343,0.016,9.36430436613223e-143,"19","VEGFB"
1.33738222048983e-146,3.97387032409495,0.88,0.119,3.27016700554173e-142,"19","IRF4"
1.66047918048748e-145,3.58057483978329,0.602,0.049,4.06020369212798e-141,"19","GRASP"
3.46614485839446e-144,3.49825399855484,0.426,0.025,8.47541740774614e-140,"19","CD302"
2.61553273316911e-143,3.99649696971086,0.37,0.019,6.3955006391451e-139,"19","RBM47"
2.49055804849172e-141,2.97542266996939,0.907,0.119,6.08991254017195e-137,"19","SELL"
9.89605858186734e-140,4.41299160650607,0.972,0.176,2.4197842444382e-135,"19","IRF7"
3.93980658723107e-139,3.22419072384999,0.861,0.107,9.63361506709741e-135,"19","MAN2B1"
2.46351014108476e-127,3.13927397593199,0.815,0.102,6.02377499698045e-123,"19","CTSZ"
2.18608180333966e-126,2.85106927347979,0.815,0.099,5.34540722552613e-122,"19","CAPG"
5.72993101885709e-123,5.1653609801642,0.37,0.023,1.40108273273093e-118,"19","PTGDS"
3.29796893525211e-122,3.49501946171327,0.343,0.019,8.06419364047846e-118,"19","FUZ"
2.94203591477608e-121,2.78252558768468,0.75,0.086,7.19386621881046e-117,"19","HLA-DMB"
9.65819846279165e-120,3.0582253386632,0.676,0.073,2.36162268812182e-115,"19","DDAH2"
4.57502809867714e-118,3.92570439167314,0.287,0.014,1.11868587068853e-113,"19","TBC1D8"
4.36264338431449e-117,3.13469462076811,0.407,0.027,1.06675356033258e-112,"19","MOB1B"
1.08741371828183e-115,3.79814863550846,0.315,0.017,2.65894402394274e-111,"19","ALCAM"
1.65665609597343e-115,3.37032800010532,0.333,0.019,4.05085548587423e-111,"19","HS3ST3B1"
6.7779215071805e-114,3.41406461144416,0.75,0.101,1.65733736693578e-109,"19","POLB"
7.57267113436606e-114,3.2853159778047,0.352,0.021,1.85166954577519e-109,"19","HLA-DOA"
6.85763975922394e-113,3.35471168099622,0.333,0.019,1.67683007392544e-108,"19","GNA12"
1.38739349342037e-112,3.20129611879198,0.926,0.167,3.3924545701115e-108,"19","PTPRE"
1.64655452396016e-112,2.93989492223061,0.583,0.058,4.02615512198739e-108,"19","TSPAN3"
7.85871175124285e-111,3.35170041121329,0.981,0.224,1.9216121974139e-106,"19","NPC2"
1.77878869665376e-108,3.44814374908785,0.333,0.02,4.34949412105777e-104,"19","FGD2"
5.62327639314811e-107,3.42620700618334,0.296,0.016,1.37500354365258e-102,"19","CTNS"
1.10612808371902e-106,2.32653215933078,0.361,0.023,2.70470439030974e-102,"19","RUBCNL"
2.22269289546621e-105,3.10695675788121,0.713,0.093,5.43492866799398e-101,"19","RRBP1"
2.56259862690738e-105,3.38703548718695,0.269,0.013,6.26606616251394e-101,"19","LINC02132"
4.19301517527994e-105,2.72700919610451,0.796,0.113,1.02527607065945e-100,"19","CAT"
7.60577728129336e-105,2.50795760432779,0.63,0.071,1.85976466082185e-100,"19","PLAUR"
1.07756835898159e-104,4.56275640958364,0.907,0.21,2.63487015138178e-100,"19","GPR183"
3.28843223516012e-104,3.04934334360087,0.889,0.156,8.04087450141353e-100,"19","NCF1"
1.18899720313047e-103,3.70580937705537,0.324,0.02,2.90733596109463e-99,"19","WNT10A"
1.2879911283379e-103,3.1765633878046,0.62,0.071,3.14939590701184e-99,"19","RUBCN"
3.34724935707817e-102,3.04822313684527,0.537,0.054,8.18469412792755e-98,"19","PARVB"
3.82278267624043e-100,3.14543874193161,0.361,0.025,9.34746819994311e-96,"19","MFSD12"
4.73054542013181e-100,3.75934764865693,0.269,0.014,1.15671296613063e-95,"19","KMO"
6.37129406645842e-100,3.19771984226685,0.556,0.059,1.55790882513041e-95,"19","EIF2AK4"
3.93816678871545e-99,2.63165197160375,0.676,0.084,9.62960543176703e-95,"19","SIDT1"
6.72524530247771e-99,2.71740064107989,0.722,0.098,1.64445698136185e-94,"19","CD2AP"
1.48728756526062e-97,2.49849597603354,0.963,0.185,3.63671555457527e-93,"19","FCER1G"
1.63764054517746e-96,2.8024822374721,0.472,0.043,4.00435866106792e-92,"19","ANTXR2"
6.0608304092817e-96,3.12963807981938,0.343,0.024,1.48199425167756e-91,"19","BTK"
2.06814090863965e-95,2.73609246587152,0.852,0.149,5.05701814980567e-91,"19","TRAF4"
7.52962945604782e-95,3.25025063424036,0.269,0.015,1.84114499459281e-90,"19","SLC25A29"
1.48312434955031e-94,2.90053934022473,0.583,0.067,3.62653565952043e-90,"19","ETV6"
2.19628750117439e-92,3.40386291386732,0.278,0.016,5.37036219787162e-88,"19","GNB4"
7.67292359202661e-91,3.15752682976913,0.361,0.028,1.87618327672235e-86,"19","SRD5A1"
1.47592721134409e-90,3.04959213717798,0.954,0.243,3.60893721717856e-86,"19","PLAC8"
1.5573407554687e-90,3.21154630909632,0.954,0.264,3.80800961527207e-86,"19","C12orf75"
8.04762388764872e-90,3.68336018581589,0.343,0.026,1.96780499300787e-85,"19","KLF4"
1.32936312559292e-89,3.33351875628183,0.25,0.014,3.25055871469981e-85,"19","RAB34"
1.67299784879805e-89,2.97456438449182,0.333,0.024,4.09081433988098e-85,"19","ARMH1"
4.39410751738237e-89,3.18802534308914,0.25,0.014,1.07444717015034e-84,"19","TENT4A"
1.01759812585569e-87,2.92715570203412,0.509,0.056,2.48823093734235e-83,"19","NRROS"
1.05708858519003e-87,3.15978735701562,0.389,0.033,2.58479300850666e-83,"19","CHPF"
1.35840435422969e-87,2.96647669345456,0.454,0.044,3.32157032696245e-83,"19","RUNX2"
1.40341351372272e-86,2.64601260830927,1,0.301,3.43162672375479e-82,"19","HLA-DRA"
5.41001477972596e-86,2.51623587125027,0.574,0.069,1.32285681393859e-81,"19","SLC15A4"
2.45365815305081e-84,2.93070534843203,0.278,0.018,5.99968491583985e-80,"19","TTC24"
4.38722286667473e-84,2.62867690678489,0.583,0.074,1.07276373535931e-79,"19","IDH3A"
4.59362811957403e-84,2.97759682251541,0.852,0.186,1.12323394779824e-79,"19","RAB11FIP1"
4.83617464144579e-84,2.93183190029042,0.75,0.13,1.18254142332633e-79,"19","BID"
1.16049373445375e-82,2.45556076074891,0.935,0.217,2.83763927948632e-78,"19","HLA-DMA"
1.82899961824877e-82,3.29394038872402,0.324,0.025,4.47226986654188e-78,"19","ASPH"
5.59014650926467e-82,3.24949291856534,0.352,0.029,1.3669026244454e-77,"19","IFIT2"
6.38499066385225e-82,2.47494558192611,0.38,0.033,1.56125791712515e-77,"19","TBC1D4"
1.48150733139484e-81,3.40899556744277,0.306,0.022,3.62258172672666e-77,"19","PBX3"
9.34813587853407e-81,3.46527122281686,0.259,0.016,2.28580618501915e-76,"19","RAB40B"
2.14899893637946e-80,2.88126309719164,0.407,0.039,5.25473219923506e-76,"19","TP53I11"
9.67863243515489e-80,2.21346318818293,0.898,0.192,2.36661920304407e-75,"19","STMN1"
8.65035864182449e-79,3.46286201849855,0.315,0.024,2.11518569509892e-74,"19","SEPHS1"
2.31332745761909e-78,2.33578195234684,0.759,0.13,5.65654829937019e-74,"19","JAML"
1.76446008780447e-77,2.58933790319322,0.315,0.024,4.31445780669949e-73,"19","KYNU"
5.23074942146286e-77,2.53772532419895,0.519,0.062,1.2790228485361e-72,"19","GRAMD1B"
7.47009243857658e-77,2.97632840686537,0.463,0.052,1.82658700308075e-72,"19","HIVEP1"
1.07661438818009e-76,4.02548317707512,0.278,0.02,2.63253750197795e-72,"19","RASD1"
2.01911195911412e-76,2.84901173298893,0.38,0.036,4.93713256242583e-72,"19","NAGA"
2.52537629626979e-76,2.56137905120828,0.435,0.046,6.17505011963888e-72,"19","SLC12A7"
6.71863699136808e-76,2.12886535395672,0.713,0.113,1.64284111712932e-71,"19","AD000671.2"
8.72675228136194e-76,2.34660266721978,0.926,0.229,2.13386546783862e-71,"19","HLA-DQB1"
3.98408523448452e-75,2.60882367845576,0.444,0.048,9.74188521536154e-71,"19","LRR1"
6.41792635638039e-75,2.42411666373471,0.528,0.066,1.56931135266213e-70,"19","MIIP"
2.10258600459148e-74,2.34585662146843,0.583,0.08,5.14124329842709e-70,"19","FEZ2"
2.69301617936042e-74,2.34968011379602,0.685,0.11,6.58496316177211e-70,"19","KLF10"
3.6170347843216e-74,2.7260126539426,0.444,0.049,8.84437345462318e-70,"19","SH3TC1"
3.71031436940939e-74,2.36103206939715,0.398,0.039,9.07246069607985e-70,"19","F11R"
1.72724941222829e-73,2.58007201032654,0.944,0.298,4.22347026278062e-69,"19","PLP2"
2.4147567863405e-73,2.68735515650519,0.343,0.03,5.9045632939598e-69,"19","ATP13A2"
8.83917400303224e-73,2.61776627574604,0.389,0.039,2.16135482722144e-68,"19","TNFSF13B"
1.27856631170519e-72,2.88284783583449,0.324,0.028,3.12635034538153e-68,"19","RIPOR1"
8.90461421604952e-72,2.4189140577397,0.565,0.079,2.17735626810843e-67,"19","RASSF2"
3.3845632501615e-71,2.36935852066291,0.944,0.276,8.27593405929491e-67,"19","HLA-DQA1"
1.62436445346514e-70,2.17202736590689,0.806,0.159,3.97189596161295e-66,"19","IGFLR1"
2.78300888892635e-70,2.69761959439262,0.361,0.035,6.80501333520271e-66,"19","SMCO4"
6.67299064931143e-70,2.69442365443639,0.343,0.032,1.63167967356963e-65,"19","ST3GAL2"
7.85113107145456e-70,2.24225007605829,0.481,0.059,1.91975856959207e-65,"19","SYK"
1.82924238153104e-69,3.22924228949686,0.278,0.022,4.4728634713197e-65,"19","SRD5A3"
1.83199303737447e-69,2.78409343347652,0.296,0.024,4.47958937498806e-65,"19","TATDN3"
3.89272786118852e-69,3.07811915102762,0.269,0.02,9.51849816617816e-65,"19","GRAMD4"
2.4240630680379e-68,2.21994195187636,0.574,0.083,5.92731901396628e-64,"19","CUX1"
5.70006959195498e-68,2.33678440616034,0.944,0.27,1.39378101662483e-63,"19","GZMB"
7.66816751203527e-68,2.91278821642514,0.306,0.026,1.87502032004286e-63,"19","MYL6B"
2.35569736039646e-67,2.17057068640011,0.519,0.069,5.76015118564143e-63,"19","SMIM14"
1.49020907237659e-66,2.55164209949507,0.463,0.058,3.64385922377523e-62,"19","SNRNP25"
1.88791377357912e-66,2.90650337914562,0.426,0.05,4.61632675915567e-62,"19","SCARB2"
2.41383557743191e-66,2.94334496603429,0.667,0.125,5.90231075393652e-62,"19","MX1"
3.09664137380545e-66,2.51825248008951,0.352,0.035,7.57190748722908e-62,"19","CERS6"
9.45854702005325e-66,2.49450428556588,0.37,0.038,2.31280391734342e-61,"19","ABHD15"
1.48765584051802e-65,2.40264483124261,0.917,0.269,3.63761606123467e-61,"19","SELENOS"
1.68686762213919e-65,2.53433780164419,0.991,0.596,4.12472870965474e-61,"19","SEC61B"
6.96891553404958e-65,2.36148546072826,0.38,0.04,1.7040392263858e-60,"19","ZDHHC17"
2.659499491248e-64,2.62747968185236,0.343,0.034,6.5030081559996e-60,"19","FES"
3.38518794685871e-64,2.24390815172783,0.574,0.086,8.27746156765893e-60,"19","RELL1"
2.27017037122656e-63,3.50728899195621,0.944,0.4,5.55102059172318e-59,"19","TXN"
4.47109270048495e-63,2.17284681391535,0.694,0.13,1.09327158712258e-58,"19","BRI3"
5.23656655074689e-63,2.75175520940223,1,0.894,1.28044525298863e-58,"19","CD74"
8.3475128467515e-63,2.24518646065351,0.417,0.049,2.04113384128768e-58,"19","ZDHHC4"
1.58252637285873e-62,2.58673908420316,0.343,0.035,3.86959348691416e-58,"19","DAAM1"
4.1157666456307e-62,2.27300855593956,0.963,0.36,1.00638726018962e-57,"19","RNASET2"
6.9671990859905e-62,2.16260114771125,0.713,0.135,1.7036195205064e-57,"19","MALT1"
1.06796171166999e-61,1.93000464476321,0.509,0.071,2.61137997737546e-57,"19","NADK"
1.62049518937328e-61,2.34677614440664,0.694,0.134,3.96243483705555e-57,"19","HIGD1A"
2.57105822157933e-61,2.35283074424216,0.398,0.047,6.28675156340578e-57,"19","CLN8"
3.62231638618547e-61,2.14168528956986,0.491,0.068,8.8572880275007e-57,"19","NME4"
4.79169873162301e-61,2.37711635414269,0.472,0.065,1.17166617385646e-56,"19","LAIR1"
9.80161138736197e-61,2.68583319740558,0.296,0.027,2.39669001643775e-56,"19","CD9"
4.32878469405033e-60,2.41135834325627,0.315,0.031,1.05847443338919e-55,"19","SUSD1"
1.32487446260576e-59,2.38632564103874,0.787,0.178,3.23958303596361e-55,"19","SLC20A1"
1.99173228161289e-59,2.3580680209946,0.417,0.052,4.87018377499983e-55,"19","TAX1BP3"
2.51894625187058e-59,2.08285355689572,0.824,0.189,6.15932737507395e-55,"19","PPM1K"
2.9689812344163e-59,2.08624689459347,1,0.512,7.25975291439474e-55,"19","HLA-DPA1"
1.2275569661219e-58,2.16369307807603,0.491,0.07,3.00162229356127e-54,"19","TGFBR1"
2.72635476882524e-58,1.93370848664068,0.676,0.125,6.66648268073148e-54,"19","SFT2D2"
2.00666345763314e-57,2.10359847697557,0.38,0.045,4.90669348660454e-53,"19","TMEM19"
2.47042533926865e-57,2.67362808715636,0.389,0.048,6.0406840395797e-53,"19","TMEM159"
2.71505956816616e-57,1.93365460213745,1,0.506,6.63886365607989e-53,"19","HLA-DRB1"
6.37657488703354e-57,2.58020209495081,0.315,0.032,1.55920009137744e-52,"19","MAP2K6"
7.30102749749818e-57,2.02905309718482,0.62,0.11,1.78524724368826e-52,"19","HYOU1"
9.357358740285e-57,2.26985396257088,0.444,0.061,2.28806135917449e-52,"19","AHCY"
1.39712863136954e-56,2.15002246639166,0.491,0.073,3.41625892942481e-52,"19","EDEM1"
1.61442039700399e-56,2.13043685297134,0.352,0.039,3.94758075475416e-52,"19","SH2D3C"
2.15765748774265e-56,1.97894670079924,0.565,0.092,5.27590408902832e-52,"19","SNAP29"
4.59421255587879e-56,2.07563805477482,0.648,0.122,1.12337685416348e-51,"19","PGD"
7.63391413253574e-56,2.20827978769303,0.389,0.048,1.86664468368764e-51,"19","PLIN3"
1.10599727264318e-55,2.17280667149247,0.481,0.071,2.7043845310671e-51,"19","SMC6"
3.22393050850268e-55,2.18587257835811,0.824,0.239,7.88315487939076e-51,"19","HLA-DRB5"
5.04171374776775e-55,2.4542755744147,0.324,0.035,1.23279984560417e-50,"19","ADAM19"
5.57256124740043e-55,2.33395611444606,0.444,0.063,1.36260267621435e-50,"19","AGPAT2"
5.67712309948431e-55,2.97729234485096,0.472,0.073,1.3881701402859e-50,"19","ATF5"
7.45311592474452e-54,1.92377524267794,0.676,0.135,1.82243590591853e-49,"19","TPP1"
7.71801405011061e-54,1.74910943191206,0.75,0.164,1.88720879553305e-49,"19","LYN"
1.71068244015461e-53,2.92932985560449,0.259,0.024,4.18296070266604e-49,"19","INPP5F"
2.64669653287641e-53,2.14302388575589,0.843,0.23,6.4717023621894e-49,"19","TM9SF2"
4.02314035869848e-53,2.0148599313742,0.889,0.278,9.83738280508952e-49,"19","CNPY3"
9.09626749735551e-53,1.95015249324481,0.407,0.054,2.22421932845337e-48,"19","SPNS3"
3.7568909921936e-52,1.71922551669415,0.991,0.512,9.18634985411178e-48,"19","HLA-DPB1"
8.33478649989892e-52,1.71514299052625,0.435,0.061,2.03802199495528e-47,"19","PI4KA"
1.14304486935303e-51,2.00419235793226,0.63,0.124,2.79497331454202e-47,"19","DCK"
2.0692253159669e-51,1.73946942028816,0.667,0.133,5.05966974260227e-47,"19","SKAP2"
4.08186710087863e-51,2.49346340032992,0.296,0.032,9.98098143506843e-47,"19","CYSLTR1"
4.37601897113634e-50,2.35697770540549,0.954,0.433,1.07002415882226e-45,"19","HERPUD1"
6.13253599200414e-50,2.04708437240274,0.407,0.057,1.49952770076485e-45,"19","WDFY2"
3.81033542288325e-49,1.92649262617545,0.954,0.49,9.31703217603412e-45,"19","SPCS1"
4.33459575100524e-49,1.82215754553257,0.444,0.067,1.0598953530358e-44,"19","BCL2L13"
4.81344647579945e-49,2.49870757334557,0.889,0.354,1.17698393226248e-44,"19","RGS2"
5.69587454621234e-49,2.20589036726703,0.481,0.08,1.39275524403984e-44,"19","MAPKAPK2"
1.28425622246293e-48,2.09831209800062,0.324,0.039,3.14026331516636e-44,"19","SLC43A3"
1.50967445365224e-48,1.85786235114199,0.389,0.053,3.69145597407045e-44,"19","SLC25A19"
4.49132244418261e-48,2.13538413618873,0.417,0.062,1.09821816405153e-43,"19","GALNT2"
7.72693691955861e-48,2.04963480897063,0.602,0.122,1.88939061557047e-43,"19","ALG2"
1.22572396859496e-47,2.11255418015178,0.444,0.069,2.99714024800839e-43,"19","SH3GL1"
1.30823360919129e-47,1.77868501154318,0.565,0.104,3.19889282119454e-43,"19","NUDT1"
1.33777087394921e-47,1.82872547568878,0.796,0.21,3.2711173409806e-43,"19","CLIC3"
2.14734662164659e-47,2.12633443252241,0.389,0.055,5.25069195925025e-43,"19","GMPPB"
2.19439833895467e-47,1.93790158632073,0.426,0.064,5.36574281841195e-43,"19","KCTD5"
2.51299274482468e-47,1.88955708970678,0.63,0.131,6.14476985964532e-43,"19","N4BP2L1"
4.43657618806229e-47,2.20008817463433,0.315,0.038,1.08483160950499e-42,"19","ARHGAP5"
5.19333632415624e-47,1.84542331610884,0.954,0.428,1.26987459798268e-42,"19","PSAP"
6.31979821873696e-47,1.65799728836723,1,0.574,1.54531706044556e-42,"19","ALOX5AP"
6.56416640433193e-47,1.37927306374692,0.981,0.299,1.60506996918724e-42,"19","TYROBP"
1.23108035334835e-46,1.76758237946048,0.398,0.057,3.01023768000738e-42,"19","STRBP"
1.29430878244716e-46,2.23793191163958,0.269,0.029,3.1648438348398e-42,"19","CDYL"
1.72919424593615e-46,2.07590225630256,0.324,0.04,4.22822577016307e-42,"19","TMEM38B"
3.26731649977361e-46,1.74302389911562,0.676,0.15,7.98924230524644e-42,"19","AP1S2"
4.77131195968298e-46,1.65317719381675,0.648,0.134,1.16668120038168e-41,"19","ADI1"
7.45623044133202e-46,1.73589252705477,0.63,0.13,1.8231974675145e-41,"19","TMEM14C"
2.10261509216956e-45,1.89201096043755,0.454,0.075,5.141314423373e-41,"19","STX7"
3.39542672089607e-45,2.26272310367179,0.287,0.033,8.30249741793507e-41,"19","EEF2K"
7.34969594155616e-45,2.03999610091027,0.852,0.288,1.79714765162931e-40,"19","SAMHD1"
1.19501802090185e-44,2.099788438841,0.296,0.035,2.92205806470922e-40,"19","REPIN1"
1.3385902403084e-44,1.71875885824649,0.62,0.129,3.2731208556021e-40,"19","GRINA"
2.53932998585084e-44,1.65961681147087,0.787,0.208,6.20916968140248e-40,"19","PHB"
2.94480615593179e-44,2.3810466261667,0.278,0.032,7.20064001248442e-40,"19","NIPSNAP3A"
5.01380798173276e-44,2.68781967536356,0.287,0.035,1.22597632769329e-39,"19","LILRB1"
7.27677785953756e-44,1.49974907834512,0.704,0.16,1.77931772221412e-39,"19","CXCR3"
1.11974470523528e-43,1.87809055058126,0.583,0.121,2.7379997532413e-39,"19","RALA"
1.2505232274131e-43,1.66782143896163,0.583,0.118,3.05777939567052e-39,"19","MIF4GD"
2.3120757820621e-43,1.98535119396864,0.963,0.564,5.65348770229825e-39,"19","HSP90B1"
2.41902769460355e-43,1.81365258826302,0.583,0.119,5.91500651884461e-39,"19","CYSTM1"
6.68331307619399e-43,1.72747760573967,0.444,0.074,1.63420371339095e-38,"19","SLC35E1"
6.89835661703103e-43,2.03950485784023,0.389,0.06,1.68678615999643e-38,"19","HIST1H2BK"
9.40142509316165e-43,1.79578052233345,0.639,0.145,2.29883646377989e-38,"19","INPP4A"
1.07822325093095e-42,1.78940039278714,0.565,0.114,2.63647149317635e-38,"19","NAGK"
1.08455368245915e-42,2.00164489437072,0.278,0.033,2.65195066434912e-38,"19","TMEM39B"
2.3716160322293e-42,2.06807605183824,0.435,0.073,5.79907552200708e-38,"19","SLC1A4"
5.0256345967925e-42,1.77857579970408,0.657,0.153,1.2288681716077e-37,"19","MAP3K2"
5.52638691044415e-42,1.69580910311296,0.556,0.113,1.3513121273418e-37,"19","A1BG"
5.94634077681442e-42,1.71330883131298,0.389,0.06,1.45399924674666e-37,"19","SCAMP4"
9.15958193977035e-42,2.24991913331406,0.352,0.051,2.23970097591265e-37,"19","BRI3BP"
9.61368841444427e-42,2.41689408094255,0.25,0.028,2.35073909109991e-37,"19","GM2A"
1.15334821454633e-41,1.69181823815337,0.593,0.126,2.82016705420868e-37,"19","PLSCR1"
1.24306660389026e-41,1.87637574020079,0.519,0.101,3.03954645983246e-37,"19","HSD17B12"
1.85277484015707e-41,1.97110677651555,0.352,0.051,4.53040503915206e-37,"19","CNP"
3.13203702469346e-41,1.69275167900392,0.602,0.129,7.65845693278044e-37,"19","HEXB"
4.84421994383948e-41,2.22238183047912,0.37,0.057,1.18450866066763e-36,"19","N4BP2"
5.88618597103824e-41,1.88786073513206,0.694,0.178,1.43929019363827e-36,"19","IRF2BP2"
7.26792482467827e-41,2.00150166430838,0.333,0.047,1.77715297813033e-36,"19","BAIAP2"
8.17049062126766e-41,2.43528134623346,0.269,0.032,1.99784836671237e-36,"19","IL6R"
9.41790090936528e-41,1.64493243536591,0.954,0.434,2.302865130358e-36,"19","ERP29"
1.90967627473847e-40,1.71816603346653,0.722,0.184,4.66954042699051e-36,"19","APEX1"
3.5118349229915e-40,1.77014699133925,0.852,0.28,8.58713875369882e-36,"19","SELPLG"
7.28515072538343e-40,2.27357641973548,0.926,0.5,1.78136505537076e-35,"19","NR3C1"
1.3159096888411e-39,1.49299380917422,0.509,0.098,3.21766237115425e-35,"19","TSEN34"
1.89365752995579e-39,1.52666702373158,0.685,0.171,4.6303713922479e-35,"19","SNX9"
1.94030236328029e-39,1.52108621043337,0.806,0.228,4.74442733869297e-35,"19","DSTN"
2.19257469463993e-39,1.58952789542597,0.62,0.141,5.36128364333356e-35,"19","COMT"
2.65745097210699e-39,1.80705645609319,0.472,0.09,6.497999116996e-35,"19","PDPK1"
4.53625100990651e-39,1.5473788471077,0.63,0.145,1.10920409694234e-34,"19","FAM96A"
5.85535066262761e-39,1.7124429545275,0.685,0.177,1.4317503440257e-34,"19","FYTTD1"
1.97425443537115e-38,1.76936381641983,0.333,0.049,4.82744694536952e-34,"19","CREB3L2"
1.9824902197391e-38,1.63520702257508,0.556,0.119,4.84758508530604e-34,"19","SPOP"
2.63660178101376e-38,1.61714171400585,0.944,0.426,6.44701867493485e-34,"19","UCP2"
2.91797161512298e-38,1.26540191242172,0.833,0.249,7.13502419329872e-34,"19","NR4A1"
3.46815999652527e-38,1.39426062456576,0.769,0.203,8.48034482350359e-34,"19","PRKCB"
3.84565970812806e-38,1.81931947434976,0.787,0.258,9.40340711831474e-34,"19","FKBP2"
5.61244293882317e-38,1.82648882282423,0.815,0.303,1.37235454740104e-33,"19","CDKN1A"
6.09589313654778e-38,1.68028955859884,0.398,0.068,1.49056778974866e-33,"19","ODF3B"
1.002435684039e-37,1.6591102922387,0.472,0.092,2.45115573461217e-33,"19","NUDT22"
1.83105929825819e-37,1.66944762637572,0.991,0.73,4.47730619610093e-33,"19","VIM"
2.15097421711106e-37,1.87948413802724,0.426,0.078,5.25956215567996e-33,"19","MICAL1"
3.0378263078218e-37,1.58380286488761,0.713,0.189,7.42809288788586e-33,"19","PYCARD"
3.41560643362355e-37,1.89795768976213,0.324,0.048,8.3518408514963e-33,"19","FMNL3"
3.66454755223544e-37,1.67869161427552,0.398,0.069,8.9605516747261e-33,"19","FAM49A"
4.70056735948226e-37,1.65858649869276,0.722,0.201,1.1493827307406e-32,"19","AP3S1"
6.38972228509311e-37,1.86144700351024,0.593,0.141,1.56241489315097e-32,"19","ETV3"
7.69213578708759e-37,1.70458306575153,0.861,0.309,1.88088104265866e-32,"19","ZNF706"
1.57560105629237e-36,1.65364419753436,0.898,0.413,3.85265970284609e-32,"19","VAMP8"
1.65318824023407e-36,1.61423991670833,0.537,0.117,4.04237588502035e-32,"19","ERCC1"
1.69816204937562e-36,1.66580592711885,0.343,0.054,4.15234584313327e-32,"19","NQO2"
2.74120396754907e-36,1.76978847187821,0.278,0.037,6.70279194145099e-32,"19","WDR41"
3.14583442814852e-36,1.68769725932092,0.454,0.088,7.69219434370876e-32,"19","PIK3CG"
3.77689290144073e-36,1.77969327079443,0.38,0.065,9.23525852260288e-32,"19","STAT2"
4.18431668265651e-36,1.56292570979795,0.759,0.217,1.02314911524317e-31,"19","LIME1"
5.8463241677524e-36,1.38811861154832,0.491,0.098,1.42954318549882e-31,"19","TP53I13"
7.68942607505701e-36,2.14131769892208,0.259,0.034,1.88021846387294e-31,"19","LY96"
1.00576611485649e-35,1.52805028348896,0.5,0.103,2.45929930404709e-31,"19","BTAF1"
1.03859509924369e-35,1.61195333099547,0.472,0.098,2.53957273667067e-31,"19","ATF3"
1.05301055136007e-35,1.57090110338333,0.731,0.207,2.57482140018565e-31,"19","DBNL"
1.06809072459932e-35,1.6241985056257,0.852,0.319,2.61169543979025e-31,"19","LAPTM4A"
1.27211995917351e-35,1.98479249818833,0.324,0.05,3.11058772417107e-31,"19","KDM3B"
2.09969893885552e-35,1.3349078468964,0.593,0.135,5.13418384528952e-31,"19","RNF13"
2.53304150235492e-35,1.40134623704054,0.981,0.728,6.19379308155824e-31,"19","PPIB"
3.13184286294045e-35,1.5072741989657,0.463,0.092,7.657982168462e-31,"19","DCPS"
7.04218986605635e-35,1.51806458028059,0.75,0.221,1.7219562660481e-30,"19","FERMT3"
8.89550366804687e-35,1.57894700532682,0.481,0.1,2.17512855691082e-30,"19","STT3A"
1.67752637896565e-34,2.3847155585795,0.259,0.035,4.1018875018468e-30,"19","G6PC3"
1.73378199312551e-34,1.620216385253,0.676,0.187,4.23944372959051e-30,"19","PDIA4"
2.37116819043538e-34,1.50788107051464,0.537,0.12,5.7979804592526e-30,"19","CRTAP"
2.37721963644453e-34,1.46190040746716,0.676,0.178,5.81277745503417e-30,"19","BAG1"
2.71099312614622e-34,1.63096068336321,0.361,0.062,6.62892039205274e-30,"19","MAP4K4"
5.09228212198183e-34,1.5784508336376,0.898,0.419,1.245164824467e-29,"19","RNF149"
1.0126847013976e-33,1.40112310453932,0.528,0.117,2.47621663185741e-29,"19","PLEKHO1"
1.20457592880044e-33,1.89647978298103,0.343,0.057,2.94542906110284e-29,"19","MDN1"
1.49389320069878e-33,2.26980053604397,0.306,0.048,3.65286765434867e-29,"19","OAS1"
1.51618705696366e-33,1.44857819673186,0.333,0.054,3.70738059168754e-29,"19","PXK"
1.52728739795198e-33,1.42570477364478,0.574,0.137,3.73452314547218e-29,"19","DNAJC4"
1.54556804182932e-33,1.51314325720036,0.731,0.213,3.77922297588105e-29,"19","PTPN1"
2.92662615466478e-33,1.31753630660402,0.62,0.153,7.15618627338633e-29,"19","GRSF1"
3.33768489496939e-33,2.06470596844532,0.833,0.38,8.16130710517914e-29,"19","NR4A3"
5.50311214589279e-33,1.76170626103675,0.306,0.048,1.34562098191371e-28,"19","NPIPB5"
8.3332622364107e-33,1.9115412019247,0.352,0.062,2.03764928204714e-28,"19","CXorf40A"
8.89083958962225e-33,1.47878554068454,0.426,0.083,2.17398809645443e-28,"19","SLC39A6"
9.58203869715941e-33,1.31955588123496,0.713,0.198,2.34300010222942e-28,"19","TGFBR2"
1.02538559419338e-32,1.43144794516997,0.639,0.166,2.50727285492166e-28,"19","PRDX3"
1.10148789191051e-32,1.36511801965151,0.537,0.122,2.69335819329959e-28,"19","NUTM2B-AS1"
1.21011896233305e-32,2.09090269504355,0.296,0.047,2.95898288669678e-28,"19","NCF4"
1.29734866386459e-32,1.41673939704721,0.917,0.502,3.1722769528817e-28,"19","PARK7"
1.31278974834028e-32,1.61960282632635,0.537,0.127,3.21003349264166e-28,"19","HDLBP"
1.44992124118163e-32,2.10255078963401,0.259,0.037,3.54534741893733e-28,"19","GNAQ"
1.57640246325446e-32,1.66908278235492,0.63,0.17,3.85461930314981e-28,"19","RNF11"
1.59002291774362e-32,1.94017678374042,0.259,0.036,3.88792403846669e-28,"19","C15orf39"
1.63847338286412e-32,1.38763758604704,0.667,0.183,4.00639511577934e-28,"19","PRMT9"
2.59422439506021e-32,1.41913803284983,0.972,0.725,6.34339749080122e-28,"19","TAGLN2"
2.77262936131484e-32,1.59470181074252,0.417,0.082,6.77963331428705e-28,"19","PEA15"
3.12659434340777e-32,2.16663543806041,0.25,0.034,7.64514848850067e-28,"19","RAB31"
3.63269070390287e-32,1.84799316367632,0.343,0.06,8.8826553091833e-28,"19","QDPR"
9.26814641957734e-32,1.60941800322342,0.5,0.114,2.26624716251505e-27,"19","UVRAG"
9.57173449391993e-32,1.71020122914511,0.324,0.055,2.3404805184533e-27,"19","PRKCD"
1.13129579190047e-31,1.1353498755901,0.991,0.672,2.76624447035502e-27,"19","SSR4"
1.22690723940493e-31,1.82078802030353,0.278,0.042,3.00003358179294e-27,"19","WIPI1"
1.25015595814042e-31,1.29675472957283,0.88,0.301,3.05688134884495e-27,"19","SSR3"
1.56403171395558e-31,1.48751153106776,0.722,0.215,3.82437034696418e-27,"19","TMEM109"
1.66794502424089e-31,1.5578170530399,0.741,0.239,4.07845917327383e-27,"19","PLEK"
2.40092182158653e-31,0.947547670879255,0.991,0.916,5.87073403814338e-27,"19","CYBA"
3.71611866703157e-31,1.3239694324792,0.63,0.165,9.08665336462559e-27,"19","RNF5"
3.7273951529131e-31,1.37732138798629,0.481,0.106,9.11422662790312e-27,"19","BANP"
5.10284015562302e-31,1.90082150405027,0.306,0.051,1.24774647485294e-26,"19","MED13L"
5.25849827689039e-31,1.48609551218651,0.769,0.256,1.28580799866524e-26,"19","KIF5B"
5.8968609676181e-31,1.32684426757297,0.611,0.159,1.44190044380198e-26,"19","SLAMF7"
9.25417544558277e-31,1.3902077349082,0.481,0.11,2.2628309799539e-26,"19","NFKBID"
1.174998871189e-30,1.41605909681992,0.694,0.205,2.87310723983133e-26,"19","MLEC"
1.31800408013793e-30,1.53760246709625,0.583,0.151,3.22278357675326e-26,"19","USF2"
1.42063955310618e-30,1.53689982780269,0.843,0.315,3.47374783525522e-26,"19","SYNGR2"
1.49707943998529e-30,1.64921486883331,0.5,0.119,3.66065864665204e-26,"19","MX2"
1.78000789432628e-30,1.3343256352566,0.935,0.605,4.35247530320661e-26,"19","GABARAP"
1.8511699540952e-30,1.34121051054506,0.556,0.138,4.52648077175358e-26,"19","PTRHD1"
2.72673139303552e-30,1.80136877840413,0.361,0.069,6.66740360225046e-26,"19","AGPAT5"
3.11425872211926e-30,1.4679766129262,0.5,0.118,7.61498542732602e-26,"19","UBL7"
3.48407439534553e-30,1.75551226275058,0.269,0.041,8.5192587114989e-26,"19","CPPED1"
9.00069202462481e-30,1.46201253593095,0.509,0.123,2.20084921386126e-25,"19","ADA2"
1.23642842909029e-29,1.1682612704612,0.62,0.163,3.02331479481157e-25,"19","NBDY"
1.51672683508575e-29,1.23720977816788,0.583,0.149,3.70870045715168e-25,"19","TIMM13"
3.29671336938469e-29,1.34197324329319,0.843,0.329,8.06112353081945e-25,"19","OSTC"
4.28493353883862e-29,1.28878749988975,0.593,0.154,1.04775194891682e-24,"19","PLA2G16"
4.4523324876474e-29,1.38833528730227,0.407,0.085,1.08868433987954e-24,"19","WARS"
5.0173150372649e-29,1.24824242934552,0.722,0.221,1.22683387291201e-24,"19","ANKRD11"
7.21562407806997e-29,1.79518546773302,0.269,0.042,1.76436439956967e-24,"19","ARHGAP31"
7.62358907942669e-29,1.32593590801646,0.88,0.329,1.86412000170141e-24,"19","ATP6V0B"
8.18178415227371e-29,1.89134269957438,0.306,0.054,2.00060986091397e-24,"19","PHYH"
8.2009828932451e-29,1.53665298556071,0.306,0.053,2.00530433705629e-24,"19","SDHAF3"
1.06522116641038e-28,1.56653657770287,0.38,0.077,2.60467879610665e-24,"19","NFX1"
1.06731878447799e-28,1.25527526001067,0.435,0.094,2.60980789180559e-24,"19","MYCBP"
1.27227549124502e-28,1.61530274858331,0.278,0.045,3.11096803119232e-24,"19","VCL"
1.27568157315881e-28,1.64791055194121,0.306,0.053,3.11929658268793e-24,"19","QKI"
1.44100783953966e-28,1.35685480142867,0.454,0.103,3.52355236924237e-24,"19","TMEM141"
1.52063636315061e-28,1.28184981430099,0.87,0.341,3.71826003517587e-24,"19","SNX3"
1.74573233488357e-28,1.3442842283386,0.593,0.162,4.26866470525731e-24,"19","SND1"
1.85241572435111e-28,1.31591717953788,0.454,0.102,4.52952692918332e-24,"19","IFNAR1"
1.86645779383624e-28,1.52405585979637,0.38,0.077,4.56386259748837e-24,"19","NUP62"
2.51486473230429e-28,1.8088144394012,0.694,0.239,6.14934724343046e-24,"19","MARCKSL1"
2.62343103380215e-28,1.08562486808459,0.556,0.142,6.41481356385301e-24,"19","ICAM1"
2.82202402838415e-28,1.51710171721794,0.343,0.064,6.90041315420492e-24,"19","IVD"
3.97607711861697e-28,1.66457262492639,0.287,0.048,9.72230377044222e-24,"19","USP24"
4.42449865130171e-28,1.39468508115923,0.676,0.215,1.08187841021629e-23,"19","CD83"
5.53331327415219e-28,1.92458932819993,0.269,0.044,1.35300576179569e-23,"19","NBPF14"
6.03702313566524e-28,1.59709293968065,0.269,0.043,1.47617289713286e-23,"19","CBX4"
7.53466837784721e-28,1.66245758927772,0.259,0.041,1.8423771117512e-23,"19","TMA16"
1.54496815375207e-27,1.34208291232324,0.713,0.231,3.77775612955457e-23,"19","UBE2J1"
1.5595939058885e-27,1.24854136778105,0.296,0.051,3.81351901867855e-23,"19","DNAJC5"
2.40634933538603e-27,1.28294447590157,0.898,0.415,5.88400539488593e-23,"19","XBP1"
2.4880268427064e-27,1.48767602154013,0.5,0.125,6.08372323578569e-23,"19","NGLY1"
2.99450906890453e-27,1.7808942454188,0.278,0.047,7.32217357528536e-23,"19","ARHGAP27"
5.94338873977508e-27,1.28730155232172,0.778,0.263,1.4532774146498e-22,"19","AC004687.1"
6.02035391142641e-27,1.65478132690543,0.287,0.05,1.47209693842199e-22,"19","MAGED1"
8.46908559709637e-27,1.51540275723375,0.444,0.106,2.07086081020201e-22,"19","HINT2"
9.95302780331547e-27,1.69070458156976,0.259,0.042,2.4337143584667e-22,"19","HSDL2"
1.10146214981178e-26,1.63461762601355,0.296,0.053,2.69329524871977e-22,"19","NAPRT"
1.61996307854418e-26,1.13856050802055,0.565,0.149,3.96113371965623e-22,"19","LYPLA1"
2.20042456307608e-26,1.45131886345741,0.917,0.66,5.38047814163364e-22,"19","EZR"
2.60354826601022e-26,1.33947021536383,0.907,0.486,6.3661962200482e-22,"19","SEC61G"
2.8118238551646e-26,1.19909495593054,0.713,0.224,6.87547169064848e-22,"19","NHP2"
2.85264208902566e-26,1.3374217152078,0.398,0.087,6.97528043608555e-22,"19","MARCH2"
3.1940025897551e-26,1.51195777869767,0.361,0.075,7.80997513246917e-22,"19","DUSP22"
6.68195717471898e-26,1.40937049427084,0.667,0.21,1.63387216836229e-21,"19","OS9"
1.51733650475557e-25,1.41452530633073,0.528,0.142,3.71019122142831e-21,"19","CHMP5"
2.4762965329759e-25,1.31262195807694,0.509,0.134,6.05504028243266e-21,"19","ATG101"
3.29789478331916e-25,1.17936401648903,0.824,0.311,8.06401232417202e-21,"19","SLC7A5"
4.01992514299002e-25,0.797666708256078,0.796,0.274,9.82952095963919e-21,"19","CTSS"
4.20934257524473e-25,1.12772192085754,0.5,0.129,1.02926844649884e-20,"19","ESD"
5.26059253356338e-25,1.41452149511209,0.843,0.343,1.28632008630692e-20,"19","CANX"
5.48170520860182e-25,1.32702908541642,0.333,0.067,1.34038655760732e-20,"19","FN3KRP"
8.40227903514672e-25,1.13146248780706,0.537,0.144,2.05452526967408e-20,"19","APPL1"
1.37663093914607e-24,1.47709656664358,0.583,0.175,3.36613797239997e-20,"19","LAP3"
1.42924141540791e-24,1.57035625236852,0.889,0.52,3.49478110895542e-20,"19","DBI"
1.62695349774415e-24,1.27330173609404,0.87,0.409,3.97822669268398e-20,"19","ARL4C"
2.32905538520287e-24,1.66602364775716,0.352,0.076,5.69500622789806e-20,"19","MCM5"
2.61824673492739e-24,1.26442079504234,0.491,0.13,6.40213691624445e-20,"19","CNDP2"
3.23481281709986e-24,1.18690054028401,0.519,0.142,7.90976430037258e-20,"19","BCL2L11"
3.68231940283131e-24,1.16267816900194,0.37,0.081,9.00400740380311e-20,"19","MXD4"
4.10332923559026e-24,1.32285979123034,0.407,0.096,1.00334606468653e-19,"19","YIF1B"
5.693879670627e-24,1.0515704098615,0.546,0.152,1.39226745706172e-19,"19","ATOX1"
5.99883342540448e-24,0.981667496587969,0.565,0.158,1.4668347491799e-19,"19","BRD4"
6.51252691567581e-24,1.32994377370204,0.741,0.28,1.59244308142105e-19,"19","DNAJB9"
6.63387111326384e-24,1.11579919451964,0.556,0.156,1.62211416461527e-19,"19","AKR1A1"
6.78467658035299e-24,1.14920905633816,0.574,0.164,1.65898911742791e-19,"19","SMARCB1"
6.92714794121017e-24,1.70598788283559,0.417,0.106,1.69382621458471e-19,"19","HES4"
7.2293355675143e-24,1.26651682257199,0.815,0.309,1.7677171329686e-19,"19","SIVA1"
1.3628107582606e-23,1.37835749903052,0.324,0.068,3.33234486609882e-19,"19","MCFD2"
1.93541260386859e-23,0.997807603739548,0.537,0.148,4.73247089897948e-19,"19","CCS"
2.0162822510738e-23,1.32230393538379,0.324,0.068,4.93021336032566e-19,"19","USP7"
2.89563128824737e-23,1.19107616883,0.306,0.061,7.08039762602248e-19,"19","EXOSC5"
3.08045018868731e-23,1.38266853525918,0.343,0.074,7.53231680137822e-19,"19","SPART"
3.17606986865787e-23,1.28643558456855,0.324,0.068,7.76612604284222e-19,"19","HDAC9"
3.67078728984634e-23,1.27350524897384,0.361,0.081,8.97580908113227e-19,"19","SLC35C2"
4.64433452950013e-23,1.04900736766398,0.481,0.126,1.13563267915337e-18,"19","CHD9"
4.77916023855729e-23,1.24605879501484,0.5,0.136,1.16860026153203e-18,"19","CCDC186"
6.16422470015548e-23,1.3330829175795,0.611,0.201,1.50727622368202e-18,"19","PIM2"
6.80985083271272e-23,1.36259197269548,0.556,0.166,1.66514472561491e-18,"19","CCDC69"
7.384922637849e-23,1.3493293972927,0.306,0.062,1.80576128340684e-18,"19","CXCL16"
8.87787864024506e-23,1.41391352240065,0.491,0.137,2.17081888511272e-18,"19","FAM53C"
9.53609990024359e-23,1.31488199736304,0.278,0.053,2.33176714760756e-18,"19","CHD1L"
1.30520656489388e-22,1.19581764567888,0.565,0.172,3.19149109247851e-18,"19","ARFGAP3"
1.33539879847572e-22,0.965547347988063,0.519,0.142,3.26531714203284e-18,"19","FLOT1"
1.41609970417012e-22,1.13909951979428,0.343,0.075,3.46264699663677e-18,"19","CYTH4"
1.56358774491854e-22,1.24009137100058,0.389,0.093,3.82328475387483e-18,"19","SEPT11"
1.99497927927711e-22,0.902964398650903,0.648,0.2,4.8781233336884e-18,"19","ARHGAP4"
2.0382921998409e-22,1.10540034797388,0.426,0.106,4.98403208705096e-18,"19","MFSD1"
2.17842351301754e-22,1.22011833145192,0.657,0.216,5.3266811740305e-18,"19","OFD1"
2.86945903408286e-22,1.08533214389014,0.481,0.132,7.01640123013942e-18,"19","TYMP"
3.80734975860538e-22,1.13026865993714,0.407,0.101,9.30973162974187e-18,"19","FBXW11"
4.14314714778158e-22,1.54552829701968,0.333,0.075,1.01308234057555e-17,"19","PARP10"
4.68519015713415e-22,1.26853504934942,0.278,0.055,1.14562269722244e-17,"19","GALK1"
4.89442219583069e-22,0.947427292106439,0.713,0.237,1.19678411532452e-17,"19","SFT2D1"
5.58062772137986e-22,1.23045365409796,0.315,0.067,1.3645750904318e-17,"19","KIAA0100"
5.69428202466119e-22,1.2614356910301,0.889,0.455,1.39236584067015e-17,"19","NME2"
6.42117563421722e-22,0.999825033724235,0.676,0.224,1.5701058660788e-17,"19","MANF"
6.58464291125734e-22,0.969658635778199,0.611,0.187,1.61007688466065e-17,"19","TMX1"
6.63108902338123e-22,1.30549513227305,0.454,0.122,1.62143388799718e-17,"19","ADPGK"
6.73415870891875e-22,1.61833284393244,0.333,0.075,1.64663648750481e-17,"19","LINC02256"
7.33309439655809e-22,0.963972076203406,0.583,0.177,1.79308824184638e-17,"19","NRDC"
7.44231674149747e-22,1.22661802854502,0.704,0.252,1.81979528963096e-17,"19","NUCB2"
9.26731667530307e-22,1.19098474499246,0.37,0.088,2.26604427344511e-17,"19","UNC119"
9.48404899103355e-22,1.26845669548492,0.417,0.106,2.31903965928752e-17,"19","ADA"
9.50535515315116e-22,1.01155017138928,0.648,0.213,2.32424944204852e-17,"19","ATP5MC1"
1.06135055481634e-21,1.27142282400227,0.426,0.109,2.59521437663691e-17,"19","NDRG1"
1.11693982370206e-21,1.16779817160276,0.685,0.241,2.73114125691628e-17,"19","SSR1"
1.23535377102873e-21,1.19416015106235,0.398,0.099,3.02068704091946e-17,"19","CTNNBL1"
1.25490572381524e-21,1.54296399245092,0.352,0.084,3.06849547587302e-17,"19","ITPR2"
1.26891948042373e-21,0.865959759899834,0.954,0.777,3.1027619135321e-17,"19","SRP14"
1.27333755031862e-21,1.11505337967669,0.787,0.316,3.11356497803909e-17,"19","KDM6B"
1.31802859354557e-21,1.09245843662788,0.269,0.052,3.22284351693763e-17,"19","BRD3"
1.40244446110931e-21,0.982279977237305,0.556,0.164,3.42925719630447e-17,"19","GNL3"
1.40825137857264e-21,1.31180124866118,0.269,0.052,3.44345627088583e-17,"19","ATP13A1"
1.65651192959917e-21,1.32194793788274,0.463,0.129,4.05050297025589e-17,"19","TOB2"
1.73847430866105e-21,1.09810042448983,0.593,0.185,4.25091737953799e-17,"19","SOCS3"
3.06582954970746e-21,0.707529529679338,0.407,0.101,7.49656641494468e-17,"19","C1orf162"
3.23046736246448e-21,0.754095445231027,0.704,0.224,7.89913879469815e-17,"19","AFF4"
3.32959032703131e-21,0.885420718852363,0.537,0.156,8.14151426765697e-17,"19","PTMS"
3.42696868403022e-21,1.03566285120942,0.519,0.151,8.3796238261907e-17,"19","DNAJC7"
3.47993834008955e-21,1.2204556128199,0.398,0.101,8.50914522918696e-17,"19","SINHCAF"
3.76049572843116e-21,1.28120961132333,0.38,0.093,9.19516415515987e-17,"19","PSEN1"
3.81341633803562e-21,0.896309175484358,0.593,0.179,9.32456562976471e-17,"19","GNB1"
3.96798188924182e-21,1.39591540484566,0.324,0.073,9.70250931557409e-17,"19","ALG3"
4.55098708696508e-21,1.39627535439658,0.306,0.067,1.1128073625047e-16,"19","TOR3A"
4.69800686978725e-21,1.57380864475121,0.426,0.115,1.14875663980038e-16,"19","NBPF26"
5.53825774278572e-21,1.30957390219072,0.75,0.334,1.35421478326596e-16,"19","ODC1"
5.65753286879812e-21,1.13165971376935,0.796,0.309,1.38337993707852e-16,"19","SPCS3"
7.5966766735977e-21,1.34067093877338,0.278,0.057,1.85753938022811e-16,"19","HADH"
7.92364081308482e-21,1.07862398130817,0.296,0.063,1.9374886516155e-16,"19","KDM4B"
1.27167701198073e-20,0.896719101431245,0.75,0.264,3.10950462969528e-16,"19","TALDO1"
1.44579831964475e-20,1.16730105226091,0.463,0.13,3.53526605119533e-16,"19","TRIM44"
1.49825268328476e-20,1.29549286486146,0.454,0.127,3.66352746116788e-16,"19","PTTG1IP"
1.5032117719327e-20,1.33827720132801,0.25,0.048,3.67565342472985e-16,"19","ST3GAL4"
1.69880449768212e-20,1.69123374567616,0.25,0.048,4.15391675773231e-16,"19","GCA"
1.76693092285546e-20,1.09575665286887,0.472,0.134,4.32049949256616e-16,"19","AHI1"
1.84293674382279e-20,1.19682754597915,0.898,0.49,4.50634892599549e-16,"19","CTSC"
1.8823183551957e-20,1.05027799837495,0.583,0.182,4.60264484212453e-16,"19","PSENEN"
2.91653644878165e-20,1.21137668521169,0.639,0.231,7.13151492456089e-16,"19","H2AFY"
3.07594811658323e-20,0.957449507001526,0.704,0.248,7.52130833466931e-16,"19","ERGIC3"
3.23939055347474e-20,0.917700845864383,0.417,0.109,7.92095778135643e-16,"19","NFATC2IP"
3.9449748725462e-20,0.941809475005478,0.269,0.054,9.64625255834996e-16,"19","SNX29"
6.09413963653055e-20,1.48061448860082,0.25,0.049,1.49013902392445e-15,"19","RAB4B"
6.30668287939722e-20,1.29708042895817,0.259,0.052,1.54211009767021e-15,"19","TTC7A"
6.49978597240996e-20,1.22239064159675,0.315,0.072,1.58932766597368e-15,"19","UCHL3"
9.41074549506268e-20,1.19560065483229,0.704,0.277,2.30111548845273e-15,"19","HM13"
9.48837353059102e-20,1.31286756651197,0.333,0.08,2.32009709570012e-15,"19","GALNT3"
1.01688464976658e-19,1.20894947118179,0.278,0.059,2.48648634560924e-15,"19","EDEM2"
1.05838300958624e-19,1.27727898866522,0.259,0.053,2.58795813504027e-15,"19","CBX6"
1.18165804956239e-19,0.840094676469782,0.398,0.103,2.88939026278994e-15,"19","MRPS25"
1.32248719336775e-19,0.868515728909645,0.657,0.222,3.23374568522283e-15,"19","TRABD"
1.53054175543134e-19,1.25358308182539,0.778,0.338,3.74248070038071e-15,"19","RPN2"
1.74636374834871e-19,1.15587583012046,0.37,0.095,4.27020863746228e-15,"19","BEX4"
1.80437341633923e-19,0.908909392784272,0.491,0.142,4.4120538776327e-15,"19","ARF3"
2.13959270791121e-19,1.10619568983089,0.343,0.084,5.23173208938449e-15,"19","LEPROT"
2.53458115819626e-19,0.843987540392763,0.435,0.119,6.1975578480215e-15,"19","ACAA1"
2.88669616403756e-19,1.20261765935588,0.296,0.067,7.05854946030463e-15,"19","CXXC5"
3.03256230534542e-19,1.19289749865516,0.333,0.081,7.41522134903061e-15,"19","MKKS"
3.72624873428196e-19,1.01182567628431,0.426,0.118,9.11142340506626e-15,"19","ZNF10"
4.06112700070637e-19,1.25220642132453,0.38,0.1,9.93026774212721e-15,"19","ARHGAP17"
5.63146529601577e-19,1.02121525714036,0.509,0.156,1.37700589418178e-14,"19","IGF2R"
6.07956723950987e-19,0.929156365190155,0.583,0.191,1.48657578140495e-14,"19","KDELR1"
7.42119642320232e-19,0.915503494206215,0.5,0.151,1.81463094940143e-14,"19","GTF2I"
8.04046349795525e-19,1.54417195074299,0.25,0.052,1.96605413452002e-14,"19","ZMIZ1"
1.02149254713305e-18,1.08043528182447,0.583,0.197,2.49775357624973e-14,"19","PARVG"
1.06873087764822e-18,1.24680427875122,0.259,0.055,2.61326074202544e-14,"19","ALKBH5"
1.10333996740505e-18,0.975756805129681,0.833,0.358,2.69788688829882e-14,"19","TMED10"
1.19391906719623e-18,0.96077033313675,0.806,0.336,2.91937090310822e-14,"19","TMED2"
1.29042272477149e-18,0.872610650656424,0.481,0.143,3.15534164661125e-14,"19","HMGA1"
1.39617964593165e-18,0.783008889137633,0.556,0.174,3.41393847023207e-14,"19","TIMM8B"
1.43868881164185e-18,1.09898399385495,0.259,0.055,3.51788188222664e-14,"19","HSD17B4"
1.57582206707894e-18,0.756255392586445,0.972,0.855,3.85320011842143e-14,"19","MYL12A"
1.78409990078563e-18,1.02702086375845,0.509,0.16,4.36248107740103e-14,"19","DDB1"
1.86077650555729e-18,0.923410426011447,0.491,0.148,4.54997071138869e-14,"19","EI24"
2.08881428933294e-18,0.897738757825669,0.676,0.244,5.1075687002769e-14,"19","SEC11C"
2.41734468794316e-18,0.940274406824204,0.741,0.283,5.91089123095861e-14,"19","MYDGF"
2.51964476821574e-18,1.21141062663198,0.296,0.069,6.16103538724113e-14,"19","MCUR1"
2.57307831992934e-18,1.05169400708752,0.796,0.358,6.29169110789122e-14,"19","TRAM1"
2.65774038343759e-18,1.25769483570318,0.278,0.063,6.49870678558158e-14,"19","TET2"
2.73665959350959e-18,0.950846799693946,0.343,0.086,6.69168003804964e-14,"19","SLC35B1"
3.02699564078104e-18,0.837928433089894,0.75,0.28,7.40160974083779e-14,"19","C8orf59"
3.4445553680375e-18,0.824876839371247,0.944,0.646,8.42262678592529e-14,"19","ARPC1B"
3.46089860917817e-18,1.0894070396164,0.565,0.189,8.46258927916245e-14,"19","NCOA4"
3.58287762044681e-18,1.09201507421094,0.333,0.083,8.76085235751654e-14,"19","BET1"
3.59308294863663e-18,0.856317660761389,0.611,0.206,8.78580642600628e-14,"19","LSM5"
3.77687882021811e-18,0.799835414950171,0.593,0.194,9.23522409119732e-14,"19","CYC1"
4.03549523597145e-18,0.915759505771723,0.389,0.105,9.86759295099739e-14,"19","RBBP8"
4.3052391364103e-18,0.90910256047942,0.648,0.228,1.05271707363505e-13,"19","PGLS"
4.93286196694317e-18,1.18514894320508,0.269,0.059,1.20618340815694e-13,"19","IFT52"
5.07666524991784e-18,0.85742813425516,0.407,0.113,1.24134618690991e-13,"19","UFL1"
5.31753265758072e-18,0.789755798853593,0.667,0.233,1.30024308543164e-13,"19","AP2S1"
5.60068933950292e-18,1.06869288704851,0.88,0.415,1.36948055729525e-13,"19","P4HB"
5.77096776436893e-18,0.99462572555808,0.343,0.088,1.41111703774349e-13,"19","CCDC57"
5.88016571609443e-18,1.21259834134526,0.278,0.063,1.43781812089941e-13,"19","FUOM"
6.53899664721018e-18,1.01165476398315,0.889,0.525,1.59891546017583e-13,"19","TUBA1B"
7.87462519320252e-18,0.88892039014743,0.296,0.069,1.92550335224188e-13,"19","MNAT1"
8.76843287682149e-18,1.095898907389,0.407,0.116,2.14405720704039e-13,"19","MYD88"
1.04934338631205e-17,1.03913705908403,0.426,0.124,2.56585444821022e-13,"19","SEC63"
1.29066322700661e-17,1.07212068151657,0.333,0.085,3.15592972267655e-13,"19","ZC3H8"
1.439657164851e-17,0.973205977958773,0.278,0.063,3.52024969949366e-13,"19","COQ7"
1.46433573756847e-17,0.684268872170553,0.787,0.314,3.58059374550242e-13,"19","FOSB"
1.68083819346341e-17,0.913665056740143,0.333,0.084,4.10998555065672e-13,"19","ARL2"
1.84302555711358e-17,0.947478420700814,0.796,0.374,4.50656609225413e-13,"19","PPP1R15A"
2.03305046023272e-17,1.11222921030008,0.602,0.223,4.97121498536104e-13,"19","ERN1"
2.54221664730152e-17,1.11259496230362,0.315,0.08,6.21622814598169e-13,"19","HIST2H2AA4"
2.55503844671771e-17,1.33834725092594,0.259,0.058,6.24758000991416e-13,"19","CLN3"
2.78227544335853e-17,1.06082487531266,0.444,0.135,6.80321991410028e-13,"19","MTMR14"
2.96967910666674e-17,1.0793669656717,0.444,0.135,7.26145935162152e-13,"19","NANS"
3.2374477449956e-17,0.824557655950599,0.667,0.241,7.91620722606325e-13,"19","NDUFC1"
3.29896157995642e-17,1.150004720212,0.306,0.076,8.06662085530944e-13,"19","ZDHHC24"
3.30433029359158e-17,0.789483573393468,0.259,0.057,8.07974843389013e-13,"19","TFPT"
3.3845995492496e-17,1.2577089799039,0.602,0.242,8.27602281782512e-13,"19","MAP2K3"
3.95744772895301e-17,1.15942379703928,0.778,0.355,9.67675118683591e-13,"19","BST2"
4.312510905154e-17,1.04303099796827,0.843,0.422,1.05449516652826e-12,"19","TPM4"
4.32887458982243e-17,0.791420852572625,0.62,0.215,1.05849641470338e-12,"19","CHMP4B"
4.44885464533981e-17,0.931305391817032,0.463,0.146,1.08783393787849e-12,"19","PECAM1"
4.81874343770763e-17,0.997091761082676,0.722,0.305,1.17827914538827e-12,"19","KPNA2"
5.09888681444502e-17,0.946841147925152,0.815,0.378,1.2467798038681e-12,"19","SELENOH"
5.61220572761396e-17,0.893502829117482,0.713,0.279,1.37229654451617e-12,"19","MLF2"
5.73654020133489e-17,0.932655453986302,0.528,0.175,1.40269881003041e-12,"19","SEC61A1"
6.04669571247432e-17,1.10468661314285,0.259,0.059,1.47853803561422e-12,"19","RRM2B"
6.45809508172088e-17,1.05075172974971,0.352,0.095,1.57913340938239e-12,"19","ACADM"
6.50582423103618e-17,0.73074102024462,0.491,0.151,1.59080414097297e-12,"19","GPAA1"
7.05693509736775e-17,1.43726979188154,0.259,0.059,1.72556177000836e-12,"19","HEATR1"
7.08001149334629e-17,1.00186420152786,0.352,0.095,1.73120441035303e-12,"19","PTPMT1"
7.47236410557102e-17,1.17516090491587,0.722,0.34,1.82714247109423e-12,"19","ZC3HAV1"
7.76680123837181e-17,0.933965827149666,0.574,0.203,1.89913823880668e-12,"19","SNHG7"
8.39365077901244e-17,1.03300097733586,0.361,0.099,2.05241548848412e-12,"19","STK40"
9.21363678656965e-17,1.29447462215322,0.38,0.108,2.25291846705201e-12,"19","PPP6R1"
9.2364730326063e-17,0.830111736582792,0.509,0.164,2.25850238593289e-12,"19","LAGE3"
1.15903931707426e-16,1.16414479878517,0.259,0.06,2.83408293810997e-12,"19","ALDH16A1"
1.45090977008639e-16,1.28490896730894,0.259,0.06,3.54776456981523e-12,"19","TTC37"
1.45826343587628e-16,0.727110194310564,0.352,0.094,3.56574575340469e-12,"19","MDM4"
1.56592542719857e-16,0.775734116507471,0.333,0.087,3.82900085458593e-12,"19","MCOLN2"
1.61437360320177e-16,1.29989024630188,0.278,0.067,3.94746633454897e-12,"19","RELT"
2.01314376565122e-16,1.04973943438505,0.25,0.056,4.92253913577036e-12,"19","OXR1"
2.41578134589937e-16,0.943941400478523,0.861,0.445,5.90706854699314e-12,"19","GNG5"
2.45346439662925e-16,1.09069466178799,0.25,0.057,5.99921114263783e-12,"19","FH"
2.89666842343602e-16,0.894103155820334,0.565,0.198,7.08293362898576e-12,"19","DNAJC3"
3.05855266170115e-16,1.04044144517868,0.296,0.074,7.47877296839166e-12,"19","LARP4B"
3.17300617529723e-16,0.886120681114438,0.407,0.121,7.75863469983678e-12,"19","PAIP1"
3.33894891473823e-16,0.888022216497221,0.435,0.134,8.16439788631791e-12,"19","NSMCE1"
3.35707954732759e-16,1.41535145459573,0.25,0.058,8.20873090912541e-12,"19","HDGFL2"
3.8469167287829e-16,0.802212734357992,0.407,0.12,9.40648078521996e-12,"19","MAP2K1"
5.07142793264534e-16,1.01949902593651,0.38,0.111,1.24006555809044e-11,"19","COPG1"
5.13368792926314e-16,0.830839110803001,0.352,0.096,1.25528937246342e-11,"19","RMC1"
5.3244575179354e-16,0.833756047335712,0.565,0.196,1.30193635228556e-11,"19","RFTN1"
5.38733954116406e-16,0.608634618460518,0.981,0.919,1.31731226460544e-11,"19","PPIA"
6.45229666803222e-16,0.992977235817918,0.25,0.057,1.57771558126724e-11,"19","STX18"
6.66445946396558e-16,0.805113273877402,0.556,0.194,1.62959362812886e-11,"19","SUMO3"
6.74204296381523e-16,1.03253046695277,0.417,0.128,1.6485643455121e-11,"19","TERF1"
6.98683256933507e-16,0.712514971509499,0.407,0.119,1.70842029985381e-11,"19","PSMB5"
7.30402797639363e-16,0.953376879028562,0.37,0.106,1.78598092078777e-11,"19","VMA21"
8.78389776572727e-16,0.742386360654808,0.704,0.266,2.14783868167563e-11,"19","COX7A2L"
9.09735612146542e-16,1.10344039555326,0.25,0.058,2.22448551882072e-11,"19","LZTFL1"
9.87495052138892e-16,0.721475479532934,0.75,0.291,2.41462290149002e-11,"19","GRB2"
1.03052003761079e-15,1.04492203339586,0.333,0.092,2.5198275959659e-11,"19","PIK3R5"
1.03249493503022e-15,0.86695007071051,0.306,0.079,2.52465661513589e-11,"19","TMIGD2"
1.15003504918468e-15,0.878693648299576,0.583,0.209,2.81206570226638e-11,"19","LMAN1"
1.15827187691935e-15,0.962101876286542,0.843,0.446,2.83220639344319e-11,"19","EIF3L"
1.35667049972751e-15,1.34846535975289,0.287,0.074,3.3173307059337e-11,"19","MAN1A1"
1.38697210585992e-15,0.78628975853508,0.343,0.094,3.39142419324867e-11,"19","PRKRA"
1.44165425226623e-15,0.931429742266138,0.343,0.096,3.52513297764139e-11,"19","MAD2L2"
1.59745964398243e-15,1.0139245686737,0.278,0.069,3.90610832146583e-11,"19","TTC13"
1.68933575628114e-15,1.02563256106317,0.269,0.066,4.13076379125865e-11,"19","AFF1"
1.76507133650279e-15,0.991052327020076,0.25,0.058,4.31595243201661e-11,"19","PARD6A"
1.93257652256404e-15,0.888797399396183,0.324,0.088,4.72553611297359e-11,"19","EP400"
2.04144967470852e-15,0.834697690781617,0.852,0.403,4.99175274459727e-11,"19","COX5A"
2.42805868900055e-15,0.827535534289564,0.333,0.091,5.93708910634415e-11,"19","NRAS"
2.50709187962695e-15,0.965996181860186,0.287,0.073,6.13034106406383e-11,"19","PTRH2"
2.79521508310947e-15,0.843402934994009,0.435,0.14,6.83485992121929e-11,"19","RNASEH2B"
3.01034267590796e-15,1.13809252576087,0.25,0.06,7.36088991113014e-11,"19","WDR77"
3.19993302056967e-15,0.790497145180648,0.389,0.116,7.82447622189697e-11,"19","PTPN18"
3.62124593302433e-15,0.680508028545074,0.259,0.062,8.8546705554311e-11,"19","TP53BP1"
3.97913570396754e-15,0.807214032694178,0.639,0.249,9.72978262334143e-11,"19","RTN4"
4.14412723070904e-15,0.842995820891594,0.435,0.139,1.01332199045297e-10,"19","SRSF6"
4.82665461176325e-15,0.809972630066964,0.352,0.1,1.18021358566835e-10,"19","ANKRD17"
5.76495498533494e-15,0.762487864052798,0.361,0.104,1.4096467930141e-10,"19","GAK"
6.07678338772069e-15,0.890646702303167,0.333,0.094,1.48589507396546e-10,"19","CD320"
6.27502164395888e-15,1.15145059632379,0.259,0.064,1.53436829238083e-10,"19","EIF4EBP1"
6.46112472746763e-15,0.919400101317857,0.343,0.098,1.57987421836039e-10,"19","LENG8"
7.16509705955086e-15,0.927347302177245,0.593,0.228,1.75200953300138e-10,"19","SEC13"
7.36685187953547e-15,0.750015139999685,0.417,0.129,1.80134262158401e-10,"19","BAK1"
7.39069788227615e-15,0.930889893542865,0.278,0.07,1.80717344617416e-10,"19","SCO2"
7.45721260921126e-15,1.02730236205084,0.315,0.087,1.82343762720434e-10,"19","EIF4G3"
8.34254582255958e-15,0.802440565367385,0.704,0.286,2.03991930453227e-10,"19","C1QBP"
1.03753066407148e-14,0.908471198335469,0.352,0.101,2.53696997978759e-10,"19","PRPF4"
1.15786658550263e-14,0.965781489140607,0.435,0.142,2.83121537487104e-10,"19","SORL1"
1.22137356264099e-14,1.14811292810526,0.296,0.079,2.98650263536974e-10,"19","HIST1H2AC"
1.50614039332938e-14,0.519383171301356,0.63,0.227,3.68281448976899e-10,"19","PRMT1"
1.51731538348788e-14,0.753449313114303,0.806,0.382,3.71013957570457e-10,"19","EIF4A3"
1.52766262508067e-14,0.54763257631876,0.444,0.142,3.73544065084724e-10,"19","RBM6"
1.55972875259222e-14,0.83581308636883,0.898,0.488,3.8138487458385e-10,"19","TMEM258"
1.59697167483533e-14,1.27152984156255,0.25,0.062,3.90491513930735e-10,"19","SIK1B"
1.61865575047908e-14,0.747312549484815,0.417,0.131,3.95793704107145e-10,"19","ECHDC1"
1.97959025242474e-14,0.792081781204969,0.481,0.165,4.84049408522897e-10,"19","CPNE3"
2.00789983467076e-14,1.08123189970135,0.25,0.062,4.90971667573693e-10,"19","DMXL1"
2.16300967699447e-14,0.939892786222644,0.611,0.267,5.28899126218689e-10,"19","AREG"
2.23372056927755e-14,0.721231103020988,0.63,0.242,5.46189353599745e-10,"19","NUCB1"
2.28604732483868e-14,0.868474836431909,0.38,0.118,5.58984291869553e-10,"19","YIF1A"
2.30473826533311e-14,0.662848916276136,0.843,0.368,5.63554600639251e-10,"19","FKBP1A"
2.32623296596792e-14,0.721019434898724,0.454,0.149,5.68810484838476e-10,"19","SMIM7"
2.3465190102413e-14,0.703245120593337,0.481,0.162,5.73770828384203e-10,"19","VPS36"
2.37804134649151e-14,0.638275891722675,0.537,0.188,5.81478670044105e-10,"19","NAXE"
2.41383378321037e-14,0.506684796102984,0.454,0.145,5.90230636670599e-10,"19","MSL2"
2.47304700321468e-14,0.796452864610245,0.435,0.14,6.04709453226053e-10,"19","SCNM1"
2.50733973200355e-14,0.667508344392503,0.954,0.766,6.13094711269509e-10,"19","HINT1"
3.00642745716569e-14,0.669909567192539,0.981,0.964,7.35131641826153e-10,"19","FTH1"
3.91330565016572e-14,0.939900975707445,0.417,0.137,9.56881497578522e-10,"19","PFKL"
4.36721325386801e-14,0.80367263465109,0.315,0.089,1.0678709848358e-09,"19","ZNF511"
4.79410219929289e-14,0.922145161203733,0.435,0.147,1.1722538697711e-09,"19","AMZ2"
4.80683644682026e-14,0.726211175411149,0.287,0.077,1.17536764797649e-09,"19","NUMB"
4.80925987295488e-14,0.91125243915238,0.815,0.427,1.17596022413493e-09,"19","MTDH"
5.01795303858553e-14,0.95827751134698,0.463,0.164,1.22698987699493e-09,"19","SEC31A"
5.09916041421902e-14,0.833403465270007,0.519,0.192,1.24684670448483e-09,"19","PQBP1"
5.40737184603599e-14,0.595800473384885,0.972,0.925,1.32221056379272e-09,"19","NACA"
5.42305945045027e-14,1.00527969153234,0.259,0.066,1.3260464968241e-09,"19","POLD2"
5.85919762530066e-14,0.690226501555813,0.556,0.205,1.43269100333852e-09,"19","NDUFC2"
6.30332882047636e-14,0.654374275056938,0.5,0.172,1.54128996318288e-09,"19","ARPC4"
6.72925692459901e-14,0.726086654900399,0.426,0.139,1.64543790320295e-09,"19","NAA20"
6.73900012906403e-14,0.920088793092799,0.296,0.082,1.64782031155874e-09,"19","IFT57"
7.02564218684177e-14,1.07102108924739,0.25,0.064,1.71791002752655e-09,"19","BAZ2B"
7.37935835593491e-14,0.763202954976973,0.62,0.249,1.80440070519321e-09,"19","TACC1"
7.48371642493942e-14,0.86516165193394,0.361,0.11,1.82991834022619e-09,"19","WASHC4"
7.74475752180091e-14,0.520404502451425,0.398,0.124,1.89374810923076e-09,"19","ELMO1"
7.96265172204458e-14,0.868082655651515,0.435,0.148,1.94702759907434e-09,"19","VPS35"
8.20169671136116e-14,1.01715825571571,0.306,0.087,2.00547887986203e-09,"19","TMUB2"
8.48251774053871e-14,0.571237975859527,0.62,0.229,2.07414523791653e-09,"19","CAPZA2"
8.68117358421169e-14,0.821594592361724,0.324,0.094,2.12272056481144e-09,"19","BOLA2-SMG1P6"
8.85070360077373e-14,0.878114347884391,0.546,0.203,2.16417404446119e-09,"19","TMEM208"
9.09274853584451e-14,1.038357215289,0.259,0.067,2.2233588719847e-09,"19","TMEM175"
9.62623545263808e-14,0.488963962738409,0.37,0.112,2.35380709287906e-09,"19","MEF2D"
1.01977130333213e-13,0.858300920790092,0.806,0.375,2.49354479090771e-09,"19","RPN1"
1.0858913312049e-13,0.987689834838638,0.278,0.075,2.65522148306223e-09,"19","TMEM131"
1.12271975272501e-13,0.747524672951466,0.472,0.162,2.7452743393632e-09,"19","RNF126"
1.12601140193132e-13,1.07079673389896,0.278,0.075,2.75332308000247e-09,"19","DTNBP1"
1.13486903015883e-13,0.587892626654005,0.509,0.178,2.77498175254438e-09,"19","CLTC"
1.27496490361322e-13,0.747436364651607,0.741,0.315,3.11754418231505e-09,"19","ANAPC11"
1.33594661233993e-13,0.84843202596532,0.778,0.385,3.2666566564936e-09,"19","RAC1"
1.38289567787446e-13,0.852643892392758,0.787,0.422,3.38145651153862e-09,"19","DUSP5"
1.43422522163891e-13,0.850383046982318,0.352,0.108,3.50696751195146e-09,"19","NCOA3"
1.64049957593102e-13,0.932161334913336,0.37,0.116,4.01134956306653e-09,"19","COA4"
1.64480587053538e-13,0.702151315243224,0.287,0.078,4.02187931463311e-09,"19","TOMM40"
1.84752824223923e-13,1.03297805641199,0.269,0.072,4.51757605792337e-09,"19","RERE"
1.90229762667196e-13,0.661150063799562,0.574,0.212,4.65149815673827e-09,"19","VDAC3"
1.95449979970736e-13,0.943649196947581,0.352,0.108,4.77914291024444e-09,"19","SLC30A5"
2.02327637658723e-13,0.943072969717242,0.269,0.072,4.9473153960311e-09,"19","ATAD2B"
2.06342024099077e-13,0.71720321362802,0.417,0.138,5.04547517327064e-09,"19","PABPN1"
2.08114576149382e-13,0.958626964635101,0.287,0.08,5.08881761600468e-09,"19","VAMP7"
2.39814203348095e-13,0.695761331512627,0.287,0.079,5.86393690026761e-09,"19","PAFAH1B2"
2.464964611611e-13,0.799662153704147,0.778,0.363,6.02733146831121e-09,"19","SELENOF"
2.56974648354129e-13,0.796116878712759,0.722,0.318,6.28354410155515e-09,"19","SPN"
2.71819589749925e-13,0.688475835956898,0.907,0.632,6.64653260856517e-09,"19","MCL1"
2.86721707327387e-13,1.04434869613072,0.417,0.144,7.01091918756927e-09,"19","RTN3"
3.0686065637618e-13,0.839203508899074,0.278,0.076,7.50335676971036e-09,"19","WASHC2A"
3.07774708772284e-13,0.779588161886151,0.278,0.076,7.52570717889989e-09,"19","MEPCE"
3.11146161614699e-13,0.660303685729968,0.361,0.112,7.60814594380262e-09,"19","C5orf15"
3.36382512010974e-13,0.812582224002981,0.343,0.106,8.22522518369233e-09,"19","MSL3"
3.46326634816671e-13,0.759926207972559,0.25,0.064,8.46837887453725e-09,"19","EPS15L1"
3.47353264308176e-13,0.776940893443142,0.324,0.096,8.49348201886352e-09,"19","GNG10"
3.67407859366743e-13,0.701350515966363,0.463,0.162,8.98385697723561e-09,"19","ERLEC1"
3.80535519021054e-13,0.896145312262546,0.324,0.097,9.30485451110282e-09,"19","JARID2"
3.87242124794981e-13,0.543824117938027,0.426,0.141,9.46884443548687e-09,"19","RASGRP2"
3.93029493354286e-13,0.57992433211556,0.704,0.288,9.610357171499e-09,"19","NDUFAF3"
4.29055211950321e-13,0.914940788954389,0.259,0.069,1.04912580426092e-08,"19","PSMD10"
4.37274494177247e-13,0.606488571885814,0.296,0.084,1.0692235931622e-08,"19","ACYP2"
5.04709972617868e-13,0.888565648482396,0.398,0.134,1.23411682504521e-08,"19","GTPBP6"
5.09545381946108e-13,0.992931835287673,0.296,0.086,1.24594036793462e-08,"19","NDUFA7"
5.4926421230884e-13,0.615301003640591,0.472,0.164,1.34306085193757e-08,"19","NIPA2"
5.56417680963343e-13,0.835720633840461,0.306,0.089,1.36055251349157e-08,"19","ZKSCAN1"
5.77996447492519e-13,0.615583766506301,0.324,0.096,1.41331691340871e-08,"19","DPM1"
5.98422083999163e-13,0.812497859612754,0.815,0.406,1.46326167979475e-08,"19","CDK2AP2"
6.14165508636791e-13,0.58230579616183,0.611,0.237,1.50175750171868e-08,"19","VPS13C"
6.1743126551953e-13,0.995122237441197,0.444,0.16,1.50974293044836e-08,"19","PIK3AP1"
6.46797653001591e-13,0.768899384723135,0.324,0.097,1.58154962111949e-08,"19","INTS10"
6.49804841316469e-13,0.658629260455683,0.287,0.08,1.58890279798703e-08,"19","GNB5"
6.5198245013495e-13,0.855675968334753,0.287,0.082,1.59422748706998e-08,"19","MFSD14B"
6.88208233631131e-13,0.856465284973729,0.389,0.13,1.68280677287484e-08,"19","ACSL3"
7.05732186627066e-13,0.753579824027281,0.917,0.558,1.7256563427405e-08,"19","DYNLL1"
7.18445319214257e-13,0.818250488105309,0.352,0.11,1.7567424945427e-08,"19","ALG5"
7.41022785077727e-13,1.01846514831918,0.296,0.087,1.81194891407206e-08,"19","MPV17"
9.16759390522793e-13,0.530798048126574,0.676,0.266,2.24166006170633e-08,"19","APH1A"
9.17685261302012e-13,0.624918581978601,0.824,0.391,2.24392400093568e-08,"19","RGS1"
9.25676389895808e-13,0.573983357772909,0.269,0.073,2.26346390857323e-08,"19","CLASRP"
9.4452386366995e-13,0.724222757322541,0.861,0.441,2.30954975144576e-08,"19","SPCS2"
9.58610463940142e-13,0.683850325884626,0.556,0.212,2.34399430642643e-08,"19","GORASP2"
1.00987365546618e-12,0.892917083942605,0.25,0.066,2.46934306234589e-08,"19","PAK1IP1"
1.04086238021946e-12,0.792707293031642,0.278,0.078,2.54511669211262e-08,"19","FAM53B"
1.06948842943768e-12,0.604707519285577,0.731,0.311,2.61511310766101e-08,"19","MRPS21"
1.10821324118673e-12,0.740320920225876,0.352,0.111,2.70980301734978e-08,"19","SDE2"
1.18811243941073e-12,0.380593892818712,0.519,0.184,2.90517253684711e-08,"19","MRPS24"
1.22421990720454e-12,0.523770874757131,0.546,0.201,2.99346251709654e-08,"19","ZNF428"
1.39885545503322e-12,0.588209586756848,0.611,0.241,3.42048135864722e-08,"19","JMJD1C"
1.47549516649063e-12,0.516935589935079,0.491,0.175,3.60788078110288e-08,"19","LRRC59"
1.53100445357249e-12,0.694245724520598,0.426,0.146,3.74361208987546e-08,"19","ATP2A3"
1.56444453636655e-12,0.818155232595012,0.287,0.083,3.82537978032349e-08,"19","LGALS9"
1.57173919673095e-12,0.728316765795274,0.87,0.48,3.84321668384651e-08,"19","ATP5MC3"
1.7082677764764e-12,0.936761011832647,0.481,0.18,4.1770563670401e-08,"19","LSM4"
1.7679194888812e-12,0.579676987803411,0.685,0.283,4.32291673421231e-08,"19","SEPT2"
1.87047152497204e-12,0.701098111306771,0.667,0.284,4.57367697286163e-08,"19","EIF2S2"
1.9054634894277e-12,0.722100194864271,0.88,0.521,4.65923932434861e-08,"19","SRSF3"
1.96786780474579e-12,0.920347423941455,0.38,0.128,4.8118303561644e-08,"19","MGAT2"
2.18450917009653e-12,0.693442418115276,0.806,0.374,5.34156182272004e-08,"19","EID1"
2.20985839727743e-12,0.90754615711822,0.259,0.072,5.40354575302278e-08,"19","SIK1"
2.22059071588146e-12,0.665782111456833,0.574,0.223,5.42978841847335e-08,"19","SDHC"
2.3620207463967e-12,0.679252762877126,0.426,0.148,5.77561312908922e-08,"19","NUDT5"
2.37067261162817e-12,0.711080909109232,0.259,0.071,5.79676866995319e-08,"19","TRAPPC8"
2.40910796524452e-12,0.703303529712457,0.38,0.126,5.89075079661589e-08,"19","HDAC2"
2.45696570668305e-12,0.916169535852115,0.269,0.077,6.00777254598139e-08,"19","NOTCH2"
2.51033586259128e-12,0.458209755070251,0.981,0.908,6.1382732512082e-08,"19","ATP5F1E"
2.58433646962112e-12,0.899100564804556,0.352,0.116,6.31921953551756e-08,"19","ARHGEF7"
2.61672117346488e-12,0.637046784254744,0.759,0.339,6.39840661335631e-08,"19","TXNL4A"
2.65014629814752e-12,0.534406464787676,0.389,0.128,6.48013772823033e-08,"19","CAPNS1"
2.67980584347117e-12,0.75817833353007,0.306,0.092,6.5526612484557e-08,"19","CTDP1"
2.73588793115993e-12,0.726989165167171,0.898,0.534,6.68979316927226e-08,"19","SLC25A5"
2.82677851926969e-12,0.645423689578766,0.25,0.067,6.91203883531824e-08,"19","SENP2"
2.84419968554113e-12,0.504591870819508,0.537,0.201,6.95463707108517e-08,"19","NCKAP1L"
2.893384813918e-12,1.08156747572447,0.25,0.069,7.07490454699229e-08,"19","LARP4"
3.16685993110294e-12,0.728411584834088,0.389,0.132,7.74360590353291e-08,"19","REXO2"
3.2003594344715e-12,1.00076080944996,0.648,0.286,7.82551888916972e-08,"19","CHMP1B"
3.20220563067805e-12,0.690912423272756,0.667,0.284,7.83003320813397e-08,"19","SNRPN"
3.51352839309463e-12,0.702957558407597,0.778,0.376,8.59127962679498e-08,"19","GABARAPL2"
3.76131515104599e-12,0.682711094734102,0.463,0.17,9.19716780733766e-08,"19","NDUFB5"
3.9995520307447e-12,0.596270855654548,0.759,0.328,9.77970462557694e-08,"19","TCEA1"
4.00125609501818e-12,0.666735081478835,0.361,0.118,9.78387140353845e-08,"19","CSNK2A1"
4.43340187971376e-12,0.764130781544885,0.389,0.133,1.08405542762761e-07,"19","LSM10"
4.45708766376452e-12,0.572087280174086,0.417,0.143,1.0898470755437e-07,"19","PBRM1"
4.52182390660981e-12,0.860897542587625,0.315,0.098,1.10567638164423e-07,"19","YLPM1"
4.66542292564787e-12,0.672452463255786,0.38,0.127,1.14078921377942e-07,"19","RAP1GDS1"
4.7995064890748e-12,0.724508535415559,0.759,0.348,1.17357532670857e-07,"19","PDIA6"
5.0536140190072e-12,0.813060239737115,0.824,0.411,1.23570969992764e-07,"19","CD164"
5.42551435799845e-12,0.600771115166987,0.5,0.189,1.32664677081778e-07,"19","NENF"
5.6796064395127e-12,0.872755936479109,0.315,0.099,1.38877736658965e-07,"19","SGF29"
5.78183370416895e-12,0.730984566215354,0.898,0.712,1.41377397734339e-07,"19","COMMD6"
6.10119237431378e-12,0.609726045411526,0.62,0.262,1.49186355936721e-07,"19","AKAP9"
6.62791033704476e-12,0.502705973255586,0.537,0.205,1.62065663561419e-07,"19","RILPL2"
7.15010059290014e-12,0.531935950201164,0.556,0.214,1.74834259697594e-07,"19","GNA13"
7.27122291285967e-12,0.488854509494154,0.426,0.149,1.77795942665245e-07,"19","GGA2"
8.04592684751578e-12,0.496808718967465,0.704,0.291,1.96739003275456e-07,"19","SUPT4H1"
9.21680320291388e-12,0.60382182909685,0.491,0.185,2.2536927191765e-07,"19","NIN"
9.51619516554426e-12,0.803752449434023,0.306,0.095,2.32690004187888e-07,"19","PCNX4"
9.54190825989945e-12,0.851089163759476,0.287,0.087,2.33318740771061e-07,"19","ATP6V1A"
9.77466988514657e-12,0.711293509050393,0.5,0.191,2.39010228031604e-07,"19","SUPT5H"
9.84721056041968e-12,0.464680754254101,0.546,0.208,2.40783992623382e-07,"19","FAAP20"
1.03200788218096e-11,0.87421105070915,0.778,0.393,2.52346567350889e-07,"19","DHRS7"
1.08402931265496e-11,0.807755468541608,0.333,0.108,2.65066847530392e-07,"19","HSPA13"
1.08772570264798e-11,0.469632513443475,0.463,0.168,2.65970688811485e-07,"19","CAPRIN1"
1.10652119501335e-11,0.881842755315844,0.287,0.087,2.70566562604663e-07,"19","NSMCE4A"
1.12532588028005e-11,0.513302202965446,0.704,0.295,2.75164684246077e-07,"19","NDUFA2"
1.13773691175847e-11,0.587197634533071,0.685,0.298,2.78199429663181e-07,"19","POLR2A"
1.21745624515571e-11,0.597819905656037,0.741,0.341,2.97692401065473e-07,"19","TUBB"
1.23394138101909e-11,0.823227263776244,0.306,0.095,3.01723346486789e-07,"19","KATNBL1"
1.23525449007467e-11,0.594717056684958,0.648,0.269,3.02044427913057e-07,"19","PDCD6"
1.23671271696199e-11,0.54558828375232,0.472,0.174,3.02400993551545e-07,"19","MED30"
1.28275841271933e-11,0.713022120389396,0.278,0.082,3.13660087078132e-07,"19","ANO6"
1.30822175232324e-11,1.0373715247836,0.25,0.071,3.1988638287808e-07,"19","TFRC"
1.31255840200486e-11,0.576246616640363,0.481,0.18,3.20946780458229e-07,"19","FDFT1"
1.35034048766411e-11,0.777697103249169,0.278,0.082,3.30185256043628e-07,"19","CDK9"
1.39151824778102e-11,0.437034377839934,0.435,0.154,3.40254041947414e-07,"19","ETFB"
1.43875349207137e-11,0.465862419802043,0.361,0.119,3.51804003881292e-07,"19","TIMM10"
1.63883769547205e-11,0.956551924876338,0.269,0.08,4.00728593296826e-07,"19","ARSA"
1.66357707491501e-11,0.662394827499722,0.333,0.108,4.06777866358218e-07,"19","MTREX"
1.77872239699971e-11,0.600292482225313,0.685,0.291,4.34933200514369e-07,"19","PSMA3"
1.81432551676619e-11,0.601148653593042,0.407,0.144,4.43638875359668e-07,"19","RAP2B"
1.83394335862384e-11,0.670148702766859,0.815,0.42,4.48435830050701e-07,"19","PSMB3"
1.91450448936317e-11,0.582271670242611,0.315,0.099,4.68134637739082e-07,"19","ZHX2"
2.32927944683774e-11,0.648078814850494,0.25,0.071,5.69555410340763e-07,"19","IL10RB"
2.39352322496502e-11,0.617940461349953,0.324,0.104,5.85264298968448e-07,"19","TUBGCP2"
2.63778924011039e-11,0.506249364323167,0.398,0.138,6.44992224991792e-07,"19","DDRGK1"
2.85912547157714e-11,0.948779476341438,0.259,0.077,6.99113360310041e-07,"19","MEF2A"
2.94037634389593e-11,0.498562507249198,0.38,0.13,7.18980823609433e-07,"19","ATP6V1E1"
3.00277952054883e-11,0.667589155424508,0.602,0.252,7.34239648364599e-07,"19","LSM3"
3.05137725427475e-11,0.703131520817131,0.75,0.348,7.46122766215261e-07,"19","ATP5F1A"
3.21521799696537e-11,0.603807789895229,0.935,0.754,7.86185104617973e-07,"19","ARPC3"
3.51351999145384e-11,0.488289290300356,0.306,0.095,8.59125908310294e-07,"19","XPNPEP1"
3.90529363736504e-11,0.582177419688897,0.5,0.196,9.54922400208499e-07,"19","STXBP2"
3.94447989295656e-11,0.655813928454612,0.944,0.638,9.64504223425738e-07,"19","ATP6V0C"
3.98864511233676e-11,0.76993855405958,0.287,0.088,9.75303502868584e-07,"19","TRAF3"
4.06124289476068e-11,0.458759075519249,0.389,0.134,9.93055112626882e-07,"19","POM121"
4.08312669695191e-11,0.701602855421918,0.519,0.204,9.98406139938681e-07,"19","COPZ1"
4.11312465321384e-11,0.513760178310542,0.574,0.229,1.00574124020385e-06,"19","ZNHIT1"
4.14870334655599e-11,0.784897444562514,0.259,0.077,1.01444094229987e-06,"19","PLEC"
4.17840778706602e-11,0.592106684832143,0.519,0.205,1.02170427209338e-06,"19","COPA"
4.28346868171976e-11,0.525863540450167,0.333,0.11,1.04739376205412e-06,"19","ARID1B"
4.41868726454165e-11,0.526584251140869,0.528,0.21,1.08045740992572e-06,"19","KDM5A"
4.50994128394736e-11,0.586358040016679,0.463,0.175,1.10277084275081e-06,"19","ARMCX3"
4.9098487372649e-11,1.19624527756429,0.25,0.074,1.20055621323601e-06,"19","SLFN11"
4.97409535912349e-11,0.614850177390465,0.667,0.292,1.21626579721288e-06,"19","M6PR"
5.06996488590063e-11,0.596644871485265,0.287,0.089,1.23970781390042e-06,"19","STX12"
5.13371037083911e-11,0.503384231205798,0.648,0.266,1.25529485987758e-06,"19","HADHA"
5.50796304660121e-11,0.66557346854629,0.343,0.116,1.34680712415493e-06,"19","BOD1L1"
5.55791116595373e-11,0.749033315449429,0.407,0.151,1.35902043829901e-06,"19","SUMF2"
5.76314770637398e-11,0.492013462384754,0.315,0.101,1.40920487716257e-06,"19","UFSP2"
6.4011206781158e-11,0.606940993799117,0.63,0.276,1.56520202821288e-06,"19","TMED9"
6.67271427393928e-11,0.413005159604969,0.62,0.253,1.63161209426363e-06,"19","USP11"
6.68190791956125e-11,0.562995216353752,0.704,0.308,1.63386012449112e-06,"19","DPP7"
6.96485613855583e-11,0.616308020432243,0.278,0.085,1.70304662299967e-06,"19","AP1B1"
7.22157142361143e-11,1.13102243649252,0.25,0.075,1.76581864450147e-06,"19","TRAPPC12"
7.38191136525916e-11,0.529590278647592,0.287,0.089,1.80502496703317e-06,"19","UBE2F"
7.50390207290532e-11,0.726846998533291,0.519,0.208,1.83485413486681e-06,"19","TTC3"
8.66147066426512e-11,0.816327396657351,0.296,0.095,2.11790280682611e-06,"19","ARMC10"
9.00722660415567e-11,0.799297478513891,0.815,0.49,2.20244704924815e-06,"19","AKAP13"
9.06553817122318e-11,0.628761467687742,0.324,0.108,2.21670539362749e-06,"19","DAP"
9.25812075385661e-11,0.88819216713019,0.333,0.114,2.26379568673302e-06,"19","ZNF106"
9.53817811256991e-11,0.716776515791027,0.463,0.18,2.3322753120856e-06,"19","TM9SF3"
1.03658326297489e-10,0.63736169901075,0.38,0.136,2.5346533946262e-06,"19","ELMSAN1"
1.11716580158857e-10,0.5375449562248,0.713,0.323,2.73169381804438e-06,"19","HMGN3"
1.15507805704062e-10,0.659514095325173,0.259,0.078,2.82439686507572e-06,"19","RPP30"
1.17811985132554e-10,0.716361638740061,0.269,0.082,2.8807386604612e-06,"19","TOP2B"
1.18755178788813e-10,0.511197669134621,0.296,0.094,2.90380163174404e-06,"19","LAMP2"
1.2239652641443e-10,0.395322559046666,0.704,0.298,2.99283986388563e-06,"19","NDUFS6"
1.22459376505954e-10,0.617939169558081,0.259,0.078,2.99437667432359e-06,"19","PIGX"
1.22474680591941e-10,0.899991304554404,0.287,0.092,2.99475088983413e-06,"19","CPT1A"
1.24418902184658e-10,0.680791341425581,0.25,0.073,3.04229099621926e-06,"19","TTTY15"
1.38096760473644e-10,0.403715522161011,0.352,0.12,3.37674198710155e-06,"19","GIT2"
1.44693378590759e-10,0.39417288906079,0.444,0.165,3.53804249330124e-06,"19","SENP6"
1.6247234887489e-10,0.872685455498837,0.546,0.251,3.97277387468882e-06,"19","PFKFB3"
1.63998435311042e-10,0.604942563605916,0.806,0.396,4.01008974022559e-06,"19","TBCA"
1.6638844450986e-10,0.530684368891843,0.685,0.302,4.06853024515511e-06,"19","LAMTOR5"
1.70741004066854e-10,0.672700413232877,0.287,0.092,4.17495903144272e-06,"19","ITPR1"
1.75039302882844e-10,0.34412603110659,0.398,0.142,4.28006103409131e-06,"19","SREK1IP1"
1.86543772392255e-10,0.840662204311516,0.37,0.136,4.56136832253542e-06,"19","LPIN1"
1.94400352947924e-10,0.720840764757334,0.296,0.097,4.75347743028265e-06,"19","NMT1"
1.97099823497081e-10,0.584416907347466,0.306,0.1,4.81948488415062e-06,"19","SNX10"
2.10302660102973e-10,0.689524925692986,0.306,0.102,5.1423206448379e-06,"19","DNAJB12"
2.10814307644674e-10,0.546489020760803,0.333,0.114,5.15483145052757e-06,"19","ZMYM2"
2.16266768045375e-10,0.458526077914493,0.463,0.178,5.28815501224551e-06,"19","IFI35"
2.34204501368114e-10,0.555708296279158,0.787,0.393,5.72676846745312e-06,"19","PEBP1"
2.43014424858815e-10,0.693799264004173,0.259,0.08,5.94218871664775e-06,"19","ZNF326"
2.55828810757697e-10,0.550133724938339,0.713,0.336,6.25552608064721e-06,"19","TRIM22"
2.5994796515307e-10,0.721208252706828,0.75,0.382,6.35624764392287e-06,"19","NAPA"
2.75073743612136e-10,0.447158912993562,0.278,0.087,6.72610317880394e-06,"19","ATG16L2"
2.81177935640666e-10,0.395186428714583,0.546,0.222,6.87536288228556e-06,"19","HNRNPD"
2.86537207625592e-10,0.606484290001612,0.796,0.392,7.00640780086099e-06,"19","NEDD8"
2.92979330867591e-10,0.691032372634095,0.491,0.201,7.16393059837435e-06,"19","OGT"
3.02023064013867e-10,0.658018704594038,0.333,0.116,7.38506796126709e-06,"19","MTIF3"
3.05258432903286e-10,0.46281047769326,0.398,0.145,7.46417920135115e-06,"19","VBP1"
3.12047341232192e-10,0.596424576423824,0.75,0.364,7.63018158780956e-06,"19","RBX1"
3.14909394558459e-10,0.516082876508257,0.519,0.21,7.70016451574343e-06,"19","CYB5R3"
3.20623250918599e-10,0.439425384507652,0.296,0.097,7.83987973146158e-06,"19","FNDC3A"
3.28305018822096e-10,0.471879289944091,0.648,0.287,8.02771432023788e-06,"19","PPP1R10"
3.32150800031897e-10,0.325502631531516,0.509,0.198,8.12175136237995e-06,"19","BCCIP"
3.39219821157583e-10,0.653767036911517,0.519,0.214,8.29460306694521e-06,"19","TMEM256"
3.63414189000965e-10,0.510841752241783,0.306,0.101,8.8862037494516e-06,"19","IKBIP"
3.98952112023975e-10,0.369194202693615,0.454,0.173,9.75517704321025e-06,"19","YIPF3"
4.06544570643616e-10,0.509025239257732,0.315,0.107,9.94082784137769e-06,"19","MRPS33"
4.08105246654626e-10,0.54815182795284,0.407,0.153,9.97898949119891e-06,"19","COMMD1"
4.51689122081361e-10,0.614084613844362,0.296,0.098,1.10447024131334e-05,"19","GTF2H5"
4.64576470389952e-10,0.496281140064824,0.306,0.102,1.13598238539751e-05,"19","ABHD16A"
4.83544334984155e-10,0.594715534444319,0.843,0.449,1.18236260790325e-05,"19","DAD1"
5.14175939400297e-10,0.408061680381638,0.343,0.119,1.25726300702161e-05,"19","GNL2"
5.32681428489371e-10,0.530291893831505,0.5,0.205,1.30251262894221e-05,"19","TMEM165"
5.3288675448221e-10,0.426520268448614,0.491,0.195,1.3030146920599e-05,"19","ACADVL"
5.72650044677225e-10,0.569066572543971,0.889,0.524,1.40024388924475e-05,"19","HMGN1"
5.75417117610689e-10,0.837922888840772,0.259,0.082,1.40700993598166e-05,"19","TMEM205"
5.78968521183819e-10,0.660246685583799,0.861,0.513,1.41569382799867e-05,"19","ATP5MD"
5.94725945332132e-10,0.461053597777571,0.454,0.181,1.45422388152613e-05,"19","LY9"
5.95044130103556e-10,0.545301652423698,0.278,0.089,1.45500190692921e-05,"19","TM9SF1"
6.09931979362833e-10,0.45299201284887,0.639,0.284,1.491405675938e-05,"19","PHB2"
6.17849630579655e-10,0.564398736255823,0.667,0.298,1.51076591669337e-05,"19","DDOST"
6.38993926931574e-10,0.658315989643071,0.269,0.086,1.56246795013308e-05,"19","ZSCAN16-AS1"
6.39241441934634e-10,0.563537356840402,0.759,0.359,1.56307317381857e-05,"19","PRDX6"
6.47282532604614e-10,0.63223045600461,0.435,0.172,1.5827352487248e-05,"19","CLINT1"
6.48764915480689e-10,0.629775332591114,0.824,0.433,1.58635997133338e-05,"19","COPE"
6.5001890518416e-10,0.477860369395246,0.38,0.138,1.58942622695631e-05,"19","DHPS"
6.55743644557742e-10,0.906156294547451,0.269,0.087,1.60342435967259e-05,"19","RMDN3"
6.56086792526549e-10,0.305289685145166,0.444,0.168,1.60426342508592e-05,"19","DHX15"
6.61816295291288e-10,0.489436994639288,0.509,0.207,1.61827320524626e-05,"19","MORF4L2"
6.78563099601662e-10,0.514525351812429,0.565,0.239,1.65922249114598e-05,"19","HNRNPH1"
6.80247975202737e-10,0.881182245943526,0.278,0.091,1.66334234896573e-05,"19","PAK1"
7.45191528291995e-10,0.544691328364317,0.287,0.094,1.82214232497959e-05,"19","PRDX4"
7.86865788818739e-10,0.444270790505297,0.389,0.143,1.92404422681958e-05,"19","PPIL4"
7.92148745344235e-10,0.698389483521906,0.611,0.276,1.93696211211572e-05,"19","BHLHE40"
8.03191639220263e-10,0.390140796395944,0.972,0.688,1.96396419622139e-05,"19","CD37"
8.41759876445038e-10,0.482815768997448,0.509,0.209,2.05827124988341e-05,"19","RTF2"
8.56958288221302e-10,0.468938831923366,0.935,0.895,2.09543440635873e-05,"19","SERF2"
8.72650476160197e-10,0.563899931750608,0.352,0.127,2.13380494430691e-05,"19","STAT6"
9.04861972589354e-10,0.317142492554786,0.611,0.282,2.21256849537549e-05,"19","LGALS1"
9.30203938422958e-10,0.426728264708809,0.306,0.103,2.27453467023182e-05,"19","CASC3"
9.31546906424235e-10,0.390060200089073,0.528,0.218,2.27781849558854e-05,"19","TKT"
9.57013781965555e-10,0.377397956985753,0.546,0.224,2.34009009966217e-05,"19","MTCH1"
9.61500268550673e-10,0.401847580167849,0.287,0.094,2.3510604566601e-05,"19","COQ4"
9.74376409746501e-10,0.718373702351852,0.278,0.092,2.38254519711214e-05,"19","TPD52L2"
9.84013738609066e-10,0.660456166401926,0.361,0.135,2.40611039364689e-05,"19","USO1"
1.00757924061817e-09,0.551969833030084,0.287,0.095,2.46373275915955e-05,"19","RSRC1"
1.02101643984406e-09,0.493481764027386,0.417,0.16,2.4965893987067e-05,"19","ORMDL2"
1.03669217574803e-09,0.581917948052497,0.657,0.305,2.53491970813908e-05,"19","YWHAE"
1.04625954959606e-09,0.395433715246746,0.435,0.168,2.55831385067228e-05,"19","TIMM17B"
1.05148049725995e-09,0.570743371560281,0.315,0.109,2.57108011190004e-05,"19","NARS"
1.06840609154992e-09,0.369482679228585,0.444,0.174,2.61246657505786e-05,"19","TUBA1C"
1.06915434571203e-09,0.556188554331152,0.472,0.193,2.61429620613505e-05,"19","DNAJB11"
1.10939851460573e-09,0.449169024586301,0.426,0.164,2.71270124791393e-05,"19","UBN1"
1.12175413405252e-09,0.438074823954121,0.639,0.296,2.74291320858523e-05,"19","TSPYL2"
1.13740070474376e-09,0.588215120052917,0.25,0.078,2.78117220323944e-05,"19","RNPEP"
1.25338214786663e-09,0.348489254658539,0.417,0.157,3.06477002796348e-05,"19","SNRPA1"
1.25743010500842e-09,0.592925693566224,0.796,0.406,3.07466809276659e-05,"19","ROMO1"
1.44433758598223e-09,0.277702382143104,0.407,0.153,3.53169426524374e-05,"19","SETX"
1.47490877186866e-09,0.338375934293709,0.454,0.178,3.60644692897324e-05,"19","AZIN1"
1.52082367917393e-09,0.709885319226209,0.426,0.169,3.7187180603161e-05,"19","MPG"
1.5588240668698e-09,0.537325678814444,0.306,0.105,3.81163660831004e-05,"19","LPGAT1"
1.57112429599227e-09,0.428746198053199,0.407,0.154,3.8417131285603e-05,"19","SURF1"
1.62671700129173e-09,0.293254639348361,0.454,0.175,3.97764841155854e-05,"19","PPCS"
1.75488603985227e-09,0.448940468788324,0.333,0.118,4.29104734464677e-05,"19","CHCHD3"
2.02626689217619e-09,0.668342041452688,0.287,0.096,4.95462780474922e-05,"19","ARAF"
2.11798140984799e-09,0.602144735540993,0.935,0.649,5.17888814336032e-05,"19","SERP1"
2.13985923007946e-09,0.628113031760795,0.333,0.121,5.23238378939028e-05,"19","UBL3"
2.14563713024295e-09,0.316990382396939,0.519,0.211,5.24651191087007e-05,"19","RNF138"
2.18624356267379e-09,0.430138726911762,0.435,0.17,5.34580275944995e-05,"19","CEP350"
2.25904678048566e-09,0.428754304172036,0.611,0.269,5.52382118764352e-05,"19","RBBP4"
2.25932573440678e-09,0.511843424206764,0.528,0.225,5.52450328577147e-05,"19","TAOK3"
2.33465858453262e-09,0.484947965298844,0.324,0.115,5.70870717089916e-05,"19","SRP68"
2.35418015959358e-09,0.993244423082877,0.324,0.12,5.75644132623822e-05,"19","MRPL36"
2.57309228611981e-09,0.773428109908484,0.259,0.086,6.29172525802015e-05,"19","RRAGC"
2.63062080692261e-09,0.845766263527797,0.25,0.081,6.43239399708717e-05,"19","MCMBP"
2.64918349854154e-09,0.487899591029994,0.269,0.088,6.47778349063376e-05,"19","PPA2"
2.65299992543332e-09,0.527525776169274,0.259,0.084,6.48711541766955e-05,"19","TMED3"
2.86791218719632e-09,0.656448473900991,0.324,0.117,7.01261888013244e-05,"19","WBP1"
2.86979381902702e-09,0.572566903086514,0.343,0.126,7.01721984628487e-05,"19","MRPL55"
2.89464577901593e-09,0.451386075079211,0.306,0.107,7.07798785884976e-05,"19","DRG1"
2.91480839958906e-09,0.636966771800696,0.648,0.303,7.12728949867516e-05,"19","B4GALT1"
2.92260301280039e-09,0.443189327522116,0.565,0.242,7.14634888689951e-05,"19","RAB11A"
2.92486268254949e-09,0.366758079739556,0.259,0.083,7.15187423137001e-05,"19","SFSWAP"
2.94535184938528e-09,0.455977864963666,0.37,0.139,7.20197434211689e-05,"19","AKAP17A"
2.98348112009494e-09,0.618511532526031,0.361,0.137,7.29520803485615e-05,"19","PCF11"
2.99101453336621e-09,0.527220112188098,0.324,0.116,7.31362873698706e-05,"19","FAM208A"
3.03883307886233e-09,0.338243945997098,0.454,0.18,7.43055464443417e-05,"19","ATXN10"
3.12541837111484e-09,0.491354016544617,0.269,0.089,7.64227300105001e-05,"19","ACLY"
3.16375804195601e-09,0.490687863458302,0.37,0.141,7.73602116419085e-05,"19","RUNX1"
3.18878473402622e-09,0.565669654541205,0.907,0.545,7.79721643164092e-05,"19","COX8A"
3.2114378124226e-09,0.36385186425473,0.296,0.101,7.85260773893575e-05,"19","ZDHHC12"
3.224546314013e-09,0.654658701204797,0.259,0.085,7.88466064702458e-05,"19","ANAPC15"
3.35803450240122e-09,0.588455538181353,0.278,0.093,8.21106596527147e-05,"19","U2AF1L4"
3.48364818841194e-09,0.495467837729859,0.463,0.186,8.51821655030488e-05,"19","ATP6AP1"
3.49102012500178e-09,0.442517916369578,0.528,0.225,8.53624240965434e-05,"19","POLR2J"
3.58991177141283e-09,0.423401928099194,0.306,0.106,8.77805226345866e-05,"19","RBM7"
3.60944723666663e-09,0.48053593737789,0.352,0.131,8.82582038309724e-05,"19","AKR7A2"
3.62249840980856e-09,0.708551958646973,0.315,0.115,8.8577331116639e-05,"19","GADD45A"
3.73016465022415e-09,0.663713685197142,0.25,0.081,9.12099860272808e-05,"19","CTBS"
3.7310214726118e-09,0.292426278898815,0.491,0.198,9.12309370483037e-05,"19","SNF8"
3.77734089051609e-09,0.305495458428936,0.491,0.199,9.23635394548994e-05,"19","THUMPD3-AS1"
3.89770626913178e-09,0.390168463650756,0.361,0.133,9.53067136928103e-05,"19","CARD11"
4.09865565295075e-09,0.367278564032493,0.306,0.106,0.000100220328025952,"19","WDR61"
4.30614991261135e-09,0.489834829776466,0.343,0.125,0.000105293977663173,"19","PIK3CD"
4.33146662361324e-09,0.497266482819915,0.741,0.372,0.000105913021880591,"19","GLIPR1"
4.48557989250764e-09,0.329817505876068,0.417,0.163,0.000109681399531597,"19","SNRPA"
4.56025866213334e-09,0.408231311757539,0.593,0.26,0.000111507444806484,"19","GTF2A2"
4.65971601781542e-09,0.36353343419446,0.593,0.256,0.000113939376067623,"19","C18orf32"
4.84503806983104e-09,0.65241608928654,0.37,0.145,0.000118470870883509,"19","ITGAE"
5.12260823467631e-09,0.392273559589987,0.444,0.179,0.000125258016554305,"19","TNKS2"
5.34492005825831e-09,0.407986490704951,0.472,0.193,0.000130693985264532,"19","PIN1"
5.62149140689083e-09,0.423140549528969,0.537,0.231,0.000137456707881295,"19","RNASEH2C"
5.81087257908403e-09,0.399088487778413,0.491,0.206,0.000142087456303763,"19","TNRC6B"
5.91134236687358e-09,0.279275783393097,0.287,0.098,0.000144544143554793,"19","UNC50"
5.94101827057735e-09,0.424587661520669,0.343,0.126,0.000145269778752157,"19","PSMD1"
6.34178233680563e-09,0.644871571822238,0.333,0.124,0.000155069261699571,"19","UBE2G2"
6.35606689683209e-09,0.4097892589672,0.435,0.173,0.000155418547761338,"19","CCDC47"
6.42472798273354e-09,0.459867852409357,0.296,0.104,0.000157097448633801,"19","ANKLE2"
6.44837677235947e-09,0.452159102006383,0.574,0.249,0.000157675708837734,"19","SMIM26"
6.63384656445188e-09,0.551851416530848,0.481,0.206,0.000162210816193977,"19","NDUFB3"
6.8535030513763e-09,0.514316228568983,0.333,0.124,0.000167581856612253,"19","HOOK3"
7.30755409190888e-09,0.68585969413352,0.315,0.116,0.000178684312655356,"19","SRPRB"
7.46201228564102e-09,0.621368040197477,0.435,0.182,0.000182461124408494,"19","MKNK2"
8.25943796908119e-09,0.336678688676522,0.361,0.137,0.000201959777219973,"19","MDFIC"
8.2765384456854e-09,0.703960691514191,0.259,0.088,0.000202377918073899,"19","DDX42"
8.44712653233024e-09,0.448036340332189,0.565,0.245,0.000206549137968539,"19","TMEM14B"
8.49327096549954e-09,0.491776796634387,0.333,0.123,0.000207677461648395,"19","RIOK1"
9.4026526070919e-09,0.5052151265091,0.333,0.124,0.000229913661548611,"19","OTULINL"
9.41905550397005e-09,0.699243656654878,0.315,0.118,0.000230314745183076,"19","CUEDC2"
9.5298421425124e-09,0.332953516859524,0.333,0.123,0.000233023700068713,"19","STOML2"
1.00509981504346e-08,0.684226650983215,0.509,0.228,0.000245767006774426,"19","CHCHD10"
1.00998551248881e-08,0.464849629542848,0.806,0.414,0.000246961657513763,"19","SEPT9"
1.01008680318827e-08,0.352233853172633,0.324,0.118,0.000246986425115597,"19","POGZ"
1.03343999288917e-08,0.575943235158743,0.704,0.361,0.00025269674706126,"19","SRPRA"
1.04741413558691e-08,0.352934927278348,0.63,0.28,0.000256113704433712,"19","NDUFS8"
1.0799105589291e-08,0.460528901803656,0.259,0.087,0.000264059729869342,"19","GINM1"
1.09636032168488e-08,0.285021888086466,0.361,0.137,0.000268082025858387,"19","MTCH2"
1.1335070694203e-08,0.450635962726689,0.352,0.134,0.000277165148614652,"19","PRCC"
1.14416858432139e-08,0.39009425884768,0.972,0.914,0.000279772102238266,"19","FTL"
1.16306292928211e-08,0.272612962255022,0.546,0.233,0.000284392147468061,"19","COX16"
1.18167242536558e-08,0.297474761017374,0.296,0.104,0.000288942541450391,"19","STAG1"
1.24044417245215e-08,0.593636287147559,0.296,0.107,0.000303313409047999,"19","FKBP3"
1.28190485426772e-08,0.589011780683238,0.75,0.395,0.000313451374965544,"19","ARPC5"
1.31130427955757e-08,0.257008003674638,0.38,0.145,0.000320640122437416,"19","NDUFA9"
1.32189491460863e-08,0.475749740816603,0.556,0.248,0.000323229744520103,"19","RER1"
1.3679208635952e-08,0.729323309459434,0.676,0.369,0.000334484009566299,"19","NOP58"
1.44062140358183e-08,0.53652296664653,0.287,0.102,0.000352260745603828,"19","NSUN2"
1.45112574965184e-08,0.540631475063395,0.435,0.184,0.000354829268304868,"19","SRP72"
1.45606610205848e-08,0.644855178099588,0.343,0.132,0.000356037283275339,"19","SMIM19"
1.49606260839097e-08,0.526537227541123,0.259,0.088,0.000365817229003759,"19","POLG"
1.51391955825196e-08,0.399453011385625,0.417,0.169,0.000370183610383768,"19","NDUFS3"
1.54518815587834e-08,0.687276543113333,0.269,0.094,0.000377829407875373,"19","AL365205.1"
1.59274054674821e-08,0.38716435939167,0.546,0.239,0.000389456918490872,"19","TMEM219"
1.7167006756053e-08,0.613729912023229,0.583,0.276,0.000419767649199009,"19","IL10RA"
1.75098260079822e-08,0.367979574015106,0.25,0.083,0.000428150265547182,"19","IFT20"
1.7650919138404e-08,0.50061680049374,0.694,0.34,0.000431600274772254,"19","GDI2"
1.76814775042486e-08,0.295178380247885,0.407,0.162,0.000432347487933887,"19","TOR1AIP1"
1.83825318637519e-08,0.384022272290871,0.407,0.163,0.000449489669132461,"19","RPAIN"
1.85950319695108e-08,0.519255347633711,0.38,0.151,0.000454685721718479,"19","PTOV1"
1.96759681162692e-08,0.585882229211516,0.37,0.149,0.000481116772379015,"19","ITCH"
2.09563578122642e-08,0.501759790421809,0.278,0.098,0.000512424861225483,"19","EBLN3P"
2.10218590671555e-08,0.377881256108316,0.676,0.319,0.000514026497910086,"19","NDUFB1"
2.15889834325977e-08,0.715609297056874,0.278,0.101,0.000527893822893878,"19","LARS"
2.26615702103146e-08,0.373601287074899,0.315,0.115,0.000554120714782614,"19","TMEM18"
2.387429919083e-08,0.45415785967271,0.583,0.268,0.000583774363814175,"19","PPM1G"
2.64949246905492e-08,0.565007728519074,0.398,0.162,0.000647853898533308,"19","UBE2E3"
2.68934104947664e-08,0.378895783856296,0.315,0.117,0.000657597673418029,"19","DDX54"
2.70066467814018e-08,0.46460236627786,0.287,0.104,0.000660366527098836,"19","GRHPR"
2.804879670325e-08,0.397810662984661,0.306,0.112,0.000685849176987868,"19","TAPBPL"
2.93084186797882e-08,0.492613148407487,0.259,0.09,0.000716649453558181,"19","DRAM2"
2.96732979597451e-08,0.687903987911951,0.278,0.101,0.000725571481711688,"19","CUL5"
3.0323991033062e-08,0.340725742028184,0.398,0.158,0.000741482228740433,"19","AK2"
3.12864780350751e-08,0.400586247597597,0.25,0.085,0.000765016960913655,"19","UTP6"
3.15283803285805e-08,0.43358168199087,0.759,0.385,0.000770931955794451,"19","ERH"
3.38048921359398e-08,0.347389705517289,0.37,0.148,0.000826597222508,"19","CD300A"
3.62855579048281e-08,0.550297754181556,0.889,0.589,0.000887254461888858,"19","COX6B1"
3.76753640472473e-08,0.670515331783767,0.806,0.544,0.000921238001683292,"19","ZNF331"
3.84443880014646e-08,0.439643537890631,0.296,0.11,0.000940042175411813,"19","APEH"
3.87578408928378e-08,0.387385720515815,0.269,0.095,0.00094770672551167,"19","NDUFS4"
3.91971929920735e-08,0.426291453427707,0.806,0.409,0.000958449763042182,"19","ATP5MPL"
4.00938144822538e-08,0.418376806585054,0.333,0.128,0.000980373951720069,"19","LTA4H"
4.02221056704897e-08,0.429448060195069,0.62,0.295,0.000983510927854814,"19","ETF1"
4.11043508224057e-08,0.296441454478922,0.574,0.253,0.00100508358630947,"19","TMEM179B"
4.1624092423485e-08,0.506133400989438,0.491,0.216,0.00101779230793906,"19","PTBP3"
4.16290723100978e-08,0.413018838347509,0.287,0.104,0.00101791407612651,"19","LSM12"
4.32648136915287e-08,0.47042808875293,0.296,0.11,0.00105791122438526,"19","TM2D1"
4.74338732307402e-08,0.513026854701222,0.528,0.241,0.00115985306823806,"19","LAMTOR1"
4.93246314528223e-08,0.598297981418887,0.306,0.116,0.00120608588828441,"19","UCHL5"
5.07423185603666e-08,0.451294407973879,0.556,0.255,0.00124075117343808,"19","SCAMP2"
5.28646349758814e-08,0.285874045252152,0.398,0.162,0.00129264605443025,"19","GTF2F1"
5.79955839619338e-08,0.272318699964769,0.444,0.188,0.00141810801903721,"19","PHYKPL"
5.86964984766848e-08,0.459097949430809,0.472,0.208,0.0014352467807519,"19","ATRAID"
5.93908078695322e-08,0.454862879984766,0.444,0.19,0.0014522240340258,"19","DCAF7"
5.97455315014999e-08,0.344979003525295,0.537,0.24,0.00146089773627468,"19","CNIH1"
5.99173418389785e-08,0.49984264578842,0.556,0.26,0.0014650988426467,"19","RABGAP1L"
6.12503520560181e-08,0.437829204277621,0.444,0.192,0.00149769360847375,"19","ADD1"
6.54887867665278e-08,0.294415143123976,0.25,0.087,0.00160133181401514,"19","DYNC1I2"
6.5785743636796e-08,0.323334772053585,0.324,0.124,0.00160859300340694,"19","AP3D1"
6.63403479287753e-08,0.313339772792452,0.981,0.865,0.00162215418755441,"19","EEF1B2"
6.89579239265398e-08,0.497943773592604,0.407,0.172,0.00168615915585175,"19","TDG"
6.94728268797569e-08,0.372240195645056,0.611,0.287,0.00169874956286382,"19","NOL7"
7.00163728511483e-08,0.380442200212571,0.556,0.258,0.00171204034895628,"19","RHEB"
7.07930449867473e-08,0.522458053697127,0.306,0.117,0.00173103153601595,"19","RAB4A"
7.09105608192274e-08,0.280732802934967,0.491,0.216,0.00173390503315175,"19","GOLGA4"
7.16717921426539e-08,0.280286845514017,0.398,0.163,0.00175251866147217,"19","IDH3G"
7.36669374578587e-08,0.38890015045104,0.315,0.12,0.00180130395471956,"19","USE1"
7.85147059696258e-08,0.403523927107229,0.333,0.13,0.00191984159036929,"19","CFAP298"
8.11121979691521e-08,0.393644556630464,0.509,0.23,0.00198335546474171,"19","SP110"
8.15508444254167e-08,0.522416293054456,0.676,0.345,0.00199408124789029,"19","KTN1"
8.45983786204181e-08,0.30986134256402,0.481,0.209,0.00206859955402646,"19","C19orf24"
8.84204942674659e-08,0.354279601466856,0.25,0.088,0.00216205792582808,"19","UBXN2A"
8.95443999395108e-08,0.360101405196555,0.37,0.152,0.00218953966732092,"19","LAMTOR2"
9.08516186091052e-08,0.37651029420754,0.278,0.102,0.00222150377822984,"19","CLASP2"
9.61548063314874e-08,0.39326021656021,0.306,0.117,0.00235117732441753,"19","POP5"
1.00326075717284e-07,0.627509376895628,0.296,0.115,0.00245317320343903,"19","MTMR6"
1.01293713953292e-07,0.431087622698,0.444,0.194,0.0024768338935859,"19","NOP56"
1.02356889041584e-07,0.370183515651424,0.491,0.215,0.0025028306508448,"19","PSMD2"
1.05084518765912e-07,0.264282561662519,0.315,0.12,0.00256952665286409,"19","ELP5"
1.06591677093958e-07,0.449086941929552,0.287,0.107,0.00260637968830147,"19","MIS18BP1"
1.0676524518071e-07,0.299186629946657,0.361,0.144,0.00261062377515873,"19","GLO1"
1.17407876641392e-07,0.44583801798562,0.787,0.43,0.00287085739963532,"19","GNAS"
1.17575983693117e-07,0.344094285130723,0.722,0.373,0.00287496795326411,"19","RANBP2"
1.17997713626806e-07,0.260186860713232,0.509,0.226,0.00288528009360266,"19","FOXP1"
1.18185901307906e-07,0.308216775643796,0.463,0.201,0.00288988165878093,"19","BUD23"
1.20556240358053e-07,0.716580264593682,0.25,0.091,0.00294784118923511,"19","DIMT1"
1.26506309264118e-07,0.428723289909078,0.278,0.103,0.00309333227412622,"19","VRK3"
1.29200285661578e-07,0.440387404183894,0.509,0.232,0.0031592053849969,"19","CNOT7"
1.30754080512364e-07,0.360371371040566,0.343,0.136,0.00319719877668832,"19","GOLT1B"
1.33599759858904e-07,0.325028738050092,0.38,0.157,0.00326678132806992,"19","SVIP"
1.36846360963208e-07,0.298028198313218,0.565,0.255,0.00334616721827235,"19","ATP6V0D1"
1.39291716077979e-07,0.498896975866374,0.296,0.115,0.00340596104153875,"19","HAGH"
1.50665134390085e-07,0.364000224769403,0.426,0.182,0.00368406386610636,"19","MVP"
1.57525452440056e-07,0.457389718528538,0.806,0.432,0.00385181236306425,"19","PAXX"
1.62886414523633e-07,0.275919623969558,0.333,0.133,0.00398289860793187,"19","CAMTA1"
1.64295012444542e-07,0.380912576498364,0.352,0.142,0.00401734164429394,"19","BORCS7"
1.70010815747796e-07,0.436924933292817,0.5,0.228,0.00415710446666511,"19","GLG1"
1.75224681531513e-07,0.388973260379234,0.667,0.315,0.00428459391280855,"19","NDUFA12"
1.82463823230901e-07,0.464952691946552,0.259,0.095,0.00446160540564198,"19","CHPT1"
1.82545570861064e-07,0.573314597070302,0.426,0.187,0.00446360429869473,"19","TWISTNB"
1.82907339824834e-07,0.537110072787777,0.861,0.534,0.00447245027339685,"19","HMGN2"
1.86152771046941e-07,0.500450908945904,0.528,0.258,0.00455180755763981,"19","NINJ1"
1.95225779038391e-07,0.338036109958857,0.491,0.221,0.00477366074904673,"19","DNAJC15"
1.9662796194111e-07,0.305189663683578,0.611,0.284,0.00480794692538401,"19","SRP19"
1.97860483600247e-07,0.429604497408334,0.25,0.091,0.00483808454499324,"19","WASHC2C"
2.04368447946864e-07,0.253030186472139,0.278,0.104,0.00499721728919673,"19","MCTS1"
2.11172549318529e-07,0.386672739969914,0.454,0.203,0.00516359117593666,"19","SAP30BP"
2.20541309190415e-07,0.259342184158206,0.343,0.138,0.00539267609232403,"19","ELF2"
2.21139837963059e-07,0.292647586859689,0.278,0.105,0.00540731131787272,"19","ZCRB1"
2.29175691762635e-07,0.311228656764462,0.25,0.09,0.00560380401497995,"19","CCDC130"
2.29535587011203e-07,0.397650165650975,0.426,0.186,0.00561260417359794,"19","PSMD9"
2.34585559917456e-07,0.321705349879645,0.361,0.148,0.00573608611110163,"19","ACO2"
2.65468655034257e-07,0.348599483633035,0.565,0.267,0.00649123955289765,"19","KDELR2"
2.69726329922556e-07,0.262479593325636,0.741,0.359,0.00659534821926633,"19","UFC1"
2.738893146478e-07,0.392210049122234,0.417,0.183,0.006697141521768,"19","CDV3"
2.81994545175301e-07,0.554027842346908,0.259,0.096,0.00689533061862645,"19","NUPL2"
2.8202180860172e-07,0.374386498482021,0.278,0.106,0.00689599726392927,"19","SNAPIN"
2.83869980641183e-07,0.526952087425915,0.25,0.093,0.0069411887666382,"19","FAM120A"
2.84854757748738e-07,0.440344545804883,0.685,0.352,0.00696526853647213,"19","ATP5F1C"
2.8965018166154e-07,0.366574572898798,0.38,0.161,0.00708252624198799,"19","MAP4"
3.07451429398595e-07,0.413020783600119,0.5,0.234,0.00751780235165445,"19","MESD"
3.09805672179139e-07,0.305337527448443,0.333,0.135,0.0075753682961243,"19","GPS1"
3.1090394070537e-07,0.438683086075003,0.722,0.399,0.00760222315812772,"19","DDX21"
3.23338836677961e-07,0.388897451745264,0.731,0.363,0.0079062812344495,"19","EIF3M"
3.24832148557372e-07,0.355541562744473,0.361,0.15,0.00794279569652486,"19","TUSC2"
3.26252206021989e-07,0.417797267793538,0.25,0.091,0.00797751894164969,"19","PFKP"
3.27673529230271e-07,0.255891834009142,0.25,0.091,0.0080122731367386,"19","WDR48"
3.32289957385807e-07,0.446456627587334,0.278,0.106,0.00812515403799776,"19","POLR3E"
3.50871572105764e-07,0.280803867299872,0.454,0.202,0.00857951168113015,"19","CENPC"
3.56996457461667e-07,0.351375828628361,0.352,0.146,0.00872927737785267,"19","PSMA2"
3.68381817079882e-07,0.623569229953349,0.269,0.105,0.00900767219123726,"19","QARS"
3.69207305951453e-07,0.341265106277344,0.324,0.13,0.00902785704512493,"19","PUM1"
3.85339259014942e-07,0.562796278848861,0.25,0.093,0.00942231556143336,"19","KRCC1"
3.86634497359104e-07,0.671558719757273,0.38,0.163,0.0094539867294248,"19","TAF9"
3.8745850196141e-07,0.371913943347758,0.269,0.102,0.00947413528996041,"19","MTHFS"
4.03096902895691e-07,0.417070068071898,0.556,0.269,0.00985652546960545,"19","DUT"
4.07957699376601e-07,0.447954131268281,0.537,0.26,0.00997538166515665,"19","UFM1"
4.25844857346524e-07,0.381177878734863,0.694,0.352,0.0104127584518372,"19","NDUFV2"
4.37278715407517e-07,0.372961505734903,0.759,0.391,0.0106923391491446,"19","EIF4A1"
4.50915711830049e-07,0.286463695187606,0.537,0.252,0.0110257909856684,"19","MTPN"
4.93187168574697e-07,0.388758394039437,0.444,0.205,0.0120594126459885,"19","SNRNP70"
4.95147683340406e-07,0.637444297031176,0.269,0.105,0.0121073511530396,"19","FPGS"
4.96256043254642e-07,0.413907878600242,0.713,0.372,0.0121344527696625,"19","CCND3"
4.98241416088891e-07,0.389768802192029,0.269,0.103,0.0121829991062056,"19","EPN1"
5.22578690503357e-07,0.290144864703024,0.778,0.391,0.0127780941401881,"19","APBB1IP"
5.26947504968359e-07,0.541701371532688,0.343,0.147,0.0128849203914863,"19","PAG1"
5.35062400698963e-07,0.413872905178972,0.407,0.18,0.013083345821891,"19","RSU1"
5.50126889943913e-07,0.279327335200837,0.315,0.127,0.0134517027129086,"19","SNHG9"
5.79900634437756e-07,0.272627242996765,0.389,0.167,0.014179730313272,"19","ELAVL1"
5.85838770161488e-07,0.276227196177089,0.528,0.247,0.0143249296079887,"19","ZYX"
6.16009887355522e-07,0.383354203313604,0.352,0.15,0.0150626737656172,"19","EIF1AY"
6.19843299748965e-07,0.387822177866099,0.593,0.287,0.0151564083654617,"19","NDUFB7"
6.58948872217277e-07,0.331789989375881,0.426,0.19,0.0161126178234568,"19","PLEKHB2"
6.70226253000389e-07,0.362988881334792,0.324,0.134,0.0163883723383655,"19","PSME3"
6.77915438069195e-07,0.357577671944526,0.722,0.364,0.016576388291668,"19","RTRAF"
7.15271019462528e-07,0.395762706604368,0.639,0.331,0.0174898069678977,"19","LPXN"
7.57881856012208e-07,0.254540933415315,0.491,0.225,0.0185317271432105,"19","YY1"
7.77101464791235e-07,0.310091346971439,0.509,0.238,0.0190016850170753,"19","PRPF8"
7.82708813804358e-07,0.372072834312451,0.917,0.624,0.0191387959151442,"19","DDIT4"
7.83097352637168e-07,0.518952875047982,0.907,0.743,0.019148296466684,"19","SUB1"
7.84097597332484e-07,0.264982661923601,0.361,0.154,0.0191727544499739,"19","TMEM50B"
7.97533340776384e-07,0.469447458952654,0.259,0.1,0.0195012852486641,"19","MRPL37"
8.09023352576932e-07,0.392651714560378,0.269,0.105,0.0197822390172112,"19","CHCHD5"
8.45599906119515e-07,0.390302221472393,0.287,0.114,0.0206766089044344,"19","CERS2"
8.58493780350657e-07,0.368819580019351,0.611,0.303,0.0209918899171343,"19","NDUFAB1"
8.67406665025561e-07,0.25935578256292,0.315,0.129,0.021209827773205,"19","C22orf39"
8.895096923134e-07,0.533784735405478,0.25,0.096,0.0217502909964473,"19","ACP5"
9.15361241661715e-07,0.588797384453154,0.278,0.112,0.0223824130811123,"19","MRPL28"
9.26320980746026e-07,0.346412044453323,0.398,0.176,0.0226504006212018,"19","DHX9"
9.92339347881085e-07,0.277515486710735,0.648,0.317,0.0242646817343883,"19","SNRPF"
1.02514286270274e-06,0.357769295541739,0.398,0.178,0.0250667932788073,"19","ARL8B"
1.03564937681519e-06,0.366076278496044,0.296,0.12,0.0253236985618851,"19","GPBP1L1"
1.05540170942882e-06,0.302624109836917,0.657,0.333,0.0258066825989535,"19","PNISR"
1.05730055581494e-06,0.254207501642564,0.685,0.343,0.0258531131907869,"19","PRKAR1A"
1.07095038027394e-06,0.388372833842973,0.343,0.144,0.0261868786984583,"19","SUPT16H"
1.08496596915765e-06,0.409921119519042,0.917,0.622,0.0265295878778428,"19","COX7A2"
1.08717456674339e-06,0.400637908357972,0.333,0.142,0.0265835925060094,"19","MED29"
1.17023180227315e-06,0.279990568845709,0.472,0.218,0.0286145080291831,"19","PCMT1"
1.18941176944325e-06,0.264364046395593,0.407,0.179,0.0290834965864263,"19","SRM"
1.19546509953318e-06,0.435629947781478,0.889,0.727,0.0292315126137852,"19","LSP1"
1.19602627171496e-06,0.295422200830204,0.343,0.146,0.0292452343959742,"19","AIMP1"
1.2634433122879e-06,0.327084023422143,0.537,0.259,0.0308937158720638,"19","NDUFB6"
1.27425868582512e-06,0.294737740834112,0.278,0.11,0.0311581733857959,"19","IL17RA"
1.40448969690173e-06,0.342499808381001,0.296,0.121,0.034342582068641,"19","HDGF"
1.41077635933899e-06,0.320144205714267,0.343,0.147,0.0344963035385569,"19","IAH1"
1.42122192458231e-06,0.250385927799833,0.685,0.34,0.0347517184998866,"19","ATP5PD"
1.42440796089374e-06,0.340912721051495,0.306,0.125,0.0348296234597738,"19","NPEPPS"
1.48005843729739e-06,0.736992162623888,0.435,0.211,0.0361903889087958,"19","FBXO34"
1.5012394247991e-06,0.31259210853876,0.787,0.41,0.0367083064151875,"19","SEM1"
1.51498429877006e-06,0.371252147454756,0.769,0.402,0.0370443960735256,"19","ATP5PB"
1.54219683786709e-06,0.296787210790202,0.38,0.167,0.0377097970795262,"19","CDC73"
1.56151652958559e-06,0.548781234302851,0.269,0.108,0.0381822021814268,"19","TBL1XR1"
1.63080513393886e-06,0.415166218837334,0.917,0.764,0.039876447135073,"19","CALM2"
1.82114048278152e-06,0.442550288581228,0.5,0.24,0.0445305270849738,"19","PNPLA2"
1.9157496333975e-06,0.626900373636605,0.25,0.1,0.0468439100358357,"19","XPO1"
1.91709049277392e-06,0.371904878592433,0.731,0.386,0.046876696729308,"19","NDUFB4"
1.97099815904322e-06,0.350810684923131,0.444,0.208,0.0481948469849247,"19","OSBPL8"
2.12394844680205e-06,0.405869642290472,0.648,0.336,0.0519347874212037,"19","SLC3A2"
2.13548874870847e-06,0.481074250861461,0.306,0.13,0.0522169708834196,"19","TRIM38"
2.40468512665077e-06,0.331520260777099,0.963,0.742,0.0587993607168645,"19","CLIC1"
2.48099820646847e-06,0.374309030592862,0.556,0.279,0.0606653681445671,"19","NDUFA11"
2.57739156070679e-06,0.421442632529581,0.87,0.562,0.0630223784424023,"19","RNASEK"
2.58238456939686e-06,0.356110209320533,0.315,0.134,0.0631444674908921,"19","SPAG7"
2.80230331587318e-06,0.475372613460593,0.259,0.104,0.0685219206797311,"19","PRCP"
2.862147985188e-06,0.277709579881456,0.426,0.197,0.0699852425338169,"19","DARS"
2.88382652911897e-06,0.256011887057813,0.352,0.155,0.070515326290017,"19","TMEM35B"
2.91483350894912e-06,0.368091575008009,0.815,0.472,0.0712735089608238,"19","POMP"
3.02020691137165e-06,0.33747722362773,0.278,0.114,0.0738500993968595,"19","DDX39B"
3.04059619348779e-06,0.270356762045691,0.648,0.328,0.0743486581231634,"19","COX17"
3.13115007993453e-06,0.402332646325555,0.25,0.099,0.0765628817545591,"19","IREB2"
3.30170662847548e-06,0.340273728779625,0.38,0.171,0.0807333304794824,"19","PSMB7"
3.51201611781954e-06,0.456679801261855,0.935,0.763,0.0858758181129233,"19","CHCHD2"
3.58855441150203e-06,0.418345029686007,0.333,0.149,0.0877473324700476,"19","TMEM70"
3.9998077826488e-06,0.38205753285924,0.25,0.1,0.0978032999013285,"19","SPEN"
4.04788532789385e-06,0.260667176661238,0.528,0.257,0.0989788920376604,"19","SLIRP"
4.04804768299184e-06,0.291025241498131,0.676,0.355,0.0989828619445164,"19","UBXN4"
4.04805764120046e-06,0.36159816566461,0.269,0.111,0.0989831054426337,"19","OSTM1"
4.08671272882276e-06,0.45357939362591,0.963,0.694,0.0999282996451742,"19","COX6A1"
4.1237961066067e-06,0.335592677859259,0.741,0.404,0.100835062398747,"19","FAM96B"
4.22731850655745e-06,0.309021676293469,0.269,0.109,0.103366392122343,"19","CS"
4.28680803438409e-06,0.262765595643816,0.278,0.115,0.10482103005676,"19","IWS1"
4.39661622202285e-06,0.423625893695238,0.306,0.132,0.107506059860903,"19","MRPL34"
4.41845939474812e-06,0.313610607034499,0.5,0.24,0.108040169120381,"19","EIF6"
4.50351426265317e-06,0.258483886016215,0.269,0.11,0.110119930750395,"19","GLRX3"
4.56572013147834e-06,0.35669983206314,0.269,0.111,0.111640988654908,"19","MAGT1"
4.66414749018751e-06,0.451830037389212,0.806,0.504,0.114047734430065,"19","ATP5MF"
4.74197855619449e-06,0.322302403607815,0.759,0.432,0.115950859656068,"19","TRAPPC1"
4.74338991709615e-06,0.577063768856008,0.25,0.103,0.115985370252835,"19","WDR43"
4.90523311534521e-06,0.484103663971011,0.287,0.121,0.119942760136421,"19","TMEM126A"
5.04078351410764e-06,0.255125745205129,0.63,0.322,0.12325723848696,"19","ENY2"
5.11575412361557e-06,0.299095156624577,0.343,0.152,0.125090419830648,"19","CYB5B"
5.27482505663374e-06,0.263377606184098,0.685,0.348,0.128980022284808,"19","MOB1A"
5.32355452534297e-06,0.300255072630648,0.389,0.18,0.130171555253686,"19","PRKCSH"
5.58692673885393e-06,0.427269967951538,0.907,0.571,0.136611532618456,"19","ATP6V0E1"
5.61861335617342e-06,0.382704801037734,0.25,0.101,0.137386333785152,"19","GTF2E2"
5.72536967231045e-06,0.369531780687281,0.824,0.508,0.139996739227335,"19","SNRPG"
5.98078992028324e-06,0.403486415725056,0.352,0.162,0.146242275130766,"19","C6orf62"
6.4167665663473e-06,0.292964722360219,0.88,0.504,0.156902776080324,"19","ARL6IP1"
6.43082849442755e-06,0.741378877308695,0.259,0.109,0.157246618345742,"19","HIST1H1C"
6.47810959316366e-06,0.262705737713876,0.25,0.102,0.158402735772038,"19","PFDN6"
6.8373603281877e-06,0.304031023129246,0.306,0.133,0.167187134744846,"19","UBA1"
6.97833241085779e-06,0.333902913377392,0.731,0.413,0.170634184110295,"19","IDS"
7.11423327734453e-06,0.317500358832187,0.306,0.133,0.173957232097628,"19","TFG"
7.31359319206373e-06,0.332406736691319,0.25,0.102,0.178831980732342,"19","GTPBP1"
7.95124840697607e-06,0.367378153717732,0.565,0.292,0.194423926047379,"19","CCT8"
8.12272316205101e-06,0.362239209021653,0.352,0.162,0.198616826758471,"19","LYSMD2"
8.12546569316865e-06,0.417144081211167,0.889,0.603,0.19868388712936,"19","NDUFA4"
8.17626376699404e-06,0.252124223687655,0.389,0.18,0.199926001630538,"19","SMU1"
9.5261273059194e-06,0.269662732927659,0.361,0.163,0.232932864884341,"19","PWP1"
9.75559104604466e-06,0.312273671319065,0.519,0.271,0.238543712257884,"19","H1FX"
9.80183329365133e-06,0.292043196653798,0.593,0.313,0.239674427696362,"19","SF3B5"
9.80766840603367e-06,0.394323764313493,0.843,0.503,0.239817107864335,"19","TMEM59"
1.04264137978644e-05,0.477911497368852,0.306,0.137,0.254946670185379,"19","MIA3"
1.14908403766849e-05,0.723854481022267,0.25,0.11,0.2809740288907,"19","GLA"
1.15165229439831e-05,0.335086467082076,0.778,0.461,0.281602019026276,"19","C4orf3"
1.16935909415493e-05,0.252553435165303,0.269,0.114,0.285931685702763,"19","LRRC41"
1.21249613248836e-05,0.477236304751987,0.38,0.186,0.296479554316053,"19","TOB1"
1.23953963299096e-05,0.322436058981967,0.278,0.119,0.30309223105895,"19","TMEM39A"
1.31329427073757e-05,0.388477250003939,0.315,0.143,0.32112671508075,"19","UPF2"
1.37127311542969e-05,0.355883136186136,0.722,0.404,0.335303702184867,"19","SH3BGRL"
1.71704395382465e-05,0.385588205125359,0.676,0.372,0.419851587589203,"19","LMAN2"
1.74504535856764e-05,0.32528488864221,0.75,0.436,0.42669849107696,"19","RABAC1"
1.80137506504353e-05,0.34833258547445,0.926,0.769,0.440472230904443,"19","RHOA"
1.81435057919686e-05,0.322725429583585,0.296,0.131,0.443645003625216,"19","USP4"
1.90524533516183e-05,0.285069842911454,0.407,0.196,0.46587058935377,"19","NDUFAF8"
1.93558266146169e-05,0.376725135392814,0.444,0.226,0.473288672380613,"19","NIPBL"
2.74560534459101e-05,0.288754351586551,0.389,0.188,0.671355418859394,"19","LMBRD1"
2.83956313524229e-05,0.270605245922547,0.741,0.417,0.694329977829444,"19","ARF5"
2.85971409077805e-05,0.254027492305239,0.38,0.185,0.699257289477049,"19","CCAR1"
2.87606299164155e-05,0.356433239470255,0.889,0.564,0.703254922716191,"19","NDUFA1"
2.90397629156769e-05,0.383830585804754,0.861,0.598,0.710080282814131,"19","ATP5F1B"
2.97334059438066e-05,0.336280708489081,0.269,0.118,0.72704124213796,"19","MKLN1"
3.08907484454295e-05,0.257246280813321,0.685,0.378,0.755340580987643,"19","TOMM20"
3.21178207638812e-05,0.269332279029225,0.741,0.451,0.785344953318423,"19","SEPT6"
3.357038550081e-05,0.434025594388274,0.611,0.341,0.820863066265806,"19","NSMCE3"
4.03241067270574e-05,0.260119350147195,0.991,0.916,0.986005057690009,"19","MYL6"
4.05036143730743e-05,0.289212649570506,0.935,0.724,0.990394378650414,"19","S100A6"
4.11393169391822e-05,0.2551930368657,0.25,0.109,1,"19","USP9X"
4.5053557899238e-05,0.332289256789805,0.935,0.652,1,"19","GUK1"
4.75724048549245e-05,0.328500969566121,0.259,0.117,1,"19","YWHAG"
4.86904749762046e-05,0.376474314575342,0.278,0.126,1,"19","AAED1"
6.37609213548403e-05,0.280852162567613,0.75,0.445,1,"19","ARF4"
6.74229821850764e-05,0.263195905751234,0.259,0.117,1,"19","CHCHD1"
7.2561836991789e-05,0.329188845245469,0.269,0.123,1,"19","GTPBP4"
8.70186327038172e-05,0.606342597110758,0.269,0.128,1,"19","FAM118A"
9.13940364223964e-05,0.292613689047527,0.296,0.14,1,"19","TCERG1"
9.22759261482454e-05,0.273157637495236,0.648,0.376,1,"19","NAP1L1"
9.29630595287971e-05,0.266562903840069,0.713,0.419,1,"19","BCL3"
0.000102437781558691,0.428216673446505,0.648,0.439,1,"19","GPR65"
0.000113257459895994,0.335154162621906,0.87,0.623,1,"19","DDX24"
0.000125936052453289,0.288763492063023,0.472,0.245,1,"19","JOSD1"
0.000131587990231925,0.396714302742002,0.287,0.14,1,"19","TMEM30A"
0.000179467288254292,0.32313152053754,0.759,0.445,1,"19","BRK1"
0.000218562877150647,0.286727425397749,0.87,0.619,1,"19","PDIA3"
0.000244467355549588,0.258426072430622,0.917,0.671,1,"19","PCBP2"
0.000305200110454597,0.321727549701072,0.907,0.702,1,"19","TMBIM6"
0.000320826093877387,0.360141139998698,0.676,0.423,1,"19","TUBA1A"
0.000364166994101227,0.268134009517318,0.907,0.711,1,"19","OST4"
0.00049046178397782,0.260532534923581,0.87,0.596,1,"19","ARF1"
0.000877367145004803,0.30714192856994,0.787,0.552,1,"19","BTG2"
0.000946196047680581,0.270900482888355,0.935,0.781,1,"19","ATP5MG"
0.00096896755872171,0.465709644187997,0.352,0.195,1,"19","EIF4G1"
0.00117295574490921,0.260727000140187,0.861,0.529,1,"19","NDUFB11"
0.00132061972002812,0.282735009586804,0.278,0.148,1,"19","TMEM183A"
