"Cluster","Program","Program_Genes_Present","Top50_Genes","Overlap_Genes","Overlap_Count","Program_Genes_Count","Overlap_Fraction"
"0","T_Cell","CD3D, CD3E, CD3G, TRBC1, TRBC2","TUBA4A, CD8A, DUSP2, NR4A2, CCL5, CD8B, CXCR4, RGS1, ZFP36, ZFP36L2, GZMK, SRSF7, YPEL5, SRGN, CREM, UBC, CRTAM, ZNF331, H3F3B, EIF1, UBE2S, TENT5C, SELENOK, CALM2, FAM177A1, RGCC, HLA-A, DUSP5, SARAF, HSPA8, BRD2, CD3E, FABP5, CCL4, OASL, LEPROTL1, FYN, CALM1, MYADM, SRRT, KPNA2, XCL1, PIK3R1, CD3D, LAG3, HIST1H4C, IDI1, DDX24, CCL4L2, BTG1","CD3E, CD3D",2,5,0.4
"0","CD8_T","CD8A, CD8B, CD3D, CD3E, TRBC1, TRBC2","TUBA4A, CD8A, DUSP2, NR4A2, CCL5, CD8B, CXCR4, RGS1, ZFP36, ZFP36L2, GZMK, SRSF7, YPEL5, SRGN, CREM, UBC, CRTAM, ZNF331, H3F3B, EIF1, UBE2S, TENT5C, SELENOK, CALM2, FAM177A1, RGCC, HLA-A, DUSP5, SARAF, HSPA8, BRD2, CD3E, FABP5, CCL4, OASL, LEPROTL1, FYN, CALM1, MYADM, SRRT, KPNA2, XCL1, PIK3R1, CD3D, LAG3, HIST1H4C, IDI1, DDX24, CCL4L2, BTG1","CD8A, CD8B, CD3E, CD3D",4,6,0.666666666666667
"0","CD4_T","CD4, IL7R, LTB, CCR7, SELL","TUBA4A, CD8A, DUSP2, NR4A2, CCL5, CD8B, CXCR4, RGS1, ZFP36, ZFP36L2, GZMK, SRSF7, YPEL5, SRGN, CREM, UBC, CRTAM, ZNF331, H3F3B, EIF1, UBE2S, TENT5C, SELENOK, CALM2, FAM177A1, RGCC, HLA-A, DUSP5, SARAF, HSPA8, BRD2, CD3E, FABP5, CCL4, OASL, LEPROTL1, FYN, CALM1, MYADM, SRRT, KPNA2, XCL1, PIK3R1, CD3D, LAG3, HIST1H4C, IDI1, DDX24, CCL4L2, BTG1","",0,5,0
"0","Treg","FOXP3, IL7R, CTLA4, IL2RA, TNFRSF18, TNFRSF4, CCR8","TUBA4A, CD8A, DUSP2, NR4A2, CCL5, CD8B, CXCR4, RGS1, ZFP36, ZFP36L2, GZMK, SRSF7, YPEL5, SRGN, CREM, UBC, CRTAM, ZNF331, H3F3B, EIF1, UBE2S, TENT5C, SELENOK, CALM2, FAM177A1, RGCC, HLA-A, DUSP5, SARAF, HSPA8, BRD2, CD3E, FABP5, CCL4, OASL, LEPROTL1, FYN, CALM1, MYADM, SRRT, KPNA2, XCL1, PIK3R1, CD3D, LAG3, HIST1H4C, IDI1, DDX24, CCL4L2, BTG1","",0,7,0
"0","NK","NKG7, GNLY, FCGR3A, KLRD1, XCL1, XCL2","TUBA4A, CD8A, DUSP2, NR4A2, CCL5, CD8B, CXCR4, RGS1, ZFP36, ZFP36L2, GZMK, SRSF7, YPEL5, SRGN, CREM, UBC, CRTAM, ZNF331, H3F3B, EIF1, UBE2S, TENT5C, SELENOK, CALM2, FAM177A1, RGCC, HLA-A, DUSP5, SARAF, HSPA8, BRD2, CD3E, FABP5, CCL4, OASL, LEPROTL1, FYN, CALM1, MYADM, SRRT, KPNA2, XCL1, PIK3R1, CD3D, LAG3, HIST1H4C, IDI1, DDX24, CCL4L2, BTG1","XCL1",1,6,0.166666666666667
"0","MAIT","TRAV1-2, SLC4A10, KLRB1, IL23R, CCL20, DPP4","TUBA4A, CD8A, DUSP2, NR4A2, CCL5, CD8B, CXCR4, RGS1, ZFP36, ZFP36L2, GZMK, SRSF7, YPEL5, SRGN, CREM, UBC, CRTAM, ZNF331, H3F3B, EIF1, UBE2S, TENT5C, SELENOK, CALM2, FAM177A1, RGCC, HLA-A, DUSP5, SARAF, HSPA8, BRD2, CD3E, FABP5, CCL4, OASL, LEPROTL1, FYN, CALM1, MYADM, SRRT, KPNA2, XCL1, PIK3R1, CD3D, LAG3, HIST1H4C, IDI1, DDX24, CCL4L2, BTG1","",0,6,0
"0","GammaDelta_T","TRDC, TRGC1, TRGC2, CD3D, CD3E","TUBA4A, CD8A, DUSP2, NR4A2, CCL5, CD8B, CXCR4, RGS1, ZFP36, ZFP36L2, GZMK, SRSF7, YPEL5, SRGN, CREM, UBC, CRTAM, ZNF331, H3F3B, EIF1, UBE2S, TENT5C, SELENOK, CALM2, FAM177A1, RGCC, HLA-A, DUSP5, SARAF, HSPA8, BRD2, CD3E, FABP5, CCL4, OASL, LEPROTL1, FYN, CALM1, MYADM, SRRT, KPNA2, XCL1, PIK3R1, CD3D, LAG3, HIST1H4C, IDI1, DDX24, CCL4L2, BTG1","CD3E, CD3D",2,5,0.4
"0","B_Cell","CD19, MS4A1, CD79A, CD74, HLA-DRA, CD22","TUBA4A, CD8A, DUSP2, NR4A2, CCL5, CD8B, CXCR4, RGS1, ZFP36, ZFP36L2, GZMK, SRSF7, YPEL5, SRGN, CREM, UBC, CRTAM, ZNF331, H3F3B, EIF1, UBE2S, TENT5C, SELENOK, CALM2, FAM177A1, RGCC, HLA-A, DUSP5, SARAF, HSPA8, BRD2, CD3E, FABP5, CCL4, OASL, LEPROTL1, FYN, CALM1, MYADM, SRRT, KPNA2, XCL1, PIK3R1, CD3D, LAG3, HIST1H4C, IDI1, DDX24, CCL4L2, BTG1","",0,6,0
"0","Plasma_Cell","MZB1, JCHAIN, SDC1, TNFRSF17, DERL3, IGHG1, IGHG3, IGHG4","TUBA4A, CD8A, DUSP2, NR4A2, CCL5, CD8B, CXCR4, RGS1, ZFP36, ZFP36L2, GZMK, SRSF7, YPEL5, SRGN, CREM, UBC, CRTAM, ZNF331, H3F3B, EIF1, UBE2S, TENT5C, SELENOK, CALM2, FAM177A1, RGCC, HLA-A, DUSP5, SARAF, HSPA8, BRD2, CD3E, FABP5, CCL4, OASL, LEPROTL1, FYN, CALM1, MYADM, SRRT, KPNA2, XCL1, PIK3R1, CD3D, LAG3, HIST1H4C, IDI1, DDX24, CCL4L2, BTG1","",0,8,0
"0","Monocyte_Myeloid","LYZ, S100A8, S100A9, CTSS, FCN1, CTSD, LGALS3, FCGR3A, CD14, TREM1","TUBA4A, CD8A, DUSP2, NR4A2, CCL5, CD8B, CXCR4, RGS1, ZFP36, ZFP36L2, GZMK, SRSF7, YPEL5, SRGN, CREM, UBC, CRTAM, ZNF331, H3F3B, EIF1, UBE2S, TENT5C, SELENOK, CALM2, FAM177A1, RGCC, HLA-A, DUSP5, SARAF, HSPA8, BRD2, CD3E, FABP5, CCL4, OASL, LEPROTL1, FYN, CALM1, MYADM, SRRT, KPNA2, XCL1, PIK3R1, CD3D, LAG3, HIST1H4C, IDI1, DDX24, CCL4L2, BTG1","",0,10,0
"0","Macrophage","LYZ, C1QA, C1QB, C1QC, APOE, TREM2, CD68, MSR1","TUBA4A, CD8A, DUSP2, NR4A2, CCL5, CD8B, CXCR4, RGS1, ZFP36, ZFP36L2, GZMK, SRSF7, YPEL5, SRGN, CREM, UBC, CRTAM, ZNF331, H3F3B, EIF1, UBE2S, TENT5C, SELENOK, CALM2, FAM177A1, RGCC, HLA-A, DUSP5, SARAF, HSPA8, BRD2, CD3E, FABP5, CCL4, OASL, LEPROTL1, FYN, CALM1, MYADM, SRRT, KPNA2, XCL1, PIK3R1, CD3D, LAG3, HIST1H4C, IDI1, DDX24, CCL4L2, BTG1","",0,8,0
"0","Dendritic_Cell","FCER1A, CST3, CLEC10A, CD1C, HLA-DRA, FCER1G","TUBA4A, CD8A, DUSP2, NR4A2, CCL5, CD8B, CXCR4, RGS1, ZFP36, ZFP36L2, GZMK, SRSF7, YPEL5, SRGN, CREM, UBC, CRTAM, ZNF331, H3F3B, EIF1, UBE2S, TENT5C, SELENOK, CALM2, FAM177A1, RGCC, HLA-A, DUSP5, SARAF, HSPA8, BRD2, CD3E, FABP5, CCL4, OASL, LEPROTL1, FYN, CALM1, MYADM, SRRT, KPNA2, XCL1, PIK3R1, CD3D, LAG3, HIST1H4C, IDI1, DDX24, CCL4L2, BTG1","",0,6,0
"0","pDC","CLEC4C, IRF7, TCF4, LILRA4, PTCRA","TUBA4A, CD8A, DUSP2, NR4A2, CCL5, CD8B, CXCR4, RGS1, ZFP36, ZFP36L2, GZMK, SRSF7, YPEL5, SRGN, CREM, UBC, CRTAM, ZNF331, H3F3B, EIF1, UBE2S, TENT5C, SELENOK, CALM2, FAM177A1, RGCC, HLA-A, DUSP5, SARAF, HSPA8, BRD2, CD3E, FABP5, CCL4, OASL, LEPROTL1, FYN, CALM1, MYADM, SRRT, KPNA2, XCL1, PIK3R1, CD3D, LAG3, HIST1H4C, IDI1, DDX24, CCL4L2, BTG1","",0,5,0
"1","T_Cell","CD3D, CD3E, CD3G, TRBC1, TRBC2","PRSS23, FGFBP2, GNLY, LAIR2, GZMB, CX3CR1, ADGRG1, SPON2, FCGR3A, C1orf21, PRF1, S1PR5, GZMH, KLRF1, KLRD1, NKG7, EFHD2, CD247, CST7, C12orf75, CTSW, TTC38, PLAC8, HOPX, LITAF, TYROBP, LGALS1, ENC1, DSTN, SELPLG, PXN, CYBA, HLA-C, B2M, SH2D1B, HSH2D, TGFBR3, ZEB2, SH2D2A, TFDP2, ITGB2, CLIC3, RAP1B, CD300A, SLA2, ARL4C, ADRB2, KLF3, IFITM2, TPST2","",0,5,0
"1","CD8_T","CD8A, CD8B, CD3D, CD3E, TRBC1, TRBC2","PRSS23, FGFBP2, GNLY, LAIR2, GZMB, CX3CR1, ADGRG1, SPON2, FCGR3A, C1orf21, PRF1, S1PR5, GZMH, KLRF1, KLRD1, NKG7, EFHD2, CD247, CST7, C12orf75, CTSW, TTC38, PLAC8, HOPX, LITAF, TYROBP, LGALS1, ENC1, DSTN, SELPLG, PXN, CYBA, HLA-C, B2M, SH2D1B, HSH2D, TGFBR3, ZEB2, SH2D2A, TFDP2, ITGB2, CLIC3, RAP1B, CD300A, SLA2, ARL4C, ADRB2, KLF3, IFITM2, TPST2","",0,6,0
"1","CD4_T","CD4, IL7R, LTB, CCR7, SELL","PRSS23, FGFBP2, GNLY, LAIR2, GZMB, CX3CR1, ADGRG1, SPON2, FCGR3A, C1orf21, PRF1, S1PR5, GZMH, KLRF1, KLRD1, NKG7, EFHD2, CD247, CST7, C12orf75, CTSW, TTC38, PLAC8, HOPX, LITAF, TYROBP, LGALS1, ENC1, DSTN, SELPLG, PXN, CYBA, HLA-C, B2M, SH2D1B, HSH2D, TGFBR3, ZEB2, SH2D2A, TFDP2, ITGB2, CLIC3, RAP1B, CD300A, SLA2, ARL4C, ADRB2, KLF3, IFITM2, TPST2","",0,5,0
"1","Treg","FOXP3, IL7R, CTLA4, IL2RA, TNFRSF18, TNFRSF4, CCR8","PRSS23, FGFBP2, GNLY, LAIR2, GZMB, CX3CR1, ADGRG1, SPON2, FCGR3A, C1orf21, PRF1, S1PR5, GZMH, KLRF1, KLRD1, NKG7, EFHD2, CD247, CST7, C12orf75, CTSW, TTC38, PLAC8, HOPX, LITAF, TYROBP, LGALS1, ENC1, DSTN, SELPLG, PXN, CYBA, HLA-C, B2M, SH2D1B, HSH2D, TGFBR3, ZEB2, SH2D2A, TFDP2, ITGB2, CLIC3, RAP1B, CD300A, SLA2, ARL4C, ADRB2, KLF3, IFITM2, TPST2","",0,7,0
"1","NK","NKG7, GNLY, FCGR3A, KLRD1, XCL1, XCL2","PRSS23, FGFBP2, GNLY, LAIR2, GZMB, CX3CR1, ADGRG1, SPON2, FCGR3A, C1orf21, PRF1, S1PR5, GZMH, KLRF1, KLRD1, NKG7, EFHD2, CD247, CST7, C12orf75, CTSW, TTC38, PLAC8, HOPX, LITAF, TYROBP, LGALS1, ENC1, DSTN, SELPLG, PXN, CYBA, HLA-C, B2M, SH2D1B, HSH2D, TGFBR3, ZEB2, SH2D2A, TFDP2, ITGB2, CLIC3, RAP1B, CD300A, SLA2, ARL4C, ADRB2, KLF3, IFITM2, TPST2","GNLY, FCGR3A, KLRD1, NKG7",4,6,0.666666666666667
"1","MAIT","TRAV1-2, SLC4A10, KLRB1, IL23R, CCL20, DPP4","PRSS23, FGFBP2, GNLY, LAIR2, GZMB, CX3CR1, ADGRG1, SPON2, FCGR3A, C1orf21, PRF1, S1PR5, GZMH, KLRF1, KLRD1, NKG7, EFHD2, CD247, CST7, C12orf75, CTSW, TTC38, PLAC8, HOPX, LITAF, TYROBP, LGALS1, ENC1, DSTN, SELPLG, PXN, CYBA, HLA-C, B2M, SH2D1B, HSH2D, TGFBR3, ZEB2, SH2D2A, TFDP2, ITGB2, CLIC3, RAP1B, CD300A, SLA2, ARL4C, ADRB2, KLF3, IFITM2, TPST2","",0,6,0
"1","GammaDelta_T","TRDC, TRGC1, TRGC2, CD3D, CD3E","PRSS23, FGFBP2, GNLY, LAIR2, GZMB, CX3CR1, ADGRG1, SPON2, FCGR3A, C1orf21, PRF1, S1PR5, GZMH, KLRF1, KLRD1, NKG7, EFHD2, CD247, CST7, C12orf75, CTSW, TTC38, PLAC8, HOPX, LITAF, TYROBP, LGALS1, ENC1, DSTN, SELPLG, PXN, CYBA, HLA-C, B2M, SH2D1B, HSH2D, TGFBR3, ZEB2, SH2D2A, TFDP2, ITGB2, CLIC3, RAP1B, CD300A, SLA2, ARL4C, ADRB2, KLF3, IFITM2, TPST2","",0,5,0
"1","B_Cell","CD19, MS4A1, CD79A, CD74, HLA-DRA, CD22","PRSS23, FGFBP2, GNLY, LAIR2, GZMB, CX3CR1, ADGRG1, SPON2, FCGR3A, C1orf21, PRF1, S1PR5, GZMH, KLRF1, KLRD1, NKG7, EFHD2, CD247, CST7, C12orf75, CTSW, TTC38, PLAC8, HOPX, LITAF, TYROBP, LGALS1, ENC1, DSTN, SELPLG, PXN, CYBA, HLA-C, B2M, SH2D1B, HSH2D, TGFBR3, ZEB2, SH2D2A, TFDP2, ITGB2, CLIC3, RAP1B, CD300A, SLA2, ARL4C, ADRB2, KLF3, IFITM2, TPST2","",0,6,0
"1","Plasma_Cell","MZB1, JCHAIN, SDC1, TNFRSF17, DERL3, IGHG1, IGHG3, IGHG4","PRSS23, FGFBP2, GNLY, LAIR2, GZMB, CX3CR1, ADGRG1, SPON2, FCGR3A, C1orf21, PRF1, S1PR5, GZMH, KLRF1, KLRD1, NKG7, EFHD2, CD247, CST7, C12orf75, CTSW, TTC38, PLAC8, HOPX, LITAF, TYROBP, LGALS1, ENC1, DSTN, SELPLG, PXN, CYBA, HLA-C, B2M, SH2D1B, HSH2D, TGFBR3, ZEB2, SH2D2A, TFDP2, ITGB2, CLIC3, RAP1B, CD300A, SLA2, ARL4C, ADRB2, KLF3, IFITM2, TPST2","",0,8,0
"1","Monocyte_Myeloid","LYZ, S100A8, S100A9, CTSS, FCN1, CTSD, LGALS3, FCGR3A, CD14, TREM1","PRSS23, FGFBP2, GNLY, LAIR2, GZMB, CX3CR1, ADGRG1, SPON2, FCGR3A, C1orf21, PRF1, S1PR5, GZMH, KLRF1, KLRD1, NKG7, EFHD2, CD247, CST7, C12orf75, CTSW, TTC38, PLAC8, HOPX, LITAF, TYROBP, LGALS1, ENC1, DSTN, SELPLG, PXN, CYBA, HLA-C, B2M, SH2D1B, HSH2D, TGFBR3, ZEB2, SH2D2A, TFDP2, ITGB2, CLIC3, RAP1B, CD300A, SLA2, ARL4C, ADRB2, KLF3, IFITM2, TPST2","FCGR3A",1,10,0.1
"1","Macrophage","LYZ, C1QA, C1QB, C1QC, APOE, TREM2, CD68, MSR1","PRSS23, FGFBP2, GNLY, LAIR2, GZMB, CX3CR1, ADGRG1, SPON2, FCGR3A, C1orf21, PRF1, S1PR5, GZMH, KLRF1, KLRD1, NKG7, EFHD2, CD247, CST7, C12orf75, CTSW, TTC38, PLAC8, HOPX, LITAF, TYROBP, LGALS1, ENC1, DSTN, SELPLG, PXN, CYBA, HLA-C, B2M, SH2D1B, HSH2D, TGFBR3, ZEB2, SH2D2A, TFDP2, ITGB2, CLIC3, RAP1B, CD300A, SLA2, ARL4C, ADRB2, KLF3, IFITM2, TPST2","",0,8,0
"1","Dendritic_Cell","FCER1A, CST3, CLEC10A, CD1C, HLA-DRA, FCER1G","PRSS23, FGFBP2, GNLY, LAIR2, GZMB, CX3CR1, ADGRG1, SPON2, FCGR3A, C1orf21, PRF1, S1PR5, GZMH, KLRF1, KLRD1, NKG7, EFHD2, CD247, CST7, C12orf75, CTSW, TTC38, PLAC8, HOPX, LITAF, TYROBP, LGALS1, ENC1, DSTN, SELPLG, PXN, CYBA, HLA-C, B2M, SH2D1B, HSH2D, TGFBR3, ZEB2, SH2D2A, TFDP2, ITGB2, CLIC3, RAP1B, CD300A, SLA2, ARL4C, ADRB2, KLF3, IFITM2, TPST2","",0,6,0
"1","pDC","CLEC4C, IRF7, TCF4, LILRA4, PTCRA","PRSS23, FGFBP2, GNLY, LAIR2, GZMB, CX3CR1, ADGRG1, SPON2, FCGR3A, C1orf21, PRF1, S1PR5, GZMH, KLRF1, KLRD1, NKG7, EFHD2, CD247, CST7, C12orf75, CTSW, TTC38, PLAC8, HOPX, LITAF, TYROBP, LGALS1, ENC1, DSTN, SELPLG, PXN, CYBA, HLA-C, B2M, SH2D1B, HSH2D, TGFBR3, ZEB2, SH2D2A, TFDP2, ITGB2, CLIC3, RAP1B, CD300A, SLA2, ARL4C, ADRB2, KLF3, IFITM2, TPST2","",0,5,0
"10","T_Cell","CD3D, CD3E, CD3G, TRBC1, TRBC2","IGLV5-45, IGKV1-9, IGLV1-40, IGHG1, B2M, DUSP5, IL32, GAPDH, LDHA, LAG3, STAT1, GPR171, BIRC3, HSP90AA1, PSME1, FTL, MT-ATP6, SATB1, GPR35, ISG20, S100A4, UBC, GBP5, SH2D2A, PSMB9, TXN, S100A10, ACTB, CXCR6, BCL3, SUB1, YIPF5, NINJ1, PSME2, NAMPT, DUSP4, POMP, CD2, CXCR4, IL7R, GBP1, LTB, CD3D, GZMA, ALOX5AP, HINT1, S100A6, TNFAIP3, DUSP2, BHLHE40","CD3D",1,5,0.2
"10","CD8_T","CD8A, CD8B, CD3D, CD3E, TRBC1, TRBC2","IGLV5-45, IGKV1-9, IGLV1-40, IGHG1, B2M, DUSP5, IL32, GAPDH, LDHA, LAG3, STAT1, GPR171, BIRC3, HSP90AA1, PSME1, FTL, MT-ATP6, SATB1, GPR35, ISG20, S100A4, UBC, GBP5, SH2D2A, PSMB9, TXN, S100A10, ACTB, CXCR6, BCL3, SUB1, YIPF5, NINJ1, PSME2, NAMPT, DUSP4, POMP, CD2, CXCR4, IL7R, GBP1, LTB, CD3D, GZMA, ALOX5AP, HINT1, S100A6, TNFAIP3, DUSP2, BHLHE40","CD3D",1,6,0.166666666666667
"10","CD4_T","CD4, IL7R, LTB, CCR7, SELL","IGLV5-45, IGKV1-9, IGLV1-40, IGHG1, B2M, DUSP5, IL32, GAPDH, LDHA, LAG3, STAT1, GPR171, BIRC3, HSP90AA1, PSME1, FTL, MT-ATP6, SATB1, GPR35, ISG20, S100A4, UBC, GBP5, SH2D2A, PSMB9, TXN, S100A10, ACTB, CXCR6, BCL3, SUB1, YIPF5, NINJ1, PSME2, NAMPT, DUSP4, POMP, CD2, CXCR4, IL7R, GBP1, LTB, CD3D, GZMA, ALOX5AP, HINT1, S100A6, TNFAIP3, DUSP2, BHLHE40","IL7R, LTB",2,5,0.4
"10","Treg","FOXP3, IL7R, CTLA4, IL2RA, TNFRSF18, TNFRSF4, CCR8","IGLV5-45, IGKV1-9, IGLV1-40, IGHG1, B2M, DUSP5, IL32, GAPDH, LDHA, LAG3, STAT1, GPR171, BIRC3, HSP90AA1, PSME1, FTL, MT-ATP6, SATB1, GPR35, ISG20, S100A4, UBC, GBP5, SH2D2A, PSMB9, TXN, S100A10, ACTB, CXCR6, BCL3, SUB1, YIPF5, NINJ1, PSME2, NAMPT, DUSP4, POMP, CD2, CXCR4, IL7R, GBP1, LTB, CD3D, GZMA, ALOX5AP, HINT1, S100A6, TNFAIP3, DUSP2, BHLHE40","IL7R",1,7,0.142857142857143
"10","NK","NKG7, GNLY, FCGR3A, KLRD1, XCL1, XCL2","IGLV5-45, IGKV1-9, IGLV1-40, IGHG1, B2M, DUSP5, IL32, GAPDH, LDHA, LAG3, STAT1, GPR171, BIRC3, HSP90AA1, PSME1, FTL, MT-ATP6, SATB1, GPR35, ISG20, S100A4, UBC, GBP5, SH2D2A, PSMB9, TXN, S100A10, ACTB, CXCR6, BCL3, SUB1, YIPF5, NINJ1, PSME2, NAMPT, DUSP4, POMP, CD2, CXCR4, IL7R, GBP1, LTB, CD3D, GZMA, ALOX5AP, HINT1, S100A6, TNFAIP3, DUSP2, BHLHE40","",0,6,0
"10","MAIT","TRAV1-2, SLC4A10, KLRB1, IL23R, CCL20, DPP4","IGLV5-45, IGKV1-9, IGLV1-40, IGHG1, B2M, DUSP5, IL32, GAPDH, LDHA, LAG3, STAT1, GPR171, BIRC3, HSP90AA1, PSME1, FTL, MT-ATP6, SATB1, GPR35, ISG20, S100A4, UBC, GBP5, SH2D2A, PSMB9, TXN, S100A10, ACTB, CXCR6, BCL3, SUB1, YIPF5, NINJ1, PSME2, NAMPT, DUSP4, POMP, CD2, CXCR4, IL7R, GBP1, LTB, CD3D, GZMA, ALOX5AP, HINT1, S100A6, TNFAIP3, DUSP2, BHLHE40","",0,6,0
"10","GammaDelta_T","TRDC, TRGC1, TRGC2, CD3D, CD3E","IGLV5-45, IGKV1-9, IGLV1-40, IGHG1, B2M, DUSP5, IL32, GAPDH, LDHA, LAG3, STAT1, GPR171, BIRC3, HSP90AA1, PSME1, FTL, MT-ATP6, SATB1, GPR35, ISG20, S100A4, UBC, GBP5, SH2D2A, PSMB9, TXN, S100A10, ACTB, CXCR6, BCL3, SUB1, YIPF5, NINJ1, PSME2, NAMPT, DUSP4, POMP, CD2, CXCR4, IL7R, GBP1, LTB, CD3D, GZMA, ALOX5AP, HINT1, S100A6, TNFAIP3, DUSP2, BHLHE40","CD3D",1,5,0.2
"10","B_Cell","CD19, MS4A1, CD79A, CD74, HLA-DRA, CD22","IGLV5-45, IGKV1-9, IGLV1-40, IGHG1, B2M, DUSP5, IL32, GAPDH, LDHA, LAG3, STAT1, GPR171, BIRC3, HSP90AA1, PSME1, FTL, MT-ATP6, SATB1, GPR35, ISG20, S100A4, UBC, GBP5, SH2D2A, PSMB9, TXN, S100A10, ACTB, CXCR6, BCL3, SUB1, YIPF5, NINJ1, PSME2, NAMPT, DUSP4, POMP, CD2, CXCR4, IL7R, GBP1, LTB, CD3D, GZMA, ALOX5AP, HINT1, S100A6, TNFAIP3, DUSP2, BHLHE40","",0,6,0
"10","Plasma_Cell","MZB1, JCHAIN, SDC1, TNFRSF17, DERL3, IGHG1, IGHG3, IGHG4","IGLV5-45, IGKV1-9, IGLV1-40, IGHG1, B2M, DUSP5, IL32, GAPDH, LDHA, LAG3, STAT1, GPR171, BIRC3, HSP90AA1, PSME1, FTL, MT-ATP6, SATB1, GPR35, ISG20, S100A4, UBC, GBP5, SH2D2A, PSMB9, TXN, S100A10, ACTB, CXCR6, BCL3, SUB1, YIPF5, NINJ1, PSME2, NAMPT, DUSP4, POMP, CD2, CXCR4, IL7R, GBP1, LTB, CD3D, GZMA, ALOX5AP, HINT1, S100A6, TNFAIP3, DUSP2, BHLHE40","IGHG1",1,8,0.125
"10","Monocyte_Myeloid","LYZ, S100A8, S100A9, CTSS, FCN1, CTSD, LGALS3, FCGR3A, CD14, TREM1","IGLV5-45, IGKV1-9, IGLV1-40, IGHG1, B2M, DUSP5, IL32, GAPDH, LDHA, LAG3, STAT1, GPR171, BIRC3, HSP90AA1, PSME1, FTL, MT-ATP6, SATB1, GPR35, ISG20, S100A4, UBC, GBP5, SH2D2A, PSMB9, TXN, S100A10, ACTB, CXCR6, BCL3, SUB1, YIPF5, NINJ1, PSME2, NAMPT, DUSP4, POMP, CD2, CXCR4, IL7R, GBP1, LTB, CD3D, GZMA, ALOX5AP, HINT1, S100A6, TNFAIP3, DUSP2, BHLHE40","",0,10,0
"10","Macrophage","LYZ, C1QA, C1QB, C1QC, APOE, TREM2, CD68, MSR1","IGLV5-45, IGKV1-9, IGLV1-40, IGHG1, B2M, DUSP5, IL32, GAPDH, LDHA, LAG3, STAT1, GPR171, BIRC3, HSP90AA1, PSME1, FTL, MT-ATP6, SATB1, GPR35, ISG20, S100A4, UBC, GBP5, SH2D2A, PSMB9, TXN, S100A10, ACTB, CXCR6, BCL3, SUB1, YIPF5, NINJ1, PSME2, NAMPT, DUSP4, POMP, CD2, CXCR4, IL7R, GBP1, LTB, CD3D, GZMA, ALOX5AP, HINT1, S100A6, TNFAIP3, DUSP2, BHLHE40","",0,8,0
"10","Dendritic_Cell","FCER1A, CST3, CLEC10A, CD1C, HLA-DRA, FCER1G","IGLV5-45, IGKV1-9, IGLV1-40, IGHG1, B2M, DUSP5, IL32, GAPDH, LDHA, LAG3, STAT1, GPR171, BIRC3, HSP90AA1, PSME1, FTL, MT-ATP6, SATB1, GPR35, ISG20, S100A4, UBC, GBP5, SH2D2A, PSMB9, TXN, S100A10, ACTB, CXCR6, BCL3, SUB1, YIPF5, NINJ1, PSME2, NAMPT, DUSP4, POMP, CD2, CXCR4, IL7R, GBP1, LTB, CD3D, GZMA, ALOX5AP, HINT1, S100A6, TNFAIP3, DUSP2, BHLHE40","",0,6,0
"10","pDC","CLEC4C, IRF7, TCF4, LILRA4, PTCRA","IGLV5-45, IGKV1-9, IGLV1-40, IGHG1, B2M, DUSP5, IL32, GAPDH, LDHA, LAG3, STAT1, GPR171, BIRC3, HSP90AA1, PSME1, FTL, MT-ATP6, SATB1, GPR35, ISG20, S100A4, UBC, GBP5, SH2D2A, PSMB9, TXN, S100A10, ACTB, CXCR6, BCL3, SUB1, YIPF5, NINJ1, PSME2, NAMPT, DUSP4, POMP, CD2, CXCR4, IL7R, GBP1, LTB, CD3D, GZMA, ALOX5AP, HINT1, S100A6, TNFAIP3, DUSP2, BHLHE40","",0,5,0
"11","T_Cell","CD3D, CD3E, CD3G, TRBC1, TRBC2","FOXP3, CTLA4, TBC1D4, DUSP4, TNFRSF4, GK, LAYN, ICOS, TNFRSF18, CD4, BATF, GEM, ARID5B, TIGIT, CD27, SNX9, DUSP16, CORO1B, CD82, SPOCK2, DNPH1, ITM2A, STAM, NR3C1, IL32, CARD16, HLA-A, NAB1, UBC, CDKN1B, MIR4435-2HG, CD28, PBXIP1, RHBDD2, IL6ST, CD2, RGS1, TNIK, CD5, EPSTI1, TLK1, FAS, TMEM173, GBP2, PHTF2, B2M, LTB, CACYBP, SARAF, CREM","",0,5,0
"11","CD8_T","CD8A, CD8B, CD3D, CD3E, TRBC1, TRBC2","FOXP3, CTLA4, TBC1D4, DUSP4, TNFRSF4, GK, LAYN, ICOS, TNFRSF18, CD4, BATF, GEM, ARID5B, TIGIT, CD27, SNX9, DUSP16, CORO1B, CD82, SPOCK2, DNPH1, ITM2A, STAM, NR3C1, IL32, CARD16, HLA-A, NAB1, UBC, CDKN1B, MIR4435-2HG, CD28, PBXIP1, RHBDD2, IL6ST, CD2, RGS1, TNIK, CD5, EPSTI1, TLK1, FAS, TMEM173, GBP2, PHTF2, B2M, LTB, CACYBP, SARAF, CREM","",0,6,0
"11","CD4_T","CD4, IL7R, LTB, CCR7, SELL","FOXP3, CTLA4, TBC1D4, DUSP4, TNFRSF4, GK, LAYN, ICOS, TNFRSF18, CD4, BATF, GEM, ARID5B, TIGIT, CD27, SNX9, DUSP16, CORO1B, CD82, SPOCK2, DNPH1, ITM2A, STAM, NR3C1, IL32, CARD16, HLA-A, NAB1, UBC, CDKN1B, MIR4435-2HG, CD28, PBXIP1, RHBDD2, IL6ST, CD2, RGS1, TNIK, CD5, EPSTI1, TLK1, FAS, TMEM173, GBP2, PHTF2, B2M, LTB, CACYBP, SARAF, CREM","CD4, LTB",2,5,0.4
"11","Treg","FOXP3, IL7R, CTLA4, IL2RA, TNFRSF18, TNFRSF4, CCR8","FOXP3, CTLA4, TBC1D4, DUSP4, TNFRSF4, GK, LAYN, ICOS, TNFRSF18, CD4, BATF, GEM, ARID5B, TIGIT, CD27, SNX9, DUSP16, CORO1B, CD82, SPOCK2, DNPH1, ITM2A, STAM, NR3C1, IL32, CARD16, HLA-A, NAB1, UBC, CDKN1B, MIR4435-2HG, CD28, PBXIP1, RHBDD2, IL6ST, CD2, RGS1, TNIK, CD5, EPSTI1, TLK1, FAS, TMEM173, GBP2, PHTF2, B2M, LTB, CACYBP, SARAF, CREM","FOXP3, CTLA4, TNFRSF4, TNFRSF18",4,7,0.571428571428571
"11","NK","NKG7, GNLY, FCGR3A, KLRD1, XCL1, XCL2","FOXP3, CTLA4, TBC1D4, DUSP4, TNFRSF4, GK, LAYN, ICOS, TNFRSF18, CD4, BATF, GEM, ARID5B, TIGIT, CD27, SNX9, DUSP16, CORO1B, CD82, SPOCK2, DNPH1, ITM2A, STAM, NR3C1, IL32, CARD16, HLA-A, NAB1, UBC, CDKN1B, MIR4435-2HG, CD28, PBXIP1, RHBDD2, IL6ST, CD2, RGS1, TNIK, CD5, EPSTI1, TLK1, FAS, TMEM173, GBP2, PHTF2, B2M, LTB, CACYBP, SARAF, CREM","",0,6,0
"11","MAIT","TRAV1-2, SLC4A10, KLRB1, IL23R, CCL20, DPP4","FOXP3, CTLA4, TBC1D4, DUSP4, TNFRSF4, GK, LAYN, ICOS, TNFRSF18, CD4, BATF, GEM, ARID5B, TIGIT, CD27, SNX9, DUSP16, CORO1B, CD82, SPOCK2, DNPH1, ITM2A, STAM, NR3C1, IL32, CARD16, HLA-A, NAB1, UBC, CDKN1B, MIR4435-2HG, CD28, PBXIP1, RHBDD2, IL6ST, CD2, RGS1, TNIK, CD5, EPSTI1, TLK1, FAS, TMEM173, GBP2, PHTF2, B2M, LTB, CACYBP, SARAF, CREM","",0,6,0
"11","GammaDelta_T","TRDC, TRGC1, TRGC2, CD3D, CD3E","FOXP3, CTLA4, TBC1D4, DUSP4, TNFRSF4, GK, LAYN, ICOS, TNFRSF18, CD4, BATF, GEM, ARID5B, TIGIT, CD27, SNX9, DUSP16, CORO1B, CD82, SPOCK2, DNPH1, ITM2A, STAM, NR3C1, IL32, CARD16, HLA-A, NAB1, UBC, CDKN1B, MIR4435-2HG, CD28, PBXIP1, RHBDD2, IL6ST, CD2, RGS1, TNIK, CD5, EPSTI1, TLK1, FAS, TMEM173, GBP2, PHTF2, B2M, LTB, CACYBP, SARAF, CREM","",0,5,0
"11","B_Cell","CD19, MS4A1, CD79A, CD74, HLA-DRA, CD22","FOXP3, CTLA4, TBC1D4, DUSP4, TNFRSF4, GK, LAYN, ICOS, TNFRSF18, CD4, BATF, GEM, ARID5B, TIGIT, CD27, SNX9, DUSP16, CORO1B, CD82, SPOCK2, DNPH1, ITM2A, STAM, NR3C1, IL32, CARD16, HLA-A, NAB1, UBC, CDKN1B, MIR4435-2HG, CD28, PBXIP1, RHBDD2, IL6ST, CD2, RGS1, TNIK, CD5, EPSTI1, TLK1, FAS, TMEM173, GBP2, PHTF2, B2M, LTB, CACYBP, SARAF, CREM","",0,6,0
"11","Plasma_Cell","MZB1, JCHAIN, SDC1, TNFRSF17, DERL3, IGHG1, IGHG3, IGHG4","FOXP3, CTLA4, TBC1D4, DUSP4, TNFRSF4, GK, LAYN, ICOS, TNFRSF18, CD4, BATF, GEM, ARID5B, TIGIT, CD27, SNX9, DUSP16, CORO1B, CD82, SPOCK2, DNPH1, ITM2A, STAM, NR3C1, IL32, CARD16, HLA-A, NAB1, UBC, CDKN1B, MIR4435-2HG, CD28, PBXIP1, RHBDD2, IL6ST, CD2, RGS1, TNIK, CD5, EPSTI1, TLK1, FAS, TMEM173, GBP2, PHTF2, B2M, LTB, CACYBP, SARAF, CREM","",0,8,0
"11","Monocyte_Myeloid","LYZ, S100A8, S100A9, CTSS, FCN1, CTSD, LGALS3, FCGR3A, CD14, TREM1","FOXP3, CTLA4, TBC1D4, DUSP4, TNFRSF4, GK, LAYN, ICOS, TNFRSF18, CD4, BATF, GEM, ARID5B, TIGIT, CD27, SNX9, DUSP16, CORO1B, CD82, SPOCK2, DNPH1, ITM2A, STAM, NR3C1, IL32, CARD16, HLA-A, NAB1, UBC, CDKN1B, MIR4435-2HG, CD28, PBXIP1, RHBDD2, IL6ST, CD2, RGS1, TNIK, CD5, EPSTI1, TLK1, FAS, TMEM173, GBP2, PHTF2, B2M, LTB, CACYBP, SARAF, CREM","",0,10,0
"11","Macrophage","LYZ, C1QA, C1QB, C1QC, APOE, TREM2, CD68, MSR1","FOXP3, CTLA4, TBC1D4, DUSP4, TNFRSF4, GK, LAYN, ICOS, TNFRSF18, CD4, BATF, GEM, ARID5B, TIGIT, CD27, SNX9, DUSP16, CORO1B, CD82, SPOCK2, DNPH1, ITM2A, STAM, NR3C1, IL32, CARD16, HLA-A, NAB1, UBC, CDKN1B, MIR4435-2HG, CD28, PBXIP1, RHBDD2, IL6ST, CD2, RGS1, TNIK, CD5, EPSTI1, TLK1, FAS, TMEM173, GBP2, PHTF2, B2M, LTB, CACYBP, SARAF, CREM","",0,8,0
"11","Dendritic_Cell","FCER1A, CST3, CLEC10A, CD1C, HLA-DRA, FCER1G","FOXP3, CTLA4, TBC1D4, DUSP4, TNFRSF4, GK, LAYN, ICOS, TNFRSF18, CD4, BATF, GEM, ARID5B, TIGIT, CD27, SNX9, DUSP16, CORO1B, CD82, SPOCK2, DNPH1, ITM2A, STAM, NR3C1, IL32, CARD16, HLA-A, NAB1, UBC, CDKN1B, MIR4435-2HG, CD28, PBXIP1, RHBDD2, IL6ST, CD2, RGS1, TNIK, CD5, EPSTI1, TLK1, FAS, TMEM173, GBP2, PHTF2, B2M, LTB, CACYBP, SARAF, CREM","",0,6,0
"11","pDC","CLEC4C, IRF7, TCF4, LILRA4, PTCRA","FOXP3, CTLA4, TBC1D4, DUSP4, TNFRSF4, GK, LAYN, ICOS, TNFRSF18, CD4, BATF, GEM, ARID5B, TIGIT, CD27, SNX9, DUSP16, CORO1B, CD82, SPOCK2, DNPH1, ITM2A, STAM, NR3C1, IL32, CARD16, HLA-A, NAB1, UBC, CDKN1B, MIR4435-2HG, CD28, PBXIP1, RHBDD2, IL6ST, CD2, RGS1, TNIK, CD5, EPSTI1, TLK1, FAS, TMEM173, GBP2, PHTF2, B2M, LTB, CACYBP, SARAF, CREM","",0,5,0
"12","T_Cell","CD3D, CD3E, CD3G, TRBC1, TRBC2","CX3CR1, FGFBP2, GNLY, FCGR3A, PRSS23, NKG7, TXNIP, MYOM2, ADGRG1, GZMB, GZMH, SPON2, IGFBP7, TMSB10, EFHD2, PLEK, CTSW, PRF1, SH3BGRL3, IFITM2, PFN1, CLIC3, HOPX, TTC38, EMP3, IFITM1, LGALS1, LINC00861, TRDC, GZMA, CST7, KLRD1, PLAC8, S100A4, MYL12A, GIMAP7, C12orf75, GIMAP4, CYBA, AES, TYROBP, PTPRCAP, B2M, SERF2, CD247, RARRES3, KLF2, ABHD17A, CLIC1, LY6E","",0,5,0
"12","CD8_T","CD8A, CD8B, CD3D, CD3E, TRBC1, TRBC2","CX3CR1, FGFBP2, GNLY, FCGR3A, PRSS23, NKG7, TXNIP, MYOM2, ADGRG1, GZMB, GZMH, SPON2, IGFBP7, TMSB10, EFHD2, PLEK, CTSW, PRF1, SH3BGRL3, IFITM2, PFN1, CLIC3, HOPX, TTC38, EMP3, IFITM1, LGALS1, LINC00861, TRDC, GZMA, CST7, KLRD1, PLAC8, S100A4, MYL12A, GIMAP7, C12orf75, GIMAP4, CYBA, AES, TYROBP, PTPRCAP, B2M, SERF2, CD247, RARRES3, KLF2, ABHD17A, CLIC1, LY6E","",0,6,0
"12","CD4_T","CD4, IL7R, LTB, CCR7, SELL","CX3CR1, FGFBP2, GNLY, FCGR3A, PRSS23, NKG7, TXNIP, MYOM2, ADGRG1, GZMB, GZMH, SPON2, IGFBP7, TMSB10, EFHD2, PLEK, CTSW, PRF1, SH3BGRL3, IFITM2, PFN1, CLIC3, HOPX, TTC38, EMP3, IFITM1, LGALS1, LINC00861, TRDC, GZMA, CST7, KLRD1, PLAC8, S100A4, MYL12A, GIMAP7, C12orf75, GIMAP4, CYBA, AES, TYROBP, PTPRCAP, B2M, SERF2, CD247, RARRES3, KLF2, ABHD17A, CLIC1, LY6E","",0,5,0
"12","Treg","FOXP3, IL7R, CTLA4, IL2RA, TNFRSF18, TNFRSF4, CCR8","CX3CR1, FGFBP2, GNLY, FCGR3A, PRSS23, NKG7, TXNIP, MYOM2, ADGRG1, GZMB, GZMH, SPON2, IGFBP7, TMSB10, EFHD2, PLEK, CTSW, PRF1, SH3BGRL3, IFITM2, PFN1, CLIC3, HOPX, TTC38, EMP3, IFITM1, LGALS1, LINC00861, TRDC, GZMA, CST7, KLRD1, PLAC8, S100A4, MYL12A, GIMAP7, C12orf75, GIMAP4, CYBA, AES, TYROBP, PTPRCAP, B2M, SERF2, CD247, RARRES3, KLF2, ABHD17A, CLIC1, LY6E","",0,7,0
"12","NK","NKG7, GNLY, FCGR3A, KLRD1, XCL1, XCL2","CX3CR1, FGFBP2, GNLY, FCGR3A, PRSS23, NKG7, TXNIP, MYOM2, ADGRG1, GZMB, GZMH, SPON2, IGFBP7, TMSB10, EFHD2, PLEK, CTSW, PRF1, SH3BGRL3, IFITM2, PFN1, CLIC3, HOPX, TTC38, EMP3, IFITM1, LGALS1, LINC00861, TRDC, GZMA, CST7, KLRD1, PLAC8, S100A4, MYL12A, GIMAP7, C12orf75, GIMAP4, CYBA, AES, TYROBP, PTPRCAP, B2M, SERF2, CD247, RARRES3, KLF2, ABHD17A, CLIC1, LY6E","GNLY, FCGR3A, NKG7, KLRD1",4,6,0.666666666666667
"12","MAIT","TRAV1-2, SLC4A10, KLRB1, IL23R, CCL20, DPP4","CX3CR1, FGFBP2, GNLY, FCGR3A, PRSS23, NKG7, TXNIP, MYOM2, ADGRG1, GZMB, GZMH, SPON2, IGFBP7, TMSB10, EFHD2, PLEK, CTSW, PRF1, SH3BGRL3, IFITM2, PFN1, CLIC3, HOPX, TTC38, EMP3, IFITM1, LGALS1, LINC00861, TRDC, GZMA, CST7, KLRD1, PLAC8, S100A4, MYL12A, GIMAP7, C12orf75, GIMAP4, CYBA, AES, TYROBP, PTPRCAP, B2M, SERF2, CD247, RARRES3, KLF2, ABHD17A, CLIC1, LY6E","",0,6,0
"12","GammaDelta_T","TRDC, TRGC1, TRGC2, CD3D, CD3E","CX3CR1, FGFBP2, GNLY, FCGR3A, PRSS23, NKG7, TXNIP, MYOM2, ADGRG1, GZMB, GZMH, SPON2, IGFBP7, TMSB10, EFHD2, PLEK, CTSW, PRF1, SH3BGRL3, IFITM2, PFN1, CLIC3, HOPX, TTC38, EMP3, IFITM1, LGALS1, LINC00861, TRDC, GZMA, CST7, KLRD1, PLAC8, S100A4, MYL12A, GIMAP7, C12orf75, GIMAP4, CYBA, AES, TYROBP, PTPRCAP, B2M, SERF2, CD247, RARRES3, KLF2, ABHD17A, CLIC1, LY6E","TRDC",1,5,0.2
"12","B_Cell","CD19, MS4A1, CD79A, CD74, HLA-DRA, CD22","CX3CR1, FGFBP2, GNLY, FCGR3A, PRSS23, NKG7, TXNIP, MYOM2, ADGRG1, GZMB, GZMH, SPON2, IGFBP7, TMSB10, EFHD2, PLEK, CTSW, PRF1, SH3BGRL3, IFITM2, PFN1, CLIC3, HOPX, TTC38, EMP3, IFITM1, LGALS1, LINC00861, TRDC, GZMA, CST7, KLRD1, PLAC8, S100A4, MYL12A, GIMAP7, C12orf75, GIMAP4, CYBA, AES, TYROBP, PTPRCAP, B2M, SERF2, CD247, RARRES3, KLF2, ABHD17A, CLIC1, LY6E","",0,6,0
"12","Plasma_Cell","MZB1, JCHAIN, SDC1, TNFRSF17, DERL3, IGHG1, IGHG3, IGHG4","CX3CR1, FGFBP2, GNLY, FCGR3A, PRSS23, NKG7, TXNIP, MYOM2, ADGRG1, GZMB, GZMH, SPON2, IGFBP7, TMSB10, EFHD2, PLEK, CTSW, PRF1, SH3BGRL3, IFITM2, PFN1, CLIC3, HOPX, TTC38, EMP3, IFITM1, LGALS1, LINC00861, TRDC, GZMA, CST7, KLRD1, PLAC8, S100A4, MYL12A, GIMAP7, C12orf75, GIMAP4, CYBA, AES, TYROBP, PTPRCAP, B2M, SERF2, CD247, RARRES3, KLF2, ABHD17A, CLIC1, LY6E","",0,8,0
"12","Monocyte_Myeloid","LYZ, S100A8, S100A9, CTSS, FCN1, CTSD, LGALS3, FCGR3A, CD14, TREM1","CX3CR1, FGFBP2, GNLY, FCGR3A, PRSS23, NKG7, TXNIP, MYOM2, ADGRG1, GZMB, GZMH, SPON2, IGFBP7, TMSB10, EFHD2, PLEK, CTSW, PRF1, SH3BGRL3, IFITM2, PFN1, CLIC3, HOPX, TTC38, EMP3, IFITM1, LGALS1, LINC00861, TRDC, GZMA, CST7, KLRD1, PLAC8, S100A4, MYL12A, GIMAP7, C12orf75, GIMAP4, CYBA, AES, TYROBP, PTPRCAP, B2M, SERF2, CD247, RARRES3, KLF2, ABHD17A, CLIC1, LY6E","FCGR3A",1,10,0.1
"12","Macrophage","LYZ, C1QA, C1QB, C1QC, APOE, TREM2, CD68, MSR1","CX3CR1, FGFBP2, GNLY, FCGR3A, PRSS23, NKG7, TXNIP, MYOM2, ADGRG1, GZMB, GZMH, SPON2, IGFBP7, TMSB10, EFHD2, PLEK, CTSW, PRF1, SH3BGRL3, IFITM2, PFN1, CLIC3, HOPX, TTC38, EMP3, IFITM1, LGALS1, LINC00861, TRDC, GZMA, CST7, KLRD1, PLAC8, S100A4, MYL12A, GIMAP7, C12orf75, GIMAP4, CYBA, AES, TYROBP, PTPRCAP, B2M, SERF2, CD247, RARRES3, KLF2, ABHD17A, CLIC1, LY6E","",0,8,0
"12","Dendritic_Cell","FCER1A, CST3, CLEC10A, CD1C, HLA-DRA, FCER1G","CX3CR1, FGFBP2, GNLY, FCGR3A, PRSS23, NKG7, TXNIP, MYOM2, ADGRG1, GZMB, GZMH, SPON2, IGFBP7, TMSB10, EFHD2, PLEK, CTSW, PRF1, SH3BGRL3, IFITM2, PFN1, CLIC3, HOPX, TTC38, EMP3, IFITM1, LGALS1, LINC00861, TRDC, GZMA, CST7, KLRD1, PLAC8, S100A4, MYL12A, GIMAP7, C12orf75, GIMAP4, CYBA, AES, TYROBP, PTPRCAP, B2M, SERF2, CD247, RARRES3, KLF2, ABHD17A, CLIC1, LY6E","",0,6,0
"12","pDC","CLEC4C, IRF7, TCF4, LILRA4, PTCRA","CX3CR1, FGFBP2, GNLY, FCGR3A, PRSS23, NKG7, TXNIP, MYOM2, ADGRG1, GZMB, GZMH, SPON2, IGFBP7, TMSB10, EFHD2, PLEK, CTSW, PRF1, SH3BGRL3, IFITM2, PFN1, CLIC3, HOPX, TTC38, EMP3, IFITM1, LGALS1, LINC00861, TRDC, GZMA, CST7, KLRD1, PLAC8, S100A4, MYL12A, GIMAP7, C12orf75, GIMAP4, CYBA, AES, TYROBP, PTPRCAP, B2M, SERF2, CD247, RARRES3, KLF2, ABHD17A, CLIC1, LY6E","",0,5,0
"13","T_Cell","CD3D, CD3E, CD3G, TRBC1, TRBC2","TRDC, FCER1G, CCL3, TYROBP, KLRF1, PTGDR, CD160, TXK, XCL1, CMC1, XCL2, KLRC1, IFITM2, GSTP1, IFITM1, CD7, IL2RB, SH2D1B, IFITM3, CLIC3, KLRD1, LAT2, NCR1, TMIGD2, NKG7, KLRB1, RHOC, EOMES, CEBPD, FHL3, CCL3L1, ARPC5L, TXNIP, EIF3G, TOX2, TTC38, MATK, FGR, CD63, DENND2D, CTSW, CD247, MYL12A, PFN1, FOS, STK17A, AOAH, AGTRAP, HCST, SASH3","",0,5,0
"13","CD8_T","CD8A, CD8B, CD3D, CD3E, TRBC1, TRBC2","TRDC, FCER1G, CCL3, TYROBP, KLRF1, PTGDR, CD160, TXK, XCL1, CMC1, XCL2, KLRC1, IFITM2, GSTP1, IFITM1, CD7, IL2RB, SH2D1B, IFITM3, CLIC3, KLRD1, LAT2, NCR1, TMIGD2, NKG7, KLRB1, RHOC, EOMES, CEBPD, FHL3, CCL3L1, ARPC5L, TXNIP, EIF3G, TOX2, TTC38, MATK, FGR, CD63, DENND2D, CTSW, CD247, MYL12A, PFN1, FOS, STK17A, AOAH, AGTRAP, HCST, SASH3","",0,6,0
"13","CD4_T","CD4, IL7R, LTB, CCR7, SELL","TRDC, FCER1G, CCL3, TYROBP, KLRF1, PTGDR, CD160, TXK, XCL1, CMC1, XCL2, KLRC1, IFITM2, GSTP1, IFITM1, CD7, IL2RB, SH2D1B, IFITM3, CLIC3, KLRD1, LAT2, NCR1, TMIGD2, NKG7, KLRB1, RHOC, EOMES, CEBPD, FHL3, CCL3L1, ARPC5L, TXNIP, EIF3G, TOX2, TTC38, MATK, FGR, CD63, DENND2D, CTSW, CD247, MYL12A, PFN1, FOS, STK17A, AOAH, AGTRAP, HCST, SASH3","",0,5,0
"13","Treg","FOXP3, IL7R, CTLA4, IL2RA, TNFRSF18, TNFRSF4, CCR8","TRDC, FCER1G, CCL3, TYROBP, KLRF1, PTGDR, CD160, TXK, XCL1, CMC1, XCL2, KLRC1, IFITM2, GSTP1, IFITM1, CD7, IL2RB, SH2D1B, IFITM3, CLIC3, KLRD1, LAT2, NCR1, TMIGD2, NKG7, KLRB1, RHOC, EOMES, CEBPD, FHL3, CCL3L1, ARPC5L, TXNIP, EIF3G, TOX2, TTC38, MATK, FGR, CD63, DENND2D, CTSW, CD247, MYL12A, PFN1, FOS, STK17A, AOAH, AGTRAP, HCST, SASH3","",0,7,0
"13","NK","NKG7, GNLY, FCGR3A, KLRD1, XCL1, XCL2","TRDC, FCER1G, CCL3, TYROBP, KLRF1, PTGDR, CD160, TXK, XCL1, CMC1, XCL2, KLRC1, IFITM2, GSTP1, IFITM1, CD7, IL2RB, SH2D1B, IFITM3, CLIC3, KLRD1, LAT2, NCR1, TMIGD2, NKG7, KLRB1, RHOC, EOMES, CEBPD, FHL3, CCL3L1, ARPC5L, TXNIP, EIF3G, TOX2, TTC38, MATK, FGR, CD63, DENND2D, CTSW, CD247, MYL12A, PFN1, FOS, STK17A, AOAH, AGTRAP, HCST, SASH3","XCL1, XCL2, KLRD1, NKG7",4,6,0.666666666666667
"13","MAIT","TRAV1-2, SLC4A10, KLRB1, IL23R, CCL20, DPP4","TRDC, FCER1G, CCL3, TYROBP, KLRF1, PTGDR, CD160, TXK, XCL1, CMC1, XCL2, KLRC1, IFITM2, GSTP1, IFITM1, CD7, IL2RB, SH2D1B, IFITM3, CLIC3, KLRD1, LAT2, NCR1, TMIGD2, NKG7, KLRB1, RHOC, EOMES, CEBPD, FHL3, CCL3L1, ARPC5L, TXNIP, EIF3G, TOX2, TTC38, MATK, FGR, CD63, DENND2D, CTSW, CD247, MYL12A, PFN1, FOS, STK17A, AOAH, AGTRAP, HCST, SASH3","KLRB1",1,6,0.166666666666667
"13","GammaDelta_T","TRDC, TRGC1, TRGC2, CD3D, CD3E","TRDC, FCER1G, CCL3, TYROBP, KLRF1, PTGDR, CD160, TXK, XCL1, CMC1, XCL2, KLRC1, IFITM2, GSTP1, IFITM1, CD7, IL2RB, SH2D1B, IFITM3, CLIC3, KLRD1, LAT2, NCR1, TMIGD2, NKG7, KLRB1, RHOC, EOMES, CEBPD, FHL3, CCL3L1, ARPC5L, TXNIP, EIF3G, TOX2, TTC38, MATK, FGR, CD63, DENND2D, CTSW, CD247, MYL12A, PFN1, FOS, STK17A, AOAH, AGTRAP, HCST, SASH3","TRDC",1,5,0.2
"13","B_Cell","CD19, MS4A1, CD79A, CD74, HLA-DRA, CD22","TRDC, FCER1G, CCL3, TYROBP, KLRF1, PTGDR, CD160, TXK, XCL1, CMC1, XCL2, KLRC1, IFITM2, GSTP1, IFITM1, CD7, IL2RB, SH2D1B, IFITM3, CLIC3, KLRD1, LAT2, NCR1, TMIGD2, NKG7, KLRB1, RHOC, EOMES, CEBPD, FHL3, CCL3L1, ARPC5L, TXNIP, EIF3G, TOX2, TTC38, MATK, FGR, CD63, DENND2D, CTSW, CD247, MYL12A, PFN1, FOS, STK17A, AOAH, AGTRAP, HCST, SASH3","",0,6,0
"13","Plasma_Cell","MZB1, JCHAIN, SDC1, TNFRSF17, DERL3, IGHG1, IGHG3, IGHG4","TRDC, FCER1G, CCL3, TYROBP, KLRF1, PTGDR, CD160, TXK, XCL1, CMC1, XCL2, KLRC1, IFITM2, GSTP1, IFITM1, CD7, IL2RB, SH2D1B, IFITM3, CLIC3, KLRD1, LAT2, NCR1, TMIGD2, NKG7, KLRB1, RHOC, EOMES, CEBPD, FHL3, CCL3L1, ARPC5L, TXNIP, EIF3G, TOX2, TTC38, MATK, FGR, CD63, DENND2D, CTSW, CD247, MYL12A, PFN1, FOS, STK17A, AOAH, AGTRAP, HCST, SASH3","",0,8,0
"13","Monocyte_Myeloid","LYZ, S100A8, S100A9, CTSS, FCN1, CTSD, LGALS3, FCGR3A, CD14, TREM1","TRDC, FCER1G, CCL3, TYROBP, KLRF1, PTGDR, CD160, TXK, XCL1, CMC1, XCL2, KLRC1, IFITM2, GSTP1, IFITM1, CD7, IL2RB, SH2D1B, IFITM3, CLIC3, KLRD1, LAT2, NCR1, TMIGD2, NKG7, KLRB1, RHOC, EOMES, CEBPD, FHL3, CCL3L1, ARPC5L, TXNIP, EIF3G, TOX2, TTC38, MATK, FGR, CD63, DENND2D, CTSW, CD247, MYL12A, PFN1, FOS, STK17A, AOAH, AGTRAP, HCST, SASH3","",0,10,0
"13","Macrophage","LYZ, C1QA, C1QB, C1QC, APOE, TREM2, CD68, MSR1","TRDC, FCER1G, CCL3, TYROBP, KLRF1, PTGDR, CD160, TXK, XCL1, CMC1, XCL2, KLRC1, IFITM2, GSTP1, IFITM1, CD7, IL2RB, SH2D1B, IFITM3, CLIC3, KLRD1, LAT2, NCR1, TMIGD2, NKG7, KLRB1, RHOC, EOMES, CEBPD, FHL3, CCL3L1, ARPC5L, TXNIP, EIF3G, TOX2, TTC38, MATK, FGR, CD63, DENND2D, CTSW, CD247, MYL12A, PFN1, FOS, STK17A, AOAH, AGTRAP, HCST, SASH3","",0,8,0
"13","Dendritic_Cell","FCER1A, CST3, CLEC10A, CD1C, HLA-DRA, FCER1G","TRDC, FCER1G, CCL3, TYROBP, KLRF1, PTGDR, CD160, TXK, XCL1, CMC1, XCL2, KLRC1, IFITM2, GSTP1, IFITM1, CD7, IL2RB, SH2D1B, IFITM3, CLIC3, KLRD1, LAT2, NCR1, TMIGD2, NKG7, KLRB1, RHOC, EOMES, CEBPD, FHL3, CCL3L1, ARPC5L, TXNIP, EIF3G, TOX2, TTC38, MATK, FGR, CD63, DENND2D, CTSW, CD247, MYL12A, PFN1, FOS, STK17A, AOAH, AGTRAP, HCST, SASH3","FCER1G",1,6,0.166666666666667
"13","pDC","CLEC4C, IRF7, TCF4, LILRA4, PTCRA","TRDC, FCER1G, CCL3, TYROBP, KLRF1, PTGDR, CD160, TXK, XCL1, CMC1, XCL2, KLRC1, IFITM2, GSTP1, IFITM1, CD7, IL2RB, SH2D1B, IFITM3, CLIC3, KLRD1, LAT2, NCR1, TMIGD2, NKG7, KLRB1, RHOC, EOMES, CEBPD, FHL3, CCL3L1, ARPC5L, TXNIP, EIF3G, TOX2, TTC38, MATK, FGR, CD63, DENND2D, CTSW, CD247, MYL12A, PFN1, FOS, STK17A, AOAH, AGTRAP, HCST, SASH3","",0,5,0
"14","T_Cell","CD3D, CD3E, CD3G, TRBC1, TRBC2","IGKV1-9, IGHG1, IGLV1-40, TYMS, KLRF1, GZMB, FCGR3A, GNLY, TRDC, FCER1G, CD38, TYROBP, PRF1, TRGC1, SH2D1B, KIR2DL4, NKG7, FGFBP2, TXK, SPON2, SLC15A4, HAVCR2, EFHD2, CD247, GSTP1, IFITM2, IFITM1, IFITM3, KLRD1, KLRC1, LAT2, RBBP8, IL2RB, MCM7, GZMA, CCL4, STARD3NL, CLIC3, PFN1, S1PR5, HSH2D, BHLHE40, OTULIN, PRR7, UBE2F, GNG2, PLAC8, IRF8, KLRC3, PPIF","",0,5,0
"14","CD8_T","CD8A, CD8B, CD3D, CD3E, TRBC1, TRBC2","IGKV1-9, IGHG1, IGLV1-40, TYMS, KLRF1, GZMB, FCGR3A, GNLY, TRDC, FCER1G, CD38, TYROBP, PRF1, TRGC1, SH2D1B, KIR2DL4, NKG7, FGFBP2, TXK, SPON2, SLC15A4, HAVCR2, EFHD2, CD247, GSTP1, IFITM2, IFITM1, IFITM3, KLRD1, KLRC1, LAT2, RBBP8, IL2RB, MCM7, GZMA, CCL4, STARD3NL, CLIC3, PFN1, S1PR5, HSH2D, BHLHE40, OTULIN, PRR7, UBE2F, GNG2, PLAC8, IRF8, KLRC3, PPIF","",0,6,0
"14","CD4_T","CD4, IL7R, LTB, CCR7, SELL","IGKV1-9, IGHG1, IGLV1-40, TYMS, KLRF1, GZMB, FCGR3A, GNLY, TRDC, FCER1G, CD38, TYROBP, PRF1, TRGC1, SH2D1B, KIR2DL4, NKG7, FGFBP2, TXK, SPON2, SLC15A4, HAVCR2, EFHD2, CD247, GSTP1, IFITM2, IFITM1, IFITM3, KLRD1, KLRC1, LAT2, RBBP8, IL2RB, MCM7, GZMA, CCL4, STARD3NL, CLIC3, PFN1, S1PR5, HSH2D, BHLHE40, OTULIN, PRR7, UBE2F, GNG2, PLAC8, IRF8, KLRC3, PPIF","",0,5,0
"14","Treg","FOXP3, IL7R, CTLA4, IL2RA, TNFRSF18, TNFRSF4, CCR8","IGKV1-9, IGHG1, IGLV1-40, TYMS, KLRF1, GZMB, FCGR3A, GNLY, TRDC, FCER1G, CD38, TYROBP, PRF1, TRGC1, SH2D1B, KIR2DL4, NKG7, FGFBP2, TXK, SPON2, SLC15A4, HAVCR2, EFHD2, CD247, GSTP1, IFITM2, IFITM1, IFITM3, KLRD1, KLRC1, LAT2, RBBP8, IL2RB, MCM7, GZMA, CCL4, STARD3NL, CLIC3, PFN1, S1PR5, HSH2D, BHLHE40, OTULIN, PRR7, UBE2F, GNG2, PLAC8, IRF8, KLRC3, PPIF","",0,7,0
"14","NK","NKG7, GNLY, FCGR3A, KLRD1, XCL1, XCL2","IGKV1-9, IGHG1, IGLV1-40, TYMS, KLRF1, GZMB, FCGR3A, GNLY, TRDC, FCER1G, CD38, TYROBP, PRF1, TRGC1, SH2D1B, KIR2DL4, NKG7, FGFBP2, TXK, SPON2, SLC15A4, HAVCR2, EFHD2, CD247, GSTP1, IFITM2, IFITM1, IFITM3, KLRD1, KLRC1, LAT2, RBBP8, IL2RB, MCM7, GZMA, CCL4, STARD3NL, CLIC3, PFN1, S1PR5, HSH2D, BHLHE40, OTULIN, PRR7, UBE2F, GNG2, PLAC8, IRF8, KLRC3, PPIF","FCGR3A, GNLY, NKG7, KLRD1",4,6,0.666666666666667
"14","MAIT","TRAV1-2, SLC4A10, KLRB1, IL23R, CCL20, DPP4","IGKV1-9, IGHG1, IGLV1-40, TYMS, KLRF1, GZMB, FCGR3A, GNLY, TRDC, FCER1G, CD38, TYROBP, PRF1, TRGC1, SH2D1B, KIR2DL4, NKG7, FGFBP2, TXK, SPON2, SLC15A4, HAVCR2, EFHD2, CD247, GSTP1, IFITM2, IFITM1, IFITM3, KLRD1, KLRC1, LAT2, RBBP8, IL2RB, MCM7, GZMA, CCL4, STARD3NL, CLIC3, PFN1, S1PR5, HSH2D, BHLHE40, OTULIN, PRR7, UBE2F, GNG2, PLAC8, IRF8, KLRC3, PPIF","",0,6,0
"14","GammaDelta_T","TRDC, TRGC1, TRGC2, CD3D, CD3E","IGKV1-9, IGHG1, IGLV1-40, TYMS, KLRF1, GZMB, FCGR3A, GNLY, TRDC, FCER1G, CD38, TYROBP, PRF1, TRGC1, SH2D1B, KIR2DL4, NKG7, FGFBP2, TXK, SPON2, SLC15A4, HAVCR2, EFHD2, CD247, GSTP1, IFITM2, IFITM1, IFITM3, KLRD1, KLRC1, LAT2, RBBP8, IL2RB, MCM7, GZMA, CCL4, STARD3NL, CLIC3, PFN1, S1PR5, HSH2D, BHLHE40, OTULIN, PRR7, UBE2F, GNG2, PLAC8, IRF8, KLRC3, PPIF","TRDC, TRGC1",2,5,0.4
"14","B_Cell","CD19, MS4A1, CD79A, CD74, HLA-DRA, CD22","IGKV1-9, IGHG1, IGLV1-40, TYMS, KLRF1, GZMB, FCGR3A, GNLY, TRDC, FCER1G, CD38, TYROBP, PRF1, TRGC1, SH2D1B, KIR2DL4, NKG7, FGFBP2, TXK, SPON2, SLC15A4, HAVCR2, EFHD2, CD247, GSTP1, IFITM2, IFITM1, IFITM3, KLRD1, KLRC1, LAT2, RBBP8, IL2RB, MCM7, GZMA, CCL4, STARD3NL, CLIC3, PFN1, S1PR5, HSH2D, BHLHE40, OTULIN, PRR7, UBE2F, GNG2, PLAC8, IRF8, KLRC3, PPIF","",0,6,0
"14","Plasma_Cell","MZB1, JCHAIN, SDC1, TNFRSF17, DERL3, IGHG1, IGHG3, IGHG4","IGKV1-9, IGHG1, IGLV1-40, TYMS, KLRF1, GZMB, FCGR3A, GNLY, TRDC, FCER1G, CD38, TYROBP, PRF1, TRGC1, SH2D1B, KIR2DL4, NKG7, FGFBP2, TXK, SPON2, SLC15A4, HAVCR2, EFHD2, CD247, GSTP1, IFITM2, IFITM1, IFITM3, KLRD1, KLRC1, LAT2, RBBP8, IL2RB, MCM7, GZMA, CCL4, STARD3NL, CLIC3, PFN1, S1PR5, HSH2D, BHLHE40, OTULIN, PRR7, UBE2F, GNG2, PLAC8, IRF8, KLRC3, PPIF","IGHG1",1,8,0.125
"14","Monocyte_Myeloid","LYZ, S100A8, S100A9, CTSS, FCN1, CTSD, LGALS3, FCGR3A, CD14, TREM1","IGKV1-9, IGHG1, IGLV1-40, TYMS, KLRF1, GZMB, FCGR3A, GNLY, TRDC, FCER1G, CD38, TYROBP, PRF1, TRGC1, SH2D1B, KIR2DL4, NKG7, FGFBP2, TXK, SPON2, SLC15A4, HAVCR2, EFHD2, CD247, GSTP1, IFITM2, IFITM1, IFITM3, KLRD1, KLRC1, LAT2, RBBP8, IL2RB, MCM7, GZMA, CCL4, STARD3NL, CLIC3, PFN1, S1PR5, HSH2D, BHLHE40, OTULIN, PRR7, UBE2F, GNG2, PLAC8, IRF8, KLRC3, PPIF","FCGR3A",1,10,0.1
"14","Macrophage","LYZ, C1QA, C1QB, C1QC, APOE, TREM2, CD68, MSR1","IGKV1-9, IGHG1, IGLV1-40, TYMS, KLRF1, GZMB, FCGR3A, GNLY, TRDC, FCER1G, CD38, TYROBP, PRF1, TRGC1, SH2D1B, KIR2DL4, NKG7, FGFBP2, TXK, SPON2, SLC15A4, HAVCR2, EFHD2, CD247, GSTP1, IFITM2, IFITM1, IFITM3, KLRD1, KLRC1, LAT2, RBBP8, IL2RB, MCM7, GZMA, CCL4, STARD3NL, CLIC3, PFN1, S1PR5, HSH2D, BHLHE40, OTULIN, PRR7, UBE2F, GNG2, PLAC8, IRF8, KLRC3, PPIF","",0,8,0
"14","Dendritic_Cell","FCER1A, CST3, CLEC10A, CD1C, HLA-DRA, FCER1G","IGKV1-9, IGHG1, IGLV1-40, TYMS, KLRF1, GZMB, FCGR3A, GNLY, TRDC, FCER1G, CD38, TYROBP, PRF1, TRGC1, SH2D1B, KIR2DL4, NKG7, FGFBP2, TXK, SPON2, SLC15A4, HAVCR2, EFHD2, CD247, GSTP1, IFITM2, IFITM1, IFITM3, KLRD1, KLRC1, LAT2, RBBP8, IL2RB, MCM7, GZMA, CCL4, STARD3NL, CLIC3, PFN1, S1PR5, HSH2D, BHLHE40, OTULIN, PRR7, UBE2F, GNG2, PLAC8, IRF8, KLRC3, PPIF","FCER1G",1,6,0.166666666666667
"14","pDC","CLEC4C, IRF7, TCF4, LILRA4, PTCRA","IGKV1-9, IGHG1, IGLV1-40, TYMS, KLRF1, GZMB, FCGR3A, GNLY, TRDC, FCER1G, CD38, TYROBP, PRF1, TRGC1, SH2D1B, KIR2DL4, NKG7, FGFBP2, TXK, SPON2, SLC15A4, HAVCR2, EFHD2, CD247, GSTP1, IFITM2, IFITM1, IFITM3, KLRD1, KLRC1, LAT2, RBBP8, IL2RB, MCM7, GZMA, CCL4, STARD3NL, CLIC3, PFN1, S1PR5, HSH2D, BHLHE40, OTULIN, PRR7, UBE2F, GNG2, PLAC8, IRF8, KLRC3, PPIF","",0,5,0
"15","T_Cell","CD3D, CD3E, CD3G, TRBC1, TRBC2","TNFAIP6, AQP9, EREG, C5AR1, G0S2, APOBEC3A, LIPN, IL1B, IL1RN, FCAR, CXCL3, CDC42EP2, CXCL2, FPR2, TREM1, MAFB, PAPSS2, CD300E, CXCL8, OLR1, LILRA5, ANPEP, CTSL, RETN, TNFAIP2, LILRB2, FPR1, ADGRE2, SLC11A1, LINC00877, AC005280.2, SMIM25, MS4A7, SERPINA1, NFAM1, EPB41L3, AC090559.1, CLEC4E, PILRA, LILRA1, TIMP1, DMXL2, LILRA2, CSF1R, HK3, IRAK3, S100A9, VCAN, CFP, MYOF","",0,5,0
"15","CD8_T","CD8A, CD8B, CD3D, CD3E, TRBC1, TRBC2","TNFAIP6, AQP9, EREG, C5AR1, G0S2, APOBEC3A, LIPN, IL1B, IL1RN, FCAR, CXCL3, CDC42EP2, CXCL2, FPR2, TREM1, MAFB, PAPSS2, CD300E, CXCL8, OLR1, LILRA5, ANPEP, CTSL, RETN, TNFAIP2, LILRB2, FPR1, ADGRE2, SLC11A1, LINC00877, AC005280.2, SMIM25, MS4A7, SERPINA1, NFAM1, EPB41L3, AC090559.1, CLEC4E, PILRA, LILRA1, TIMP1, DMXL2, LILRA2, CSF1R, HK3, IRAK3, S100A9, VCAN, CFP, MYOF","",0,6,0
"15","CD4_T","CD4, IL7R, LTB, CCR7, SELL","TNFAIP6, AQP9, EREG, C5AR1, G0S2, APOBEC3A, LIPN, IL1B, IL1RN, FCAR, CXCL3, CDC42EP2, CXCL2, FPR2, TREM1, MAFB, PAPSS2, CD300E, CXCL8, OLR1, LILRA5, ANPEP, CTSL, RETN, TNFAIP2, LILRB2, FPR1, ADGRE2, SLC11A1, LINC00877, AC005280.2, SMIM25, MS4A7, SERPINA1, NFAM1, EPB41L3, AC090559.1, CLEC4E, PILRA, LILRA1, TIMP1, DMXL2, LILRA2, CSF1R, HK3, IRAK3, S100A9, VCAN, CFP, MYOF","",0,5,0
"15","Treg","FOXP3, IL7R, CTLA4, IL2RA, TNFRSF18, TNFRSF4, CCR8","TNFAIP6, AQP9, EREG, C5AR1, G0S2, APOBEC3A, LIPN, IL1B, IL1RN, FCAR, CXCL3, CDC42EP2, CXCL2, FPR2, TREM1, MAFB, PAPSS2, CD300E, CXCL8, OLR1, LILRA5, ANPEP, CTSL, RETN, TNFAIP2, LILRB2, FPR1, ADGRE2, SLC11A1, LINC00877, AC005280.2, SMIM25, MS4A7, SERPINA1, NFAM1, EPB41L3, AC090559.1, CLEC4E, PILRA, LILRA1, TIMP1, DMXL2, LILRA2, CSF1R, HK3, IRAK3, S100A9, VCAN, CFP, MYOF","",0,7,0
"15","NK","NKG7, GNLY, FCGR3A, KLRD1, XCL1, XCL2","TNFAIP6, AQP9, EREG, C5AR1, G0S2, APOBEC3A, LIPN, IL1B, IL1RN, FCAR, CXCL3, CDC42EP2, CXCL2, FPR2, TREM1, MAFB, PAPSS2, CD300E, CXCL8, OLR1, LILRA5, ANPEP, CTSL, RETN, TNFAIP2, LILRB2, FPR1, ADGRE2, SLC11A1, LINC00877, AC005280.2, SMIM25, MS4A7, SERPINA1, NFAM1, EPB41L3, AC090559.1, CLEC4E, PILRA, LILRA1, TIMP1, DMXL2, LILRA2, CSF1R, HK3, IRAK3, S100A9, VCAN, CFP, MYOF","",0,6,0
"15","MAIT","TRAV1-2, SLC4A10, KLRB1, IL23R, CCL20, DPP4","TNFAIP6, AQP9, EREG, C5AR1, G0S2, APOBEC3A, LIPN, IL1B, IL1RN, FCAR, CXCL3, CDC42EP2, CXCL2, FPR2, TREM1, MAFB, PAPSS2, CD300E, CXCL8, OLR1, LILRA5, ANPEP, CTSL, RETN, TNFAIP2, LILRB2, FPR1, ADGRE2, SLC11A1, LINC00877, AC005280.2, SMIM25, MS4A7, SERPINA1, NFAM1, EPB41L3, AC090559.1, CLEC4E, PILRA, LILRA1, TIMP1, DMXL2, LILRA2, CSF1R, HK3, IRAK3, S100A9, VCAN, CFP, MYOF","",0,6,0
"15","GammaDelta_T","TRDC, TRGC1, TRGC2, CD3D, CD3E","TNFAIP6, AQP9, EREG, C5AR1, G0S2, APOBEC3A, LIPN, IL1B, IL1RN, FCAR, CXCL3, CDC42EP2, CXCL2, FPR2, TREM1, MAFB, PAPSS2, CD300E, CXCL8, OLR1, LILRA5, ANPEP, CTSL, RETN, TNFAIP2, LILRB2, FPR1, ADGRE2, SLC11A1, LINC00877, AC005280.2, SMIM25, MS4A7, SERPINA1, NFAM1, EPB41L3, AC090559.1, CLEC4E, PILRA, LILRA1, TIMP1, DMXL2, LILRA2, CSF1R, HK3, IRAK3, S100A9, VCAN, CFP, MYOF","",0,5,0
"15","B_Cell","CD19, MS4A1, CD79A, CD74, HLA-DRA, CD22","TNFAIP6, AQP9, EREG, C5AR1, G0S2, APOBEC3A, LIPN, IL1B, IL1RN, FCAR, CXCL3, CDC42EP2, CXCL2, FPR2, TREM1, MAFB, PAPSS2, CD300E, CXCL8, OLR1, LILRA5, ANPEP, CTSL, RETN, TNFAIP2, LILRB2, FPR1, ADGRE2, SLC11A1, LINC00877, AC005280.2, SMIM25, MS4A7, SERPINA1, NFAM1, EPB41L3, AC090559.1, CLEC4E, PILRA, LILRA1, TIMP1, DMXL2, LILRA2, CSF1R, HK3, IRAK3, S100A9, VCAN, CFP, MYOF","",0,6,0
"15","Plasma_Cell","MZB1, JCHAIN, SDC1, TNFRSF17, DERL3, IGHG1, IGHG3, IGHG4","TNFAIP6, AQP9, EREG, C5AR1, G0S2, APOBEC3A, LIPN, IL1B, IL1RN, FCAR, CXCL3, CDC42EP2, CXCL2, FPR2, TREM1, MAFB, PAPSS2, CD300E, CXCL8, OLR1, LILRA5, ANPEP, CTSL, RETN, TNFAIP2, LILRB2, FPR1, ADGRE2, SLC11A1, LINC00877, AC005280.2, SMIM25, MS4A7, SERPINA1, NFAM1, EPB41L3, AC090559.1, CLEC4E, PILRA, LILRA1, TIMP1, DMXL2, LILRA2, CSF1R, HK3, IRAK3, S100A9, VCAN, CFP, MYOF","",0,8,0
"15","Monocyte_Myeloid","LYZ, S100A8, S100A9, CTSS, FCN1, CTSD, LGALS3, FCGR3A, CD14, TREM1","TNFAIP6, AQP9, EREG, C5AR1, G0S2, APOBEC3A, LIPN, IL1B, IL1RN, FCAR, CXCL3, CDC42EP2, CXCL2, FPR2, TREM1, MAFB, PAPSS2, CD300E, CXCL8, OLR1, LILRA5, ANPEP, CTSL, RETN, TNFAIP2, LILRB2, FPR1, ADGRE2, SLC11A1, LINC00877, AC005280.2, SMIM25, MS4A7, SERPINA1, NFAM1, EPB41L3, AC090559.1, CLEC4E, PILRA, LILRA1, TIMP1, DMXL2, LILRA2, CSF1R, HK3, IRAK3, S100A9, VCAN, CFP, MYOF","TREM1, S100A9",2,10,0.2
"15","Macrophage","LYZ, C1QA, C1QB, C1QC, APOE, TREM2, CD68, MSR1","TNFAIP6, AQP9, EREG, C5AR1, G0S2, APOBEC3A, LIPN, IL1B, IL1RN, FCAR, CXCL3, CDC42EP2, CXCL2, FPR2, TREM1, MAFB, PAPSS2, CD300E, CXCL8, OLR1, LILRA5, ANPEP, CTSL, RETN, TNFAIP2, LILRB2, FPR1, ADGRE2, SLC11A1, LINC00877, AC005280.2, SMIM25, MS4A7, SERPINA1, NFAM1, EPB41L3, AC090559.1, CLEC4E, PILRA, LILRA1, TIMP1, DMXL2, LILRA2, CSF1R, HK3, IRAK3, S100A9, VCAN, CFP, MYOF","",0,8,0
"15","Dendritic_Cell","FCER1A, CST3, CLEC10A, CD1C, HLA-DRA, FCER1G","TNFAIP6, AQP9, EREG, C5AR1, G0S2, APOBEC3A, LIPN, IL1B, IL1RN, FCAR, CXCL3, CDC42EP2, CXCL2, FPR2, TREM1, MAFB, PAPSS2, CD300E, CXCL8, OLR1, LILRA5, ANPEP, CTSL, RETN, TNFAIP2, LILRB2, FPR1, ADGRE2, SLC11A1, LINC00877, AC005280.2, SMIM25, MS4A7, SERPINA1, NFAM1, EPB41L3, AC090559.1, CLEC4E, PILRA, LILRA1, TIMP1, DMXL2, LILRA2, CSF1R, HK3, IRAK3, S100A9, VCAN, CFP, MYOF","",0,6,0
"15","pDC","CLEC4C, IRF7, TCF4, LILRA4, PTCRA","TNFAIP6, AQP9, EREG, C5AR1, G0S2, APOBEC3A, LIPN, IL1B, IL1RN, FCAR, CXCL3, CDC42EP2, CXCL2, FPR2, TREM1, MAFB, PAPSS2, CD300E, CXCL8, OLR1, LILRA5, ANPEP, CTSL, RETN, TNFAIP2, LILRB2, FPR1, ADGRE2, SLC11A1, LINC00877, AC005280.2, SMIM25, MS4A7, SERPINA1, NFAM1, EPB41L3, AC090559.1, CLEC4E, PILRA, LILRA1, TIMP1, DMXL2, LILRA2, CSF1R, HK3, IRAK3, S100A9, VCAN, CFP, MYOF","",0,5,0
"16","T_Cell","CD3D, CD3E, CD3G, TRBC1, TRBC2","TMEM176A, TMEM176B, S100A8, ASGR1, LMO2, RBP7, CSTA, S100A12, CDA, KCTD12, BST1, CD36, VCAN, FCN1, S100A9, CSF3R, PRAM1, CFD, HK3, CD14, CLEC4A, MNDA, CD33, SMIM25, PLBD1, LYZ, SLC7A7, HNMT, RAB32, NCF2, LGALS2, CD302, FPR1, SERPINA1, C19orf38, DMXL2, AIF1, PILRA, CLEC7A, MPEG1, RGS18, CLEC12A, IGSF6, SPI1, CFP, TNFAIP2, LST1, IFNGR2, LILRB2, SLC11A1","",0,5,0
"16","CD8_T","CD8A, CD8B, CD3D, CD3E, TRBC1, TRBC2","TMEM176A, TMEM176B, S100A8, ASGR1, LMO2, RBP7, CSTA, S100A12, CDA, KCTD12, BST1, CD36, VCAN, FCN1, S100A9, CSF3R, PRAM1, CFD, HK3, CD14, CLEC4A, MNDA, CD33, SMIM25, PLBD1, LYZ, SLC7A7, HNMT, RAB32, NCF2, LGALS2, CD302, FPR1, SERPINA1, C19orf38, DMXL2, AIF1, PILRA, CLEC7A, MPEG1, RGS18, CLEC12A, IGSF6, SPI1, CFP, TNFAIP2, LST1, IFNGR2, LILRB2, SLC11A1","",0,6,0
"16","CD4_T","CD4, IL7R, LTB, CCR7, SELL","TMEM176A, TMEM176B, S100A8, ASGR1, LMO2, RBP7, CSTA, S100A12, CDA, KCTD12, BST1, CD36, VCAN, FCN1, S100A9, CSF3R, PRAM1, CFD, HK3, CD14, CLEC4A, MNDA, CD33, SMIM25, PLBD1, LYZ, SLC7A7, HNMT, RAB32, NCF2, LGALS2, CD302, FPR1, SERPINA1, C19orf38, DMXL2, AIF1, PILRA, CLEC7A, MPEG1, RGS18, CLEC12A, IGSF6, SPI1, CFP, TNFAIP2, LST1, IFNGR2, LILRB2, SLC11A1","",0,5,0
"16","Treg","FOXP3, IL7R, CTLA4, IL2RA, TNFRSF18, TNFRSF4, CCR8","TMEM176A, TMEM176B, S100A8, ASGR1, LMO2, RBP7, CSTA, S100A12, CDA, KCTD12, BST1, CD36, VCAN, FCN1, S100A9, CSF3R, PRAM1, CFD, HK3, CD14, CLEC4A, MNDA, CD33, SMIM25, PLBD1, LYZ, SLC7A7, HNMT, RAB32, NCF2, LGALS2, CD302, FPR1, SERPINA1, C19orf38, DMXL2, AIF1, PILRA, CLEC7A, MPEG1, RGS18, CLEC12A, IGSF6, SPI1, CFP, TNFAIP2, LST1, IFNGR2, LILRB2, SLC11A1","",0,7,0
"16","NK","NKG7, GNLY, FCGR3A, KLRD1, XCL1, XCL2","TMEM176A, TMEM176B, S100A8, ASGR1, LMO2, RBP7, CSTA, S100A12, CDA, KCTD12, BST1, CD36, VCAN, FCN1, S100A9, CSF3R, PRAM1, CFD, HK3, CD14, CLEC4A, MNDA, CD33, SMIM25, PLBD1, LYZ, SLC7A7, HNMT, RAB32, NCF2, LGALS2, CD302, FPR1, SERPINA1, C19orf38, DMXL2, AIF1, PILRA, CLEC7A, MPEG1, RGS18, CLEC12A, IGSF6, SPI1, CFP, TNFAIP2, LST1, IFNGR2, LILRB2, SLC11A1","",0,6,0
"16","MAIT","TRAV1-2, SLC4A10, KLRB1, IL23R, CCL20, DPP4","TMEM176A, TMEM176B, S100A8, ASGR1, LMO2, RBP7, CSTA, S100A12, CDA, KCTD12, BST1, CD36, VCAN, FCN1, S100A9, CSF3R, PRAM1, CFD, HK3, CD14, CLEC4A, MNDA, CD33, SMIM25, PLBD1, LYZ, SLC7A7, HNMT, RAB32, NCF2, LGALS2, CD302, FPR1, SERPINA1, C19orf38, DMXL2, AIF1, PILRA, CLEC7A, MPEG1, RGS18, CLEC12A, IGSF6, SPI1, CFP, TNFAIP2, LST1, IFNGR2, LILRB2, SLC11A1","",0,6,0
"16","GammaDelta_T","TRDC, TRGC1, TRGC2, CD3D, CD3E","TMEM176A, TMEM176B, S100A8, ASGR1, LMO2, RBP7, CSTA, S100A12, CDA, KCTD12, BST1, CD36, VCAN, FCN1, S100A9, CSF3R, PRAM1, CFD, HK3, CD14, CLEC4A, MNDA, CD33, SMIM25, PLBD1, LYZ, SLC7A7, HNMT, RAB32, NCF2, LGALS2, CD302, FPR1, SERPINA1, C19orf38, DMXL2, AIF1, PILRA, CLEC7A, MPEG1, RGS18, CLEC12A, IGSF6, SPI1, CFP, TNFAIP2, LST1, IFNGR2, LILRB2, SLC11A1","",0,5,0
"16","B_Cell","CD19, MS4A1, CD79A, CD74, HLA-DRA, CD22","TMEM176A, TMEM176B, S100A8, ASGR1, LMO2, RBP7, CSTA, S100A12, CDA, KCTD12, BST1, CD36, VCAN, FCN1, S100A9, CSF3R, PRAM1, CFD, HK3, CD14, CLEC4A, MNDA, CD33, SMIM25, PLBD1, LYZ, SLC7A7, HNMT, RAB32, NCF2, LGALS2, CD302, FPR1, SERPINA1, C19orf38, DMXL2, AIF1, PILRA, CLEC7A, MPEG1, RGS18, CLEC12A, IGSF6, SPI1, CFP, TNFAIP2, LST1, IFNGR2, LILRB2, SLC11A1","",0,6,0
"16","Plasma_Cell","MZB1, JCHAIN, SDC1, TNFRSF17, DERL3, IGHG1, IGHG3, IGHG4","TMEM176A, TMEM176B, S100A8, ASGR1, LMO2, RBP7, CSTA, S100A12, CDA, KCTD12, BST1, CD36, VCAN, FCN1, S100A9, CSF3R, PRAM1, CFD, HK3, CD14, CLEC4A, MNDA, CD33, SMIM25, PLBD1, LYZ, SLC7A7, HNMT, RAB32, NCF2, LGALS2, CD302, FPR1, SERPINA1, C19orf38, DMXL2, AIF1, PILRA, CLEC7A, MPEG1, RGS18, CLEC12A, IGSF6, SPI1, CFP, TNFAIP2, LST1, IFNGR2, LILRB2, SLC11A1","",0,8,0
"16","Monocyte_Myeloid","LYZ, S100A8, S100A9, CTSS, FCN1, CTSD, LGALS3, FCGR3A, CD14, TREM1","TMEM176A, TMEM176B, S100A8, ASGR1, LMO2, RBP7, CSTA, S100A12, CDA, KCTD12, BST1, CD36, VCAN, FCN1, S100A9, CSF3R, PRAM1, CFD, HK3, CD14, CLEC4A, MNDA, CD33, SMIM25, PLBD1, LYZ, SLC7A7, HNMT, RAB32, NCF2, LGALS2, CD302, FPR1, SERPINA1, C19orf38, DMXL2, AIF1, PILRA, CLEC7A, MPEG1, RGS18, CLEC12A, IGSF6, SPI1, CFP, TNFAIP2, LST1, IFNGR2, LILRB2, SLC11A1","S100A8, FCN1, S100A9, CD14, LYZ",5,10,0.5
"16","Macrophage","LYZ, C1QA, C1QB, C1QC, APOE, TREM2, CD68, MSR1","TMEM176A, TMEM176B, S100A8, ASGR1, LMO2, RBP7, CSTA, S100A12, CDA, KCTD12, BST1, CD36, VCAN, FCN1, S100A9, CSF3R, PRAM1, CFD, HK3, CD14, CLEC4A, MNDA, CD33, SMIM25, PLBD1, LYZ, SLC7A7, HNMT, RAB32, NCF2, LGALS2, CD302, FPR1, SERPINA1, C19orf38, DMXL2, AIF1, PILRA, CLEC7A, MPEG1, RGS18, CLEC12A, IGSF6, SPI1, CFP, TNFAIP2, LST1, IFNGR2, LILRB2, SLC11A1","LYZ",1,8,0.125
"16","Dendritic_Cell","FCER1A, CST3, CLEC10A, CD1C, HLA-DRA, FCER1G","TMEM176A, TMEM176B, S100A8, ASGR1, LMO2, RBP7, CSTA, S100A12, CDA, KCTD12, BST1, CD36, VCAN, FCN1, S100A9, CSF3R, PRAM1, CFD, HK3, CD14, CLEC4A, MNDA, CD33, SMIM25, PLBD1, LYZ, SLC7A7, HNMT, RAB32, NCF2, LGALS2, CD302, FPR1, SERPINA1, C19orf38, DMXL2, AIF1, PILRA, CLEC7A, MPEG1, RGS18, CLEC12A, IGSF6, SPI1, CFP, TNFAIP2, LST1, IFNGR2, LILRB2, SLC11A1","",0,6,0
"16","pDC","CLEC4C, IRF7, TCF4, LILRA4, PTCRA","TMEM176A, TMEM176B, S100A8, ASGR1, LMO2, RBP7, CSTA, S100A12, CDA, KCTD12, BST1, CD36, VCAN, FCN1, S100A9, CSF3R, PRAM1, CFD, HK3, CD14, CLEC4A, MNDA, CD33, SMIM25, PLBD1, LYZ, SLC7A7, HNMT, RAB32, NCF2, LGALS2, CD302, FPR1, SERPINA1, C19orf38, DMXL2, AIF1, PILRA, CLEC7A, MPEG1, RGS18, CLEC12A, IGSF6, SPI1, CFP, TNFAIP2, LST1, IFNGR2, LILRB2, SLC11A1","",0,5,0
"17","T_Cell","CD3D, CD3E, CD3G, TRBC1, TRBC2","CD1E, IDO1, C1QC, RAB7B, FPR3, C1QB, C1QA, CLIC2, CLEC10A, VSIG4, FCER1A, CYP2S1, SDS, APOC1, CD1C, A2M, AXL, PKIB, FLT3, CPVL, DNASE1L3, ENHO, CST3, IL1R2, MSR1, CSF2RA, C1orf54, IL13RA1, STARD8, RTN1, PXDC1, LGMN, SHTN1, OLR1, KLF4, HLA-DQB2, GPR157, PID1, CD163, LGALS2, SLC8A1, CREB5, ALDH2, CALCRL, CXCL8, PAPSS2, AC090559.1, MS4A6A, LPCAT2, VMO1","",0,5,0
"17","CD8_T","CD8A, CD8B, CD3D, CD3E, TRBC1, TRBC2","CD1E, IDO1, C1QC, RAB7B, FPR3, C1QB, C1QA, CLIC2, CLEC10A, VSIG4, FCER1A, CYP2S1, SDS, APOC1, CD1C, A2M, AXL, PKIB, FLT3, CPVL, DNASE1L3, ENHO, CST3, IL1R2, MSR1, CSF2RA, C1orf54, IL13RA1, STARD8, RTN1, PXDC1, LGMN, SHTN1, OLR1, KLF4, HLA-DQB2, GPR157, PID1, CD163, LGALS2, SLC8A1, CREB5, ALDH2, CALCRL, CXCL8, PAPSS2, AC090559.1, MS4A6A, LPCAT2, VMO1","",0,6,0
"17","CD4_T","CD4, IL7R, LTB, CCR7, SELL","CD1E, IDO1, C1QC, RAB7B, FPR3, C1QB, C1QA, CLIC2, CLEC10A, VSIG4, FCER1A, CYP2S1, SDS, APOC1, CD1C, A2M, AXL, PKIB, FLT3, CPVL, DNASE1L3, ENHO, CST3, IL1R2, MSR1, CSF2RA, C1orf54, IL13RA1, STARD8, RTN1, PXDC1, LGMN, SHTN1, OLR1, KLF4, HLA-DQB2, GPR157, PID1, CD163, LGALS2, SLC8A1, CREB5, ALDH2, CALCRL, CXCL8, PAPSS2, AC090559.1, MS4A6A, LPCAT2, VMO1","",0,5,0
"17","Treg","FOXP3, IL7R, CTLA4, IL2RA, TNFRSF18, TNFRSF4, CCR8","CD1E, IDO1, C1QC, RAB7B, FPR3, C1QB, C1QA, CLIC2, CLEC10A, VSIG4, FCER1A, CYP2S1, SDS, APOC1, CD1C, A2M, AXL, PKIB, FLT3, CPVL, DNASE1L3, ENHO, CST3, IL1R2, MSR1, CSF2RA, C1orf54, IL13RA1, STARD8, RTN1, PXDC1, LGMN, SHTN1, OLR1, KLF4, HLA-DQB2, GPR157, PID1, CD163, LGALS2, SLC8A1, CREB5, ALDH2, CALCRL, CXCL8, PAPSS2, AC090559.1, MS4A6A, LPCAT2, VMO1","",0,7,0
"17","NK","NKG7, GNLY, FCGR3A, KLRD1, XCL1, XCL2","CD1E, IDO1, C1QC, RAB7B, FPR3, C1QB, C1QA, CLIC2, CLEC10A, VSIG4, FCER1A, CYP2S1, SDS, APOC1, CD1C, A2M, AXL, PKIB, FLT3, CPVL, DNASE1L3, ENHO, CST3, IL1R2, MSR1, CSF2RA, C1orf54, IL13RA1, STARD8, RTN1, PXDC1, LGMN, SHTN1, OLR1, KLF4, HLA-DQB2, GPR157, PID1, CD163, LGALS2, SLC8A1, CREB5, ALDH2, CALCRL, CXCL8, PAPSS2, AC090559.1, MS4A6A, LPCAT2, VMO1","",0,6,0
"17","MAIT","TRAV1-2, SLC4A10, KLRB1, IL23R, CCL20, DPP4","CD1E, IDO1, C1QC, RAB7B, FPR3, C1QB, C1QA, CLIC2, CLEC10A, VSIG4, FCER1A, CYP2S1, SDS, APOC1, CD1C, A2M, AXL, PKIB, FLT3, CPVL, DNASE1L3, ENHO, CST3, IL1R2, MSR1, CSF2RA, C1orf54, IL13RA1, STARD8, RTN1, PXDC1, LGMN, SHTN1, OLR1, KLF4, HLA-DQB2, GPR157, PID1, CD163, LGALS2, SLC8A1, CREB5, ALDH2, CALCRL, CXCL8, PAPSS2, AC090559.1, MS4A6A, LPCAT2, VMO1","",0,6,0
"17","GammaDelta_T","TRDC, TRGC1, TRGC2, CD3D, CD3E","CD1E, IDO1, C1QC, RAB7B, FPR3, C1QB, C1QA, CLIC2, CLEC10A, VSIG4, FCER1A, CYP2S1, SDS, APOC1, CD1C, A2M, AXL, PKIB, FLT3, CPVL, DNASE1L3, ENHO, CST3, IL1R2, MSR1, CSF2RA, C1orf54, IL13RA1, STARD8, RTN1, PXDC1, LGMN, SHTN1, OLR1, KLF4, HLA-DQB2, GPR157, PID1, CD163, LGALS2, SLC8A1, CREB5, ALDH2, CALCRL, CXCL8, PAPSS2, AC090559.1, MS4A6A, LPCAT2, VMO1","",0,5,0
"17","B_Cell","CD19, MS4A1, CD79A, CD74, HLA-DRA, CD22","CD1E, IDO1, C1QC, RAB7B, FPR3, C1QB, C1QA, CLIC2, CLEC10A, VSIG4, FCER1A, CYP2S1, SDS, APOC1, CD1C, A2M, AXL, PKIB, FLT3, CPVL, DNASE1L3, ENHO, CST3, IL1R2, MSR1, CSF2RA, C1orf54, IL13RA1, STARD8, RTN1, PXDC1, LGMN, SHTN1, OLR1, KLF4, HLA-DQB2, GPR157, PID1, CD163, LGALS2, SLC8A1, CREB5, ALDH2, CALCRL, CXCL8, PAPSS2, AC090559.1, MS4A6A, LPCAT2, VMO1","",0,6,0
"17","Plasma_Cell","MZB1, JCHAIN, SDC1, TNFRSF17, DERL3, IGHG1, IGHG3, IGHG4","CD1E, IDO1, C1QC, RAB7B, FPR3, C1QB, C1QA, CLIC2, CLEC10A, VSIG4, FCER1A, CYP2S1, SDS, APOC1, CD1C, A2M, AXL, PKIB, FLT3, CPVL, DNASE1L3, ENHO, CST3, IL1R2, MSR1, CSF2RA, C1orf54, IL13RA1, STARD8, RTN1, PXDC1, LGMN, SHTN1, OLR1, KLF4, HLA-DQB2, GPR157, PID1, CD163, LGALS2, SLC8A1, CREB5, ALDH2, CALCRL, CXCL8, PAPSS2, AC090559.1, MS4A6A, LPCAT2, VMO1","",0,8,0
"17","Monocyte_Myeloid","LYZ, S100A8, S100A9, CTSS, FCN1, CTSD, LGALS3, FCGR3A, CD14, TREM1","CD1E, IDO1, C1QC, RAB7B, FPR3, C1QB, C1QA, CLIC2, CLEC10A, VSIG4, FCER1A, CYP2S1, SDS, APOC1, CD1C, A2M, AXL, PKIB, FLT3, CPVL, DNASE1L3, ENHO, CST3, IL1R2, MSR1, CSF2RA, C1orf54, IL13RA1, STARD8, RTN1, PXDC1, LGMN, SHTN1, OLR1, KLF4, HLA-DQB2, GPR157, PID1, CD163, LGALS2, SLC8A1, CREB5, ALDH2, CALCRL, CXCL8, PAPSS2, AC090559.1, MS4A6A, LPCAT2, VMO1","",0,10,0
"17","Macrophage","LYZ, C1QA, C1QB, C1QC, APOE, TREM2, CD68, MSR1","CD1E, IDO1, C1QC, RAB7B, FPR3, C1QB, C1QA, CLIC2, CLEC10A, VSIG4, FCER1A, CYP2S1, SDS, APOC1, CD1C, A2M, AXL, PKIB, FLT3, CPVL, DNASE1L3, ENHO, CST3, IL1R2, MSR1, CSF2RA, C1orf54, IL13RA1, STARD8, RTN1, PXDC1, LGMN, SHTN1, OLR1, KLF4, HLA-DQB2, GPR157, PID1, CD163, LGALS2, SLC8A1, CREB5, ALDH2, CALCRL, CXCL8, PAPSS2, AC090559.1, MS4A6A, LPCAT2, VMO1","C1QC, C1QB, C1QA, MSR1",4,8,0.5
"17","Dendritic_Cell","FCER1A, CST3, CLEC10A, CD1C, HLA-DRA, FCER1G","CD1E, IDO1, C1QC, RAB7B, FPR3, C1QB, C1QA, CLIC2, CLEC10A, VSIG4, FCER1A, CYP2S1, SDS, APOC1, CD1C, A2M, AXL, PKIB, FLT3, CPVL, DNASE1L3, ENHO, CST3, IL1R2, MSR1, CSF2RA, C1orf54, IL13RA1, STARD8, RTN1, PXDC1, LGMN, SHTN1, OLR1, KLF4, HLA-DQB2, GPR157, PID1, CD163, LGALS2, SLC8A1, CREB5, ALDH2, CALCRL, CXCL8, PAPSS2, AC090559.1, MS4A6A, LPCAT2, VMO1","CLEC10A, FCER1A, CD1C, CST3",4,6,0.666666666666667
"17","pDC","CLEC4C, IRF7, TCF4, LILRA4, PTCRA","CD1E, IDO1, C1QC, RAB7B, FPR3, C1QB, C1QA, CLIC2, CLEC10A, VSIG4, FCER1A, CYP2S1, SDS, APOC1, CD1C, A2M, AXL, PKIB, FLT3, CPVL, DNASE1L3, ENHO, CST3, IL1R2, MSR1, CSF2RA, C1orf54, IL13RA1, STARD8, RTN1, PXDC1, LGMN, SHTN1, OLR1, KLF4, HLA-DQB2, GPR157, PID1, CD163, LGALS2, SLC8A1, CREB5, ALDH2, CALCRL, CXCL8, PAPSS2, AC090559.1, MS4A6A, LPCAT2, VMO1","",0,5,0
"18","T_Cell","CD3D, CD3E, CD3G, TRBC1, TRBC2","DPEP1, SDC1, IGHG2, IGHA2, JCHAIN, BHLHA15, IGHA1, IGHG1, IGKC, IGHG4, TNFRSF17, IGHG3, IGLV3-1, DERL3, DNAAF1, MZB1, IGKV3OR2-268, IGF1, IGLL5, AL133467.1, LINC02576, TXNDC5, AC104699.1, BHLHE41, AC012236.1, LINC02362, PYCR1, JSRP1, AC106897.1, FCRL5, PKHD1L1, GAB1, AC007569.1, PARM1, GAS6, POU2AF1, B9D1, DENND5B, TRIB1, COBLL1, ABCB9, PDIA5, CAV1, TNFRSF13B, CPNE5, BLNK, COL9A3, PIP5K1B, CLIC4, PNOC","",0,5,0
"18","CD8_T","CD8A, CD8B, CD3D, CD3E, TRBC1, TRBC2","DPEP1, SDC1, IGHG2, IGHA2, JCHAIN, BHLHA15, IGHA1, IGHG1, IGKC, IGHG4, TNFRSF17, IGHG3, IGLV3-1, DERL3, DNAAF1, MZB1, IGKV3OR2-268, IGF1, IGLL5, AL133467.1, LINC02576, TXNDC5, AC104699.1, BHLHE41, AC012236.1, LINC02362, PYCR1, JSRP1, AC106897.1, FCRL5, PKHD1L1, GAB1, AC007569.1, PARM1, GAS6, POU2AF1, B9D1, DENND5B, TRIB1, COBLL1, ABCB9, PDIA5, CAV1, TNFRSF13B, CPNE5, BLNK, COL9A3, PIP5K1B, CLIC4, PNOC","",0,6,0
"18","CD4_T","CD4, IL7R, LTB, CCR7, SELL","DPEP1, SDC1, IGHG2, IGHA2, JCHAIN, BHLHA15, IGHA1, IGHG1, IGKC, IGHG4, TNFRSF17, IGHG3, IGLV3-1, DERL3, DNAAF1, MZB1, IGKV3OR2-268, IGF1, IGLL5, AL133467.1, LINC02576, TXNDC5, AC104699.1, BHLHE41, AC012236.1, LINC02362, PYCR1, JSRP1, AC106897.1, FCRL5, PKHD1L1, GAB1, AC007569.1, PARM1, GAS6, POU2AF1, B9D1, DENND5B, TRIB1, COBLL1, ABCB9, PDIA5, CAV1, TNFRSF13B, CPNE5, BLNK, COL9A3, PIP5K1B, CLIC4, PNOC","",0,5,0
"18","Treg","FOXP3, IL7R, CTLA4, IL2RA, TNFRSF18, TNFRSF4, CCR8","DPEP1, SDC1, IGHG2, IGHA2, JCHAIN, BHLHA15, IGHA1, IGHG1, IGKC, IGHG4, TNFRSF17, IGHG3, IGLV3-1, DERL3, DNAAF1, MZB1, IGKV3OR2-268, IGF1, IGLL5, AL133467.1, LINC02576, TXNDC5, AC104699.1, BHLHE41, AC012236.1, LINC02362, PYCR1, JSRP1, AC106897.1, FCRL5, PKHD1L1, GAB1, AC007569.1, PARM1, GAS6, POU2AF1, B9D1, DENND5B, TRIB1, COBLL1, ABCB9, PDIA5, CAV1, TNFRSF13B, CPNE5, BLNK, COL9A3, PIP5K1B, CLIC4, PNOC","",0,7,0
"18","NK","NKG7, GNLY, FCGR3A, KLRD1, XCL1, XCL2","DPEP1, SDC1, IGHG2, IGHA2, JCHAIN, BHLHA15, IGHA1, IGHG1, IGKC, IGHG4, TNFRSF17, IGHG3, IGLV3-1, DERL3, DNAAF1, MZB1, IGKV3OR2-268, IGF1, IGLL5, AL133467.1, LINC02576, TXNDC5, AC104699.1, BHLHE41, AC012236.1, LINC02362, PYCR1, JSRP1, AC106897.1, FCRL5, PKHD1L1, GAB1, AC007569.1, PARM1, GAS6, POU2AF1, B9D1, DENND5B, TRIB1, COBLL1, ABCB9, PDIA5, CAV1, TNFRSF13B, CPNE5, BLNK, COL9A3, PIP5K1B, CLIC4, PNOC","",0,6,0
"18","MAIT","TRAV1-2, SLC4A10, KLRB1, IL23R, CCL20, DPP4","DPEP1, SDC1, IGHG2, IGHA2, JCHAIN, BHLHA15, IGHA1, IGHG1, IGKC, IGHG4, TNFRSF17, IGHG3, IGLV3-1, DERL3, DNAAF1, MZB1, IGKV3OR2-268, IGF1, IGLL5, AL133467.1, LINC02576, TXNDC5, AC104699.1, BHLHE41, AC012236.1, LINC02362, PYCR1, JSRP1, AC106897.1, FCRL5, PKHD1L1, GAB1, AC007569.1, PARM1, GAS6, POU2AF1, B9D1, DENND5B, TRIB1, COBLL1, ABCB9, PDIA5, CAV1, TNFRSF13B, CPNE5, BLNK, COL9A3, PIP5K1B, CLIC4, PNOC","",0,6,0
"18","GammaDelta_T","TRDC, TRGC1, TRGC2, CD3D, CD3E","DPEP1, SDC1, IGHG2, IGHA2, JCHAIN, BHLHA15, IGHA1, IGHG1, IGKC, IGHG4, TNFRSF17, IGHG3, IGLV3-1, DERL3, DNAAF1, MZB1, IGKV3OR2-268, IGF1, IGLL5, AL133467.1, LINC02576, TXNDC5, AC104699.1, BHLHE41, AC012236.1, LINC02362, PYCR1, JSRP1, AC106897.1, FCRL5, PKHD1L1, GAB1, AC007569.1, PARM1, GAS6, POU2AF1, B9D1, DENND5B, TRIB1, COBLL1, ABCB9, PDIA5, CAV1, TNFRSF13B, CPNE5, BLNK, COL9A3, PIP5K1B, CLIC4, PNOC","",0,5,0
"18","B_Cell","CD19, MS4A1, CD79A, CD74, HLA-DRA, CD22","DPEP1, SDC1, IGHG2, IGHA2, JCHAIN, BHLHA15, IGHA1, IGHG1, IGKC, IGHG4, TNFRSF17, IGHG3, IGLV3-1, DERL3, DNAAF1, MZB1, IGKV3OR2-268, IGF1, IGLL5, AL133467.1, LINC02576, TXNDC5, AC104699.1, BHLHE41, AC012236.1, LINC02362, PYCR1, JSRP1, AC106897.1, FCRL5, PKHD1L1, GAB1, AC007569.1, PARM1, GAS6, POU2AF1, B9D1, DENND5B, TRIB1, COBLL1, ABCB9, PDIA5, CAV1, TNFRSF13B, CPNE5, BLNK, COL9A3, PIP5K1B, CLIC4, PNOC","",0,6,0
"18","Plasma_Cell","MZB1, JCHAIN, SDC1, TNFRSF17, DERL3, IGHG1, IGHG3, IGHG4","DPEP1, SDC1, IGHG2, IGHA2, JCHAIN, BHLHA15, IGHA1, IGHG1, IGKC, IGHG4, TNFRSF17, IGHG3, IGLV3-1, DERL3, DNAAF1, MZB1, IGKV3OR2-268, IGF1, IGLL5, AL133467.1, LINC02576, TXNDC5, AC104699.1, BHLHE41, AC012236.1, LINC02362, PYCR1, JSRP1, AC106897.1, FCRL5, PKHD1L1, GAB1, AC007569.1, PARM1, GAS6, POU2AF1, B9D1, DENND5B, TRIB1, COBLL1, ABCB9, PDIA5, CAV1, TNFRSF13B, CPNE5, BLNK, COL9A3, PIP5K1B, CLIC4, PNOC","SDC1, JCHAIN, IGHG1, IGHG4, TNFRSF17, IGHG3, DERL3, MZB1",8,8,1
"18","Monocyte_Myeloid","LYZ, S100A8, S100A9, CTSS, FCN1, CTSD, LGALS3, FCGR3A, CD14, TREM1","DPEP1, SDC1, IGHG2, IGHA2, JCHAIN, BHLHA15, IGHA1, IGHG1, IGKC, IGHG4, TNFRSF17, IGHG3, IGLV3-1, DERL3, DNAAF1, MZB1, IGKV3OR2-268, IGF1, IGLL5, AL133467.1, LINC02576, TXNDC5, AC104699.1, BHLHE41, AC012236.1, LINC02362, PYCR1, JSRP1, AC106897.1, FCRL5, PKHD1L1, GAB1, AC007569.1, PARM1, GAS6, POU2AF1, B9D1, DENND5B, TRIB1, COBLL1, ABCB9, PDIA5, CAV1, TNFRSF13B, CPNE5, BLNK, COL9A3, PIP5K1B, CLIC4, PNOC","",0,10,0
"18","Macrophage","LYZ, C1QA, C1QB, C1QC, APOE, TREM2, CD68, MSR1","DPEP1, SDC1, IGHG2, IGHA2, JCHAIN, BHLHA15, IGHA1, IGHG1, IGKC, IGHG4, TNFRSF17, IGHG3, IGLV3-1, DERL3, DNAAF1, MZB1, IGKV3OR2-268, IGF1, IGLL5, AL133467.1, LINC02576, TXNDC5, AC104699.1, BHLHE41, AC012236.1, LINC02362, PYCR1, JSRP1, AC106897.1, FCRL5, PKHD1L1, GAB1, AC007569.1, PARM1, GAS6, POU2AF1, B9D1, DENND5B, TRIB1, COBLL1, ABCB9, PDIA5, CAV1, TNFRSF13B, CPNE5, BLNK, COL9A3, PIP5K1B, CLIC4, PNOC","",0,8,0
"18","Dendritic_Cell","FCER1A, CST3, CLEC10A, CD1C, HLA-DRA, FCER1G","DPEP1, SDC1, IGHG2, IGHA2, JCHAIN, BHLHA15, IGHA1, IGHG1, IGKC, IGHG4, TNFRSF17, IGHG3, IGLV3-1, DERL3, DNAAF1, MZB1, IGKV3OR2-268, IGF1, IGLL5, AL133467.1, LINC02576, TXNDC5, AC104699.1, BHLHE41, AC012236.1, LINC02362, PYCR1, JSRP1, AC106897.1, FCRL5, PKHD1L1, GAB1, AC007569.1, PARM1, GAS6, POU2AF1, B9D1, DENND5B, TRIB1, COBLL1, ABCB9, PDIA5, CAV1, TNFRSF13B, CPNE5, BLNK, COL9A3, PIP5K1B, CLIC4, PNOC","",0,6,0
"18","pDC","CLEC4C, IRF7, TCF4, LILRA4, PTCRA","DPEP1, SDC1, IGHG2, IGHA2, JCHAIN, BHLHA15, IGHA1, IGHG1, IGKC, IGHG4, TNFRSF17, IGHG3, IGLV3-1, DERL3, DNAAF1, MZB1, IGKV3OR2-268, IGF1, IGLL5, AL133467.1, LINC02576, TXNDC5, AC104699.1, BHLHE41, AC012236.1, LINC02362, PYCR1, JSRP1, AC106897.1, FCRL5, PKHD1L1, GAB1, AC007569.1, PARM1, GAS6, POU2AF1, B9D1, DENND5B, TRIB1, COBLL1, ABCB9, PDIA5, CAV1, TNFRSF13B, CPNE5, BLNK, COL9A3, PIP5K1B, CLIC4, PNOC","",0,5,0
"19","T_Cell","CD3D, CD3E, CD3G, TRBC1, TRBC2","LRRC26, CUX2, AC097375.1, SCT, KCNK17, KRT5, PTCRA, LILRA4, CLEC4C, LAMP5, SHD, ASIP, PTPRS, PLVAP, SERPINF1, DRD4, SCN9A, CYYR1, P3H2, AC023590.1, CRYM, SCAMP5, EGLN3, P2RY6, TNFRSF21, SLC32A1, IL3RA, PLD4, SH3BP4, TLR9, TPM2, FAM160A1, MYBL2, RHEX, NRP1, EPHB1, THBD, GPM6B, PACSIN1, GAS6, SOX4, LILRB4, AC119428.2, CPLX1, CALCRL, DNASE1L3, CSF2RB, SNCA, MAP1A, TSPAN13","",0,5,0
"19","CD8_T","CD8A, CD8B, CD3D, CD3E, TRBC1, TRBC2","LRRC26, CUX2, AC097375.1, SCT, KCNK17, KRT5, PTCRA, LILRA4, CLEC4C, LAMP5, SHD, ASIP, PTPRS, PLVAP, SERPINF1, DRD4, SCN9A, CYYR1, P3H2, AC023590.1, CRYM, SCAMP5, EGLN3, P2RY6, TNFRSF21, SLC32A1, IL3RA, PLD4, SH3BP4, TLR9, TPM2, FAM160A1, MYBL2, RHEX, NRP1, EPHB1, THBD, GPM6B, PACSIN1, GAS6, SOX4, LILRB4, AC119428.2, CPLX1, CALCRL, DNASE1L3, CSF2RB, SNCA, MAP1A, TSPAN13","",0,6,0
"19","CD4_T","CD4, IL7R, LTB, CCR7, SELL","LRRC26, CUX2, AC097375.1, SCT, KCNK17, KRT5, PTCRA, LILRA4, CLEC4C, LAMP5, SHD, ASIP, PTPRS, PLVAP, SERPINF1, DRD4, SCN9A, CYYR1, P3H2, AC023590.1, CRYM, SCAMP5, EGLN3, P2RY6, TNFRSF21, SLC32A1, IL3RA, PLD4, SH3BP4, TLR9, TPM2, FAM160A1, MYBL2, RHEX, NRP1, EPHB1, THBD, GPM6B, PACSIN1, GAS6, SOX4, LILRB4, AC119428.2, CPLX1, CALCRL, DNASE1L3, CSF2RB, SNCA, MAP1A, TSPAN13","",0,5,0
"19","Treg","FOXP3, IL7R, CTLA4, IL2RA, TNFRSF18, TNFRSF4, CCR8","LRRC26, CUX2, AC097375.1, SCT, KCNK17, KRT5, PTCRA, LILRA4, CLEC4C, LAMP5, SHD, ASIP, PTPRS, PLVAP, SERPINF1, DRD4, SCN9A, CYYR1, P3H2, AC023590.1, CRYM, SCAMP5, EGLN3, P2RY6, TNFRSF21, SLC32A1, IL3RA, PLD4, SH3BP4, TLR9, TPM2, FAM160A1, MYBL2, RHEX, NRP1, EPHB1, THBD, GPM6B, PACSIN1, GAS6, SOX4, LILRB4, AC119428.2, CPLX1, CALCRL, DNASE1L3, CSF2RB, SNCA, MAP1A, TSPAN13","",0,7,0
"19","NK","NKG7, GNLY, FCGR3A, KLRD1, XCL1, XCL2","LRRC26, CUX2, AC097375.1, SCT, KCNK17, KRT5, PTCRA, LILRA4, CLEC4C, LAMP5, SHD, ASIP, PTPRS, PLVAP, SERPINF1, DRD4, SCN9A, CYYR1, P3H2, AC023590.1, CRYM, SCAMP5, EGLN3, P2RY6, TNFRSF21, SLC32A1, IL3RA, PLD4, SH3BP4, TLR9, TPM2, FAM160A1, MYBL2, RHEX, NRP1, EPHB1, THBD, GPM6B, PACSIN1, GAS6, SOX4, LILRB4, AC119428.2, CPLX1, CALCRL, DNASE1L3, CSF2RB, SNCA, MAP1A, TSPAN13","",0,6,0
"19","MAIT","TRAV1-2, SLC4A10, KLRB1, IL23R, CCL20, DPP4","LRRC26, CUX2, AC097375.1, SCT, KCNK17, KRT5, PTCRA, LILRA4, CLEC4C, LAMP5, SHD, ASIP, PTPRS, PLVAP, SERPINF1, DRD4, SCN9A, CYYR1, P3H2, AC023590.1, CRYM, SCAMP5, EGLN3, P2RY6, TNFRSF21, SLC32A1, IL3RA, PLD4, SH3BP4, TLR9, TPM2, FAM160A1, MYBL2, RHEX, NRP1, EPHB1, THBD, GPM6B, PACSIN1, GAS6, SOX4, LILRB4, AC119428.2, CPLX1, CALCRL, DNASE1L3, CSF2RB, SNCA, MAP1A, TSPAN13","",0,6,0
"19","GammaDelta_T","TRDC, TRGC1, TRGC2, CD3D, CD3E","LRRC26, CUX2, AC097375.1, SCT, KCNK17, KRT5, PTCRA, LILRA4, CLEC4C, LAMP5, SHD, ASIP, PTPRS, PLVAP, SERPINF1, DRD4, SCN9A, CYYR1, P3H2, AC023590.1, CRYM, SCAMP5, EGLN3, P2RY6, TNFRSF21, SLC32A1, IL3RA, PLD4, SH3BP4, TLR9, TPM2, FAM160A1, MYBL2, RHEX, NRP1, EPHB1, THBD, GPM6B, PACSIN1, GAS6, SOX4, LILRB4, AC119428.2, CPLX1, CALCRL, DNASE1L3, CSF2RB, SNCA, MAP1A, TSPAN13","",0,5,0
"19","B_Cell","CD19, MS4A1, CD79A, CD74, HLA-DRA, CD22","LRRC26, CUX2, AC097375.1, SCT, KCNK17, KRT5, PTCRA, LILRA4, CLEC4C, LAMP5, SHD, ASIP, PTPRS, PLVAP, SERPINF1, DRD4, SCN9A, CYYR1, P3H2, AC023590.1, CRYM, SCAMP5, EGLN3, P2RY6, TNFRSF21, SLC32A1, IL3RA, PLD4, SH3BP4, TLR9, TPM2, FAM160A1, MYBL2, RHEX, NRP1, EPHB1, THBD, GPM6B, PACSIN1, GAS6, SOX4, LILRB4, AC119428.2, CPLX1, CALCRL, DNASE1L3, CSF2RB, SNCA, MAP1A, TSPAN13","",0,6,0
"19","Plasma_Cell","MZB1, JCHAIN, SDC1, TNFRSF17, DERL3, IGHG1, IGHG3, IGHG4","LRRC26, CUX2, AC097375.1, SCT, KCNK17, KRT5, PTCRA, LILRA4, CLEC4C, LAMP5, SHD, ASIP, PTPRS, PLVAP, SERPINF1, DRD4, SCN9A, CYYR1, P3H2, AC023590.1, CRYM, SCAMP5, EGLN3, P2RY6, TNFRSF21, SLC32A1, IL3RA, PLD4, SH3BP4, TLR9, TPM2, FAM160A1, MYBL2, RHEX, NRP1, EPHB1, THBD, GPM6B, PACSIN1, GAS6, SOX4, LILRB4, AC119428.2, CPLX1, CALCRL, DNASE1L3, CSF2RB, SNCA, MAP1A, TSPAN13","",0,8,0
"19","Monocyte_Myeloid","LYZ, S100A8, S100A9, CTSS, FCN1, CTSD, LGALS3, FCGR3A, CD14, TREM1","LRRC26, CUX2, AC097375.1, SCT, KCNK17, KRT5, PTCRA, LILRA4, CLEC4C, LAMP5, SHD, ASIP, PTPRS, PLVAP, SERPINF1, DRD4, SCN9A, CYYR1, P3H2, AC023590.1, CRYM, SCAMP5, EGLN3, P2RY6, TNFRSF21, SLC32A1, IL3RA, PLD4, SH3BP4, TLR9, TPM2, FAM160A1, MYBL2, RHEX, NRP1, EPHB1, THBD, GPM6B, PACSIN1, GAS6, SOX4, LILRB4, AC119428.2, CPLX1, CALCRL, DNASE1L3, CSF2RB, SNCA, MAP1A, TSPAN13","",0,10,0
"19","Macrophage","LYZ, C1QA, C1QB, C1QC, APOE, TREM2, CD68, MSR1","LRRC26, CUX2, AC097375.1, SCT, KCNK17, KRT5, PTCRA, LILRA4, CLEC4C, LAMP5, SHD, ASIP, PTPRS, PLVAP, SERPINF1, DRD4, SCN9A, CYYR1, P3H2, AC023590.1, CRYM, SCAMP5, EGLN3, P2RY6, TNFRSF21, SLC32A1, IL3RA, PLD4, SH3BP4, TLR9, TPM2, FAM160A1, MYBL2, RHEX, NRP1, EPHB1, THBD, GPM6B, PACSIN1, GAS6, SOX4, LILRB4, AC119428.2, CPLX1, CALCRL, DNASE1L3, CSF2RB, SNCA, MAP1A, TSPAN13","",0,8,0
"19","Dendritic_Cell","FCER1A, CST3, CLEC10A, CD1C, HLA-DRA, FCER1G","LRRC26, CUX2, AC097375.1, SCT, KCNK17, KRT5, PTCRA, LILRA4, CLEC4C, LAMP5, SHD, ASIP, PTPRS, PLVAP, SERPINF1, DRD4, SCN9A, CYYR1, P3H2, AC023590.1, CRYM, SCAMP5, EGLN3, P2RY6, TNFRSF21, SLC32A1, IL3RA, PLD4, SH3BP4, TLR9, TPM2, FAM160A1, MYBL2, RHEX, NRP1, EPHB1, THBD, GPM6B, PACSIN1, GAS6, SOX4, LILRB4, AC119428.2, CPLX1, CALCRL, DNASE1L3, CSF2RB, SNCA, MAP1A, TSPAN13","",0,6,0
"19","pDC","CLEC4C, IRF7, TCF4, LILRA4, PTCRA","LRRC26, CUX2, AC097375.1, SCT, KCNK17, KRT5, PTCRA, LILRA4, CLEC4C, LAMP5, SHD, ASIP, PTPRS, PLVAP, SERPINF1, DRD4, SCN9A, CYYR1, P3H2, AC023590.1, CRYM, SCAMP5, EGLN3, P2RY6, TNFRSF21, SLC32A1, IL3RA, PLD4, SH3BP4, TLR9, TPM2, FAM160A1, MYBL2, RHEX, NRP1, EPHB1, THBD, GPM6B, PACSIN1, GAS6, SOX4, LILRB4, AC119428.2, CPLX1, CALCRL, DNASE1L3, CSF2RB, SNCA, MAP1A, TSPAN13","PTCRA, LILRA4, CLEC4C",3,5,0.6
"2","T_Cell","CD3D, CD3E, CD3G, TRBC1, TRBC2","CCR7, GPR183, IL7R, LTB, FTH1, EEF1A1, TPT1, S1PR1, CD4, ANXA1, SARAF, LDHB, LMNA, FLT3LG, VIM, KLF2, FXYD5, RGCC, PABPC1, CCR6, CD52, ZFP36L2, EEF1B2, ICOS, EEF1G, CD55, AQP3, PDE3B, CD28, NOP53, TNFRSF4, PLK3, SELL, SPOCK2, TMEM123, TRAT1, JUNB, TNFAIP3, RACK1, EZR, CD5, CAMK4, KLF3, TCF7, S100A11, LEPROTL1, SC5D, NACA, S100A10, NPM1","",0,5,0
"2","CD8_T","CD8A, CD8B, CD3D, CD3E, TRBC1, TRBC2","CCR7, GPR183, IL7R, LTB, FTH1, EEF1A1, TPT1, S1PR1, CD4, ANXA1, SARAF, LDHB, LMNA, FLT3LG, VIM, KLF2, FXYD5, RGCC, PABPC1, CCR6, CD52, ZFP36L2, EEF1B2, ICOS, EEF1G, CD55, AQP3, PDE3B, CD28, NOP53, TNFRSF4, PLK3, SELL, SPOCK2, TMEM123, TRAT1, JUNB, TNFAIP3, RACK1, EZR, CD5, CAMK4, KLF3, TCF7, S100A11, LEPROTL1, SC5D, NACA, S100A10, NPM1","",0,6,0
"2","CD4_T","CD4, IL7R, LTB, CCR7, SELL","CCR7, GPR183, IL7R, LTB, FTH1, EEF1A1, TPT1, S1PR1, CD4, ANXA1, SARAF, LDHB, LMNA, FLT3LG, VIM, KLF2, FXYD5, RGCC, PABPC1, CCR6, CD52, ZFP36L2, EEF1B2, ICOS, EEF1G, CD55, AQP3, PDE3B, CD28, NOP53, TNFRSF4, PLK3, SELL, SPOCK2, TMEM123, TRAT1, JUNB, TNFAIP3, RACK1, EZR, CD5, CAMK4, KLF3, TCF7, S100A11, LEPROTL1, SC5D, NACA, S100A10, NPM1","CCR7, IL7R, LTB, CD4, SELL",5,5,1
"2","Treg","FOXP3, IL7R, CTLA4, IL2RA, TNFRSF18, TNFRSF4, CCR8","CCR7, GPR183, IL7R, LTB, FTH1, EEF1A1, TPT1, S1PR1, CD4, ANXA1, SARAF, LDHB, LMNA, FLT3LG, VIM, KLF2, FXYD5, RGCC, PABPC1, CCR6, CD52, ZFP36L2, EEF1B2, ICOS, EEF1G, CD55, AQP3, PDE3B, CD28, NOP53, TNFRSF4, PLK3, SELL, SPOCK2, TMEM123, TRAT1, JUNB, TNFAIP3, RACK1, EZR, CD5, CAMK4, KLF3, TCF7, S100A11, LEPROTL1, SC5D, NACA, S100A10, NPM1","IL7R, TNFRSF4",2,7,0.285714285714286
"2","NK","NKG7, GNLY, FCGR3A, KLRD1, XCL1, XCL2","CCR7, GPR183, IL7R, LTB, FTH1, EEF1A1, TPT1, S1PR1, CD4, ANXA1, SARAF, LDHB, LMNA, FLT3LG, VIM, KLF2, FXYD5, RGCC, PABPC1, CCR6, CD52, ZFP36L2, EEF1B2, ICOS, EEF1G, CD55, AQP3, PDE3B, CD28, NOP53, TNFRSF4, PLK3, SELL, SPOCK2, TMEM123, TRAT1, JUNB, TNFAIP3, RACK1, EZR, CD5, CAMK4, KLF3, TCF7, S100A11, LEPROTL1, SC5D, NACA, S100A10, NPM1","",0,6,0
"2","MAIT","TRAV1-2, SLC4A10, KLRB1, IL23R, CCL20, DPP4","CCR7, GPR183, IL7R, LTB, FTH1, EEF1A1, TPT1, S1PR1, CD4, ANXA1, SARAF, LDHB, LMNA, FLT3LG, VIM, KLF2, FXYD5, RGCC, PABPC1, CCR6, CD52, ZFP36L2, EEF1B2, ICOS, EEF1G, CD55, AQP3, PDE3B, CD28, NOP53, TNFRSF4, PLK3, SELL, SPOCK2, TMEM123, TRAT1, JUNB, TNFAIP3, RACK1, EZR, CD5, CAMK4, KLF3, TCF7, S100A11, LEPROTL1, SC5D, NACA, S100A10, NPM1","",0,6,0
"2","GammaDelta_T","TRDC, TRGC1, TRGC2, CD3D, CD3E","CCR7, GPR183, IL7R, LTB, FTH1, EEF1A1, TPT1, S1PR1, CD4, ANXA1, SARAF, LDHB, LMNA, FLT3LG, VIM, KLF2, FXYD5, RGCC, PABPC1, CCR6, CD52, ZFP36L2, EEF1B2, ICOS, EEF1G, CD55, AQP3, PDE3B, CD28, NOP53, TNFRSF4, PLK3, SELL, SPOCK2, TMEM123, TRAT1, JUNB, TNFAIP3, RACK1, EZR, CD5, CAMK4, KLF3, TCF7, S100A11, LEPROTL1, SC5D, NACA, S100A10, NPM1","",0,5,0
"2","B_Cell","CD19, MS4A1, CD79A, CD74, HLA-DRA, CD22","CCR7, GPR183, IL7R, LTB, FTH1, EEF1A1, TPT1, S1PR1, CD4, ANXA1, SARAF, LDHB, LMNA, FLT3LG, VIM, KLF2, FXYD5, RGCC, PABPC1, CCR6, CD52, ZFP36L2, EEF1B2, ICOS, EEF1G, CD55, AQP3, PDE3B, CD28, NOP53, TNFRSF4, PLK3, SELL, SPOCK2, TMEM123, TRAT1, JUNB, TNFAIP3, RACK1, EZR, CD5, CAMK4, KLF3, TCF7, S100A11, LEPROTL1, SC5D, NACA, S100A10, NPM1","",0,6,0
"2","Plasma_Cell","MZB1, JCHAIN, SDC1, TNFRSF17, DERL3, IGHG1, IGHG3, IGHG4","CCR7, GPR183, IL7R, LTB, FTH1, EEF1A1, TPT1, S1PR1, CD4, ANXA1, SARAF, LDHB, LMNA, FLT3LG, VIM, KLF2, FXYD5, RGCC, PABPC1, CCR6, CD52, ZFP36L2, EEF1B2, ICOS, EEF1G, CD55, AQP3, PDE3B, CD28, NOP53, TNFRSF4, PLK3, SELL, SPOCK2, TMEM123, TRAT1, JUNB, TNFAIP3, RACK1, EZR, CD5, CAMK4, KLF3, TCF7, S100A11, LEPROTL1, SC5D, NACA, S100A10, NPM1","",0,8,0
"2","Monocyte_Myeloid","LYZ, S100A8, S100A9, CTSS, FCN1, CTSD, LGALS3, FCGR3A, CD14, TREM1","CCR7, GPR183, IL7R, LTB, FTH1, EEF1A1, TPT1, S1PR1, CD4, ANXA1, SARAF, LDHB, LMNA, FLT3LG, VIM, KLF2, FXYD5, RGCC, PABPC1, CCR6, CD52, ZFP36L2, EEF1B2, ICOS, EEF1G, CD55, AQP3, PDE3B, CD28, NOP53, TNFRSF4, PLK3, SELL, SPOCK2, TMEM123, TRAT1, JUNB, TNFAIP3, RACK1, EZR, CD5, CAMK4, KLF3, TCF7, S100A11, LEPROTL1, SC5D, NACA, S100A10, NPM1","",0,10,0
"2","Macrophage","LYZ, C1QA, C1QB, C1QC, APOE, TREM2, CD68, MSR1","CCR7, GPR183, IL7R, LTB, FTH1, EEF1A1, TPT1, S1PR1, CD4, ANXA1, SARAF, LDHB, LMNA, FLT3LG, VIM, KLF2, FXYD5, RGCC, PABPC1, CCR6, CD52, ZFP36L2, EEF1B2, ICOS, EEF1G, CD55, AQP3, PDE3B, CD28, NOP53, TNFRSF4, PLK3, SELL, SPOCK2, TMEM123, TRAT1, JUNB, TNFAIP3, RACK1, EZR, CD5, CAMK4, KLF3, TCF7, S100A11, LEPROTL1, SC5D, NACA, S100A10, NPM1","",0,8,0
"2","Dendritic_Cell","FCER1A, CST3, CLEC10A, CD1C, HLA-DRA, FCER1G","CCR7, GPR183, IL7R, LTB, FTH1, EEF1A1, TPT1, S1PR1, CD4, ANXA1, SARAF, LDHB, LMNA, FLT3LG, VIM, KLF2, FXYD5, RGCC, PABPC1, CCR6, CD52, ZFP36L2, EEF1B2, ICOS, EEF1G, CD55, AQP3, PDE3B, CD28, NOP53, TNFRSF4, PLK3, SELL, SPOCK2, TMEM123, TRAT1, JUNB, TNFAIP3, RACK1, EZR, CD5, CAMK4, KLF3, TCF7, S100A11, LEPROTL1, SC5D, NACA, S100A10, NPM1","",0,6,0
"2","pDC","CLEC4C, IRF7, TCF4, LILRA4, PTCRA","CCR7, GPR183, IL7R, LTB, FTH1, EEF1A1, TPT1, S1PR1, CD4, ANXA1, SARAF, LDHB, LMNA, FLT3LG, VIM, KLF2, FXYD5, RGCC, PABPC1, CCR6, CD52, ZFP36L2, EEF1B2, ICOS, EEF1G, CD55, AQP3, PDE3B, CD28, NOP53, TNFRSF4, PLK3, SELL, SPOCK2, TMEM123, TRAT1, JUNB, TNFAIP3, RACK1, EZR, CD5, CAMK4, KLF3, TCF7, S100A11, LEPROTL1, SC5D, NACA, S100A10, NPM1","",0,5,0
"3","T_Cell","CD3D, CD3E, CD3G, TRBC1, TRBC2","CCL20, IL4I1, SLC4A10, TRAV1-2, CCR6, AQP3, FEZ1, NCR3, CEBPD, IL7R, KLRB1, LTB, SLC7A5, LINC01871, DPP4, S100A4, GPR65, GPR35, SPOCK2, PBX4, RORA, REL, NFKB1, SERPINB9, PRNP, TTC39C, PFKFB3, IFNGR1, ZC3H12A, NINJ1, KDM6B, PABPC1, CXCR6, TNFRSF25, SATB1, PHLDA1, S100A6, DUSP16, TNFAIP3, GPR171, BTG1, G3BP2, TNF, KLRG1, EEF1A1, SLAMF1, RELB, BCL2A1, BIRC3, NFKBIA","",0,5,0
"3","CD8_T","CD8A, CD8B, CD3D, CD3E, TRBC1, TRBC2","CCL20, IL4I1, SLC4A10, TRAV1-2, CCR6, AQP3, FEZ1, NCR3, CEBPD, IL7R, KLRB1, LTB, SLC7A5, LINC01871, DPP4, S100A4, GPR65, GPR35, SPOCK2, PBX4, RORA, REL, NFKB1, SERPINB9, PRNP, TTC39C, PFKFB3, IFNGR1, ZC3H12A, NINJ1, KDM6B, PABPC1, CXCR6, TNFRSF25, SATB1, PHLDA1, S100A6, DUSP16, TNFAIP3, GPR171, BTG1, G3BP2, TNF, KLRG1, EEF1A1, SLAMF1, RELB, BCL2A1, BIRC3, NFKBIA","",0,6,0
"3","CD4_T","CD4, IL7R, LTB, CCR7, SELL","CCL20, IL4I1, SLC4A10, TRAV1-2, CCR6, AQP3, FEZ1, NCR3, CEBPD, IL7R, KLRB1, LTB, SLC7A5, LINC01871, DPP4, S100A4, GPR65, GPR35, SPOCK2, PBX4, RORA, REL, NFKB1, SERPINB9, PRNP, TTC39C, PFKFB3, IFNGR1, ZC3H12A, NINJ1, KDM6B, PABPC1, CXCR6, TNFRSF25, SATB1, PHLDA1, S100A6, DUSP16, TNFAIP3, GPR171, BTG1, G3BP2, TNF, KLRG1, EEF1A1, SLAMF1, RELB, BCL2A1, BIRC3, NFKBIA","IL7R, LTB",2,5,0.4
"3","Treg","FOXP3, IL7R, CTLA4, IL2RA, TNFRSF18, TNFRSF4, CCR8","CCL20, IL4I1, SLC4A10, TRAV1-2, CCR6, AQP3, FEZ1, NCR3, CEBPD, IL7R, KLRB1, LTB, SLC7A5, LINC01871, DPP4, S100A4, GPR65, GPR35, SPOCK2, PBX4, RORA, REL, NFKB1, SERPINB9, PRNP, TTC39C, PFKFB3, IFNGR1, ZC3H12A, NINJ1, KDM6B, PABPC1, CXCR6, TNFRSF25, SATB1, PHLDA1, S100A6, DUSP16, TNFAIP3, GPR171, BTG1, G3BP2, TNF, KLRG1, EEF1A1, SLAMF1, RELB, BCL2A1, BIRC3, NFKBIA","IL7R",1,7,0.142857142857143
"3","NK","NKG7, GNLY, FCGR3A, KLRD1, XCL1, XCL2","CCL20, IL4I1, SLC4A10, TRAV1-2, CCR6, AQP3, FEZ1, NCR3, CEBPD, IL7R, KLRB1, LTB, SLC7A5, LINC01871, DPP4, S100A4, GPR65, GPR35, SPOCK2, PBX4, RORA, REL, NFKB1, SERPINB9, PRNP, TTC39C, PFKFB3, IFNGR1, ZC3H12A, NINJ1, KDM6B, PABPC1, CXCR6, TNFRSF25, SATB1, PHLDA1, S100A6, DUSP16, TNFAIP3, GPR171, BTG1, G3BP2, TNF, KLRG1, EEF1A1, SLAMF1, RELB, BCL2A1, BIRC3, NFKBIA","",0,6,0
"3","MAIT","TRAV1-2, SLC4A10, KLRB1, IL23R, CCL20, DPP4","CCL20, IL4I1, SLC4A10, TRAV1-2, CCR6, AQP3, FEZ1, NCR3, CEBPD, IL7R, KLRB1, LTB, SLC7A5, LINC01871, DPP4, S100A4, GPR65, GPR35, SPOCK2, PBX4, RORA, REL, NFKB1, SERPINB9, PRNP, TTC39C, PFKFB3, IFNGR1, ZC3H12A, NINJ1, KDM6B, PABPC1, CXCR6, TNFRSF25, SATB1, PHLDA1, S100A6, DUSP16, TNFAIP3, GPR171, BTG1, G3BP2, TNF, KLRG1, EEF1A1, SLAMF1, RELB, BCL2A1, BIRC3, NFKBIA","CCL20, SLC4A10, TRAV1-2, KLRB1, DPP4",5,6,0.833333333333333
"3","GammaDelta_T","TRDC, TRGC1, TRGC2, CD3D, CD3E","CCL20, IL4I1, SLC4A10, TRAV1-2, CCR6, AQP3, FEZ1, NCR3, CEBPD, IL7R, KLRB1, LTB, SLC7A5, LINC01871, DPP4, S100A4, GPR65, GPR35, SPOCK2, PBX4, RORA, REL, NFKB1, SERPINB9, PRNP, TTC39C, PFKFB3, IFNGR1, ZC3H12A, NINJ1, KDM6B, PABPC1, CXCR6, TNFRSF25, SATB1, PHLDA1, S100A6, DUSP16, TNFAIP3, GPR171, BTG1, G3BP2, TNF, KLRG1, EEF1A1, SLAMF1, RELB, BCL2A1, BIRC3, NFKBIA","",0,5,0
"3","B_Cell","CD19, MS4A1, CD79A, CD74, HLA-DRA, CD22","CCL20, IL4I1, SLC4A10, TRAV1-2, CCR6, AQP3, FEZ1, NCR3, CEBPD, IL7R, KLRB1, LTB, SLC7A5, LINC01871, DPP4, S100A4, GPR65, GPR35, SPOCK2, PBX4, RORA, REL, NFKB1, SERPINB9, PRNP, TTC39C, PFKFB3, IFNGR1, ZC3H12A, NINJ1, KDM6B, PABPC1, CXCR6, TNFRSF25, SATB1, PHLDA1, S100A6, DUSP16, TNFAIP3, GPR171, BTG1, G3BP2, TNF, KLRG1, EEF1A1, SLAMF1, RELB, BCL2A1, BIRC3, NFKBIA","",0,6,0
"3","Plasma_Cell","MZB1, JCHAIN, SDC1, TNFRSF17, DERL3, IGHG1, IGHG3, IGHG4","CCL20, IL4I1, SLC4A10, TRAV1-2, CCR6, AQP3, FEZ1, NCR3, CEBPD, IL7R, KLRB1, LTB, SLC7A5, LINC01871, DPP4, S100A4, GPR65, GPR35, SPOCK2, PBX4, RORA, REL, NFKB1, SERPINB9, PRNP, TTC39C, PFKFB3, IFNGR1, ZC3H12A, NINJ1, KDM6B, PABPC1, CXCR6, TNFRSF25, SATB1, PHLDA1, S100A6, DUSP16, TNFAIP3, GPR171, BTG1, G3BP2, TNF, KLRG1, EEF1A1, SLAMF1, RELB, BCL2A1, BIRC3, NFKBIA","",0,8,0
"3","Monocyte_Myeloid","LYZ, S100A8, S100A9, CTSS, FCN1, CTSD, LGALS3, FCGR3A, CD14, TREM1","CCL20, IL4I1, SLC4A10, TRAV1-2, CCR6, AQP3, FEZ1, NCR3, CEBPD, IL7R, KLRB1, LTB, SLC7A5, LINC01871, DPP4, S100A4, GPR65, GPR35, SPOCK2, PBX4, RORA, REL, NFKB1, SERPINB9, PRNP, TTC39C, PFKFB3, IFNGR1, ZC3H12A, NINJ1, KDM6B, PABPC1, CXCR6, TNFRSF25, SATB1, PHLDA1, S100A6, DUSP16, TNFAIP3, GPR171, BTG1, G3BP2, TNF, KLRG1, EEF1A1, SLAMF1, RELB, BCL2A1, BIRC3, NFKBIA","",0,10,0
"3","Macrophage","LYZ, C1QA, C1QB, C1QC, APOE, TREM2, CD68, MSR1","CCL20, IL4I1, SLC4A10, TRAV1-2, CCR6, AQP3, FEZ1, NCR3, CEBPD, IL7R, KLRB1, LTB, SLC7A5, LINC01871, DPP4, S100A4, GPR65, GPR35, SPOCK2, PBX4, RORA, REL, NFKB1, SERPINB9, PRNP, TTC39C, PFKFB3, IFNGR1, ZC3H12A, NINJ1, KDM6B, PABPC1, CXCR6, TNFRSF25, SATB1, PHLDA1, S100A6, DUSP16, TNFAIP3, GPR171, BTG1, G3BP2, TNF, KLRG1, EEF1A1, SLAMF1, RELB, BCL2A1, BIRC3, NFKBIA","",0,8,0
"3","Dendritic_Cell","FCER1A, CST3, CLEC10A, CD1C, HLA-DRA, FCER1G","CCL20, IL4I1, SLC4A10, TRAV1-2, CCR6, AQP3, FEZ1, NCR3, CEBPD, IL7R, KLRB1, LTB, SLC7A5, LINC01871, DPP4, S100A4, GPR65, GPR35, SPOCK2, PBX4, RORA, REL, NFKB1, SERPINB9, PRNP, TTC39C, PFKFB3, IFNGR1, ZC3H12A, NINJ1, KDM6B, PABPC1, CXCR6, TNFRSF25, SATB1, PHLDA1, S100A6, DUSP16, TNFAIP3, GPR171, BTG1, G3BP2, TNF, KLRG1, EEF1A1, SLAMF1, RELB, BCL2A1, BIRC3, NFKBIA","",0,6,0
"3","pDC","CLEC4C, IRF7, TCF4, LILRA4, PTCRA","CCL20, IL4I1, SLC4A10, TRAV1-2, CCR6, AQP3, FEZ1, NCR3, CEBPD, IL7R, KLRB1, LTB, SLC7A5, LINC01871, DPP4, S100A4, GPR65, GPR35, SPOCK2, PBX4, RORA, REL, NFKB1, SERPINB9, PRNP, TTC39C, PFKFB3, IFNGR1, ZC3H12A, NINJ1, KDM6B, PABPC1, CXCR6, TNFRSF25, SATB1, PHLDA1, S100A6, DUSP16, TNFAIP3, GPR171, BTG1, G3BP2, TNF, KLRG1, EEF1A1, SLAMF1, RELB, BCL2A1, BIRC3, NFKBIA","",0,5,0
"4","T_Cell","CD3D, CD3E, CD3G, TRBC1, TRBC2","CCL5, PTPRCAP, GIMAP4, CD8B, GIMAP7, CD3D, GZMA, SIT1, HSPA1B, RARRES3, PFN1, LINC00861, IL32, ACTG1, HSPA1A, TXNIP, HCST, TRAC, CD27, NKG7, CTSW, TRAF3IP3, CLIC1, MYL12A, PSMB9, GZMK, CD2, CD3E, EVL, RCSD1, GIMAP1, CORO1A, TRBC2, SIRPG, SH3BGRL3, ACTB, PPP1R18, LCP2, DENND2D, RAC2, TMSB4X, PSME1, GZMH, EOMES, AC116366.3, CD3G, PTGDR, HLA-DPB1, ARPC5L, PRMT9","CD3D, CD3E, TRBC2, CD3G",4,5,0.8
"4","CD8_T","CD8A, CD8B, CD3D, CD3E, TRBC1, TRBC2","CCL5, PTPRCAP, GIMAP4, CD8B, GIMAP7, CD3D, GZMA, SIT1, HSPA1B, RARRES3, PFN1, LINC00861, IL32, ACTG1, HSPA1A, TXNIP, HCST, TRAC, CD27, NKG7, CTSW, TRAF3IP3, CLIC1, MYL12A, PSMB9, GZMK, CD2, CD3E, EVL, RCSD1, GIMAP1, CORO1A, TRBC2, SIRPG, SH3BGRL3, ACTB, PPP1R18, LCP2, DENND2D, RAC2, TMSB4X, PSME1, GZMH, EOMES, AC116366.3, CD3G, PTGDR, HLA-DPB1, ARPC5L, PRMT9","CD8B, CD3D, CD3E, TRBC2",4,6,0.666666666666667
"4","CD4_T","CD4, IL7R, LTB, CCR7, SELL","CCL5, PTPRCAP, GIMAP4, CD8B, GIMAP7, CD3D, GZMA, SIT1, HSPA1B, RARRES3, PFN1, LINC00861, IL32, ACTG1, HSPA1A, TXNIP, HCST, TRAC, CD27, NKG7, CTSW, TRAF3IP3, CLIC1, MYL12A, PSMB9, GZMK, CD2, CD3E, EVL, RCSD1, GIMAP1, CORO1A, TRBC2, SIRPG, SH3BGRL3, ACTB, PPP1R18, LCP2, DENND2D, RAC2, TMSB4X, PSME1, GZMH, EOMES, AC116366.3, CD3G, PTGDR, HLA-DPB1, ARPC5L, PRMT9","",0,5,0
"4","Treg","FOXP3, IL7R, CTLA4, IL2RA, TNFRSF18, TNFRSF4, CCR8","CCL5, PTPRCAP, GIMAP4, CD8B, GIMAP7, CD3D, GZMA, SIT1, HSPA1B, RARRES3, PFN1, LINC00861, IL32, ACTG1, HSPA1A, TXNIP, HCST, TRAC, CD27, NKG7, CTSW, TRAF3IP3, CLIC1, MYL12A, PSMB9, GZMK, CD2, CD3E, EVL, RCSD1, GIMAP1, CORO1A, TRBC2, SIRPG, SH3BGRL3, ACTB, PPP1R18, LCP2, DENND2D, RAC2, TMSB4X, PSME1, GZMH, EOMES, AC116366.3, CD3G, PTGDR, HLA-DPB1, ARPC5L, PRMT9","",0,7,0
"4","NK","NKG7, GNLY, FCGR3A, KLRD1, XCL1, XCL2","CCL5, PTPRCAP, GIMAP4, CD8B, GIMAP7, CD3D, GZMA, SIT1, HSPA1B, RARRES3, PFN1, LINC00861, IL32, ACTG1, HSPA1A, TXNIP, HCST, TRAC, CD27, NKG7, CTSW, TRAF3IP3, CLIC1, MYL12A, PSMB9, GZMK, CD2, CD3E, EVL, RCSD1, GIMAP1, CORO1A, TRBC2, SIRPG, SH3BGRL3, ACTB, PPP1R18, LCP2, DENND2D, RAC2, TMSB4X, PSME1, GZMH, EOMES, AC116366.3, CD3G, PTGDR, HLA-DPB1, ARPC5L, PRMT9","NKG7",1,6,0.166666666666667
"4","MAIT","TRAV1-2, SLC4A10, KLRB1, IL23R, CCL20, DPP4","CCL5, PTPRCAP, GIMAP4, CD8B, GIMAP7, CD3D, GZMA, SIT1, HSPA1B, RARRES3, PFN1, LINC00861, IL32, ACTG1, HSPA1A, TXNIP, HCST, TRAC, CD27, NKG7, CTSW, TRAF3IP3, CLIC1, MYL12A, PSMB9, GZMK, CD2, CD3E, EVL, RCSD1, GIMAP1, CORO1A, TRBC2, SIRPG, SH3BGRL3, ACTB, PPP1R18, LCP2, DENND2D, RAC2, TMSB4X, PSME1, GZMH, EOMES, AC116366.3, CD3G, PTGDR, HLA-DPB1, ARPC5L, PRMT9","",0,6,0
"4","GammaDelta_T","TRDC, TRGC1, TRGC2, CD3D, CD3E","CCL5, PTPRCAP, GIMAP4, CD8B, GIMAP7, CD3D, GZMA, SIT1, HSPA1B, RARRES3, PFN1, LINC00861, IL32, ACTG1, HSPA1A, TXNIP, HCST, TRAC, CD27, NKG7, CTSW, TRAF3IP3, CLIC1, MYL12A, PSMB9, GZMK, CD2, CD3E, EVL, RCSD1, GIMAP1, CORO1A, TRBC2, SIRPG, SH3BGRL3, ACTB, PPP1R18, LCP2, DENND2D, RAC2, TMSB4X, PSME1, GZMH, EOMES, AC116366.3, CD3G, PTGDR, HLA-DPB1, ARPC5L, PRMT9","CD3D, CD3E",2,5,0.4
"4","B_Cell","CD19, MS4A1, CD79A, CD74, HLA-DRA, CD22","CCL5, PTPRCAP, GIMAP4, CD8B, GIMAP7, CD3D, GZMA, SIT1, HSPA1B, RARRES3, PFN1, LINC00861, IL32, ACTG1, HSPA1A, TXNIP, HCST, TRAC, CD27, NKG7, CTSW, TRAF3IP3, CLIC1, MYL12A, PSMB9, GZMK, CD2, CD3E, EVL, RCSD1, GIMAP1, CORO1A, TRBC2, SIRPG, SH3BGRL3, ACTB, PPP1R18, LCP2, DENND2D, RAC2, TMSB4X, PSME1, GZMH, EOMES, AC116366.3, CD3G, PTGDR, HLA-DPB1, ARPC5L, PRMT9","",0,6,0
"4","Plasma_Cell","MZB1, JCHAIN, SDC1, TNFRSF17, DERL3, IGHG1, IGHG3, IGHG4","CCL5, PTPRCAP, GIMAP4, CD8B, GIMAP7, CD3D, GZMA, SIT1, HSPA1B, RARRES3, PFN1, LINC00861, IL32, ACTG1, HSPA1A, TXNIP, HCST, TRAC, CD27, NKG7, CTSW, TRAF3IP3, CLIC1, MYL12A, PSMB9, GZMK, CD2, CD3E, EVL, RCSD1, GIMAP1, CORO1A, TRBC2, SIRPG, SH3BGRL3, ACTB, PPP1R18, LCP2, DENND2D, RAC2, TMSB4X, PSME1, GZMH, EOMES, AC116366.3, CD3G, PTGDR, HLA-DPB1, ARPC5L, PRMT9","",0,8,0
"4","Monocyte_Myeloid","LYZ, S100A8, S100A9, CTSS, FCN1, CTSD, LGALS3, FCGR3A, CD14, TREM1","CCL5, PTPRCAP, GIMAP4, CD8B, GIMAP7, CD3D, GZMA, SIT1, HSPA1B, RARRES3, PFN1, LINC00861, IL32, ACTG1, HSPA1A, TXNIP, HCST, TRAC, CD27, NKG7, CTSW, TRAF3IP3, CLIC1, MYL12A, PSMB9, GZMK, CD2, CD3E, EVL, RCSD1, GIMAP1, CORO1A, TRBC2, SIRPG, SH3BGRL3, ACTB, PPP1R18, LCP2, DENND2D, RAC2, TMSB4X, PSME1, GZMH, EOMES, AC116366.3, CD3G, PTGDR, HLA-DPB1, ARPC5L, PRMT9","",0,10,0
"4","Macrophage","LYZ, C1QA, C1QB, C1QC, APOE, TREM2, CD68, MSR1","CCL5, PTPRCAP, GIMAP4, CD8B, GIMAP7, CD3D, GZMA, SIT1, HSPA1B, RARRES3, PFN1, LINC00861, IL32, ACTG1, HSPA1A, TXNIP, HCST, TRAC, CD27, NKG7, CTSW, TRAF3IP3, CLIC1, MYL12A, PSMB9, GZMK, CD2, CD3E, EVL, RCSD1, GIMAP1, CORO1A, TRBC2, SIRPG, SH3BGRL3, ACTB, PPP1R18, LCP2, DENND2D, RAC2, TMSB4X, PSME1, GZMH, EOMES, AC116366.3, CD3G, PTGDR, HLA-DPB1, ARPC5L, PRMT9","",0,8,0
"4","Dendritic_Cell","FCER1A, CST3, CLEC10A, CD1C, HLA-DRA, FCER1G","CCL5, PTPRCAP, GIMAP4, CD8B, GIMAP7, CD3D, GZMA, SIT1, HSPA1B, RARRES3, PFN1, LINC00861, IL32, ACTG1, HSPA1A, TXNIP, HCST, TRAC, CD27, NKG7, CTSW, TRAF3IP3, CLIC1, MYL12A, PSMB9, GZMK, CD2, CD3E, EVL, RCSD1, GIMAP1, CORO1A, TRBC2, SIRPG, SH3BGRL3, ACTB, PPP1R18, LCP2, DENND2D, RAC2, TMSB4X, PSME1, GZMH, EOMES, AC116366.3, CD3G, PTGDR, HLA-DPB1, ARPC5L, PRMT9","",0,6,0
"4","pDC","CLEC4C, IRF7, TCF4, LILRA4, PTCRA","CCL5, PTPRCAP, GIMAP4, CD8B, GIMAP7, CD3D, GZMA, SIT1, HSPA1B, RARRES3, PFN1, LINC00861, IL32, ACTG1, HSPA1A, TXNIP, HCST, TRAC, CD27, NKG7, CTSW, TRAF3IP3, CLIC1, MYL12A, PSMB9, GZMK, CD2, CD3E, EVL, RCSD1, GIMAP1, CORO1A, TRBC2, SIRPG, SH3BGRL3, ACTB, PPP1R18, LCP2, DENND2D, RAC2, TMSB4X, PSME1, GZMH, EOMES, AC116366.3, CD3G, PTGDR, HLA-DPB1, ARPC5L, PRMT9","",0,5,0
"5","T_Cell","CD3D, CD3E, CD3G, TRBC1, TRBC2","ADGRG3, GRAMD2B, B3GNT7, LZTFL1, KRT86, LAT2, SH2D1B, TOX2, KLRC1, NCAM1, IRF8, CLIC3, KLRF1, FCER1G, XCL1, IL2RB, CD38, AREG, CD160, TYROBP, IFITM3, CD7, GSTP1, NCR1, IFITM1, TRDC, IFITM2, CD247, CEBPD, FAM177A1, SYTL3, PIK3R1, SRGN, ZBTB16, IL12RB2, MAP3K8, FASLG, FOSL2, GSN, RBBP8, TNFSF14, TRGC1, CEMIP2, ICAM1, REL, PLCG2, ADGRE5, XCL2, NFKB1, MCTP2","",0,5,0
"5","CD8_T","CD8A, CD8B, CD3D, CD3E, TRBC1, TRBC2","ADGRG3, GRAMD2B, B3GNT7, LZTFL1, KRT86, LAT2, SH2D1B, TOX2, KLRC1, NCAM1, IRF8, CLIC3, KLRF1, FCER1G, XCL1, IL2RB, CD38, AREG, CD160, TYROBP, IFITM3, CD7, GSTP1, NCR1, IFITM1, TRDC, IFITM2, CD247, CEBPD, FAM177A1, SYTL3, PIK3R1, SRGN, ZBTB16, IL12RB2, MAP3K8, FASLG, FOSL2, GSN, RBBP8, TNFSF14, TRGC1, CEMIP2, ICAM1, REL, PLCG2, ADGRE5, XCL2, NFKB1, MCTP2","",0,6,0
"5","CD4_T","CD4, IL7R, LTB, CCR7, SELL","ADGRG3, GRAMD2B, B3GNT7, LZTFL1, KRT86, LAT2, SH2D1B, TOX2, KLRC1, NCAM1, IRF8, CLIC3, KLRF1, FCER1G, XCL1, IL2RB, CD38, AREG, CD160, TYROBP, IFITM3, CD7, GSTP1, NCR1, IFITM1, TRDC, IFITM2, CD247, CEBPD, FAM177A1, SYTL3, PIK3R1, SRGN, ZBTB16, IL12RB2, MAP3K8, FASLG, FOSL2, GSN, RBBP8, TNFSF14, TRGC1, CEMIP2, ICAM1, REL, PLCG2, ADGRE5, XCL2, NFKB1, MCTP2","",0,5,0
"5","Treg","FOXP3, IL7R, CTLA4, IL2RA, TNFRSF18, TNFRSF4, CCR8","ADGRG3, GRAMD2B, B3GNT7, LZTFL1, KRT86, LAT2, SH2D1B, TOX2, KLRC1, NCAM1, IRF8, CLIC3, KLRF1, FCER1G, XCL1, IL2RB, CD38, AREG, CD160, TYROBP, IFITM3, CD7, GSTP1, NCR1, IFITM1, TRDC, IFITM2, CD247, CEBPD, FAM177A1, SYTL3, PIK3R1, SRGN, ZBTB16, IL12RB2, MAP3K8, FASLG, FOSL2, GSN, RBBP8, TNFSF14, TRGC1, CEMIP2, ICAM1, REL, PLCG2, ADGRE5, XCL2, NFKB1, MCTP2","",0,7,0
"5","NK","NKG7, GNLY, FCGR3A, KLRD1, XCL1, XCL2","ADGRG3, GRAMD2B, B3GNT7, LZTFL1, KRT86, LAT2, SH2D1B, TOX2, KLRC1, NCAM1, IRF8, CLIC3, KLRF1, FCER1G, XCL1, IL2RB, CD38, AREG, CD160, TYROBP, IFITM3, CD7, GSTP1, NCR1, IFITM1, TRDC, IFITM2, CD247, CEBPD, FAM177A1, SYTL3, PIK3R1, SRGN, ZBTB16, IL12RB2, MAP3K8, FASLG, FOSL2, GSN, RBBP8, TNFSF14, TRGC1, CEMIP2, ICAM1, REL, PLCG2, ADGRE5, XCL2, NFKB1, MCTP2","XCL1, XCL2",2,6,0.333333333333333
"5","MAIT","TRAV1-2, SLC4A10, KLRB1, IL23R, CCL20, DPP4","ADGRG3, GRAMD2B, B3GNT7, LZTFL1, KRT86, LAT2, SH2D1B, TOX2, KLRC1, NCAM1, IRF8, CLIC3, KLRF1, FCER1G, XCL1, IL2RB, CD38, AREG, CD160, TYROBP, IFITM3, CD7, GSTP1, NCR1, IFITM1, TRDC, IFITM2, CD247, CEBPD, FAM177A1, SYTL3, PIK3R1, SRGN, ZBTB16, IL12RB2, MAP3K8, FASLG, FOSL2, GSN, RBBP8, TNFSF14, TRGC1, CEMIP2, ICAM1, REL, PLCG2, ADGRE5, XCL2, NFKB1, MCTP2","",0,6,0
"5","GammaDelta_T","TRDC, TRGC1, TRGC2, CD3D, CD3E","ADGRG3, GRAMD2B, B3GNT7, LZTFL1, KRT86, LAT2, SH2D1B, TOX2, KLRC1, NCAM1, IRF8, CLIC3, KLRF1, FCER1G, XCL1, IL2RB, CD38, AREG, CD160, TYROBP, IFITM3, CD7, GSTP1, NCR1, IFITM1, TRDC, IFITM2, CD247, CEBPD, FAM177A1, SYTL3, PIK3R1, SRGN, ZBTB16, IL12RB2, MAP3K8, FASLG, FOSL2, GSN, RBBP8, TNFSF14, TRGC1, CEMIP2, ICAM1, REL, PLCG2, ADGRE5, XCL2, NFKB1, MCTP2","TRDC, TRGC1",2,5,0.4
"5","B_Cell","CD19, MS4A1, CD79A, CD74, HLA-DRA, CD22","ADGRG3, GRAMD2B, B3GNT7, LZTFL1, KRT86, LAT2, SH2D1B, TOX2, KLRC1, NCAM1, IRF8, CLIC3, KLRF1, FCER1G, XCL1, IL2RB, CD38, AREG, CD160, TYROBP, IFITM3, CD7, GSTP1, NCR1, IFITM1, TRDC, IFITM2, CD247, CEBPD, FAM177A1, SYTL3, PIK3R1, SRGN, ZBTB16, IL12RB2, MAP3K8, FASLG, FOSL2, GSN, RBBP8, TNFSF14, TRGC1, CEMIP2, ICAM1, REL, PLCG2, ADGRE5, XCL2, NFKB1, MCTP2","",0,6,0
"5","Plasma_Cell","MZB1, JCHAIN, SDC1, TNFRSF17, DERL3, IGHG1, IGHG3, IGHG4","ADGRG3, GRAMD2B, B3GNT7, LZTFL1, KRT86, LAT2, SH2D1B, TOX2, KLRC1, NCAM1, IRF8, CLIC3, KLRF1, FCER1G, XCL1, IL2RB, CD38, AREG, CD160, TYROBP, IFITM3, CD7, GSTP1, NCR1, IFITM1, TRDC, IFITM2, CD247, CEBPD, FAM177A1, SYTL3, PIK3R1, SRGN, ZBTB16, IL12RB2, MAP3K8, FASLG, FOSL2, GSN, RBBP8, TNFSF14, TRGC1, CEMIP2, ICAM1, REL, PLCG2, ADGRE5, XCL2, NFKB1, MCTP2","",0,8,0
"5","Monocyte_Myeloid","LYZ, S100A8, S100A9, CTSS, FCN1, CTSD, LGALS3, FCGR3A, CD14, TREM1","ADGRG3, GRAMD2B, B3GNT7, LZTFL1, KRT86, LAT2, SH2D1B, TOX2, KLRC1, NCAM1, IRF8, CLIC3, KLRF1, FCER1G, XCL1, IL2RB, CD38, AREG, CD160, TYROBP, IFITM3, CD7, GSTP1, NCR1, IFITM1, TRDC, IFITM2, CD247, CEBPD, FAM177A1, SYTL3, PIK3R1, SRGN, ZBTB16, IL12RB2, MAP3K8, FASLG, FOSL2, GSN, RBBP8, TNFSF14, TRGC1, CEMIP2, ICAM1, REL, PLCG2, ADGRE5, XCL2, NFKB1, MCTP2","",0,10,0
"5","Macrophage","LYZ, C1QA, C1QB, C1QC, APOE, TREM2, CD68, MSR1","ADGRG3, GRAMD2B, B3GNT7, LZTFL1, KRT86, LAT2, SH2D1B, TOX2, KLRC1, NCAM1, IRF8, CLIC3, KLRF1, FCER1G, XCL1, IL2RB, CD38, AREG, CD160, TYROBP, IFITM3, CD7, GSTP1, NCR1, IFITM1, TRDC, IFITM2, CD247, CEBPD, FAM177A1, SYTL3, PIK3R1, SRGN, ZBTB16, IL12RB2, MAP3K8, FASLG, FOSL2, GSN, RBBP8, TNFSF14, TRGC1, CEMIP2, ICAM1, REL, PLCG2, ADGRE5, XCL2, NFKB1, MCTP2","",0,8,0
"5","Dendritic_Cell","FCER1A, CST3, CLEC10A, CD1C, HLA-DRA, FCER1G","ADGRG3, GRAMD2B, B3GNT7, LZTFL1, KRT86, LAT2, SH2D1B, TOX2, KLRC1, NCAM1, IRF8, CLIC3, KLRF1, FCER1G, XCL1, IL2RB, CD38, AREG, CD160, TYROBP, IFITM3, CD7, GSTP1, NCR1, IFITM1, TRDC, IFITM2, CD247, CEBPD, FAM177A1, SYTL3, PIK3R1, SRGN, ZBTB16, IL12RB2, MAP3K8, FASLG, FOSL2, GSN, RBBP8, TNFSF14, TRGC1, CEMIP2, ICAM1, REL, PLCG2, ADGRE5, XCL2, NFKB1, MCTP2","FCER1G",1,6,0.166666666666667
"5","pDC","CLEC4C, IRF7, TCF4, LILRA4, PTCRA","ADGRG3, GRAMD2B, B3GNT7, LZTFL1, KRT86, LAT2, SH2D1B, TOX2, KLRC1, NCAM1, IRF8, CLIC3, KLRF1, FCER1G, XCL1, IL2RB, CD38, AREG, CD160, TYROBP, IFITM3, CD7, GSTP1, NCR1, IFITM1, TRDC, IFITM2, CD247, CEBPD, FAM177A1, SYTL3, PIK3R1, SRGN, ZBTB16, IL12RB2, MAP3K8, FASLG, FOSL2, GSN, RBBP8, TNFSF14, TRGC1, CEMIP2, ICAM1, REL, PLCG2, ADGRE5, XCL2, NFKB1, MCTP2","",0,5,0
"6","T_Cell","CD3D, CD3E, CD3G, TRBC1, TRBC2","CD40LG, LTB, IL7R, TXNIP, CD52, S100A4, GIMAP7, HSPA1B, TMSB10, AQP3, AC243960.1, MYL12A, TRAV1-2, GIMAP4, SIT1, TPT1, FLT3LG, TRAF3IP3, FAU, RACK1, SLAMF1, EEF1B2, LINC00861, GIMAP1, CD3E, CD2, S100A6, HSPA1A, CD3D, TNF, C12orf57, RCSD1, EEF1D, PFDN5, TRAC, EVL, UBA52, LDHB, ACTG1, GPSM3, CKLF, PTPRCAP, SH3BGRL3, COMMD6, SNRPD2, NACA, GMFG, CD48, EEF1G, KLRB1","CD3E, CD3D",2,5,0.4
"6","CD8_T","CD8A, CD8B, CD3D, CD3E, TRBC1, TRBC2","CD40LG, LTB, IL7R, TXNIP, CD52, S100A4, GIMAP7, HSPA1B, TMSB10, AQP3, AC243960.1, MYL12A, TRAV1-2, GIMAP4, SIT1, TPT1, FLT3LG, TRAF3IP3, FAU, RACK1, SLAMF1, EEF1B2, LINC00861, GIMAP1, CD3E, CD2, S100A6, HSPA1A, CD3D, TNF, C12orf57, RCSD1, EEF1D, PFDN5, TRAC, EVL, UBA52, LDHB, ACTG1, GPSM3, CKLF, PTPRCAP, SH3BGRL3, COMMD6, SNRPD2, NACA, GMFG, CD48, EEF1G, KLRB1","CD3E, CD3D",2,6,0.333333333333333
"6","CD4_T","CD4, IL7R, LTB, CCR7, SELL","CD40LG, LTB, IL7R, TXNIP, CD52, S100A4, GIMAP7, HSPA1B, TMSB10, AQP3, AC243960.1, MYL12A, TRAV1-2, GIMAP4, SIT1, TPT1, FLT3LG, TRAF3IP3, FAU, RACK1, SLAMF1, EEF1B2, LINC00861, GIMAP1, CD3E, CD2, S100A6, HSPA1A, CD3D, TNF, C12orf57, RCSD1, EEF1D, PFDN5, TRAC, EVL, UBA52, LDHB, ACTG1, GPSM3, CKLF, PTPRCAP, SH3BGRL3, COMMD6, SNRPD2, NACA, GMFG, CD48, EEF1G, KLRB1","LTB, IL7R",2,5,0.4
"6","Treg","FOXP3, IL7R, CTLA4, IL2RA, TNFRSF18, TNFRSF4, CCR8","CD40LG, LTB, IL7R, TXNIP, CD52, S100A4, GIMAP7, HSPA1B, TMSB10, AQP3, AC243960.1, MYL12A, TRAV1-2, GIMAP4, SIT1, TPT1, FLT3LG, TRAF3IP3, FAU, RACK1, SLAMF1, EEF1B2, LINC00861, GIMAP1, CD3E, CD2, S100A6, HSPA1A, CD3D, TNF, C12orf57, RCSD1, EEF1D, PFDN5, TRAC, EVL, UBA52, LDHB, ACTG1, GPSM3, CKLF, PTPRCAP, SH3BGRL3, COMMD6, SNRPD2, NACA, GMFG, CD48, EEF1G, KLRB1","IL7R",1,7,0.142857142857143
"6","NK","NKG7, GNLY, FCGR3A, KLRD1, XCL1, XCL2","CD40LG, LTB, IL7R, TXNIP, CD52, S100A4, GIMAP7, HSPA1B, TMSB10, AQP3, AC243960.1, MYL12A, TRAV1-2, GIMAP4, SIT1, TPT1, FLT3LG, TRAF3IP3, FAU, RACK1, SLAMF1, EEF1B2, LINC00861, GIMAP1, CD3E, CD2, S100A6, HSPA1A, CD3D, TNF, C12orf57, RCSD1, EEF1D, PFDN5, TRAC, EVL, UBA52, LDHB, ACTG1, GPSM3, CKLF, PTPRCAP, SH3BGRL3, COMMD6, SNRPD2, NACA, GMFG, CD48, EEF1G, KLRB1","",0,6,0
"6","MAIT","TRAV1-2, SLC4A10, KLRB1, IL23R, CCL20, DPP4","CD40LG, LTB, IL7R, TXNIP, CD52, S100A4, GIMAP7, HSPA1B, TMSB10, AQP3, AC243960.1, MYL12A, TRAV1-2, GIMAP4, SIT1, TPT1, FLT3LG, TRAF3IP3, FAU, RACK1, SLAMF1, EEF1B2, LINC00861, GIMAP1, CD3E, CD2, S100A6, HSPA1A, CD3D, TNF, C12orf57, RCSD1, EEF1D, PFDN5, TRAC, EVL, UBA52, LDHB, ACTG1, GPSM3, CKLF, PTPRCAP, SH3BGRL3, COMMD6, SNRPD2, NACA, GMFG, CD48, EEF1G, KLRB1","TRAV1-2, KLRB1",2,6,0.333333333333333
"6","GammaDelta_T","TRDC, TRGC1, TRGC2, CD3D, CD3E","CD40LG, LTB, IL7R, TXNIP, CD52, S100A4, GIMAP7, HSPA1B, TMSB10, AQP3, AC243960.1, MYL12A, TRAV1-2, GIMAP4, SIT1, TPT1, FLT3LG, TRAF3IP3, FAU, RACK1, SLAMF1, EEF1B2, LINC00861, GIMAP1, CD3E, CD2, S100A6, HSPA1A, CD3D, TNF, C12orf57, RCSD1, EEF1D, PFDN5, TRAC, EVL, UBA52, LDHB, ACTG1, GPSM3, CKLF, PTPRCAP, SH3BGRL3, COMMD6, SNRPD2, NACA, GMFG, CD48, EEF1G, KLRB1","CD3E, CD3D",2,5,0.4
"6","B_Cell","CD19, MS4A1, CD79A, CD74, HLA-DRA, CD22","CD40LG, LTB, IL7R, TXNIP, CD52, S100A4, GIMAP7, HSPA1B, TMSB10, AQP3, AC243960.1, MYL12A, TRAV1-2, GIMAP4, SIT1, TPT1, FLT3LG, TRAF3IP3, FAU, RACK1, SLAMF1, EEF1B2, LINC00861, GIMAP1, CD3E, CD2, S100A6, HSPA1A, CD3D, TNF, C12orf57, RCSD1, EEF1D, PFDN5, TRAC, EVL, UBA52, LDHB, ACTG1, GPSM3, CKLF, PTPRCAP, SH3BGRL3, COMMD6, SNRPD2, NACA, GMFG, CD48, EEF1G, KLRB1","",0,6,0
"6","Plasma_Cell","MZB1, JCHAIN, SDC1, TNFRSF17, DERL3, IGHG1, IGHG3, IGHG4","CD40LG, LTB, IL7R, TXNIP, CD52, S100A4, GIMAP7, HSPA1B, TMSB10, AQP3, AC243960.1, MYL12A, TRAV1-2, GIMAP4, SIT1, TPT1, FLT3LG, TRAF3IP3, FAU, RACK1, SLAMF1, EEF1B2, LINC00861, GIMAP1, CD3E, CD2, S100A6, HSPA1A, CD3D, TNF, C12orf57, RCSD1, EEF1D, PFDN5, TRAC, EVL, UBA52, LDHB, ACTG1, GPSM3, CKLF, PTPRCAP, SH3BGRL3, COMMD6, SNRPD2, NACA, GMFG, CD48, EEF1G, KLRB1","",0,8,0
"6","Monocyte_Myeloid","LYZ, S100A8, S100A9, CTSS, FCN1, CTSD, LGALS3, FCGR3A, CD14, TREM1","CD40LG, LTB, IL7R, TXNIP, CD52, S100A4, GIMAP7, HSPA1B, TMSB10, AQP3, AC243960.1, MYL12A, TRAV1-2, GIMAP4, SIT1, TPT1, FLT3LG, TRAF3IP3, FAU, RACK1, SLAMF1, EEF1B2, LINC00861, GIMAP1, CD3E, CD2, S100A6, HSPA1A, CD3D, TNF, C12orf57, RCSD1, EEF1D, PFDN5, TRAC, EVL, UBA52, LDHB, ACTG1, GPSM3, CKLF, PTPRCAP, SH3BGRL3, COMMD6, SNRPD2, NACA, GMFG, CD48, EEF1G, KLRB1","",0,10,0
"6","Macrophage","LYZ, C1QA, C1QB, C1QC, APOE, TREM2, CD68, MSR1","CD40LG, LTB, IL7R, TXNIP, CD52, S100A4, GIMAP7, HSPA1B, TMSB10, AQP3, AC243960.1, MYL12A, TRAV1-2, GIMAP4, SIT1, TPT1, FLT3LG, TRAF3IP3, FAU, RACK1, SLAMF1, EEF1B2, LINC00861, GIMAP1, CD3E, CD2, S100A6, HSPA1A, CD3D, TNF, C12orf57, RCSD1, EEF1D, PFDN5, TRAC, EVL, UBA52, LDHB, ACTG1, GPSM3, CKLF, PTPRCAP, SH3BGRL3, COMMD6, SNRPD2, NACA, GMFG, CD48, EEF1G, KLRB1","",0,8,0
"6","Dendritic_Cell","FCER1A, CST3, CLEC10A, CD1C, HLA-DRA, FCER1G","CD40LG, LTB, IL7R, TXNIP, CD52, S100A4, GIMAP7, HSPA1B, TMSB10, AQP3, AC243960.1, MYL12A, TRAV1-2, GIMAP4, SIT1, TPT1, FLT3LG, TRAF3IP3, FAU, RACK1, SLAMF1, EEF1B2, LINC00861, GIMAP1, CD3E, CD2, S100A6, HSPA1A, CD3D, TNF, C12orf57, RCSD1, EEF1D, PFDN5, TRAC, EVL, UBA52, LDHB, ACTG1, GPSM3, CKLF, PTPRCAP, SH3BGRL3, COMMD6, SNRPD2, NACA, GMFG, CD48, EEF1G, KLRB1","",0,6,0
"6","pDC","CLEC4C, IRF7, TCF4, LILRA4, PTCRA","CD40LG, LTB, IL7R, TXNIP, CD52, S100A4, GIMAP7, HSPA1B, TMSB10, AQP3, AC243960.1, MYL12A, TRAV1-2, GIMAP4, SIT1, TPT1, FLT3LG, TRAF3IP3, FAU, RACK1, SLAMF1, EEF1B2, LINC00861, GIMAP1, CD3E, CD2, S100A6, HSPA1A, CD3D, TNF, C12orf57, RCSD1, EEF1D, PFDN5, TRAC, EVL, UBA52, LDHB, ACTG1, GPSM3, CKLF, PTPRCAP, SH3BGRL3, COMMD6, SNRPD2, NACA, GMFG, CD48, EEF1G, KLRB1","",0,5,0
"7","T_Cell","CD3D, CD3E, CD3G, TRBC1, TRBC2","PTPRC, CEMIP2, RNF19A, VCAM1, MALAT1, PTPN22, TNFRSF9, DUSP4, PDCD1, GGA2, SLC38A1, CD8A, PPP1R16B, DTHD1, SYTL3, ATP8A1, RNF125, ITGA4, TNFAIP3, ZBTB1, STK17B, TNFRSF1B, LCP1, EML4, AC016831.7, TENT5C, SARAF, RANBP2, NR4A3, EZR, PIK3R1, CLEC2D, ITM2A, RFTN1, HSPA5, SMARCA5, FYN, CXCR4, ASXL2, CBLB, B4GALT1, SLA, SRSF7, LYST, ARAP2, PLEKHA2, SRRT, GSPT1, RNF213, KIAA1551","",0,5,0
"7","CD8_T","CD8A, CD8B, CD3D, CD3E, TRBC1, TRBC2","PTPRC, CEMIP2, RNF19A, VCAM1, MALAT1, PTPN22, TNFRSF9, DUSP4, PDCD1, GGA2, SLC38A1, CD8A, PPP1R16B, DTHD1, SYTL3, ATP8A1, RNF125, ITGA4, TNFAIP3, ZBTB1, STK17B, TNFRSF1B, LCP1, EML4, AC016831.7, TENT5C, SARAF, RANBP2, NR4A3, EZR, PIK3R1, CLEC2D, ITM2A, RFTN1, HSPA5, SMARCA5, FYN, CXCR4, ASXL2, CBLB, B4GALT1, SLA, SRSF7, LYST, ARAP2, PLEKHA2, SRRT, GSPT1, RNF213, KIAA1551","CD8A",1,6,0.166666666666667
"7","CD4_T","CD4, IL7R, LTB, CCR7, SELL","PTPRC, CEMIP2, RNF19A, VCAM1, MALAT1, PTPN22, TNFRSF9, DUSP4, PDCD1, GGA2, SLC38A1, CD8A, PPP1R16B, DTHD1, SYTL3, ATP8A1, RNF125, ITGA4, TNFAIP3, ZBTB1, STK17B, TNFRSF1B, LCP1, EML4, AC016831.7, TENT5C, SARAF, RANBP2, NR4A3, EZR, PIK3R1, CLEC2D, ITM2A, RFTN1, HSPA5, SMARCA5, FYN, CXCR4, ASXL2, CBLB, B4GALT1, SLA, SRSF7, LYST, ARAP2, PLEKHA2, SRRT, GSPT1, RNF213, KIAA1551","",0,5,0
"7","Treg","FOXP3, IL7R, CTLA4, IL2RA, TNFRSF18, TNFRSF4, CCR8","PTPRC, CEMIP2, RNF19A, VCAM1, MALAT1, PTPN22, TNFRSF9, DUSP4, PDCD1, GGA2, SLC38A1, CD8A, PPP1R16B, DTHD1, SYTL3, ATP8A1, RNF125, ITGA4, TNFAIP3, ZBTB1, STK17B, TNFRSF1B, LCP1, EML4, AC016831.7, TENT5C, SARAF, RANBP2, NR4A3, EZR, PIK3R1, CLEC2D, ITM2A, RFTN1, HSPA5, SMARCA5, FYN, CXCR4, ASXL2, CBLB, B4GALT1, SLA, SRSF7, LYST, ARAP2, PLEKHA2, SRRT, GSPT1, RNF213, KIAA1551","",0,7,0
"7","NK","NKG7, GNLY, FCGR3A, KLRD1, XCL1, XCL2","PTPRC, CEMIP2, RNF19A, VCAM1, MALAT1, PTPN22, TNFRSF9, DUSP4, PDCD1, GGA2, SLC38A1, CD8A, PPP1R16B, DTHD1, SYTL3, ATP8A1, RNF125, ITGA4, TNFAIP3, ZBTB1, STK17B, TNFRSF1B, LCP1, EML4, AC016831.7, TENT5C, SARAF, RANBP2, NR4A3, EZR, PIK3R1, CLEC2D, ITM2A, RFTN1, HSPA5, SMARCA5, FYN, CXCR4, ASXL2, CBLB, B4GALT1, SLA, SRSF7, LYST, ARAP2, PLEKHA2, SRRT, GSPT1, RNF213, KIAA1551","",0,6,0
"7","MAIT","TRAV1-2, SLC4A10, KLRB1, IL23R, CCL20, DPP4","PTPRC, CEMIP2, RNF19A, VCAM1, MALAT1, PTPN22, TNFRSF9, DUSP4, PDCD1, GGA2, SLC38A1, CD8A, PPP1R16B, DTHD1, SYTL3, ATP8A1, RNF125, ITGA4, TNFAIP3, ZBTB1, STK17B, TNFRSF1B, LCP1, EML4, AC016831.7, TENT5C, SARAF, RANBP2, NR4A3, EZR, PIK3R1, CLEC2D, ITM2A, RFTN1, HSPA5, SMARCA5, FYN, CXCR4, ASXL2, CBLB, B4GALT1, SLA, SRSF7, LYST, ARAP2, PLEKHA2, SRRT, GSPT1, RNF213, KIAA1551","",0,6,0
"7","GammaDelta_T","TRDC, TRGC1, TRGC2, CD3D, CD3E","PTPRC, CEMIP2, RNF19A, VCAM1, MALAT1, PTPN22, TNFRSF9, DUSP4, PDCD1, GGA2, SLC38A1, CD8A, PPP1R16B, DTHD1, SYTL3, ATP8A1, RNF125, ITGA4, TNFAIP3, ZBTB1, STK17B, TNFRSF1B, LCP1, EML4, AC016831.7, TENT5C, SARAF, RANBP2, NR4A3, EZR, PIK3R1, CLEC2D, ITM2A, RFTN1, HSPA5, SMARCA5, FYN, CXCR4, ASXL2, CBLB, B4GALT1, SLA, SRSF7, LYST, ARAP2, PLEKHA2, SRRT, GSPT1, RNF213, KIAA1551","",0,5,0
"7","B_Cell","CD19, MS4A1, CD79A, CD74, HLA-DRA, CD22","PTPRC, CEMIP2, RNF19A, VCAM1, MALAT1, PTPN22, TNFRSF9, DUSP4, PDCD1, GGA2, SLC38A1, CD8A, PPP1R16B, DTHD1, SYTL3, ATP8A1, RNF125, ITGA4, TNFAIP3, ZBTB1, STK17B, TNFRSF1B, LCP1, EML4, AC016831.7, TENT5C, SARAF, RANBP2, NR4A3, EZR, PIK3R1, CLEC2D, ITM2A, RFTN1, HSPA5, SMARCA5, FYN, CXCR4, ASXL2, CBLB, B4GALT1, SLA, SRSF7, LYST, ARAP2, PLEKHA2, SRRT, GSPT1, RNF213, KIAA1551","",0,6,0
"7","Plasma_Cell","MZB1, JCHAIN, SDC1, TNFRSF17, DERL3, IGHG1, IGHG3, IGHG4","PTPRC, CEMIP2, RNF19A, VCAM1, MALAT1, PTPN22, TNFRSF9, DUSP4, PDCD1, GGA2, SLC38A1, CD8A, PPP1R16B, DTHD1, SYTL3, ATP8A1, RNF125, ITGA4, TNFAIP3, ZBTB1, STK17B, TNFRSF1B, LCP1, EML4, AC016831.7, TENT5C, SARAF, RANBP2, NR4A3, EZR, PIK3R1, CLEC2D, ITM2A, RFTN1, HSPA5, SMARCA5, FYN, CXCR4, ASXL2, CBLB, B4GALT1, SLA, SRSF7, LYST, ARAP2, PLEKHA2, SRRT, GSPT1, RNF213, KIAA1551","",0,8,0
"7","Monocyte_Myeloid","LYZ, S100A8, S100A9, CTSS, FCN1, CTSD, LGALS3, FCGR3A, CD14, TREM1","PTPRC, CEMIP2, RNF19A, VCAM1, MALAT1, PTPN22, TNFRSF9, DUSP4, PDCD1, GGA2, SLC38A1, CD8A, PPP1R16B, DTHD1, SYTL3, ATP8A1, RNF125, ITGA4, TNFAIP3, ZBTB1, STK17B, TNFRSF1B, LCP1, EML4, AC016831.7, TENT5C, SARAF, RANBP2, NR4A3, EZR, PIK3R1, CLEC2D, ITM2A, RFTN1, HSPA5, SMARCA5, FYN, CXCR4, ASXL2, CBLB, B4GALT1, SLA, SRSF7, LYST, ARAP2, PLEKHA2, SRRT, GSPT1, RNF213, KIAA1551","",0,10,0
"7","Macrophage","LYZ, C1QA, C1QB, C1QC, APOE, TREM2, CD68, MSR1","PTPRC, CEMIP2, RNF19A, VCAM1, MALAT1, PTPN22, TNFRSF9, DUSP4, PDCD1, GGA2, SLC38A1, CD8A, PPP1R16B, DTHD1, SYTL3, ATP8A1, RNF125, ITGA4, TNFAIP3, ZBTB1, STK17B, TNFRSF1B, LCP1, EML4, AC016831.7, TENT5C, SARAF, RANBP2, NR4A3, EZR, PIK3R1, CLEC2D, ITM2A, RFTN1, HSPA5, SMARCA5, FYN, CXCR4, ASXL2, CBLB, B4GALT1, SLA, SRSF7, LYST, ARAP2, PLEKHA2, SRRT, GSPT1, RNF213, KIAA1551","",0,8,0
"7","Dendritic_Cell","FCER1A, CST3, CLEC10A, CD1C, HLA-DRA, FCER1G","PTPRC, CEMIP2, RNF19A, VCAM1, MALAT1, PTPN22, TNFRSF9, DUSP4, PDCD1, GGA2, SLC38A1, CD8A, PPP1R16B, DTHD1, SYTL3, ATP8A1, RNF125, ITGA4, TNFAIP3, ZBTB1, STK17B, TNFRSF1B, LCP1, EML4, AC016831.7, TENT5C, SARAF, RANBP2, NR4A3, EZR, PIK3R1, CLEC2D, ITM2A, RFTN1, HSPA5, SMARCA5, FYN, CXCR4, ASXL2, CBLB, B4GALT1, SLA, SRSF7, LYST, ARAP2, PLEKHA2, SRRT, GSPT1, RNF213, KIAA1551","",0,6,0
"7","pDC","CLEC4C, IRF7, TCF4, LILRA4, PTCRA","PTPRC, CEMIP2, RNF19A, VCAM1, MALAT1, PTPN22, TNFRSF9, DUSP4, PDCD1, GGA2, SLC38A1, CD8A, PPP1R16B, DTHD1, SYTL3, ATP8A1, RNF125, ITGA4, TNFAIP3, ZBTB1, STK17B, TNFRSF1B, LCP1, EML4, AC016831.7, TENT5C, SARAF, RANBP2, NR4A3, EZR, PIK3R1, CLEC2D, ITM2A, RFTN1, HSPA5, SMARCA5, FYN, CXCR4, ASXL2, CBLB, B4GALT1, SLA, SRSF7, LYST, ARAP2, PLEKHA2, SRRT, GSPT1, RNF213, KIAA1551","",0,5,0
"8","T_Cell","CD3D, CD3E, CD3G, TRBC1, TRBC2","DUSP2, CD8A, CCL5, RGS1, CREM, SARAF, BTG1, CXCR4, ZFP36L2, TUBA4A, COTL1, LEPROTL1, IL32, CST7, CD8B, PDCD1, HLA-A, TENT5C, CD3D, ARHGDIB, ZFP36, NR4A2, SELENOK, GZMK, PIK3R1, FYN, CALM1, CD3E, RARRES3, ITM2A, SRRT, HLA-DQA1, SH2D2A, FABP5, SRSF7, YPEL5, JPT1, CCT5, YWHAB, PPP6C, SCAMP2, NONO, NR1H2, MRPL54, SNRPN, PRDX6, SF3B4, TOMM22, GAPDH, NUDC","CD3D, CD3E",2,5,0.4
"8","CD8_T","CD8A, CD8B, CD3D, CD3E, TRBC1, TRBC2","DUSP2, CD8A, CCL5, RGS1, CREM, SARAF, BTG1, CXCR4, ZFP36L2, TUBA4A, COTL1, LEPROTL1, IL32, CST7, CD8B, PDCD1, HLA-A, TENT5C, CD3D, ARHGDIB, ZFP36, NR4A2, SELENOK, GZMK, PIK3R1, FYN, CALM1, CD3E, RARRES3, ITM2A, SRRT, HLA-DQA1, SH2D2A, FABP5, SRSF7, YPEL5, JPT1, CCT5, YWHAB, PPP6C, SCAMP2, NONO, NR1H2, MRPL54, SNRPN, PRDX6, SF3B4, TOMM22, GAPDH, NUDC","CD8A, CD8B, CD3D, CD3E",4,6,0.666666666666667
"8","CD4_T","CD4, IL7R, LTB, CCR7, SELL","DUSP2, CD8A, CCL5, RGS1, CREM, SARAF, BTG1, CXCR4, ZFP36L2, TUBA4A, COTL1, LEPROTL1, IL32, CST7, CD8B, PDCD1, HLA-A, TENT5C, CD3D, ARHGDIB, ZFP36, NR4A2, SELENOK, GZMK, PIK3R1, FYN, CALM1, CD3E, RARRES3, ITM2A, SRRT, HLA-DQA1, SH2D2A, FABP5, SRSF7, YPEL5, JPT1, CCT5, YWHAB, PPP6C, SCAMP2, NONO, NR1H2, MRPL54, SNRPN, PRDX6, SF3B4, TOMM22, GAPDH, NUDC","",0,5,0
"8","Treg","FOXP3, IL7R, CTLA4, IL2RA, TNFRSF18, TNFRSF4, CCR8","DUSP2, CD8A, CCL5, RGS1, CREM, SARAF, BTG1, CXCR4, ZFP36L2, TUBA4A, COTL1, LEPROTL1, IL32, CST7, CD8B, PDCD1, HLA-A, TENT5C, CD3D, ARHGDIB, ZFP36, NR4A2, SELENOK, GZMK, PIK3R1, FYN, CALM1, CD3E, RARRES3, ITM2A, SRRT, HLA-DQA1, SH2D2A, FABP5, SRSF7, YPEL5, JPT1, CCT5, YWHAB, PPP6C, SCAMP2, NONO, NR1H2, MRPL54, SNRPN, PRDX6, SF3B4, TOMM22, GAPDH, NUDC","",0,7,0
"8","NK","NKG7, GNLY, FCGR3A, KLRD1, XCL1, XCL2","DUSP2, CD8A, CCL5, RGS1, CREM, SARAF, BTG1, CXCR4, ZFP36L2, TUBA4A, COTL1, LEPROTL1, IL32, CST7, CD8B, PDCD1, HLA-A, TENT5C, CD3D, ARHGDIB, ZFP36, NR4A2, SELENOK, GZMK, PIK3R1, FYN, CALM1, CD3E, RARRES3, ITM2A, SRRT, HLA-DQA1, SH2D2A, FABP5, SRSF7, YPEL5, JPT1, CCT5, YWHAB, PPP6C, SCAMP2, NONO, NR1H2, MRPL54, SNRPN, PRDX6, SF3B4, TOMM22, GAPDH, NUDC","",0,6,0
"8","MAIT","TRAV1-2, SLC4A10, KLRB1, IL23R, CCL20, DPP4","DUSP2, CD8A, CCL5, RGS1, CREM, SARAF, BTG1, CXCR4, ZFP36L2, TUBA4A, COTL1, LEPROTL1, IL32, CST7, CD8B, PDCD1, HLA-A, TENT5C, CD3D, ARHGDIB, ZFP36, NR4A2, SELENOK, GZMK, PIK3R1, FYN, CALM1, CD3E, RARRES3, ITM2A, SRRT, HLA-DQA1, SH2D2A, FABP5, SRSF7, YPEL5, JPT1, CCT5, YWHAB, PPP6C, SCAMP2, NONO, NR1H2, MRPL54, SNRPN, PRDX6, SF3B4, TOMM22, GAPDH, NUDC","",0,6,0
"8","GammaDelta_T","TRDC, TRGC1, TRGC2, CD3D, CD3E","DUSP2, CD8A, CCL5, RGS1, CREM, SARAF, BTG1, CXCR4, ZFP36L2, TUBA4A, COTL1, LEPROTL1, IL32, CST7, CD8B, PDCD1, HLA-A, TENT5C, CD3D, ARHGDIB, ZFP36, NR4A2, SELENOK, GZMK, PIK3R1, FYN, CALM1, CD3E, RARRES3, ITM2A, SRRT, HLA-DQA1, SH2D2A, FABP5, SRSF7, YPEL5, JPT1, CCT5, YWHAB, PPP6C, SCAMP2, NONO, NR1H2, MRPL54, SNRPN, PRDX6, SF3B4, TOMM22, GAPDH, NUDC","CD3D, CD3E",2,5,0.4
"8","B_Cell","CD19, MS4A1, CD79A, CD74, HLA-DRA, CD22","DUSP2, CD8A, CCL5, RGS1, CREM, SARAF, BTG1, CXCR4, ZFP36L2, TUBA4A, COTL1, LEPROTL1, IL32, CST7, CD8B, PDCD1, HLA-A, TENT5C, CD3D, ARHGDIB, ZFP36, NR4A2, SELENOK, GZMK, PIK3R1, FYN, CALM1, CD3E, RARRES3, ITM2A, SRRT, HLA-DQA1, SH2D2A, FABP5, SRSF7, YPEL5, JPT1, CCT5, YWHAB, PPP6C, SCAMP2, NONO, NR1H2, MRPL54, SNRPN, PRDX6, SF3B4, TOMM22, GAPDH, NUDC","",0,6,0
"8","Plasma_Cell","MZB1, JCHAIN, SDC1, TNFRSF17, DERL3, IGHG1, IGHG3, IGHG4","DUSP2, CD8A, CCL5, RGS1, CREM, SARAF, BTG1, CXCR4, ZFP36L2, TUBA4A, COTL1, LEPROTL1, IL32, CST7, CD8B, PDCD1, HLA-A, TENT5C, CD3D, ARHGDIB, ZFP36, NR4A2, SELENOK, GZMK, PIK3R1, FYN, CALM1, CD3E, RARRES3, ITM2A, SRRT, HLA-DQA1, SH2D2A, FABP5, SRSF7, YPEL5, JPT1, CCT5, YWHAB, PPP6C, SCAMP2, NONO, NR1H2, MRPL54, SNRPN, PRDX6, SF3B4, TOMM22, GAPDH, NUDC","",0,8,0
"8","Monocyte_Myeloid","LYZ, S100A8, S100A9, CTSS, FCN1, CTSD, LGALS3, FCGR3A, CD14, TREM1","DUSP2, CD8A, CCL5, RGS1, CREM, SARAF, BTG1, CXCR4, ZFP36L2, TUBA4A, COTL1, LEPROTL1, IL32, CST7, CD8B, PDCD1, HLA-A, TENT5C, CD3D, ARHGDIB, ZFP36, NR4A2, SELENOK, GZMK, PIK3R1, FYN, CALM1, CD3E, RARRES3, ITM2A, SRRT, HLA-DQA1, SH2D2A, FABP5, SRSF7, YPEL5, JPT1, CCT5, YWHAB, PPP6C, SCAMP2, NONO, NR1H2, MRPL54, SNRPN, PRDX6, SF3B4, TOMM22, GAPDH, NUDC","",0,10,0
"8","Macrophage","LYZ, C1QA, C1QB, C1QC, APOE, TREM2, CD68, MSR1","DUSP2, CD8A, CCL5, RGS1, CREM, SARAF, BTG1, CXCR4, ZFP36L2, TUBA4A, COTL1, LEPROTL1, IL32, CST7, CD8B, PDCD1, HLA-A, TENT5C, CD3D, ARHGDIB, ZFP36, NR4A2, SELENOK, GZMK, PIK3R1, FYN, CALM1, CD3E, RARRES3, ITM2A, SRRT, HLA-DQA1, SH2D2A, FABP5, SRSF7, YPEL5, JPT1, CCT5, YWHAB, PPP6C, SCAMP2, NONO, NR1H2, MRPL54, SNRPN, PRDX6, SF3B4, TOMM22, GAPDH, NUDC","",0,8,0
"8","Dendritic_Cell","FCER1A, CST3, CLEC10A, CD1C, HLA-DRA, FCER1G","DUSP2, CD8A, CCL5, RGS1, CREM, SARAF, BTG1, CXCR4, ZFP36L2, TUBA4A, COTL1, LEPROTL1, IL32, CST7, CD8B, PDCD1, HLA-A, TENT5C, CD3D, ARHGDIB, ZFP36, NR4A2, SELENOK, GZMK, PIK3R1, FYN, CALM1, CD3E, RARRES3, ITM2A, SRRT, HLA-DQA1, SH2D2A, FABP5, SRSF7, YPEL5, JPT1, CCT5, YWHAB, PPP6C, SCAMP2, NONO, NR1H2, MRPL54, SNRPN, PRDX6, SF3B4, TOMM22, GAPDH, NUDC","",0,6,0
"8","pDC","CLEC4C, IRF7, TCF4, LILRA4, PTCRA","DUSP2, CD8A, CCL5, RGS1, CREM, SARAF, BTG1, CXCR4, ZFP36L2, TUBA4A, COTL1, LEPROTL1, IL32, CST7, CD8B, PDCD1, HLA-A, TENT5C, CD3D, ARHGDIB, ZFP36, NR4A2, SELENOK, GZMK, PIK3R1, FYN, CALM1, CD3E, RARRES3, ITM2A, SRRT, HLA-DQA1, SH2D2A, FABP5, SRSF7, YPEL5, JPT1, CCT5, YWHAB, PPP6C, SCAMP2, NONO, NR1H2, MRPL54, SNRPN, PRDX6, SF3B4, TOMM22, GAPDH, NUDC","",0,5,0
"9","T_Cell","CD3D, CD3E, CD3G, TRBC1, TRBC2","VPREB3, FCER2, LINC02397, FCRLA, CD19, LINC00926, FCRL1, CD24, CD22, CD79A, TCL1A, BANK1, RUBCNL, HLA-DOB, ARHGAP24, MS4A1, FAM129C, PKIG, SPIB, RALGPS2, CXCR5, TNFRSF13C, POU2AF1, GNG7, BCL11A, ADAM28, CD40, MEF2C, BTK, BLK, HVCN1, AFF3, CD79B, SWAP70, TCF4, FCGR2B, LY86, HLA-DRA, BASP1, HLA-DQA1, CD74, HLA-DQB1, HLA-DMB, IGHM, HLA-DRB1, HLA-DMA, CD37, HLA-DPA1, HLA-DPB1, IGKC","",0,5,0
"9","CD8_T","CD8A, CD8B, CD3D, CD3E, TRBC1, TRBC2","VPREB3, FCER2, LINC02397, FCRLA, CD19, LINC00926, FCRL1, CD24, CD22, CD79A, TCL1A, BANK1, RUBCNL, HLA-DOB, ARHGAP24, MS4A1, FAM129C, PKIG, SPIB, RALGPS2, CXCR5, TNFRSF13C, POU2AF1, GNG7, BCL11A, ADAM28, CD40, MEF2C, BTK, BLK, HVCN1, AFF3, CD79B, SWAP70, TCF4, FCGR2B, LY86, HLA-DRA, BASP1, HLA-DQA1, CD74, HLA-DQB1, HLA-DMB, IGHM, HLA-DRB1, HLA-DMA, CD37, HLA-DPA1, HLA-DPB1, IGKC","",0,6,0
"9","CD4_T","CD4, IL7R, LTB, CCR7, SELL","VPREB3, FCER2, LINC02397, FCRLA, CD19, LINC00926, FCRL1, CD24, CD22, CD79A, TCL1A, BANK1, RUBCNL, HLA-DOB, ARHGAP24, MS4A1, FAM129C, PKIG, SPIB, RALGPS2, CXCR5, TNFRSF13C, POU2AF1, GNG7, BCL11A, ADAM28, CD40, MEF2C, BTK, BLK, HVCN1, AFF3, CD79B, SWAP70, TCF4, FCGR2B, LY86, HLA-DRA, BASP1, HLA-DQA1, CD74, HLA-DQB1, HLA-DMB, IGHM, HLA-DRB1, HLA-DMA, CD37, HLA-DPA1, HLA-DPB1, IGKC","",0,5,0
"9","Treg","FOXP3, IL7R, CTLA4, IL2RA, TNFRSF18, TNFRSF4, CCR8","VPREB3, FCER2, LINC02397, FCRLA, CD19, LINC00926, FCRL1, CD24, CD22, CD79A, TCL1A, BANK1, RUBCNL, HLA-DOB, ARHGAP24, MS4A1, FAM129C, PKIG, SPIB, RALGPS2, CXCR5, TNFRSF13C, POU2AF1, GNG7, BCL11A, ADAM28, CD40, MEF2C, BTK, BLK, HVCN1, AFF3, CD79B, SWAP70, TCF4, FCGR2B, LY86, HLA-DRA, BASP1, HLA-DQA1, CD74, HLA-DQB1, HLA-DMB, IGHM, HLA-DRB1, HLA-DMA, CD37, HLA-DPA1, HLA-DPB1, IGKC","",0,7,0
"9","NK","NKG7, GNLY, FCGR3A, KLRD1, XCL1, XCL2","VPREB3, FCER2, LINC02397, FCRLA, CD19, LINC00926, FCRL1, CD24, CD22, CD79A, TCL1A, BANK1, RUBCNL, HLA-DOB, ARHGAP24, MS4A1, FAM129C, PKIG, SPIB, RALGPS2, CXCR5, TNFRSF13C, POU2AF1, GNG7, BCL11A, ADAM28, CD40, MEF2C, BTK, BLK, HVCN1, AFF3, CD79B, SWAP70, TCF4, FCGR2B, LY86, HLA-DRA, BASP1, HLA-DQA1, CD74, HLA-DQB1, HLA-DMB, IGHM, HLA-DRB1, HLA-DMA, CD37, HLA-DPA1, HLA-DPB1, IGKC","",0,6,0
"9","MAIT","TRAV1-2, SLC4A10, KLRB1, IL23R, CCL20, DPP4","VPREB3, FCER2, LINC02397, FCRLA, CD19, LINC00926, FCRL1, CD24, CD22, CD79A, TCL1A, BANK1, RUBCNL, HLA-DOB, ARHGAP24, MS4A1, FAM129C, PKIG, SPIB, RALGPS2, CXCR5, TNFRSF13C, POU2AF1, GNG7, BCL11A, ADAM28, CD40, MEF2C, BTK, BLK, HVCN1, AFF3, CD79B, SWAP70, TCF4, FCGR2B, LY86, HLA-DRA, BASP1, HLA-DQA1, CD74, HLA-DQB1, HLA-DMB, IGHM, HLA-DRB1, HLA-DMA, CD37, HLA-DPA1, HLA-DPB1, IGKC","",0,6,0
"9","GammaDelta_T","TRDC, TRGC1, TRGC2, CD3D, CD3E","VPREB3, FCER2, LINC02397, FCRLA, CD19, LINC00926, FCRL1, CD24, CD22, CD79A, TCL1A, BANK1, RUBCNL, HLA-DOB, ARHGAP24, MS4A1, FAM129C, PKIG, SPIB, RALGPS2, CXCR5, TNFRSF13C, POU2AF1, GNG7, BCL11A, ADAM28, CD40, MEF2C, BTK, BLK, HVCN1, AFF3, CD79B, SWAP70, TCF4, FCGR2B, LY86, HLA-DRA, BASP1, HLA-DQA1, CD74, HLA-DQB1, HLA-DMB, IGHM, HLA-DRB1, HLA-DMA, CD37, HLA-DPA1, HLA-DPB1, IGKC","",0,5,0
"9","B_Cell","CD19, MS4A1, CD79A, CD74, HLA-DRA, CD22","VPREB3, FCER2, LINC02397, FCRLA, CD19, LINC00926, FCRL1, CD24, CD22, CD79A, TCL1A, BANK1, RUBCNL, HLA-DOB, ARHGAP24, MS4A1, FAM129C, PKIG, SPIB, RALGPS2, CXCR5, TNFRSF13C, POU2AF1, GNG7, BCL11A, ADAM28, CD40, MEF2C, BTK, BLK, HVCN1, AFF3, CD79B, SWAP70, TCF4, FCGR2B, LY86, HLA-DRA, BASP1, HLA-DQA1, CD74, HLA-DQB1, HLA-DMB, IGHM, HLA-DRB1, HLA-DMA, CD37, HLA-DPA1, HLA-DPB1, IGKC","CD19, CD22, CD79A, MS4A1, HLA-DRA, CD74",6,6,1
"9","Plasma_Cell","MZB1, JCHAIN, SDC1, TNFRSF17, DERL3, IGHG1, IGHG3, IGHG4","VPREB3, FCER2, LINC02397, FCRLA, CD19, LINC00926, FCRL1, CD24, CD22, CD79A, TCL1A, BANK1, RUBCNL, HLA-DOB, ARHGAP24, MS4A1, FAM129C, PKIG, SPIB, RALGPS2, CXCR5, TNFRSF13C, POU2AF1, GNG7, BCL11A, ADAM28, CD40, MEF2C, BTK, BLK, HVCN1, AFF3, CD79B, SWAP70, TCF4, FCGR2B, LY86, HLA-DRA, BASP1, HLA-DQA1, CD74, HLA-DQB1, HLA-DMB, IGHM, HLA-DRB1, HLA-DMA, CD37, HLA-DPA1, HLA-DPB1, IGKC","",0,8,0
"9","Monocyte_Myeloid","LYZ, S100A8, S100A9, CTSS, FCN1, CTSD, LGALS3, FCGR3A, CD14, TREM1","VPREB3, FCER2, LINC02397, FCRLA, CD19, LINC00926, FCRL1, CD24, CD22, CD79A, TCL1A, BANK1, RUBCNL, HLA-DOB, ARHGAP24, MS4A1, FAM129C, PKIG, SPIB, RALGPS2, CXCR5, TNFRSF13C, POU2AF1, GNG7, BCL11A, ADAM28, CD40, MEF2C, BTK, BLK, HVCN1, AFF3, CD79B, SWAP70, TCF4, FCGR2B, LY86, HLA-DRA, BASP1, HLA-DQA1, CD74, HLA-DQB1, HLA-DMB, IGHM, HLA-DRB1, HLA-DMA, CD37, HLA-DPA1, HLA-DPB1, IGKC","",0,10,0
"9","Macrophage","LYZ, C1QA, C1QB, C1QC, APOE, TREM2, CD68, MSR1","VPREB3, FCER2, LINC02397, FCRLA, CD19, LINC00926, FCRL1, CD24, CD22, CD79A, TCL1A, BANK1, RUBCNL, HLA-DOB, ARHGAP24, MS4A1, FAM129C, PKIG, SPIB, RALGPS2, CXCR5, TNFRSF13C, POU2AF1, GNG7, BCL11A, ADAM28, CD40, MEF2C, BTK, BLK, HVCN1, AFF3, CD79B, SWAP70, TCF4, FCGR2B, LY86, HLA-DRA, BASP1, HLA-DQA1, CD74, HLA-DQB1, HLA-DMB, IGHM, HLA-DRB1, HLA-DMA, CD37, HLA-DPA1, HLA-DPB1, IGKC","",0,8,0
"9","Dendritic_Cell","FCER1A, CST3, CLEC10A, CD1C, HLA-DRA, FCER1G","VPREB3, FCER2, LINC02397, FCRLA, CD19, LINC00926, FCRL1, CD24, CD22, CD79A, TCL1A, BANK1, RUBCNL, HLA-DOB, ARHGAP24, MS4A1, FAM129C, PKIG, SPIB, RALGPS2, CXCR5, TNFRSF13C, POU2AF1, GNG7, BCL11A, ADAM28, CD40, MEF2C, BTK, BLK, HVCN1, AFF3, CD79B, SWAP70, TCF4, FCGR2B, LY86, HLA-DRA, BASP1, HLA-DQA1, CD74, HLA-DQB1, HLA-DMB, IGHM, HLA-DRB1, HLA-DMA, CD37, HLA-DPA1, HLA-DPB1, IGKC","HLA-DRA",1,6,0.166666666666667
"9","pDC","CLEC4C, IRF7, TCF4, LILRA4, PTCRA","VPREB3, FCER2, LINC02397, FCRLA, CD19, LINC00926, FCRL1, CD24, CD22, CD79A, TCL1A, BANK1, RUBCNL, HLA-DOB, ARHGAP24, MS4A1, FAM129C, PKIG, SPIB, RALGPS2, CXCR5, TNFRSF13C, POU2AF1, GNG7, BCL11A, ADAM28, CD40, MEF2C, BTK, BLK, HVCN1, AFF3, CD79B, SWAP70, TCF4, FCGR2B, LY86, HLA-DRA, BASP1, HLA-DQA1, CD74, HLA-DQB1, HLA-DMB, IGHM, HLA-DRB1, HLA-DMA, CD37, HLA-DPA1, HLA-DPB1, IGKC","TCF4",1,5,0.2
