p_val,avg_log2FC,pct.1,pct.2,p_val_adj,cluster,gene,Marker_Rank
0,1.11423906646483,0.722,0.337,0,0,RGS1,1
0,0.9574065268942111,0.824,0.425,0,0,CD8A,2
1.0326e-320,0.8428879221182175,0.863,0.534,1.9541902e-316,0,TUBA4A,3
1.5454871043648282e-287,1.147075869354064,0.587,0.232,2.9248343450104374e-283,0,CD8B,4
6.149131179467373e-270,0.5168100916165304,0.992,0.759,1.1637230757142003e-265,0,DUSP2,5
3.7388710809209642e-252,0.5491944327128997,0.987,0.72,7.075813520642925e-248,0,CXCR4,6
2.6941310590809303e-233,0.7031881983473056,0.865,0.548,5.098643029310661e-229,0,FAM177A1,7
1.5384837598258432e-206,0.5168898651734137,0.967,0.704,2.911580515470408e-202,0,CREM,8
3.039178393831303e-193,0.69528136352735,0.813,0.485,5.7516451103257406e-189,0,GZMK,9
1.3252450471455662e-190,0.7182338445541294,0.751,0.437,2.508026251722984e-186,0,TENT5C,10
1.4082295915727956e-188,0.8139275284874721,0.67,0.376,2.6650745020515156e-184,0,DUSP5,11
4.5793495129299873e-178,0.6514326414400986,0.813,0.455,8.66641895322e-174,0,HLA-DRB1,12
7.257500943295949e-173,1.3954570165386246,0.278,0.093,1.3734820535187585e-168,0,TNFRSF9,13
3.6220968618482534e-168,1.2265927844151876,0.36,0.149,6.8548183110478195e-164,0,OASL,14
7.151312548992754e-164,0.587268672126148,0.834,0.553,1.3533858998968787e-159,0,LEPROTL1,15
8.740055899169459e-163,0.5578365871709456,0.885,0.605,1.65405557891782e-158,0,YPEL5,16
1.9928023777006686e-160,1.1692053824842157,0.353,0.145,3.7713784997985153e-156,0,PDCD1,17
5.768413994176016e-159,1.2010799908384104,0.328,0.129,1.091672348397811e-154,0,CRTAM,18
1.4540504163103629e-156,0.9766819582675927,0.469,0.24,2.751790412867362e-152,0,SRRT,19
8.031755001310796e-156,1.2036290763683044,0.347,0.145,1.5200096339980681e-151,0,DUSP4,20
1.2325454815589511e-152,0.49795908818720136,0.91,0.652,2.332592323850315e-148,0,SELENOK,21
1.2709809751044262e-152,0.6145819838837219,0.785,0.5,2.4053314953851266e-148,0,ZNF331,22
2.333977963592669e-146,0.9712916525072021,0.415,0.192,4.417053296099126e-142,0,LAG3,23
1.6989925498741265e-145,1.0405062044531157,0.392,0.182,3.2153434006367845e-141,0,FABP5,24
1.2262453659145912e-142,0.6849411919636552,0.66,0.401,2.320669354993364e-138,0,RBM38,25
1.4331180506081205e-142,1.2352194689962512,0.297,0.118,2.712175910775868e-138,0,ENC1,26
1.4764375488525372e-141,0.8166885168102369,0.531,0.295,2.7941580612034264e-137,0,GABARAPL1,27
1.054354444467947e-139,0.45722462970262434,0.947,0.685,1.9953657861555898e-135,0,NR4A2,28
1.1140387211615116e-139,0.8719564282277803,0.492,0.272,2.1083182797981606e-135,0,KPNA2,29
5.797860232049521e-137,0.5861856098036329,0.765,0.498,1.0972450489153718e-132,0,PIK3R1,30
3.6605631176597465e-130,0.40059806571533585,0.995,0.751,6.92761570017107e-126,0,CCL5,31
1.4177614102522486e-125,0.7030214856407551,0.488,0.243,2.6831134689023807e-121,0,HLA-DQA1,32
4.487754727800434e-123,0.38637636749386006,0.916,0.723,8.493075822362321e-119,0,SRSF7,33
4.3515339979178926e-121,0.6693170398830934,0.581,0.355,8.235278091059612e-117,0,JPT1,34
1.1921549007827708e-119,0.5763509816293801,0.709,0.451,2.2561531497313937e-115,0,COTL1,35
4.3429720225871235e-117,0.3456697756017566,0.971,0.795,8.219074552746132e-113,0,ZFP36,36
4.719679330050262e-116,0.5039803314118632,0.761,0.469,8.931993132120121e-112,0,HLA-DPA1,37
3.5456887283101046e-115,0.6881691208435912,0.547,0.32,6.710215918326872e-111,0,RNF19A,38
1.4214446587427079e-114,0.3202441538004459,0.965,0.813,2.690084016670575e-110,0,ZFP36L2,39
8.420290563725365e-113,0.6067858443593457,0.631,0.385,1.5935399891850252e-108,0,ITM2A,40
3.8975822904433066e-112,0.7903908855105033,0.463,0.263,7.376174484663957e-108,0,PDCL3,41
2.2371999887729024e-110,0.6236957617161498,0.604,0.379,4.233900978752718e-106,0,GSPT1,42
4.409599104901698e-108,0.4594800950828972,0.819,0.601,8.345166306026463e-104,0,DDX24,43
6.569145366968648e-108,0.46100753462110244,0.835,0.583,1.2432107606988168e-103,0,FYN,44
8.170911305600147e-107,0.591623516344308,0.656,0.431,1.5463449645848277e-102,0,RGCC,45
1.3671531114616299e-105,0.5042826751171479,0.757,0.528,2.5873372634411344e-101,0,PDCD4,46
8.294196393368437e-105,0.6497736266468892,0.563,0.356,1.5696766674449767e-100,0,IDI1,47
1.2349566937703525e-104,0.4972228438221591,0.77,0.521,2.3371555429603923e-100,0,SH2D2A,48
1.1773684235241886e-103,0.6705108864840639,0.532,0.324,2.228169741519527e-99,0,RUNX3,49
1.655621557539205e-103,0.428538688729994,0.861,0.656,3.1332637976429456e-99,0,LDHA,50
2.9192792728190973e-103,0.5785676418412966,0.633,0.407,5.524736023810142e-99,0,ATP1B3,51
3.5987519772367274e-103,0.7676408457188948,0.437,0.244,6.810638116920507e-99,0,LYST,52
4.390754574468477e-102,0.47486291614669884,0.881,0.573,8.309503032181593e-98,0,CD3D,53
7.98366435990117e-102,0.4754887474470957,0.76,0.465,1.5109084801112965e-97,0,HLA-DPB1,54
6.685339124165447e-99,0.34975299534296544,0.922,0.739,1.265200429248311e-94,0,CALM2,55
1.9383057194793223e-98,1.071895464834908,0.279,0.129,3.6682435741146176e-94,0,YBX3,56
7.766604997868063e-95,0.5585372591640811,0.607,0.4,1.4698299958465308e-90,0,SYAP1,57
3.0592973427053165e-94,0.5576097661961814,0.63,0.418,5.789720221069812e-90,0,CLEC2B,58
6.802689981644302e-94,0.4389993074353016,0.784,0.566,1.2874090790261842e-89,0,NDUFS5,59
1.4594679217756186e-93,0.5398084402396179,0.621,0.414,2.762043041960358e-89,0,TERF2IP,60
4.45593352336876e-93,0.7395066648995856,0.393,0.207,8.432854192975378e-89,0,XCL2,61
2.41234805993691e-92,0.34898494944965064,0.985,0.768,4.5653687034306026e-88,0,CST7,62
5.935157974632808e-92,0.6007791997627723,0.549,0.342,1.1232286466992589e-87,0,NR4A3,63
6.205531482899046e-91,0.4649328300346114,0.729,0.515,1.1743968331386444e-86,0,EMD,64
1.0093710327989648e-89,0.5525901211790423,0.569,0.362,1.9102346795720407e-85,0,UBE2S,65
3.553344556337657e-89,0.5913949411373365,0.539,0.341,6.724704572869015e-85,0,USP36,66
6.70746371768166e-89,0.6203656579910164,0.497,0.295,1.269387508571254e-84,0,ZEB2,67
2.2814025748501886e-88,0.4639489304922839,0.745,0.517,4.317554372903982e-84,0,VPS37B,68
9.497840721014763e-88,0.4364801092360535,0.781,0.579,1.797466356452044e-83,0,HIST1H4C,69
1.8233969046023537e-87,0.7133819522743781,0.422,0.246,3.4507786419599545e-83,0,NAA50,70
5.198557654703591e-87,0.6233320045380812,0.502,0.314,9.838270361526545e-83,0,NSMCE3,71
2.3868383378605477e-86,0.44682141392223285,0.721,0.514,4.517091554401087e-82,0,UBE2B,72
8.319656515566542e-83,0.4854144305282355,0.626,0.4,1.5744949955709681e-78,0,CEMIP2,73
7.535804273073343e-82,0.7216790744041907,0.386,0.222,1.42615095867913e-77,0,USP11,74
1.0393770072616304e-81,0.6290775389525862,0.45,0.267,1.9670209862426354e-77,0,SH2D1A,75
8.113031982332395e-80,0.4410177590305455,0.725,0.481,1.5353913026564058e-75,0,SYTL3,76
5.741012414330147e-79,0.6423758574056115,0.446,0.274,1.0864865994119802e-74,0,ISCA1,77
7.798151845349762e-79,0.6379522820413528,0.422,0.24,1.4758002367324424e-74,0,TIGIT,78
2.905819512521306e-76,0.5680629760979656,0.517,0.336,5.499263427446572e-72,0,SLA,79
2.179259077702335e-75,0.8921894539737728,0.283,0.148,4.124247804551669e-71,0,METRNL,80
5.744015495984162e-75,0.5022293520766896,0.555,0.37,1.0870549326150025e-70,0,GTF2B,81
6.776560335545851e-75,0.7818869678743735,0.339,0.193,1.2824640435020523e-70,0,OAT,82
7.854230443173406e-74,0.5261851565114752,0.558,0.346,1.4864131113705672e-69,0,GZMH,83
8.11458317828791e-73,0.5298239002574712,0.513,0.329,1.535684866490987e-68,0,CNOT6L,84
1.7993055354841356e-72,0.4328209056172967,0.674,0.469,3.4051857259037266e-68,0,TNFRSF1B,85
2.7587563276511245e-71,0.6324096084571427,0.424,0.26,5.220946350079753e-67,0,HMGB2,86
4.14050948629464e-71,0.6599427230637309,0.367,0.206,7.835914202812606e-67,0,XCL1,87
7.757612616256248e-71,0.3641502960089733,0.832,0.623,1.468128187626495e-66,0,HSPA5,88
1.0070574490538674e-69,0.737574230939063,0.339,0.195,1.905856222334444e-65,0,IL21R,89
8.884519939573448e-69,0.46903252919308325,0.572,0.4,1.6813953985642752e-64,0,MAGOH,90
1.0758741555892572e-68,0.5177955542094623,0.526,0.352,2.0360918394526693e-64,0,EIF4A3,91
8.587651382389918e-68,0.5752161134829314,0.454,0.299,1.625213024117292e-63,0,UBE2A,92
2.7425345035201193e-67,0.4041712045933403,0.713,0.533,5.190246547911826e-63,0,ELF1,93
6.277309446099725e-66,0.6348067583113712,0.407,0.256,1.1879808126743729e-61,0,JMJD6,94
1.8347660716072499e-65,0.6166428321011646,0.416,0.264,3.4722947905167205e-61,0,SLBP,95
1.0033046664621315e-64,0.5207900780964454,0.479,0.303,1.898754081279584e-60,0,CLEC2D,96
1.4314721819452637e-64,0.5559765557923293,0.447,0.291,2.7090611043314117e-60,0,SS18L2,97
1.5167851509048205e-64,0.3700241185539772,0.787,0.573,2.8705158980873727e-60,0,GZMM,98
3.2572706099064013e-64,0.5492526193215748,0.463,0.305,6.164384629247864e-60,0,AMD1,99
1.501621976035485e-63,0.3644564600029474,0.757,0.569,2.8418195896471554e-59,0,RBM8A,100
2.632337652443174e-63,0.5018335720409015,0.503,0.339,4.981699007248707e-59,0,SURF4,101
9.443547272221175e-63,0.3961657851510725,0.679,0.499,1.7871913212678574e-58,0,ARF6,102
3.087646437929946e-62,0.44827633072650563,0.607,0.427,5.843370883782423e-58,0,SAMSN1,103
1.2392008068831364e-61,0.44154603240580514,0.546,0.368,2.3451875270263356e-57,0,PTPN22,104
1.817847946914394e-61,0.3336944394702639,0.463,0.271,3.440277239535491e-57,0,HLA-DRA,105
4.652494334949778e-61,0.35509351869132866,0.745,0.561,8.804845528892454e-57,0,SOD1,106
2.0956795746030954e-60,0.3870285085717877,0.691,0.511,3.966073594936358e-56,0,CYCS,107
3.45375963627965e-60,0.5752110704754121,0.403,0.254,6.536240111659237e-56,0,NAMPT,108
5.060959330852703e-60,0.3503976223981309,0.972,0.711,9.577865533638741e-56,0,CD3E,109
1.52044441425368e-59,0.5562944235273903,0.399,0.246,2.8774410539750894e-55,0,SLA2,110
5.3932885540862975e-59,0.3238647713026914,0.809,0.634,1.0206798588608318e-54,0,SRSF2,111
8.677772128167778e-59,0.7594365163275605,0.278,0.157,1.642268375255752e-54,0,DCTN6,112
1.3751466053661013e-58,0.4724132675065633,0.38,0.219,2.6024649506553467e-54,0,HLA-DRB5,113
1.6285606301426813e-58,0.4147759568725431,0.583,0.377,3.082050992545024e-54,0,CD3G,114
7.514483808918279e-58,0.42116703541442346,0.597,0.419,1.4221160608377843e-53,0,PDE4B,115
1.4917719743126472e-57,0.41213245102289475,0.636,0.465,2.823178461386685e-53,0,SDCBP,116
2.007209712198184e-57,0.45549325596647905,0.543,0.373,3.7986443803350634e-53,0,RHOH,117
4.3570746733161877e-57,0.4340821977641858,0.551,0.39,8.245763819250885e-53,0,C9orf78,118
5.518540761241194e-57,0.3652730788746936,0.712,0.52,1.0443838390648959e-52,0,DNAJB6,119
5.689038984457286e-56,0.32894658664358634,0.757,0.581,1.0766506278085415e-51,0,SAP18,120
5.884965527745646e-56,0.2798409119874141,0.895,0.72,1.1137297261258635e-51,0,SUB1,121
1.648871576206325e-55,0.4337937023573035,0.597,0.428,3.12048945797047e-51,0,MYADM,122
1.8170445894535238e-54,0.5837916351870873,0.35,0.215,3.438756885540794e-50,0,PPP1R16B,123
2.517178230254532e-54,0.38824148632482514,0.638,0.472,4.763759800756701e-50,0,NR3C1,124
4.2739593156529005e-54,0.463248671634082,0.503,0.345,8.088468004873114e-50,0,PTP4A1,125
4.693874887043027e-53,0.4654617670802841,0.507,0.358,8.883158223728929e-49,0,BCAS2,126
5.259287507668911e-53,0.3576116493746224,0.651,0.485,9.953201608263414e-49,0,ARL6IP1,127
2.81726076342352e-52,0.3178668263711413,0.752,0.579,5.331665994779012e-48,0,BRD2,128
4.300286409069273e-52,0.5573892180701588,0.389,0.258,8.138292029163599e-48,0,MRFAP1,129
4.649379769882139e-52,0.5490215812620376,0.379,0.24,8.798951214501948e-48,0,MT1X,130
6.618699041249471e-52,0.4490844119758821,0.494,0.349,1.2525887935564625e-47,0,MAT2A,131
1.0747120510070971e-51,0.33703195758181703,0.692,0.528,2.0338925565309312e-47,0,MORF4L1,132
2.8332427995109604e-51,0.5682352696450195,0.378,0.25,5.361911998074492e-47,0,EMC7,133
2.8976799251822487e-51,0.5284883674123129,0.391,0.252,5.483859258407406e-47,0,ABI3,134
3.546172998594115e-51,0.5422540573617353,0.366,0.228,6.711132399839363e-47,0,CD5,135
6.016999854785403e-51,0.3160280620450089,0.81,0.635,1.1387172225181375e-46,0,LITAF,136
6.174550112942574e-50,0.6708112964172543,0.281,0.167,1.1685336088743821e-45,0,SURF2,137
1.0799971052907911e-49,0.30350516742209566,0.808,0.589,2.043894521762822e-45,0,CCL4,138
1.0551010116557965e-48,0.40534045685535314,0.527,0.364,1.9967786645585949e-44,0,ARHGAP9,139
3.717017763011378e-48,0.6003235750610261,0.281,0.165,7.034456116499033e-44,0,TOX,140
4.6779270584262396e-48,0.6301782610445776,0.296,0.181,8.852976958071659e-44,0,MAZ,141
1.460072883206586e-47,0.28307959006467476,0.797,0.626,2.7631879314684643e-43,0,GUK1,142
9.630420275867716e-47,0.5733226606237173,0.319,0.196,1.8225570372079653e-42,0,TRAT1,143
2.8583680971814324e-46,0.3428651489886132,0.634,0.477,5.409461623915861e-42,0,TMEM50A,144
4.186236134608245e-46,0.49068913248827384,0.417,0.284,7.922451884746104e-42,0,ARID5A,145
8.01142830387515e-46,0.4658423598016608,0.431,0.294,1.5161628065083722e-41,0,ORAI1,146
2.3715497012155602e-45,0.2699678588035015,0.836,0.668,4.488157809550448e-41,0,SLC25A3,147
3.3480415642274574e-45,0.2729902511545572,0.993,0.792,6.336168660300463e-41,0,IL32,148
3.990762252424427e-45,0.370368773168013,0.569,0.418,7.552517562713229e-41,0,CCNH,149
5.02860992579474e-45,0.3952833397190245,0.522,0.366,9.516644284566546e-41,0,APMAP,150
1.0628898526926025e-44,0.5242779810174106,0.351,0.229,2.0115190462207503e-40,0,CRYBG1,151
2.0747815824756346e-44,0.32125820183892806,0.661,0.475,3.926524144835139e-40,0,LCK,152
2.921694071212446e-44,0.3133157613096018,0.698,0.532,5.529306029769554e-40,0,HSPD1,153
5.399557039733896e-44,0.4578678099957174,0.415,0.286,1.0218661697696397e-39,0,GPI,154
5.768609216088449e-44,0.5354626253826368,0.297,0.179,1.0917092941447391e-39,0,FASLG,155
1.6936534120221252e-43,0.4065861031481004,0.476,0.339,3.205239082251872e-39,0,BUB3,156
2.88220352138318e-43,0.3797891700430185,0.501,0.348,5.4545701642176684e-39,0,RNF125,157
4.515239268557791e-43,0.4407124330132641,0.443,0.31,8.54509031574562e-39,0,MOB4,158
4.797995177839422e-43,0.2790027362680858,0.778,0.614,9.080205874061106e-39,0,ATP6V0C,159
2.060390799517289e-42,0.502454317872917,0.345,0.227,3.8992895880864696e-38,0,RPP21,160
4.1668121221097007e-42,0.4102199774480937,0.435,0.293,7.885691941092608e-38,0,CMC1,161
4.471579944555468e-42,0.30754070151420043,0.658,0.502,8.462465045071223e-38,0,SNU13,162
6.734865683472026e-42,0.5369871523012706,0.345,0.231,1.274573330597081e-37,0,MTHFD2,163
1.4510831055056013e-41,0.6837245157299022,0.262,0.163,2.7461747771693506e-37,0,LMNB1,164
3.511976292905557e-41,0.30349521714319083,0.666,0.506,6.646415134323767e-37,0,STK17B,165
9.080889449026879e-41,0.2640976280655867,0.756,0.597,1.7185583282283368e-36,0,PSMA7,166
1.0274066308636341e-40,0.4639423116775203,0.387,0.268,1.9443670489094276e-36,0,AKIRIN1,167
1.1638853466256584e-40,0.4301499032918905,0.434,0.307,2.2026530184890586e-36,0,CSNK1D,168
1.4255530825163558e-40,0.34766386070682165,0.575,0.433,2.6978592086622035e-36,0,PAIP2,169
2.503750539595814e-40,0.25069820337593374,0.826,0.662,4.738347896185078e-36,0,CALR,170
3.3784798240993797e-40,0.5628317879437783,0.314,0.207,6.393773067108076e-36,0,PAF1,171
4.7186938322855514e-40,0.5362370681514164,0.32,0.212,8.930128077600406e-36,0,ABT1,172
8.343024662701705e-40,0.504982297748894,0.356,0.244,1.5789174174162979e-35,0,WBP11,173
2.2304247280248376e-39,0.27407970666232906,0.905,0.689,4.221078797787005e-35,0,GZMA,174
3.1033907423038905e-39,0.3451977778628146,0.544,0.403,5.873166979810112e-35,0,CDC42SE2,175
4.871457271976639e-39,0.48261891130944057,0.366,0.25,9.21923288721579e-35,0,ALG13,176
5.35251824150407e-39,0.34431399125463735,0.506,0.36,1.0129640772046453e-34,0,PRKCH,177
5.6650432294947705e-39,0.3480486719230622,0.52,0.374,1.0721094311818854e-34,0,AKNA,178
1.6521339548530667e-38,0.3000243796608544,0.633,0.489,3.126663509559429e-34,0,SNRPG,179
1.6635244378197934e-38,0.403059993912229,0.454,0.333,3.148219998573959e-34,0,PPP2CA,180
2.36339274102897e-38,0.4197490983296446,0.406,0.272,4.472720762397326e-34,0,LINC01871,181
2.361298393278081e-37,0.3999131449119375,0.418,0.292,4.468757209278769e-33,0,PITPNC1,182
3.6189626901374277e-37,0.4899284017675879,0.317,0.208,6.848886891085082e-33,0,TBCC,183
5.828832745318524e-37,0.327287277360939,0.567,0.431,1.1031065970515306e-32,0,ARF4,184
8.002587741925746e-37,0.6218974418383427,0.253,0.16,1.5144897301594476e-32,0,RIC8A,185
2.200116190226721e-36,0.37451967581526824,0.47,0.337,4.1637198900040694e-32,0,RGS2,186
3.186290712750245e-36,0.28637100045870634,0.629,0.49,6.030055173879838e-32,0,ARHGDIA,187
5.505513009257453e-36,0.40465194138434135,0.311,0.195,1.0419183370019731e-31,0,HLA-DMA,188
6.226022442124423e-36,0.4096147834213677,0.419,0.294,1.1782747471720471e-31,0,SLC7A5,189
7.371718408435502e-36,0.37128000718549403,0.475,0.354,1.3950977087964187e-31,0,EIF1AX,190
1.5236418344583476e-35,0.34080007340489415,0.518,0.394,2.883492171712423e-31,0,STRAP,191
3.259489939376978e-35,0.2931032359850354,0.606,0.464,6.1685847102709304e-31,0,AKAP13,192
3.365785814609861e-35,0.49463357695142807,0.307,0.204,6.369749654149162e-31,0,CMC2,193
1.9936265730132197e-34,0.357963059055628,0.481,0.362,3.7729382894275186e-30,0,MAPK1IP1L,194
2.8289157495916645e-34,0.4091031802343015,0.38,0.263,5.353723056102225e-30,0,NFATC2,195
2.9793504369445135e-34,0.5717155089725348,0.25,0.159,5.638420701917492e-30,0,HMCES,196
3.90058018924339e-34,0.29434120524764884,0.592,0.457,7.381848008143116e-30,0,POMP,197
1.1805807430889639e-33,0.5652745134845581,0.26,0.168,2.2342490562958642e-29,0,AUTS2,198
4.366951479357293e-33,0.25488436807269377,0.694,0.543,8.264455674683676e-29,0,WIPF1,199
4.715792819038621e-33,0.33371324722145923,0.531,0.401,8.92463791003059e-29,0,BCL3,200
4.867799667142495e-33,0.30640291499722383,0.537,0.409,9.212310870067172e-29,0,GNAS,201
5.492474729657704e-33,0.4248043647435855,0.378,0.275,1.0394508425877206e-28,0,ETF1,202
5.8257483635212876e-33,0.3865937220790041,0.408,0.286,1.1025228777964037e-28,0,ANXA5,203
7.403234521736008e-33,0.3473813715786751,0.465,0.344,1.4010621332385396e-28,0,SERINC1,204
1.5691221927284046e-32,0.38676224641605317,0.387,0.275,2.969563749738506e-28,0,CCNDBP1,205
1.591109056757077e-32,0.45711337264655494,0.312,0.212,3.011173889912768e-28,0,CHIC2,206
1.61325116363171e-32,0.36958683477489185,0.4,0.282,3.053077827173011e-28,0,ZBTB1,207
2.815427831371514e-32,0.4402400014552774,0.355,0.253,5.32819717087059e-28,0,DNAJA2,208
4.062938049993259e-32,0.2983709947711488,0.519,0.399,7.689110259612242e-28,0,PSMB6,209
4.935951183552968e-32,0.2809899849771196,0.573,0.432,9.34128761487399e-28,0,SLC38A1,210
5.687843353565476e-32,0.4458250211215481,0.351,0.25,1.0764243546622663e-27,0,NRBP1,211
8.782537925164381e-32,0.4733949551419496,0.315,0.218,1.6620953023373592e-27,0,TM2D3,212
1.2636893058839074e-31,0.3483372656721291,0.445,0.332,2.3915320113852948e-27,0,RNF7,213
1.3758919338467539e-31,0.4468295304673421,0.343,0.243,2.6038754848049818e-27,0,NR1H2,214
2.6041038713440846e-31,0.29992848940127304,0.552,0.428,4.92826657651868e-27,0,HNRNPUL1,215
8.390682717960957e-31,0.2763798745624202,0.599,0.473,1.587936704374111e-26,0,XRCC6,216
1.1234004053388708e-30,0.37223299080279104,0.366,0.248,2.126035267103813e-26,0,CXCR6,217
1.4478470949544158e-30,0.3994257604396426,0.344,0.238,2.740050627201232e-26,0,PTPN7,218
2.331024460106974e-30,0.3352162215295009,0.393,0.276,4.4114637907524485e-26,0,TSPYL2,219
2.4597551697690614e-30,0.27510983854479765,0.579,0.451,4.655086658787949e-26,0,SNRPB,220
4.87121127545781e-30,0.2840333241999544,0.548,0.422,9.218767338803905e-26,0,JUND,221
7.920276702399693e-30,0.2631740017991233,0.599,0.466,1.498912365929142e-25,0,MAP1LC3B,222
7.977219822172316e-30,0.2966823610463456,0.507,0.379,1.5096888513461109e-25,0,TXN,223
9.189976338280643e-30,0.3583707491768511,0.429,0.323,1.7392030220196119e-25,0,TOP1,224
9.706152629760116e-30,0.3607030322934677,0.422,0.316,1.8368893851821019e-25,0,SLC3A2,225
9.975820100527216e-30,0.3664759752918987,0.413,0.305,1.8879239540247756e-25,0,SMARCA5,226
1.5942396490790637e-29,0.29375615915376185,0.521,0.408,3.017098535882128e-25,0,GHITM,227
2.9724380493779136e-29,0.3838850956585793,0.349,0.243,5.625339008447701e-25,0,SERPINB9,228
4.6519476589856816e-29,0.40007370265655806,0.261,0.17,8.803810944630402e-25,0,ATP8A1,229
5.851510433835809e-29,0.41120947838209987,0.323,0.225,1.1073983496034267e-24,0,MARCKSL1,230
9.190416272932234e-29,0.543881597043222,0.252,0.17,1.7392862796524255e-24,0,PRELID3B,231
1.0746375180674856e-28,0.4859217012448407,0.264,0.177,2.0337515029427164e-24,0,TRAPPC4,232
1.0895573604402884e-28,0.43038407672074974,0.306,0.212,2.0619873046332456e-24,0,RAB27A,233
1.1840913682155844e-28,0.4205004272770604,0.32,0.226,2.2408929143479933e-24,0,STARD7,234
1.1847842153082517e-28,0.3785985477368021,0.38,0.28,2.2422041274708663e-24,0,CEBPZ,235
1.6818808271477424e-28,0.35496750690562817,0.379,0.271,3.1829594653771027e-24,0,TSEN54,236
2.06677658914204e-28,0.33235718723486163,0.446,0.34,3.911374694951311e-24,0,RAB5IF,237
2.8308546760131053e-28,0.3353178473517924,0.428,0.322,5.3573924743548016e-24,0,RBM4,238
3.1555773769452826e-28,0.42067446567471234,0.328,0.234,5.971930185868948e-24,0,PITHD1,239
3.172348437445179e-28,0.37482141692074533,0.383,0.281,6.003669417865001e-24,0,IFRD1,240
4.0048258691162813e-28,0.30179543979728596,0.468,0.363,7.579132957302562e-24,0,UQCRFS1,241
7.27989566446804e-28,0.4270122817941071,0.305,0.214,1.3777202545005765e-23,0,CTR9,242
8.327851623738977e-28,0.2752270401656727,0.542,0.421,1.5760459197926013e-23,0,ATP5IF1,243
8.99550312236787e-28,0.27536683889417257,0.512,0.394,1.7023989659081194e-23,0,SEM1,244
1.3857557913329342e-27,0.33681363007184584,0.422,0.317,2.6225428350975778e-23,0,POLR2K,245
2.3481898878383454e-27,0.4907647656807913,0.267,0.183,4.4439493627340686e-23,0,ISG20L2,246
2.3990470563708467e-27,0.28363718243729164,0.511,0.393,4.540196554181827e-23,0,PET100,247
2.6584868707343003e-27,0.42893455241390144,0.324,0.235,5.031186402864663e-23,0,GTF3C6,248
2.7486977995980734e-27,0.27909194422662553,0.5,0.379,5.201910585739354e-23,0,TAP1,249
3.2413833523367015e-27,0.3608341129400523,0.371,0.27,6.134317994297207e-23,0,GYG1,250
3.4734811524936584e-27,0.3114374397095887,0.462,0.355,6.573563081094249e-23,0,NOP58,251
4.360058432493807e-27,0.3248866070884222,0.429,0.326,8.251410583494529e-23,0,SF3A1,252
5.193978268253718e-27,0.3636573367888789,0.372,0.273,9.829603872670162e-23,0,ADSS,253
7.225519582763549e-27,0.39492864260171845,0.331,0.239,1.3674295810380015e-22,0,NUP98,254
1.1739885205689468e-26,0.3254631781273354,0.414,0.309,2.221773275176732e-22,0,DHX36,255
1.832082664368018e-26,0.3070171981134757,0.411,0.296,3.467216442316474e-22,0,TC2N,256
6.126791819477438e-26,0.4189387224424955,0.304,0.215,1.1594953518361052e-21,0,HERPUD2,257
6.965806281707407e-26,0.40484170208576475,0.324,0.234,1.3182788388131268e-21,0,HBP1,258
7.900553760469754e-26,0.29074925780043936,0.449,0.334,1.495179799168901e-21,0,SOCS1,259
7.99067191559505e-26,0.39088126255256017,0.326,0.24,1.5122346600263633e-21,0,SLIRP,260
1.0327712860405564e-25,0.2672167243000787,0.283,0.186,1.954519658831753e-21,0,CCL4L2,261
1.5991320289459064e-25,0.31581964321338885,0.405,0.3,3.026357364780128e-21,0,OPTN,262
2.294571402312672e-25,0.3071237629029817,0.381,0.275,4.342476378876732e-21,0,CBLB,263
2.3295664521647176e-25,0.32621122614895937,0.386,0.283,4.408704510721728e-21,0,INSIG1,264
3.450165286678234e-25,0.39587362314841223,0.318,0.228,6.5294378050385575e-21,0,PLIN2,265
4.091908877378954e-25,0.251534552398035,0.51,0.398,7.74393755043967e-21,0,FAM96B,266
4.985562401364745e-25,0.26630021652276925,0.515,0.405,9.435176844582779e-21,0,RSL24D1,267
2.764905355142981e-24,0.32398013445825913,0.4,0.306,5.232583384608091e-20,0,HNRNPAB,268
3.276625922128464e-24,0.30894206354015563,0.396,0.301,6.201014557628118e-20,0,ELOC,269
5.0951748661368416e-24,0.4368446468350533,0.262,0.182,9.642618434163972e-20,0,CHCHD7,270
6.2108257771495046e-24,0.29843589381746516,0.419,0.317,1.1753987783255437e-19,0,ODC1,271
1.2178005445385271e-23,0.269097544469,0.471,0.364,2.3046875305391624e-19,0,DDX6,272
1.4688370825342852e-23,0.39854199387802614,0.301,0.219,2.7797741786961346e-19,0,RNF114,273
2.0728820337809403e-23,0.28471367558513316,0.429,0.332,3.9229292489304295e-19,0,PAPOLA,274
2.744804689211383e-23,0.41113645909352603,0.295,0.216,5.194542874332542e-19,0,MED4,275
6.584790880556647e-23,0.2523774645500487,0.504,0.399,1.2461716741453454e-18,0,HSPA9,276
8.252981319604753e-23,0.2671159967207204,0.485,0.389,1.5618767147351996e-18,0,CAPZA1,277
1.441990773115109e-22,0.29553269110389424,0.41,0.307,2.728967538120344e-18,0,APOBEC3G,278
1.5016327919421563e-22,0.44226285800283116,0.251,0.178,2.841840058750531e-18,0,UBE2D1,279
1.6369507165979691e-22,0.26302215768364157,0.453,0.349,3.0979292311616567e-18,0,TECR,280
3.6708015302628516e-22,0.3084696025813949,0.367,0.278,6.946991896022447e-18,0,IMP3,281
4.437057513769054e-22,0.2785626145396569,0.432,0.338,8.397131344807934e-18,0,MAT2B,282
5.93228122654284e-22,0.259878242268901,0.447,0.349,1.1226842221232324e-17,0,SF3B6,283
6.114545683924133e-22,0.30598859984075255,0.388,0.299,1.157177770682642e-17,0,BUD31,284
9.485568581616649e-22,0.26163825478952774,0.444,0.349,1.7951438540709508e-17,0,SUMO1,285
3.496798046017172e-21,0.30764931221699543,0.356,0.272,6.617690302087498e-17,0,MLF2,286
3.896551820143691e-21,0.2821154110679738,0.376,0.284,7.374224319621934e-17,0,POLR2A,287
4.2790809635254134e-21,0.29210204269006423,0.366,0.279,8.098160723471845e-17,0,EMC4,288
4.81565518707133e-21,0.2800454852430021,0.399,0.311,9.113627441532492e-17,0,ENY2,289
6.5618226773539766e-21,0.2534659580636309,0.463,0.367,1.2418249416892401e-16,0,ENSA,290
7.82231203807402e-21,0.3097483603698026,0.385,0.299,1.4803725532055083e-16,0,DNTTIP2,291
1.1557224155921801e-20,0.3876268091243148,0.282,0.206,2.1872046715082008e-16,0,ARPP19,292
1.2097990476234933e-20,0.35323125148716183,0.257,0.179,2.2895446976274613e-16,0,STMN1,293
1.5089375789393814e-20,0.25728244109791976,0.424,0.33,2.8556643681427795e-16,0,SH3KBP1,294
1.9126812779551825e-20,0.368541085326168,0.276,0.2,3.619749318530183e-16,0,RNF138,295
1.9331502607709198e-20,0.32523346099237527,0.3,0.219,3.6584868685089656e-16,0,H2AFX,296
2.276640061303898e-20,0.2607531477327414,0.406,0.312,4.3085413160176273e-16,0,CDK17,297
2.448330459808451e-20,0.31685662010974913,0.297,0.215,4.633465395187493e-16,0,ANKRD37,298
2.4940511052716843e-20,0.29241880868206693,0.357,0.27,4.719991716726663e-16,0,MRPL57,299
3.1671229605996853e-20,0.3532731946390487,0.29,0.213,5.993780202934904e-16,0,NGDN,300
3.2975552299415167e-20,0.3470350884000195,0.313,0.235,6.24062327266432e-16,0,DDX3Y,301
4.154615728980273e-20,0.282756237239693,0.333,0.245,7.862610267095166e-16,0,NUCB2,302
4.212410216895777e-20,0.3485758827057901,0.321,0.242,7.971986335475259e-16,0,SBDS,303
5.128804790167975e-20,0.25735734245320163,0.44,0.348,9.706263065392893e-16,0,RNPS1,304
1.064602026237947e-19,0.3645193968190359,0.259,0.186,2.014759334655315e-15,0,RHBDD2,305
1.3289224403366633e-19,0.309043380775022,0.342,0.261,2.514985718337135e-15,0,NDUFA5,306
1.4278210686047723e-19,0.3309339683591881,0.32,0.242,2.7021513723345318e-15,0,RNMT,307
2.0362863775397904e-19,0.2505892619898942,0.421,0.333,3.853671969494054e-15,0,UBE2N,308
2.58427107488473e-19,0.38251164513611546,0.257,0.186,4.890733009219351e-15,0,EVI2A,309
3.3895567701396083e-19,0.3445159234157995,0.282,0.207,6.4147361874892085e-15,0,CCDC59,310
9.144288088348698e-19,0.3202047772651413,0.331,0.255,1.7305565207199912e-14,0,MAPRE1,311
1.0829614737631304e-18,0.32974632843512197,0.303,0.229,2.0495045890967243e-14,0,STAU1,312
1.1745384961112209e-18,0.3369755536198087,0.301,0.227,2.2228141038904856e-14,0,DDX27,313
1.2211342526909396e-18,0.2535278473873672,0.389,0.301,2.3109965732176032e-14,0,NSD3,314
1.2806084105925147e-18,0.3053746953503754,0.316,0.239,2.4235514170463343e-14,0,GOLPH3,315
1.4152296925144335e-18,0.35622751313179657,0.272,0.201,2.6783221930835652e-14,0,FBXO34,316
1.4474792303065055e-18,0.35166339033357485,0.294,0.222,2.7393544433550617e-14,0,TMF1,317
1.7828393491057973e-18,0.33458452588350107,0.289,0.218,3.3740234681827215e-14,0,TXNDC17,318
2.780111381441765e-18,0.28034205657404376,0.362,0.282,5.2613607893785404e-14,0,COPB1,319
2.9348771137342234e-18,0.3581470945114269,0.288,0.218,5.554254937742018e-14,0,ADIPOR1,320
6.7811054426873375e-18,0.36474704359939936,0.254,0.187,1.2833242050285787e-13,0,PRPF38A,321
8.743872959128652e-18,0.2977406345227501,0.324,0.247,1.6547779575150973e-13,0,C18orf32,322
1.2492176376032874e-17,0.25981704919643134,0.391,0.313,2.3641443791642216e-13,0,LAPTM4A,323
1.2531923956552505e-17,0.2724970106104674,0.375,0.299,2.3716666087775617e-13,0,ADRM1,324
1.3944828001987688e-17,0.27766936516121177,0.305,0.228,2.63905869937617e-13,0,IDH2,325
1.43957486328759e-17,0.3418061694060226,0.306,0.234,2.724395428771764e-13,0,PNPLA8,326
2.4557664184152283e-17,0.2521126444844617,0.369,0.287,4.647537946850819e-13,0,SNRPD1,327
4.662619918186891e-17,0.2851877277694964,0.308,0.234,8.824008195168692e-13,0,NDUFC1,328
4.702424496675541e-17,0.25385310260470106,0.357,0.275,8.899338359958461e-13,0,SNRPN,329
6.260853930541442e-17,0.3490292121815116,0.275,0.21,1.184866606354968e-12,0,SAR1A,330
1.068277816726661e-16,0.3512993031306656,0.258,0.193,2.021715768155206e-12,0,ZFAND6,331
1.4043034002752817e-16,0.34005348204342845,0.264,0.198,2.6576441850209708e-12,0,TINF2,332
1.7486463403200993e-16,0.3058941428217984,0.297,0.227,3.309313199055788e-12,0,SIAH2,333
1.9493902394603694e-16,0.2856018727504559,0.362,0.285,3.689221028178749e-12,0,PIM3,334
2.168682924785826e-16,0.30121787025965685,0.304,0.234,4.104232435157176e-12,0,HDAC1,335
3.42314804371612e-16,0.2979846313291853,0.252,0.185,6.478307672732757e-12,0,RFTN1,336
3.498559094881104e-16,0.2569483141168283,0.367,0.293,6.6210230870624895e-12,0,LAMTOR5,337
4.1192539641751546e-16,0.28577256546196506,0.32,0.252,7.79568812720148e-12,0,CLTB,338
6.013268693260729e-16,0.2712268088677704,0.302,0.23,1.138011100199593e-11,0,WNK1,339
9.50617529399322e-16,0.25886714209335504,0.31,0.237,1.7990436743882168e-11,0,RASAL3,340
3.694974544538083e-15,0.31160896778621294,0.267,0.204,6.992739325538321e-11,0,COQ10B,341
5.9435046720609744e-15,0.2637655657420769,0.331,0.261,1.1248082591875394e-10,0,KDELR2,342
7.2043187506975e-15,0.3304000613659396,0.266,0.204,1.3634173235695018e-10,0,STX11,343
7.919760465616098e-15,0.27139059885347416,0.295,0.229,1.4988146681178465e-10,0,MECP2,344
8.434937966841725e-15,0.25776414118855673,0.345,0.276,1.5963120102247965e-10,0,PSMA3,345
1.6929171441481535e-14,0.31598374737745116,0.287,0.226,3.203845695300381e-10,0,EIF3J,346
1.9072826990019578e-14,0.25551331044800296,0.357,0.291,3.6095325078612054e-10,0,VDAC1,347
2.4649039269802793e-14,0.26045852829929683,0.305,0.239,4.664830681810179e-10,0,PFDN2,348
1.8455651970024115e-13,0.29299883472451527,0.259,0.2,3.492732135327064e-9,0,RNF139,349
2.0361209509049394e-13,0.27347902208010855,0.278,0.216,3.853358899587598e-9,0,RNF166,350
2.947971728719593e-13,0.26048425629631966,0.314,0.251,5.5790364966018295e-9,0,PSMD13,351
7.732556814066282e-13,0.27762855171440426,0.269,0.21,1.4633863770620437e-8,0,COX20,352
8.667823560166929e-13,0.3163609826699406,0.254,0.2,1.6403856087615913e-8,0,MORF4L2,353
9.267563644914184e-13,0.2789355210851975,0.255,0.198,1.7538864198000094e-8,0,TMEM165,354
3.5404865060486633e-12,0.2537762797005212,0.279,0.222,6.700370712697096e-8,0,FBXO7,355
5.071893854712776e-12,0.2630296834505429,0.26,0.204,9.598559120043929e-8,0,C14orf119,356
6.815898044541591e-12,0.277491922417631,0.264,0.21,1.2899087049294962e-7,0,PCMT1,357
1.7577258252482225e-11,0.27294122242963215,0.27,0.217,3.326496124282261e-7,0,RELA,358
5.92913447588547e-11,0.261902816352624,0.25,0.198,1.1220886995613251e-6,0,PRPF6,359
0,4.401589604767123,0.779,0.04,0,1,FGFBP2,1
0,4.270220478102333,0.337,0.017,0,1,PRSS23,2
0,3.585605170253319,0.824,0.087,0,1,GNLY,3
0,3.464817630016265,0.277,0.028,0,1,LAIR2,4
0,3.1166516893296317,0.32,0.035,0,1,CX3CR1,5
0,3.079983641768939,0.365,0.043,0,1,ADGRG1,6
0,2.9703461131084197,0.643,0.091,0,1,FCGR3A,7
0,2.852047760294237,0.913,0.177,0,1,GZMB,8
0,2.7995307642682032,0.329,0.051,0,1,C1orf21,9
0,2.5462961143111573,0.591,0.127,0,1,SPON2,10
0,1.9794275639821806,0.497,0.136,0,1,KLRF1,11
0,1.9104181816938537,0.534,0.156,0,1,S1PR5,12
0,1.5687173457238097,0.595,0.221,0,1,C12orf75,13
0,1.5361287957766938,0.815,0.317,0,1,GZMH,14
0,1.4028950430479208,0.734,0.309,0,1,KLRD1,15
0,1.3681370966247788,0.902,0.459,0,1,PRF1,16
0,1.2148568864956524,0.726,0.372,0,1,EFHD2,17
0,0.7986330418605365,0.996,0.732,0,1,NKG7,18
3.95e-322,0.596858700199141,0.987,0.775,7.480154e-318,1,CST7,19
8.24517e-319,1.3327620000073515,0.633,0.252,1.5603974997e-314,1,TYROBP,20
3.45703296146223e-310,1.062669798376418,0.783,0.444,6.542434879567266e-306,1,CD247,21
8.070821817599703e-303,1.383873035255695,0.607,0.254,1.5274030289807436e-298,1,HOPX,22
1.1642861365183768e-302,1.5448781600804873,0.532,0.199,2.203411513361028e-298,1,PLAC8,23
3.6364732011076037e-293,2.310822666585034,0.281,0.06,6.88202553309614e-289,1,TTC38,24
3.8832585722910554e-249,0.7143194574591063,0.906,0.627,7.349066848060823e-245,1,LITAF,25
3.9786247843678315e-239,1.5388905365623309,0.47,0.191,7.529547404416122e-235,1,DSTN,26
4.2659414919976626e-237,0.811264010812903,0.846,0.53,8.073294273605576e-233,1,CTSW,27
2.0298598260049694e-229,1.261784697841313,0.544,0.239,3.8415097207144046e-225,1,LGALS1,28
4.5595311710126e-209,1.5322423203418103,0.355,0.116,8.628912741141345e-205,1,ENC1,29
1.2668345419843293e-194,1.7706090219643607,0.317,0.105,2.397484370705343e-190,1,HSH2D,30
2.82111247087394e-191,1.8267702246480542,0.279,0.083,5.338955351128931e-187,1,PXN,31
8.796269000183385e-187,1.9467124618510647,0.254,0.072,1.6646939082847057e-182,1,SH2D1B,32
4.695293377464373e-186,0.7491973288030898,0.8,0.525,8.885842716851326e-182,1,SH2D2A,33
3.014717003688414e-181,1.6115676164322505,0.329,0.117,5.705351929480324e-177,1,CD300A,34
3.895829881483737e-176,1.4756616308867512,0.345,0.126,7.372858050707972e-172,1,TGFBR3,35
2.8796873244078425e-171,1.1563690748700117,0.506,0.248,5.449808261441842e-167,1,SELPLG,36
9.46514060961507e-171,1.2337466320239372,0.428,0.179,1.791277860369652e-166,1,CLIC3,37
3.227412239986866e-167,0.8960309194998031,0.656,0.381,6.107877664175144e-163,1,ARL4C,38
4.587531561351318e-165,1.1297734306944256,0.493,0.238,8.681903479857369e-161,1,SLA2,39
1.8951824182656325e-157,1.0057511945792004,0.555,0.293,3.5866327265677097e-153,1,ZEB2,40
4.6521164542477454e-155,1.3011030588176975,0.384,0.163,8.804130389663858e-151,1,RAB29,41
2.277344958704896e-145,1.5430954524066791,0.259,0.086,4.3098753343490157e-141,1,S1PR1,42
3.1576990479963176e-143,1.229227388241478,0.388,0.171,5.975945448333031e-139,1,TPST2,43
2.344057997639518e-142,0.9996883264878513,0.528,0.286,4.4361297605327876e-138,1,ABHD17A,44
5.9830921391254895e-142,0.6663439190366951,0.771,0.537,1.1323001873294988e-137,1,GNG2,45
1.4856967989701948e-139,1.2176256310330986,0.398,0.182,2.8116811920510936e-135,1,KLF3,46
1.2398402297051853e-138,1.48048646923235,0.275,0.098,2.346397634717063e-134,1,ADRB2,47
1.9621967628176558e-134,0.435220655004271,0.925,0.768,3.713457373632414e-130,1,IFITM2,48
2.487155450444714e-125,0.500831893118137,0.839,0.66,4.706941689966621e-121,1,ITGB2,49
1.2682743696313104e-120,0.7667183455731261,0.629,0.396,2.400209244527255e-116,1,FLNA,50
2.545282326683832e-120,0.6262619650191334,0.733,0.528,4.816946803249152e-116,1,RAP1B,51
2.905998893307224e-118,1.3636850569587433,0.28,0.112,5.4996029055839214e-114,1,RASA3,52
2.042300622933054e-117,0.7265945565584482,0.633,0.369,3.865053928900804e-113,1,KLF2,53
2.162695265000695e-117,0.7992380422643595,0.59,0.355,4.0929007890138155e-113,1,TRBC1,54
2.134655429454836e-112,0.257672407800841,0.975,0.912,4.0398354002432775e-108,1,CYBA,55
4.1050607180619288e-109,1.3245055565819759,0.297,0.131,7.7688274089322e-105,1,GTF3C1,56
1.0079558264181207e-107,0.5507457021483422,0.792,0.558,1.9075564014962934e-103,1,EMP3,57
3.681490633167034e-106,0.613917149869712,0.706,0.481,6.9672210232686124e-102,1,AES,58
9.410682164135039e-104,0.9159881926633151,0.474,0.272,1.7809715995625561e-99,1,ITGB1,59
2.0687880857769317e-103,1.1041170120069705,0.366,0.183,3.915181452332843e-99,1,CEBPB,60
4.603851346147716e-103,1.2173586122743218,0.307,0.14,8.712788672584552e-99,1,LYN,61
2.4963839091923593e-101,0.52910374453029,0.813,0.597,4.72440654814654e-97,1,DDIT4,62
5.381239278347272e-100,1.1038932200804208,0.33,0.155,1.0183995334272212e-95,1,TBX21,63
6.700458795373231e-96,0.4140713508809979,0.92,0.719,1.268061827024384e-91,1,CREM,64
1.738866888648134e-95,0.6287314091590326,0.65,0.456,3.2908055867665936e-91,1,NFE2L2,65
7.001683239983408e-92,1.0109068627854625,0.353,0.177,1.3250685531668598e-87,1,P2RY8,66
2.2718670921933555e-90,1.084495708996505,0.287,0.128,4.299508471975925e-86,1,FCRL6,67
7.232931418186175e-90,0.9628978622312422,0.359,0.181,1.3688322708917337e-85,1,SAMD3,68
2.9803903210303452e-89,1.1742056296654644,0.294,0.141,5.640388682549928e-85,1,UAP1,69
2.6643032287707713e-88,0.774239709156709,0.475,0.274,5.0421938604486845e-84,1,SYNE2,70
7.200228826898827e-88,0.6208990537503161,0.641,0.439,1.3626433054906031e-83,1,FOSL2,71
3.8948048799772493e-87,0.4805703119420066,0.831,0.593,7.370918235356945e-83,1,CCL4,72
3.349225551122537e-86,0.9649104796433525,0.334,0.165,6.338409355499401e-82,1,SYNE1,73
4.044129737560096e-86,0.8731611337012453,0.433,0.251,7.653515528332481e-82,1,BHLHE40,74
4.3991078350477834e-86,1.101701338563035,0.307,0.151,8.32531157782793e-82,1,PTPRE,75
3.617874596383285e-83,0.30188250718724463,0.906,0.807,6.846827673655368e-79,1,ARPC2,76
4.94163850798189e-83,0.8956336213239073,0.381,0.205,9.352050876355726e-79,1,PYHIN1,77
1.0835402275107119e-81,0.7839271252035689,0.457,0.269,2.050599880564022e-77,1,LINC01871,78
3.730211789378771e-80,0.4430825981758115,0.8,0.628,7.059425811399325e-76,1,S100A10,79
3.625534066257093e-79,0.6139410041276949,0.583,0.373,6.861323220391548e-75,1,CD55,80
3.947200098642835e-78,0.5101812119742561,0.734,0.547,7.470076186681566e-74,1,ISG20,81
2.4490281568879293e-76,0.7498764853795272,0.466,0.291,4.634785786910406e-72,1,SPN,82
6.262240354738612e-76,0.6896740563604973,0.529,0.353,1.1851289871342824e-71,1,CDC42SE1,83
4.601196312212024e-75,0.9197015407760565,0.353,0.194,8.707764020861256e-71,1,LPCAT1,84
1.7152851947207606e-74,1.0944251097404163,0.273,0.133,3.246177231009039e-70,1,GNPTAB,85
1.7310578403621066e-74,1.031990436499062,0.292,0.147,3.276026962885287e-70,1,STK38,86
9.027852151476871e-74,0.6397484575216101,0.551,0.367,1.7085210196669977e-69,1,SUN2,87
4.654298306547081e-73,0.9693622518430067,0.313,0.164,8.80825954514035e-69,1,AUTS2,88
3.695950007531186e-70,0.5007072832945538,0.701,0.493,6.994585389252769e-66,1,SYTL3,89
9.948442325586433e-69,0.5322398591699393,0.67,0.484,1.8827427101172326e-64,1,MT2A,90
4.940794743227085e-68,0.723705504136908,0.467,0.3,9.350454051557258e-64,1,PRMT2,91
2.18046628380177e-66,0.5017358406276764,0.664,0.477,4.12653244209485e-62,1,TNFRSF1B,92
4.925729577972882e-66,0.6780027920224267,0.482,0.315,9.32194322631368e-62,1,BIN2,93
4.379717236916944e-65,0.8122634281050998,0.311,0.161,8.288614870865317e-61,1,FCER1G,94
3.0083348484656806e-63,0.6896460854763686,0.459,0.294,5.693273700721301e-59,1,CMC1,95
5.211200817765996e-62,0.8674163053329925,0.329,0.186,9.862197547622147e-58,1,S1PR4,96
1.966640272237219e-61,1.0031686078991517,0.283,0.153,3.721866715208937e-57,1,METRNL,97
1.1477359299376155e-59,0.4070554706124869,0.761,0.601,2.172090247406937e-55,1,IER2,98
1.0480485740063012e-57,0.7235072679887148,0.367,0.216,1.983431926306925e-53,1,PLEK,99
3.5167816902100284e-57,0.8064745600653281,0.34,0.198,6.655509348722479e-53,1,LYAR,100
4.6983922482797855e-57,0.3024735128758862,0.927,0.768,8.891707329869495e-53,1,S100A4,101
2.5070251415454945e-56,0.7239891127842556,0.383,0.236,4.7445450803748485e-52,1,ADD3,102
3.8234993545076106e-54,0.8576268082436913,0.295,0.166,7.235972528405653e-50,1,PTPN4,103
5.951888860386176e-54,0.31928914614257264,0.851,0.717,1.1263949668280838e-49,1,CD99,104
6.40116810503056e-54,0.39160290783069884,0.768,0.583,1.2114210638770335e-49,1,GZMM,105
6.520227219281005e-53,0.9287987510764053,0.257,0.139,1.2339530012489302e-48,1,IGF2R,106
7.809145692818504e-53,0.3127597594798641,0.869,0.713,1.477880822365902e-48,1,S100A6,107
8.457510832143103e-52,0.6333601234547503,0.447,0.301,1.6005839249830822e-47,1,IQGAP2,108
2.4043840849196907e-51,0.8385303822537947,0.294,0.168,4.550296880710515e-47,1,SRPK2,109
2.0590307451049341e-50,0.5769660574222311,0.499,0.35,3.8967156851110876e-46,1,CAST,110
2.3833403029422573e-50,0.8676786223548099,0.283,0.163,4.510471523318222e-46,1,LMNB1,111
2.456928216654611e-49,0.5870569551886156,0.432,0.277,4.649736650018851e-45,1,MATK,112
8.764928254229167e-49,0.5208984427456773,0.528,0.37,1.65876267211287e-44,1,APMAP,113
4.9405308430145087e-48,0.28250253751196563,0.928,0.768,9.349954620404958e-44,1,CCL5,114
1.1495102269816095e-47,0.8627311390898433,0.256,0.143,2.175448104562696e-43,1,DIP2A,115
1.071504045718639e-46,0.4089148185306608,0.674,0.532,2.027821406522524e-42,1,DNAJB6,116
1.0949192013390337e-46,0.8324877545687698,0.27,0.154,2.0721345885341212e-42,1,TMBIM1,117
3.83289084862626e-46,0.8667768464651932,0.255,0.145,7.253745931025197e-42,1,ADAM8,118
7.15633610638663e-46,0.5572500037633912,0.475,0.34,1.3543366081336695e-41,1,RAB5IF,119
2.598501660588527e-45,0.7640568986578897,0.284,0.166,4.917664392663788e-41,1,MYO1F,120
9.013974067619463e-43,0.4375424414751201,0.587,0.431,1.7058945922969833e-38,1,CLEC2B,121
9.882426360859696e-43,0.6128816925400682,0.379,0.247,1.8702491887926975e-38,1,PDE4D,122
3.5074672993428344e-42,0.45158499184026346,0.576,0.421,6.637881864006314e-38,1,GPR65,123
1.5256236897058595e-41,0.3253585623560733,0.793,0.656,2.887242832768339e-37,1,TGFB1,124
1.6582759163698173e-40,0.5015836388598163,0.502,0.373,3.138287171729879e-36,1,CD47,125
1.4316044985155082e-39,0.5950335009426289,0.394,0.266,2.709311513440599e-35,1,DOK2,126
1.6515388452599533e-38,0.6144334693971673,0.352,0.232,3.1255372646544618e-34,1,CAPN2,127
3.86819256691856e-38,0.45328439416383515,0.515,0.379,7.3205544328933745e-34,1,AKNA,128
1.3953897239660435e-37,0.4600294555824691,0.515,0.382,2.6407750526057374e-33,1,DHRS7,129
2.5530721860829385e-37,0.6726987334108084,0.313,0.203,4.831689112161961e-33,1,MYO1G,130
1.4581507884135984e-36,0.5888460771117494,0.378,0.262,2.759550367072735e-32,1,SCP2,131
1.5322862154790532e-35,0.7686498964152612,0.263,0.164,2.899851662794108e-31,1,STARD3NL,132
5.60883145964939e-35,0.48056187250322324,0.478,0.353,1.061471353738647e-30,1,CCND3,133
2.710212275881224e-34,0.7015217849485041,0.268,0.169,5.1290767321052165e-30,1,G6PD,134
2.5362049959255638e-33,0.44846368582654184,0.487,0.359,4.7997679547891293e-29,1,YPEL3,135
2.9989263437455777e-33,0.3086758538927059,0.735,0.607,5.675468105538506e-29,1,IRF1,136
3.201887439485888e-33,0.5336290080684796,0.377,0.259,6.059571979227044e-29,1,ABI3,137
3.410345037542421e-33,0.6872674405879124,0.277,0.177,6.454077983549032e-29,1,RASSF1,138
5.3125859103102344e-33,0.5839010932467283,0.329,0.22,1.0054068835262119e-28,1,ITGB7,139
1.0869588141879614e-32,0.566301464182449,0.31,0.2,2.057069555850717e-28,1,RIPOR2,140
1.1067029751108075e-32,0.5936790851114562,0.325,0.217,2.0944353803972033e-28,1,ARRB2,141
2.1421938742142065e-31,0.43601743171975205,0.479,0.354,4.054101906950386e-27,1,PPP2R5C,142
2.311282801208691e-31,0.40580006030033844,0.5,0.368,4.3741027012874474e-27,1,IFNGR1,143
3.0402591295089595e-31,0.6601926879486445,0.285,0.188,5.753690402595706e-27,1,PRKCB,144
3.086473444725561e-31,0.35153098615761014,0.604,0.473,5.841150994143125e-27,1,CTSC,145
3.7188336379100334e-31,0.5339883991202379,0.378,0.267,7.037892659744738e-27,1,NFATC2,146
8.4003298998853e-31,0.4638079003343163,0.453,0.338,1.5897624335532932e-26,1,MAT2B,147
1.346897579595694e-30,0.44325579405353577,0.457,0.339,2.549003669384851e-26,1,MBP,148
3.354498981905838e-30,0.41705169625725014,0.497,0.382,6.348389323256799e-26,1,ARPC5,149
7.5541746499759607e-30,0.4965911114834869,0.415,0.306,1.4296275525079506e-25,1,HMGN3,150
1.7194365111282587e-29,0.4682300403726356,0.44,0.325,3.25403359731023e-25,1,MAP3K8,151
3.112093952272285e-29,0.5016245154957892,0.349,0.239,5.889637804675299e-25,1,CHST12,152
4.142927504241668e-29,0.2671229536713722,0.877,0.7,7.840490301777357e-25,1,GZMA,153
1.113453151107861e-28,0.5963788725203247,0.311,0.213,2.107210088471627e-24,1,RNF166,154
2.3494161007561163e-28,0.31714458100477794,0.669,0.535,4.4462699706809505e-24,1,VPS37B,155
2.4948053684530093e-28,0.5851357542287652,0.311,0.214,4.72141915979732e-24,1,TES,156
3.3771591655825263e-28,0.3623222092944167,0.555,0.438,6.391273720864931e-24,1,ATP5ME,157
4.368410889112466e-28,0.31653210394831,0.627,0.509,8.267217607645342e-24,1,DBI,158
1.146302700199546e-27,0.332703857572755,0.616,0.497,2.1693778601276405e-23,1,IL2RG,159
1.2722395281997086e-27,0.45125402455953445,0.386,0.273,2.4077133071179484e-23,1,TSEN54,160
3.37720750159111e-27,0.6180148081719379,0.273,0.182,6.391365196761176e-23,1,PTPRA,161
8.66283796811859e-27,0.6536618110489723,0.25,0.164,1.6394420854664433e-22,1,GLIPR2,162
1.3845951186658674e-26,0.5136314054254533,0.343,0.243,2.620346262075154e-22,1,SYTL1,163
1.727489671118903e-26,0.3089353566315509,0.636,0.523,3.2692742025925238e-22,1,NDUFB2,164
9.40392070073653e-25,0.577543162676711,0.265,0.177,1.7796919926143884e-20,1,TOB1,165
1.9523033961074777e-24,0.2574797356168741,0.759,0.58,3.6947341771334015e-20,1,ANXA1,166
9.111810198389236e-24,0.5051644088963525,0.322,0.229,1.724410080045163e-19,1,ATP2B1,167
6.621845740183901e-23,0.401734467533603,0.369,0.267,1.2531843063298033e-18,1,AOAH,168
9.493995192731314e-23,0.36148773882427365,0.495,0.396,1.796738590224401e-18,1,CDK2AP2,169
1.2061445380787728e-22,0.40316527854668616,0.418,0.319,2.2826285383140775e-18,1,GABARAPL1,170
2.227154725569205e-22,0.4333895887914181,0.351,0.253,4.214890318139721e-18,1,BTN3A2,171
3.320530008363248e-22,0.40216771855751343,0.397,0.3,6.2841030408274465e-18,1,NDUFA12,172
6.472014118806055e-22,0.32202545082007505,0.54,0.443,1.2248286719840459e-17,1,PAIP2,173
1.242118773182863e-21,0.25620384959479026,0.671,0.577,2.3507097782485683e-17,1,CD53,174
1.2703331323914116e-21,0.5277231174537295,0.292,0.209,2.4041054530507466e-17,1,RNF115,175
1.886054047417367e-21,0.29384252110948905,0.589,0.488,3.569357284737367e-17,1,TMEM50A,176
2.4140642556157295e-21,0.524238838252007,0.277,0.195,4.568616603752768e-17,1,MIEN1,177
1.2775145023877528e-20,0.34953430719299394,0.484,0.392,2.4176961957688223e-16,1,SH3BGRL,178
1.5930900818630615e-20,0.3321204301968108,0.523,0.424,3.014922979925844e-16,1,PAXX,179
3.1207432961215716e-20,0.35491882372214634,0.328,0.231,5.906006687910074e-16,1,LINC00861,180
3.6015788283440813e-20,0.3474662951438734,0.456,0.355,6.815987932641174e-16,1,ZAP70,181
1.076830300745432e-19,0.5016013528571633,0.295,0.216,2.03790134416073e-15,1,TAOK3,182
1.2693244173033065e-19,0.26377985503176493,0.633,0.533,2.4021964597465075e-15,1,UBE2B,183
5.405936418889087e-19,0.31541105418107085,0.508,0.419,1.0230734672747596e-14,1,YWHAQ,184
7.900633581296926e-19,0.3511027040732002,0.45,0.363,1.4951949052604433e-14,1,FMNL1,185
8.826727418203902e-19,0.3382278589276102,0.475,0.39,1.6704581638950884e-14,1,TCF25,186
1.0339293704977554e-18,0.3702864347298631,0.379,0.291,1.956711333667002e-14,1,SERPINB1,187
1.2169454869943726e-18,0.3774415765150969,0.395,0.304,2.3030693341368502e-14,1,ORAI1,188
1.468523747927182e-18,0.412807169584988,0.346,0.263,2.779181192952192e-14,1,ARIH2,189
1.5915608639815045e-18,0.36021988768925883,0.435,0.344,3.012028935084997e-14,1,RUNX3,190
8.928663924420069e-18,0.4523478585210343,0.295,0.22,1.689749647696498e-13,1,ABLIM1,191
1.4761025934466157e-17,0.33865866651452015,0.458,0.375,2.79352415809772e-13,1,OSTF1,192
2.1612443350468935e-17,0.29451082627490344,0.529,0.428,4.090154904076246e-13,1,RBM38,193
3.5832573615321026e-17,0.2715628536060746,0.553,0.458,6.781314556699504e-13,1,CYTIP,194
5.187216731502795e-17,0.44138801795855587,0.323,0.246,9.816807664369039e-13,1,MAPK1,195
8.01739286030194e-17,0.3675784773159956,0.398,0.321,1.5172915988121422e-12,1,SYF2,196
1.0862616822133602e-16,0.3641136311608557,0.405,0.323,2.055750233588784e-12,1,POLR2K,197
1.8118727149944178e-16,0.26285726950944155,0.552,0.462,3.428969113126936e-12,1,PTP4A2,198
1.8206550315487457e-16,0.4563511048427593,0.276,0.203,3.4455896472060015e-12,1,EAPP,199
2.830790355614871e-16,0.3805279218860922,0.357,0.281,5.357270748001143e-12,1,NDUFB7,200
3.25190115081657e-16,0.4677949100886931,0.278,0.207,6.154222927920359e-12,1,PRKACB,201
4.330294547821765e-16,0.4435752783373005,0.292,0.222,8.19508243175269e-12,1,RAB8A,202
4.524056876817384e-16,0.3994064560105919,0.362,0.29,8.5617776393769e-12,1,SUPT4H1,203
7.533091459991128e-16,0.4701967834349027,0.285,0.215,1.425637558803321e-11,1,VAMP2,204
8.319850208395367e-16,0.45485811181321156,0.267,0.197,1.5745316519388233e-11,1,C1D,205
3.490440692735756e-15,0.45683560315216254,0.257,0.19,6.605659011002418e-11,1,BIN1,206
1.0695514785813448e-14,0.3491681969561795,0.348,0.272,2.024126173215195e-10,1,DIAPH1,207
1.710456034296908e-14,0.30095818672734564,0.423,0.344,3.237038044906898e-10,1,RASSF5,208
2.018158391754635e-14,0.2748514644875959,0.46,0.371,3.8193647563956467e-10,1,PRKCH,209
3.649891424657685e-14,0.26341957927166937,0.454,0.36,6.907419521164668e-10,1,IL2RB,210
4.58089657677795e-14,0.3178985426784222,0.398,0.323,8.66934677155227e-10,1,HNRNPL,211
7.385802001393649e-14,0.27976700717168024,0.473,0.402,1.397763028763748e-9,1,CD164,212
1.1040279594397846e-13,0.32504791800149,0.384,0.314,2.0893729132397924e-9,1,EIF3A,213
1.4562304816129481e-13,0.3218250523977255,0.321,0.245,2.7559161864525043e-9,1,ITK,214
1.8441933886489015e-13,0.33983668797611055,0.336,0.265,3.490135988018046e-9,1,CYFIP2,215
3.2098163347311585e-13,0.26071261721185923,0.477,0.399,6.074577413478718e-9,1,TBCA,216
3.25462843355093e-13,0.39964305282250356,0.288,0.222,6.1593843104951344e-9,1,FBXO7,217
4.3841894720197334e-13,0.3203689237308147,0.394,0.325,8.297078575797345e-9,1,MAPRE2,218
5.655070645720535e-13,0.3764422142646664,0.348,0.285,1.0702221197026112e-8,1,SDF4,219
7.212789189996147e-13,0.30446120997592996,0.28,0.208,1.3650203542067708e-8,1,ARID5B,220
8.85355565703943e-13,0.27978098112885696,0.382,0.306,1.675535408094712e-8,1,CARD16,221
9.679768133784368e-13,0.3079707829605154,0.349,0.275,1.8318961193186915e-8,1,HMGB2,222
1.2918338933524018e-12,0.365569592573314,0.258,0.193,2.4447956431694204e-8,1,CCL4L2,223
3.6432030934834475e-12,0.25796185191869614,0.447,0.371,6.894761854417425e-8,1,SELENOW,224
4.6111045083620385e-12,0.25092705834398754,0.471,0.401,8.726515282075158e-8,1,BSG,225
1.2790133835994291e-11,0.2532689836435029,0.471,0.403,2.4205328284619197e-7,1,PET100,226
1.508675981987056e-11,0.26767885298709904,0.41,0.338,2.8551692959105033e-7,1,DCXR,227
1.681399771255937e-11,0.3900917109820268,0.259,0.201,3.182049067101861e-7,1,MMP24OS,228
2.0680124671889134e-11,0.42392474336266706,0.25,0.196,3.9137135941550184e-7,1,ZFAND6,229
2.3622873099983863e-11,0.37063081425988953,0.275,0.216,4.470628734171946e-7,1,SNHG15,230
3.724610361162764e-11,0.25676536313139864,0.419,0.348,7.04882510850053e-7,1,CNOT6L,231
4.061421036724504e-11,0.2934529067991263,0.395,0.331,7.686239312001124e-7,1,SRP9,232
4.6771164606615355e-11,0.2963309288578011,0.288,0.225,8.851442901801956e-7,1,GLG1,233
5.209381577756564e-11,0.3887991800315366,0.27,0.214,9.858754635904296e-7,1,YY1,234
5.588237725230851e-11,0.32266946187446244,0.289,0.227,1.0575739894999386e-6,1,APOL6,235
5.934907767877305e-11,0.3115814516794071,0.316,0.257,1.1231812950707799e-6,1,DCTN3,236
2.8119924891523187e-10,0.2563875721737068,0.418,0.356,5.321695785720763e-6,1,SUMO1,237
3.337074981330766e-10,0.25988664079468404,0.379,0.318,6.315414402168474e-6,1,TBCB,238
5.332559993174603e-10,0.27571966131600667,0.395,0.335,1.0091869787082938e-5,1,TMED2,239
5.413874306217567e-10,0.2741120809087876,0.353,0.294,1.0245757124516745e-5,1,UBE2V1,240
6.738994261397607e-10,0.35718842564964315,0.263,0.209,1.2753546639694972e-5,1,RASA2,241
7.261813589726622e-10,0.2846664416821776,0.32,0.259,1.3742982218557632e-5,1,IFI16,242
7.325299904278999e-10,0.2883287009304052,0.343,0.281,1.3863130068848007e-5,1,CHMP1B,243
8.114285327137944e-10,0.3114368916167616,0.296,0.239,1.535628498160856e-5,1,USP11,244
1.7601719406001705e-9,0.36700669696738286,0.254,0.204,3.331125397585823e-5,1,HSD17B11,245
1.905036670444619e-9,0.3141899015059516,0.299,0.245,3.605281898816441e-5,1,CKS2,246
2.1730014664551096e-9,0.3097770991283675,0.287,0.232,4.112405275266295e-5,1,MECP2,247
3.1372618338435444e-9,0.27655198566301464,0.302,0.247,5.9372680205489075e-5,1,PLEKHA2,248
3.595576523156667e-9,0.2585342027362094,0.304,0.245,6.804628570073993e-5,1,LNPEP,249
3.993164591523602e-9,0.2918560142566655,0.341,0.285,7.557063989458416e-5,1,PHF20,250
4.323939916157991e-9,0.26673147809437303,0.337,0.278,8.183056291328998e-5,1,STK10,251
5.2430709294763136e-9,0.28345275052495356,0.36,0.306,9.922511734033924e-5,1,BUD31,252
5.779971520263374e-9,0.3273798396871499,0.268,0.216,1.0938596102098436e-4,1,MRFAP1L1,253
6.356811386681163e-9,0.2599633769438132,0.37,0.313,1.20302655492941e-4,1,LAMP1,254
8.400662530377464e-9,0.2886674342423752,0.317,0.263,1.589825383873935e-4,1,MEAF6,255
1.0317886871198776e-8,0.3261996084665746,0.295,0.244,1.9526600903743683e-4,1,GOLPH3,256
1.4448216476966821e-8,0.32760620295312415,0.311,0.26,2.734324968265971e-4,1,AREG,257
1.5172010439539374e-8,0.2993100355603474,0.299,0.249,2.8713029756828265e-4,1,RTN4,258
2.410536502955178e-8,0.2738272872620793,0.318,0.267,4.561940331842674e-4,1,RAB2A,259
2.751713822187871e-8,0.32104374773375255,0.259,0.211,5.207618408490546e-4,1,POLR2F,260
4.0155687124657675e-8,0.29625914391954,0.283,0.234,7.599463788341465e-4,1,DDX39A,261
4.8864093877577835e-8,0.27659266733220855,0.285,0.235,9.247529766331606e-4,1,TMEM9B,262
5.6110224048330737e-8,0.2651294661854584,0.301,0.248,0.0010618859901146591,1,PTPN7,263
7.17907946888888e-8,0.2846604501074538,0.29,0.243,0.0013586407894872205,1,SH3GLB1,264
8.390294520391193e-8,0.25931802971690754,0.332,0.281,0.0015878632379840332,1,ADSS,265
1.4384143946858882e-7,0.2727373708391876,0.289,0.24,0.0027221992419430435,1,SFT2D1,266
1.6888336403886697e-7,0.273090397237286,0.307,0.256,0.0031961176644355574,1,AC004687.1,267
2.907366047951105e-7,0.2597748831829453,0.256,0.21,0.005502190245747466,1,ARHGAP30,268
2.969884808541305e-7,0.29591046310054225,0.288,0.243,0.00562050700016442,1,MTHFD2,269
4.397915118098917e-7,0.261073621955176,0.252,0.207,0.0083230543610022,1,C14orf119,270
8.29581312043732e-7,0.2583632326346863,0.29,0.245,0.01569982633042763,1,LSM3,271
3.937169590165387e-6,0.27066060196243547,0.263,0.223,0.07451093449387994,1,MED4,272
1.9858379435420992e-5,0.25907038680897043,0.273,0.238,0.37581983081534226,1,RAB11A,273
4.333762360674243e-5,0.25251064866629425,0.275,0.241,0.8201645267576005,1,PNPLA8,274
1.2037527766623123e-280,1.4046771122933648,0.914,0.497,2.278102129833426e-276,10,KLRB1,1
4.516606466075361e-217,0.7735534511035631,0.968,0.78,8.54767773704762e-213,10,S100A4,2
4.469233818497873e-197,3.45765470670543,0.28,0.043,8.458025001507225e-193,10,CCL20,3
2.6291364370725925e-195,2.54753038345823,0.406,0.091,4.9756407071598813e-191,10,TRAV1-2,4
2.516723385596882e-190,1.5982583702395132,0.747,0.322,4.762899007242099e-186,10,IL7R,5
4.0186804567364355e-167,2.9485838373405517,0.308,0.062,7.605352764373705e-163,10,SLC4A10,6
4.1638466397405416e-167,0.47153746373995675,0.982,0.938,7.880079765708975e-163,10,BTG1,7
9.806816282873371e-147,0.3222514122574225,0.992,0.987,1.8559399815337855e-142,10,PTMA,8
1.8402674804549603e-143,0.2764484549277304,1,0.997,3.482706206761012e-139,10,EEF1A1,9
1.0709320222055338e-138,0.28098915147507775,0.994,0.991,2.0267388520239727e-134,10,HLA-C,10
1.1855532106565639e-138,0.6455099602621326,0.931,0.789,2.243659451167547e-134,10,DUSP2,11
1.7111106581650564e-133,0.275029362797941,0.996,0.991,3.238276920577369e-129,10,TMSB4X,12
7.320133888954863e-126,0.2584807984176134,1,0.998,1.3853353384847078e-121,10,MALAT1,13
1.368149521029343e-116,0.2975704804070807,0.967,0.985,2.589222968548032e-112,10,MT-CO3,14
1.4498928292853347e-115,0.289580846064311,0.997,0.984,2.743922179422496e-111,10,TPT1,15
1.7155799509211326e-113,0.6596013061940091,0.849,0.727,3.2467350571182433e-109,10,S100A6,16
5.302536692743348e-108,0.25189935686206066,0.979,0.994,1.0035050691016785e-103,10,MT-CO2,17
3.9391194030734e-102,0.4169498161520986,0.979,0.965,7.45478347031641e-98,10,FTH1,18
1.8485125607098497e-101,1.5351792811957106,0.539,0.282,3.4983100211433905e-97,10,LINC01871,19
3.646312078835894e-101,2.1259182680324153,0.353,0.12,6.900645609196929e-97,10,CCR6,20
7.74447523757654e-101,0.5548156566156854,0.895,0.819,1.4656419387113602e-96,10,ZFP36,21
1.5496499742404053e-95,0.40844283409105797,0.901,0.884,2.932712576249967e-91,10,PABPC1,22
4.5692601898790986e-94,1.7871668794362334,0.442,0.196,8.647324909346195e-90,10,NCR3,23
1.019981818697538e-91,1.1519893397756267,0.647,0.402,1.9303155918850907e-87,10,LTB,24
1.001429688929645e-89,1.6150845984290414,0.485,0.233,1.8952056862993534e-85,10,CEBPD,25
3.0185634315998646e-89,0.2704708722955207,0.977,0.97,5.712631294302744e-85,10,TMSB10,26
2.5611682514100933e-87,0.27694220703102035,0.977,0.973,4.847010915793601e-83,10,H3F3B,27
1.477784403798888e-83,0.5384757081975229,0.914,0.754,2.7967069841893956e-79,10,CXCR4,28
3.927709959287381e-82,0.7262026285642964,0.766,0.631,7.433191097951368e-78,10,TNFAIP3,29
1.0942969591882737e-79,1.436743001786451,0.517,0.305,2.070956995263808e-75,10,SLC7A5,30
1.9217314202816944e-75,0.3031248710126433,0.909,0.933,3.636876712883107e-71,10,MT-ND1,31
1.423619054061951e-73,0.3048669967842068,0.927,0.942,2.694199059812242e-69,10,HSPA8,32
3.549482438108706e-73,0.7999967292039627,0.685,0.585,6.717395514120726e-69,10,REL,33
1.0661865122309232e-71,0.91920959771761,0.639,0.478,2.017757974397022e-67,10,SPOCK2,34
5.100279817012708e-70,0.4047598898328628,0.946,0.818,9.652279553696549e-66,10,IL32,35
2.0956054194526623e-65,1.3900724057162472,0.488,0.304,3.965933256314163e-61,10,KDM6B,36
7.139505181834693e-63,0.25907834407366037,0.914,0.937,1.3511513556622155e-58,10,GAPDH,37
6.109197861428665e-57,1.0150111242688187,0.566,0.436,1.1561656952753749e-52,10,JUND,38
8.478223558167015e-57,0.2655332939331343,0.969,0.935,1.6045038083831076e-52,10,SRGN,39
2.215575642373399e-53,0.388350282663406,0.834,0.836,4.192976903191657e-49,10,ZFP36L2,40
3.1564267700398973e-53,1.431895743760746,0.421,0.252,5.973537662300505e-49,10,SERPINB9,41
1.1371985941151576e-52,0.32130663618404576,0.807,0.84,2.1521483393629356e-48,10,TMA7,42
1.9481939165263616e-50,0.7976712395591217,0.638,0.523,3.686956987026139e-46,10,NFKBIA,43
4.588751058025052e-48,0.41245809921091237,0.738,0.753,8.684211377312411e-44,10,MIF,44
1.0181772587945547e-46,0.9373135187426889,0.547,0.436,1.926900462268695e-42,10,GPR65,45
8.315584783520948e-45,0.26686783565300587,0.837,0.868,1.5737244202813395e-40,10,EEF1B2,46
1.5186396586934792e-43,0.6200886482897419,0.661,0.621,2.8740255540774094e-39,10,DDIT4,47
1.5608303141318973e-40,0.262864114273623,0.784,0.848,2.9538713694946157e-36,10,YWHAZ,48
2.5665192662747968e-39,0.25167616888075317,0.822,0.865,4.857137711425053e-35,10,PFDN5,49
7.903979277290009e-39,1.3492667869805612,0.384,0.247,1.4958280782271343e-34,10,PFKFB3,50
1.7161275586861272e-38,0.7036481373422312,0.576,0.535,3.2477714048134957e-34,10,RBM3,51
1.742903018060031e-38,1.0247906147723933,0.489,0.379,3.2984439616786084e-34,10,IFNGR1,52
3.571535626113981e-38,1.0647062610618931,0.47,0.358,6.759131172420709e-34,10,NFKB1,53
2.198231365657222e-37,0.33896632257870296,0.814,0.748,4.160152859506293e-33,10,CD3E,54
6.239780302023982e-37,1.3535099641218262,0.368,0.233,1.1808784221580386e-32,10,ZC3H12A,55
1.8189421439777777e-36,0.29585569277200596,0.791,0.835,3.4423480074779445e-32,10,HSP90AB1,56
6.776937975090221e-35,0.4389843446097137,0.685,0.686,1.2825355117858242e-30,10,LDHA,57
1.096794047182654e-34,0.35082433539600544,0.721,0.753,2.075682734293173e-30,10,SRSF7,58
2.5287142435571942e-34,0.8100745487302978,0.535,0.474,4.78559170593199e-30,10,G3BP2,59
4.880800517343472e-33,0.43929628324450487,0.678,0.617,9.23691497907252e-29,10,CD3D,60
1.3469491756169906e-32,0.5845159258447294,0.598,0.557,2.5491013148551547e-28,10,SH2D2A,61
2.3192256378234233e-32,0.37546107496012837,0.754,0.699,4.389134519580829e-28,10,CD7,62
2.3503466082085653e-32,1.4304965445130102,0.329,0.204,4.44803095603471e-28,10,TTC39C,63
2.8082569148754367e-32,1.4952714309786395,0.291,0.162,5.314626211401764e-28,10,AQP3,64
1.2976357173980825e-31,0.27901228804930067,0.728,0.785,2.455775595175871e-27,10,ATP5MG,65
1.549984688341551e-31,1.1644759386725625,0.388,0.269,2.933346022686385e-27,10,BHLHE40,66
4.008373741183081e-31,0.5913216904689156,0.617,0.479,7.58584730518898e-27,10,CD8A,67
2.0008236874601867e-30,0.406419297653704,0.673,0.692,3.786558828518403e-26,10,SELENOK,68
4.410296708172105e-30,1.3329263334223418,0.322,0.198,8.346486520215709e-26,10,PHLDA1,69
9.820511386041469e-30,0.7255546430852524,0.533,0.494,1.858531779808348e-25,10,SEC61G,70
1.5471788518727263e-27,1.501012469107478,0.275,0.16,2.9280359771691344e-23,10,TRAF1,71
3.414655304001677e-27,1.0600762807598423,0.397,0.295,6.462235162823175e-23,10,SATB1,72
1.4118190961173294e-26,0.48925625370178194,0.641,0.62,2.671867639402046e-22,10,CD69,73
1.8084787948091214e-26,1.219214281367025,0.352,0.246,3.4225461191762623e-22,10,NINJ1,74
2.0688962708519694e-26,0.9270264001340214,0.445,0.364,3.915386192587352e-22,10,BIRC3,75
4.403294470259571e-25,0.8879007662202909,0.44,0.367,8.333234784966237e-21,10,RORA,76
5.126283085803292e-25,0.46089082230438505,0.608,0.595,9.70149073988273e-21,10,FAM177A1,77
5.554583042972452e-25,0.38781551533621617,0.633,0.661,1.0512048408825365e-20,10,SRSF2,78
7.638043803062207e-24,0.9689626533122764,0.371,0.262,1.4454997897295225e-19,10,CXCR6,79
7.872371899293906e-24,0.4815574944198926,0.576,0.6,1.4898463819413716e-19,10,SEC61B,80
3.2529274483451177e-22,0.2790484732504481,0.779,0.742,6.156165195993135e-18,10,CREM,81
2.2854204295574393e-21,1.1985044385522636,0.307,0.204,4.3251581629374536e-17,10,CD83,82
2.6232102598045153e-20,0.31440548389889145,0.727,0.733,4.964425416680045e-16,10,VIM,83
3.491248829091444e-20,0.9838304907955275,0.343,0.248,6.607188409055557e-16,10,KLRG1,84
6.863439578900768e-19,0.30933501105931205,0.614,0.688,1.2989059403069704e-14,10,PCBP1,85
1.0282165971728156e-18,1.2423106996831876,0.28,0.192,1.9458999101495535e-14,10,PER1,86
1.110435688170914e-17,0.3654660434767578,0.588,0.64,2.1014995398634548e-13,10,UQCR11,87
1.9095352180918937e-17,1.0902198351619425,0.304,0.22,3.613795400238909e-13,10,ERN1,88
3.0452499973163636e-17,0.32755430212533954,0.623,0.648,5.763135619921218e-13,10,YPEL5,89
4.9790885159474566e-17,0.3966549664001908,0.653,0.621,9.422925016430562e-13,10,CCL4,90
1.239161547417362e-16,1.1517486017658096,0.286,0.206,2.3451132284873577e-12,10,MGAT4A,91
1.5819957481520567e-16,0.4783433833612425,0.531,0.55,2.993926953377767e-12,10,DNAJB6,92
5.2637165983305515e-16,0.410044108162797,0.564,0.611,9.961583662340569e-12,10,SQSTM1,93
1.624654948531779e-15,0.36268521711946633,0.566,0.631,3.074659490096392e-11,10,POLR2L,94
2.5118443224672163e-15,0.7615190610244167,0.402,0.363,4.753665380269207e-11,10,RELB,95
4.851004849505669e-15,0.41411644814892634,0.555,0.572,9.180526677689479e-11,10,ZFP36L1,96
3.004386185713762e-14,0.3583868419295184,0.584,0.639,5.685800856463294e-10,10,MCL1,97
4.529564715819299e-14,0.3812891822194535,0.549,0.601,8.572201224688024e-10,10,NDUFS5,98
4.914153480094352e-14,0.4213082011027618,0.544,0.571,9.300035461078562e-10,10,ISG20,99
5.6648093770423e-14,0.9939556963637879,0.317,0.256,1.0720651746052553e-9,10,PRNP,100
1.1101187603369013e-13,0.2917627449563742,0.608,0.675,2.1008997539375857e-9,10,TGFB1,101
1.5510518351276176e-13,0.7444692388192349,0.384,0.339,2.9353655979790164e-9,10,TUBB,102
2.51783005910528e-13,1.0247920436066589,0.264,0.191,4.764993386856742e-9,10,FLT3LG,103
2.620187437080047e-13,0.5190644241225422,0.501,0.464,4.958704724673989e-9,10,RGCC,104
4.1410838118079765e-13,0.2646646057117241,0.591,0.678,7.837001113846596e-9,10,PCBP2,105
4.371022966047765e-13,0.4004266010773936,0.533,0.578,8.272160963245395e-9,10,KMT2E,106
1.0569229872581089e-12,0.4099243319763448,0.526,0.567,2.000226753385971e-8,10,GNG2,107
1.3145973166443804e-12,0.5466826190915093,0.447,0.419,2.4878754217494898e-8,10,DUSP5,108
1.5827050224737857e-12,1.114228322632178,0.257,0.186,2.99526925503164e-8,10,BCL2A1,109
2.434137562331586e-12,0.5535859186067045,0.453,0.436,4.6066053367125266e-8,10,ID2,110
2.601449417202292e-12,0.4588971780452815,0.498,0.55,4.9232430220553375e-8,10,CDC37,111
2.8502274787848766e-12,1.1216115884530704,0.253,0.188,5.394055503600379e-8,10,PRR7,112
2.882382699330774e-11,0.5739588384114469,0.439,0.447,5.454909258483489e-7,10,HNRNPUL1,113
4.412414673303359e-11,0.8687190994386675,0.321,0.273,8.350494769226608e-7,10,NFKBIZ,114
7.467543251876378e-11,0.5848436216457285,0.421,0.42,1.4132325604176046e-6,10,BCL3,115
1.9288395448295646e-10,0.8211744361611455,0.311,0.26,3.650328838589951e-6,10,AC004687.1,116
2.2432282253702315e-10,0.9004755410412242,0.306,0.262,4.245309416513163e-6,10,CCDC107,117
2.8212217505750614e-10,0.25437822778200614,0.552,0.648,5.339162162963304e-6,10,RAN,118
3.6862349981079137e-10,0.400532372026845,0.485,0.531,6.976199733919226e-6,10,HMGN1,119
7.244958808289823e-10,0.2627187675335527,0.556,0.656,1.371108454468849e-5,10,GUK1,120
7.442313383345757e-10,0.47516950156517,0.47,0.476,1.4084578077981846e-5,10,GADD45B,121
1.2168351199925257e-9,0.2865569446031895,0.549,0.624,2.302860464585855e-5,10,FYN,122
1.2872881576892677e-9,0.2944150297656192,0.533,0.622,2.4361928384269393e-5,10,COX7A2,123
1.8447714567580345e-9,0.3321789789439755,0.522,0.566,3.49122998191458e-5,10,ADGRE5,124
2.8552818057185815e-9,0.33305353933065707,0.552,0.585,5.403620817322415e-5,10,TUBA4A,125
3.84300529081666e-9,0.6138429986362048,0.375,0.351,7.272887512870529e-5,10,SOCS1,126
6.708947177692513e-9,0.6639413601411615,0.344,0.312,1.269668253378308e-4,10,TC2N,127
1.3586333651183442e-8,0.3849940270215364,0.481,0.522,2.5712136434864665e-4,10,TUBA1B,128
1.5628825496400083e-8,0.33236261520684307,0.501,0.554,2.957755225193716e-4,10,VPS37B,129
1.6291283220424245e-8,0.7795395839499153,0.322,0.295,3.0831253494652884e-4,10,PIM3,130
2.515031758792402e-8,0.5019469903959866,0.43,0.453,4.7596976035146205e-4,10,ATP5ME,131
2.601518921041518e-8,0.8516420108032621,0.295,0.263,4.923374558071073e-4,10,NFKB2,132
4.647637585245755e-8,0.27860624912575904,0.528,0.608,8.795654130077591e-4,10,BRD2,133
5.3009951919244885e-8,0.44791111399789596,0.44,0.464,0.0010032133400717095,10,FOSL2,134
6.828614228688419e-8,0.40578812269322295,0.46,0.513,0.0012923152427792833,10,SNRPG,135
1.7656151306342535e-7,0.45462904399692206,0.427,0.446,0.0033414266347253246,10,PDE4B,136
2.0410388908797555e-7,0.300939673845261,0.498,0.565,0.003862666100989937,10,PDCD4,137
3.2582636442046916e-7,0.4872321946422171,0.472,0.508,0.006166263946657379,10,MT2A,138
3.478334425948435e-7,0.5329453943832563,0.393,0.408,0.006582747901107413,10,STAT4,139
6.629897356099821e-7,0.2518580704266489,0.53,0.598,0.012547080746418911,10,LEPROTL1,140
9.558161290411097e-7,0.517596339900483,0.39,0.409,0.018088820242103,10,ROMO1,141
1.5648528663084667e-6,0.44228148235318443,0.416,0.437,0.02961484049488773,10,PAXX,142
2.5132356728063175e-6,0.5579073643540295,0.376,0.391,0.04756298510785956,10,ELOVL5,143
2.7094382278967162e-6,0.6115563613501227,0.325,0.309,0.05127611846294535,10,CDKN1A,144
2.873210579368041e-6,0.6544098777663825,0.322,0.313,0.05437551021454018,10,CSRNP1,145
3.6658201834915296e-6,0.2980364458574045,0.485,0.56,0.0693756469725772,10,BZW1,146
8.55896034988576e-6,0.254317502515919,0.501,0.601,0.161978324621588,10,RBM8A,147
8.667154103724209e-6,0.3171539851851186,0.481,0.549,0.16402589141298066,10,BTG2,148
2.956933335759328e-5,0.6049161912266134,0.33,0.335,0.5595996337924528,10,PARP8,149
4.625302027231953e-5,0.31475582945499925,0.458,0.516,0.8753384086536471,10,TUBB4B,150
0.007946596972899251,0.6330465487160498,0.253,0.256,1,10,UFM1,151
8.389164779951278e-5,0.5737957776131133,0.347,0.358,1,10,ISG15,152
5.248419420287079e-4,0.5611141654664731,0.322,0.343,1,10,TMED2,153
0.0012334793648412154,0.530991165374163,0.312,0.324,1,10,NDUFB1,154
1.8641760416157082e-4,0.5228377832332607,0.34,0.357,1,10,CNOT6L,155
0.00997414402364694,0.5049997920552556,0.273,0.28,1,10,FKBP11,156
0.0011528607549374193,0.48596964617217075,0.338,0.365,1,10,SKIL,157
2.0083784812090642e-4,0.47948340391523536,0.367,0.4,1,10,GPBP1,158
0.0010667554830526551,0.4320846900883206,0.368,0.409,1,10,DDX21,159
1.819621096707279e-4,0.4246539540154115,0.401,0.458,1,10,H2AFV,160
0.0014957244605497957,0.4237015408646412,0.334,0.34,1,10,STAT1,161
0.009808205254276581,0.4048401154322592,0.335,0.365,1,10,SLA,162
8.731401025258674e-4,0.39466615076650235,0.379,0.416,1,10,ARL4C,163
8.280481808642754e-5,0.378318030271954,0.426,0.454,1,10,MYADM,164
0.00525705559846182,0.36107182115418457,0.372,0.421,1,10,PRDX1,165
0.001657826899569166,0.35615825991183625,0.401,0.452,1,10,DDX3X,166
0.007489779748140268,0.3375261269952534,0.385,0.443,1,10,CCNH,167
5.606298522603768e-5,0.32860958161218923,0.427,0.426,1,10,JUN,168
0.004113259392935658,0.3040613751260084,0.408,0.47,1,10,ZFAS1,169
8.478316038581505e-5,0.2974875607444649,0.479,0.529,1,10,KLF6,170
0.006820524871746953,0.2649345390978026,0.424,0.503,1,10,TMEM258,171
0.004834629583492126,0.254981873332913,0.501,0.614,1,10,TSC22D3,172
1.2033753020107514e-4,0.25408046183253896,0.48,0.569,1,10,WIPF1,173
0.009039946687912352,0.25394463040859794,0.416,0.485,1,10,SEPT1,174
0.002504700981933431,0.2525088746293265,0.444,0.54,1,10,APRT,175
0.006277173641234705,0.25063574583831105,0.427,0.52,1,10,HNRNPA0,176
0,15.530622763111007,0.277,0,0,11,RBP7,1
0,12.496693677652503,0.329,0,0,11,CD300E,2
0,12.445019985247109,0.284,0,0,11,HNMT,3
0,12.26162630219387,0.326,0,0,11,LILRA2,4
0,12.103574554099778,0.25,0,0,11,AC020656.1,5
0,11.132346440143213,0.725,0.001,0,11,FCN1,6
0,11.052437556576836,0.711,0,0,11,CSTA,7
0,10.668445744125853,0.574,0,0,11,FPR1,8
0,10.436803785159368,0.485,0,0,11,SMIM25,9
0,10.346865407994807,0.452,0.001,0,11,S100A12,10
0,10.27679977519362,0.376,0,0,11,TMEM176A,11
0,10.225690547673828,0.254,0,0,11,EPB41L3,12
0,10.204044975938633,0.353,0,0,11,PAPSS2,13
0,10.199488381699322,0.49,0,0,11,CSF3R,14
0,10.007293238658214,0.528,0.001,0,11,VCAN,15
0,9.99552457046563,0.51,0.001,0,11,TMEM176B,16
0,9.96688347546468,0.295,0,0,11,LILRA1,17
0,9.797133937077698,0.524,0.001,0,11,CD14,18
0,9.717517312308521,0.331,0,0,11,CD33,19
0,9.629762800189575,0.58,0.001,0,11,PILRA,20
0,9.574899180391451,0.549,0.001,0,11,LGALS2,21
0,9.534740224543603,0.281,0,0,11,ANPEP,22
0,9.409705155866426,0.499,0.001,0,11,TNFAIP2,23
0,9.383016704191647,0.25,0,0,11,EREG,24
0,9.360841034153113,0.393,0.001,0,11,PLBD1,25
0,9.30480445953611,0.326,0,0,11,TREM1,26
0,9.264326975476886,0.518,0.001,0,11,C5AR1,27
0,9.141586933409108,0.442,0.001,0,11,CSF1R,28
0,8.883004574009236,0.277,0,0,11,SLC8A1,29
0,8.798761921537444,0.329,0.001,0,11,PRAM1,30
0,8.74400811447672,0.274,0,0,11,APOBEC3A,31
0,8.650940525773969,0.622,0.002,0,11,CLEC7A,32
0,8.62738503398808,0.423,0.001,0,11,LILRB3,33
0,8.498536381840935,0.392,0.001,0,11,LRP1,34
0,8.462915269989185,0.691,0.002,0,11,CPVL,35
0,8.433075394411794,0.831,0.003,0,11,SERPINA1,36
0,8.382316114971296,0.397,0.001,0,11,FCGR2A,37
0,8.379128911259569,0.587,0.002,0,11,NCF2,38
0,8.301862502107443,0.572,0.002,0,11,MAFB,39
0,8.281119624593796,0.958,0.007,0,11,LYZ,40
0,8.279621966166484,0.389,0.002,0,11,CD36,41
0,8.191624586953697,0.636,0.003,0,11,IGSF6,42
0,8.049758653192708,0.605,0.003,0,11,LILRB2,43
0,8.02943788531752,0.251,0.001,0,11,CDC42EP2,44
0,8.00123102795295,0.412,0.001,0,11,CLEC4A,45
0,7.993786939184114,0.459,0.002,0,11,LILRA5,46
0,7.95969417969947,0.4,0.002,0,11,G0S2,47
0,7.889046460350746,0.729,0.006,0,11,S100A9,48
0,7.867425080933854,0.493,0.003,0,11,SLC7A7,49
0,7.82716626766086,0.593,0.003,0,11,CD302,50
0,7.826815696903233,0.441,0.002,0,11,RAB32,51
0,7.799159772090984,0.643,0.007,0,11,S100A8,52
0,7.731301358684362,0.416,0.004,0,11,IL1B,53
0,7.700235497295495,0.636,0.004,0,11,MS4A7,54
0,7.698903461267392,0.469,0.002,0,11,ZNF385A,55
0,7.651163492070323,0.364,0.002,0,11,KCTD12,56
0,7.50198870001083,0.305,0.003,0,11,CXCL8,57
0,7.41862492796605,0.67,0.004,0,11,CFP,58
0,7.413631771448598,0.258,0.001,0,11,SHTN1,59
0,7.40176928739611,0.271,0.001,0,11,CSF2RA,60
0,7.397548829415956,0.323,0.001,0,11,CD300C,61
0,7.3105946445943095,0.33,0.002,0,11,ADGRE2,62
0,7.2288789893447625,0.657,0.004,0,11,HCK,63
0,7.175945633967556,0.39,0.002,0,11,LRRC25,64
0,7.157247064351639,0.466,0.003,0,11,C19orf38,65
0,7.153303496145834,0.301,0.002,0,11,CD93,66
0,7.123461897046278,0.306,0.002,0,11,TLR2,67
0,7.116572157844468,0.48,0.004,0,11,ALDH2,68
0,7.090704729601178,0.261,0.002,0,11,CXCL2,69
0,7.069553249758381,0.367,0.002,0,11,PLXDC2,70
0,7.041406238067953,0.681,0.007,0,11,CFD,71
0,6.882154142018984,0.253,0.002,0,11,PLXNB2,72
0,6.751303979682013,0.357,0.003,0,11,DMXL2,73
0,6.681797118231413,0.299,0.002,0,11,TNFSF13,74
0,6.662486593971863,0.251,0.002,0,11,DAPK1,75
0,6.61089868313328,0.806,0.011,0,11,CD68,76
0,6.524584532983477,0.324,0.003,0,11,IRAK3,77
0,6.448637934470035,0.324,0.003,0,11,SULF2,78
0,6.426611021933427,0.413,0.004,0,11,SLC11A1,79
0,6.418833350610177,0.636,0.007,0,11,MPEG1,80
0,6.377140569128949,0.542,0.006,0,11,CD86,81
0,6.345763794548266,0.857,0.013,0,11,SPI1,82
0,6.283675938785243,0.992,0.027,0,11,CST3,83
0,6.263981065535962,0.671,0.009,0,11,RAB31,84
0,6.224644571977092,0.456,0.006,0,11,KLF4,85
0,6.194142170311235,0.288,0.003,0,11,ADAP2,86
0,6.17401427985676,0.39,0.005,0,11,RBM47,87
0,6.108538464825151,0.756,0.012,0,11,MNDA,88
0,6.0702399343795665,0.624,0.012,0,11,MS4A6A,89
0,6.043477395980311,0.261,0.003,0,11,LRRK2,90
0,6.033774377130347,0.288,0.003,0,11,FGD4,91
0,5.82957750293883,0.275,0.004,0,11,LILRB4,92
0,5.819827194731569,0.313,0.005,0,11,MCTP1,93
0,5.795499151412857,0.824,0.021,0,11,IFI30,94
0,5.764923600707993,0.708,0.013,0,11,CYBB,95
0,5.663979307526514,0.324,0.005,0,11,CTSL,96
0,5.656293308256033,0.969,0.032,0,11,AIF1,97
0,5.6100914207405,0.466,0.009,0,11,CLEC12A,98
0,5.519651815216138,0.341,0.006,0,11,TIMP2,99
0,5.45139259693074,0.466,0.01,0,11,MARCKS,100
0,5.407009873098212,0.254,0.004,0,11,HBEGF,101
0,5.339192509798769,0.271,0.006,0,11,RGS18,102
0,5.337033382696283,0.402,0.009,0,11,KYNU,103
0,5.264915077305052,0.49,0.012,0,11,TGFBI,104
0,5.215805841686985,0.287,0.007,0,11,SECTM1,105
0,5.053607627578289,0.279,0.007,0,11,RNF144B,106
0,4.957241457846826,0.35,0.009,0,11,RAB20,107
0,4.9212056310326195,0.263,0.008,0,11,SULT1A1,108
0,4.907799759800327,0.442,0.014,0,11,HMOX1,109
0,4.8953318516826005,0.622,0.02,0,11,TNFSF13B,110
0,4.747258027634356,0.515,0.015,0,11,LY86,111
0,4.722218408958202,0.337,0.009,0,11,MARCH1,112
0,4.711689082934825,0.542,0.019,0,11,IFNGR2,113
0,4.711319712995872,0.354,0.009,0,11,ALOX5,114
0,4.704103561319024,0.364,0.009,0,11,SCIMP,115
0,4.625790508654831,0.396,0.013,0,11,EMILIN2,116
0,4.568555945101845,0.382,0.014,0,11,SLC43A2,117
0,4.533206645198781,0.903,0.058,0,11,LST1,118
0,4.505350422464958,0.316,0.012,0,11,NAIP,119
0,4.395101489877316,0.424,0.018,0,11,LY96,120
0,4.382731395002406,0.406,0.016,0,11,ITGAX,121
0,4.339345455399105,0.482,0.021,0,11,BASP1,122
0,4.291836049621743,0.27,0.009,0,11,UBE2E2,123
0,4.279564632333848,0.382,0.015,0,11,PHACTR1,124
0,4.270947737831557,0.301,0.013,0,11,NLRP3,125
0,4.18371856434945,0.407,0.018,0,11,RNASE6,126
0,4.160718705270066,0.645,0.048,0,11,PLAUR,127
0,4.099833381898302,0.75,0.049,0,11,FCGRT,128
0,4.025395885528168,0.529,0.029,0,11,CALHM6,129
0,3.9464959885905113,0.265,0.014,0,11,GPAT3,130
0,3.9257019512508293,0.263,0.013,0,11,MGST2,131
0,3.923836195322927,0.288,0.012,0,11,FGD2,132
0,3.9105407304845308,0.395,0.021,0,11,SLC31A2,133
0,3.8862967854097814,0.444,0.026,0,11,CPPED1,134
0,3.8604011336368917,0.296,0.013,0,11,BTK,135
0,3.85522462523949,0.386,0.021,0,11,SMCO4,136
0,3.788163919572797,0.794,0.064,0,11,FGL2,137
0,3.7755046872249665,0.271,0.014,0,11,GAS7,138
0,3.77488527505109,0.407,0.023,0,11,CCDC88A,139
0,3.7558202839489194,0.777,0.071,0,11,GRN,140
0,3.720510015869251,0.497,0.033,0,11,GCA,141
0,3.7131808028334286,0.348,0.02,0,11,IL6R,142
0,3.706264189936935,0.403,0.03,0,11,DUSP6,143
0,3.5786197352467224,0.778,0.097,0,11,TIMP1,144
0,3.551842982713692,0.494,0.038,0,11,TBXAS1,145
0,3.546072777286376,0.685,0.062,0,11,RNF130,146
0,3.532704177225499,0.353,0.024,0,11,LILRB1,147
0,3.4797971787325066,0.285,0.019,0,11,DPYSL2,148
0,3.472844457676176,0.261,0.016,0,11,FNIP2,149
0,3.435541856302086,0.565,0.037,0,11,MEF2C,150
0,3.4349159099180544,0.303,0.023,0,11,RXRA,151
0,3.4146793123880963,0.763,0.071,0,11,C1orf162,152
0,3.262037138902841,0.308,0.025,0,11,OGFRL1,153
0,3.2249275028894946,0.26,0.018,0,11,RASSF4,154
0,3.223787628986633,0.5,0.049,0,11,CXCL16,155
0,3.214680040468373,0.351,0.027,0,11,C9orf72,156
0,3.2070038522462396,0.538,0.051,0,11,THEMIS2,157
0,3.161526801381104,0.574,0.061,0,11,CTSH,158
0,3.1539561787139014,0.338,0.03,0,11,MPP1,159
0,3.147914262606236,0.546,0.064,0,11,WARS,160
0,3.1185115782388206,0.688,0.082,0,11,CTSZ,161
0,3.103129699144466,0.588,0.063,0,11,LGALS9,162
0,3.085347177320902,0.795,0.108,0,11,BRI3,163
0,3.049230476917125,0.775,0.104,0,11,TYMP,164
0,3.0360110873829234,0.31,0.025,0,11,NAGA,165
0,2.978643163371066,0.379,0.039,0,11,CREG1,166
0,2.958643302320958,0.704,0.103,0,11,CTSB,167
0,2.940599023738997,0.485,0.052,0,11,ODF3B,168
0,2.9092915272144744,0.956,0.151,0,11,FCER1G,169
0,2.8360710056092024,0.853,0.165,0,11,IFITM3,170
0,2.8199490556219535,0.77,0.119,0,11,LGALS3,171
0,2.817523596951269,0.788,0.129,0,11,AP1S2,172
0,2.6351562079220314,0.949,0.246,0,11,CTSS,173
0,2.623960504699217,0.662,0.106,0,11,APLP2,174
0,2.604522041982859,0.67,0.106,0,11,FGR,175
0,2.5765961865951805,0.718,0.133,0,11,ASAH1,176
0,2.4851866786158086,0.607,0.104,0,11,BLVRB,177
0,2.4593875519668185,0.889,0.207,0,11,NPC2,178
0,2.425004331092137,0.619,0.113,0,11,PPT1,179
0,2.373218696914347,0.806,0.165,0,11,PYCARD,180
0,2.3356393454339583,0.805,0.189,0,11,TKT,181
0,2.2867673535668382,0.959,0.275,0,11,HLA-DRA,182
0,2.128452181453641,0.951,0.274,0,11,TYROBP,183
0,2.059828431569287,0.889,0.253,0,11,LGALS1,184
0,2.00035858360984,0.968,0.408,0,11,PSAP,185
0,1.693063714701394,0.986,0.465,0,11,S100A11,186
6.20754e-319,2.698942421216999,0.395,0.046,1.174776867e-314,11,SYK,187
8.26295e-319,2.472547195569893,0.49,0.071,1.563763569e-314,11,C20orf27,188
2.199416748e-314,2.8547945165122153,0.353,0.037,4.1623961959917e-310,11,UBE2R2,189
3.9645359836e-314,2.8921113065301025,0.407,0.051,7.5028843489765e-310,11,SGK1,190
1.51241768537e-313,3.1571844395636934,0.253,0.018,2.86225046955604e-309,11,CAMK1,191
3.765588733050074e-309,3.2677077630490183,0.264,0.02,7.126376677297266e-305,11,FBP1,192
1.404774590556209e-308,2.1765337896173387,0.677,0.141,2.6585359126276258e-304,11,LYN,193
3.078731725989367e-302,2.4942386937817043,0.489,0.075,5.826499791434877e-298,11,HLA-DMB,194
1.8952324817177798e-299,2.3591839787889466,0.601,0.116,3.586727471650898e-295,11,LTA4H,195
9.035126173229135e-297,3.0583757312573585,0.383,0.049,1.7098976282836137e-292,11,IER3,196
3.9898394471786295e-296,2.3454961029141956,0.718,0.192,7.550771153785556e-292,11,SOD2,197
4.493475317279264e-295,2.859683907521719,0.347,0.039,8.503902037951007e-291,11,OAS1,198
1.3017291998620976e-291,2.8631516342217394,0.305,0.03,2.4635225107390198e-287,11,HEBP1,199
5.674964140723237e-291,2.682817094470827,0.346,0.038,1.0739869636318727e-286,11,GK,200
1.3699682180938955e-287,2.4455866155264436,0.51,0.086,2.592664852742697e-283,11,CAPG,201
3.9175416443510645e-286,2.6276925559426725,0.354,0.041,7.413947561934389e-282,11,UNC93B1,202
2.9695922652960397e-282,2.09591132394874,0.767,0.223,5.6199533620727554e-278,11,HLA-DRB5,203
1.2378382871444624e-281,2.2247995480614935,0.711,0.181,2.342608958420895e-277,11,STXBP2,204
6.840368703135754e-278,2.2202738474595343,0.565,0.106,1.2945397770684413e-273,11,GRINA,205
2.7515855157681195e-276,2.2447518620337448,0.579,0.114,5.207375588591166e-272,11,BID,206
3.5496067601928137e-276,1.8750059504682897,0.881,0.304,6.7176307936649e-272,11,TSPO,207
2.004325060557494e-273,3.6419015166462767,0.253,0.022,3.793185177105057e-269,11,C15orf48,208
1.556243600566472e-272,2.2163357123414484,0.559,0.106,2.945191014072048e-268,11,ADA2,209
1.5026725935998554e-270,2.309128723494763,0.435,0.064,2.8438078833877262e-266,11,CD4,210
1.4474822097978662e-269,2.2128964093280086,0.506,0.086,2.7393600820424616e-265,11,MFSD1,211
1.0080515942321105e-268,2.3739422595318187,0.399,0.055,1.9077376420842693e-264,11,FAM49A,212
3.0353319713154798e-266,2.9658970961131628,0.275,0.027,5.744365755714546e-262,11,GNAQ,213
5.061553679740869e-261,3.071299407569596,0.263,0.025,9.578990338909595e-257,11,FES,214
5.34289091495815e-259,1.774572533925921,0.836,0.285,1.0111421056558298e-254,11,ANXA5,215
7.046739705007837e-257,2.390386096608428,0.433,0.068,1.3335954891727333e-252,11,POU2F2,216
3.079798138021287e-256,2.5602717500976744,0.351,0.045,5.828517976205286e-252,11,ETS2,217
5.206046568700259e-249,1.3589958017072297,0.958,0.532,9.852443131265241e-245,11,SAT1,218
1.6375723277443386e-248,2.317490036053495,0.365,0.049,3.099105630256161e-244,11,SH2B3,219
4.563167984786752e-247,2.0343558117227616,0.64,0.152,8.635795411208929e-243,11,PTPRE,220
5.240352579848059e-247,2.2110543820983195,0.538,0.108,9.917367257362453e-243,11,PLSCR1,221
1.2619114558020418e-241,1.4006977596846872,0.959,0.472,2.388167430105364e-237,11,COTL1,222
2.4848150431629787e-241,2.195783278338614,0.534,0.108,4.702512469185937e-237,11,CRTAP,223
2.5146795335058813e-238,2.679818491557738,0.32,0.041,4.7590310171598806e-234,11,UBXN11,224
3.009271193577701e-238,2.2466761917342954,0.534,0.11,5.695045733845799e-234,11,PGD,225
3.2482307850316734e-238,2.8586557525679717,0.258,0.026,6.147276760672442e-234,11,NUDT16,226
3.379325544735889e-238,2.0825800384454833,0.546,0.112,6.39537359341267e-234,11,JAML,227
7.281643181473232e-238,2.2355613790753752,0.426,0.069,1.3780509720938092e-233,11,PAK1,228
3.5112989959700723e-236,2.5146676812037465,0.327,0.042,6.645133349873362e-232,11,QKI,229
4.6956105748282024e-234,1.720208990085983,0.815,0.262,8.886443012862373e-230,11,SAMHD1,230
5.388747753192795e-234,2.4048619624129994,0.367,0.053,1.0198205122917364e-229,11,GNS,231
3.1891656731577618e-232,1.9039147884946788,0.691,0.188,6.035496036451064e-228,11,CEBPB,232
8.557129106817228e-231,2.2278558056546682,0.454,0.081,1.6194366834651604e-226,11,SNX10,233
3.237611213039559e-225,2.524455052401816,0.334,0.047,6.127179220677365e-221,11,SCPEP1,234
9.533976423804844e-224,1.3482853670507513,0.944,0.493,1.8043050382050668e-219,11,HLA-DRB1,235
1.7280343815124233e-222,0.7720100366873206,0.994,0.913,3.2703050670122613e-218,11,FTL,236
4.402411150347741e-219,1.92588166859599,0.697,0.209,8.3315631020331e-215,11,HLA-DQB1,237
4.873608953360029e-219,2.740546179958618,0.277,0.033,9.223304944233855e-215,11,BX284668.5,238
8.250293882191103e-219,2.330136179603176,0.414,0.073,1.5613681172046663e-214,11,CUX1,239
1.0601103611436584e-218,1.7549553549430033,0.778,0.243,2.0062588584643737e-214,11,TALDO1,240
3.0708266573752596e-218,1.867417626197692,0.681,0.195,5.811539449082679e-214,11,HLA-DMA,241
5.6796330352712444e-217,2.5979616877525835,0.317,0.044,1.074870551925083e-212,11,GSN,242
5.240724847491669e-216,1.5365817278282548,0.89,0.382,9.918071773877985e-212,11,NEAT1,243
8.001732571288073e-216,2.275187691862266,0.302,0.039,1.514327889116268e-211,11,ZMIZ1,244
1.1753716327328659e-215,2.5887961288674646,0.319,0.044,2.2243908149469485e-211,11,ACSL1,245
6.3813689316932435e-214,2.542952306133124,0.298,0.039,1.2076740703229463e-209,11,NCF4,246
1.3489311877769391e-212,1.7540732399533763,0.723,0.206,2.5528522728678572e-208,11,PGLS,247
1.1616770860828738e-211,2.2484537303897216,0.448,0.087,2.1984738854118386e-207,11,NUP214,248
8.955602437361363e-211,1.1976054003661187,0.972,0.596,1.694847761270638e-206,11,GABARAP,249
1.931334737286174e-201,1.7313978221391348,0.719,0.217,3.6550509903140847e-197,11,AP2S1,250
7.057789177689353e-200,1.7934256106385635,0.633,0.172,1.33568660187771e-195,11,BCL2A1,251
1.1460166931139203e-199,1.8134742146922158,0.621,0.161,2.168836591718094e-195,11,TRAPPC5,252
1.654872545477774e-199,2.3079491859023853,0.331,0.05,3.131846292316687e-195,11,LACTB,253
7.638909573697206e-196,2.246432247551544,0.34,0.054,1.4456636368221963e-191,11,EIF4EBP1,254
8.378833296054128e-194,1.6820710755330641,0.691,0.202,1.5856942012782438e-189,11,VSIR,255
2.3122784611672297e-192,2.322616611884779,0.347,0.057,4.3759869877589824e-188,11,BLVRA,256
2.403942187866453e-191,1.75008745017358,0.65,0.182,4.5494605905372625e-187,11,HSBP1,257
3.633626768971746e-189,2.2072015625594643,0.316,0.048,6.876638660279029e-185,11,TET2,258
3.537585684997899e-187,1.713561033129356,0.618,0.166,6.694880908858524e-183,11,GSTO1,259
7.231002545758329e-187,2.4750490675362427,0.26,0.034,1.3684672317847638e-182,11,NBPF14,260
1.6709219084541943e-185,2.242504143237385,0.277,0.038,3.162219711749563e-181,11,SPINT2,261
2.530151962065493e-183,1.561776822976537,0.725,0.225,4.7883125882089454e-179,11,CEBPD,262
4.529881097468979e-183,2.3395969507337906,0.271,0.037,8.572799976960043e-179,11,RP2,263
8.693241849760886e-183,2.069725271801281,0.322,0.051,1.6451960200672477e-178,11,SNN,264
2.6478035010857352e-179,2.4104440740156443,0.26,0.035,5.010968125804754e-175,11,DAPP1,265
1.8969958095097547e-178,1.7656282991272918,0.588,0.163,3.5900645694972108e-174,11,MGAT1,266
8.572178275057849e-177,1.8090776805996613,0.466,0.102,1.622284738554698e-172,11,MYD88,267
1.0450604486106016e-176,2.3879005196032987,0.281,0.041,1.9777768989955634e-172,11,EHBP1L1,268
1.019061770365458e-173,1.7731616816420464,0.51,0.121,1.9285744004166293e-169,11,TPP1,269
1.2316431508433562e-173,1.9590962631968116,0.544,0.147,2.3308846629710518e-169,11,NCF1,270
1.2886519645564053e-173,2.04759354677586,0.347,0.061,2.4387738429229972e-169,11,SH3BP2,271
6.885804017373618e-170,1.5585101141565834,0.754,0.285,1.303138410287957e-165,11,SERPINB1,272
8.418604100645538e-168,2.27432898183239,0.282,0.043,1.593220826047168e-163,11,AMPD2,273
1.1713945923559887e-166,1.7801559990144624,0.51,0.129,2.2168642660337087e-162,11,PECAM1,274
2.4231478817595688e-166,1.7610346953516618,0.492,0.118,4.5858073662299835e-162,11,HACD4,275
1.2715412238632394e-164,1.538308914340696,0.674,0.212,2.4063917661611806e-160,11,H2AFY,276
2.381151520058208e-164,2.4140808853209856,0.251,0.036,4.5063292517101587e-160,11,ATP13A3,277
2.98861891920256e-160,1.9767141748309864,0.346,0.065,5.655961304590846e-156,11,PLEC,278
3.0672549458282165e-160,1.7594759532500912,0.539,0.147,5.8047799849799e-156,11,GLRX,279
1.182329911049945e-159,1.6054409970019112,0.532,0.138,2.237559356662021e-155,11,YBX3,280
6.46216146097434e-159,1.8063077643635845,0.414,0.09,1.2229640564893938e-154,11,NAAA,281
4.055659442122729e-158,1.842528458203338,0.459,0.11,7.675335494217266e-154,11,BACH1,282
1.0185380749480983e-157,1.799751425257245,0.44,0.101,1.9275833068392762e-153,11,NAGK,283
6.034953250790274e-157,1.4042673368682208,0.761,0.304,1.1421149027120594e-152,11,ANXA2,284
1.146068621182422e-156,1.8047259179120951,0.525,0.145,2.1689348655877337e-152,11,GLUL,285
1.9837963141858713e-156,0.9617886665896509,0.945,0.724,3.7543345245967614e-152,11,S100A6,286
2.935944719170301e-154,2.2499887162590944,0.291,0.05,5.556275381029795e-150,11,ARAP1,287
5.138845662011799e-154,1.23188733422857,0.854,0.5,9.725265415357329e-150,11,HLA-DPA1,288
1.7972967248189002e-153,2.1186412131280963,0.263,0.04,3.4013840517197684e-149,11,RALB,289
2.783824857578318e-153,2.0613060622995256,0.334,0.064,5.268388542966968e-149,11,NOTCH2,290
2.9338885283888193e-153,1.5069837069672491,0.662,0.214,5.552384039975841e-149,11,ARRB2,291
4.523299128603811e-153,2.2166972072213857,0.344,0.069,8.560343600882712e-149,11,FAM45A,292
5.5553366991212e-153,1.7676036123629477,0.413,0.091,1.051347470308687e-148,11,SERPINB6,293
2.1793660492595516e-152,1.5992947110892364,0.676,0.261,4.124450248223702e-148,11,NAMPT,294
3.1087242044338044e-152,1.9424339847046785,0.35,0.069,5.883260556890975e-148,11,RNPEP,295
8.085738839753441e-152,1.9620468711753096,0.438,0.108,1.5302260754233387e-147,11,CTSD,296
4.169974028698509e-151,1.7263754227146455,0.427,0.097,7.891675849311928e-147,11,MAN2B1,297
3.6082543829263627e-150,2.1300658446837017,0.327,0.063,6.828621419688141e-146,11,TRMT1,298
2.623487039248541e-149,1.7869122772066097,0.41,0.093,4.9649492217778635e-145,11,PRCP,299
8.65947000773232e-149,1.7663938678646205,0.463,0.116,1.6388046989633416e-144,11,ATP6V1B2,300
1.1104999215836919e-148,0.587169311553327,0.99,0.891,2.101621101597137e-144,11,CD74,301
1.6386002154702165e-148,1.9882306136127692,0.302,0.054,3.1010509077773847e-144,11,CTNNA1,302
3.740018508309822e-147,1.6672361482872406,0.511,0.137,7.077985026976339e-143,11,ATOX1,303
6.478922313658987e-145,2.0665280023966033,0.319,0.062,1.2261360478599632e-140,11,ATP2B1-AS1,304
1.3725755853220694e-144,0.7793949959624502,0.985,0.723,2.597599295222016e-140,11,VIM,305
1.3231142600248374e-143,1.9480367971899963,0.312,0.059,2.503993737097005e-139,11,ETV6,306
3.323375660187902e-143,1.724668184192611,0.376,0.081,6.289488436905605e-139,11,PICALM,307
4.803211608124477e-143,1.6620149181590895,0.417,0.097,9.090077968375573e-139,11,TNFRSF1A,308
1.0546621496161779e-141,1.6584833780121062,0.442,0.109,1.9959481181486167e-137,11,CAT,309
1.746352135789759e-141,1.7676629594643027,0.331,0.065,3.304971416982119e-137,11,MANBA,310
2.6404443947096475e-141,1.303170428027613,0.806,0.321,4.997041016988008e-137,11,LAMTOR4,311
2.4167326772896865e-140,1.5513547001393533,0.548,0.162,4.5736665917707315e-136,11,LIMS1,312
1.2981000310144286e-139,2.0482589277478875,0.261,0.044,2.4566543086948063e-135,11,NAPRT,313
4.366982419468626e-137,1.238448132524551,0.83,0.377,8.264514228844374e-133,11,RAC1,314
1.9052504584765164e-135,1.9110875280287665,0.423,0.112,3.6056864926668075e-131,11,PPIF,315
5.0903468427315344e-135,1.8092716631857102,0.309,0.06,9.633481399869428e-131,11,DDAH2,316
1.1317102729092598e-134,1.8840011658396447,0.338,0.072,2.141761691480774e-130,11,RASSF2,317
2.590405253648709e-134,1.6505793582002113,0.419,0.103,4.902341942530182e-130,11,NBPF26,318
4.769576558869931e-134,1.7036656326669883,0.351,0.076,9.026423637661344e-130,11,MAPKAPK3,319
1.0258393278115238e-133,1.363134359897376,0.677,0.234,1.9414009278833087e-129,11,ZYX,320
1.1475283683764054e-130,1.9937082697516182,0.278,0.052,2.1716974371523473e-126,11,CHP1,321
3.117297244561034e-130,1.632346369921838,0.341,0.073,5.8994850353317565e-126,11,ACOT9,322
7.324108883947515e-130,1.228305338862517,0.799,0.349,1.3860876062870671e-125,11,FKBP1A,323
1.8718497128683625e-128,1.2574460797237488,0.77,0.317,3.542475581603376e-124,11,ATP6V0B,324
2.0372500343810484e-127,2.0573127899671664,0.264,0.048,3.855495690066134e-123,11,HOTAIRM1,325
4.961767718480778e-126,1.5119132017744306,0.426,0.109,9.390145407224873e-122,11,ACAA1,326
9.16051275116827e-125,1.2942876773022425,0.746,0.3,1.7336270381585952e-120,11,CARD16,327
4.9812360416293924e-124,0.44913157239511925,1,0.964,9.426989208783626e-120,11,FTH1,328
3.376830131443158e-123,1.7908575279914913,0.324,0.071,6.390651023756176e-119,11,NUMB,329
1.498742317667943e-122,2.06219324453729,0.254,0.047,2.836369836186582e-118,11,PRKCD,330
1.6327152802710235e-122,1.3876668543348143,0.619,0.214,3.089913667912912e-118,11,EVI2B,331
1.7188886032913097e-122,1.4411190674076204,0.566,0.183,3.2529966817288038e-118,11,CASP1,332
7.859012423244787e-122,1.3037477334793444,0.674,0.254,1.487318101099076e-117,11,RNH1,333
8.158159048363157e-120,1.1023117372407305,0.867,0.433,1.5439315999027274e-115,11,GNG5,334
8.842646813703942e-120,0.8723569572974403,0.935,0.639,1.6734709094934709e-115,11,S100A10,335
1.5017325066243624e-119,1.697281665124676,0.309,0.066,2.842028768786606e-115,11,STX7,336
2.3353420542661712e-119,1.377272394897676,0.615,0.22,4.419634837698729e-115,11,PLEK,337
2.780865647934105e-119,1.2255724767826892,0.747,0.297,5.262788238715294e-115,11,SEC11A,338
9.666548298636329e-119,1.3250585370219936,0.593,0.2,1.8293942655169253e-114,11,PTPN6,339
7.469520432988301e-118,1.3361860573703903,0.652,0.236,1.413606741943036e-113,11,ATP6V0D1,340
8.656623884218407e-118,1.3801204560998959,0.597,0.205,1.6382660700883334e-113,11,C4orf48,341
1.4061529932111586e-115,1.914652023226906,0.27,0.054,2.6611445396521174e-111,11,CCRL2,342
1.8746819458224664e-115,1.4098359916979863,0.559,0.195,3.5478355824690175e-111,11,CD83,343
1.0317529928284575e-114,1.4176005385396637,0.518,0.162,1.9525925389278557e-110,11,GLIPR2,344
2.6275413717231437e-114,1.3768293410419674,0.545,0.175,4.972622045986049e-110,11,NCOA4,345
2.947398769251217e-113,1.5360784801354417,0.395,0.103,5.577952170807929e-109,11,ZNF106,346
3.9787687976340596e-113,1.3661843293550442,0.563,0.19,7.529819949522458e-109,11,RILPL2,347
8.31014894473433e-113,1.5089311752961865,0.431,0.121,1.5726956877909719e-108,11,CAPNS1,348
1.1912406033245831e-112,1.8210033700613013,0.258,0.051,2.2544228417917736e-108,11,PLXNC1,349
1.9627819686006648e-112,1.3853210039083828,0.545,0.177,3.714564875576758e-108,11,ATG3,350
5.733133948111754e-112,1.8294772098220413,0.27,0.055,1.0849955996801494e-107,11,MBOAT7,351
1.1689197877905018e-110,1.5219603182698629,0.371,0.095,2.2121806983935246e-106,11,VMA21,352
6.31708013194798e-110,1.598908856404046,0.348,0.086,1.1955074149711551e-105,11,GNG10,353
7.13896198778736e-110,1.4601423424469653,0.347,0.084,1.351048556188758e-105,11,ATF3,354
7.455303671934066e-110,1.874510404805914,0.272,0.057,1.410916219913522e-105,11,AHR,355
4.0048241489130684e-109,1.400300483535798,0.444,0.128,7.579129701817982e-105,11,SPG21,356
1.95124125652334e-108,0.8376613760730041,0.947,0.63,3.692724077970421e-104,11,ARPC1B,357
2.0379138290346756e-108,1.3590986966176726,0.423,0.117,3.8567519214481234e-104,11,RGS19,358
2.2777128735986786e-108,1.406953189035114,0.428,0.121,4.3105716132854994e-104,11,TMEM14C,359
6.1429387191542605e-108,1.379085496790529,0.528,0.175,1.1625511525999437e-103,11,BNIP3L,360
1.402366231187951e-107,1.4861632742834205,0.507,0.169,2.6539780925231973e-103,11,AGTRAP,361
3.806513830223503e-106,1.4181999142108983,0.463,0.141,7.203827423697979e-102,11,LAMTOR2,362
4.348028007042561e-106,1.38197811383032,0.472,0.144,8.228643003328046e-102,11,AKR1A1,363
1.3254633485151244e-105,1.7820902475149558,0.257,0.053,2.5084393870648728e-101,11,DSE,364
9.670020779844985e-105,1.679189184492929,0.254,0.052,1.8300514325856633e-100,11,COMMD9,365
9.809010858630533e-105,1.7029297616170398,0.36,0.096,1.8563553049958283e-100,11,LIPA,366
4.177453565537695e-104,1.517159033650388,0.362,0.095,7.905830872780088e-100,11,RAB24,367
9.790948982307935e-104,1.6420615013576598,0.289,0.065,1.8529370949017767e-99,11,ATF5,368
1.1081626944311466e-103,1.193748015622324,0.729,0.308,2.097197899210945e-99,11,NDUFB1,369
8.962704093006442e-103,1.2957368731625871,0.596,0.228,1.6961917496014693e-98,11,ATP2B1,370
9.773269913853422e-103,1.073480706186409,0.813,0.498,1.8495913311967603e-98,11,HLA-DPB1,371
6.009749248112141e-102,1.6004558310032155,0.301,0.07,1.1373450452052228e-97,11,MXD1,372
8.393600096673729e-102,1.3424279924074451,0.43,0.125,1.5884888182955031e-97,11,SKAP2,373
5.895947981173154e-100,1.383423524780972,0.423,0.125,1.1158081554370193e-95,11,RNF13,374
1.5540904115179005e-98,0.8569765926168573,0.919,0.567,2.9411161037976266e-94,11,GSTP1,375
2.0162242721088584e-98,1.7795875083681743,0.265,0.059,3.8157044349660145e-94,11,NADK,376
7.476060171977465e-98,1.6423750314258605,0.296,0.071,1.414844387546735e-93,11,PEA15,377
1.7229756134449005e-97,1.149800444979001,0.67,0.266,3.2607313484444745e-93,11,CNPY3,378
3.507114336812404e-96,1.2717142591506394,0.451,0.139,6.637213882417475e-92,11,VPS35,379
7.826047715696985e-96,1.4781769247770276,0.288,0.068,1.4810795301956544e-91,11,RIPK2,380
4.5709373362228655e-95,1.0883580117413802,0.743,0.348,8.650498908801773e-91,11,RNASET2,381
4.352876607353889e-94,1.5419052116582843,0.344,0.095,8.237818979417235e-90,11,GRK2,382
4.657928881679801e-93,1.284444373685068,0.424,0.13,8.815130408579023e-89,11,FAM96A,383
1.5343800669570293e-92,1.2352632702570878,0.49,0.163,2.903814276716178e-88,11,NDUFB5,384
1.6267611313988453e-92,1.6018787279489377,0.258,0.058,3.078645441172315e-88,11,RRP12,385
1.6278217411455717e-92,1.2276885569823837,0.5,0.169,3.080652645117994e-88,11,MYO1F,386
2.8155800552853858e-92,1.2533243675607617,0.487,0.162,5.328485254627592e-88,11,PRDX3,387
3.0356736540715795e-92,1.2051454151102305,0.583,0.223,5.745012390330464e-88,11,RGS10,388
6.008037271674299e-92,1.3031459972942203,0.421,0.129,1.1370210536643612e-87,11,COMT,389
9.51448136301024e-92,1.2146802133218078,0.406,0.12,1.800615597949688e-87,11,RIN3,390
1.0099092062292148e-91,1.192895859742495,0.59,0.226,1.911253172788789e-87,11,LAMTOR1,391
1.3276048421720066e-91,1.4353307278627017,0.378,0.112,2.5124921638105224e-87,11,RHOB,392
4.455468543904926e-90,1.0057671175385567,0.791,0.37,8.431974219340072e-86,11,GNAI2,393
2.4372811459770735e-89,1.0336128050982412,0.779,0.37,4.6125545687616114e-85,11,PRELID1,394
1.4013490551700263e-88,1.1722208480776308,0.594,0.232,2.6520530869092746e-84,11,TMEM219,395
6.745236651208814e-87,1.077797489423445,0.716,0.333,1.276536036241268e-82,11,SNX3,396
7.118334271330155e-86,1.3697502060579927,0.302,0.078,1.3471447608492318e-81,11,DRAM2,397
1.8779936231526282e-85,1.485766238493279,0.272,0.067,3.5541029318163487e-81,11,PLCB2,398
2.012560798657205e-85,1.2622596870965919,0.39,0.119,3.8087713114587604e-81,11,HEXB,399
8.341447739813986e-85,1.1570779473209207,0.559,0.212,1.5786189847597968e-80,11,STMP1,400
2.579647421670777e-84,0.9717921042000566,0.782,0.405,4.881982745511945e-80,11,CSTB,401
2.6967891220732576e-84,1.3914664378628936,0.369,0.112,5.10367341352364e-80,11,MX2,402
4.740612269280217e-84,1.349947954993965,0.294,0.076,8.97160871961281e-80,11,UNC119,403
1.0538366053422434e-83,1.417100924654848,0.294,0.077,1.9943857756101958e-79,11,LEPROT,404
1.6407997274876966e-83,1.112123494576311,0.607,0.242,3.1052134842704656e-79,11,RTN4,405
9.089728148560816e-83,1.4606992783697066,0.346,0.103,1.7202310521151344e-78,11,IL17RA,406
3.033261611185552e-82,0.9173882489950613,0.813,0.448,5.740447599168657e-78,11,NME2,407
1.2316097037497773e-81,1.0390738654757286,0.566,0.214,2.3308213643464536e-77,11,CHCHD10,408
1.7415288051314523e-81,1.0843643677085977,0.569,0.216,3.2958432637112734e-77,11,CAPZA2,409
4.344981588165649e-81,1.1251311822371188,0.535,0.201,8.222877655603491e-77,11,CHMP4B,410
4.7237326617832795e-81,1.6215396088184826,0.322,0.095,8.939664062424856e-77,11,TNFSF10,411
1.8927120277079315e-80,1.161962928822173,0.524,0.202,3.58195751243726e-76,11,STX11,412
5.2706572778790005e-79,1.1254812553067355,0.576,0.238,9.974718898386008e-75,11,NINJ1,413
8.835592302207741e-79,0.8664823632711371,0.857,0.471,1.672135843192815e-74,11,FOS,414
1.0891825204922e-78,1.4359912842590155,0.284,0.076,2.0612779200314887e-74,11,TMEM205,415
2.0091374371561218e-78,1.2394339223295212,0.362,0.111,3.802292599817961e-74,11,MAP2K1,416
2.0669984571797749e-78,1.1686297125287894,0.483,0.177,3.911794580212724e-74,11,VMP1,417
9.191129303903975e-78,1.0221948651513935,0.705,0.328,1.7394212207638274e-73,11,GDI2,418
1.5853012423333763e-77,1.2438924430528013,0.306,0.085,3.000182601115915e-73,11,PSEN1,419
2.1003371373373843e-77,1.4678113176378238,0.287,0.078,3.974888032411e-73,11,ATG16L2,420
4.3540000030462435e-76,1.2196989936922646,0.351,0.108,8.239945005765015e-72,11,PTPN18,421
5.161937742571038e-75,1.033451798306637,0.539,0.209,9.76896717781569e-71,11,TMBIM4,422
8.991824253301256e-75,1.2665849719621498,0.312,0.09,1.7017027399372627e-70,11,YIF1B,423
2.5499032207860463e-74,1.3789615121586567,0.278,0.076,4.8256918453375924e-70,11,FOXO3,424
4.3992719334713114e-74,1.0190752006967627,0.546,0.216,8.325622134094457e-70,11,WASF2,425
1.0724161481715381e-73,1.2503659778434486,0.383,0.127,2.0295475604146358e-69,11,DNAJC4,426
1.2369400766161977e-73,1.145872416711944,0.389,0.129,2.3409090949961543e-69,11,PTRHD1,427
6.395833310975869e-73,1.0290774210021925,0.521,0.2,1.2104114541021833e-68,11,TCIRG1,428
1.0331499218010969e-72,1.3713714974598428,0.299,0.087,1.9552362270085758e-68,11,IMPDH1,429
1.3949253867418967e-72,1.3621917572137288,0.261,0.07,2.6398962944090396e-68,11,MEF2A,430
7.701619853450496e-72,1.3304314305367955,0.251,0.065,1.4575315572655064e-67,11,IL10RB,431
7.70594421511559e-72,0.5629420355218433,0.926,0.782,1.4583499427106255e-67,11,S100A4,432
9.242990005417067e-72,1.0364045903278332,0.553,0.224,1.74923585852518e-67,11,VASP,433
2.0961755159937672e-71,0.940436644511351,0.697,0.314,3.967012164018204e-67,11,MINOS1,434
6.253478849530235e-71,1.107976900407117,0.406,0.139,1.1834708722735969e-66,11,RTN3,435
7.71048064627887e-71,1.3102911347043997,0.289,0.083,1.4592084623082762e-66,11,FAM120A,436
4.85371416856976e-70,1.1632515560415062,0.364,0.118,9.185654064018271e-66,11,PTTG1IP,437
3.583959929938961e-69,1.5047461086461236,0.296,0.092,6.7826441674094834e-65,11,EGR1,438
7.890148123801846e-69,0.41564915157505133,0.979,0.876,1.4932105324294993e-64,11,H3F3A,439
2.1103063571300236e-68,1.209249278058901,0.375,0.129,3.99375478086857e-64,11,ICAM1,440
3.212591795714131e-68,0.9528840686583717,0.674,0.317,6.079829973388992e-64,11,ATP6V1F,441
3.323965657953607e-68,1.1528586651928672,0.435,0.161,6.290605007677201e-64,11,POLE4,442
6.357209980082141e-68,1.3295815345560635,0.27,0.076,1.2031019887305451e-63,11,DHRS4,443
7.620917388698319e-68,0.5570895895338932,0.952,0.745,1.4422586158111567e-63,11,ARPC3,444
7.641487572709479e-68,1.2562995096986096,0.277,0.079,1.4461515231352688e-63,11,CD151,445
1.8854737102765714e-67,0.7679601244953287,0.9,0.553,3.5682589966984114e-63,11,RNASEK,446
2.340862631132871e-67,1.2289247293218606,0.272,0.077,4.4300825294189586e-63,11,VAMP3,447
3.365622153318439e-67,1.184043791095537,0.435,0.164,6.369439925155146e-63,11,LAP3,448
1.9505255405496981e-66,1.2809911045552371,0.264,0.074,3.6913695854903038e-62,11,SPTLC2,449
1.9990303204363296e-66,1.228954741698292,0.264,0.074,3.783164881425754e-62,11,PDLIM5,450
7.088161054725231e-66,1.211411982742607,0.546,0.27,1.34143447960675e-61,11,HLA-DQA1,451
4.257067169737388e-65,1.2325362228432413,0.302,0.094,8.056499618728007e-61,11,STX10,452
7.535690597021319e-65,0.6349023823205231,0.913,0.649,1.4261294454862846e-60,11,SLC25A6,453
1.3730543257218983e-64,0.9102847546207491,0.636,0.296,2.5985053114286927e-60,11,SYNGR2,454
1.5383158687227683e-64,0.6990818147584856,0.879,0.575,2.911262781557839e-60,11,EMP3,455
3.204344289718485e-64,0.9318099332070182,0.625,0.278,6.064221568292233e-60,11,GRB2,456
4.5845904045933316e-64,0.9235638545518567,0.695,0.338,8.67633734069288e-60,11,NOP10,457
4.6575386783370376e-64,0.9310768739994038,0.539,0.22,8.814391948752844e-60,11,VPS29,458
1.2053836287606109e-63,0.8993139804563655,0.733,0.383,2.2811885174294563e-59,11,ARPC5,459
2.445125834115645e-63,0.986989970395846,0.482,0.191,4.6274006410638575e-59,11,RAB10,460
3.0133362216837986e-63,0.929510611714184,0.473,0.18,5.702738799536589e-59,11,PARVG,461
3.345992833910789e-63,1.1430754057601367,0.315,0.101,6.332291438176168e-59,11,WASHC4,462
3.7875164135110815e-63,0.9516954061533592,0.438,0.163,7.167874812569722e-59,11,ARPC4,463
5.383647817708034e-63,0.9410893064950291,0.515,0.207,1.0188553495012454e-58,11,UQCRC1,464
1.005214136164059e-62,1.1863257197421355,0.296,0.092,1.9023677526904816e-58,11,EPN1,465
1.2632195430187724e-62,0.9871395070120577,0.497,0.2,2.3906429851630266e-58,11,HSD17B11,466
2.7494041854453166e-62,1.1217554507761254,0.344,0.116,5.203247420955262e-58,11,STAT6,467
7.255859027152783e-62,1.246172612352652,0.393,0.153,1.373171320888664e-57,11,IFI6,468
1.1634396712875154e-61,1.0277651153001799,0.316,0.101,2.2018095779116228e-57,11,FLII,469
2.3855793516001528e-61,0.9237818280498484,0.631,0.31,4.514708922903289e-57,11,CMTM6,470
8.203582875450845e-61,0.8542748086687126,0.761,0.403,1.5525280591790723e-56,11,ATP5MPL,471
9.610647575360232e-61,0.9594314438265329,0.358,0.122,1.8188150536369238e-56,11,MYO9B,472
2.401393098627166e-59,0.9966539151801586,0.395,0.144,4.544636439151911e-55,11,SNAP23,473
1.1983331897328012e-58,1.4457532208809005,0.254,0.078,2.2678455615693262e-54,11,FAM200B,474
1.3365073416576947e-58,0.9686177826808395,0.445,0.174,2.529340144087187e-54,11,GNB1,475
2.9352813064209507e-58,1.2121288716390897,0.279,0.088,5.555019872401649e-54,11,LAMP2,476
9.395860256966375e-58,1.23665473762432,0.312,0.107,1.7781665536308864e-53,11,PLEKHO1,477
1.0287418077657377e-57,0.8764012499008291,0.636,0.314,1.9468938711966586e-53,11,ZEB2,478
1.0380386026017734e-57,0.8344657671587659,0.751,0.405,1.9644880554238561e-53,11,VAMP8,479
3.499861274996538e-57,1.0353611495079862,0.327,0.113,6.623487462930949e-53,11,SELL,480
3.509495273074541e-57,1.0203408178749078,0.447,0.182,6.641719804293569e-53,11,BLOC1S1,481
4.6213576651321145e-57,0.915025464347764,0.452,0.178,8.745919381262527e-53,11,PABPC4,482
5.461629768379342e-57,0.9354720535003582,0.312,0.103,1.0336134336657906e-52,11,LAT2,483
6.415135959822411e-57,1.2577317314181213,0.253,0.076,1.2140644803963912e-52,11,FEZ2,484
7.924183493093116e-57,0.9658753306547009,0.381,0.14,1.4996517260678722e-52,11,RBPJ,485
1.2978719782176237e-56,0.9889613581591741,0.357,0.127,2.456222718776853e-52,11,HADHB,486
1.4025491413142453e-56,0.8731359194970318,0.556,0.243,2.654324249937209e-52,11,MTPN,487
4.0175963188557465e-56,1.0238230110938795,0.285,0.091,7.6033010334345e-52,11,TOM1,488
6.898698704057643e-56,1.0301548358915933,0.291,0.094,1.3055787297429088e-51,11,STK40,489
2.6895832686357607e-55,1.0057660828645805,0.449,0.184,5.090036335893177e-51,11,TMEM167A,490
5.459567255119774e-55,1.04786189551506,0.382,0.146,1.0332231030314172e-50,11,TIMM13,491
7.433922988561347e-55,0.8301865681817071,0.678,0.359,1.406869925585235e-50,11,NAP1L1,492
8.282511739301238e-55,0.9818936408433611,0.343,0.123,1.5674653466627595e-50,11,PTEN,493
9.058728008240884e-55,0.9530762858408878,0.506,0.221,1.7143642755595873e-50,11,NAA38,494
2.8225555847535298e-53,1.1608266024578393,0.27,0.088,5.341686444146055e-49,11,NUDT3,495
3.259952493456829e-53,0.9045243852766642,0.449,0.183,6.1694600938670484e-49,11,OXA1L,496
1.0030123956631636e-52,1.0276563651894832,0.386,0.151,1.898200958792537e-48,11,SAT2,497
1.0891286608773885e-52,1.1102578737361533,0.282,0.095,2.0611759907104577e-48,11,CHCHD5,498
1.1254103735104946e-52,0.5629577960165628,0.961,0.734,2.129839131868611e-48,11,ATP5MC2,499
1.765611834457379e-52,0.838038145908445,0.452,0.184,3.3414203967105893e-48,11,SNX2,500
8.171960689353977e-52,1.0145595810680073,0.265,0.085,1.54654356046024e-47,11,FNIP1,501
1.3354603710441196e-51,0.39925433300710944,0.978,0.869,2.5273587522009962e-47,11,OAZ1,502
1.734810591616111e-51,0.845594164714281,0.347,0.125,3.28312904463349e-47,11,PFKL,503
1.8889950329652878e-51,0.8505136607313124,0.569,0.263,3.574923099886807e-47,11,C8orf59,504
3.02369128642744e-51,0.9882154359791269,0.294,0.1,5.72233575956393e-47,11,OXSR1,505
9.361130301461531e-51,0.9641521983614584,0.257,0.082,1.7715939095515947e-46,11,STX12,506
1.3579424150701295e-50,1.0993513382048397,0.257,0.083,2.56990602052022e-46,11,UBE2E1,507
1.735237662727931e-50,0.9302224464063972,0.301,0.104,3.2839372767126093e-46,11,DUSP23,508
2.0131601785528196e-50,0.8495254197963436,0.344,0.126,3.809905637911211e-46,11,MALT1,509
2.6098957581481195e-50,0.9508390069162856,0.329,0.12,4.939227722295316e-46,11,ESD,510
5.392811804566131e-50,0.8541577681937695,0.44,0.182,1.0205896340141403e-45,11,KDELR1,511
7.064540747164385e-50,0.7035002746066974,0.822,0.479,1.3369643364008599e-45,11,HIGD2A,512
9.050738824139438e-50,0.9678485778696477,0.277,0.093,1.7128523224683888e-45,11,CYB5R4,513
1.5873292074680703e-49,0.7815246676790457,0.442,0.181,3.004020525133323e-45,11,ALKBH7,514
1.9449201010708933e-49,0.9774747600636005,0.341,0.129,3.680761291276666e-45,11,DPYD,515
3.525111089016128e-49,1.074775605354934,0.272,0.093,6.671272735963023e-45,11,MIS18BP1,516
4.58266714160549e-49,1.0458979562932758,0.31,0.113,8.67269756548839e-45,11,PLD3,517
1.348507263260441e-48,0.9977951338808426,0.409,0.173,2.5520499957203845e-44,11,LSM6,518
1.6370383103396668e-48,1.1211733753458373,0.285,0.101,3.0980950023178195e-44,11,KLF10,519
2.1164584635671007e-48,0.7549700744821366,0.713,0.384,4.0053976423007384e-44,11,GNB2,520
2.2829414028255963e-48,0.9204281370428351,0.265,0.089,4.320466604847441e-44,11,NDUFS4,521
4.5739451755185775e-48,0.8798550176704046,0.463,0.202,8.656191244668908e-44,11,TMEM256,522
5.69123371620045e-48,0.7889343355273546,0.392,0.155,1.0770659807909351e-43,11,DOCK2,523
8.236743593728676e-48,0.9389714109552727,0.343,0.131,1.5588037251131518e-43,11,CAMTA1,524
1.2294371461124245e-47,0.4504858309930233,0.919,0.751,2.3267097990177633e-43,11,YBX1,525
1.295552378568399e-47,0.9662817022531128,0.253,0.083,2.4518328764406948e-43,11,TPD52L2,526
1.7718081368437597e-47,0.8763499139563764,0.329,0.122,3.353146898976815e-43,11,CNDP2,527
1.1525752978071289e-46,0.7741789525314966,0.65,0.328,2.1812487510999914e-42,11,ATP5PD,528
1.83603990011011e-46,0.9611339537768895,0.31,0.114,3.474705510958383e-42,11,KCTD20,529
3.1715765350866376e-46,0.9812019534980577,0.298,0.109,6.002208592651462e-42,11,MTIF3,530
1.3110545638925911e-45,0.9511329789738824,0.277,0.098,2.4811707621667286e-41,11,DNAJB12,531
1.5326846408382395e-45,0.768066975574107,0.611,0.302,2.9006056827863683e-41,11,CLTA,532
2.3834839234730983e-45,0.7936045220339304,0.462,0.202,4.510743325172839e-41,11,DBNL,533
3.462872620251625e-45,1.0590212074913037,0.364,0.151,6.5534864338262e-41,11,FBXL5,534
1.0448169655525915e-44,0.8192161396427241,0.341,0.131,1.9773161073082794e-40,11,NANS,535
2.7854097687427867e-44,1.1238642913469759,0.281,0.105,5.2713879873457234e-40,11,HES4,536
2.8619509070192564e-44,0.9413829932143354,0.278,0.099,5.416242091533943e-40,11,GLA,537
2.9349954137237325e-44,0.5893521019391925,0.886,0.624,5.5544788204721634e-40,11,ALDOA,538
7.192346901461915e-44,0.7829852407939184,0.406,0.169,1.3611516511016673e-39,11,ARL8B,539
9.138560088225638e-44,0.8039975984859916,0.402,0.169,1.729472496696702e-39,11,IRF7,540
2.253829123439346e-43,0.7025187845540459,0.531,0.246,4.2653716161089625e-39,11,POLD4,541
2.317009318817355e-43,0.8996301117746626,0.299,0.112,4.384940135861844e-39,11,CHMP3,542
2.4498346196600167e-43,1.0562399321170597,0.256,0.09,4.6363120177065814e-39,11,NMI,543
4.1347909958613425e-43,0.8177060457199977,0.346,0.137,7.82509195966759e-39,11,HMGA1,544
7.485035765883971e-43,0.8523029564284815,0.274,0.098,1.4165430186935416e-38,11,SH3BP5,545
1.39617180675074e-42,0.7524467292031376,0.58,0.284,2.6422551442757754e-38,11,DDT,546
2.0026287019365965e-42,0.8693557270626274,0.358,0.146,3.789974818415009e-38,11,PIK3AP1,547
2.226981705242486e-42,0.8309544510533133,0.416,0.18,4.214562877171405e-38,11,UBE2D1,548
2.247292000310124e-42,1.0163063711371358,0.348,0.147,4.2530001105869096e-38,11,HEBP2,549
2.307764753791573e-42,0.8609434521751267,0.336,0.133,4.3674447965505517e-38,11,ARF3,550
2.6851271097335202e-42,0.6684036065721459,0.813,0.49,5.081603055170687e-38,11,ATP5MF,551
3.5395729160665826e-42,0.7087282530872676,0.701,0.392,6.698641743656008e-38,11,SH3BGRL,552
3.9050202012738167e-42,0.6924344376997593,0.716,0.405,7.390250730910698e-38,11,AHNAK,553
1.331400266706455e-41,0.9518783622170344,0.261,0.095,2.519675004741966e-37,11,ATP5PO,554
1.4388489221210448e-41,0.7526858354836039,0.426,0.185,2.723021585114077e-37,11,NCKAP1L,555
2.0078891812514287e-41,0.8585838941193873,0.25,0.088,3.799930275518329e-37,11,RRBP1,556
3.835999409307594e-41,0.6954014313092685,0.417,0.18,7.259628882114621e-37,11,EIF4E2,557
5.697220363217393e-41,0.7108730169173465,0.494,0.236,1.0781989537388915e-36,11,NR4A1,558
7.068215879616086e-41,0.6349676501872814,0.853,0.539,1.3376598552173443e-36,11,COX8A,559
8.237258347913362e-41,0.846575793133166,0.33,0.132,1.558901142342604e-36,11,FLOT1,560
1.2612717997995495e-40,0.8189564074839537,0.27,0.099,2.3869568811206476e-36,11,QARS,561
1.6805031361398251e-40,0.8081138369132962,0.31,0.121,3.180352185144619e-36,11,SPAG9,562
1.8089365370082081e-40,0.7647655546962708,0.317,0.124,3.423412396288034e-36,11,NDUFS2,563
3.696321441164088e-40,0.8335880027570134,0.337,0.137,6.995288327403036e-36,11,ZNF267,564
4.297141377227288e-40,0.9230808073029622,0.327,0.134,8.132340056402643e-36,11,PDXK,565
5.143602823231882e-40,0.7178561347379135,0.532,0.254,9.734268342966338e-36,11,HADHA,566
6.447016321354273e-40,0.8912211382667249,0.444,0.215,1.2200978388162961e-35,11,VAMP5,567
9.150781088873652e-40,0.5143403972069795,0.881,0.634,1.7317853210693386e-35,11,DUSP1,568
3.2695626559616285e-39,0.7712004626000244,0.552,0.301,6.187647326407381e-35,11,CDKN1A,569
3.3576744894055875e-39,0.845380962614488,0.299,0.117,6.354398971200075e-35,11,HDLBP,570
1.214062878100464e-38,0.6820062488795526,0.754,0.441,2.2976139968051283e-34,11,ATP5ME,571
1.9517085336733123e-38,0.6859934036685841,0.52,0.252,3.6936083999767437e-34,11,ACAP2,572
3.0002505491730267e-38,0.6416984097134124,0.757,0.435,5.677974164309953e-34,11,RHOG,573
4.2037621573205855e-38,0.6759850926101412,0.611,0.314,7.955619882729207e-34,11,ENY2,574
4.2655754892250793e-38,0.7294507868329925,0.4,0.178,8.072601613358463e-34,11,MIDN,575
4.618508312175339e-38,0.7840598078642143,0.393,0.176,8.74052698079183e-34,11,RAB11FIP1,576
7.540177089955179e-38,0.7232048740563615,0.392,0.171,1.4269785142740176e-33,11,CLTC,577
7.833695105601128e-38,0.9091310847720175,0.285,0.112,1.4825267987350135e-33,11,USP3,578
9.8236792049491e-38,0.3330579834009626,0.98,0.889,1.8591312895366172e-33,11,SH3BGRL3,579
1.4871983775177416e-37,0.7970773115962604,0.406,0.186,2.814522929452326e-33,11,CTNNB1,580
4.334017499443144e-37,0.7848328493926346,0.378,0.167,8.20212811769615e-33,11,CTSA,581
4.459484726860277e-37,0.7243814158924182,0.406,0.183,8.439574845583075e-33,11,MRPS24,582
4.5589152089683465e-37,0.6773542945129065,0.572,0.288,8.627747032972596e-33,11,SUPT4H1,583
5.088946653618958e-37,0.6317340952261852,0.654,0.347,9.630831541973879e-33,11,BST2,584
1.4878733483586826e-36,0.6742027161116289,0.267,0.101,2.815800311768807e-32,11,NFKBID,585
2.523249518036544e-36,0.8168359522437209,0.251,0.094,4.7752497128841595e-32,11,OGDH,586
2.6087787644435528e-36,0.5464168509322014,0.549,0.278,4.937113811709424e-32,11,HSPA1A,587
2.6538495712717084e-36,0.6719171073842827,0.289,0.114,5.022410313631708e-32,11,ERCC1,588
3.206465775477864e-36,0.616379412091024,0.753,0.462,6.068236480091857e-32,11,PKM,589
5.6152129204977084e-36,0.6206270959779789,0.357,0.151,1.0626790452041912e-31,11,IDH3G,590
6.337946772344039e-36,0.6946652849618994,0.404,0.185,1.1994564266661094e-31,11,IER5,591
8.716730267788684e-36,0.7241930581424963,0.265,0.102,1.6496412031790085e-31,11,CS,592
1.048009020835101e-35,0.647565695749735,0.472,0.225,1.9833570719304284e-31,11,ZNHIT1,593
1.0516649239944165e-35,0.8701387673018979,0.275,0.11,1.9902758686594333e-31,11,C16orf72,594
1.3724264576614317e-35,0.5353593823094625,0.902,0.642,2.5973170711242598e-31,11,SERP1,595
2.1719701895253377e-35,0.734689174153379,0.281,0.111,4.110453583676701e-31,11,YWHAG,596
2.2971673891717943e-35,0.6371052659872201,0.732,0.416,4.3473892840076205e-31,11,UQCRQ,597
2.3347457884034884e-35,0.5960437809088868,0.784,0.497,4.418506404553602e-31,11,GPX4,598
3.467226061113182e-35,0.6529332992329628,0.504,0.248,6.5617253206566975e-31,11,CFLAR,599
3.5848619332250127e-35,0.7857172253572005,0.284,0.114,6.784351208628337e-31,11,HOOK3,600
3.896770684709685e-35,0.63162969723379,0.635,0.361,7.374638520813078e-31,11,PPP1R15A,601
5.280512139149066e-35,0.6967986180630696,0.459,0.22,9.993369223339607e-31,11,TM9SF2,602
6.083605668655838e-35,0.7205470104331615,0.506,0.259,1.1513223727931174e-30,11,TAF10,603
7.189713407168555e-35,0.5610631268653501,0.878,0.593,1.360653262306649e-30,11,COX6B1,604
1.3055781938774265e-34,0.6121614629055023,0.487,0.236,2.47080673191303e-30,11,MRPL52,605
1.335590638131858e-34,0.727316406082818,0.301,0.124,2.5276052826645412e-30,11,GUSB,606
3.7219114871951294e-34,0.6843198723758331,0.466,0.229,7.043717489516783e-30,11,JMJD1C,607
3.8118144499213436e-34,0.8658261282121595,0.27,0.109,7.213858846476143e-30,11,ABHD5,608
3.90949020188243e-34,0.5878134967117719,0.817,0.534,7.398710207062499e-30,11,SLC25A5,609
4.447741309070807e-34,0.7691407702353878,0.421,0.204,8.417350427416502e-30,11,CDC42EP3,610
6.311677280700724e-34,0.5953728079813592,0.367,0.161,1.194484925372612e-29,11,GNPTG,611
9.058444860350737e-34,0.7661993324945049,0.25,0.097,1.714310689821377e-29,11,TUBGCP2,612
1.0314919357920076e-33,0.6218111284890566,0.493,0.242,1.9520984884863744e-29,11,ERGIC3,613
1.339624729581912e-33,0.7923230014582296,0.303,0.129,2.5352398007337686e-29,11,LSM10,614
1.8696100979678092e-33,0.7188154213362711,0.305,0.128,3.538237110404079e-29,11,TRIM44,615
3.2512492315364565e-33,0.6176551250061884,0.663,0.369,6.152989170682744e-29,11,SMDT1,616
5.1604212356208764e-33,0.6929725313186353,0.309,0.13,9.766097188412509e-29,11,MTMR14,617
6.678252416261406e-33,0.6512472902097886,0.438,0.211,1.2638592697774712e-28,11,DNAJC15,618
7.460985356635885e-33,0.760090482855351,0.264,0.106,1.4119914787433412e-28,11,LRRFIP2,619
1.1786922601623005e-32,0.5686619323291847,0.322,0.136,2.2306751023571536e-28,11,PQLC3,620
4.5551058882897756e-32,0.6488055266787709,0.358,0.161,8.6205378935884e-28,11,SMS,621
1.6859911551293231e-31,0.5936361004480772,0.43,0.205,3.190738261082244e-27,11,OSBPL8,622
1.8740521162822758e-31,0.6247784280514088,0.361,0.164,3.546643630064207e-27,11,CMTM7,623
2.190727427621473e-31,0.6167069575179485,0.633,0.347,4.145951656773638e-27,11,ATP5F1C,624
2.564539495788322e-31,0.7237443717140204,0.302,0.131,4.853390995779399e-27,11,ERICH1,625
2.7131617429716483e-31,0.7714699623382131,0.31,0.137,5.134658598573844e-27,11,RASGRP2,626
2.7986747578304477e-31,0.5813141054177957,0.761,0.451,5.296491979194122e-27,11,WDR83OS,627
2.9150141671730844e-31,0.6326560965462683,0.263,0.106,5.5166643113750625e-27,11,UVRAG,628
5.1261008242216655e-31,0.7563411191965778,0.298,0.13,9.701145809839502e-27,11,SQOR,629
6.149494054300012e-31,0.6743855395445688,0.361,0.167,1.1637917497762774e-26,11,TIMM8B,630
7.288060241826029e-31,0.6092647235815207,0.673,0.392,1.379265400765576e-26,11,COX5A,631
1.1650897455997987e-30,0.6758614516197188,0.298,0.128,2.204932343547619e-26,11,ADI1,632
1.2868265308279937e-30,0.5988943180032502,0.447,0.217,2.435319209591978e-26,11,TAOK3,633
1.3833481015143283e-30,0.57938592220085,0.67,0.384,2.6179862821158664e-26,11,EIF4A1,634
1.4343412922089905e-30,0.5885191717169886,0.694,0.402,2.7144908955055144e-26,11,IQGAP1,635
2.1035328941356436e-30,0.5578209420593274,0.704,0.404,3.9809360021517056e-26,11,EFHD2,636
2.551162683549696e-30,0.5678840905839121,0.463,0.228,4.8280753786178e-26,11,UBE2J1,637
4.1281050692250504e-30,0.557501820053194,0.461,0.225,7.812438843508408e-26,11,TMEM123,638
4.2480488097805303e-30,0.6742273086718971,0.253,0.102,8.039432372509654e-26,11,NABP1,639
4.32862611981895e-30,0.5854961651122165,0.427,0.207,8.191924931757362e-26,11,NDUFB3,640
4.865758312305862e-30,0.6762598278176684,0.413,0.205,9.208447606038844e-26,11,HIF1A,641
6.443772742455584e-30,0.6434046181955971,0.399,0.194,1.2194839915097194e-25,11,YWHAH,642
8.084626392263162e-30,0.6332044853309854,0.31,0.137,1.5300155447358034e-25,11,CD300A,643
1.1189652326836003e-29,0.7944232914633274,0.265,0.112,2.1176417028537135e-25,11,PEPD,644
1.7625753764096614e-29,0.5514330114607016,0.669,0.373,3.3356738998552843e-25,11,GLIPR1,645
1.8400577402412451e-29,0.7059255589967388,0.296,0.13,3.4823092734065563e-25,11,SCNM1,646
2.044788053634874e-29,0.5763277670261429,0.375,0.177,3.869761391503999e-25,11,SEC14L1,647
2.1531647644618336e-29,0.5273419712730164,0.404,0.191,4.07486431674402e-25,11,CYC1,648
2.4788813798093008e-29,0.6623000300771622,0.308,0.137,4.6912830112891015e-25,11,CHMP5,649
2.924591330378569e-29,0.5943821580476131,0.361,0.168,5.534789092741442e-25,11,CLNS1A,650
2.954775794187707e-29,0.6075631505955253,0.292,0.126,5.591913190500235e-25,11,MTCH2,651
3.0955295981601077e-29,0.769698870315142,0.278,0.121,5.858289764518003e-25,11,ETHE1,652
4.05409745007973e-29,0.5805510171123308,0.413,0.201,7.67237942427589e-25,11,MMP24OS,653
4.528895842449327e-29,0.6511819048315328,0.277,0.118,8.57093538183535e-25,11,TRIM38,654
4.6117174186034196e-29,0.5736586785291302,0.729,0.44,8.727675214706972e-25,11,BRK1,655
7.272297433709132e-29,0.5280743806421285,0.431,0.209,1.3762822893294532e-24,11,OS9,656
7.677852569423969e-29,0.5356456597451934,0.458,0.227,1.453033598763486e-24,11,TGOLN2,657
2.2500374547769688e-28,0.6430806279971696,0.456,0.238,4.258195883165413e-24,11,NDUFC1,658
3.1744411900656513e-28,0.5687562010258352,0.298,0.131,6.007629952199245e-24,11,MOB3A,659
3.2033492885492502e-28,0.5737502343206766,0.294,0.128,6.062338528579456e-24,11,BLOC1S6,660
3.3793358735566446e-28,0.6883427629173171,0.261,0.112,6.39539314070595e-24,11,IRF8,661
3.875414876349728e-28,0.6160088355709539,0.361,0.17,7.33422265349186e-24,11,RARA,662
4.717733019499624e-28,0.567316280871102,0.476,0.244,8.928309739403038e-24,11,SLIRP,663
7.632639519109167e-28,0.5418302361667573,0.685,0.401,1.44447702899141e-23,11,PET100,664
1.012803697101797e-27,0.5378477441122566,0.371,0.176,1.916730996765151e-23,11,LSM4,665
1.4326146340540329e-27,0.5215815598448046,0.434,0.216,2.711223194947257e-23,11,TWF2,666
1.5331164111291982e-27,0.6138405363306774,0.313,0.142,2.9014228080620074e-23,11,RASGEF1B,667
1.5629016509156024e-27,0.5553265233810528,0.463,0.237,2.957791374357778e-23,11,EIF2S3,668
1.6257175252941187e-27,0.5755207208288955,0.455,0.232,3.0766704166191194e-23,11,MAP2K3,669
2.3197047353833098e-27,0.5199175376842242,0.427,0.213,4.390041211712914e-23,11,SLC16A3,670
2.859111105183765e-27,0.6622292214074341,0.251,0.107,5.410867766560275e-23,11,DDX39B,671
3.0540778263986945e-27,0.5576442632329018,0.424,0.213,5.77984228645953e-23,11,CHMP2A,672
3.425786577679444e-27,0.5603898366318536,0.581,0.322,6.483301098258348e-23,11,RAB7A,673
3.661382785103757e-27,0.5566394127186243,0.369,0.177,6.92916692080886e-23,11,SHKBP1,674
4.015934300060971e-27,0.5591792975859677,0.334,0.155,7.600155662865387e-23,11,TXN2,675
5.293532278517253e-27,0.5256272312474495,0.329,0.151,1.00180098370939e-22,11,HPS1,676
7.637074917064854e-27,0.5797290445549221,0.524,0.287,1.4453164280545237e-22,11,ATP6AP2,677
9.271611674383159e-27,0.6080265103939322,0.419,0.212,1.7546525093770128e-22,11,AKIRIN2,678
1.3623711041375081e-26,0.5513885100641216,0.514,0.277,2.578287314580234e-22,11,LCP2,679
1.8746398649383827e-26,0.47354601069022384,0.382,0.184,3.5477559443958893e-22,11,CORO1B,680
2.9449876868410437e-26,0.9544816019513132,0.301,0.153,5.573389197346676e-22,11,FCGR3A,681
3.890023000756211e-26,0.5211316177587371,0.615,0.35,7.361868528931129e-22,11,TLN1,682
3.8919209754936747e-26,0.5608563666709347,0.261,0.114,7.365460446121779e-22,11,ADPGK,683
5.468070283363241e-26,0.5708103477389512,0.287,0.13,1.0348323011264933e-21,11,PABPN1,684
6.634180440678828e-26,0.5048616554525407,0.299,0.136,1.2555186483984683e-21,11,APPL1,685
7.430972481812413e-26,0.5143270253137369,0.348,0.167,1.4063115421829992e-21,11,KMT2C,686
8.016265692148173e-26,0.5597573382343843,0.393,0.198,1.5170782822390416e-21,11,MIEN1,687
9.273158929498625e-26,0.5222546348023831,0.433,0.22,1.754945327407615e-21,11,FERMT3,688
9.780943272864384e-26,0.49819413561364545,0.534,0.287,1.8510435143895845e-21,11,ZFAND5,689
1.0162143702027346e-25,0.4847405790268279,0.49,0.256,1.9231856956086755e-21,11,COX7A2L,690
1.60535956722992e-25,0.6193362595808367,0.424,0.221,3.0381429809826236e-21,11,TXNDC17,691
1.7676154069493497e-25,0.5240646829832821,0.294,0.133,3.345212157651644e-21,11,ARRDC1,692
2.0287055830997991e-25,0.5430308392099867,0.256,0.111,3.83932531601637e-21,11,UBL7,693
2.236615261718242e-25,0.5161040438952904,0.739,0.52,4.232794382801773e-21,11,NFKBIA,694
2.3325035175938823e-25,0.5372539929860094,0.358,0.175,4.414262907046422e-21,11,IGBP1,695
2.4770382049199788e-25,0.48555838093203074,0.532,0.284,4.68779480281106e-21,11,DOCK8,696
3.51054379992804e-25,0.5262506950818473,0.66,0.394,6.6437041413638156e-21,11,WSB1,697
3.5940239373098314e-25,0.5765288157148996,0.346,0.169,6.801690301358856e-21,11,RIOK3,698
3.6725247134466022e-25,0.5193393346454396,0.68,0.402,6.950253020197695e-21,11,ACTR2,699
6.375828077395748e-25,0.5727938235401897,0.312,0.146,1.2066254636471453e-20,11,LYPLA1,700
9.184298555093472e-25,0.5667354737433412,0.496,0.273,1.7381285015514397e-20,11,NDUFA11,701
1.0900884821178631e-24,0.6042408749531228,0.265,0.119,2.062992452408056e-20,11,HEXA,702
1.3837255156810776e-24,0.5361049356234057,0.336,0.162,2.6187005384264393e-20,11,ADAM10,703
1.570979179218772e-24,0.5109416495946865,0.316,0.149,2.973078096671526e-20,11,HSD17B10,704
1.8598991967350107e-24,0.667998583572644,0.295,0.141,3.519859229821008e-20,11,CNIH4,705
2.1161806767186786e-24,0.4712426816384284,0.389,0.194,4.004871930690099e-20,11,SUMO3,706
4.597068789227918e-24,0.4647720444353485,0.628,0.358,8.699952683613835e-20,11,CAST,707
4.6695622698617124e-24,0.5230682780071991,0.704,0.441,8.837146595713291e-20,11,EIF3L,708
4.86142261472548e-24,0.534571627734875,0.438,0.234,9.200242298367971e-20,11,GPCPD1,709
5.022152383850971e-24,0.48560234029963645,0.372,0.184,9.504423386437963e-20,11,PLEKHB2,710
5.2231644523644746e-24,0.5064657720267862,0.67,0.4,9.884838726099768e-20,11,ARF5,711
6.58980687800249e-24,0.4798641769217363,0.274,0.124,1.2471209516619712e-19,11,VPS26A,712
8.354196461700924e-24,0.6139811568419471,0.305,0.147,1.5810316803768997e-19,11,NORAD,713
1.0020753880061479e-23,0.4356658832619511,0.336,0.162,1.896427671801635e-19,11,MPC1,714
1.0712774331973606e-23,0.4470271413768814,0.284,0.13,2.0273925423260048e-19,11,LAMTOR3,715
1.4049624517340864e-23,0.44360618840861266,0.361,0.179,2.6588914399067587e-19,11,MVP,716
1.6805509326347728e-23,0.46577251530446984,0.392,0.2,3.1804426400113074e-19,11,ATP5MC1,717
1.9270287088264205e-23,0.4814339529882461,0.552,0.306,3.6469018314540007e-19,11,ANAPC11,718
2.1413864236428157e-23,0.4803023263450449,0.298,0.141,4.0525738067440286e-19,11,PFDN1,719
4.368932101985491e-23,0.4685217926269199,0.364,0.181,8.268204003007542e-19,11,DECR1,720
5.145148444307824e-23,0.5091947536447213,0.31,0.15,9.737193430852557e-19,11,DNAJC7,721
5.48142544762558e-23,0.5446339786526627,0.416,0.219,1.037359765963141e-18,11,PSMA4,722
7.274788459900857e-23,0.4834573370267161,0.537,0.295,1.3767537160362373e-18,11,YWHAE,723
9.462993523197933e-23,0.7522110485705052,0.254,0.12,1.7908715242652088e-18,11,XAF1,724
9.513326990980104e-23,0.445637074138618,0.85,0.595,1.8003971330429848e-18,11,TPI1,725
1.0974584899706135e-22,0.4585151211961418,0.383,0.196,2.076940192269386e-18,11,ARHGAP4,726
1.1868834861283504e-22,0.49447278784937704,0.274,0.127,2.246176997497903e-18,11,BAG6,727
1.55210277702879e-22,0.5943072762368523,0.256,0.118,2.937354505526985e-18,11,RALA,728
1.63261562376589e-22,0.49465988980210085,0.517,0.287,3.089725067976947e-18,11,NDUFA2,729
1.6980838519866238e-22,0.42240397417644204,0.364,0.182,3.2136236898846856e-18,11,MRPL18,730
1.734702554653399e-22,0.477571160742282,0.263,0.12,3.2829245846815574e-18,11,ERGIC1,731
1.8067870209094475e-22,0.45993090406221926,0.829,0.552,3.4193444370711294e-18,11,GMFG,732
2.3828094725285936e-22,0.4905308606957293,0.271,0.127,4.509466926760364e-18,11,MAP7D1,733
2.511580092542702e-22,0.4631864352862475,0.329,0.162,4.753165325137064e-18,11,FIBP,734
2.6573379868069394e-22,0.2776403646969743,0.985,0.9,5.0290121400321325e-18,11,SERF2,735
2.880297064484671e-22,0.5171545142730675,0.308,0.149,5.45096219453724e-18,11,SNX5,736
4.403052151250197e-22,0.5100465701239045,0.279,0.134,8.332776196240997e-18,11,PARP14,737
7.061309822581285e-22,0.46903265664556326,0.285,0.135,1.3363528839235082e-17,11,STX4,738
7.0832642701314925e-22,0.646641317928225,0.27,0.13,1.3405077631223849e-17,11,TMPO,739
7.536617490756554e-22,0.44602956931806537,0.632,0.372,1.4263048601256778e-17,11,WAS,740
7.81760132290078e-22,0.4846488825382844,0.459,0.25,1.4794810503589726e-17,11,ANP32A,741
8.611183930172606e-22,0.4997920200151887,0.327,0.163,1.6296665587851656e-17,11,TUBA1C,742
1.1189607279141288e-21,0.49500098598122433,0.275,0.13,2.1176331775774888e-17,11,C7orf50,743
1.3551670438174419e-21,0.4803720512314704,0.265,0.125,2.5646536304245086e-17,11,ECHS1,744
1.4623237678920397e-21,0.4431784300379973,0.48,0.263,2.767447730735685e-17,11,RNF181,745
1.6119454961510857e-21,0.4353789056964803,0.367,0.186,3.05060685146593e-17,11,ATP6AP1,746
1.8258601394461068e-21,0.4369888123322495,0.298,0.143,3.455440313901757e-17,11,RAP2B,747
1.96985769649601e-21,0.47772761499598815,0.604,0.357,3.727955690618699e-17,11,NSA2,748
3.101471254254464e-21,0.44033441064696355,0.515,0.284,5.869534348676573e-17,11,M6PR,749
3.1391166897821126e-21,0.438585158070674,0.316,0.155,5.940778335412648e-17,11,CHMP2B,750
3.893015931207739e-21,0.5599985908412393,0.284,0.141,7.367532649810647e-17,11,PSMA2,751
5.082926298996012e-21,0.584011951304352,0.478,0.292,9.619438020849953e-17,11,INSIG1,752
5.756133958737131e-21,0.39741847423559773,0.444,0.238,1.089348351691002e-16,11,SFT2D1,753
5.83640747498997e-21,0.5003682761249783,0.365,0.193,1.1045401146418518e-16,11,PRKCB,754
6.085581926991404e-21,0.4524268866873089,0.551,0.314,1.1516963796831233e-16,11,EIF3A,755
1.2224581019841258e-20,0.47077975656609905,0.444,0.242,2.313501958004958e-16,11,SSR1,756
1.2389379876199704e-20,0.4343026548589138,0.343,0.176,2.344690141570794e-16,11,CDV3,757
1.3900208044454608e-20,0.32393546923481653,0.309,0.151,2.630614372413035e-16,11,IGFLR1,758
1.47248425661888e-20,0.4902836278799836,0.263,0.126,2.78667645565123e-16,11,AFTPH,759
2.73401727313662e-20,0.2795616787307629,0.972,0.86,5.174127689411054e-16,11,PFDN5,760
2.846226642007196e-20,0.3932700042927675,0.534,0.299,5.386483919998618e-16,11,NDUFS7,761
3.174237828928111e-20,0.557055238924036,0.263,0.129,6.00724509124645e-16,11,UBR4,762
3.333941370740116e-20,0.43546570142493923,0.341,0.175,6.309484044125669e-16,11,BAG1,763
3.972347973773595e-20,0.42602133783419416,0.277,0.134,7.517668540366529e-16,11,KXD1,764
4.4808356841520294e-20,0.5251598064294537,0.289,0.145,8.479981532257716e-16,11,AIMP1,765
5.1806035361806394e-20,0.4512346634050206,0.381,0.202,9.80429219222186e-16,11,SNX17,766
5.579707682750604e-20,0.39521092865823326,0.483,0.268,1.0559596789605519e-15,11,HM13,767
5.657894800528414e-20,0.4150890187580125,0.347,0.179,1.0707565910000024e-15,11,PSENEN,768
6.829710681681657e-20,0.45912251218086997,0.591,0.344,1.2925227465082536e-15,11,ATP5F1A,769
8.684604137631172e-20,0.4403187452101973,0.524,0.302,1.6435613330466993e-15,11,ZNF706,770
8.837961915185151e-20,0.5288079550106676,0.277,0.137,1.6725842924487898e-15,11,FAM204A,771
8.962428148484381e-20,0.4462694462127479,0.558,0.319,1.696139527100669e-15,11,RAB5C,772
1.4403975858032002e-19,0.5351297175591081,0.271,0.134,2.7259524311325566e-15,11,UPF2,773
1.4502210279343018e-19,0.4403440754571699,0.376,0.202,2.7445432953656662e-15,11,FAAP20,774
1.6822435965519854e-19,0.47073124197320937,0.365,0.197,3.183646006474632e-15,11,MRPS36,775
2.2700404690756247e-19,0.3831978385754792,0.309,0.157,4.29605158772562e-15,11,C6orf62,776
2.5038607886420385e-19,0.5053615106092904,0.382,0.21,4.738556542505058e-15,11,MYO1G,777
2.5586052391033133e-19,0.413512068477256,0.316,0.161,4.84216041500302e-15,11,ZBTB7A,778
2.8156004268946123e-19,0.4387828134592281,0.367,0.196,5.3285238078980535e-15,11,SNF8,779
3.3461476728370233e-19,0.3918029976867886,0.313,0.159,6.332584470844066e-15,11,SDHB,780
3.526196890248517e-19,0.4031424819029742,0.402,0.217,6.6733276147953185e-15,11,XRN2,781
4.225556013965978e-19,0.3532938641787622,0.482,0.266,7.996864756430613e-15,11,IL10RA,782
4.238385711133186e-19,0.48091317401746214,0.483,0.279,8.021144958319555e-15,11,DYNLT1,783
4.479368729880921e-19,0.3767758815152672,0.313,0.159,8.477205321299642e-15,11,SUCLG1,784
5.33812755445457e-19,0.42717686606494015,0.275,0.137,1.0102406396805274e-14,11,MRPL11,785
5.635057328244415e-19,0.3957098219865113,0.327,0.169,1.0664345993702555e-14,11,SHOC2,786
7.033406190193592e-19,0.3949606296036945,0.344,0.18,1.3310721214941374e-14,11,RAB1A,787
7.403725788507953e-19,0.4489355344943251,0.541,0.318,1.4011551054751301e-14,11,COX17,788
8.648124266572486e-19,0.37996580946359093,0.485,0.273,1.636657517448843e-14,11,BANF1,789
8.874069611600661e-19,0.44616414595276077,0.284,0.143,1.6794176739954252e-14,11,BTF3L4,790
1.0162987423585765e-18,0.27031695034532865,0.333,0.168,1.9233453699136062e-14,11,SNX9,791
1.0353579135185223e-18,0.44880750703568695,0.587,0.36,1.9594148513338034e-14,11,CD63,792
1.0883375216840356e-18,0.41609219326219793,0.355,0.189,2.0596787597870375e-14,11,UPP1,793
1.0920087493293128e-18,0.41254054806185025,0.677,0.414,2.0666265581057246e-14,11,ARL6IP4,794
1.0961313911351025e-18,0.4424921442821619,0.653,0.398,2.0744286577231814e-14,11,ATP5PB,795
1.1814024649402868e-18,0.3644131135611637,0.372,0.197,2.2358041648994928e-14,11,CALCOCO2,796
1.1814820776215522e-18,0.3630412886255422,0.409,0.221,2.2359548318987877e-14,11,BNIP2,797
1.3186936598608446e-18,0.4228234258952737,0.347,0.183,2.4956277512866485e-14,11,PQBP1,798
1.6201779217899134e-18,0.4269377095645246,0.295,0.151,3.066186716987411e-14,11,MKRN1,799
1.6780772005832502e-18,0.32505371952570983,0.448,0.247,3.175761102103801e-14,11,TMEM179B,800
1.7078623182182406e-18,0.33018558294114086,0.924,0.737,3.2321294372280206e-14,11,CLIC1,801
1.7090648309115484e-18,0.4082786813292384,0.333,0.175,3.234405192500105e-14,11,ETFA,802
1.8113590856989974e-18,0.46409577170957195,0.251,0.124,3.4279970696853526e-14,11,PKN1,803
1.886162753594039e-18,0.42723371954527156,0.254,0.124,3.569563011176718e-14,11,AKR7A2,804
2.0060444412258503e-18,0.4589544924130273,0.493,0.294,3.7964391050199216e-14,11,PLP2,805
2.028958068450684e-18,0.37169476602088913,0.485,0.274,3.8398031445429193e-14,11,PHB2,806
2.0843945581515825e-18,0.3334262289384202,0.251,0.122,3.94471670130187e-14,11,YIPF4,807
2.0973943122570415e-18,0.4159916013358329,0.305,0.156,3.969318735946451e-14,11,TMEM147,808
2.3128929207390663e-18,0.4584977814636096,0.323,0.17,4.377149852498683e-14,11,MED28,809
2.8367926515200142e-18,0.5046926885550661,0.315,0.167,5.368630093001627e-14,11,PPCS,810
3.5160660218345295e-18,0.3418923019740685,0.417,0.229,6.654154946321847e-14,11,CNIH1,811
3.782906750341033e-18,0.3611249536854996,0.433,0.238,7.159151025020406e-14,11,EIF6,812
4.508001571416286e-18,0.4973854072030362,0.257,0.128,8.531392973905321e-14,11,ATP6V1E1,813
5.5071028546695905e-18,0.4168748102545667,0.348,0.186,1.04221921524622e-13,11,PSMB4,814
7.032017614826136e-18,0.4306922072759942,0.593,0.358,1.3308093336058464e-13,11,RBX1,815
8.270525985191128e-18,0.33541178877490796,0.383,0.207,1.565197042697421e-13,11,PHPT1,816
9.991508813515232e-18,0.384248059500486,0.508,0.29,1.8908930429577576e-13,11,C1orf43,817
1.1979907273613627e-17,0.45907372480167735,0.31,0.165,2.267197451531379e-13,11,TIMM17B,818
1.2473330428984374e-17,0.3745377512827548,0.378,0.205,2.360577783685293e-13,11,PSMD4,819
1.359125086766912e-17,0.4031225644705576,0.573,0.339,2.572144226706381e-13,11,MOB1A,820
1.4220620951754953e-17,0.32113686110757067,0.395,0.215,2.691252515119625e-13,11,ATF4,821
1.6418362634662827e-17,0.4297654802776578,0.75,0.501,3.10717512860994e-13,11,ATP5MD,822
1.702162690135856e-17,0.4970132989695254,0.258,0.131,3.221342891082108e-13,11,UBA1,823
2.364724930625562e-17,0.47355004376480525,0.334,0.183,4.4752419312088764e-13,11,H2AFJ,824
2.5103404156981945e-17,0.37184000819309015,0.542,0.317,4.750819236708834e-13,11,LAPTM4A,825
2.779393500017474e-17,0.4182396137017954,0.861,0.623,5.26000219878307e-13,11,ELOB,826
3.352902455030682e-17,0.4180362595282445,0.779,0.533,6.345367896145565e-13,11,UQCRH,827
3.827099833693472e-17,0.40102354698991505,0.805,0.577,7.242786435264896e-13,11,COX5B,828
5.577177134401042e-17,0.3026204969663009,0.324,0.171,1.0554807726853973e-12,11,PCGF5,829
6.607689892829124e-17,0.3638695468648748,0.388,0.216,1.2505053122179116e-12,11,HNRNPD,830
8.803304238128428e-17,0.4264358301182458,0.802,0.556,1.6660253270658049e-12,11,NDUFA1,831
1.0546295746233272e-16,0.2942042525623947,0.913,0.773,1.9958864699746466e-12,11,RHOA,832
1.1610891675901605e-16,0.36151405729136754,0.612,0.368,2.197361249664379e-12,11,SELENOH,833
1.208431608176104e-16,0.3796500477202951,0.742,0.52,2.2869568184732767e-12,11,LRRFIP1,834
1.4344932914130764e-16,0.4057318130980354,0.485,0.287,2.7147785539992473e-12,11,CASP4,835
2.030774693713486e-16,0.3571647285179903,0.292,0.153,3.843241107852773e-12,11,BRD4,836
2.0448971105817876e-16,0.38677274190621097,0.281,0.147,3.869967781776033e-12,11,SURF1,837
2.1444461091461694e-16,0.38539031640050125,0.647,0.416,4.058364261559125e-12,11,FLNA,838
3.1161709850444397e-16,0.2963270895868657,0.396,0.221,5.897353589196602e-12,11,CBX3,839
3.3664788246568267e-16,0.4062965473082272,0.718,0.468,6.371061175663044e-12,11,POMP,840
4.006950050062835e-16,0.41027958980299745,0.294,0.158,7.583152969743915e-12,11,TLE4,841
4.063821569343182e-16,0.5608854244148396,0.383,0.234,7.690782319981972e-12,11,PLAC8,842
5.877066344815975e-16,0.4738839759016438,0.396,0.233,1.1122348057564233e-11,11,METTL9,843
6.052224447995753e-16,0.392594209761302,0.699,0.465,1.1453834767831964e-11,11,PTP4A2,844
7.320826103690103e-16,0.3769620525987014,0.272,0.143,1.385466340123352e-11,11,MAP3K2,845
8.423588737953097e-16,0.33245662554588074,0.462,0.265,1.5941641686576235e-11,11,CSNK1A1,846
8.639887443129609e-16,0.3926353889944867,0.598,0.391,1.6350986986122787e-11,11,CD55,847
9.928973434902755e-16,0.35257149523042003,0.33,0.18,1.8790582225553464e-11,11,SRP72,848
9.980982961684323e-16,0.37145661545160175,0.277,0.146,1.888901025498758e-11,11,ETFB,849
1.189887943263768e-15,0.31936365743096706,0.876,0.723,2.251862932626681e-11,11,LSP1,850
1.3436027531814294e-15,0.41339888587594054,0.639,0.411,2.542768210395855e-11,11,PRDX1,851
1.445759812915332e-15,0.41256810933392885,0.492,0.295,2.736100445942266e-11,11,NDUFAB1,852
1.4881487228030565e-15,0.39771334435813266,0.73,0.48,2.8163214579047842e-11,11,ATP5MC3,853
1.8508129109025693e-15,0.4276166145155933,0.257,0.136,3.502663433883113e-11,11,CELF1,854
1.9596814067802816e-15,0.34270693270428293,0.309,0.168,3.708697062331683e-11,11,OGFR,855
2.0997207704286623e-15,0.4147283259143076,0.301,0.164,3.9737215580362433e-11,11,VTI1B,856
2.1079321318456643e-15,0.39041414728004886,0.746,0.493,3.989261559517919e-11,11,PRR13,857
2.363929522329822e-15,0.36804876769852457,0.277,0.147,4.4737366210091885e-11,11,EPSTI1,858
2.5755962655848703e-15,0.29240407206344665,0.448,0.255,4.874315932619367e-11,11,POLR2E,859
2.618670650038766e-15,0.3590966721749089,0.333,0.185,4.955834205198365e-11,11,NENF,860
2.733107274988863e-15,0.28475868965650264,0.36,0.198,5.172405517916423e-11,11,GNA13,861
3.160571428441589e-15,0.37233518967606816,0.254,0.133,5.981381428325707e-11,11,SH3BP1,862
3.381814127104644e-15,0.31639997951077015,0.507,0.3,6.400083235545538e-11,11,CSK,863
3.8428335581614795e-15,0.39835405307516836,0.649,0.41,7.2725625088206e-11,11,PSMB3,864
4.529730081692022e-15,0.3787138467687321,0.676,0.43,8.572514179602151e-11,11,ERP29,865
4.5582835247456394e-15,0.38859671612445235,0.514,0.312,8.626551570581122e-11,11,HMGN3,866
4.6885700844554355e-15,0.37479799474134456,0.42,0.247,8.873118884831911e-11,11,SMIM26,867
4.836822464941969e-15,0.3508664954772646,0.322,0.178,9.153686514902677e-11,11,THOC7,868
4.925111444210072e-15,0.42351076711895064,0.456,0.293,9.320773408167562e-11,11,TXNIP,869
4.97746380719335e-15,0.3816065105910682,0.642,0.403,9.419850255113415e-11,11,SEM1,870
5.603693449235426e-15,0.5433578391383257,0.257,0.14,1.0604989852678044e-10,11,SORL1,871
5.7316441785896676e-15,0.33699877610384465,0.397,0.229,1.0847136607980946e-10,11,COX16,872
7.181252449856269e-15,0.38952144021215807,0.716,0.474,1.359052026135299e-10,11,COX7B,873
7.360443004792876e-15,0.38761779393859946,0.32,0.178,1.392963838657052e-10,11,APEX1,874
8.16398589378803e-15,0.36467524945681484,0.631,0.4,1.5450343303993847e-10,11,TBCA,875
8.368153629243343e-15,0.40493387400801084,0.437,0.269,1.5836730743343025e-10,11,NFKBIZ,876
8.737691703726175e-15,0.3852189719003172,0.867,0.629,1.6536081549301787e-10,11,UQCR11,877
1.1390594483695882e-14,0.3655244837743594,0.614,0.382,2.1556700060394458e-10,11,CSNK2B,878
1.1788400239618383e-14,0.3108689749211784,0.442,0.26,2.230954745347779e-10,11,C19orf70,879
1.877389196904826e-14,0.2887930398477482,0.406,0.229,3.5529590551423835e-10,11,GNAI3,880
2.011945558035703e-14,0.29392655642016763,0.517,0.307,3.807606968582568e-10,11,SF3B5,881
2.015585548887621e-14,0.33874655001487675,0.476,0.287,3.814495651269823e-10,11,MRPL33,882
2.608749563530733e-14,0.3536879475853274,0.626,0.391,4.937058548981912e-10,11,ATP5PF,883
2.885891794961827e-14,0.29861130991629503,0.888,0.733,5.461550221965257e-10,11,LAPTM5,884
3.007668591147038e-14,0.36255233914595986,0.279,0.153,5.69201280874577e-10,11,RB1,885
3.2516095311785685e-14,0.4008749494821189,0.591,0.391,6.153671037755441e-10,11,TXN,886
4.24390983194491e-14,0.37769700854132227,0.709,0.472,8.031599356955743e-10,11,EIF3E,887
4.301928083856883e-14,0.3664821974323096,0.723,0.474,8.141398898699151e-10,11,ATP5F1D,888
4.961489854351202e-14,0.2866919347423982,0.542,0.322,9.38961954935965e-10,11,PPP4C,889
5.222013459911384e-14,0.33950989177201674,0.697,0.459,9.882660472882295e-10,11,ZFAS1,890
5.496393697460774e-14,0.2800651451785181,0.346,0.194,1.0401925072444514e-9,11,ACADVL,891
5.938744997131243e-14,0.3615103824347341,0.743,0.528,1.1239074907070877e-9,11,CD44,892
6.076663689324852e-14,0.2766408562852586,0.402,0.234,1.1500086032047283e-9,11,COX14,893
6.333174430985105e-14,0.3553368833925912,0.666,0.423,1.198553261063931e-9,11,NDUFA13,894
7.106877484464284e-14,0.35266472266195537,0.39,0.234,1.3449765639348657e-9,11,MARCKSL1,895
7.689453115297252e-14,0.3066679672958754,0.313,0.175,1.455229002070005e-9,11,SOCS3,896
8.294567868005086e-14,0.31162108825819845,0.504,0.305,1.5697469690199624e-9,11,NDUFA12,897
8.39484935398958e-14,0.2604617864642029,0.406,0.234,1.588725240242528e-9,11,SDHD,898
8.441476944986648e-14,0.25763747052520625,0.374,0.213,1.5975495118387233e-9,11,PSMF1,899
1.164435432368755e-13,0.27773409171390784,0.389,0.225,2.203694055757869e-9,11,RAB8A,900
1.2044508904609e-13,0.332560501359638,0.579,0.357,2.2794233101972532e-9,11,ANP32B,901
1.7575876869909646e-13,0.2944496520160542,0.376,0.224,3.3262346976304004e-9,11,RCSD1,902
2.4356976786918594e-13,0.37718962106101905,0.59,0.381,4.609557856924344e-9,11,NDUFB9,903
2.780691778888537e-13,0.25370705080572975,0.275,0.151,5.262459191546556e-9,11,CD58,904
2.864964882279114e-13,0.32643840609336006,0.527,0.326,5.421946039713223e-9,11,COPS9,905
3.062068582840382e-13,0.2635996000129742,0.358,0.206,5.794964793025423e-9,11,STAG2,906
4.017346079811178e-13,0.34563125976506237,0.353,0.207,7.602827456042654e-9,11,SRA1,907
4.152284198207071e-13,0.34671441459681085,0.619,0.4,7.858197845106882e-9,11,ROMO1,908
5.366723470307386e-13,0.2787062845559889,0.275,0.153,1.0156524167556727e-8,11,MRPS15,909
5.707422021301317e-13,0.27205129488571167,0.486,0.291,1.0801296175312742e-8,11,NDUFS6,910
6.413784959263925e-13,0.3140753303286199,0.534,0.33,1.2138088035406979e-8,11,CANX,911
7.286286448995125e-13,0.36424761500546055,0.447,0.283,1.3789297104723273e-8,11,CHMP1B,912
9.573167869891444e-13,0.26821076417083933,0.472,0.283,1.811722019376956e-8,11,NDUFB7,913
1.0492540417893205e-12,0.29738532321760713,0.419,0.253,1.9857132740862892e-8,11,SERPINB9,914
1.0599370197726518e-12,0.27564213608244525,0.507,0.308,2.0059308099197435e-8,11,ELOC,915
1.287339261367415e-12,0.2731738700752575,0.358,0.21,2.436289552137833e-8,11,ARHGAP30,916
1.6321559066796335e-12,0.37132571596167874,0.521,0.351,3.0888550533912066e-8,11,RGS2,917
1.6731866223800596e-12,0.26563147271122167,0.369,0.219,3.1665056828542626e-8,11,PNP,918
1.8310443235076615e-12,0.3091427009272252,0.902,0.691,3.4652513822382495e-8,11,FXYD5,919
2.154832026778408e-12,0.27641268736439195,0.487,0.296,4.078019610678137e-8,11,AP2M1,920
2.3528688219387467e-12,0.31709240702692654,0.6,0.383,4.452804245519078e-8,11,NEDD8,921
2.7003407762584206e-12,0.3517812900613623,0.374,0.228,5.110394919069061e-8,11,PPA1,922
3.0575071839176843e-12,0.2898984924080481,0.364,0.217,5.786332345564218e-8,11,SP110,923
3.412001196998466e-12,0.3187398974347997,0.718,0.482,6.457212265319597e-8,11,SDCBP,924
4.014781393970683e-12,0.3205717321555046,0.265,0.151,7.597973788089518e-8,11,SETX,925
4.268615856126992e-12,0.30199000055314884,0.587,0.371,8.078355507720333e-8,11,REEP5,926
5.092386930174142e-12,0.27653099292311967,0.496,0.313,9.637342265354563e-8,11,CHURC1,927
7.107769279054501e-12,0.25718317682535097,0.5,0.309,1.3451453360610643e-7,11,MRPS21,928
7.204864752728023e-12,0.2839301191435083,0.317,0.186,1.3635206544537784e-7,11,EIF2A,929
7.387095646099068e-12,0.32908078856331935,0.559,0.355,1.3980078510242487e-7,11,EIF3M,930
8.579383347728286e-12,0.3300066867394573,0.735,0.492,1.623648298557578e-7,11,TMEM258,931
1.0015643553843424e-11,0.337825310206362,0.73,0.514,1.895460542564868e-7,11,ENO1,932
1.0524898444098414e-11,0.30286288649048454,0.361,0.218,1.9918370305456247e-7,11,PSMG2,933
1.1510005385909966e-11,0.2682800286068463,0.449,0.274,2.178268519283461e-7,11,MGST3,934
1.5729173897234355e-11,0.3086628474383759,0.815,0.632,2.976746160051602e-7,11,ATP6V0C,935
2.2905573061014808e-11,0.29434681752636194,0.591,0.381,4.3348797017970523e-7,11,NDUFB4,936
3.2383330813457103e-11,0.3296266916288908,0.746,0.524,6.128545356446756e-7,11,CAP1,937
3.5550494652606397e-11,0.2751243033103128,0.476,0.305,6.72793111300576e-7,11,KDM6B,938
3.719783756715866e-11,0.27565621916167626,0.563,0.362,7.039690759584776e-7,11,PRDX5,939
4.510961585302364e-11,0.2684271022324911,0.407,0.256,8.536994800184724e-7,11,RHOC,940
5.545642969981747e-11,0.3438936005974833,0.685,0.472,1.0495129320690457e-6,11,NDUFA3,941
7.947398237645621e-11,0.3394905357404964,0.294,0.177,1.5040451164744338e-6,11,GCH1,942
8.578864410614408e-11,0.3186372043611332,0.688,0.474,1.6235500897087765e-6,11,EIF3H,943
8.832927189290132e-11,0.30703593891541997,0.265,0.155,1.6716314705731576e-6,11,LYSMD2,944
1.1050041905823844e-10,0.30167154440636934,0.607,0.4,2.0912204306771624e-6,11,DDX21,945
1.2378323296302199e-10,0.2855868188936479,0.75,0.513,2.342597683825191e-6,11,CD48,946
1.341574544211992e-10,0.31998308692363464,0.737,0.526,2.538929824921195e-6,11,HMGN2,947
1.5072691219494983e-10,0.3342736790441747,0.737,0.519,2.8525068132894255e-6,11,UQCR10,948
1.629989921148641e-10,0.28262906397989007,0.574,0.374,3.0847559257738033e-6,11,GABARAPL2,949
1.8354863088189197e-10,0.3195199528388064,0.291,0.176,3.4736578394398053e-6,11,IRF2BP2,950
2.48928718081542e-10,0.30407419132522107,0.264,0.158,4.7109759896931825e-6,11,CPNE3,951
2.8217776221699397e-10,0.2695765582513343,0.931,0.777,5.340214149956611e-6,11,ATP5MG,952
4.741672704421933e-10,0.28169503575463084,0.869,0.688,8.973615593118508e-6,11,EIF3K,953
7.033879912123229e-10,0.3070273435510824,0.667,0.501,1.331161773369321e-5,11,MT2A,954
1.1882596953272316e-9,0.2932034491906183,0.282,0.174,2.2487814734067856e-5,11,SSH2,955
5.915285334411803e-9,0.2810824164320769,0.265,0.165,1.1194677495374338e-4,11,CCDC69,956
1.8463854698091268e-8,0.25284933118527886,0.506,0.342,3.4942845016137724e-4,11,CKLF,957
3.177801106439815e-8,0.25099031904489166,0.732,0.515,6.013988593937349e-4,11,GPSM3,958
3.8628252415753154e-7,0.2749863748311192,0.313,0.214,0.007310396769681284,11,GPR183,959
0,9.553005836149143,0.432,0.001,0,12,FCER2,1
0,9.526385710342002,0.405,0.001,0,12,VPREB3,2
0,9.093087887411187,0.435,0.001,0,12,LINC00926,3
0,9.024620665414076,0.299,0.001,0,12,FCRL1,4
0,8.824515529892397,0.484,0.002,0,12,FCRLA,5
0,8.733407620165384,0.329,0.001,0,12,LINC02397,6
0,8.701712668786826,0.288,0.001,0,12,CD24,7
0,8.611358570344056,0.288,0.001,0,12,CD22,8
0,8.57611995377948,0.278,0.001,0,12,TCL1A,9
0,8.300916129692613,0.414,0.002,0,12,CD19,10
0,7.4548111270493544,0.462,0.004,0,12,FAM129C,11
0,7.368793328166669,0.521,0.005,0,12,SPIB,12
0,7.276320204660095,0.732,0.008,0,12,BANK1,13
0,7.107795361549567,0.49,0.007,0,12,RUBCNL,14
0,7.055578764354524,0.263,0.003,0,12,ARHGAP24,15
0,6.99138758165437,0.306,0.005,0,12,HLA-DOB,16
0,6.742159602183179,0.972,0.014,0,12,CD79A,17
0,6.487770080991381,0.292,0.005,0,12,PKIG,18
0,6.058649891661236,0.429,0.008,0,12,TNFRSF13C,19
0,5.787701423077985,0.496,0.012,0,12,RALGPS2,20
0,5.6728205387303205,0.352,0.008,0,12,CXCR5,21
0,5.633123981033719,0.931,0.032,0,12,MS4A1,22
0,5.468442533030093,0.425,0.015,0,12,ADAM28,23
0,5.390489600792266,0.452,0.009,0,12,IGHM,24
0,5.184608560398761,0.371,0.015,0,12,CD40,25
0,5.112863624924881,0.408,0.016,0,12,GNG7,26
0,5.026425284629169,0.671,0.033,0,12,MEF2C,27
0,4.961465650014757,0.355,0.014,0,12,BLK,28
0,4.945819090505239,0.309,0.01,0,12,POU2AF1,29
0,4.922572753500891,0.422,0.019,0,12,TCF4,30
0,4.9106104442949965,0.254,0.015,0,12,BTK,31
0,4.752803688098264,0.545,0.03,0,12,HVCN1,32
0,4.625426104241838,0.376,0.02,0,12,AFF3,33
0,4.583573042846731,0.422,0.025,0,12,SWAP70,34
0,4.507602014271587,0.364,0.021,0,12,LY86,35
0,4.48000971006487,0.273,0.016,0,12,FCGR2B,36
0,4.4515912234145505,0.277,0.019,0,12,PHACTR1,37
0,4.065644607165066,0.476,0.044,0,12,CD79B,38
0,4.008992552106442,0.329,0.029,0,12,CD72,39
0,3.9085514024267214,0.333,0.027,0,12,BASP1,40
0,3.615212823059619,0.315,0.028,0,12,PLEKHG1,41
0,3.122970581674101,0.52,0.074,0,12,HLA-DMB,42
0,3.1180146695506044,0.387,0.031,0,12,IGKC,43
0,3.0098010807963114,0.332,0.023,0,12,JCHAIN,44
0,2.906992451756011,1,0.274,0,12,HLA-DRA,45
0,2.8341198263837737,0.927,0.2,0,12,HLA-DQB1,46
0,2.728069540877935,0.579,0.104,0,12,SELL,47
0,2.664370141198745,0.973,0.254,0,12,HLA-DQA1,48
0,2.5089371158780955,0.809,0.191,0,12,HLA-DMA,49
0,1.8187147175322673,0.999,0.491,0,12,HLA-DRB1,50
0,1.7541293147257986,0.983,0.496,0,12,HLA-DPA1,51
0,1.7104892864724457,0.977,0.492,0,12,HLA-DPB1,52
0,1.120561627309916,1,0.891,0,12,CD74,53
9.7193e-320,1.3120177336315555,0.984,0.686,1.83936984e-315,12,CD37,54
4.08887388393234e-310,2.5576952930186634,0.633,0.143,7.73819382534195e-306,12,LYN,55
5.32888625272411e-296,2.4580107355989735,0.694,0.19,1.0084917233280378e-291,12,CD83,56
6.613865448181348e-280,2.2136257001884587,0.734,0.225,1.2516740360683201e-275,12,HLA-DRB5,57
2.1735897747430474e-273,2.3471933591135183,0.66,0.176,4.1135186487012174e-269,12,SNX2,58
6.696648175886194e-259,1.9619126505246816,0.788,0.29,1.267340667286462e-254,12,SYNGR2,59
2.32541462508853e-250,2.783500313401437,0.434,0.076,4.400847177980043e-246,12,PDLIM1,60
1.8586486251000338e-240,3.238358367039711,0.336,0.047,3.517492523001814e-236,12,TSPAN3,61
2.5594520972684594e-237,3.4485475491969018,0.285,0.034,4.843763094080559e-233,12,DAPP1,62
7.356394125096365e-237,2.3445752575673686,0.583,0.146,1.392197588174487e-232,12,NCF1,63
1.6074750920736005e-236,3.2855684917936223,0.27,0.03,3.042146611749289e-232,12,CYBB,64
8.310417624681563e-236,2.3817929615512266,0.602,0.166,1.572746535470986e-231,12,LY9,65
7.876573629236453e-232,3.467912882644794,0.266,0.03,1.4906415593329987e-227,12,IFNGR2,66
1.031634139218824e-226,2.939762454063747,0.347,0.053,1.9523676084716245e-222,12,KDM4B,67
3.283632174563115e-215,2.3879001193983638,0.459,0.093,6.214273890360695e-211,12,CCR7,68
3.1803660941590757e-212,2.639973144693985,0.414,0.08,6.018842833196051e-208,12,CHPT1,69
8.270181458394501e-212,2.884701130265958,0.37,0.065,1.5651318410011595e-207,12,BACH2,70
1.370282207953519e-202,0.9164124862333383,0.956,0.73,2.5932590785520345e-198,12,LAPTM5,71
7.618587826410253e-192,2.7251386085138063,0.37,0.07,1.4418177461481402e-187,12,POU2F2,72
7.66240364532519e-189,1.507285134804431,0.795,0.414,1.4501098898777923e-184,12,HERPUD1,73
1.142762723569099e-188,2.613905994045309,0.366,0.068,2.1626784543545197e-184,12,ID3,74
6.115634694054154e-159,1.4491339018613014,0.767,0.385,1.1573838658497486e-154,12,CD55,75
6.64178110938492e-158,2.695352357824037,0.306,0.057,1.256957074951096e-153,12,SMIM14,76
1.9131555605417137e-151,0.9434992537382278,0.958,0.642,3.6206468983251933e-147,12,CD52,77
2.8569704842801065e-147,1.8016343367725094,0.607,0.232,5.406816641500101e-143,12,NR4A1,78
6.309118332879076e-145,2.823942146856221,0.282,0.053,1.194000644497365e-140,12,CYB561A3,79
4.3306075076005007e-144,2.108201594404923,0.434,0.118,8.195674708133948e-140,12,CD82,80
4.226173750537416e-142,2.659963184668726,0.27,0.048,7.99803382289206e-138,12,MTSS1,81
3.373609028219082e-138,2.3870779192267655,0.331,0.073,6.384555085904612e-134,12,GNB5,82
2.697277169709128e-137,2.5289255459209405,0.321,0.07,5.104597043674525e-133,12,CTSH,83
1.3444463268046802e-130,2.7304152625506717,0.264,0.051,2.5443646734778575e-126,12,SYK,84
1.0995514373050785e-127,1.2155911881151469,0.811,0.397,2.080901095099861e-123,12,LTB,85
6.164157613122877e-126,0.5651697375873694,0.977,0.863,1.1665668282835045e-121,12,EEF1B2,86
6.6458972511158325e-124,2.5282515970295294,0.298,0.066,1.2577360547736713e-119,12,STX7,87
3.4684981343623233e-119,1.371370282571715,0.688,0.333,6.564132719280697e-115,12,FCMR,88
3.720089410240767e-118,2.5470745132256662,0.253,0.05,7.040269208880652e-114,12,STRBP,89
1.5178154283456815e-113,2.0984637076807515,0.359,0.098,2.8724656981442023e-109,12,NFKBID,90
1.556525298056982e-111,2.4959735846935933,0.254,0.053,2.945724126572839e-107,12,SNN,91
8.286034031254965e-107,0.6144107377428263,0.932,0.768,1.5681319404150022e-102,12,EEF1G,92
1.3079316682832083e-105,2.017522946687589,0.359,0.103,2.4752606822259717e-101,12,TPD52,93
7.869686598231612e-103,2.2411327654999385,0.267,0.061,1.4893381887153325e-98,12,TMEM154,94
1.4469218418531165e-99,1.5487665945272524,0.532,0.218,2.738299585707023e-95,12,RCSD1,95
8.746757907062253e-99,1.4862186264318737,0.525,0.206,1.6553239339115314e-94,12,GPR183,96
1.4811526622142143e-98,0.7310563909978405,0.838,0.663,2.8030814132404003e-94,12,EZR,97
1.2580804659810101e-96,0.5106970203204289,0.936,0.823,2.3809172818690617e-92,12,EEF2,98
3.436011913573432e-96,1.8055886200336517,0.401,0.133,6.50265254643772e-92,12,RASGRP2,99
7.405739563484568e-93,0.38968740369680077,0.973,0.927,1.4015362123894545e-88,12,RACK1,100
2.1843976523951201e-91,1.2389546811106267,0.647,0.336,4.133972557157765e-87,12,SNX3,101
1.6414189670896675e-85,2.15112334439394,0.274,0.074,3.106385395217196e-81,12,IFT57,102
1.3025787668490655e-84,1.6286297301951516,0.442,0.172,2.4651303162618564e-80,12,SYPL1,103
1.365953167275031e-84,1.9086451931934445,0.318,0.096,2.5850663690679965e-80,12,CTSZ,104
5.863167580690607e-83,1.8544563270347627,0.386,0.143,1.1096044646456973e-78,12,YBX3,105
6.520241186196808e-81,1.5532194797858416,0.428,0.165,1.2339556444877458e-76,12,SNX9,106
5.476214814175406e-80,0.30666587633787,0.992,0.976,1.0363736535826956e-75,12,FAU,107
4.7635638202719785e-77,1.8947714722088334,0.306,0.097,9.015044529864719e-73,12,SH3BP5,108
1.1715467675028157e-76,1.8572326665460925,0.304,0.094,2.2171522574990788e-72,12,CAPG,109
5.027106483762167e-76,1.8081442315838396,0.319,0.103,9.5137990205199e-72,12,NCOA3,110
3.0392441422737814e-75,1.793287794404474,0.328,0.109,5.751769539253131e-71,12,IRF8,111
1.6705730862706427e-73,1.8280435650688942,0.314,0.103,3.161559565767191e-69,12,LAT2,112
4.431416852995605e-73,1.4174632918130197,0.47,0.204,8.386456394294183e-69,12,PTPN6,113
8.775514586936934e-71,1.048614609562752,0.636,0.352,1.6607661355778148e-66,12,RNASET2,114
1.9757018457664937e-70,1.7990462861621217,0.311,0.104,3.739015743113089e-66,12,UVRAG,115
1.8663721634046816e-66,2.0132062831148425,0.278,0.092,3.53210931924336e-62,12,PLPP5,116
3.8876694146696873e-66,0.6456027242166904,0.849,0.652,7.357414367262383e-62,12,SLC25A6,117
6.491003864003072e-64,1.3898984760148752,0.435,0.192,1.2284224812625815e-59,12,TMEM243,118
6.78362400896039e-64,0.3301349429170415,0.968,0.925,1.283800843695754e-59,12,NACA,119
1.2818226697541847e-63,1.6774736352653388,0.288,0.096,2.4258494025097947e-59,12,PLCG2,120
1.9146995509150646e-63,1.6857311819488905,0.345,0.134,3.62356890010676e-59,12,ADK,121
1.379716865597362e-62,1.3241809879118849,0.448,0.204,2.6111141681430072e-58,12,RIPOR2,122
1.4064132356163226e-61,1.8917747917206353,0.254,0.081,2.661637048403891e-57,12,ORAI2,123
2.5403164228484795e-61,0.28408820486664865,0.994,0.969,4.8075488302407476e-57,12,MT-ND3,124
1.823705364313009e-60,0.5148275064094294,0.89,0.748,3.4513624019623697e-56,12,ARPC3,125
2.2176990907876478e-60,0.7309761298875954,0.781,0.56,4.196995529315623e-56,12,NOP53,126
7.037346192313218e-60,1.902340942995111,0.251,0.08,1.3318177668952765e-55,12,DRAM2,127
1.0106413447252553e-58,0.32512533544743905,0.976,0.919,1.9126387448925456e-54,12,UBA52,128
1.0943483578444315e-58,1.096875268003327,0.517,0.262,2.0710542672205867e-54,12,CTSS,129
4.194432211950742e-58,1.3079979514365068,0.449,0.217,7.93796296111678e-54,12,FOXP1,130
3.3683392124256135e-57,0.9877013405930437,0.617,0.371,6.374581959515473e-53,12,SMDT1,131
8.348645604226093e-57,1.6982594547538175,0.284,0.102,1.579981180599788e-52,12,WASHC4,132
1.311705274826575e-56,0.3934023711710286,0.956,0.86,2.482402232609293e-52,12,PFDN5,133
2.262859364856442e-54,1.5426573012580842,0.336,0.14,4.282461347990816e-50,12,EIF1AY,134
5.613430434010214e-54,1.113107614446,0.517,0.282,1.062341709636433e-49,12,GRB2,135
7.9835964944251e-54,1.335011409215085,0.411,0.192,1.51089563656995e-49,12,PRKCB,136
1.2351653249790129e-53,1.4480736357266624,0.345,0.143,2.3375503775227818e-49,12,PRDM2,137
2.9850890708957022e-53,1.6563062049464856,0.258,0.089,5.649281066670117e-49,12,ST6GAL1,138
3.0340664820327795e-53,0.9300028282166068,0.609,0.359,5.741970817247035e-49,12,BIRC3,139
4.538903086244332e-53,0.8139781004056643,0.685,0.46,8.589874090717398e-49,12,ZFAS1,140
7.401078937825289e-53,1.5486800259226934,0.319,0.129,1.400654188983436e-48,12,C7orf50,141
2.329790332239763e-52,0.900474076248315,0.631,0.396,4.4091282037637513e-48,12,SMAP2,142
2.3878522535315634e-51,0.3370569998313919,0.939,0.878,4.519010389808483e-47,12,H3F3A,143
8.067696207931794e-50,0.8828192002516566,0.647,0.426,1.5268115073510922e-45,12,UCP2,144
1.6426061437990392e-49,0.9950857895333867,0.541,0.314,3.108632127139682e-45,12,CMTM6,145
6.5815741240750776e-49,1.5615156046430172,0.308,0.127,1.2455629029812085e-44,12,LTA4H,146
1.1731396027980982e-48,1.3146083381623175,0.4,0.192,2.2201666982954009e-44,12,SNHG7,147
2.0047313316803453e-47,1.2290980045540598,0.428,0.219,3.793954045205054e-43,12,CHCHD10,148
1.1854653554825132e-46,0.8584860351466757,0.614,0.391,2.2434931852506562e-42,12,RHOH,149
1.2287453147613239e-44,0.8739946039353776,0.596,0.382,2.3254005081858055e-40,12,LSM7,150
5.959540479672906e-44,1.2474692048229254,0.363,0.168,1.1278430357780975e-39,12,SP140,151
1.0633158574189102e-43,0.6213890283302135,0.797,0.595,2.0123252601652876e-39,12,LIMD2,152
2.5976886552550134e-43,1.5003265652495883,0.271,0.109,4.9161257800701126e-39,12,CAMK1D,153
2.0193301993226286e-42,0.41755853228037987,0.871,0.753,3.8215824022180747e-38,12,YBX1,154
9.437634455941523e-42,1.3230956343105629,0.319,0.142,1.7860723207869332e-37,12,RASGEF1B,155
1.5247807820076987e-41,0.25339576314945766,0.969,0.923,2.8856476299495696e-37,12,MT-ATP8,156
1.167125464695292e-40,0.726331515668653,0.669,0.453,2.20878494193584e-36,12,NME2,157
1.8818164956705646e-39,1.097647846736439,0.444,0.249,3.5613377180565435e-35,12,POLD4,158
1.1587619430161496e-38,0.2642660052289485,0.97,0.914,2.1929569771580632e-34,12,FTL,159
1.0826582196908967e-37,1.2496350147125381,0.329,0.157,2.0489306807650222e-33,12,SMARCB1,160
1.3033669224500391e-37,1.0757767864939791,0.371,0.182,2.466621900736699e-33,12,BCL2A1,161
1.7212222782086366e-37,1.4483277208607719,0.256,0.107,3.257413161509845e-33,12,FAM3C,162
3.7868362640735434e-37,0.304245112637509,0.938,0.867,7.166587629759181e-33,12,MT-ND4,163
5.893700859251307e-36,0.30446794845239644,0.96,0.892,1.1153828876133099e-31,12,EEF1D,164
6.685527364650017e-36,1.3530006111808395,0.277,0.123,1.2652360537600157e-31,12,RGS19,165
7.965557528436361e-36,0.7044644969958858,0.624,0.444,1.5074817622565813e-31,12,EIF3L,166
9.071868435585502e-36,0.9510994923371321,0.482,0.298,1.7168511014345562e-31,12,LAMTOR5,167
1.538323397357509e-34,1.3164472379766279,0.273,0.122,2.911277029499086e-30,12,ARRDC2,168
3.61981597297698e-34,1.1478515598511032,0.305,0.141,6.850501728858935e-30,12,GGA2,169
7.891959901700052e-34,0.6512802112907781,0.669,0.475,1.493553411396735e-29,12,EIF3H,170
2.0749351241739498e-33,1.126222082434887,0.353,0.183,3.9268147224992e-29,12,WDR74,171
5.183622944385583e-33,0.7555591077345349,0.562,0.402,9.810006422249716e-29,12,DDX21,172
9.274114448156432e-33,0.6437694526567146,0.655,0.474,1.7551261593136048e-28,12,EIF3E,173
1.0214665084055296e-32,0.8153050741663093,0.52,0.332,1.9331253671574648e-28,12,EIF1B,174
1.8297887218835456e-32,0.988206623059617,0.417,0.239,3.46287515616461e-28,12,EIF2S3,175
3.51601852656929e-32,1.027470182289606,0.35,0.18,6.654065061532382e-28,12,CNPPD1,176
3.5316932800878534e-32,1.5690719110928282,0.25,0.114,6.683729532566262e-28,12,IL4R,177
4.9026725109019466e-32,0.3306364590662443,0.898,0.806,9.278307726881934e-28,12,NPM1,178
6.100598208689844e-32,1.2778119546876316,0.285,0.137,1.1545382109945531e-27,12,APPL1,179
9.448181515982177e-32,0.7191158647689568,0.588,0.394,1.7880683518996272e-27,12,KLF2,180
1.3866033282644973e-31,1.2063021918855485,0.291,0.139,2.624146798740561e-27,12,TRAF4,181
1.7898239511926897e-31,1.193842353294312,0.274,0.125,3.387241827632165e-27,12,ARHGAP25,182
6.959042918758247e-31,0.9020450852352773,0.449,0.274,1.3169988723749983e-26,12,CNPY3,183
7.772794204591888e-31,0.38400203996636373,0.833,0.731,1.4710013032190148e-26,12,TAGLN2,184
2.0044946186845403e-30,1.0310971413621624,0.371,0.205,3.7935060658604926e-26,12,PARP1,185
2.230987401584419e-30,1.154830894389628,0.304,0.152,4.2221436574985134e-26,12,RB1,186
2.686466931947203e-30,1.0472918781836922,0.36,0.197,5.084138668710082e-26,12,RILPL2,187
6.405638492484965e-30,0.7997001092226836,0.494,0.319,1.2122670847027797e-25,12,LAPTM4A,188
1.764690331812769e-29,0.9184463841583855,0.405,0.235,3.3396764529556653e-25,12,ATP2B1,189
1.959446996783365e-29,1.2430703418259559,0.254,0.118,3.7082534414125183e-25,12,BACH1,190
2.673616258007355e-29,0.7560947184272113,0.544,0.37,5.059818768278919e-25,12,SELENOH,191
3.4697511706474717e-29,1.2692724163576676,0.256,0.119,6.56650409045034e-25,12,TRIM38,192
3.7652601879794245e-29,1.1832189720832806,0.275,0.134,7.125754905751061e-25,12,UPF2,193
5.794392205281565e-29,0.29107693573935034,0.912,0.846,1.0965887248495361e-24,12,COX4I1,194
7.975923563808597e-29,0.5232664043346955,0.708,0.561,1.509443534450777e-24,12,SF1,195
1.102760733953476e-28,0.7468354069425227,0.542,0.366,2.0869746890069532e-24,12,SNHG8,196
1.428520748598197e-28,1.040419953189144,0.338,0.182,2.703475516722088e-24,12,LMBRD1,197
3.0954948133583257e-28,0.7941803675052521,0.5,0.336,5.8582239342806314e-24,12,GDI2,198
4.250557271461768e-28,1.153221511642536,0.258,0.121,8.044179636241394e-24,12,ZBTB20,199
8.994976154064522e-28,0.826592116968768,0.473,0.308,1.7022992371567108e-23,12,TAF1D,200
1.7747836183132098e-27,0.5361886029793275,0.691,0.536,3.35877799765775e-23,12,UQCRH,201
8.065522302685779e-27,1.0464210674699252,0.356,0.206,1.5264000957832837e-22,12,DBNL,202
9.610690642665221e-27,0.7801021518635147,0.494,0.324,1.818823204124393e-22,12,PNISR,203
1.380607730415762e-26,0.9448885242495303,0.384,0.223,2.6128001298118296e-22,12,EVI2B,204
1.945498382156935e-26,0.7897399610375844,0.463,0.295,3.681855688232e-22,12,PLP2,205
2.317407063723024e-26,0.46304915955723036,0.757,0.604,4.385692868095823e-22,12,HNRNPDL,206
2.4419094378507817e-26,0.3227267785420649,0.877,0.785,4.621313611132604e-22,12,TOMM7,207
2.985879635852118e-26,0.9903344944317045,0.323,0.173,5.650777210850133e-22,12,SSH2,208
4.0810264677791947e-26,0.6344836478651585,0.599,0.433,7.723342590272126e-22,12,ERP29,209
1.0375926294995607e-25,0.8438355154877818,0.415,0.255,1.9636440513279184e-21,12,PPP1CC,210
1.8322127182143755e-25,0.514674557827894,0.701,0.566,3.467462569220706e-21,12,ZFP36L1,211
2.3323142477963582e-25,0.9051537249865207,0.415,0.262,4.413904713954608e-21,12,ALG13,212
2.607594522099129e-25,0.954119909043478,0.381,0.234,4.934872633072602e-21,12,MARCKSL1,213
7.192432916160732e-25,0.46333387518260105,0.751,0.604,1.3611679293834184e-20,12,GABARAP,214
1.4628389762408022e-24,0.8702430569438799,0.371,0.216,2.768422762535718e-20,12,SP110,215
6.673331050543734e-24,0.3784620209346725,0.826,0.714,1.2629279013154016e-19,12,COMMD6,216
1.1689871879430624e-23,0.8430715177415147,0.388,0.233,2.2123082531822454e-19,12,PLAC8,217
6.308773060621987e-23,1.0404099447220796,0.29,0.158,1.193935301722711e-18,12,PWP1,218
1.5199042966361751e-22,0.7516818761380981,0.452,0.304,2.8764188813839614e-18,12,CDKN1A,219
5.2205757303228695e-22,0.6879515875486035,0.479,0.329,9.87993956963603e-18,12,TCEA1,220
9.653991179988544e-22,0.598613352561516,0.565,0.418,1.827017830812832e-17,12,TUBA1A,221
1.1844782846314348e-21,1.1258563119898934,0.25,0.132,2.2416251536649906e-17,12,SKAP2,222
2.0174342106758136e-21,0.2585301040643695,0.901,0.841,3.8179942437039775e-17,12,BTF3,223
5.638066089816935e-21,0.6059828048358185,0.54,0.398,1.067004007497855e-16,12,SH3BGRL,224
5.8564364426817245e-21,0.9152621877810668,0.305,0.174,1.1083305967775164e-16,12,TGIF1,225
8.951048945641094e-21,0.8621423262516513,0.328,0.191,1.693986012962577e-16,12,PIM2,226
3.020747531928085e-20,0.6541825826444261,0.503,0.361,5.7167647041739005e-16,12,NSA2,227
5.189249294409119e-20,0.47096951061587644,0.66,0.542,9.820654289669257e-16,12,BTG2,228
1.390227018360445e-19,0.29773698564150264,0.855,0.77,2.631004632247142e-15,12,COX7C,229
1.3923587294327147e-19,0.2997682020317627,0.842,0.765,2.6350388954514128e-15,12,HINT1,230
1.6879381083841928e-19,0.5182361150382677,0.596,0.458,3.194422870117085e-15,12,UXT,231
7.000889400845573e-19,0.7287244675996216,0.421,0.29,1.3249183191100247e-14,12,SP100,232
7.436828423065082e-19,0.958960962747439,0.258,0.143,1.4074197790650667e-14,12,R3HDM4,233
1.6883139208957178e-18,0.7805602477096798,0.424,0.294,3.195134095295146e-14,12,TXNIP,234
2.468554247436439e-18,0.45823580543239206,0.641,0.516,4.671738913273461e-14,12,TUBA1B,235
3.275907340268807e-18,0.4515368446985546,0.633,0.522,6.199654641458718e-14,12,SNU13,236
1.095523052689058e-17,0.6454188328258723,0.445,0.305,2.0732773772140422e-13,12,ZNF706,237
1.4370775362505325e-17,0.5677391942822996,0.506,0.37,2.7196692373541325e-13,12,SMCHD1,238
2.18896440053667e-17,0.5955024221024268,0.468,0.327,4.142615128015648e-13,12,ODC1,239
2.3679495072670953e-17,0.5044002900631257,0.575,0.449,4.481344442502978e-13,12,UBXN1,240
2.47325578291154e-17,0.7290140308710318,0.343,0.212,4.68063656916009e-13,12,ARID5B,241
3.1753314608053565e-17,0.40657585227989657,0.688,0.582,6.009314789574137e-13,12,EMP3,242
4.0694771384946336e-17,0.868376228421184,0.284,0.167,7.701485484601094e-13,12,CMTM7,243
5.266387648064246e-17,0.4570649393485713,0.648,0.525,9.966638623961587e-13,12,HMGN1,244
5.906058626095843e-17,0.9446500265037083,0.254,0.146,1.1177215949886385e-12,12,VPS35,245
7.194643480437517e-17,0.7891124072899104,0.349,0.23,1.3615862786728002e-12,12,TMEM123,246
8.764209179787563e-17,0.979851994583989,0.266,0.157,1.6586265872747963e-12,12,IMPDH2,247
3.473420913820747e-16,0.7220688695300339,0.353,0.227,6.573449079405764e-12,12,NPC2,248
3.487570620380878e-16,0.39075474993105264,0.678,0.572,6.600227399070811e-12,12,EIF3F,249
3.758831429073751e-16,0.3973290565747325,0.654,0.539,7.113588479522074e-12,12,MT-ND6,250
4.714089217469671e-16,0.6995013951549292,0.4,0.277,8.921413844061352e-12,12,PHB2,251
5.806302212777524e-16,0.27399469776183993,0.823,0.752,1.0988426937681464e-11,12,CCNI,252
7.664999592460124e-16,0.7550851508780346,0.325,0.207,1.4506011728730784e-11,12,ARL4A,253
8.808274766215817e-16,0.33320550699557216,0.744,0.648,1.6669659995063434e-11,12,SERP1,254
1.3125407048998365e-15,0.6753634597364581,0.376,0.251,2.4839832840229404e-11,12,MYCBP2,255
1.5963866906285453e-15,0.3051032087718286,0.778,0.695,3.021161812014522e-11,12,FXYD5,256
2.7505220905825343e-15,0.7713320902127325,0.288,0.177,5.205363056427446e-11,12,STX5,257
5.227680759715558e-15,0.3575050660971404,0.698,0.585,9.893385837761692e-11,12,REL,258
6.488981692668033e-15,0.28549646911862814,0.825,0.739,1.2280397853374252e-10,12,ATP5MC2,259
6.569876794221528e-15,0.5239305222920962,0.52,0.418,1.2433491833064243e-10,12,RSL24D1,260
6.79977479488701e-15,0.7206681969002965,0.325,0.21,1.2868573799323667e-10,12,PTPN1,261
8.447973461769898e-15,0.4191885296965654,0.645,0.529,1.5987789776399533e-10,12,HMGN2,262
9.301946890108068e-15,0.7910683086208412,0.288,0.18,1.760393448952952e-10,12,MKNK2,263
1.0754365921526258e-14,0.31644320013489935,0.763,0.671,2.0352637506488444e-10,12,PCBP2,264
1.2245475417149559e-14,0.3898647483067412,0.686,0.584,2.317456222695554e-10,12,CD53,265
2.1183096553091228e-14,0.8935097986811096,0.253,0.152,4.008901022672515e-10,12,NT5C,266
2.4007425448364724e-14,0.27061959113105516,0.767,0.745,4.543405266103024e-10,12,JUNB,267
3.5823109470965026e-14,0.36266118582292517,0.653,0.543,6.779523467380131e-10,12,SAT1,268
3.903338792443322e-14,0.7627936835283501,0.295,0.186,7.387068664698987e-10,12,PPM1K,269
4.0276359857791595e-14,0.564952691469905,0.432,0.307,7.622301103087059e-10,12,KDM6B,270
4.9321209085290854e-14,0.30471127727573233,0.743,0.659,9.334038819391293e-10,12,HNRNPK,271
7.2681985177883e-14,0.4460870543917048,0.559,0.438,1.3755065694914357e-9,12,TAGAP,272
8.560985325496353e-14,0.5233008145224469,0.497,0.387,1.6201664728501848e-9,12,ST13,273
1.2247293112189788e-13,0.7746091457432732,0.312,0.209,2.3178002214819174e-9,12,HIF1A,274
1.2417730781900334e-13,0.515398223530632,0.48,0.365,2.350055550474638e-9,12,ISCU,275
1.326480482085871e-13,0.49874372325163296,0.547,0.444,2.5103643123475113e-9,12,ANAPC16,276
2.352855422162205e-13,0.7673972680671549,0.277,0.176,4.452778886441973e-9,12,FYTTD1,277
2.610506996570285e-13,0.37538512316433215,0.634,0.541,4.940384491009265e-9,12,SLC25A5,278
3.813705969050844e-13,0.4642978095016823,0.588,0.494,7.217438546428722e-9,12,SEC62,279
5.189492739850451e-13,0.38014420352384404,0.63,0.518,9.821115010166977e-9,12,CD48,280
7.489621486586901e-13,0.612195877559703,0.366,0.254,1.417410866336571e-8,12,NR1H2,281
1.363678784975116e-12,0.4963520621136748,0.482,0.375,2.580762100565407e-8,12,UBE2I,282
2.884399212364235e-12,0.7955939833674445,0.273,0.177,5.4587255093993145e-8,12,RPA3,283
3.3539083820027774e-12,0.6234684688423227,0.366,0.26,6.347271612940256e-8,12,NFKB2,284
3.3805224058606716e-12,0.6047441752676139,0.391,0.286,6.397638653091321e-8,12,FBL,285
3.4859062548643058e-12,0.30271731251073986,0.706,0.607,6.597077587330699e-8,12,TSC22D3,286
3.601015285036531e-12,0.6634433524722465,0.308,0.203,6.814921426931635e-8,12,TTC3,287
1.1137964302645502e-11,0.6629794565843572,0.321,0.224,2.1078597442756612e-7,12,NHP2,288
1.2667820570901916e-11,0.5247710208733403,0.446,0.347,2.3973850430431874e-7,12,NOP10,289
1.350294137316664e-11,0.4446647233736887,0.523,0.416,2.5554316548717864e-7,12,PRDX1,290
1.7508266683850346e-11,0.6861455376453646,0.268,0.172,3.313439469918678e-7,12,BORCS5,291
1.9554821324931005e-11,0.5550271379164722,0.376,0.27,3.7007499357431924e-7,12,IL16,292
2.819824341858299e-11,0.6261360793477776,0.345,0.247,5.336517566966831e-7,12,ATP6V0D1,293
2.953651829623793e-11,0.5709840526343504,0.363,0.259,5.589786087563028e-7,12,AC004687.1,294
3.09440396558663e-11,0.40233554401676797,0.547,0.449,5.856159504872698e-7,12,EIF4B,295
3.8904167743246387e-11,0.7148943233128578,0.282,0.192,7.362613745409379e-7,12,OSER1,296
4.0636005806832004e-11,0.5815287834619227,0.377,0.277,7.690364098942957e-7,12,TSTD1,297
5.504366927275871e-11,0.6417855462844326,0.343,0.251,1.0417014409869586e-6,12,MTPN,298
5.886677605240612e-11,0.3931719394845288,0.551,0.445,1.1140537367917858e-6,12,EIF4A2,299
8.170530857368111e-11,0.38566657672663984,0.583,0.49,1.546272964756915e-6,12,ACTR3,300
1.0046906400282428e-10,0.7372758062965312,0.281,0.192,1.9013770362534497e-6,12,BLOC1S2,301
1.0444729514448234e-10,0.5887710387044289,0.359,0.263,1.9766650606093283e-6,12,ITSN2,302
1.3230363399687948e-10,0.54008315312035,0.386,0.29,2.503846273390944e-6,12,C1QBP,303
3.4228548989774815e-10,0.27069166363343866,0.725,0.652,6.477752896314884e-6,12,DAZAP2,304
4.803742921204302e-10,0.7423527971436478,0.264,0.18,9.091083478379142e-6,12,APEX1,305
9.7898530307826e-10,0.41370007913688256,0.484,0.385,1.8527296860756067e-5,12,CD47,306
1.056807327423808e-9,0.6161421612999749,0.287,0.199,2.0000078671495565e-5,12,ZFAND6,307
1.9269736161004113e-9,0.6261615535002922,0.311,0.225,3.6467975684700284e-5,12,TNFAIP8,308
2.230551373682295e-9,0.610159491618082,0.309,0.224,4.221318474693743e-5,12,PRMT1,309
2.5640013826199364e-9,0.6191560128509497,0.264,0.181,4.85237261660823e-5,12,RAB11FIP1,310
2.8206593596874276e-9,0.34566034142606883,0.579,0.494,5.3380978382084564e-5,12,SET,311
3.173840505215539e-9,0.6540325818964792,0.273,0.189,6.006493156120407e-5,12,ZNF24,312
4.07403101902895e-9,0.31085452812849557,0.653,0.571,7.710103703512287e-5,12,ATP6V1G1,313
4.17834679414784e-9,0.5534420757921721,0.331,0.243,7.907521307924787e-5,12,SFT2D1,314
4.869863095941306e-9,0.669474505741035,0.25,0.17,9.216215909068922e-5,12,MED30,315
4.915422612025773e-9,0.5019252715196039,0.355,0.263,9.302437293258775e-5,12,APH1A,316
6.1540329840540884e-9,0.5801834790374456,0.285,0.201,1.1646507422322363e-4,12,GNA13,317
6.6156158410631624e-09,0.5141514461960456,0.342,0.251,1.2520052979212034e-4,12,RNMT,318
1.0828391348319458e-8,0.6714792151089011,0.268,0.19,2.0492730626694574e-4,12,OXA1L,319
1.0941537168573641e-8,0.39503064714431546,0.479,0.401,2.0706859091525616e-4,12,WSB1,320
1.2719944135844948e-8,0.4220030912624626,0.418,0.33,2.4072494277086566e-4,12,ATP6V0B,321
1.820090650857779e-8,0.5580554409115561,0.306,0.226,3.444521556748347e-4,12,BBX,322
2.5307978321585624e-8,0.6144682317793648,0.287,0.209,4.7895348973600794e-4,12,TMEM256,323
2.7608933860468972e-8,0.3497796631180532,0.528,0.442,5.224990733093753e-4,12,PDE4B,324
3.322185623010547e-8,0.29434940978175117,0.596,0.526,6.287236291547461e-4,12,LRRFIP1,325
3.5046713625989225e-8,0.2752171194194233,0.658,0.567,6.632590553718461e-4,12,ISG20,326
4.027991180461588e-8,0.3889725197873146,0.465,0.387,7.622973309023555e-4,12,RSL1D1,327
4.2459571976761823e-8,0.3366436538631432,0.538,0.467,8.035473996602175e-4,12,CYTIP,328
4.787111446782839e-8,0.38913929811359926,0.466,0.38,9.059608413036522e-4,12,TOMM20,329
9.694120308303786e-8,0.4013640826830047,0.445,0.362,0.0018346122683464915,12,ANP32B,330
1.761066484912933e-7,0.5528668586810196,0.277,0.203,0.0033328183226977257,12,MCUB,331
1.8148984385974104e-7,0.3758003731014923,0.455,0.378,0.0034346952950455993,12,MAPK1IP1L,332
1.8917249905475833e-7,0.46184197927971404,0.333,0.253,0.003580089544611301,12,KPNB1,333
2.1198003557399414e-7,0.3661050612317487,0.428,0.343,0.0040117221732378396,12,UBE2N,334
2.2290059901454426e-7,0.5753518149998694,0.275,0.202,0.00421839383635025,12,CYB5R3,335
2.566980190763343e-7,0.28523704855934406,0.593,0.52,0.004858010011019627,12,GPSM3,336
3.074842888129007e-7,0.5101421200256733,0.328,0.256,0.0058191401657841455,12,PRNP,337
3.924188865003495e-7,0.41682479573823805,0.393,0.311,0.007426527427019114,12,EIF3D,338
4.1263077630005996e-7,0.3788624291393847,0.441,0.364,0.0078090374414786345,12,TRA2B,339
4.236691885145535e-7,0.5916297258420063,0.258,0.19,0.008017939392637926,12,P2RY10,340
4.533738154440845e-7,0.3804195931894765,0.417,0.334,0.008580099457279299,12,PPIG,341
6.854432358067437e-7,0.5135288916846016,0.295,0.225,0.012972013237642624,12,ANKRD37,342
6.975619837657736e-7,0.3183800778357426,0.51,0.44,0.013201360542767266,12,ANXA6,343
1.0884452068530946e-6,0.5534453816202664,0.275,0.208,0.020598825539694818,12,LSM5,344
1.1085017546831853e-6,0.49585363029715357,0.294,0.221,0.02097839570737928,12,AFF4,345
1.2831512031293726e-6,0.39735268140415014,0.428,0.359,0.024283636519223377,12,RNPS1,346
1.3269232993508733e-6,0.3259688670021592,0.492,0.426,0.025112023440215278,12,CSDE1,347
1.3433803101761442e-6,0.5389030794612969,0.284,0.217,0.02542347237008353,12,DNAJC15,348
1.4554022910031482e-6,0.36780681003899396,0.417,0.338,0.02754348835723458,12,TUBB,349
1.541424910559125e-6,0.47079047268750207,0.27,0.199,0.02917146643233144,12,SC5D,350
1.7132089703332108e-6,0.4344068924735869,0.333,0.259,0.032422479763556014,12,ACAP2,351
3.050486420827554e-6,0.3547435615213794,0.414,0.344,0.057730455514161456,12,MOB1A,352
4.007475158394925e-6,0.3770924691443145,0.427,0.36,0.07584146737262396,12,EIF3M,353
4.188795664240791e-6,0.5412589732990121,0.267,0.205,0.07927295794575698,12,ATP5MC1,354
4.2041859579028026e-6,0.47322071667696675,0.277,0.209,0.07956421925331054,12,RNF138,355
5.23398389674308e-6,0.4452835322383458,0.302,0.235,0.0990531452458628,12,JMJD1C,356
7.081268777142844e-6,0.3979446846084911,0.355,0.288,0.13401301160742832,12,CCT8,357
7.082074851517732e-6,0.5011779312955432,0.282,0.219,0.13402826656497308,12,TMBIM4,358
9.240007637693649e-6,0.4286262231764606,0.366,0.305,0.1748671445433523,12,CSK,359
1.1439436822499301e-5,0.38620620863583754,0.35,0.284,0.21649134186579927,12,EIF2S2,360
1.2801708941884684e-5,0.2861090212262549,0.483,0.423,0.24227234172516765,12,SRSF10,361
2.6093555853494356e-5,0.4178523183606395,0.323,0.262,0.49382054452738067,12,COX7A2L,362
2.9885433719181998e-5,0.4174402469051187,0.298,0.238,0.5655818331355194,12,DDX39A,363
3.2610627606003776e-5,0.3321155359829697,0.425,0.365,0.6171561274436215,12,RTRAF,364
3.612243038361314e-5,0.4234008073831227,0.295,0.236,0.6836169950098786,12,DDX27,365
3.8588545053130855e-5,0.29113094054493405,0.436,0.362,0.7302882151305015,12,RELB,366
3.873404743288571e-5,0.411858336128166,0.326,0.268,0.733041847667362,12,PDCD6,367
4.1611316621685364e-5,0.3102297703905217,0.408,0.348,0.7874941670653955,12,ZC3H15,368
5.084199745289876e-5,0.39045347288555377,0.381,0.325,0.9621848017961091,12,TOMM22,369
1.0151468022338832e-4,0.44988056823514067,0.25,0.198,1,12,DARS,370
7.0193326337511e-4,0.4487346290866624,0.25,0.207,1,12,KLF3,371
1.1639589470761367e-4,0.425042730917484,0.297,0.246,1,12,ACP1,372
1.7772711896581984e-4,0.4227276116753299,0.278,0.226,1,12,WASF2,373
7.464393278196549e-5,0.4218498072297536,0.304,0.247,1,12,PFDN2,374
4.990188603920939e-4,0.4123187428342101,0.271,0.223,1,12,GGNBP2,375
3.7602834212068485e-4,0.4043161990291566,0.273,0.223,1,12,PGLS,376
0.0012796206033850012,0.4028297823811421,0.253,0.21,1,12,PSMD4,377
4.400963511872715e-4,0.3974204301875204,0.268,0.219,1,12,SNRPE,378
5.567670345000067e-5,0.39317256820955726,0.345,0.287,1,12,NOL7,379
7.734639379189446e-4,0.3676677471975399,0.299,0.252,1,12,ADD3,380
3.5631011670191596e-4,0.36453851421642747,0.321,0.272,1,12,C8orf59,381
0.0014835398357224137,0.364293253540267,0.28,0.234,1,12,VASP,382
1.3778026748556988e-4,0.3641062640255044,0.347,0.296,1,12,C1orf43,383
6.17079557706658e-4,0.35908987837241235,0.278,0.229,1,12,FAM133B,384
7.340595006365986e-4,0.3581351522296612,0.291,0.244,1,12,MRPL52,385
7.634659178087133e-4,0.3521404227665992,0.325,0.283,1,12,CCT5,386
2.0576525466091606e-4,0.34743663161881044,0.376,0.328,1,12,SYF2,387
0.0013892142434114767,0.3446420199318917,0.29,0.245,1,12,FUNDC2,388
0.002767328586404177,0.3419675767841097,0.278,0.237,1,12,LAMTOR1,389
0.003541936653598033,0.34041150333522596,0.275,0.235,1,12,PPP4R3A,390
8.425815447430937e-4,0.34000014916538646,0.281,0.231,1,12,PCNP,391
1.2474483469226153e-4,0.33774434628615335,0.397,0.345,1,12,PAPOLA,392
0.006252711204243414,0.33720056449175895,0.253,0.215,1,12,RTF2,393
1.2382105913547712e-4,0.3366964742526588,0.387,0.33,1,12,HNRNPL,394
0.0014188537673151546,0.3313916204092815,0.339,0.299,1,12,PNRC2,395
6.785255569613462e-4,0.3278683290100324,0.326,0.276,1,12,RSRC2,396
1.834152212408399e-4,0.3278037681422584,0.28,0.221,1,12,SNHG15,397
1.4594454797647565e-4,0.32772243329201023,0.27,0.209,1,12,SOD2,398
0.005983151242095346,0.3271062885591294,0.28,0.244,1,12,PNPLA8,399
0.008080503901311514,0.3244176389265201,0.261,0.225,1,12,CNOT7,400
0.004041020768949152,0.3225117355168651,0.267,0.227,1,12,TM9SF2,401
9.151494985135321e-4,0.3186390015193308,0.362,0.315,1,12,MRPS21,402
0.0015325929572323068,0.31603657671158136,0.339,0.297,1,12,PPP2R1A,403
0.00840429634433992,0.3152435166284505,0.282,0.249,1,12,MAF1,404
0.0052681725475715886,0.3140755225921811,0.25,0.213,1,12,VOPP1,405
4.650212102200464e-4,0.3121556136425163,0.36,0.307,1,12,CCT7,406
2.1769210087637959e-4,0.30853952416417374,0.387,0.337,1,12,MAP3K8,407
1.0105139527008735e-4,0.30485716272974095,0.462,0.406,1,12,TBCA,408
0.004342679613631782,0.3033838713523078,0.311,0.272,1,12,TNFRSF14,409
0.0031258890315079657,0.30130264448700184,0.282,0.239,1,12,CGGBP1,410
0.0032351992910288415,0.29197648887177863,0.342,0.298,1,12,ATRX,411
0.0012124890444043244,0.2915108318700925,0.415,0.38,1,12,GABARAPL2,412
2.0099194753749e-4,0.2892905372104839,0.419,0.366,1,12,SELENOF,413
0.0011503280353507863,0.2854243356356514,0.374,0.323,1,12,EIF3I,414
0.005758709336282937,0.28342918542842055,0.346,0.306,1,12,GTF3A,415
4.551067722580432e-4,0.28245263947757326,0.427,0.376,1,12,KRT10,416
1.5972876576581232e-4,0.280917608125165,0.452,0.397,1,12,GPBP1,417
0.003869680821023822,0.2747863673518587,0.362,0.324,1,12,COX17,418
0.008270318671660833,0.27074502722500116,0.306,0.27,1,12,GADD45GIP1,419
0.007544438813556179,0.26732718690374635,0.321,0.282,1,12,MRPL54,420
0.0011688132049440766,0.2672655008631568,0.364,0.318,1,12,CCT2,421
0.002506053295720094,0.26409543399946145,0.339,0.293,1,12,CEBPZ,422
0.0064866287104718865,0.26269642178957153,0.321,0.285,1,12,SLBP,423
8.93244375194543e-5,0.26216902846608425,0.496,0.446,1,12,EIF5A,424
0.001566385976366431,0.25875586005402695,0.36,0.31,1,12,FOSB,425
0.006249200013153446,0.25586257060693396,0.353,0.313,1,12,NSD3,426
1.3719106983878194e-4,0.2555382064265552,0.489,0.438,1,12,RBM38,427
0.0011397357799500724,0.25175338873290043,0.422,0.369,1,12,PPP1R15A,428
0,3.8639058499910237,0.628,0.061,0,13,CX3CR1,1
0,3.1838895774526437,0.86,0.119,0,13,FGFBP2,2
5.2151213510738065e-282,2.82536224777946,0.916,0.166,9.869617156907179e-278,13,GNLY,3
9.138983497797148e-212,4.295309143683516,0.333,0.025,1.7295526269581103e-207,13,MYOM2,4
3.796595352930366e-192,2.728956132435299,0.737,0.149,7.185056705420717e-188,13,FCGR3A,5
5.609208392535286e-188,3.9844875381072793,0.368,0.035,1.0615426882873028e-183,13,IGFBP7,6
1.3014938633296225e-165,2.091491145819175,0.923,0.257,2.4630771363513108e-161,13,GZMB,7
6.550991027877946e-160,3.3149552472254236,0.411,0.05,1.2397750520259012e-155,13,PRSS23,8
1.7549880849146993e-142,2.541852727632323,0.695,0.176,3.321314950701068e-138,13,SPON2,9
1.9439674285590978e-140,1.057030686528964,1,0.761,3.6789583585480924e-136,13,NKG7,10
1.0184791083081301e-136,2.0087585989366064,0.86,0.29,1.9274717124731364e-132,13,TXNIP,11
5.35760906980959e-109,1.7996457427443495,0.807,0.291,1.013927516461465e-104,13,TYROBP,12
3.670958898864624e-102,1.3801627954628768,0.912,0.507,6.947289716101301e-98,13,PRF1,13
1.5124732143593118e-99,1.2371809366007143,0.933,0.563,2.8623555581749977e-95,13,CTSW,14
2.9689305762548126e-96,2.6799882037022504,0.407,0.077,5.618701115562233e-92,13,ADGRG1,15
1.1487047372719147e-93,2.051446717375461,0.663,0.228,2.1739237152870984e-89,13,PLEK,16
1.9984766057201923e-93,0.8846019925613691,0.986,0.784,3.7821169763254636e-89,13,IFITM2,17
2.8300408424928678e-86,2.0721904772494097,0.621,0.204,5.355852294417752e-82,13,CLIC3,18
5.1861204187001484e-83,1.5563724627218494,0.793,0.372,9.814732892390031e-79,13,GZMH,19
3.5134608635590464e-78,1.3119297946879112,0.832,0.48,6.649224684285495e-74,13,CD247,20
5.3792662265737846e-76,2.6440510430692674,0.375,0.082,1.0180261333790887e-71,13,TTC38,21
2.6888508486196346e-74,1.4833118364676068,0.768,0.41,5.088650231012658e-70,13,EFHD2,22
1.0341126547667758e-73,1.9914944947505793,0.554,0.174,1.9570581991461232e-69,13,FCER1G,23
2.035003460606805e-73,1.4561989669629989,0.775,0.355,3.8512440491983784e-69,13,KLRD1,24
1.2334501745450623e-72,0.606294612751209,0.993,0.882,2.3343044553265303e-68,13,IFITM1,25
3.9300744628973755e-72,2.451830667166682,0.404,0.098,7.437665921033283e-68,13,TRDC,26
2.8115788403189265e-69,1.455906310891346,0.765,0.364,5.3209129553035684e-65,13,GIMAP7,27
7.042306138215414e-69,1.8410242706107995,0.611,0.234,1.3327564366572671e-64,13,PLAC8,28
1.097022449106004e-68,0.42291493472018793,1,0.97,2.076114984933113e-64,13,TMSB10,29
8.744487193027912e-68,0.40535234566096134,0.993,0.968,1.6548942012805325e-63,13,PFN1,30
1.7955844150863694e-66,1.662309887506819,0.667,0.292,3.398143505550954e-62,13,HOPX,31
1.6973339762709e-65,0.7768434844158478,0.958,0.718,3.2122045500926786e-61,13,GZMA,32
4.233484136532789e-61,0.6551958546336745,0.989,0.798,8.011868728388303e-57,13,CST7,33
1.0169336194505531e-60,0.6028123194843977,0.965,0.858,1.9245468748101716e-56,13,MYL12A,34
2.3715302874724274e-60,1.816799577600135,0.523,0.175,4.488121069041569e-56,13,KLRF1,35
9.051578674933868e-60,0.5481879055935877,0.975,0.891,1.7130112642312344e-55,13,SH3BGRL3,36
4.728919446727344e-57,0.9723446095449662,0.856,0.582,8.9494800529315e-53,13,EMP3,37
1.1393829282477664e-54,0.4745135878905389,0.972,0.919,2.156282191708898e-50,13,CYBA,38
2.6188414090467603e-52,0.49094878804875686,0.986,0.901,4.956157366620994e-48,13,SERF2,39
1.5335956394098384e-48,2.6251563134873432,0.253,0.055,2.902329747583119e-44,13,LAIR2,40
2.1346752462217595e-47,0.5989049215824371,0.933,0.799,4.0398729034746796e-43,13,PTPRCAP,41
2.0988029832939573e-45,1.5847204342129597,0.551,0.238,3.971984645883814e-41,13,LINC00861,42
3.3044049360624704e-45,1.1157513488850679,0.751,0.396,6.253586341498225e-41,13,KLF2,43
1.3399077341482276e-43,0.615990009761719,0.954,0.785,2.535775386875521e-39,13,S100A4,44
3.814916116241544e-43,1.5046945257745947,0.558,0.262,7.219728749987122e-39,13,C12orf75,45
2.4519062423056212e-42,0.6590294900989386,0.891,0.741,4.640232563563388e-38,13,CLIC1,46
4.7739835801469954e-42,2.0540776509921748,0.344,0.105,9.034763925428188e-38,13,PTGDR,47
5.286912475659572e-41,1.823129484191952,0.428,0.162,1.000548186018574e-36,13,AC116366.3,48
3.009169067200617e-40,1.0026136044661733,0.74,0.505,5.694852459677168e-36,13,AES,49
3.3276621964221516e-40,2.178291909534162,0.312,0.093,6.297600706728922e-36,13,C1orf162,50
1.6061303453497118e-39,0.5140241102971208,0.891,0.806,3.0396016785743297e-35,13,RAC2,51
4.019592002551077e-39,0.540110599466233,0.898,0.801,7.607077864827913e-35,13,HCST,52
2.902751563315518e-38,1.451317189580252,0.558,0.272,5.493457333574618e-34,13,LGALS1,53
2.569895743781346e-37,1.9323708351502553,0.354,0.123,4.8635276951061975e-33,13,FGR,54
3.842213275793055e-37,2.2931996507477486,0.256,0.069,7.271388624438357e-33,13,TXK,55
1.2643804600395968e-36,2.187519983548167,0.281,0.082,2.392840020624937e-32,13,C1orf21,56
7.033440696897442e-36,0.33013250754192747,0.951,0.924,1.3310786518878408e-31,13,CFL1,57
1.5521855727491663e-34,0.6729759596495515,0.839,0.671,2.9375111964277974e-30,13,RARRES3,58
1.0790548671445344e-33,0.6629674426477492,0.818,0.68,2.0421113360710315e-29,13,ITGB2,59
1.7968056568508447e-33,1.74998200578343,0.375,0.144,3.4004547055902234e-29,13,FCRL6,60
2.484090247099883e-32,0.33529026296271836,0.944,0.915,4.701140792636529e-28,13,ACTG1,61
2.486988371559934e-32,1.6444462859400437,0.432,0.194,4.7066254931771745e-28,13,TPST2,62
2.0518360218222167e-31,1.275295295953518,0.558,0.312,3.883099671298545e-27,13,ABHD17A,63
6.450820953671945e-31,1.375096259818248,0.502,0.258,1.2208178654824157e-26,13,RHOC,64
2.6102790374465217e-30,0.4445654194765072,0.891,0.818,4.9399530783675425e-26,13,ARPC2,65
3.1797638797533976e-30,0.31789259363043776,0.951,0.92,6.017703142433305e-26,13,PPIA,66
4.134330363605777e-30,0.7960053981977655,0.786,0.509,7.824220213123932e-26,13,KLRB1,67
8.212689872718088e-30,1.0090039315946644,0.653,0.431,1.554251558411898e-25,13,UCP2,68
1.6304964328206965e-29,0.9844455834892092,0.653,0.442,3.085714499113168e-25,13,SLC9A3R1,69
3.094177428141861e-29,1.2821759009996563,0.516,0.27,5.855730782758472e-25,13,GIMAP4,70
6.054604574077141e-29,1.3946843067028856,0.46,0.223,1.145833915644099e-24,13,PYHIN1,71
6.553114233961207e-29,0.8422312876303129,0.709,0.533,1.2401768687771584e-24,13,LY6E,72
1.4415415331042726e-28,1.1081808237977973,0.586,0.365,2.728117351399836e-24,13,CCND3,73
4.366340824133328e-28,1.7717303406354077,0.344,0.138,8.263300009672324e-24,13,CISD3,74
1.6047884081362386e-27,1.938721634112948,0.27,0.092,3.0370620623978315e-23,13,SH2D1B,75
2.5910545553225547e-27,1.4316448257096965,0.425,0.198,4.9035707459479346e-23,13,S1PR5,76
4.040818189419663e-27,0.5159759082783095,0.842,0.741,7.647248423476712e-23,13,ATP5MC2,77
5.9609835944772695e-27,0.7991093699579226,0.698,0.535,1.1281161452548233e-22,13,NDUFB2,78
7.9517868578197e-27,0.3245996092935286,0.972,0.915,1.5048756628423783e-22,13,FTL,79
1.6231956055333247e-26,0.5388492513867269,0.828,0.732,3.071897683471817e-22,13,CD99,80
6.114554704071829e-26,0.48759252603618064,0.846,0.751,1.1571794777455936e-21,13,ARPC3,81
9.084253083464235e-26,0.41690294373367465,0.881,0.817,1.7191948960456063e-21,13,PSME1,82
1.1286160439825494e-25,1.2839284912743625,0.481,0.256,2.1359058632369747e-21,13,TRAF3IP3,83
5.754104061342897e-24,0.4008567522280311,0.895,0.838,1.0889641936091432e-19,13,TMA7,84
6.725518210713554e-24,1.5087765715925,0.372,0.173,1.27280432137754e-19,13,TBX21,85
9.019656943001059e-24,0.41332905188766,0.867,0.787,1.7069700764629505e-19,13,CCL5,86
4.8764318849644225e-23,1.1663847487252956,0.498,0.288,9.22864734229517e-19,13,PPP1R18,87
7.401806350718681e-23,0.6022995387955121,0.775,0.643,1.4007918518735105e-18,13,PSMB9,88
7.453964161817659e-23,1.0577079974415293,0.537,0.332,1.410662717623992e-18,13,BIN2,89
1.0404711786239217e-22,0.7558495840035468,0.681,0.521,1.969091705545772e-18,13,DBI,90
2.5350229308727735e-22,0.2809523335105455,0.958,0.921,4.797530896676724e-18,13,MYL6,91
9.083138012147751e-22,0.29864137645451017,0.975,0.911,1.718983868798962e-17,13,ATP5F1E,92
4.325069038050065e-21,0.9158521958297832,0.582,0.415,8.185193154509748e-17,13,VAMP8,93
6.845219615411394e-21,0.4442018158963563,0.796,0.727,1.2954578122166064e-16,13,LSP1,94
9.029511592791477e-21,0.4820256105863616,0.856,0.73,1.708835068935787e-16,13,S100A6,95
1.0020774518089524e-20,0.5969752317384263,0.744,0.603,1.8964315775484424e-16,13,GZMM,96
2.6284452518903934e-20,1.584651568913536,0.312,0.14,4.97433263920257e-16,13,CD300A,97
2.858982408366796e-20,0.29885229312735984,0.909,0.88,5.410624207834161e-16,13,H3F3A,98
6.382011689444771e-20,0.8953208524708998,0.568,0.381,1.207795712227423e-15,13,TRBC1,99
9.471871957352019e-20,0.5860381203218386,0.74,0.63,1.7925517679288697e-15,13,ELOB,100
9.909765289203706e-20,1.3382612713637503,0.382,0.2,1.8754230809818015e-15,13,SAMD3,101
2.421749619543033e-19,0.6929163822598934,0.66,0.551,4.583161154985191e-15,13,RAP1B,102
4.3867661860890035e-19,1.3715791969446733,0.344,0.166,8.301955007173439e-15,13,GIMAP1,103
4.417990982161112e-19,1.0084997488189662,0.505,0.311,8.361047933739905e-15,13,CMC1,104
1.6377957923158964e-18,1.4409219453681454,0.295,0.129,3.099528536957834e-14,13,BATF,105
2.1330987367164425e-18,0.6496823352052261,0.677,0.536,4.0368893592358676e-14,13,EVL,106
2.5779873780306598e-18,0.7322803368806299,0.628,0.5,4.8788411129230236e-14,13,PRR13,107
1.024445476286949e-17,0.723500592114362,0.625,0.487,1.938763063873051e-13,13,CTSC,108
1.1890406016016255e-17,0.3726888848494432,0.821,0.775,2.2502593385310763e-13,13,SRP14,109
1.3378236640413563e-17,1.2146136836609132,0.418,0.246,2.531831284198267e-13,13,ARPC5L,110
2.0434431247860193e-17,0.5783687945157339,0.709,0.577,3.8672161136575415e-13,13,GSTP1,111
2.498172652261187e-17,0.7944068433952074,0.596,0.459,4.727791744404296e-13,13,PSMB10,112
3.3044860727923684e-17,0.5635159149444333,0.705,0.602,6.253739892759557e-13,13,COX6B1,113
4.270422638617894e-17,1.4473745615216285,0.319,0.159,8.081774843584364e-13,13,GLRX,114
6.099425895543143e-17,0.3161180345511405,0.898,0.847,1.1543163507315397e-12,13,COX4I1,115
8.319846673245453e-17,0.4802260112301071,0.779,0.659,1.574530982911702e-12,13,LITAF,116
1.5462876709409755e-16,0.759416542918903,0.589,0.461,2.926349417255796e-12,13,WDR83OS,117
4.452129362798196e-16,0.6116635765605283,0.663,0.564,8.425654819095585e-12,13,RNASEK,118
5.188480245099366e-16,0.6764907776132221,0.614,0.508,9.81919886385055e-12,13,PPP1CA,119
6.094087210426651e-16,1.2299282403200276,0.365,0.202,1.1533060045732436e-11,13,MIEN1,120
1.559463630198435e-15,0.7488687477251528,0.572,0.419,2.9512849201505385e-11,13,XBP1,121
2.874274468810481e-15,0.6412405206080405,0.646,0.481,5.4395644322238354e-11,13,S100A11,122
3.0907599677541e-15,0.9931602851207693,0.467,0.318,5.849263238974635e-11,13,PRMT2,123
9.35216744513985e-15,1.0512932228452059,0.435,0.288,1.7698976889927167e-10,13,NDUFB7,124
9.556399705460933e-15,0.9940698405639401,0.449,0.293,1.8085486442584816e-10,13,MATK,125
1.921378764848043e-14,1.4589889742932878,0.263,0.125,3.636209312474921e-10,13,CDKN2D,126
2.3749946523404594e-14,1.0115101535371838,0.432,0.277,4.4946773795543195e-10,13,SELPLG,127
3.5464258246880317e-14,1.1501361956710046,0.344,0.188,6.7116108732221e-10,13,IFITM3,128
9.044173296518046e-14,1.1698565315367855,0.358,0.208,1.7116097963660403e-9,13,DENND2D,129
1.4415298438770546e-13,0.4741653883761927,0.782,0.62,2.728095229537326e-9,13,CCL4,130
1.818578289708034e-13,1.201268211769377,0.347,0.202,3.4416594132724542e-9,13,POLR2G,131
2.2454942643358918e-13,0.3987073950436324,0.768,0.706,4.249597895255675e-9,13,UQCRB,132
2.4800414474025553e-13,0.9352104944807915,0.456,0.318,4.693478439209336e-9,13,HMGN3,133
2.641325052000416e-13,1.3932463247313742,0.26,0.127,4.998707660910788e-9,13,AC243960.1,134
3.2541820107309636e-13,0.3185103232412416,0.804,0.778,6.158539455308348e-9,13,RHOA,135
4.602156229818521e-13,1.037730958457283,0.396,0.25,8.70958066493155e-9,13,CHST12,136
5.19115010035399e-13,0.5581069258620492,0.653,0.547,9.824251564919925e-9,13,TRBC2,137
5.391865711406379e-13,0.6075013411461168,0.621,0.525,1.0204105858836572e-8,13,UQCR10,138
8.936591477601254e-13,0.48219593936713867,0.688,0.601,1.6912499371360373e-8,13,LIMD2,139
1.6799863941282434e-12,0.9424457085761002,0.446,0.314,3.1793742508877004e-8,13,CARD16,140
2.798383853733813e-12,0.9459329130436918,0.411,0.271,5.2959414431912414e-8,13,ABI3,141
2.9611841309937286e-12,1.1879904898731903,0.323,0.187,5.6040409679056314e-8,13,RASSF1,142
4.633076157546268e-12,0.4679379255604772,0.684,0.608,8.768096628156312e-8,13,GABARAP,143
8.222933011198972e-12,0.33373669609760626,0.782,0.746,1.5561900723694054e-7,13,MYL12B,144
1.0979020528622043e-11,1.2765976373074657,0.298,0.173,2.0777796350417216e-7,13,GLIPR2,145
1.4589164532044166e-11,0.9858637803354499,0.375,0.241,2.7609993876893585e-7,13,SASH3,146
2.5880977937627652e-11,1.1874108992685601,0.309,0.18,4.897975074696033e-7,13,PTPN4,147
3.4245724462057686e-11,0.6405670480706984,0.547,0.447,6.481003354444417e-7,13,GNG5,148
4.17117562135348e-11,0.8394546703789636,0.449,0.321,7.89394986341146e-7,13,APOBEC3G,149
4.212080226480664e-11,0.9157826481180744,0.386,0.25,7.971361828614657e-7,13,ICAM2,150
5.132939497042109e-11,0.4397788879710598,0.674,0.637,9.714087998152192e-7,13,UQCR11,151
5.5746497510756436e-11,0.3594716066622894,0.737,0.704,1.0550024653910656e-6,13,COX6A1,152
1.001297106265207e-10,1.071450118096998,0.326,0.198,1.8949547736069044e-6,13,POLR3GL,153
1.0894797589446422e-10,1.2703085684007034,0.267,0.149,2.0618404438027354e-6,13,GNPTAB,154
1.096494258709554e-10,0.5685647403201526,0.586,0.499,2.075115384607831e-6,13,TMEM258,155
1.1120068082412615e-10,1.1904377591027278,0.277,0.157,2.1044728845965876e-6,13,RPA2,156
1.302515902687703e-10,0.35913140172064706,0.719,0.687,2.465011345836478e-6,13,UBL5,157
1.6971954199964392e-10,0.8766245584666639,0.421,0.306,3.211942332343261e-6,13,CSK,158
2.18809830023694e-10,0.3220767712345145,0.754,0.715,4.1409760331984094e-6,13,OST4,159
2.463691140614696e-10,0.7931180468078773,0.453,0.336,4.662535483613312e-6,13,LAMTOR4,160
2.597034605042788e-10,0.6144198732676278,0.547,0.462,4.9148879900434765e-6,13,PSMB8,161
2.624948647369629e-10,1.089111211751997,0.309,0.186,4.967715315147023e-6,13,PYCARD,162
2.7135533048746396e-10,0.749166324692057,0.488,0.397,5.135399629475255e-6,13,DHRS7,163
3.011152193476616e-10,0.29468232151031026,0.751,0.732,5.698605526154495e-6,13,PPIB,164
3.030699268459042e-10,0.34634307213901483,0.775,0.7,5.735598365558737e-6,13,CD7,165
3.0578460467298386e-10,0.7286384191759865,0.491,0.383,5.7869736434362195e-6,13,OSTF1,166
3.481142935671113e-10,0.567944407894744,0.582,0.511,6.588063005757582e-6,13,IL2RG,167
3.7782081797877066e-10,0.8051172175889894,0.428,0.31,7.150258980248235e-6,13,SPN,168
4.42532519635379e-10,0.42987250369602137,0.66,0.603,8.374927934099548e-6,13,TPI1,169
9.623063671333648e-10,0.8941158945102332,0.389,0.275,1.8211647997998927e-5,13,SCP2,170
1.8367231915104454e-9,1.1906132608751923,0.267,0.154,3.475998639933518e-5,13,NT5C,171
2.3610663213698878e-9,0.3015860662151666,0.716,0.708,4.468318013192513e-5,13,SUMO2,172
2.4057382645996157e-9,0.8850175057318679,0.354,0.227,4.5528596657547725e-5,13,RCSD1,173
2.515101966128571e-9,0.7303595541373789,0.477,0.373,4.7598304708983205e-5,13,YPEL3,174
2.7862823305698868e-9,0.628765942650475,0.526,0.435,5.273039310603511e-5,13,PAXX,175
3.058368343999137e-9,0.43826906162484347,0.628,0.587,5.787962091018367e-5,13,CD53,176
3.1451231971239813e-9,0.7389830133007973,0.456,0.357,5.952145650557134e-5,13,BST2,177
4.5057754862664844e-9,0.6888172759293762,0.474,0.383,8.527180107759322e-5,13,PRELID1,178
5.320874097666234e-9,0.8005661107266615,0.365,0.233,1.0069754229833348e-4,13,XCL2,179
8.111745554763269e-9,0.3108265034081783,0.691,0.685,1.5351478462389488e-4,13,PCBP1,180
9.967716454740119e-9,0.4738486997122071,0.586,0.543,1.8863903390595676e-4,13,EIF3G,181
1.1170212607039775e-8,0.40059886434355185,0.67,0.646,2.1139627358822774e-4,13,COX6C,182
1.3387964689811731e-8,0.8542732885965318,0.375,0.267,2.53367231754687e-4,13,MRPS6,183
1.379855503207723e-8,0.5646791336944097,0.537,0.479,2.611376539820616e-4,13,NDUFA3,184
1.3907805288148386e-8,0.5037580017372889,0.572,0.519,2.632052150782082e-4,13,ARL6IP5,185
1.515123648077655e-8,0.6789507038886622,0.46,0.367,2.867371503986962e-4,13,CD63,186
1.8111352119782875e-8,0.9657488282730333,0.33,0.224,3.4275733886689094e-4,13,DSTN,187
1.821943430562505e-8,0.3089694075355691,0.73,0.718,3.4480279423395406e-4,13,COMMD6,188
1.8790768704654413e-8,0.5995823321503639,0.519,0.451,3.5561529773558477e-4,13,ATP5ME,189
1.9977094261023047e-8,0.7919193980096517,0.407,0.3,3.7806650888986117e-4,13,SERPINB1,190
2.1090106938943827e-8,0.6324225971451483,0.484,0.388,3.991302738195119e-4,13,APMAP,191
2.178351276943448e-8,0.7912130573035752,0.407,0.311,4.122529791615475e-4,13,NDUFA12,192
2.2857936066043878e-8,1.0924922866323197,0.267,0.163,4.3258644004988037e-4,13,STK38,193
2.355037345649481e-8,0.6742847803197447,0.463,0.366,4.456908176641643e-4,13,ZAP70,194
3.144274059891878e-8,0.6128199475336931,0.498,0.424,5.95053865834538e-4,13,FLNA,195
3.3144227776386666e-8,0.7988562177775329,0.382,0.28,6.272545106681177e-4,13,DOK2,196
3.4854098833996376e-8,0.5776959610998442,0.512,0.45,6.596138204333815e-4,13,BRK1,197
3.563102462426346e-8,0.657052933224612,0.467,0.379,6.743171410141859e-4,13,SELENOW,198
4.301116344715643e-8,0.39455928994171474,0.618,0.585,8.139862682374355e-4,13,COX5B,199
4.6456788125434226e-8,0.3526886760210468,0.653,0.635,8.791947152738428e-4,13,PSME2,200
4.918026984801458e-8,0.4288970891142352,0.614,0.561,9.30736606873676e-4,13,GMFG,201
5.093502906817067e-8,0.3322325773785182,0.663,0.641,9.6394542511513e-4,13,ARPC1B,202
5.282689597819841e-8,0.5521730640901288,0.526,0.45,9.99749006387405e-4,13,DRAP1,203
6.111733046117483e-8,0.8869065513413216,0.323,0.212,0.0011566454789777335,13,PTPN6,204
7.267984605088465e-8,0.8486413138108895,0.316,0.204,0.0013754660865129922,13,NCR3,205
8.35892068681732e-8,0.8377316741864487,0.365,0.266,0.0015819257399801777,13,RNF167,206
8.921428987068967e-8,0.4625259162516615,0.565,0.522,0.001688380435802802,13,GPSM3,207
9.364052770279596e-8,0.8127835227250888,0.365,0.264,0.0017721469867754136,13,BTN3A2,208
1.3583289358414257e-7,0.7066506670707886,0.404,0.3,0.002570637511079898,13,TBC1D10C,209
1.4492849027134122e-7,1.0494618031063638,0.274,0.174,0.0027427716783851325,13,STARD3NL,210
1.576416847057497e-7,0.854577833403277,0.316,0.211,0.002983368883056313,13,RIPOR2,211
1.6679730165671546e-7,0.9150393576283389,0.319,0.224,0.00315663893385334,13,TES,212
1.753440402984437e-7,0.7261646745932668,0.389,0.284,0.003318385962648047,13,LCP2,213
2.0167317450331773e-7,0.486004727283865,0.54,0.488,0.003816664827475288,13,ATP5MC3,214
2.1452065673238967e-7,0.802337502897261,0.372,0.279,0.004059803428660474,13,BANF1,215
2.1758195670519537e-7,0.44383329389889736,0.579,0.521,0.0041177385306458225,13,CD48,216
2.8788991208599615e-7,0.7614324337686869,0.407,0.324,0.005448316586227477,13,TBCB,217
3.520681813444668e-7,0.5294014106130491,0.526,0.466,0.006662890331944033,13,C4orf3,218
3.6120574680230825e-7,0.7338009478249146,0.407,0.325,0.006835818758233684,13,SHISA5,219
6.133782328955849e-7,0.640376838257557,0.425,0.339,0.011608183057548944,13,TUBB,220
6.339989953818639e-7,0.9432578564773778,0.277,0.184,0.011998430987601774,13,SYNE1,221
6.508981370942875e-7,0.3144744766330514,0.656,0.66,0.012318247244509391,13,SNRPD2,222
6.795604716749066e-7,0.5978296560971288,0.47,0.409,0.012860681926447608,13,BSG,223
7.048891344119425e-7,0.6877829910745705,0.407,0.327,0.013340026868746012,13,MINOS1,224
7.431517396473699e-7,0.5038843219415736,0.519,0.473,0.014064146672826475,13,PTP4A2,225
7.747801067866141e-7,0.8987750796688869,0.267,0.172,0.014662713520936671,13,TSC22D4,226
7.782501662621497e-7,0.4307969970429828,0.582,0.536,0.014728384396511184,13,KRTCAP2,227
8.06547680859376e-7,0.8239133488458488,0.344,0.253,0.01526391486026369,13,ADD3,228
9.791843060906326e-7,0.8798564687112743,0.326,0.238,0.01853106299276522,13,LAMTOR1,229
1.0070548894500898e-6,0.37823407710766954,0.589,0.55,0.01905851378284295,13,COX8A,230
1.1266273009492333e-6,0.6157688083396371,0.442,0.368,0.02132142167046424,13,PRDX5,231
1.630120460997961e-6,0.700871722279923,0.393,0.31,0.030850029724386413,13,UBE2L6,232
1.9469642613777077e-6,0.5212626295402214,0.505,0.449,0.03684629864657312,13,C9orf16,233
2.205386008870316e-6,0.7339379992664319,0.302,0.199,0.04173693021787073,13,CCL4L2,234
2.9439385906482757e-6,0.9349721068853644,0.263,0.176,0.05571403782801862,13,PIM1,235
3.0352272424518973e-6,0.6039148349503074,0.446,0.39,0.057441675563402156,13,RALY,236
3.817472096006107e-6,0.9218087937734185,0.281,0.195,0.07224565941691558,13,HMOX2,237
4.088421262260619e-6,0.30198265611058384,0.642,0.628,0.07737337238828222,13,POLR2L,238
4.222129098250525e-6,0.9158904584943327,0.267,0.18,0.0799037931843912,13,AGTRAP,239
4.542444779226979e-6,0.30916506154409706,0.681,0.649,0.08596576744687058,13,S100A10,240
6.485483007279327e-6,0.32610359947629375,0.604,0.575,0.12273776591276125,13,EIF3F,241
7.244162686504758e-6,0.7740787244872513,0.344,0.266,0.13709577884210256,13,TAF10,242
8.899494938335911e-6,0.8500679287468742,0.309,0.232,0.16842294170800712,13,POLR2J,243
8.925912483135065e-6,0.35294420560773787,0.593,0.551,0.1689228937433311,13,C12orf57,244
9.076367793210874e-6,0.6034924916647357,0.407,0.324,0.1717702604865158,13,ZEB2,245
1.1654367263518909e-5,0.4423923489853241,0.526,0.501,0.22055890046209534,13,ATP5MF,246
1.2380064328515979e-5,0.7550148879652262,0.333,0.255,0.2342927174171649,13,MAPK1,247
1.6496278900617088e-5,0.81816796631248,0.298,0.222,0.3121920781941784,13,VAMP5,248
1.6985331010422103e-5,0.7057233613262177,0.368,0.298,0.3214473893722383,13,FIS1,249
1.902088804746367e-5,0.5709398178920919,0.439,0.395,0.35997030629824994,13,ARPC5,250
2.120367979239106e-5,0.37224380242875243,0.544,0.502,0.4012796400710008,13,LCK,251
2.1216329649344092e-5,0.5295224401684202,0.446,0.395,0.4015190386138369,13,GNB2,252
2.1289409650584795e-5,0.3451935978300358,0.582,0.508,0.4029020776373172,13,HLA-DPB1,253
2.448005457955117e-5,0.7257096667859742,0.323,0.249,0.46328503291800593,13,ZYX,254
2.7029617834173923e-5,0.4946363582082052,0.46,0.431,0.5115355175117415,13,NDUFA13,255
2.8459826378010068e-5,0.49802054232144344,0.467,0.432,0.5386022142038406,13,TRAPPC1,256
3.1628117574049607e-5,0.6288514406690753,0.379,0.312,0.5985621250888888,13,SEC11A,257
3.989519523527657e-5,0.764573648251301,0.302,0.23,0.7550165698276091,13,NAA38,258
4.635891318354438e-5,0.48924576319790747,0.463,0.414,0.8773424319985774,13,ARL4C,259
2.1436680207564452e-4,0.8095919519349727,0.263,0.197,1,13,ZNF428,260
3.218800109312471e-4,0.7975307723192288,0.253,0.188,1,13,MRPS34,261
2.509838599285363e-4,0.794383987215073,0.291,0.232,1,13,IFI27L2,262
6.35121466356601e-5,0.7934055342351718,0.302,0.233,1,13,ZNHIT1,263
6.184056461392111e-4,0.7624795006234428,0.26,0.201,1,13,COPZ1,264
3.9299468661087403e-4,0.7523792385172889,0.253,0.189,1,13,RAB29,265
0.0013038160743769995,0.7478448253604674,0.263,0.212,1,13,PHPT1,266
0.0011476503806227582,0.7434658899086553,0.267,0.214,1,13,LYAR,267
7.017859007942395e-4,0.7278068514646099,0.298,0.247,1,13,ACP1,268
1.061533420629484e-4,0.7225030516022197,0.333,0.273,1,13,TNFRSF14,269
5.647456099139097e-4,0.7206994035704162,0.274,0.215,1,13,ARHGAP30,270
5.59083612269606e-4,0.7074072559663213,0.288,0.23,1,13,ARRB2,271
0.0014574484919487724,0.7022649319879197,0.27,0.217,1,13,TMEM160,272
0.0047159170909256,0.6888732238668309,0.256,0.214,1,13,NDUFB3,273
3.533216945906826e-4,0.6692771516249401,0.316,0.255,1,13,POLD4,274
5.813378244151058e-4,0.6636204223933069,0.344,0.298,1,13,SUPT4H1,275
0.0017160173893675768,0.6543421145706103,0.288,0.237,1,13,SSNA1,276
0.0014910691623605593,0.646961023243317,0.267,0.212,1,13,NME3,277
0.0039638252219846475,0.6323157491955624,0.277,0.233,1,13,ITGB7,278
9.612467131462821e-4,0.6225106110835716,0.281,0.223,1,13,VAMP2,279
0.0064511125973568985,0.6173784557580357,0.277,0.24,1,13,NUCB1,280
0.0030326333249716167,0.6119638516490924,0.316,0.279,1,13,STUB1,281
1.66888340258105e-4,0.6001306939357143,0.358,0.298,1,13,SYNE2,282
5.660729025889412e-4,0.5996417169095773,0.368,0.323,1,13,NDUFB1,283
0.0010999050637550258,0.5870048740276443,0.326,0.274,1,13,ITGAL,284
1.853183892604246e-4,0.5756511914552915,0.4,0.352,1,13,BAX,285
0.0013273949493583291,0.5580288303132814,0.351,0.313,1,13,ECH1,286
0.00919961365456596,0.5472259504825471,0.291,0.254,1,13,SYTL1,287
2.2544666268350724e-4,0.544687800326145,0.4,0.358,1,13,PSMA6,288
0.009334671028112583,0.5401672109723108,0.302,0.266,1,13,IFI16,289
7.261236939391373e-4,0.5379116917599756,0.344,0.278,1,13,AOAH,290
6.088597447574688e-4,0.5297481137313389,0.372,0.325,1,13,SIGIRR,291
0.004938061797161272,0.5194301616877186,0.344,0.315,1,13,ANAPC11,292
0.005907469472965976,0.5179496271800357,0.33,0.292,1,13,DYNLRB1,293
8.453671257666804e-4,0.49530848895184487,0.316,0.242,1,13,CEBPD,294
0.0024209334696111773,0.48606110971807115,0.365,0.333,1,13,COPS9,295
0.006906507714356883,0.48430167955579684,0.361,0.339,1,13,SRP9,296
3.015356978960093e-4,0.48318246934435227,0.421,0.391,1,13,NEDD8,297
9.870253246615307e-5,0.4824718806150312,0.439,0.401,1,13,COX5A,298
3.6684353022486466e-4,0.4674211455540471,0.428,0.399,1,13,ATP5PF,299
0.001141069871539338,0.46627512871618393,0.414,0.388,1,13,NDUFB9,300
0.0014462721280628,0.45584947504776374,0.418,0.403,1,13,SH3BGRL,301
4.578545399341543e-4,0.4552152973394443,0.425,0.387,1,13,VPS28,302
0.0015217791598180514,0.45360665214799023,0.393,0.353,1,13,MBP,303
0.00100064778460458,0.4506160033377937,0.439,0.415,1,13,ATP5MPL,304
0.005262520563229183,0.4468848398897227,0.379,0.352,1,13,CCDC85B,305
2.1496524742314476e-4,0.44284465238897686,0.467,0.447,1,13,ANAPC16,306
0.0012403517582492563,0.4386006618439555,0.435,0.409,1,13,ARF5,307
0.00914400730842702,0.43328075308032665,0.386,0.378,1,13,KRT10,308
0.0012515499710639877,0.422458313421874,0.46,0.456,1,13,DAD1,309
0.005956943232535711,0.4218397202551363,0.4,0.389,1,13,SUN2,310
0.006209578045039812,0.4130461817882096,0.393,0.374,1,13,CDC42SE1,311
6.053452655779902e-5,0.40849185403957877,0.512,0.482,1,13,ATP5F1D,312
0.006607601553246418,0.40707889249834905,0.396,0.388,1,13,NDUFB4,313
0.001944357825175083,0.40512267380062816,0.432,0.415,1,13,FAM49B,314
0.0030364923015656306,0.4032877716933658,0.414,0.39,1,13,CSNK2B,315
0.00958316020263854,0.40007177543729777,0.379,0.368,1,13,CAST,316
7.096604663339694e-5,0.3914505715648713,0.523,0.51,1,13,ATP5MD,317
0.0012049158195696723,0.3854081114457599,0.453,0.442,1,13,SRSF9,318
0.0041443111290224545,0.3755459880479275,0.449,0.442,1,13,CUTA,319
0.009340880102774974,0.3627068540686873,0.425,0.428,1,13,BCAP31,320
4.0590568319081623e-4,0.3607101895617171,0.509,0.491,1,13,HIGD2A,321
0.0037509817485416024,0.3508308092665329,0.467,0.465,1,13,CIB1,322
8.449211743630611e-5,0.33258244766404355,0.561,0.565,1,13,NDUFA1,323
7.757991728360416e-4,0.3072366066357719,0.533,0.536,1,13,APRT,324
8.049948156940867e-4,0.30632213718742474,0.516,0.532,1,13,CAP1,325
0.00267953923660066,0.3041369639668714,0.519,0.534,1,13,HMGN2,326
0.0049048646364676755,0.2978699658935078,0.467,0.436,1,13,ID2,327
0.008256467598013798,0.29673793474615007,0.477,0.493,1,13,ACTR3,328
5.079009871871174e-4,0.283827147980551,0.554,0.571,1,13,JAK1,329
0.005834253374133631,0.28369209546360885,0.498,0.505,1,13,GSTK1,330
2.4005705691274783e-4,0.2834884391508856,0.604,0.585,1,13,ALOX5AP,331
0.0022809848535746964,0.2795811420958523,0.523,0.54,1,13,SEPT7,332
0.0019172328748203462,0.27182639223513894,0.537,0.555,1,13,HLA-F,333
6.488643021849812e-4,0.27100786321891723,0.551,0.577,1,13,ATP6V0E1,334
7.8849538771103e-4,0.25886686691088956,0.579,0.597,1,13,SSR2,335
0.002752236456544752,0.258805132544234,0.526,0.536,1,13,MSN,336
3.5732187030709854e-4,0.2585595007751782,0.604,0.61,1,13,HNRNPDL,337
4.5234417700632245e-213,3.3546027141168056,0.64,0.095,8.560613549844652e-209,14,TRDC,1
4.811552681767548e-196,2.667004468612682,0.813,0.171,9.105863450245084e-192,14,FCER1G,2
8.812197360472219e-149,2.060370399432011,0.895,0.29,1.6677083504693675e-144,14,TYROBP,3
6.16652627924017e-140,2.446701374310221,0.742,0.2,1.1670150983462023e-135,14,CD160,4
3.911587939289217e-127,2.6944209786311974,0.573,0.115,7.402680175104843e-123,14,CCL3,5
2.032644762224085e-105,1.9364312386529934,0.809,0.307,3.846780212509081e-101,14,CMC1,6
9.194051659776319e-94,2.6253865952013777,0.476,0.104,1.7399742766126684e-89,14,PTGDR,7
1.6341940582084264e-87,0.9138685119590169,0.97,0.784,3.0927122551594467e-83,14,IFITM2,8
5.37220353633194e-81,2.0423188059200994,0.596,0.174,1.0166895192508197e-76,14,KLRF1,9
7.247681395793871e-78,1.2813004687922902,0.861,0.575,1.3716237041539902e-73,14,GSTP1,10
1.1417569361431564e-77,0.6754775433521774,0.989,0.882,2.1607750016509236e-73,14,IFITM1,11
5.894862784316624e-77,2.7660748850290453,0.352,0.068,1.1156027819319211e-72,14,TXK,12
5.3616824090862856e-76,1.880397600196289,0.655,0.225,1.0146983959195795e-71,14,XCL1,13
1.508055841509612e-72,1.1977012886235552,0.929,0.508,2.853995680056941e-68,14,KLRB1,14
2.7886620157559252e-70,2.4552471615431575,0.39,0.087,5.277542864818088e-66,14,KLRC1,15
1.9572234923689203e-69,1.974557927954559,0.577,0.185,3.7040454593081816e-65,14,IFITM3,16
9.566069472630273e-69,1.86217674352275,0.629,0.229,1.8103786476952793e-64,14,XCL2,17
1.6624508360344802e-68,1.9517315154183752,0.596,0.204,3.146188207195254e-64,14,CLIC3,18
3.061633719184009e-66,0.7566731356916048,0.993,0.761,5.794141813555737e-62,14,NKG7,19
1.4864866073259977e-62,2.609127547021371,0.345,0.077,2.8131759043644505e-58,14,TMIGD2,20
9.289547282016106e-60,0.856828879797062,0.903,0.698,1.7580468231215483e-55,14,CD7,21
8.67717263092697e-56,1.7332014587952447,0.61,0.257,1.642154920402929e-51,14,RHOC,22
1.5540056024152182e-55,1.3568600135021514,0.738,0.356,2.9409556025708006e-51,14,KLRD1,23
3.892488665529867e-55,1.4334932624715284,0.7,0.366,7.366534799515273e-51,14,IL2RB,24
1.6547795182335176e-50,2.212699442634009,0.378,0.107,3.131670238256932e-46,14,LAT2,25
8.294386685191864e-48,0.38147083240350277,1,0.967,1.5697126801725603e-43,14,PFN1,26
1.3646129336938618e-46,2.14618415804842,0.341,0.091,2.5825299770156335e-42,14,SH2D1B,27
1.218355516176676e-45,0.5584492845494622,0.955,0.858,2.3057378143643594e-41,14,MYL12A,28
3.4203694471395025e-45,1.8763578768243099,0.438,0.149,6.473049178711508e-41,14,EOMES,29
1.2325078236451054e-42,1.3229047681710164,0.655,0.365,2.3325210562483618e-38,14,CD63,30
4.4788443885264396e-41,1.8153147061262982,0.521,0.22,8.476213005286287e-37,14,HSPA1B,31
1.4187772265157704e-40,2.2678990124247798,0.296,0.08,2.6850359011810953e-36,14,NCR1,32
1.25228751409636e-38,1.4252860830014134,0.554,0.239,2.3699541204273615e-34,14,CEBPD,33
3.4853636427565325e-36,1.250531347274692,0.618,0.294,6.596050693916738e-32,14,TXNIP,34
5.0972556604380385e-36,0.3865730699501415,0.974,0.914,9.646556337378988e-32,14,ACTG1,35
3.7117716915117734e-34,0.6073041717392167,0.918,0.719,7.024527926186031e-30,14,GZMA,36
2.6245831326466015e-33,0.9615628201841817,0.723,0.541,4.9670235785336937e-29,14,EIF3G,37
4.1660397764706536e-33,1.4989344930606392,0.509,0.245,7.884230276970712e-29,14,ARPC5L,38
5.84066321729716e-33,1.48814736625439,0.569,0.284,1.1053455138734877e-28,14,HSPA1A,39
1.2447841205184578e-32,0.5348563753158144,0.906,0.801,2.355753948081181e-28,14,HCST,40
2.3149690026625817e-31,0.3931820248590756,0.981,0.911,4.381078837538936e-27,14,ATP5F1E,41
3.7332713412237787e-29,0.4837997890311576,0.91,0.806,7.0652160132660015e-25,14,RAC2,42
6.032013114076088e-28,1.2742242212891155,0.539,0.292,1.1415584818388997e-23,14,MATK,43
9.841873267426494e-28,0.7729937062078833,0.772,0.566,1.862574515860464e-23,14,CTSW,44
2.596000558101288e-27,0.5499775157919213,0.858,0.742,4.912931056206688e-23,14,CLIC1,45
5.19855710665869e-27,1.7995147733434318,0.326,0.123,9.838269324351571e-23,14,FGR,46
7.091405376521954e-27,0.9282725675558021,0.682,0.474,1.3420484675067798e-22,14,STK17A,47
8.0226973912993105e-25,0.8435047701415241,0.685,0.482,1.5182954813033944e-20,14,CD247,48
1.4621079096115192e-24,1.5261805763741965,0.393,0.179,2.7670392189398e-20,14,AGTRAP,49
4.291613140804608e-22,1.3034987623031933,0.446,0.231,8.121877868972721e-18,14,PLEK,50
1.0908396461637711e-21,0.5991035471845376,0.813,0.672,2.0644140303649367e-17,14,RARRES3,51
1.4159412049415725e-21,0.6560681575898579,0.757,0.603,2.679668730351926e-17,14,GZMM,52
3.0726514311489e-21,0.6632610236368826,0.742,0.583,5.814992833449294e-17,14,ALOX5AP,53
3.695341574441602e-21,1.3928541643730497,0.408,0.208,6.993433929630732e-17,14,DENND2D,54
4.566120155608048e-21,0.418176792282015,0.891,0.8,8.641382394488232e-17,14,PTPRCAP,55
1.1626218078118608e-20,0.31969595744931834,0.951,0.902,2.2002617712839467e-16,14,SERF2,56
3.1588758921910965e-20,0.6761865221273733,0.757,0.531,5.97817262597165e-16,14,GZMK,57
1.7758257023828169e-19,1.6417330888078656,0.3,0.127,3.360750141759481e-15,14,SNHG9,58
4.981249587372165e-19,1.275835465169377,0.431,0.241,9.427014844101823e-15,14,SASH3,59
1.1780680591580888e-18,0.6949768563789922,0.674,0.536,2.229493801956683e-14,14,EVL,60
2.252450662247258e-18,0.813624833100056,0.648,0.482,4.2627628783029357e-14,14,FOS,61
3.0463863473248217e-18,0.26768220848448543,0.955,0.924,5.765286162312225e-14,14,CFL1,62
7.575893012121098e-18,1.0727625224406176,0.476,0.277,1.4337377525439177e-13,14,AOAH,63
2.0799792428098817e-17,1.0855130181716057,0.472,0.289,3.936360717017701e-13,14,PPP1R18,64
2.0845754549624067e-17,0.3202283761188731,0.906,0.878,3.945059048516355e-13,14,UBB,65
2.3803995637477972e-17,1.3404016325093444,0.378,0.202,4.504906174392706e-13,14,POLR2G,66
3.247534255142328e-17,0.8637657372595287,0.569,0.367,6.145958577856855e-13,14,GIMAP7,67
3.588423324349912e-17,1.0528579169648185,0.479,0.292,6.791091141332209e-13,14,SH2D1A,68
6.65715402152912e-17,1.4318765306476868,0.3,0.135,1.259866398574386e-12,14,SH3BP1,69
6.914805711061728e-17,0.6738474010982807,0.715,0.547,1.308626980818432e-12,14,TRBC2,70
1.3446135369542687e-16,0.6776389254542421,0.655,0.535,2.5446811186859537e-12,14,NDUFB2,71
1.1419388062281728e-15,1.100661906260079,0.423,0.24,2.161119190786817e-11,14,LINC00861,72
1.5217721362894345e-15,0.6382296204801663,0.663,0.534,2.8799537679277547e-11,14,LY6E,73
1.574526268290244e-15,0.9641612853282324,0.502,0.346,2.9797909627392866e-11,14,CKLF,74
4.257414841940302e-15,0.9453073944033077,0.513,0.356,8.057157588372021e-11,14,BST2,75
4.735197412201331e-15,1.3636464233347108,0.311,0.153,8.961361102591019e-11,14,NT5C,76
1.667479831943124e-14,1.0442004287714686,0.427,0.257,3.1557055819523624e-10,14,TRAF3IP3,77
2.3639178021091222e-14,1.3008419054556966,0.318,0.163,4.473714440491514e-10,14,AC116366.3,78
3.8900195402424794e-14,0.9603115450047164,0.446,0.271,7.361861979908892e-10,14,GIMAP4,79
4.913330863085244e-14,0.8903879719822401,0.513,0.367,9.298478658388824e-10,14,PRDX5,80
5.0200923576419125e-14,1.1866162808975274,0.33,0.17,9.50052478683732e-10,14,CD38,81
6.312960883921193e-14,1.1303732749235014,0.393,0.227,1.1947278472820857e-9,14,RCSD1,82
8.737311853429529e-14,1.2850185849540399,0.3,0.149,1.6535362682615385e-9,14,PLEKHF1,83
1.372655575319156e-13,0.986336145112467,0.446,0.283,2.5977506762915026e-9,14,LCP2,84
2.1541207916549484e-13,0.33033254367458165,0.843,0.818,4.07667359820699e-9,14,PSME1,85
4.1949541569491474e-13,0.2867414626669005,0.839,0.829,7.938950742026261e-9,14,CORO1A,86
8.457160526446518e-13,0.2942445518499315,0.861,0.838,1.6005176296300036e-8,14,TMA7,87
2.3834399742251828e-12,0.8245693070570816,0.509,0.375,4.5106601512211587e-8,14,SELENOH,88
5.698000578808846e-12,0.5041813726498865,0.764,0.62,1.0783466095395741e-7,14,CCL4,89
7.949670964225643e-12,1.0142282738066146,0.356,0.199,1.504475229979703e-7,14,CCL4L2,90
1.5629509529463314e-11,0.3956485125690734,0.772,0.717,2.957884678450932e-7,14,COMMD6,91
1.735744579867611e-11,0.8653717448280511,0.479,0.339,3.284896617399454e-7,14,TUBB,92
1.7790379457049765e-11,0.361957011502259,0.798,0.741,3.366829312246668e-7,14,ATP5MC2,93
2.1717642561361443e-11,1.0358593252846993,0.408,0.276,4.110063854737653e-7,14,NDUFS8,94
3.653241559031542e-11,1.3045770400247219,0.266,0.139,6.913759650467194e-7,14,CISD3,95
5.4705602814948923e-11,0.9543341233123281,0.412,0.279,1.0353035332729084e-6,14,BANF1,96
5.5377117081689666e-11,0.6472557553369862,0.588,0.474,1.0480119407709769e-6,14,GADD45B,97
8.662288636865895e-11,1.069169803306882,0.337,0.2,1.6393381245268705e-6,14,YWHAH,98
2.1816650550002848e-10,0.7077947916258096,0.509,0.388,4.128801116588039e-6,14,APMAP,99
3.1307473571073383e-10,1.086575633942236,0.3,0.167,5.924939373325638e-6,14,GIMAP1,100
3.952084686864871e-10,0.9134070436278993,0.375,0.237,7.479320269891768e-6,14,SYNRG,101
4.772149740653884e-10,0.3694766809047305,0.734,0.681,9.031293384187475e-6,14,ITGB2,102
5.04879059407501e-10,0.2705734573179366,0.835,0.821,9.554836199286958e-6,14,ITM2B,103
7.035266254824876e-10,0.9256893656468386,0.371,0.237,1.3314241387256078e-5,14,PLAC8,104
1.3260714623591086e-9,0.8226317163865953,0.438,0.318,2.509590242514613e-5,14,HMGN3,105
1.412652101219125e-9,0.974999411553038,0.375,0.254,2.673444101557194e-5,14,MAPK1,106
2.4835418293346262e-9,0.9244057052050818,0.378,0.25,4.70010291201578e-5,14,CHST12,107
2.911038506378053e-9,0.9218333198918999,0.36,0.229,5.509140373320465e-5,14,CMTM3,108
2.967527646628928e-9,0.47943210355615884,0.64,0.564,5.6160460712452466e-5,14,RNASEK,109
3.6088043583837794e-9,0.6500938628823474,0.543,0.449,6.829662248241303e-5,14,C9orf16,110
3.832058325056238e-9,0.8062886660978186,0.431,0.309,7.252170380168931e-5,14,UBE2L6,111
5.23233092690581e-9,0.9991359178466362,0.333,0.212,9.902186279169246e-5,14,PTPN6,112
8.749914295757524e-9,0.6711714217621476,0.502,0.4,1.6559212804721115e-4,14,SKAP1,113
8.87085707212065e-9,0.5326431402867726,0.599,0.525,1.6788097008988329e-4,14,UQCR10,114
9.414109729838484e-9,0.3036682482364963,0.757,0.752,1.781620266371933e-4,14,MIF,115
1.1891405242914195e-8,0.8553815072991102,0.39,0.272,2.2504484422215115e-4,14,IL16,116
1.7541506612761277e-8,0.9171853529033802,0.345,0.225,3.3197301264650716e-4,14,PYHIN1,117
2.8256194295139698e-8,0.8414896447900075,0.356,0.233,5.347484770355188e-4,14,IKZF3,118
3.168527784748408e-8,0.5563469745129321,0.554,0.479,5.996438832636362e-4,14,NDUFA3,119
4.087978788295752e-8,0.8669842984053104,0.408,0.312,7.736499856849711e-4,14,ECH1,120
5.786266979830355e-8,0.5666753484837903,0.64,0.628,0.0010950510259328946,14,DNAJB1,121
8.203317495743583e-8,0.62050811465198,0.524,0.451,0.001552477836069473,14,DRAP1,122
8.531780096780571e-8,1.0165054431773526,0.288,0.18,0.001614639383315723,14,PTPN4,123
1.2456436131745433e-7,0.8166032010046949,0.416,0.332,0.0023573805379328234,14,COPS9,124
1.7044683575089868e-7,0.5676236857643415,0.528,0.446,0.0032257063665857575,14,ANAPC16,125
3.401428700491095e-7,0.9275725243476116,0.296,0.189,0.006437203815679397,14,TNFSF14,126
3.66742390623481e-7,0.5144769080361207,0.566,0.509,0.0069405997425493774,14,ATP5MD,127
4.187618889200095e-7,0.5410088593462283,0.513,0.42,0.00792506874781118,14,XBP1,128
4.4962667753453036e-7,0.5751015330180405,0.528,0.46,0.008509184872340987,14,NME2,129
4.641483758367862e-7,1.0193020962156671,0.251,0.153,0.008784008012711179,14,SLAMF7,130
5.17134897148375e-7,1.097498323219597,0.258,0.163,0.009786777928532997,14,MPG,131
8.607177681035567e-7,0.34793234179700994,0.655,0.635,0.01628908376135981,14,PSME2,132
9.848041155486077e-7,0.27933477955419983,0.712,0.715,0.0186374178867574,14,OST4,133
1.004857814235427e-6,1.0017787678006376,0.277,0.181,0.019016934134405458,14,DNMT1,134
1.2268282197871958e-6,0.7223667275477628,0.39,0.296,0.023217724059472682,14,HOPX,135
1.2349904354468012e-6,0.3420757571861719,0.648,0.632,0.023372193990830712,14,ELOB,136
1.2573301815020124e-6,0.6782398288388463,0.416,0.322,0.023794973684925586,14,APOBEC3G,137
1.3673237617725107e-6,0.9303421131621445,0.262,0.166,0.025876602191544765,14,MYBL1,138
1.3828493735045544e-6,0.652708310832278,0.457,0.384,0.026170424393573692,14,OSTF1,139
1.880146573019454e-6,0.6058004935052665,0.472,0.387,0.03558177389439317,14,ARHGAP9,140
1.9958227873158465e-6,0.32955411601286144,0.659,0.646,0.03777094624995239,14,COX6C,141
2.0668499302143352e-6,0.8291841033674734,0.356,0.264,0.039115134929306294,14,NDUFV1,142
2.077030766492837e-6,0.8298398473931253,0.318,0.22,0.03930780725587694,14,PSTPIP1,143
2.15895586747972e-6,0.4274380355924112,0.581,0.55,0.040858239792053705,14,COX8A,144
2.407386550350489e-6,0.9615572890539377,0.266,0.173,0.045559790465383,14,DGCR6L,145
2.9201412213803904e-6,0.40982918031336224,0.569,0.536,0.055263672614623886,14,APRT,146
3.0206819572745965e-6,0.7384408181006501,0.367,0.274,0.05716640604142174,14,ITGAL,147
3.325199932987165e-6,0.5089808946655232,0.513,0.455,0.0629294087317821,14,DAD1,148
4.425533870166134e-6,0.554087530738808,0.502,0.451,0.08375322849289409,14,ATP5ME,149
8.31475436223111e-6,0.5609113381112063,0.476,0.417,0.15735672630522377,14,VAMP8,150
8.478596072290487e-6,0.2925137584511357,0.648,0.642,0.16045743066809748,14,SON,151
1.169037556394406e-5,0.5231277561649621,0.491,0.432,0.22124035754764132,14,TRAPPC1,152
1.237370092537967e-5,0.3259444422860662,0.64,0.638,0.23417229001281026,14,UQCR11,153
1.4909168638385714e-5,0.6059213970294077,0.449,0.39,0.2821560164814496,14,NEDD8,154
1.855948174609766e-5,0.8830108357900206,0.251,0.166,0.35123819204489826,14,C19orf66,155
1.882315134106915e-5,0.5387535611340946,0.468,0.407,0.3562281391297336,14,ROMO1,156
1.9355100759107868e-5,0.8815033955685425,0.311,0.233,0.36629528186611643,14,PTPN2,157
2.289194642952059e-5,0.33810395777941293,0.614,0.604,0.4332300861786772,14,TPI1,158
2.48896892411695e-5,0.2532151868345771,0.7,0.704,0.4710373688891328,14,COX6A1,159
2.4905220110716078e-5,0.4667597282838738,0.513,0.435,0.47133129059530177,14,ID2,160
3.072438292774764e-5,0.4801192250383175,0.502,0.461,0.5814589469076241,14,PSMB10,161
3.311333507162665e-5,1.0275186084260315,0.251,0.175,0.6266698662305343,14,STARD3NL,162
3.3651622651230055e-5,0.2655021470936174,0.663,0.66,0.6368569586745287,14,SNRPD2,163
3.5403856319466026e-5,0.6151343069407083,0.36,0.266,0.6700179808458946,14,TIGIT,164
4.01497108983278e-5,0.34072244238966,0.618,0.57,0.7598332787508536,14,ZFP36L1,165
4.5059088038278826e-5,0.6386671817816705,0.36,0.272,0.8527432411244268,14,ABI3,166
1.576451780290213e-4,0.8746104178257199,0.251,0.18,1,14,PRMT9,167
1.2938256126418044e-4,0.8196328083135173,0.266,0.193,1,14,ACAA2,168
0.001426677524016168,0.8093000349964337,0.255,0.201,1,14,COPZ1,169
6.893413587868069e-5,0.7881059099665132,0.3,0.227,1,14,FERMT3,170
4.121428429648653e-4,0.774089799496332,0.3,0.238,1,14,LAMTOR1,171
6.6690043084698e-5,0.7627542708483088,0.262,0.18,1,14,LY9,172
5.348768214253247e-4,0.7545276758738376,0.273,0.21,1,14,TCIRG1,173
1.9023274353953453e-4,0.7524739729103598,0.296,0.224,1,14,PGLS,174
0.001123591080570483,0.7498117219776282,0.27,0.214,1,14,NDUFB3,175
1.3061429924355597e-4,0.7365647829749007,0.326,0.261,1,14,POLR2E,176
6.27531592189913e-4,0.7343704824256791,0.273,0.212,1,14,OFD1,177
2.572126307583093e-4,0.7177568957723427,0.277,0.204,1,14,NCR3,178
0.004987126779672261,0.7175529421060595,0.27,0.227,1,14,CBX3,179
7.135098904100295e-4,0.7008313610967447,0.277,0.211,1,14,TMEM256,180
1.9468812272744883e-4,0.6950705896888433,0.277,0.202,1,14,SAMD3,181
0.003588978510303988,0.6732996421727496,0.251,0.196,1,14,LASP1,182
9.211422402000789e-5,0.6697148673122546,0.352,0.279,1,14,FKBP11,183
5.550374420847236e-5,0.6505816788917453,0.382,0.314,1,14,ANAPC11,184
2.2544243876928253e-4,0.6473136728355026,0.311,0.233,1,14,CD81,185
5.565106154293173e-4,0.6472946071155554,0.345,0.284,1,14,GYG1,186
1.1993656817160998e-4,0.6390919049314208,0.356,0.285,1,14,MYDGF,187
0.004397176446610205,0.6378244534342522,0.262,0.212,1,14,DEF6,188
9.731975965053886e-5,0.6355894470193031,0.363,0.298,1,14,FIS1,189
0.0025598877159062282,0.6352542993470264,0.277,0.222,1,14,VAMP5,190
0.0011510037330998235,0.6248188618992141,0.337,0.283,1,14,HSPB1,191
2.1414320172852207e-4,0.5748855868691429,0.375,0.306,1,14,CSK,192
0.005746128344381519,0.5618649027133806,0.322,0.28,1,14,TSTD1,193
2.1070241776312783e-4,0.5612157049731652,0.404,0.352,1,14,CCDC85B,194
1.0510168305817192e-4,0.5589766547049657,0.434,0.38,1,14,SELENOW,195
4.201366933881479e-4,0.5538446761832689,0.393,0.337,1,14,LAMTOR4,196
0.009029833946400593,0.5349990194682317,0.3,0.256,1,14,POLD4,197
0.00968771199188819,0.53460761188563,0.33,0.297,1,14,TMEM230,198
5.403370507324712e-5,0.5317005172591829,0.442,0.38,1,14,ACAP1,199
0.0023800122074335104,0.5274562130992939,0.367,0.315,1,14,ABHD17A,200
0.0029875312480640115,0.5208883873869987,0.348,0.293,1,14,CASP4,201
0.007323446178044613,0.515978868532595,0.337,0.297,1,14,STOM,202
0.00936565324539834,0.5138627137298868,0.3,0.257,1,14,NUCB2,203
2.8198695219521197e-4,0.5098614815471048,0.434,0.384,1,14,PRELID1,204
0.00450787257027256,0.50658825721079,0.337,0.294,1,14,DDT,205
0.007233059529008339,0.4926837203475065,0.326,0.281,1,14,DOK2,206
9.211839919600514e-5,0.49249797831338804,0.453,0.398,1,14,CELF2,207
3.236417278710725e-4,0.49098628653553344,0.434,0.39,1,14,CCT4,208
7.342207858363959e-4,0.49046872461715707,0.442,0.412,1,14,ABRACL,209
1.1718269238904168e-4,0.47667841263647115,0.487,0.441,1,14,CUTA,210
0.0010223041517590317,0.4735345346108657,0.416,0.367,1,14,ZAP70,211
0.008121636258377847,0.4721753046756516,0.363,0.33,1,14,PNISR,212
4.897259614036726e-4,0.46051496647695744,0.464,0.414,1,14,EFHD2,213
1.4590188065805796e-4,0.4588897746059142,0.491,0.445,1,14,SLC9A3R1,214
6.675997305203314e-5,0.4575020669598251,0.502,0.441,1,14,LBH,215
0.00400935411139937,0.45555519570616787,0.39,0.35,1,14,NOP10,216
0.0024615786243112944,0.4491847920310654,0.408,0.374,1,14,YPEL3,217
3.085776068426176e-4,0.44592135834742774,0.483,0.435,1,14,PAXX,218
4.2785900206867406e-4,0.4353905844235857,0.449,0.383,1,14,TRBC1,219
0.006082590981707749,0.43446394444681236,0.408,0.387,1,14,VPS28,220
0.004417684965122032,0.43288700592771523,0.434,0.415,1,14,FAM49B,221
0.0032761040331989134,0.43286513190983955,0.404,0.359,1,14,TLN1,222
1.0544431176964787e-4,0.43173671222095944,0.521,0.482,1,14,ATP5F1D,223
0.001379826407138934,0.42659109542878526,0.461,0.449,1,14,EIF4A2,224
0.004192688338804747,0.4227417189480538,0.427,0.41,1,14,BSG,225
2.0458703187413755e-4,0.37399289502276867,0.543,0.523,1,14,DBI,226
9.431331680391508e-4,0.3731206597365373,0.491,0.467,1,14,C4orf3,227
0.005607011269443861,0.34549910404015693,0.453,0.421,1,14,CALM3,228
9.480640399224967e-5,0.33773390312945706,0.573,0.571,1,14,JAK1,229
0.009361583739821459,0.3299000717255469,0.472,0.462,1,14,WDR83OS,230
0.007219247622568153,0.31939351669423743,0.502,0.493,1,14,ACTR3,231
0.004803926127970777,0.31671764665464197,0.528,0.54,1,14,SEPT7,232
0.0060095381599401835,0.30864260771327245,0.502,0.496,1,14,ICAM3,233
0.005573233273224754,0.30794052962654517,0.491,0.47,1,14,GYPC,234
0.0031119506259937387,0.3029702366775755,0.532,0.542,1,14,UQCRH,235
8.380669330105356e-5,0.29144527216601324,0.618,0.603,1,14,COX6B1,236
0.001016366602736074,0.26207791887691423,0.61,0.628,1,14,POLR2L,237
1.5914468366498208e-4,0.25675750790416263,0.674,0.688,1,14,UBL5,238
1.0270909795658015e-4,0.25054818086044905,0.659,0.711,1,14,HSPE1,239
0,15.420925298298132,0.297,0,0,15,DPEP1,1
0,11.796903985837087,0.56,0,0,15,SDC1,2
0,9.254446785220148,0.303,0.001,0,15,IGF1,3
0,9.01180817148303,0.766,0.001,0,15,TNFRSF17,4
0,8.879289857737788,0.251,0.001,0,15,IGKV3OR2-268,5
0,8.451369384232112,0.337,0.002,0,15,IGHG4,6
0,8.25979932768843,0.977,0.007,0,15,DERL3,7
0,8.145501637317341,0.257,0.001,0,15,AC104699.1,8
0,7.88601112478398,0.354,0.001,0,15,AC012236.1,9
0,7.827224815278403,0.263,0.002,0,15,IGLV6-57,10
0,7.805037787486956,0.366,0.002,0,15,LINC02362,11
0,7.730834093689866,0.737,0.005,0,15,IGLL5,12
0,7.535154051368046,0.337,0.001,0,15,AL133467.1,13
0,7.383274089085738,0.343,0.001,0,15,PKHD1L1,14
0,7.381207533242117,0.297,0.003,0,15,IGHA2,15
0,7.236863878040593,0.834,0.008,0,15,TXNDC5,16
0,7.230167962822928,0.446,0.006,0,15,IGHG3,17
0,7.175047436113001,0.72,0.005,0,15,FCRL5,18
0,7.073238147258859,0.931,0.026,0,15,JCHAIN,19
0,7.03111928163042,0.514,0.005,0,15,IGLV3-1,20
0,7.025130207618877,0.366,0.002,0,15,CAV1,21
0,7.0249939442448985,0.28,0.001,0,15,PYCR1,22
0,6.963001413571467,0.394,0.008,0,15,IGHG2,23
0,6.950135132542078,0.617,0.006,0,15,GAS6,24
0,6.906205065114112,0.354,0.009,0,15,IGLC2,25
0,6.778123235326596,0.64,0.023,0,15,IGHG1,26
0,6.723872348536606,1,0.028,0,15,MZB1,27
0,6.698705000389147,0.417,0.004,0,15,JSRP1,28
0,6.666787609260158,0.611,0.014,0,15,IGHA1,29
0,6.664405708998093,0.457,0.004,0,15,AC007569.1,30
0,6.450299960740692,0.263,0.002,0,15,B9D1,31
0,6.375535544452363,0.32,0.003,0,15,GAB1,32
0,6.359439906534444,0.743,0.037,0,15,IGKC,33
0,6.0660157243723605,0.269,0.003,0,15,SSPN,34
0,5.921339700863703,0.72,0.016,0,15,TRIB1,35
0,5.896373131948188,0.829,0.014,0,15,POU2AF1,36
0,5.892291528399441,0.251,0.003,0,15,CCR10,37
0,5.793712844234448,0.326,0.004,0,15,PDIA5,38
0,5.792528172812433,0.326,0.005,0,15,ABCB9,39
0,5.678488949211937,0.554,0.01,0,15,COBLL1,40
0,5.613287000512275,0.491,0.02,0,15,IGKV4-1,41
0,5.5217123205403515,0.309,0.004,0,15,COL9A3,42
0,5.4523756049741205,0.657,0.014,0,15,CLIC4,43
0,5.34661997422167,0.571,0.009,0,15,CPNE5,44
0,5.34647332410177,0.297,0.005,0,15,DENND5B,45
0,5.337677929700801,0.554,0.011,0,15,BLNK,46
0,5.316568259858352,0.457,0.009,0,15,TNFRSF13B,47
0,5.075940780297055,0.474,0.009,0,15,PNOC,48
0,4.993283558259857,0.297,0.005,0,15,PIP5K1B,49
0,4.672672577973797,0.703,0.024,0,15,GNG7,50
0,4.557181090253239,0.937,0.088,0,15,PRDX4,51
0,4.525416947766089,0.686,0.038,0,15,RAB30,52
0,4.291136341069107,0.543,0.022,0,15,PDK1,53
0,4.209642648111256,0.594,0.028,0,15,CHPF,54
0,4.152433725814591,0.514,0.022,0,15,SPATS2,55
0,4.133270362551902,0.869,0.041,0,15,CD79A,56
0,4.084516937063613,0.646,0.032,0,15,EAF2,57
0,4.030724750457846,0.52,0.024,0,15,CKAP4,58
1.47000684744e-313,3.446526653981666,0.72,0.05,2.78198795878925e-309,15,MEF2C,59
1.4604098833887333e-305,3.82925524589721,0.6,0.036,2.763825704313178e-301,15,SLC44A1,60
4.380503046917982e-298,3.980794636420764,0.983,0.126,8.290102016292282e-294,15,ITM2C,61
5.543676820072469e-291,3.9204279683344643,0.457,0.021,1.0491408381987147e-286,15,FCGR2B,62
1.49243919138782e-280,4.165366223832764,0.389,0.016,2.824441169701449e-276,15,AC078883.1,63
1.4909559575129229e-279,3.754851318649256,0.771,0.067,2.8216341495932066e-275,15,ANKRD28,64
7.063496305598765e-273,3.4000764938404657,0.88,0.092,1.3367666758345663e-268,15,PLPP5,65
2.1830761428009596e-270,3.914240013503478,0.543,0.033,4.131471600250816e-266,15,BASP1,66
1.0680257480788604e-267,4.04544715554167,0.571,0.037,2.0212387282392434e-263,15,CHST2,67
2.5222009142447335e-267,4.9223967553811985,0.269,0.007,4.773265230208158e-263,15,FAM30A,68
1.2645635121819775e-264,4.575230315568113,0.286,0.009,2.3931864468043924e-260,15,CDK14,69
7.1714252717511165e-258,4.585691496178152,0.263,0.007,1.3571922326788988e-253,15,SLC17A9,70
1.0655753209507213e-244,3.726099855958272,0.48,0.028,2.0166012948992402e-240,15,LY96,71
3.1486318219870347e-240,3.470641110599518,0.543,0.037,5.958785723110463e-236,15,ST6GALNAC4,72
2.335572896123936e-233,3.4705466231742186,0.743,0.073,4.420071705914549e-229,15,FNDC3B,73
1.1493653983137079e-228,6.14175089146363,0.257,0.008,2.1751740163086923e-224,15,IGLC3,74
2.940632709644597e-226,5.061152161453114,0.286,0.01,5.5651474030024e-222,15,LINC01480,75
7.166043370154675e-210,4.4610290111891375,0.286,0.011,1.3561737078017723e-205,15,P2RX1,76
2.187644107913523e-209,4.081769646679304,0.257,0.009,4.140116474226342e-205,15,C16orf74,77
2.1201481750975127e-204,3.298728980805033,0.754,0.088,4.012380421372043e-200,15,RRBP1,78
1.2929502164203268e-202,3.581366926974086,0.394,0.023,2.4469082845754686e-198,15,MANEA,79
3.900363095770687e-197,3.1457765948860215,0.703,0.075,7.381437158746025e-193,15,SEL1L3,80
9.303123965841139e-183,4.018745015687804,0.286,0.013,1.7606162105354355e-178,15,GGH,81
3.746901960935319e-182,2.9955817964488562,0.674,0.074,7.091011961070092e-178,15,ARSA,82
6.957394190222456e-181,2.967146784543406,0.92,0.158,1.3166868504995997e-176,15,ERLEC1,83
9.831098275194152e-180,3.1187240186928205,0.457,0.034,1.8605353485804932e-175,15,CLPTM1L,84
3.561486953548133e-178,3.104953681105621,0.977,0.242,6.740114059589842e-174,15,SEC11C,85
3.0168242775261597e-176,3.629939538269359,0.48,0.04,5.709339945218258e-172,15,SPAG4,86
5.369966750809702e-172,2.9936311464250824,0.754,0.1,1.0162662075907362e-167,15,TXNDC11,87
6.843815332732266e-172,3.022900742933844,0.566,0.055,1.2951920517195813e-167,15,EIF2AK4,88
7.154419004669916e-172,3.0369942518359636,0.686,0.081,1.3539737966337817e-167,15,ZBP1,89
1.1361816808293913e-170,2.9693689608867424,0.566,0.055,2.150223830969623e-166,15,GMPPB,90
1.3261525861771077e-170,2.884646106901677,0.703,0.086,2.5097437693401762e-166,15,CD59,91
1.0363470882939024e-168,2.9347504264909103,0.8,0.117,1.9612868645962104e-164,15,HDLBP,92
2.2825589025336555e-168,3.7706942321764654,0.263,0.012,4.319742723044943e-164,15,TRAM2,93
3.68200335717202e-167,3.8096088607490257,0.274,0.013,6.968191353448048e-163,15,ALG14,94
8.430814811303225e-166,3.0337993520644906,0.509,0.046,1.5955317030391353e-161,15,SIL1,95
1.464578657721746e-165,3.409245881333149,0.4,0.029,2.7717151097384043e-161,15,RNASE6,96
7.534726074921992e-165,3.148933110308307,0.457,0.037,1.425946909678987e-160,15,SLC38A5,97
1.1999877365144403e-164,3.332355731576615,0.337,0.02,2.2709767913535783e-160,15,C11orf80,98
4.947226917472664e-160,3.157624441847443,0.371,0.025,9.362626941317016e-156,15,PGM3,99
5.5118678589688446e-160,2.9830792092741403,0.434,0.035,1.0431209923098539e-155,15,IFNGR2,100
1.523497076743237e-157,5.037173963594921,0.337,0.022,2.8832182177365757e-153,15,IGHM,101
1.818066151354254e-157,2.8529823218524086,0.891,0.165,3.440690191437926e-153,15,CD38,102
1.9024745145483338e-156,3.638664061973854,0.28,0.015,3.6004330187827217e-152,15,TSPAN13,103
1.2793905657417852e-154,2.666220730083034,0.634,0.073,2.4212466456663284e-150,15,CALU,104
3.3088238381049126e-154,2.6222647445559732,0.76,0.107,6.261949113613548e-150,15,TPD52,105
9.356239434249782e-153,2.6799125540224527,0.949,0.23,1.7706683129317713e-148,15,UBE2J1,106
1.6272423536314568e-152,2.8852403760605574,0.48,0.044,3.079556154247532e-148,15,C11orf24,107
2.170682418879414e-152,2.9452739380144113,0.371,0.026,4.108016477729291e-148,15,RALGPS2,108
1.0082248841090568e-143,2.6879202654985894,0.96,0.274,1.9080655931763902e-139,15,FKBP11,109
1.1474445696669876e-143,4.0613278348215065,0.263,0.014,2.171538848094774e-139,15,STAP1,110
6.653431455275513e-142,3.487950950489241,0.331,0.023,1.2591619029108908e-137,15,MARCKS,111
4.409007264588002e-140,2.7504618304274704,0.577,0.068,8.344046248232795e-136,15,CHID1,112
7.876171033035964e-139,2.630505751416513,0.88,0.184,1.4905653680020562e-134,15,PDIA4,113
2.49486848341621e-138,2.569719728207584,0.897,0.185,4.721538604865177e-134,15,KDELR1,114
4.520877289126807e-137,2.790073279651266,0.571,0.068,8.555760269672481e-133,15,EDEM1,115
1.8427089775823476e-136,2.937958681235713,0.377,0.031,3.4873267400745927e-132,15,TCF4,116
7.623369784102447e-136,3.1674746813934846,0.286,0.018,1.4427227316413882e-131,15,GCSH,117
2.2731952720878008e-135,3.855852251087705,0.274,0.017,4.3020220524261633e-131,15,RBM47,118
5.4497148906049147e-135,2.517717015871682,0.966,0.294,1.03135854304698e-130,15,SSR3,119
3.875304608696819e-134,2.5477998235051666,0.903,0.203,7.33401397195873e-130,15,LMAN1,120
1.980590267938877e-133,2.4933544284706546,0.954,0.258,3.748267082074325e-129,15,FKBP2,121
7.54231858243754e-133,3.3969404998502233,0.291,0.019,1.4273837917263045e-128,15,PPCDC,122
1.4399683834763337e-129,2.6860239705723883,0.583,0.075,2.7251401657289614e-125,15,CTSH,123
1.68696056213547e-129,2.727386067775182,0.52,0.059,3.192572863841377e-125,15,EDEM2,124
2.915124380385867e-128,2.999577642960429,0.537,0.065,5.516872889880253e-124,15,TOR3A,125
6.402885506460382e-128,3.02730095896818,0.331,0.025,1.2117460820976272e-123,15,SEMA4A,126
6.819677560779877e-128,3.3670506404841274,0.309,0.022,1.2906239783775917e-123,15,METTL7A,127
1.958734864044366e-126,2.534673198139979,0.771,0.137,3.706905730203963e-122,15,CRELD2,128
9.424330864630526e-123,2.426134703227614,0.994,0.416,1.7835546161313272e-118,15,XBP1,129
9.557951902399778e-123,2.448072142682234,0.863,0.193,1.808842397529158e-118,15,SDF2L1,130
4.0438364174295306e-122,2.350364170389968,0.949,0.281,7.652960419985387e-118,15,MYDGF,131
2.3309823635841566e-121,3.176715640888972,0.32,0.025,4.411384123083016e-117,15,HYI,132
5.563163583025532e-119,2.3498306253294006,0.537,0.066,1.052828708087582e-114,15,SYVN1,133
8.919170768047042e-118,2.021967605436636,1,0.568,1.6879530678529026e-113,15,HSP90B1,134
2.2861344148256352e-117,3.39254323610672,0.251,0.016,4.3265093800575147e-113,15,HIST1H2BJ,135
8.19115284545177e-117,2.8811876422994387,0.4,0.04,1.5501756760017476e-112,15,DAPP1,136
2.528523492207033e-115,2.261586302991188,0.943,0.268,4.78523070900181e-111,15,SELENOS,137
6.603206726398174e-115,2.440336583736437,0.669,0.107,1.2496568729708545e-110,15,ALG5,138
1.182328641127426e-114,2.3142789860378414,0.931,0.27,2.2375569533336537e-110,15,HM13,139
2.0192334771586267e-114,2.3500577496933106,0.703,0.116,3.821399355522701e-110,15,SRPRB,140
4.177277237526755e-113,2.7946574175955936,0.36,0.033,7.905497172019384e-109,15,IFI27L1,141
6.16141661686833e-113,2.4159257212299003,0.983,0.422,1.1660480947423314e-108,15,HERPUD1,142
9.919100865085716e-113,2.323952180252333,0.829,0.177,1.8771898387174717e-108,15,SRM,143
1.8183172162965825e-112,3.2756433855852203,0.331,0.029,3.441165331841282e-108,15,HIST1H2BC,144
2.396459418526817e-112,2.8197513720007508,0.44,0.049,4.535299449562001e-108,15,FUCA2,145
3.9883157191735966e-112,3.105232477674215,0.406,0.043,7.547887498536031e-108,15,ITGA6,146
2.2732007143928714e-111,2.3676118946140967,0.703,0.121,4.302032351988509e-107,15,TXNDC15,147
2.6836779274190076e-111,3.3155488603047676,0.286,0.022,5.078860477640472e-107,15,CEP128,148
7.82874933875852e-111,2.8783205497610744,0.64,0.11,1.4815908123600498e-106,15,EHMT1,149
1.8206403676015711e-109,2.463933054916918,0.834,0.19,3.4455618956859732e-105,15,PIM2,150
7.857923813916504e-109,2.8083147380725952,0.446,0.052,1.4871120817836984e-104,15,SEC24D,151
1.5363686889240782e-108,2.7396566572428274,0.411,0.045,2.907577743788818e-104,15,NCF4,152
2.5137355611752268e-108,2.1614813760248257,0.789,0.15,4.757244549524117e-104,15,AKR1A1,153
2.756901844190774e-108,2.229316818186617,0.92,0.266,5.2174367401310395e-104,15,KDELR2,154
2.5417686840268337e-107,2.191846852951496,0.954,0.309,4.810297234520783e-103,15,SPCS3,155
4.270535421802165e-107,2.8461811835446023,0.377,0.038,8.081988285760597e-103,15,NXPE3,156
9.374516097659591e-107,2.7950522043974484,0.417,0.047,1.7741271714820776e-102,15,TP53INP1,157
1.8868757212770217e-106,2.5689351285935533,0.44,0.051,3.5709123025167636e-102,15,BSCL2,158
5.606080609581784e-106,3.3059584809848435,0.349,0.034,1.0609507553633527e-101,15,CCDC88A,159
1.3698344046451846e-105,2.7909959940050513,0.446,0.054,2.5924116107910117e-101,15,EIF2AK3,160
6.724529447963199e-105,2.8537619673028845,0.309,0.026,1.2726171980270354e-100,15,IFNG-AS1,161
1.039877819235893e-104,4.758939141662768,0.36,0.037,1.9679687729039275e-100,15,IGKV3-20,162
6.054023202401542e-104,2.1304511935215897,0.994,0.68,1.1457238910544918e-99,15,SSR4,163
6.388545641177487e-103,2.776317318505313,0.36,0.036,1.2090322625928395e-98,15,IFNAR2,164
7.401383672138578e-103,2.494140232208827,0.394,0.043,1.400711859952226e-98,15,ISOC2,165
5.880939656120234e-102,2.4542298202402333,0.709,0.136,1.1129678299207543e-97,15,SEL1L,166
1.041490764864324e-101,1.9207722646362797,0.977,0.436,1.9710212725057332e-97,15,SPCS2,167
1.9433172237110488e-101,2.34551447265199,0.6,0.095,3.67772784587316e-97,15,STT3A,168
1.5391905979118637e-99,2.7965192262887326,0.514,0.075,2.912918206548202e-95,15,PELI1,169
7.1212658190577685e-99,2.1178898616906836,0.869,0.216,1.3476995562566828e-94,15,MANF,170
6.968097981485257e-98,2.5855933852744943,0.457,0.06,1.318712542996085e-93,15,NME1,171
1.3776650846375027e-97,3.105137897680876,0.566,0.097,2.607231172676474e-93,15,MIR155HG,172
7.369587162773954e-96,2.4386740041960815,0.434,0.054,1.3946943705549708e-91,15,TSPAN3,173
1.2683481522501681e-95,2.932496090447384,0.263,0.021,2.400348878133443e-91,15,BTK,174
1.6147371595232808e-95,2.5162218638728726,0.377,0.042,3.055890074397809e-91,15,AARS,175
1.7972500640878786e-95,2.675118832963613,0.354,0.038,3.40129574628631e-91,15,WIPI1,176
3.7058041601895584e-95,1.3730197986280062,0.989,0.73,7.013234373158739e-91,15,PPIB,177
4.422034136606737e-94,2.4750902856308143,0.389,0.045,8.36869960352825e-90,15,TMEM19,178
8.148168988475925e-93,2.2211872277325764,0.394,0.046,1.5420409810690686e-88,15,IFI30,179
4.05601645811022e-92,2.2548474582137605,0.726,0.154,7.676011146973592e-88,15,PRDM1,180
6.652157628980162e-92,2.5404318621713586,0.389,0.046,1.2589208312844956e-87,15,CREB3L2,181
1.6770998438942779e-91,2.3901644275254057,0.423,0.054,3.173911454569921e-87,15,SLC50A1,182
1.0202763622668084e-90,2.388565808697142,0.417,0.053,1.930873015589935e-86,15,CCDC50,183
1.7483927665572197e-90,2.442975980286707,0.389,0.046,3.3088333107095385e-86,15,MAGED1,184
1.9211708590016652e-89,2.7959126457339294,0.269,0.024,3.635815850660651e-85,15,MYL6B,185
3.0125242979509102e-89,2.68562992808847,0.274,0.025,5.701202233872098e-85,15,AKAP2,186
2.5159935034943003e-86,2.8013080282049874,0.269,0.024,4.761517705362963e-82,15,LARP1B,187
2.7916288207254517e-84,2.646171683308426,0.257,0.023,5.2831575432229174e-80,15,MCEE,188
4.640105939569122e-84,4.079195217883514,0.257,0.023,8.781400490634562e-80,15,IGLV1-40,189
4.717671820116837e-83,1.8414124634470554,0.954,0.357,8.928193919571114e-79,15,TRAM1,190
9.31413610718317e-83,1.4456423499653956,0.966,0.596,1.7627002582844149e-78,15,SEC61B,191
1.1993342752865805e-82,1.8776406620322392,0.903,0.347,2.269740115979854e-78,15,PDIA6,192
2.1067755336185133e-82,2.098633597625327,0.417,0.056,3.9870726973730365e-78,15,SLC39A7,193
2.5175951681422533e-82,2.467576977984543,0.371,0.047,4.764548855709215e-78,15,FUT8,194
7.470782752247788e-82,2.459584676146641,0.36,0.044,1.413845635862894e-77,15,HSD17B8,195
8.550456405949493e-82,1.9655457961321778,0.846,0.245,1.6181738748259415e-77,15,ERGIC3,196
1.2731526599196134e-81,2.493923732907067,0.434,0.064,2.4094414088978686e-77,15,ODF3B,197
9.972784032647641e-81,1.9496608414574559,0.64,0.124,1.887349378178566e-76,15,TYMP,198
1.342234600146037e-80,1.9910533930667484,0.526,0.087,2.5401789807763752e-76,15,SLC38A10,199
1.5315972812786725e-79,1.8953220991422626,0.76,0.174,2.8985478548198876e-75,15,LRRC59,200
2.8799924439545074e-79,1.6189934765309926,0.943,0.483,5.450385700183906e-75,15,SPCS1,201
4.2444521428853873e-79,2.240373850697797,0.526,0.091,8.032625680410596e-75,15,ST6GAL1,202
1.2989829702396517e-78,2.0935142503850748,0.6,0.116,2.458325271178541e-74,15,PLD3,203
2.3951444309291284e-78,1.925350973477615,0.663,0.134,4.5328108355333755e-74,15,NANS,204
2.5498104029738635e-78,2.7194016148284494,0.291,0.031,4.825516187628036e-74,15,LINC02384,205
1.1753923676669359e-77,2.0951048434922823,0.406,0.056,2.224430055809676e-73,15,CD79B,206
2.2498828411258063e-76,2.5293754511685167,0.423,0.064,4.2579032768305885e-72,15,FAM49A,207
2.3605036042602133e-76,1.890283620572508,0.829,0.226,4.4672530710624536e-72,15,NPC2,208
2.6850496393594892e-76,1.8118217511956867,0.691,0.146,5.081456442487833e-72,15,ATOX1,209
4.777350122828851e-76,2.2166392734251614,0.434,0.066,9.0411351074536e-72,15,MCUR1,210
2.2627633988141195e-75,1.9557524553077532,0.503,0.084,4.2822797322557214e-71,15,ARL1,211
2.833788244703618e-75,2.061793391248133,0.486,0.08,5.362944253101597e-71,15,FBXW7,212
3.164266891175832e-75,2.0031877459208287,0.549,0.1,5.988375091550262e-71,15,CTSZ,213
4.09417118960137e-75,1.9986158532895895,0.646,0.136,7.748218976320592e-71,15,PDXK,214
4.3906199450925675e-75,1.8652807177817725,0.897,0.337,8.309248246087684e-71,15,RPN2,215
1.6910646310986883e-74,2.4755823634635847,0.394,0.057,3.2003398143542674e-70,15,HIST1H2BK,216
1.8902236655226077e-73,1.7052123099053402,0.931,0.37,3.577248287001535e-69,15,RPN1,217
2.674592044779078e-73,1.9081559217270765,0.714,0.171,5.061665444744405e-69,15,SEC61A1,218
5.527326276433861e-73,1.8250460360736787,0.789,0.195,1.0460464978151081e-68,15,ACADVL,219
1.3097669320777999e-72,2.368355633895006,0.291,0.033,2.4787339189572363e-68,15,NOMO2,220
1.6431327228321759e-72,1.9658864672333491,0.869,0.261,3.1096286779598927e-68,15,CYTOR,221
1.9199183793401478e-72,1.9498074825868859,0.806,0.23,3.63344553290123e-68,15,ELL2,222
3.455312601204602e-72,2.7894092132665644,0.291,0.034,6.5391790977797085e-68,15,CPEB4,223
1.723955593699404e-71,2.0033052092665766,0.417,0.063,3.262585961076122e-67,15,UBA5,224
5.084339629556275e-70,1.7487258342386423,0.863,0.275,9.62211274893525e-66,15,TMED9,225
1.410053522644328e-69,2.1758029936636927,0.337,0.044,2.668526291604391e-65,15,DEF8,226
1.7701122170269674e-69,2.226253501065593,0.349,0.047,3.3499373707235358e-65,15,SCARB2,227
1.7968711679878047e-69,2.0160240984154374,0.514,0.094,3.4005786854169202e-65,15,CCNC,228
1.9989293974449435e-69,1.7020651025496658,0.914,0.353,3.7829738846645557e-65,15,TMED10,229
3.4111579369810996e-69,1.6759973298697646,0.909,0.332,6.455616395736731e-65,15,OSTC,230
3.7402006797532804e-69,1.9602927859636874,0.577,0.118,7.0783297864330835e-65,15,ADA2,231
9.706182182067593e-69,1.435817914418799,0.96,0.496,1.836894977956292e-64,15,TMEM258,232
3.206509660981805e-68,2.110535722707029,0.429,0.07,6.0683195334080655e-64,15,PAPSS1,233
7.340674632918947e-68,1.4585262985026768,0.949,0.492,1.3892226742799107e-63,15,SEC61G,234
4.318710063909016e-67,1.8061130699895842,0.84,0.277,8.173158795947813e-63,15,DNAJB9,235
6.412056177493345e-67,2.584924233047314,0.263,0.03,1.2134816315906155e-62,15,IL6R,236
1.1707287756710108e-66,2.205307783430497,0.406,0.065,2.215604207957388e-62,15,RIC1,237
1.5508352306671616e-66,1.952260287250815,0.589,0.126,2.9349556740376036e-62,15,GUSB,238
2.489000680577847e-66,2.2995798935059186,0.446,0.078,4.710433787993576e-62,15,WARS,239
3.991526057104872e-66,1.7571168874032255,0.789,0.225,7.55396306307097e-62,15,SEC13,240
5.236768580079595e-66,1.7393039611189673,0.686,0.161,9.910584537800635e-62,15,ERGIC2,241
5.973312989225196e-66,1.7508516973977821,0.76,0.197,1.1304494832108683e-61,15,TMEM208,242
1.0209935018355858e-65,2.1436554112286808,0.354,0.051,1.9322302022238462e-61,15,NCLN,243
1.6896060175484165e-65,1.6722212963300898,0.766,0.202,3.197579388210378e-61,15,ATP5MC1,244
6.197503262988083e-65,2.022780546043001,0.451,0.079,1.1728774925204947e-60,15,CBWD5,245
4.1440877978115815e-64,2.224042709844669,0.349,0.051,7.842686157358418e-60,15,C1GALT1C1,246
5.2439226327107924e-64,2.1052682968638656,0.4,0.065,9.924123582405175e-60,15,ETV6,247
1.039984211390512e-63,1.9722308894888896,0.509,0.099,1.968170120056544e-59,15,PLCG2,248
1.5425432005063253e-63,2.442310551774403,0.354,0.054,2.9192630069582207e-59,15,TMEM156,249
1.6302106114557044e-63,1.7806939415269345,0.531,0.105,3.0851735821799206e-59,15,DNPH1,250
1.6480809210390348e-63,1.91744839536213,0.474,0.087,3.1189931430663732e-59,15,B4GALT3,251
1.6847194238573793e-63,1.8788528760405239,0.463,0.083,3.1883315096500902e-59,15,SLC35B1,252
1.9839835527370522e-63,2.216372364298254,0.309,0.041,3.7546888735548714e-59,15,FBH1,253
2.5416444796347177e-63,2.6877457017482542,0.257,0.03,4.810062177708703e-59,15,CADM1,254
1.0288837739112952e-62,1.7893873931427549,0.491,0.092,1.947162542127126e-58,15,GRN,255
1.5943963891083882e-62,1.426101806315736,0.954,0.456,3.0173951663876247e-58,15,NME2,256
2.4669182494705825e-62,1.8805266803118812,0.394,0.063,4.6686427871230776e-58,15,CXXC5,257
4.719389973803877e-62,1.9541815275336551,0.509,0.102,8.931445525423838e-58,15,AC007384.1,258
5.7231087431949225e-62,1.9335117226596463,0.634,0.157,1.0830983296496391e-57,15,GLRX,259
2.6742503082736812e-61,2.2797319904371554,0.274,0.034,5.061018708407942e-57,15,ADAM19,260
3.204054520530695e-61,1.776075743419704,0.72,0.193,6.06367318010434e-57,15,DNAJB11,261
3.3657888357148485e-61,1.779160049731436,0.737,0.214,6.369755371590351e-57,15,CD27,262
6.954304999061991e-61,0.9618478511204129,0.983,0.744,1.3161022210724818e-56,15,SUB1,263
7.732220784075315e-61,1.7337340175160427,0.44,0.077,1.4633227833862533e-56,15,BET1,264
1.0365027406108288e-60,1.9694793634498349,0.406,0.069,1.9615814366059935e-56,15,MAN1A1,265
1.2965850922602576e-60,1.4477269659539604,0.949,0.439,2.4537872871025374e-56,15,RABAC1,266
1.5102238303286732e-60,1.6140637627756849,0.88,0.337,2.8580985988970142e-56,15,TMED2,267
1.7718725808006437e-60,2.2337404401642567,0.531,0.118,3.353268859165218e-56,15,RHOB,268
1.8755801777134885e-60,1.9238187925009236,0.469,0.089,3.549535486322777e-56,15,MEI1,269
3.4346244827376835e-60,1.659425190313876,0.8,0.245,6.500026833581066e-56,15,SSR1,270
5.06629577156398e-60,2.223378421365392,0.291,0.039,9.58796474768483e-56,15,YIPF2,271
5.806133366339817e-60,1.9278569309342384,0.411,0.071,1.0988107395798104e-55,15,ALG3,272
1.0701514965007715e-59,2.202892564043333,0.297,0.04,2.0252617071277103e-55,15,BCKDK,273
1.1744857812214282e-59,0.7922926478211973,0.989,0.919,2.2227143409615528e-55,15,CYBA,274
2.6382184245221433e-59,1.880016864716553,0.44,0.08,4.9928283684081565e-55,15,TMEM205,275
5.74305211747526e-58,1.5025494665609833,0.92,0.407,1.0868726132321928e-53,15,P4HB,276
1.2646341134810945e-57,2.1951694289922843,0.314,0.046,2.3933200597629713e-53,15,OGFOD3,277
1.3145782566332116e-57,1.7605240505344815,0.469,0.091,2.487839350678353e-53,15,NUDT22,278
2.3276493365955565e-57,1.9103183678277333,0.4,0.07,4.4050763695070905e-53,15,EBAG9,279
5.527905022352465e-57,1.5535584301804803,0.863,0.305,1.046156025480204e-52,15,ZNF706,280
1.5529825117294765e-56,1.9202622663794848,0.411,0.074,2.939019403448034e-52,15,GMDS,281
2.2053120995167797e-56,1.644231660062517,0.497,0.101,4.173553148335506e-52,15,IFNAR1,282
2.791885255091652e-56,1.902878579079026,0.394,0.069,5.283642845260951e-52,15,QTRT1,283
3.562407413799769e-56,1.6094323611385124,0.709,0.19,6.741856030616063e-52,15,CISD2,284
1.1390212609734524e-55,1.7018235637942312,0.566,0.128,2.1555977363922586e-51,15,MGAT2,285
2.391014371666082e-55,1.7984527773114332,0.509,0.109,4.5249946983780604e-51,15,FAM3C,286
3.424588709650585e-55,1.768103081546649,0.394,0.069,6.481034133013732e-51,15,MRPS31,287
7.185607717033897e-55,1.665039660068852,0.697,0.193,1.359876260448665e-50,15,DNAJC3,288
1.975836777518441e-54,2.157819650104529,0.28,0.039,3.7392711014536497e-50,15,FAM69A,289
3.4946703291184814e-54,1.5505581009294112,0.794,0.251,6.613663597856726e-50,15,UFM1,290
7.205995122835181e-54,1.5945059976213163,0.583,0.138,1.3637345769965579e-49,15,DPM3,291
1.09027986622133e-53,1.5552365748747048,0.486,0.1,2.0633546468238673e-49,15,MRPL40,292
1.2067522999675359e-53,1.6406646683468464,0.566,0.133,2.2837787276885616e-49,15,DNAJC4,293
1.2683941435638154e-53,1.4911281943295145,0.634,0.157,2.4004359166945206e-49,15,NCF1,294
2.1004124615982287e-53,1.2225587162857088,0.943,0.567,3.975030583574648e-49,15,ISG20,295
6.08740257467932e-53,1.6956595051438987,0.48,0.1,1.1520409372580613e-48,15,PREB,296
1.06909815963325e-52,1.7349187781308437,0.497,0.107,2.0232682671059254e-48,15,HSPA13,297
1.1403416884761946e-52,1.8961570968725945,0.44,0.089,2.158096645441198e-48,15,KLF13,298
1.1747053886646772e-52,1.6641730390854883,0.634,0.163,2.2231299480479015e-48,15,AQP3,299
1.3781078091824347e-52,1.9462073625881344,0.337,0.055,2.6080690288777577e-48,15,MRPL23,300
2.844745304503335e-52,1.9989908296268257,0.269,0.037,5.3836804887725615e-48,15,PRADC1,301
3.592092647646941e-52,1.943079480190658,0.366,0.064,6.798035335671836e-48,15,FCHSD2,302
5.793564372873723e-52,1.8916066019205016,0.48,0.106,1.096432057566352e-47,15,MAN2B1,303
6.285509405779639e-52,1.755438618388398,0.36,0.062,1.1895326550437967e-47,15,CNPY2,304
8.83427638098871e-52,1.6034738343336181,0.52,0.116,1.6718868051021135e-47,15,YIF1A,305
9.142805820608777e-52,1.8043076325689853,0.583,0.15,1.730276001550211e-47,15,SLAMF7,306
2.936725667446596e-51,1.611015350852089,0.52,0.117,5.557753325642683e-47,15,ZNF593,307
4.6447068065349574e-51,1.4953931387940727,0.829,0.292,8.790107631367406e-47,15,DDOST,308
6.21918243647672e-51,1.6231417410817526,0.549,0.129,1.1769802761032194e-46,15,USO1,309
1.0840626142591946e-50,1.5334426216028956,0.794,0.271,2.051588497485526e-46,15,LGALS1,310
1.1438870454791411e-50,1.515109916407304,0.674,0.186,2.1648062335692747e-46,15,MRPS24,311
1.4888361881963817e-50,1.8862519428360263,0.366,0.066,2.8176224861616523e-46,15,THEMIS2,312
2.449922682197112e-50,1.8472684215150714,0.823,0.417,4.636478676058034e-46,15,DUSP5,313
9.514601784838554e-50,2.1632949889306845,0.269,0.039,1.8006383877806963e-45,15,MAGEH1,314
1.6762961326044332e-49,1.4969652956656518,0.731,0.222,3.17239043095389e-45,15,CHCHD10,315
2.362088653091739e-49,1.8071685831961743,0.377,0.07,4.470252775976116e-45,15,DNAJC10,316
3.5704685797119864e-49,1.8267061383159804,0.44,0.093,6.757111787104934e-45,15,FNDC3A,317
5.954531627483541e-49,1.6815463353896498,0.434,0.089,1.12689511050126e-44,15,DCPS,318
7.761787782875781e-49,1.862453616868797,0.371,0.069,1.4689183379092415e-44,15,RUBCN,319
1.177560503587054e-48,1.5481290669378907,0.703,0.21,2.2285332530384996e-44,15,VOPP1,320
1.2278072559833135e-48,2.0664765022473004,0.337,0.06,2.3236252319484206e-44,15,GALNT2,321
2.3833404323171726e-48,1.6137060156121805,0.606,0.161,4.510471768160249e-44,15,CCPG1,322
2.5920736934382466e-48,2.135764299551597,0.269,0.04,4.905499464831882e-44,15,KCNK6,323
8.811205350249861e-48,1.6159413196996022,0.474,0.106,1.6675206125347862e-43,15,COPG1,324
9.676723133416582e-48,1.920914676982334,0.297,0.048,1.831319852999088e-43,15,GMPPA,325
9.958230540580969e-48,1.6334952585838372,0.411,0.083,1.8845951298049482e-43,15,TMED3,326
3.7528159929944916e-47,0.8645236783052259,0.977,0.915,7.102204266742075e-43,15,FTL,327
6.92596804804162e-47,1.7227248749416788,0.383,0.075,1.3107394530918767e-42,15,BIK,328
7.618165865556215e-47,1.996435714867377,0.286,0.046,1.4417378900565137e-42,15,ENTPD1,329
8.806650058773006e-47,1.6766136787336787,0.434,0.093,1.6666585236227912e-42,15,SHMT2,330
9.04299510007684e-47,1.7425018276547068,0.411,0.085,1.711386822689542e-42,15,TM9SF1,331
9.70618738193554e-47,1.3861945755866336,0.897,0.424,1.8368959620313007e-42,15,PSAP,332
1.077956276206032e-45,1.3409635402268854,0.686,0.194,2.0400322527199157e-41,15,ATRAID,333
1.3169544670183217e-45,1.2545883319389879,0.943,0.497,2.4923363288321735e-41,15,TMEM59,334
1.689715639081709e-45,1.8534327438949623,0.514,0.13,3.1977868469621345e-41,15,MIR4435-2HG,335
1.7205141984313585e-45,1.6598517964018975,0.451,0.101,3.2560731205313457e-41,15,PRCP,336
1.8492499993853162e-45,2.167336011639449,0.257,0.039,3.499705623836711e-41,15,GSTM2,337
1.9096104632739898e-45,1.9602259691157684,0.274,0.044,3.6139378017460257e-41,15,COMMD3,338
1.9969758409142883e-45,1.6905601380860185,0.52,0.131,3.779276778930291e-41,15,ADI1,339
2.562088699164395e-45,1.8433650650557203,0.291,0.048,4.848752863168617e-41,15,TMEM214,340
3.0386608138899706e-45,1.3027456667015884,0.669,0.186,5.750665590286769e-41,15,ALKBH7,341
3.818908000076812e-45,1.452137351339549,0.72,0.223,7.227283390145366e-41,15,LRPAP1,342
3.953404193365727e-45,1.4684597239655885,0.686,0.209,7.481817435944638e-41,15,PHPT1,343
3.968148411259893e-45,1.300244938857014,0.611,0.158,7.509720868309347e-41,15,TMEM147,344
6.92385205963763e-45,1.7737562898877688,0.497,0.125,1.3103390022864213e-40,15,SELENOM,345
1.8409651233045333e-44,1.6848396134890837,0.337,0.062,3.484026495853829e-40,15,FAM214A,346
1.9981442847244132e-44,0.960726858886177,0.966,0.649,3.781488058840952e-40,15,SERP1,347
2.38528229702416e-44,1.4143444480476055,0.469,0.106,4.514146747118223e-40,15,HINT2,348
3.7163518955899506e-44,2.139298535817507,0.297,0.052,7.033195962403981e-40,15,HIVEP1,349
7.170257250977888e-44,1.6162592829015823,0.377,0.076,1.3569711847475652e-39,15,SPTSSA,350
7.227729749878322e-44,1.301734448611146,0.726,0.215,1.3678478551644725e-39,15,DNAJC15,351
9.9072880951965e-44,1.5586260270303725,0.526,0.134,1.8749542720159375e-39,15,LMO4,352
1.4961671023405228e-43,1.4889943643331605,0.646,0.192,2.8314962411794396e-39,15,SAR1B,353
1.825597243567537e-43,1.2965222823119953,0.863,0.364,3.454942783451564e-39,15,LMAN2,354
2.140099982066342e-43,1.2870483516647357,0.88,0.415,4.050139216060552e-39,15,PRDX1,355
2.7554050177001497e-43,1.5999298657200016,0.406,0.087,5.214603995997533e-39,15,CBWD1,356
3.1341270871127718e-43,1.4736527561437502,0.874,0.396,5.93133551236092e-39,15,NEAT1,357
3.860721337138926e-43,0.6045987592877724,1,0.998,7.306415130535417e-39,15,MALAT1,358
3.896562714751165e-43,2.1011915815880817,0.343,0.069,7.37424493766658e-39,15,RAPGEF1,359
4.045512259078359e-43,0.4686719918392246,1,0.994,7.656131950305795e-39,15,MT-CO2,360
4.225012146710147e-43,1.6401354520460563,0.451,0.105,7.995835487648954e-39,15,TAPBPL,361
5.018077627043267e-43,1.6005411066590198,0.68,0.219,9.496711909179384e-39,15,ERN1,362
9.378173985472342e-43,1.50209195302397,0.469,0.11,1.7748194267506407e-38,15,HYOU1,363
1.1706295248452659e-42,1.6412264501763822,0.451,0.105,2.2154163757696658e-38,15,MBNL2,364
1.2644223928357435e-42,1.459896791482423,0.44,0.099,2.3929193784416444e-38,15,IKBIP,365
1.3210382765086801e-42,1.7000492670014784,0.314,0.057,2.5000649382926773e-38,15,ACAT1,366
4.791121303762772e-42,1.5590668909188623,0.303,0.054,9.067197067371046e-38,15,FMC1,367
1.5724621169777938e-41,1.6184426175320616,0.434,0.101,2.9758845563804746e-37,15,DAP,368
2.2358386071533522e-41,1.5035721270352507,0.474,0.116,4.2313245640377194e-37,15,USP48,369
2.2739380925373365e-41,1.6460756357420518,0.411,0.092,4.303427840126909e-37,15,LAMP2,370
2.318794978846082e-41,1.3272064378479822,0.674,0.203,4.38831949746621e-37,15,MLEC,371
2.3244420142807353e-41,1.7827870106941994,0.291,0.052,4.399006512026291e-37,15,ALG8,372
5.33778218783923e-41,1.4900366267574143,0.714,0.254,1.0101752790485743e-36,15,NUCB2,373
5.451258299860573e-41,1.5953292107035018,0.366,0.075,1.0316506332486135e-36,15,CREB3,374
6.385281440804825e-41,1.6941272254221706,0.514,0.141,1.2084145126723131e-36,15,BCL2L11,375
7.755901836180728e-41,1.1932307929969344,0.903,0.423,1.4678044224972027e-36,15,UQCRQ,376
8.321906906295077e-41,0.9939598806129846,0.977,0.652,1.5749208820163434e-36,15,HSPA5,377
8.681622617111378e-41,1.6508512533600115,0.469,0.117,1.6429970802883282e-36,15,SEC63,378
1.0708450718002177e-40,1.604537544158813,0.36,0.074,2.026574298381912e-36,15,DPM2,379
2.0620160431600258e-40,1.1800528883337433,0.697,0.207,3.9023653616803485e-36,15,TMEM256,380
4.31372185580284e-40,1.469324352359032,0.366,0.076,8.163718612106874e-36,15,MKKS,381
4.747632812799506e-40,1.604332882239151,0.474,0.119,8.984895098223064e-36,15,BACH1,382
6.586800333347276e-40,1.463742673721847,0.623,0.194,1.246551963085972e-35,15,TPST2,383
6.804992490769593e-40,1.3284786106365056,0.726,0.243,1.2878448288781455e-35,15,DERL1,384
8.170065112468338e-40,1.112677732610984,0.943,0.533,1.546184822534633e-35,15,KRTCAP2,385
1.1290287435622531e-39,1.3220301536673809,0.663,0.2,2.136686897191564e-35,15,DERL2,386
1.2057453110727905e-39,1.4131934741925496,0.486,0.122,2.2818730012052562e-35,15,WDR45,387
1.2526514194252975e-39,1.3447236951772206,0.543,0.145,2.3706428112623755e-35,15,RTN3,388
1.74743330250124e-39,1.6487986041901208,0.354,0.074,3.3070175249835965e-35,15,DUSP22,389
2.522097216022466e-39,1.1462061334215603,0.926,0.48,4.773068981322517e-35,15,TENT5C,390
3.68373119576875e-39,2.2016145598159715,0.257,0.044,6.97146128799236e-35,15,SPINT2,391
3.686573223100318e-39,1.3786638699602372,0.589,0.17,6.976839824717352e-35,15,ARMCX3,392
3.728800998328364e-39,1.6493017115199606,0.337,0.068,7.05675588933643e-35,15,SLC1A4,393
3.7319663408034016e-39,1.414872473771718,0.469,0.116,7.062746299970437e-35,15,PSMB5,394
3.78272705852535e-39,1.8551845211735052,0.269,0.047,7.158810958259225e-35,15,GEMIN7,395
7.904417405507238e-39,1.592718687853669,0.28,0.05,1.4959109939922447e-34,15,HSD17B4,396
1.1345466031506725e-38,1.1882286996064289,0.857,0.398,2.147129446462648e-34,15,COX5A,397
1.3855164162876358e-38,1.2760393966270596,0.686,0.217,2.6220898178243507e-34,15,ATF4,398
1.6097785966884656e-38,1.3499412497886918,0.514,0.137,3.046505994232921e-34,15,FAM96A,399
2.0258975602838092e-38,1.1487272636559476,0.874,0.452,3.8340111328371088e-34,15,DAD1,400
2.7202656136923447e-38,1.5970097390840654,0.503,0.14,5.148102673912762e-34,15,PECAM1,401
3.181252624280647e-38,1.533021571553379,0.337,0.069,6.020520591451124e-34,15,SEC24A,402
3.1879571952920384e-38,1.274499420611456,0.789,0.294,6.033208992090183e-34,15,PRDX2,403
3.2972978120160445e-38,1.354615429175817,0.697,0.241,6.240136109240364e-34,15,MRPL52,404
3.390692751907117e-38,1.2629147979767812,0.651,0.198,6.416886032984219e-34,15,COPZ1,405
5.743275454088694e-38,1.2960614528354606,0.834,0.395,1.0869148796862854e-33,15,TXN,406
7.567813918574943e-38,1.411743376319631,0.429,0.101,1.432208784090308e-33,15,SLC25A4,407
1.0600966967969554e-37,1.4284047697252134,0.377,0.083,2.006232998688238e-33,15,MRPS14,408
1.0911115807863655e-37,1.2893477834846905,0.589,0.17,2.0649286666381966e-33,15,YIPF3,409
1.5277861007335888e-37,1.251708966420175,0.594,0.172,2.8913351956383168e-33,15,IER3IP1,410
2.304044856674327e-37,1.2325432498887612,0.371,0.081,4.360404891256164e-33,15,MRPL24,411
2.92002605604011e-37,1.2563614122716458,0.657,0.205,5.526149311055908e-33,15,GORASP2,412
2.9975152820389554e-37,1.2875893573088675,0.686,0.229,5.672797671258723e-33,15,PPA1,413
5.646773826452811e-37,1.1360189795492979,0.886,0.447,1.0686519466561945e-32,15,ARF4,414
6.804599492141669e-37,1.6153201884283073,0.64,0.224,1.287770453887811e-32,15,ANKRD37,415
1.259342731834789e-36,1.3560909362117073,0.406,0.095,2.3833061199973382e-32,15,UBE2H,416
1.6500058437572303e-36,1.974862362927475,0.263,0.048,3.122636059310558e-32,15,ZNF296,417
1.673724081955481e-36,1.229986693627553,0.703,0.235,3.1675228251007474e-32,15,IDH2,418
1.696140243342893e-36,1.8777706863515515,0.28,0.053,3.209945410526425e-32,15,OXR1,419
1.871579304761769e-36,1.4745893456629524,0.423,0.105,3.541963834261648e-32,15,MARS,420
2.6071579270973635e-36,1.4859077539030294,0.434,0.108,4.934046377031761e-32,15,NCOA3,421
3.1346008673583725e-36,1.1374698507213812,0.891,0.434,5.93223214147572e-32,15,COPE,422
3.22502191018374e-36,1.3652777439001533,0.429,0.105,6.103353965022728e-32,15,NMRK1,423
3.2399273326308845e-36,1.497306507990206,0.429,0.107,6.131562477003949e-32,15,FAM136A,424
3.900372267816015e-36,1.2040151870010356,0.863,0.375,7.381454516841809e-32,15,REEP5,425
4.283576233730555e-36,1.6458632244495432,0.354,0.079,8.106668022335074e-32,15,CTBS,426
4.954918253011442e-36,1.3143851491770833,0.554,0.158,9.377182793824155e-32,15,SEC31A,427
5.6650049452695547e-36,1.7667420506201623,0.269,0.05,1.0721021858922632e-31,15,PIGK,428
6.218916972329524e-36,1.2487622065704056,0.514,0.139,1.1769300370133625e-31,15,LGALS3,429
7.422025732887074e-36,1.0758300066674398,0.954,0.494,1.4046183699488787e-31,15,SEC62,430
8.360468664081501e-36,2.3431851695832884,0.257,0.048,1.582218694677424e-31,15,FASTKD1,431
1.43700331529967e-35,1.1747046936761882,0.611,0.185,2.7195287742046257e-31,15,MRPS34,432
1.7778276942494758e-35,1.5631258979377685,0.697,0.306,3.364538911367133e-31,15,CDKN1A,433
2.567842544384445e-35,1.2809499229343113,0.594,0.182,4.859642015247562e-31,15,SRP72,434
3.799112494076397e-35,1.1522278706966438,0.869,0.422,7.189820395039582e-31,15,MTDH,435
4.951391282999472e-35,1.2129312437302182,0.611,0.186,9.370508003076501e-31,15,NENF,436
5.133847090322971e-35,1.24403553715437,0.589,0.175,9.715805618436222e-31,15,MGAT1,437
6.0001172361682e-35,0.7437639132904854,0.96,0.75,1.135522186944832e-30,15,MIF,438
9.936332464734968e-35,2.1306490975609775,0.389,0.103,1.8804509189510927e-30,15,GLA,439
1.2715541805275367e-34,1.4216616199399335,0.377,0.089,2.406416286648363e-30,15,ACADM,440
1.3764895908378486e-34,1.3538154027625053,0.474,0.128,2.6050065506606283e-30,15,HSH2D,441
2.5011207487785515e-34,1.2861017619435642,0.583,0.18,4.733371017063409e-30,15,SEC14L1,442
2.943217276770387e-34,1.2180694828059917,0.6,0.185,5.5700386962879574e-30,15,ZBTB38,443
3.5054180303335867e-34,1.4489579439834421,0.377,0.09,6.634003622406313e-30,15,SLC52A2,444
3.561066261897242e-34,1.6241117510177745,0.4,0.101,6.73931790064053e-30,15,UBALD2,445
3.6566241017667724e-34,1.2336896119120884,0.594,0.184,6.920161112593617e-30,15,ARL5A,446
5.6144864627507e-34,1.2233718260726973,0.549,0.16,1.06254156307557e-29,15,SMARCB1,447
1.1883728022576652e-33,1.313756770587132,0.56,0.169,2.2489955282726313e-29,15,HMCES,448
1.3255774746950674e-33,1.1594435980006053,0.823,0.333,2.508655370860415e-29,15,CANX,449
1.9580658046781338e-33,1.140019231225105,0.726,0.256,3.705639535353368e-29,15,PPP1CC,450
2.027803751713226e-33,1.190314162071932,0.44,0.113,3.8376186001172803e-29,15,MRPS16,451
2.077823017151896e-33,1.5254402590702676,0.326,0.072,3.9322800599599633e-29,15,AGA,452
2.2563205119698658e-33,1.3062119391883524,0.411,0.104,4.270086568902971e-29,15,TRADD,453
2.522032539519778e-33,1.1772746737267714,0.794,0.349,4.7729465810411795e-29,15,ATP5F1A,454
5.932233428154346e-33,1.6122717290595423,0.274,0.055,1.1226751762782099e-28,15,PARVB,455
1.1221173744704165e-32,1.6144768581126263,0.251,0.048,2.1236071311852632e-28,15,GGCX,456
1.262910287386649e-32,1.4471816367772634,0.371,0.091,2.3900577188792335e-28,15,CD320,457
1.2693266260899194e-32,1.6101939485257446,0.423,0.115,2.4022006398751723e-28,15,IRF4,458
1.7681870852798242e-32,1.2628551522001428,0.554,0.168,3.3462940588920673e-28,15,ARFGAP3,459
1.9405636068698506e-32,1.2593634641468587,0.406,0.103,3.672516626001192e-28,15,MCTS1,460
2.6145838137728325e-32,1.2060798661116814,0.651,0.222,4.948099867565086e-28,15,TRABD,461
3.365278117675952e-32,1.1196549643125897,0.743,0.277,6.36878883770174e-28,15,NDUFA11,462
4.992656630659304e-32,1.8098958117848096,0.269,0.055,9.448602673522732e-28,15,GOLGA3,463
5.274715304512792e-32,1.2755360770160151,0.549,0.17,9.982398713790459e-28,15,FDPS,464
5.395076636827166e-32,0.4617730617352618,0.983,0.902,1.0210182535195412e-27,15,SERF2,465
6.161465017512237e-32,1.8803065928508835,0.383,0.103,1.1660572545641909e-27,15,HIST1H1C,466
6.250170594442984e-32,1.2106785008101435,0.429,0.113,1.1828447849983347e-27,15,MTIF3,467
9.578149374361555e-32,1.1754046769908304,0.634,0.213,1.812664769097924e-27,15,OS9,468
1.0643605229338769e-31,1.1680924248531608,0.794,0.328,2.014302289652362e-27,15,ODC1,469
1.2090772744152187e-31,1.533739024545247,0.269,0.054,2.2881787418308015e-27,15,ZNF580,470
1.5552914224647073e-31,0.5912198167714964,0.994,0.894,2.9433890170144587e-27,15,CD74,471
2.3742725030301714e-31,1.2870510464568472,0.583,0.191,4.493310711984599e-27,15,COPB2,472
4.150486073020425e-31,1.0709020731615597,0.606,0.19,7.854794893191154e-27,15,TMEM167A,473
5.602441099705056e-31,1.2844485924457472,0.291,0.062,1.0602619781191818e-26,15,CDKN2A,474
5.723721975704425e-31,1.4358156606201131,0.349,0.084,1.0832143839020624e-26,15,NUS1,475
6.964138113232414e-31,1.584315228435043,0.269,0.056,1.3179631379292343e-26,15,DNASE2,476
7.133425762410899e-31,1.1906476394051566,0.646,0.221,1.3500008255362627e-26,15,SRP54,477
8.716243416987555e-31,1.6846769901762526,0.251,0.05,1.649549066664895e-26,15,UNC93B1,478
1.0772912001094199e-30,1.6594625055744663,0.331,0.08,2.038773596207077e-26,15,PIK3CG,479
1.3093363374928996e-30,1.273241692201479,0.257,0.051,2.4779190187053125e-26,15,ZDHHC4,480
1.564966234520263e-30,0.3690039779348053,0.994,1,2.961698598829598e-26,15,B2M,481
1.5955986257978387e-30,1.134207780365028,0.549,0.17,3.01967039932241e-26,15,PRDX3,482
1.721743286445403e-30,1.4573269567613798,0.269,0.055,3.258399169597925e-26,15,STRBP,483
2.0281111621098876e-30,1.0979777450703276,0.703,0.248,3.8382003742929625e-26,15,ICAM2,484
2.1047091095784948e-30,1.3079888576712149,0.337,0.08,3.9831619898773015e-26,15,ECI1,485
2.1252341953115318e-30,1.2340544590074787,0.423,0.114,4.0220057146270737e-26,15,WASHC3,486
2.438668898260328e-30,1.1103889740756308,0.72,0.268,4.615180889957671e-26,15,HAX1,487
3.6762498346851754e-30,1.4148701863747,0.28,0.06,6.957302812141694e-26,15,LSR,488
4.4179411274331854e-30,1.2455343038879187,0.566,0.185,8.360953583667304e-26,15,PABPC4,489
4.4769075845092996e-30,1.0632805218878614,0.863,0.395,8.47254760368385e-26,15,ATP5PF,490
5.252873022394254e-30,0.8056068584544667,0.954,0.697,9.941062194881125e-26,15,TMBIM6,491
6.038106137309965e-30,1.1962522194159808,0.451,0.129,1.1427115864859108e-25,15,TMEM14C,492
1.1316289634858077e-29,1.1193352884613241,0.6,0.197,2.1416078133968913e-25,15,TMEM243,493
1.1549819547273532e-29,1.268856183886517,0.406,0.109,2.185803349321516e-25,15,MAGT1,494
1.3126760314863855e-29,1.1984774525794766,0.68,0.252,2.4842393895879844e-25,15,DNAJC1,495
1.6887488051825403e-29,1.2126257199407582,0.457,0.132,3.1959571138079578e-25,15,TFG,496
2.328098678365302e-29,1.6654377734207633,0.326,0.081,4.405926748806334e-25,15,FOXO3,497
2.573747192643056e-29,1.3566785611251824,0.32,0.076,4.870816562076983e-25,15,TRPT1,498
2.726165376401015e-29,1.0915151500418747,0.743,0.286,5.159267974838921e-25,15,NDUFB7,499
3.616558522092972e-29,1.1340390020288877,0.486,0.144,6.844337003060949e-25,15,ZBTB8OS,500
4.4050999235111996e-29,1.2339537274102172,0.389,0.103,8.336651605244946e-25,15,ITFG1,501
5.514390427129582e-29,1.2431701542577978,0.44,0.125,1.0435983883342734e-24,15,BET1L,502
5.842664803476235e-29,1.1926493900267627,0.429,0.12,1.1057243140578776e-24,15,MRPL55,503
6.19331193389887e-29,1.4175614282413889,0.303,0.07,1.1720842834903611e-24,15,MCFD2,504
7.189157739356487e-29,1.2775106204199496,0.337,0.082,1.3605481021732152e-24,15,KCNA3,505
1.0203290154747727e-28,1.191707099607667,0.434,0.122,1.9309726617860074e-24,15,TVP23B,506
1.4146071782696502e-28,1.141407958904756,0.457,0.132,2.677144084875313e-24,15,REXO2,507
1.4533279648357812e-28,1.6388094367530581,0.263,0.057,2.750423173451716e-24,15,HIPK2,508
2.1547216800965126e-28,1.3274301492045768,0.354,0.092,4.07781077958265e-24,15,GLCCI1,509
3.147310868519279e-28,1.0614086838810914,0.794,0.329,5.956285818672736e-24,15,ATP6V0B,510
3.168017672004033e-28,1.0050182973119222,0.834,0.348,5.9954734442676326e-24,15,UBXN4,511
3.4493292320359655e-28,1.046476945879986,0.811,0.365,6.527855571628065e-24,15,PRDX5,512
3.7885311864918658e-28,1.184663659256938,0.429,0.123,7.169795270435855e-24,15,UQCC2,513
4.524516273589665e-28,0.3905300366313891,1,0.972,8.56264704776844e-24,15,MT-ND4L,514
4.689402654067867e-28,1.0408207177995235,0.611,0.207,8.874694522823438e-24,15,LSM5,515
6.020279859321528e-28,1.106594652492897,0.411,0.113,1.1393379633765991e-23,15,WBP1,516
7.276171156196308e-28,0.9876011979266779,0.651,0.222,1.377015391310151e-23,15,LIME1,517
1.384111929685546e-27,1.3960715952490674,0.32,0.08,2.619431826929896e-23,15,MSI2,518
1.655409464454706e-27,1.4872573176346688,0.257,0.056,3.1328624114805306e-23,15,TIFA,519
2.9125824435746257e-27,1.147622924080458,0.617,0.225,5.51206227446498e-23,15,TM9SF2,520
3.155234199748178e-27,1.0536864145809115,0.491,0.151,5.971280723023427e-23,15,ASAH1,521
4.2788414539326056e-27,1.0816631631269709,0.777,0.361,8.097707451567457e-23,15,SRPRA,522
5.8110681715399965e-27,1.2405717954122863,0.309,0.075,1.0997446514639444e-22,15,SCYL1,523
8.112944526316431e-27,1.0161316001047056,0.68,0.254,1.5353747516053846e-22,15,NDUFB6,524
1.0570448273035752e-26,1.1717600804954842,0.411,0.119,2.000457335672016e-22,15,STOML2,525
1.2387439437823388e-26,1.4849607217881575,0.634,0.27,2.344322913608076e-22,15,H1FX,526
1.4382559967534207e-26,1.143268251522657,0.52,0.17,2.7218994738558488e-22,15,LAP3,527
2.0341685346484043e-26,1.690099331536629,0.251,0.057,3.849663951822105e-22,15,SYK,528
2.5767218566134525e-26,0.9904794078705434,0.606,0.211,4.876446113640959e-22,15,NDUFB3,529
2.585256892139026e-26,1.1935523168144917,0.423,0.127,4.892598668373106e-22,15,CNDP2,530
2.875060287287771e-26,0.9869590142843848,0.651,0.233,5.441051593692107e-22,15,TMED5,531
3.9721060382927827e-26,1.0639368180350388,0.6,0.213,7.517210677469091e-22,15,ANAPC5,532
4.1374052999047697e-26,1.8092903575115,0.269,0.064,7.830039530069777e-22,15,OSBPL3,533
4.238514113533966e-26,1.041493495888314,0.623,0.225,8.0213879598630305e-22,15,TMED4,534
4.3938022586090627e-26,1.2609835716079747,0.331,0.086,8.315270774417651e-22,15,PDLIM1,535
5.661519843189777e-26,1.144333798114731,0.491,0.157,1.0714426303236654e-21,15,UAP1,536
7.096810798937493e-26,1.0226516358466098,0.674,0.249,1.3430714436989206e-21,15,MRPL51,537
8.021678221109531e-26,1.0970565541906883,0.514,0.171,1.5181026033449788e-21,15,TIMM8B,538
8.67268153080532e-26,0.9259041536674215,0.863,0.485,1.6413049797049068e-21,15,ATP5MC3,539
1.1347488560438557e-25,1.0430095473516185,0.36,0.098,2.147512210062997e-21,15,CCM2,540
1.2318516615172748e-25,1.3086330787111278,0.263,0.06,2.3312792694214426e-21,15,FUOM,541
1.9395083451694044e-25,1.1613638113974571,0.486,0.159,3.6705195432330975e-21,15,SND1,542
2.0995847851269143e-25,1.1758619417637761,0.274,0.064,3.973464205852685e-21,15,C21orf2,543
2.2319634985312634e-25,1.0508289002212972,0.417,0.123,4.223990920970416e-21,15,ERGIC1,544
2.5699515405959717e-25,0.7788617704908036,0.926,0.616,4.8636332905778764e-21,15,COX7A2,545
2.9836336001765554e-25,1.0919035067461174,0.406,0.118,5.646526588334131e-21,15,ALG2,546
3.728632089683619e-25,0.7938397418060119,0.931,0.594,7.056436229726249e-21,15,SSR2,547
4.005918730938361e-25,0.973634671500324,0.543,0.182,7.581201198300847e-21,15,PSENEN,548
4.152907307017566e-25,0.9956078001914888,0.737,0.311,7.859377078530744e-21,15,ANAPC11,549
4.549522522951079e-25,0.963910815782623,0.829,0.385,8.609971374684918e-21,15,NDUFB4,550
4.798182553098525e-25,0.9083642616029808,0.926,0.54,9.080560481738959e-21,15,MT-ND6,551
5.222043578118401e-25,1.1413453950503967,0.571,0.211,9.882717471589075e-21,15,PTPN1,552
7.066161813043548e-25,1.2642653127091408,0.309,0.08,1.3372711231184915e-20,15,IFT20,553
8.995592238839161e-25,1.2654810342897842,0.286,0.071,1.702415831200311e-20,15,UCHL3,554
1.079066054633106e-24,0.979060700899039,0.503,0.163,2.042132508393153e-20,15,CLINT1,555
1.1094024965109065e-24,1.452580821437433,0.297,0.077,2.0995442246468906e-20,15,HIST1H2AC,556
1.2310387146504876e-24,1.2847358790272585,0.32,0.085,2.3297407674760478e-20,15,ORAI2,557
1.4866058134267303e-24,1.098485359882601,0.446,0.14,2.813401501910087e-20,15,SSSCA1,558
1.752533156787979e-24,1.1953968725032706,0.4,0.121,3.31666899922125e-20,15,CCDC32,559
2.0135969778662244e-24,1.071625201921981,0.457,0.145,3.8107322806118297e-20,15,ACO2,560
2.1932577313959555e-24,1.1255895784267143,0.571,0.213,4.1507402566668455e-20,15,ARID5B,561
2.302589868997775e-24,0.9916277910354527,0.657,0.254,4.3576513270782895e-20,15,CFLAR,562
2.4105159900224652e-24,1.2186137739385627,0.36,0.103,4.5619015111175156e-20,15,MRPS33,563
3.484399995535652e-24,1.0428973705720297,0.291,0.073,6.594226991551222e-20,15,UROD,564
3.579869671751356e-24,0.9335200165363517,0.817,0.374,6.774903353789442e-20,15,KRT10,565
3.943367860117329e-24,0.9165590222039088,0.794,0.336,7.462823675272046e-20,15,AURKAIP1,566
4.4537266271163324e-24,1.0743954064852335,0.36,0.102,8.428677641817659e-20,15,RAB24,567
4.472784909363693e-24,1.1316312868888536,0.394,0.117,8.464745440970789e-20,15,PMVK,568
6.432296145728127e-24,0.9776882295180852,0.491,0.162,1.217312045579048e-19,15,MPG,569
7.948163985660944e-24,1.1538189976545294,0.349,0.098,1.5041900342863337e-19,15,UNC50,570
8.278554063949476e-24,0.9555194715600981,0.463,0.147,1.5667163566024383e-19,15,COMMD1,571
9.996433554988763e-24,0.9713711953555695,0.537,0.186,1.8918250502816233e-19,15,PQBP1,572
1.081409803480793e-23,1.307788360174146,0.28,0.071,2.0465680530874007e-19,15,PMM2,573
1.1458617935486423e-23,1.3757573557744374,0.251,0.06,2.1685434442908056e-19,15,SNRNP25,574
1.1755691442760123e-23,0.3185861033242645,1,0.996,2.224764605542353e-19,15,MT-CO1,575
1.1771984487053948e-23,0.9205406688857365,0.874,0.466,2.2278480641749596e-19,15,CYTIP,576
1.1813462306740227e-23,0.9774859614674114,0.84,0.404,2.235697741550588e-19,15,ROMO1,577
1.3369280412679535e-23,0.8931000705456497,0.549,0.19,2.5301363180996017e-19,15,OXA1L,578
1.45919328289718e-23,1.1032357150028709,0.343,0.096,2.7615232878829135e-19,15,YIF1B,579
1.6277320767485052e-23,1.0642288568929983,0.531,0.19,3.080482955246546e-19,15,FDX1,580
1.791544094014759e-23,1.2703743759050605,0.303,0.081,3.3904971979229314e-19,15,IBTK,581
1.861821375486039e-23,1.7241782390690008,0.274,0.072,3.523496953107329e-19,15,ATF5,582
1.887661842981658e-23,0.898848728604173,0.657,0.248,3.572400037842788e-19,15,RER1,583
2.0655082661746166e-23,1.0576319227734787,0.411,0.126,3.9089743937354617e-19,15,HEXB,584
2.2950852788326557e-23,1.2365959736452024,0.389,0.12,4.343448890190801e-19,15,MAN1A2,585
2.3205332281333024e-23,1.1740651981041792,0.366,0.107,4.391609134242274e-19,15,CBWD2,586
2.3932789525929382e-23,1.169474053921792,0.274,0.068,4.529280417782136e-19,15,ZFAND1,587
2.898318560431791e-23,0.9290197930222182,0.463,0.148,5.485067875617164e-19,15,ETFB,588
3.1651299050902124e-23,0.9930889898116654,0.623,0.242,5.990008345383227e-19,15,NDUFC1,589
3.659216532413427e-23,0.8782031536422112,0.874,0.438,6.92506728759241e-19,15,CUTA,590
4.2942896863275326e-23,0.9326192423489913,0.491,0.164,8.126943231374856e-19,15,TIMM17A,591
4.673284410754996e-23,0.9293426235627513,0.36,0.103,8.84419074735383e-19,15,FTSJ1,592
4.778225879489347e-23,1.3922105936201716,0.263,0.065,9.04279247693359e-19,15,YIPF6,593
4.79445405526041e-23,1.140919612732827,0.371,0.111,9.073504299580326e-19,15,C1orf122,594
5.876426012677636e-23,1.0172338251768984,0.554,0.202,1.1121136228992427e-18,15,NDUFC2,595
6.338542411306697e-23,1.0744874783661142,0.343,0.097,1.1995691513397925e-18,15,COMTD1,596
6.632864335392595e-23,1.0008511270162683,0.446,0.143,1.2552695754730486e-18,15,PSMA2,597
7.832445796170232e-23,1.0255651601383606,0.554,0.201,1.4822903669252164e-18,15,STT3B,598
9.021865594571924e-23,0.9014460319905624,0.594,0.215,1.7073880637727366e-18,15,UQCRC1,599
9.235707290518898e-23,1.272381597660375,0.297,0.079,1.7478576047307015e-18,15,NDUFV3,600
9.797695530656929e-23,1.023685753323802,0.457,0.15,1.8542138791768237e-18,15,GARS,601
1.3971172510606452e-22,1.2901511269643158,0.314,0.088,2.644044397632271e-18,15,ACBD3,602
1.5571633898560537e-22,0.9118101704811372,0.497,0.167,2.9469317153025817e-18,15,TIMM17B,603
1.673154134518864e-22,1.0025281743983525,0.297,0.079,3.16644419957695e-18,15,GOLGA2,604
1.695964047606843e-22,0.8985500588864417,0.731,0.303,3.2096119600959504e-18,15,GTF3A,605
1.8961522856511053e-22,0.9713011798180589,0.469,0.155,3.5884682005947165e-18,15,EPRS,606
2.30469374230109e-22,1.0968517426276674,0.251,0.061,4.361632907304812e-18,15,JKAMP,607
2.488647313949113e-22,1.230677596030152,0.309,0.085,4.709765041648696e-18,15,NDUFA7,608
3.3132457181579665e-22,1.0851498072635777,0.857,0.544,6.270317521613952e-18,15,SAT1,609
3.5959811746367492e-22,1.068218184481407,0.314,0.086,6.8053943730000476e-18,15,NCSTN,610
3.9492050640092156e-22,1.0140030563113809,0.383,0.117,7.473870583637441e-18,15,CCDC167,611
4.348224909151059e-22,1.3044845584913594,0.406,0.135,8.22901564056838e-18,15,RBM33,612
6.211636614704082e-22,1.158572669185713,0.291,0.078,1.1755522293327474e-17,15,RNASEH1,613
7.449272803524269e-22,1.065622169726915,0.28,0.073,1.4097748780669678e-17,15,MRPL2,614
8.960053163303309e-22,1.2717482402845606,0.269,0.07,1.695690061155151e-17,15,TMEM107,615
1.1712031194025943e-21,0.7985506578939914,0.891,0.539,2.2165019034694097e-17,15,UQCRH,616
1.2374812770993283e-21,1.04064621787438,0.554,0.205,2.3419333169104788e-17,15,MORF4L2,617
1.3694743954042268e-21,0.8005872824570992,0.891,0.534,2.591730293302499e-17,15,NDUFB11,618
1.8665784856303635e-21,0.8869486796908483,0.811,0.38,3.532499784055463e-17,15,PRELID1,619
1.9952206556549384e-21,0.8452920087488669,0.754,0.316,3.775955090826971e-17,15,HMGN3,620
2.9864914054002647e-21,0.9294795456053759,0.326,0.093,5.651934984720001e-17,15,CDK4,621
3.408409353056349e-21,1.0181846566238262,0.411,0.133,6.450414700659141e-17,15,GOLT1B,622
3.461881197467712e-21,0.8842076668158427,0.783,0.361,6.551610166207645e-17,15,TECR,623
3.8788226345289564e-21,0.6005488476073286,0.931,0.713,7.34067183584605e-17,15,OST4,624
5.104503114108364e-21,1.0989245804386074,0.274,0.073,9.660272143450078e-17,15,ATPAF1,625
5.557497111515175e-21,0.9199194304562621,0.771,0.365,1.0517563283542468e-16,15,CD63,626
5.769285142715039e-21,1.056091567766012,0.309,0.087,1.0918372132588212e-16,15,FASTK,627
9.52292082771052e-21,0.8663823095302939,0.423,0.139,1.8022127666442158e-16,15,TMEM134,628
9.912999222429526e-21,0.9998053035085872,0.343,0.103,1.8760351028447876e-16,15,C15orf61,629
1.1127132601719567e-20,0.8958665731624409,0.549,0.205,2.105809844875428e-16,15,ERP44,630
1.395547769400215e-20,0.8319862110168611,0.491,0.172,2.6410741535899067e-16,15,PRKCSH,631
1.6567094733745523e-20,0.921173514179852,0.509,0.185,3.13532267836134e-16,15,LMBRD1,632
1.8511305586330178e-20,0.8885213906686473,0.714,0.304,3.5032645822129863e-16,15,SYNGR2,633
1.8841158637806213e-20,0.9362332568230405,0.429,0.144,3.5656892722048256e-16,15,EI24,634
2.5577534724658374e-20,0.9821453771765466,0.451,0.157,4.840548446641597e-16,15,CCDC88C,635
2.6838474741443287e-20,0.8668553685181337,0.691,0.289,5.079181344818142e-16,15,SDF4,636
3.10929416528707e-20,1.047866712376343,0.371,0.119,5.884339207805779e-16,15,AP3D1,637
3.613032786549167e-20,0.892385365527767,0.44,0.15,6.837664548544298e-16,15,SURF1,638
3.693401981031617e-20,0.9691794932973239,0.286,0.079,6.989763249102336e-16,15,POP7,639
4.912947639946724e-20,1.1094339980512997,0.497,0.189,9.297753408599175e-16,15,CASP3,640
7.745666120490851e-20,0.8750268188521708,0.509,0.186,1.4658673133028937e-15,15,NAXE,641
8.68591878192233e-20,0.8233665718615,0.429,0.144,1.643810129478801e-15,15,FAM173A,642
8.979127888799164e-20,0.8295490140038126,0.714,0.301,1.6992999529552418e-15,15,ANXA5,643
9.762971607588544e-20,0.8228451860763641,0.783,0.376,1.847642376736132e-15,15,SMDT1,644
9.811745756619852e-20,0.9081222062645367,0.474,0.17,1.8568728844403067e-15,15,CDK5RAP3,645
1.1888671628438207e-19,1.0234707526949876,0.434,0.152,2.249931105681931e-15,15,UBE2G1,646
1.2274263782344392e-19,0.8312634446487925,0.697,0.296,2.3229044208086762e-15,15,FIS1,647
1.2545519218063468e-19,0.7928014340520612,0.451,0.155,2.3742395120185114e-15,15,MRPS15,648
1.3032803336693737e-19,0.865151954855204,0.349,0.107,2.46645803146929e-15,15,FKBP3,649
1.4196605443889393e-19,0.9158468568630566,0.48,0.174,2.6867075802560677e-15,15,MFF,650
1.4784036093699566e-19,0.8774444601607776,0.674,0.287,2.797878830732643e-15,15,GRB2,651
1.536589051474079e-19,0.7272899676343714,0.514,0.188,2.9079947799146946e-15,15,NEU1,652
1.5796925184724397e-19,0.9823793188749823,0.383,0.126,2.989568091209092e-15,15,ST8SIA4,653
1.8189421884087782e-19,0.8822990278054545,0.411,0.138,3.4423480915636126e-15,15,MRPL22,654
1.8631116422254752e-19,1.0471201555924823,0.28,0.079,3.5259387829117117e-15,15,POU2F2,655
1.9332135858402431e-19,0.8889156335533073,0.571,0.228,3.65860671120266e-15,15,MESD,656
2.131583164226336e-19,0.8112465340937975,0.743,0.324,4.034021138298341e-15,15,AUP1,657
2.361886387700509e-19,0.9219851782736459,0.326,0.099,4.469869988723213e-15,15,ATP5PO,658
2.713088682919976e-19,1.006735359602843,0.789,0.414,5.1345203324260545e-15,15,TPM4,659
3.2239815852281443e-19,0.7385946156873744,0.891,0.731,6.1013851500442634e-15,15,VIM,660
4.436480719210454e-19,1.0803349897519154,0.269,0.075,8.396039761105785e-15,15,MAP3K13,661
5.063384669620791e-19,0.8880641014325442,0.377,0.123,9.582455487257347e-15,15,NGLY1,662
5.42163412739252e-19,0.8048644393334006,0.503,0.183,1.0260442586090345e-14,15,RAB1A,663
5.68413775065627e-19,1.1365212847064983,0.28,0.081,1.075723069311699e-14,15,PTGES2,664
5.804357325256187e-19,1.157292884280037,0.257,0.071,1.0984746238047334e-14,15,SCO2,665
7.208126148110352e-19,0.7918370394435359,0.88,0.438,1.3641378735298842e-14,15,SRSF9,666
8.187255587070881e-19,0.8443526205293216,0.429,0.15,1.5494381198531642e-14,15,LYPLA1,667
1.1087617269184453e-18,0.8478093930769011,0.697,0.3,2.0983315681931578e-14,15,YWHAE,668
1.2071232410029735e-18,1.424107534916907,0.291,0.089,2.2844807335981274e-14,15,MDM2,669
1.3203192400726969e-18,1.228842279159441,0.269,0.077,2.4987041618375788e-14,15,HIST2H2AA4,670
1.336143733659852e-18,0.8292667013197774,0.349,0.111,2.52865201595127e-14,15,PNKD,671
1.420257266678607e-18,0.7319585719027764,0.617,0.241,2.6878368771892638e-14,15,TMEM219,672
1.5001347638044815e-18,1.2336286666772533,0.337,0.11,2.8390050404999813e-14,15,GADD45A,673
2.3130365001024297e-18,0.7701420234567413,0.463,0.166,4.377421576443848e-14,15,CCDC69,674
2.7359515020005005e-18,0.8874889800757317,0.754,0.366,5.177788217535947e-14,15,ISCU,675
2.8801796508498683e-18,0.9818868042694111,0.56,0.235,5.450739989233376e-14,15,SIAH2,676
4.439367310694085e-18,0.9705600003579251,0.343,0.111,8.401502635488557e-14,15,SEC22B,677
4.443721376617858e-18,0.8076555406845348,0.457,0.165,8.409742705249297e-14,15,MPC1,678
4.4735576602483975e-18,0.9015782198603248,0.343,0.111,8.466207872020092e-14,15,UFL1,679
4.6674063569448375e-18,0.7831774010105728,0.4,0.136,8.833066530518105e-14,15,NDUFB8,680
5.114166162108883e-18,0.9982796939578024,0.269,0.077,9.67855946179106e-14,15,BAD,681
5.70093266488737e-18,0.9169486166974061,0.514,0.204,1.0789015068299348e-13,15,TTC3,682
5.7192538305566105e-18,0.8016595614596808,0.64,0.266,1.0823687874328385e-13,15,EMC7,683
6.93828920396436e-18,1.1533706823933385,0.291,0.089,1.313071231850255e-13,15,SCFD1,684
7.713119763752671e-18,0.7631518623095124,0.474,0.175,1.459707915290193e-13,15,TRAPPC5,685
1.0289815526042514e-17,0.7768962128879036,0.651,0.275,1.9473475883035457e-13,15,NDUFS8,686
1.0993434526908977e-17,0.7414009051553638,0.691,0.292,2.080507484217524e-13,15,NDUFAF3,687
1.1731549089113435e-17,0.7931871401357709,0.749,0.34,2.2201956651147175e-13,15,TXNL4A,688
1.2954712707616025e-17,0.8350584928631627,0.406,0.141,2.451679379916333e-13,15,CLPTM1,689
1.5662638458617512e-17,1.0649180782814867,0.269,0.079,2.964154328293364e-13,15,CRLS1,690
1.763997873171254e-17,0.8393144268498867,0.434,0.157,3.3383659749765983e-13,15,SAT2,691
1.9723016000173346e-17,0.8808619306719607,0.28,0.084,3.732580778032806e-13,15,POLDIP2,692
2.0171347993806817e-17,0.7704254464671467,0.88,0.577,3.8174276078279403e-13,15,GSTP1,693
2.2309474159521132e-17,0.8869655235365419,0.297,0.092,4.222067984689374e-13,15,MYCBP,694
2.369564672419479e-17,0.8333510592229524,0.423,0.152,4.484401142553864e-13,15,GLRX5,695
3.694675392868399e-17,0.9058484528753461,0.274,0.082,6.992173181003445e-13,15,DMAC1,696
4.5554208506200536e-17,0.9495331133872897,0.354,0.121,8.621133959798452e-13,15,TMEM263,697
5.730361667112728e-17,0.7565968578131554,0.566,0.228,1.0844709455010839e-12,15,NAA38,698
5.783532371340783e-17,0.8164759734764175,0.349,0.116,1.0945335012762433e-12,15,MRPL36,699
6.027081105415084e-17,0.9593938354606415,0.851,0.607,1.1406250991998047e-12,15,SQSTM1,700
1.2655070498200342e-16,0.7426198603228907,0.549,0.222,2.394972091784415e-12,15,DSTN,701
1.575961786525912e-16,0.822850434536634,0.429,0.158,2.9825076810002884e-12,15,TAF9,702
1.6041353187015394e-16,0.6550927157604227,0.429,0.154,3.0358260906426633e-12,15,CLPP,703
1.6337399075373268e-16,0.6984982068912134,0.423,0.152,3.0918527750143912e-12,15,TIMM13,704
1.7643364536808706e-16,1.156987276343803,0.703,0.423,3.3390067385910477e-12,15,JUN,705
1.8918125318897196e-16,1.0090804601916126,0.537,0.243,3.5802552166012944e-12,15,NR4A1,706
2.647603576828223e-16,0.7543319834132397,0.291,0.091,5.0105897691474114e-12,15,ZNF511,707
2.9916287426161795e-16,0.738237923937404,0.417,0.153,5.66165739540112e-12,15,HSD17B10,708
3.277365564273637e-16,0.8422195368607825,0.28,0.087,6.2024143303878576e-12,15,COA1,709
3.3544163493563697e-16,0.7833146237864361,0.309,0.1,6.34823294115693e-12,15,UFSP2,710
3.3973953031827176e-16,0.7952754439037599,0.549,0.226,6.429570611273293e-12,15,ADIPOR1,711
3.641013506828656e-16,0.6392377568554679,0.577,0.231,6.8906180616732314e-12,15,ZNHIT1,712
3.7291250459837683e-16,0.7312790579176734,0.503,0.196,7.057369149524282e-12,15,CYC1,713
3.906188356742015e-16,0.7988641921075739,0.52,0.21,7.392461465134264e-12,15,CHMP4B,714
4.0190484494984264e-16,1.140480769855368,0.274,0.086,7.606049190675772e-12,15,MBTPS1,715
4.0576762522688416e-16,0.7699974279122099,0.617,0.268,7.679152307418782e-12,15,RNF181,716
4.3538684962439807e-16,0.7136265242707757,0.411,0.15,8.239696129141734e-12,15,IMP4,717
4.83340967856586e-16,1.0059255064136676,0.257,0.077,9.14722781668589e-12,15,CARS,718
5.013155136723973e-16,0.7511999327988326,0.349,0.119,9.487396096250119e-12,15,MRPL38,719
5.113940885575885e-16,0.760699850543876,0.349,0.12,9.678133125952363e-12,15,COA3,720
5.264730769412616e-16,0.8518608903267426,0.383,0.138,9.963502981113376e-12,15,ATG5,721
5.328982254628853e-16,0.7733250869237532,0.491,0.195,1.0085098916885104e-11,15,BUD23,722
5.535734731305904e-16,0.7438817269756215,0.623,0.271,1.0476377978996422e-11,15,C8orf59,723
6.533467531324866e-16,0.7007751644971767,0.377,0.133,1.236458730303231e-11,15,LSM10,724
7.62408779085316e-16,0.5510962604179301,0.977,0.933,1.4428586144189606e-11,15,UBC,725
9.281118426475212e-16,0.7870961818799416,0.286,0.09,1.756451662210434e-11,15,PTPMT1,726
9.749369846120052e-16,0.8063412299618208,0.406,0.151,1.84506824337822e-11,15,GPAA1,727
1.0134238113975047e-15,0.5813240767635802,0.326,0.108,1.9179045630697775e-11,15,DESI1,728
1.0373438284647247e-15,0.8637683297526046,0.297,0.097,1.9631731953694916e-11,15,HSD17B12,729
1.0905044329315346e-15,0.7435525835106905,0.394,0.142,2.063779639322929e-11,15,NDUFA9,730
1.095883171157562e-15,0.9876331717605397,0.274,0.087,2.0739589014156863e-11,15,MOGS,731
1.1305247075386542e-15,0.8842396228723575,0.286,0.092,2.139518009016903e-11,15,DNAAF2,732
1.4423016530203077e-15,0.8022900956179787,0.28,0.089,2.7295558783409323e-11,15,REEP3,733
1.4832066163282303e-15,0.7543163202072805,0.303,0.099,2.8069685214011757e-11,15,BABAM1,734
1.6079575856331292e-15,0.745447670551656,0.503,0.204,3.043059730810697e-11,15,TMEM165,735
1.8138995867206408e-15,0.6952734205053702,0.309,0.101,3.4328049678688126e-11,15,EBPL,736
2.1431340375699004e-15,0.6946320613258962,0.377,0.136,4.0558811661010366e-11,15,CAMTA1,737
2.189652397714006e-15,0.7359425161391757,0.651,0.298,4.143917162673757e-11,15,PLP2,738
2.6319107839916564e-15,0.7101557069010387,0.326,0.11,4.98089115870421e-11,15,HAGH,739
2.636890693563409e-15,0.6005048313579763,0.297,0.096,4.990315637568752e-11,15,TPRKB,740
2.7546588805328778e-15,0.7578396354580487,0.537,0.224,5.213191931408471e-11,15,PRMT1,741
2.834640850878858e-15,0.26253923397070267,0.994,0.984,5.364557810288239e-11,15,TPT1,742
3.3872737510782936e-15,0.6613595084192593,0.377,0.136,6.410415573915671e-11,15,MRPL34,743
3.917241261776714e-15,1.079051942348446,0.286,0.096,7.413379087912431e-11,15,HERC2,744
4.639887271089521e-15,0.7859303338168244,0.263,0.083,8.780986660536919e-11,15,PIGP,745
4.923990604840701e-15,0.8538330758360528,0.371,0.136,9.318652219661027e-11,15,UPF2,746
4.93552176155717e-15,0.712833919552426,0.434,0.165,9.340474933746945e-11,15,GNPTG,747
5.806031476709873e-15,0.6413435058442631,0.32,0.109,1.0987914569673435e-10,15,MRPL16,748
7.646536293966001e-15,0.6785465028967528,0.743,0.354,1.4471069936330657e-10,15,NDUFV2,749
8.038118014329918e-15,0.9667018425088658,0.314,0.11,1.521213834211937e-10,15,MTG1,750
1.0428670428716223e-14,0.9494642084452409,0.377,0.143,1.973625878634545e-10,15,HMGA1,751
1.0485719214486322e-14,0.7474271488308256,0.377,0.14,1.9844223613415364e-10,15,TRAPPC3,752
1.0917352401558381e-14,0.7345723295464036,0.503,0.208,2.0661089419949237e-10,15,PARP1,753
1.10095922709489e-14,0.7396795549656375,0.349,0.125,2.0835653372770793e-10,15,PNKP,754
1.1286317093331422e-14,0.6036845163189988,0.331,0.115,2.1359355099129715e-10,15,CUEDC2,755
1.1811896374508274e-14,0.788087288296238,0.446,0.179,2.235401388875691e-10,15,CDV3,756
1.204097691794115e-14,0.7271092819472418,0.331,0.117,2.2787548817203625e-10,15,CENPX,757
1.3557444329761157e-14,0.8393238116668899,0.44,0.177,2.565746339407299e-10,15,FYTTD1,758
1.4945464512211385e-14,0.9346806454485779,0.303,0.104,2.8284291589360046e-10,15,SLC30A5,759
1.9201194501853182e-14,0.7279218166203896,0.634,0.295,3.6338260594757144e-10,15,NDUFS6,760
2.0096128365785794e-14,0.8576601876734542,0.28,0.094,3.8031922932249614e-10,15,COQ4,761
2.0656091488861256e-14,0.7785881322828998,0.251,0.079,3.909165314266993e-10,15,MTX1,762
2.238900813263897e-14,0.6330642173046763,0.589,0.251,4.237119789101925e-10,15,TMEM179B,763
2.5052767529927037e-14,0.7170205446445355,0.8,0.414,4.741236255038691e-10,15,PSMB6,764
3.13439687954908e-14,0.6857614448988546,0.389,0.146,5.931846094546635e-10,15,TMEM70,765
3.189594271276487e-14,0.6010187265124296,0.92,0.634,6.036307158390752e-10,15,MCL1,766
3.243748147202853e-14,0.7847890030890106,0.297,0.102,6.1387933685814e-10,15,NDUFA8,767
3.3324276037608095e-14,0.5374000334019762,0.943,0.685,6.306619240117332e-10,15,CALR,768
4.697617643982402e-14,0.6936009649556989,0.629,0.287,8.890241391236696e-10,15,SRP19,769
4.7052693489604647e-14,0.8070557048766513,0.4,0.159,8.904722242907679e-10,15,SVIP,770
4.7271304668271956e-14,0.8095842735346859,0.331,0.12,8.946094408470468e-10,15,TIMM10,771
5.0985844389130963e-14,0.6433014525666318,0.537,0.226,9.649071050643035e-10,15,TXNDC17,772
5.5085071907566277e-14,0.5835382481905214,0.914,0.689,1.0424849858506919e-9,15,SELENOK,773
5.80345223925776e-14,0.6861171790306886,0.566,0.245,1.098303336279531e-9,15,ACP1,774
6.30761907341718e-14,0.5887551834538843,0.371,0.138,1.1937169096442015e-9,15,ITGAE,775
6.574578011443286e-14,0.6942940617979405,0.383,0.146,1.244238888665642e-9,15,SMIM7,776
7.144480546152203e-14,0.618659197323568,0.646,0.286,1.3520929433593044e-9,15,NOL7,777
8.104315194648503e-14,0.6345763744586711,0.434,0.171,1.5337416505872292e-9,15,NDUFS3,778
1.0571570331691704e-13,0.6400374860158013,0.589,0.263,2.000669685272655e-9,15,NDUFV1,779
1.1209167332119623e-13,0.789764123939227,0.263,0.087,2.1213349176036385e-9,15,GINM1,780
1.1565670030297186e-13,0.6089736906649252,0.543,0.23,2.1888030532337425e-9,15,IFI27L2,781
1.1820265042072376e-13,0.29238898148704084,1,0.97,2.236985159212197e-9,15,MT-ND3,782
1.3163444181830598e-13,0.6055356070079734,0.429,0.169,2.4911818114114407e-9,15,SLC25A39,783
1.4342047769983849e-13,0.6811723003601368,0.469,0.194,2.7142325404694434e-9,15,NDUFAF8,784
1.970094831325261e-13,0.6820899568190286,0.371,0.142,3.728404468283057e-9,15,GLO1,785
2.0071567378163776e-13,0.7319055405117777,0.291,0.101,3.798544126317495e-9,15,PFDN6,786
2.134167928469077e-13,0.8132515867893262,0.274,0.094,4.038912804627728e-9,15,TRIP11,787
2.2533552874294206e-13,0.8434529909400453,0.326,0.12,4.264474881460179e-9,15,KLHDC2,788
2.4771094177652053e-13,0.6177454289381156,0.354,0.133,4.687929573120651e-9,15,RABGGTB,789
2.579758684365293e-13,0.5890767875041838,0.32,0.115,4.882193310161317e-9,15,UBL7,790
2.649493356214135e-13,0.9145957048500608,0.823,0.544,5.014166176635251e-9,15,BTG2,791
3.176875118491245e-13,0.7076113162970893,0.531,0.232,6.012236161744681e-9,15,PTPN2,792
3.263192939214549e-13,0.7098152471810145,0.349,0.132,6.175592637463534e-9,15,MRPL3,793
3.2771863587985884e-13,0.5890697687331756,0.514,0.219,6.202075184026328e-9,15,TMBIM4,794
3.281814365284451e-13,0.5942205871250433,0.377,0.144,6.210833686300824e-9,15,SCAMP3,795
3.373953197533177e-13,0.5736896279382755,0.509,0.214,6.385206426331537e-9,15,PDCD5,796
3.6404796414060307e-13,0.520047114602069,0.286,0.098,6.8896077213609135e-9,15,GANAB,797
3.7435189332831126e-13,0.4840595809117043,0.943,0.702,7.08460958123829e-9,15,COX6A1,798
4.0094150440697613e-13,0.6627279874617953,0.297,0.105,7.587817970902022e-9,15,MRPS18B,799
4.385157758786177e-13,0.7030313863015808,0.257,0.086,8.29891105850284e-9,15,ANAPC13,800
4.594021913340368e-13,0.7255267690733747,0.669,0.329,8.694186470996645e-9,15,SLC3A2,801
4.669509447055121e-13,0.6309657602963767,0.343,0.128,8.837046628551818e-9,15,ECHS1,802
4.791366859812741e-13,0.7153436466644925,0.423,0.173,9.067661782195613e-9,15,CYBC1,803
5.344424979482226e-13,0.6882197436173254,0.783,0.42,1.0114324273670113e-8,15,JTB,804
5.427898026521943e-13,0.6079386416940524,0.88,0.562,1.0272297015192778e-8,15,NDUFA1,805
5.480501573698639e-13,0.6110719673524676,0.457,0.188,1.0371849228224673e-8,15,EIF2A,806
6.810102176093856e-13,0.619627457918771,0.669,0.32,1.2888118368257621e-8,15,NDUFB1,807
6.943362525619238e-13,0.7972993052126814,0.269,0.093,1.3140313579734407e-8,15,IMPDH1,808
7.558270842904054e-13,0.3620744211288818,0.989,0.915,1.4304027570195922e-8,15,MT-ND5,809
9.622087906356243e-13,0.6144148165202632,0.834,0.445,1.820980136277919e-8,15,GNG5,810
1.1343118671794008e-12,0.6959340115792745,0.309,0.113,2.1466852086370162e-8,15,TMEM39A,811
1.1878571709375901e-12,0.7737998991567973,0.451,0.196,2.2480196959993893e-8,15,HSBP1,812
1.3550634006904157e-12,0.8144808544608728,0.309,0.116,2.564457485806612e-8,15,FAM89B,813
1.5890111295525797e-12,0.5483122518389769,0.931,0.606,3.007203562678257e-8,15,GABARAP,814
1.5990316156023476e-12,0.723178181031084,0.303,0.111,3.026167332527443e-8,15,NAGK,815
1.7013154711601946e-12,0.5653589026079064,0.566,0.25,3.219739529170668e-8,15,SLIRP,816
1.7044830311058284e-12,0.7864128044730455,0.297,0.109,3.22573413636778e-8,15,DENND1B,817
1.735552682641876e-12,0.8068441503279987,0.269,0.095,3.28453345189975e-8,15,LAX1,818
1.9046442259564953e-12,0.6302857292493242,0.577,0.268,3.604539197622667e-8,15,RBBP4,819
1.9399656219995503e-12,0.803461055930377,0.274,0.098,3.671384939634149e-8,15,MFSD11,820
1.9770992627075615e-12,0.589935344363369,0.577,0.259,3.74166035467406e-8,15,TALDO1,821
2.049908114225875e-12,0.5807059834119572,0.629,0.295,3.8794511061724684e-8,15,TMEM230,822
2.161733651610497e-12,0.7476028716051493,0.417,0.175,4.091080935672865e-8,15,NRDC,823
2.1850809210382604e-12,0.6437696914726259,0.6,0.283,4.1352656430649076e-8,15,EIF2S2,824
2.1954577000130046e-12,0.5646133255758137,0.509,0.217,4.154903697274611e-8,15,SAR1A,825
2.334843734269178e-12,0.5923488048727409,0.383,0.152,4.418691767104419e-8,15,HEBP2,826
2.4196618803286782e-12,0.8414776176475796,0.274,0.099,4.5792101085220236e-8,15,CSRP1,827
2.5216476442005407e-12,0.6017546934343371,0.446,0.186,4.772218166649523e-8,15,EIF4E,828
2.6708382648883687e-12,0.6542701039227597,0.417,0.173,5.0545614163012375e-8,15,NDUFB5,829
2.979894743985151e-12,0.6235804159115115,0.646,0.312,5.639450802991898e-8,15,SF3B5,830
3.089402385482887e-12,0.5815582512747539,0.509,0.223,5.846694014526363e-8,15,NAA10,831
3.17081678915255e-12,0.513763031239721,0.537,0.232,6.000770773471201e-8,15,COX16,832
3.562322809767644e-12,0.5946051475782754,0.674,0.332,6.741695917485266e-8,15,TCEA1,833
4.011814599527489e-12,0.6498371530328406,0.303,0.113,7.592359129605773e-8,15,NUDCD2,834
4.068118972455714e-12,0.6307954862693688,0.737,0.388,7.698915155372438e-8,15,PEBP1,835
4.149687179359973e-12,0.550487236643262,0.514,0.224,7.853282986938749e-8,15,RNASEH2C,836
4.62806419210976e-12,0.7230833369300274,0.297,0.111,8.75861148356772e-8,15,MSL3,837
4.681272114530001e-12,0.7562032754995935,0.394,0.165,8.859307476748027e-8,15,GNL3,838
5.409233675335629e-12,0.7346888708859991,0.36,0.146,1.0236974730572677e-7,15,ATP2A3,839
6.08359808955529e-12,0.6440104308174297,0.286,0.105,1.1513209384483386e-7,15,ZCRB1,840
6.648599491354137e-12,0.6011140232152051,0.343,0.134,1.2582474537387704e-7,15,TMEM30A,841
7.0164298256769966e-12,0.6457370849857634,0.326,0.126,1.3278593445093716e-7,15,MRPL32,842
7.95987778571136e-12,0.6224691014290253,0.783,0.428,1.506406870945875e-7,15,NDUFA13,843
8.391710875907006e-12,0.2669903349395941,1,0.974,1.588131283265401e-7,15,MT-CYB,844
9.571642959837073e-12,0.5899977490167053,0.291,0.107,1.8114334301491662e-7,15,MED8,845
1.0224079658031067e-11,0.5887861156543234,0.537,0.243,1.9349070752823793e-7,15,SFT2D1,846
1.2972571616685722e-11,0.6399394006837351,0.28,0.103,2.455059178457773e-7,15,VMA21,847
1.6561873049891474e-11,0.45528765300246754,0.291,0.108,3.1343344746919614e-07,15,NUBP2,848
1.8557388581204944e-11,0.5487765545484329,0.657,0.314,3.5119857889930356e-7,15,MDH2,849
2.2707559988434256e-11,0.8216265249318319,0.251,0.091,4.297405727811183e-7,15,CALCOCO1,850
2.4566566613343552e-11,0.625199782065607,0.417,0.179,4.6492227315752674e-7,15,ETFA,851
2.56808545243191e-11,0.5215400213436061,0.394,0.163,4.86010171872739e-7,15,TXNDC12,852
2.7080455231986505e-11,0.5300062571790374,0.903,0.604,5.124976152653446e-7,15,NDUFA4,853
2.845601162198318e-11,0.8294654720798567,0.394,0.175,5.385300199460317e-7,15,PIM1,854
2.9517256654699765e-11,0.6152193117435063,0.354,0.144,5.586140821901931e-7,15,PCMTD1,855
3.0432369638436275e-11,0.5513449847132972,0.411,0.174,5.759325954074065e-7,15,PCGF5,856
3.1016960708639636e-11,0.6924836367748777,0.349,0.142,5.869959814110051e-7,15,SLC1A5,857
3.309363353808142e-11,0.5222735224913047,0.903,0.601,6.262970147081908e-7,15,COX6B1,858
3.448596857478548e-11,0.39846161053265583,0.457,0.194,6.526469552778152e-7,15,MRPL43,859
3.489559700660125e-11,0.5719225982607249,0.274,0.101,6.603991733499287e-7,15,FARSA,860
3.8448276283144215e-11,0.5653397308769854,0.617,0.289,7.276336286585043e-7,15,EMC4,861
3.9409370868768696e-11,0.5664948246190151,0.571,0.269,7.458223436914476e-7,15,GADD45GIP1,862
4.800973878131429e-11,0.6472616374380534,0.286,0.11,9.08584306436373e-7,15,SMIM15,863
5.321520192165751e-11,0.6746715784128678,0.674,0.368,1.0070976963673683e-6,15,PPP1R15A,864
5.4289317532435876e-11,0.4991406002079685,0.314,0.122,1.027425334301349e-6,15,SRPK1,865
5.4448038762912435e-11,0.535898095063639,0.32,0.125,1.0304291335881179e-6,15,MRPL27,866
5.468462505107116e-11,0.9428497304744373,0.309,0.128,1.0349065290915216e-6,15,AC243960.1,867
6.35668105631912e-11,0.5689349253460715,0.537,0.251,1.2030018899083934e-6,15,EIF5B,868
6.959525747491118e-11,0.5946110429485139,0.286,0.109,1.317090247712694e-6,15,B3GAT3,869
7.609212819515564e-11,0.6128152880698676,0.64,0.318,1.4400435260933205e-6,15,ANXA2,870
7.957300907950074e-11,0.49929710721711557,0.44,0.191,1.5059191968295515e-6,15,ATP6AP1,871
7.999458636414331e-11,0.5731819259520099,0.366,0.152,1.5138975469414121e-6,15,DCTN2,872
8.352455702971579e-11,0.43657798269188813,0.377,0.155,1.5807022417873713e-6,15,PPP3CC,873
9.669701274483409e-11,0.34082198852979806,0.989,0.934,1.8299909661959851e-6,15,MT-ATP6,874
9.922103453454453e-11,0.5667912859322248,0.566,0.27,1.8777580785662553e-6,15,PSMD7,875
1.034766622348112e-10,0.5802912734131498,0.766,0.449,1.958295832793802e-6,15,ATP5ME,876
1.0443964075991608e-10,0.5873125054513737,0.611,0.305,1.9765202013814117e-6,15,DPP7,877
1.046419786943339e-10,0.5894994873048319,0.28,0.106,1.980349446790269e-6,15,OSBPL9,878
1.0516067919943366e-10,0.6438242724203358,0.274,0.105,1.990165853849282e-6,15,MAN2A1,879
1.2525572822230655e-10,0.6130880481058019,0.263,0.098,2.3704646566071516e-6,15,LSM12,880
1.3164308976124074e-10,0.5377524013650841,0.297,0.116,2.491345473731481e-6,15,UCHL5,881
1.331803120795299e-10,0.4581280059425703,0.337,0.136,2.5204374061051032e-6,15,DDRGK1,882
1.3975239957044257e-10,0.5390470663998074,0.36,0.151,2.644814161870626e-6,15,LAMTOR2,883
1.7049425586407626e-10,0.5246676627889009,0.691,0.347,3.226603792227643e-6,15,NOP10,884
1.7673605616031332e-10,0.4997094266350014,0.457,0.205,3.3447298628339294e-6,15,C19orf24,885
1.8022447700591345e-10,0.4267925779032252,0.491,0.216,3.410748227336912e-6,15,TMEM160,886
2.009764517889309e-10,0.5771858676341722,0.331,0.137,3.803479350105517e-6,15,SPG21,887
2.053060715438146e-10,0.5866471312862374,0.291,0.114,3.885417403966691e-6,15,CCDC90B,888
2.091063015808878e-10,0.5529386351027297,0.766,0.412,3.957336757418302e-6,15,ATP5MPL,889
2.1051697158246352e-10,0.5075135308657763,0.663,0.328,3.984033687198122e-6,15,NDUFB10,890
2.1085169672025175e-10,0.6288998846721401,0.257,0.097,3.990368360430764e-6,15,MRPL37,891
2.118452364269237e-10,0.5220503266494823,0.377,0.162,4.009171099379531e-6,15,PIGT,892
2.120624336695613e-10,0.5638371180023016,0.423,0.189,4.013281557196448e-6,15,SUPT5H,893
2.513064172909644e-10,0.7434391862668159,0.314,0.13,4.755973947231501e-6,15,PTK2B,894
2.535242970037836e-10,0.49651135274577385,0.571,0.271,4.797947320796605e-6,15,RAB2A,895
2.5456018068583e-10,0.4246894004318176,0.411,0.177,4.817551419479333e-6,15,IFI35,896
2.553663411902211e-10,0.38127575417579257,0.331,0.133,4.832808007024934e-6,15,RFC1,897
2.5963947771113883e-10,0.5086549635856779,0.406,0.177,4.9136771156833025e-6,15,AZIN1,898
2.887275483597875e-10,0.41581610171498984,0.291,0.113,5.464168852708978e-6,15,C6orf89,899
3.064445064496626e-10,0.574023261391098,0.36,0.154,5.799462284559864e-6,15,PTOV1,900
3.141175774512983e-10,0.5446910463436184,0.331,0.138,5.94467515326582e-6,15,KXD1,901
3.175725606763e-10,0.5043994385034485,0.263,0.1,6.010060710798978e-6,15,ZDHHC12,902
3.2787416528083575e-10,0.6214934611543833,0.286,0.114,6.205018577939817e-6,15,A1BG,903
3.3785093586453935e-10,0.44153204105645705,0.269,0.102,6.393828961236407e-6,15,MLX,904
3.39027881804418e-10,0.4789504820272052,0.389,0.167,6.4161026631486105e-6,15,OTUD6B-AS1,905
3.5078954260093197e-10,0.6136119241346385,0.537,0.266,6.638692093722637e-6,15,MRPS6,906
3.5620973305743515e-10,0.40345844594800256,0.4,0.17,6.74126919811196e-6,15,RBBP7,907
3.567834225453887e-10,0.4916846494298297,0.549,0.262,6.752126271671481e-6,15,COX7A2L,908
3.6579405594276727e-10,0.5443695293029545,0.846,0.498,6.922652508716871e-6,15,ATP5MF,909
3.704315222719673e-10,0.4627974548196835,0.383,0.164,7.010416558996981e-6,15,POLR2I,910
3.7113395769518323e-10,0.5455967429063041,0.303,0.121,7.023710149381342e-6,15,CRTAP,911
3.725129364164464e-10,0.4023025182157014,0.44,0.191,7.049807321681248e-6,15,LRP10,912
4.38396374534584e-10,0.5757031016648755,0.446,0.201,8.296651388067002e-6,15,SEC23B,913
4.582046049680897e-10,0.5339799975578579,0.257,0.097,8.671522149021098e-6,15,PRKRA,914
5.445350404143125e-10,0.8365347150864039,0.263,0.105,1.0305325639840865e-5,15,SLC39A8,915
5.545940382936528e-10,0.7619116637840856,0.251,0.096,1.049569217470738e-5,15,VCPKMT,916
5.623043024500086e-10,0.6717884474074706,0.423,0.199,1.0641608923866413e-5,15,YWHAH,917
6.480229781118472e-10,0.5510020210892201,0.823,0.477,1.2263834860766708e-5,15,NDUFA3,918
6.756279805777757e-10,0.6613624307256545,0.343,0.15,1.2786259532434405e-5,15,YBX3,919
6.821314586598975e-10,0.5060968517226518,0.549,0.268,1.2909337855138561e-5,15,CTSS,920
6.968088846397831e-10,0.6023084700781577,0.297,0.121,1.3187108141807896e-5,15,PSMD3,921
7.34007048047267e-10,0.5260713922470344,0.463,0.212,1.3891083384294528e-5,15,GOLGA4,922
7.583217808762165e-10,0.380724444931713,0.446,0.197,1.4351239703082397e-5,15,MPC2,923
7.636733994911616e-10,0.5437964845943779,0.429,0.198,1.4452519085370233e-5,15,AP3S1,924
9.725656599958217e-10,0.4399793042923439,0.349,0.148,1.8405805115420924e-5,15,ARCN1,925
1.0690446936203382e-9,0.5293332337963317,0.663,0.339,2.0231670826764902e-5,15,TUFM,926
1.3948914486947683e-9,0.4918732390403189,0.297,0.121,2.639832066654849e-5,15,HIKESHI,927
1.44902746178672e-9,0.5334884917680994,0.417,0.191,2.7422844714313677e-5,15,UFD1,928
1.4892343425613095e-9,0.564302090064621,0.72,0.388,2.8183759932972782e-5,15,RALY,929
1.5335765159403938e-9,0.385347098352561,0.291,0.117,2.902293556417195e-5,15,HARS,930
1.5894843726071238e-9,0.5509911402127101,0.726,0.426,3.0080991751589818e-5,15,VCP,931
1.598309351580938e-9,0.9084174180217282,0.32,0.146,3.0248004478669252e-5,15,PMAIP1,932
2.114433897646386e-9,0.4635791870786302,0.394,0.176,4.001566151295785e-5,15,AKR1B1,933
2.2507494110729843e-9,0.3326647986324872,0.28,0.111,4.259543260455623e-5,15,NDUFAF4,934
2.3613429438464766e-9,0.30869935700110734,0.337,0.141,4.468841521229457e-5,15,IRF3,935
2.4281447683802354e-9,0.4707138143598817,0.594,0.292,4.595263974159596e-5,15,NDUFA2,936
2.498237248860155e-9,0.5540639376601554,0.274,0.112,4.727913993467843e-5,15,DRG1,937
2.6214668642825698e-9,0.5695439945262943,0.343,0.15,4.961126040654763e-5,15,SECISBP2,938
2.9847297741836884e-9,0.43388915612783574,0.611,0.295,5.6486010976426305e-5,15,C1orf43,939
3.3255597235032466e-9,0.4436729277510931,0.52,0.248,6.293621776729894e-5,15,LSM3,940
3.35245162629607e-9,0.40032492617077353,0.491,0.226,6.344514702765313e-5,15,COPS6,941
3.464321795686602e-9,0.5344286480376543,0.354,0.155,6.556228998336894e-5,15,PSMC2,942
3.493870266158597e-9,0.435924175557577,0.469,0.218,6.612149478705144e-5,15,CHMP2A,943
3.7006148591046947e-9,0.3330049324660652,0.349,0.148,7.003413620855634e-5,15,MAGED2,944
4.134830442662507e-9,0.4993509018399245,0.594,0.3,7.825166612738794e-5,15,NDUFAB1,945
4.631921004841095e-9,0.48404193084163816,0.56,0.278,8.765910501661773e-5,15,SEPT2,946
4.8798651307618665e-9,0.49244950640520246,0.446,0.209,9.235144759966832e-5,15,TCIRG1,947
4.918788299780998e-9,0.25295545258934604,0.331,0.14,9.308806857335538e-5,15,CYB561D2,948
5.104321141301767e-9,0.35679584310594914,0.297,0.123,9.659927759913594e-5,15,FAM120AOS,949
5.110385854579688e-9,0.5299613114539213,0.303,0.128,9.671405229792059e-5,15,BAK1,950
5.523888202259711e-9,0.5062411662962213,0.383,0.175,1.0453958422776504e-4,15,IRF7,951
5.644996885898143e-9,0.41100572812111313,0.251,0.1,1.0683156606562236e-4,15,METTL5,952
6.169860302888216e-9,0.4090573401111032,0.291,0.121,1.1676460623215949e-4,15,COA4,953
6.414304453435735e-9,0.25526180399689125,0.977,0.936,1.2139071178127128e-4,15,GAPDH,954
6.812164941259061e-9,0.41413853602469364,0.286,0.118,1.2892022151332773e-4,15,ERCC1,955
7.047603561180076e-9,0.45629768835611495,0.491,0.233,1.3337589739533293e-4,15,EIF3J,956
7.174191773493361e-9,0.48717525468154665,0.537,0.266,1.3577157931336187e-4,15,RNH1,957
8.141995149131275e-9,0.4261187379206527,0.48,0.231,1.540872581973094e-4,15,POLR2J,958
8.648023810958127e-9,0.42371573597676554,0.326,0.142,1.6366385062238254e-4,15,TEX264,959
9.211887576632362e-9,0.4262054009672303,0.291,0.123,1.7433497238776745e-4,15,BOLA3,960
9.330728552889603e-9,0.48750041523413673,0.337,0.15,1.7658403786343572e-4,15,TRAPPC2L,961
9.365466144052846e-9,0.41757722243074463,0.28,0.116,1.7724144677620012e-4,15,SPOP,962
9.403675437794587e-9,0.5487198470771253,0.274,0.114,1.7796455766026255e-4,15,MRPS18A,963
9.548360623580388e-9,0.40135252886657435,0.291,0.122,1.8070272480125884e-4,15,EIF2AK1,964
9.941260128339916e-9,0.4060426893193124,0.526,0.253,1.881383479288329e-4,15,MMADHC,965
1.0425273087050402e-8,0.5324422012639756,0.726,0.405,1.9729829317242885e-4,15,CDK2AP2,966
1.0542415756433532e-8,0.47999742328735456,0.331,0.147,1.9951521819050458e-4,15,PSMD14,967
1.0745133942275412e-8,0.42182228980112013,0.314,0.134,2.0335165985756217e-4,15,ATG101,968
1.077644640932449e-8,0.6213517448244659,0.263,0.109,2.0394424829646597e-4,15,NARS,969
1.0863728831446515e-8,0.40014614630390644,0.366,0.163,2.055960681351253e-4,15,SDHB,970
1.2293541783717555e-8,0.38672232711073284,0.349,0.153,2.3265527825685475e-4,15,SNX5,971
1.3199248489598685e-8,0.25000730343050237,0.263,0.106,2.497957776656551e-4,15,THAP7,972
1.3341141382819305e-8,0.5498921666187514,0.457,0.231,2.5248110066985536e-4,15,GLG1,973
1.3533125016239896e-8,0.5256541753105801,0.349,0.159,2.5611439093234004e-4,15,BTG3,974
1.3542932840592765e-8,0.48196639992236934,0.874,0.633,2.5630000400821807e-4,15,PSME2,975
1.389451590966204e-8,0.2683299066607514,0.366,0.162,2.629537135903541e-4,15,LAGE3,976
1.651361973046424e-8,0.4917653570560423,0.726,0.388,3.1252025339903575e-4,15,ERH,977
1.7945891667710443e-8,0.37810202066685694,0.383,0.175,3.3962599981142015e-4,15,MRPL14,978
1.9214621851134676e-8,0.4650805397868414,0.829,0.48,3.6363671853272374e-4,15,ATP5F1D,979
1.945948600625072e-8,0.39826863454808037,0.366,0.167,3.682707726682949e-4,15,PSMB7,980
1.963086959593275e-8,0.3603848847679759,0.463,0.217,3.715142071030273e-4,15,VSIR,981
2.0045893397300134e-8,0.33090116742982467,0.331,0.146,3.79368532543905e-4,15,VBP1,982
2.1522141957158498e-8,0.39597065930494857,0.486,0.234,4.073065365392246e-4,15,SNRPC,983
2.231751936181539e-8,0.31222597166951416,0.451,0.209,4.223590539223563e-4,15,TKT,984
2.3736971435030547e-8,0.3791711710725455,0.291,0.125,4.492221844079531e-4,15,YIPF4,985
2.4461409153894403e-8,0.4491197096083497,0.6,0.305,4.629321682374516e-4,15,NDUFS7,986
2.4597675891603482e-8,0.5434003891120802,0.32,0.143,4.655110162485959e-4,15,GFPT1,987
2.5573774390204615e-8,0.4216801064097112,0.44,0.21,4.8398368033462236e-4,15,SRA1,988
2.5995213144470592e-8,0.4313881012787599,0.309,0.136,4.919594087591059e-4,15,RNASEH2B,989
3.062885619169663e-8,0.4178794153761111,0.371,0.173,5.796511034278587e-4,15,IRF2,990
3.1771963124952235e-8,0.4252770976560286,0.474,0.229,6.01284402139721e-4,15,RAB8A,991
3.194048122078961e-8,0.42471447592904354,0.56,0.284,6.044736071034434e-4,15,PSMA3,992
3.540874194012533e-8,0.38801470868952204,0.297,0.129,6.701104412168719e-4,15,NDUFS2,993
3.571210931614492e-8,0.3672239919136733,0.566,0.281,6.758516688080426e-4,15,MRPL57,994
3.571273233852677e-8,0.2977364020800985,0.309,0.134,6.75863459506619e-4,15,NSFL1C,995
3.648373770330764e-8,0.4928504671027527,0.783,0.479,6.904547360350971e-4,15,COX7B,996
4.043005966386553e-8,0.5624947720026077,0.32,0.146,7.651388791386552e-4,15,MARCH6,997
4.1393659730547865e-8,0.545092166181601,0.411,0.202,7.833750104006183e-4,15,OGT,998
4.1534701193013485e-8,0.45486472537295053,0.651,0.356,7.860442200777802e-4,15,BST2,999
4.222155602973257e-8,0.4846344742652846,0.634,0.355,7.990429478626889e-4,15,ATP5F1C,1000
4.276483330235895e-8,0.45058953196012763,0.554,0.282,8.093244702471431e-4,15,MLF2,1001
4.534035768685574e-8,0.4372517970015892,0.6,0.312,8.580662692237449e-4,15,NSD3,1002
5.5081237506575414e-8,0.47002746984089794,0.297,0.131,0.0010424124198119397,15,BAG6,1003
5.568746446593003e-8,0.49424346295592936,0.32,0.146,0.001053885265017726,15,EIF1AY,1004
5.8778835382127416e-8,0.2854802225954212,0.349,0.158,0.0011123894596067614,15,TMUB1,1005
5.97882410995769e-8,0.356063142397991,0.337,0.155,0.0011314924628094928,15,IGFLR1,1006
6.272044277687665e-8,0.4715842614228247,0.743,0.421,0.0011869843795523905,15,ARL6IP4,1007
6.434899188452974e-8,0.2856070263622025,0.343,0.155,0.0012178046714147253,15,CCDC124,1008
6.920218212931428e-8,0.25901617437716806,0.354,0.162,0.0013096512967972727,15,RNF126,1009
8.440926403590368e-8,0.38660008469278095,0.286,0.125,0.0015974453218794771,15,CEBPG,1010
8.858700012256672e-8,0.48051425942699866,0.566,0.297,0.0016765089773195753,15,PSMB2,1011
8.905907500389916e-8,0.3798096403037592,0.554,0.281,0.0016854429944487914,15,MRPL54,1012
9.675590216053128e-8,0.45372082399418456,0.897,0.626,0.0018311054483880545,15,POLR2L,1013
1.00921435930245e-7,0.43566219243765875,0.389,0.187,0.0019099381749798866,15,UBE3A,1014
1.0592311863264543e-7,0.39922525095290234,0.286,0.126,0.002004595020122815,15,CDK6,1015
1.124956424351633e-7,0.46626030608478425,0.28,0.124,0.0021289800330854653,15,SUCO,1016
1.1937752544842252e-7,0.2737013351938698,0.371,0.173,0.0022592196691113963,15,ELAVL1,1017
1.2302427783616827e-7,0.48358644702531284,0.754,0.476,0.0023282344580494844,15,PSMB1,1018
1.2968233793273126e-7,0.3786679383032433,0.32,0.146,0.002454238245376939,15,CCS,1019
1.3003692603805236e-7,0.36367369441136893,0.389,0.186,0.002460948825270141,15,DECR1,1020
1.3276004115680078e-7,0.4218864084748519,0.674,0.361,0.0025124837788924547,15,UFC1,1021
1.3755410270408972e-7,0.28912935895641756,0.354,0.165,0.002603211393674898,15,MRPS12,1022
1.386846350406253e-7,0.4806628809696818,0.731,0.408,0.0026246067181438337,15,PET100,1023
1.4392716584743042e-7,0.31097158507223144,0.491,0.246,0.0027238216136626207,15,SH3GLB1,1024
1.5177739754388404e-7,0.30261720821378135,0.434,0.21,0.0028723872485180053,15,YIPF5,1025
1.6685495668489265e-7,0.3899826185302717,0.429,0.211,0.0031577300552615936,15,STX11,1026
1.802142868571632e-7,0.42253379667347946,0.44,0.221,0.003410555378771814,15,PSMC3,1027
1.8339353451951536e-7,0.29860478739464613,0.274,0.121,0.003470722640781828,15,GRINA,1028
1.986256184972773e-7,0.34127389751112547,0.269,0.119,0.003758989830060973,15,EXOSC1,1029
2.3576773888478526e-7,0.34956749939276716,0.269,0.119,0.004461904458394561,15,PAIP1,1030
2.360840079049839e-7,0.3195565843772754,0.429,0.208,0.00446788984960182,15,EMC6,1031
2.402126869097474e-7,0.4110225454379559,0.674,0.374,0.004546025099766969,15,SELENOH,1032
2.40374048624376e-7,0.4532584084582838,0.526,0.282,0.0045490788702163155,15,PPP1R10,1033
2.422927511003258e-7,0.45425163031883686,0.766,0.445,0.0045853903145736665,15,EIF5A,1034
2.4463310210519764e-7,0.6715374120704352,0.514,0.295,0.004629681457340866,15,CITED2,1035
2.684365368843535e-7,0.43443728290938927,0.28,0.127,0.00508016146053639,15,PLEKHJ1,1036
2.6991801341379933e-7,0.45678543430357266,0.851,0.559,0.005108198403856152,15,DYNLL1,1037
2.9861344981092337e-7,0.4196529014240191,0.897,0.657,0.0056512595376717245,15,SLC25A6,1038
3.117297948616453e-7,0.448480684689589,0.731,0.436,0.0058994863677566374,15,ERP29,1039
3.155339207588857e-7,0.4433142459950651,0.451,0.231,0.005971479450361913,15,ITGB7,1040
3.170810159041746e-7,0.3887672895601013,0.617,0.338,0.006000758225986504,15,TOMM5,1041
3.2810984134831726e-7,0.3626739435904818,0.434,0.217,0.006209478747516904,15,GRK6,1042
3.4127980024338683e-7,0.3971227269189921,0.606,0.323,0.006458720219606096,15,COX17,1043
3.4637547304704246e-7,0.2641098708392568,0.269,0.119,0.006555155827415279,15,POP5,1044
3.5596663222931267e-7,0.264921855789102,0.263,0.115,0.006736668514939742,15,CHCHD1,1045
4.301725803500585e-7,0.3962422992573462,0.251,0.11,0.008141016083124857,15,SLC25A36,1046
4.3252351580948043e-7,0.38862529813694935,0.251,0.11,0.008185507536694418,15,POLR2D,1047
4.380825188315875e-7,0.3720442016541864,0.291,0.134,0.008290711668887793,15,C7orf50,1048
4.4015501813849976e-7,0.28040147074996025,0.337,0.159,0.008329933718271109,15,AAMP,1049
4.4597666740310214e-7,0.4281582475119414,0.28,0.129,0.008440108430603707,15,AFTPH,1050
4.596332335626327e-7,0.3355249731078366,0.32,0.151,0.008698558945172824,15,TUSC2,1051
4.728462973533402e-7,0.2793311518009234,0.56,0.285,0.008948616177411963,15,SNRPN,1052
5.392689175979704e-7,0.3612152569565232,0.269,0.121,0.01020566426554159,15,NUP210,1053
5.506406416026635e-7,0.287672249265003,0.423,0.211,0.010420874142330408,15,NME3,1054
5.761757666021293e-7,0.35048787568202966,0.394,0.195,0.010904126382945297,15,PDAP1,1055
5.856277609871685e-7,0.34224999793730304,0.28,0.128,0.011083005376682163,15,SNHG9,1056
6.147870106858451e-7,0.44216718528232213,0.777,0.465,0.01163484417722962,15,C4orf3,1057
6.171066713434119e-7,0.38159606372674354,0.286,0.131,0.01167874375517407,15,ECHDC1,1058
6.334400283977124e-7,0.5288560247634446,0.56,0.319,0.011987852537426708,15,SLC38A2,1059
7.93927072469686e-7,0.27337189848383314,0.389,0.19,0.015025069846488808,15,PSMB4,1060
8.629117727688826e-7,0.266852499905999,0.503,0.257,0.016330605299651104,15,C18orf32,1061
8.635585258689198e-7,0.3286211080966345,0.371,0.183,0.01634284510206931,15,RSU1,1062
8.884792582492294e-7,0.3900051363533854,0.697,0.4,0.016814469962366664,15,PSMD8,1063
9.273517172573371e-7,0.28207612594759457,0.286,0.132,0.017550131249095102,15,LTA4H,1064
9.289366723579886e-7,0.6270360557353749,0.257,0.12,0.017580126524374934,15,ERO1B,1065
1.017450603797158e-6,0.27366126883635433,0.451,0.228,0.019255252676861217,15,WDR33,1066
1.0679214253062415e-6,0.32227393700225704,0.457,0.234,0.02021041297392062,15,CNIH1,1067
1.1557140259252536e-6,0.2956506884457172,0.446,0.224,0.021871887940635427,15,PSMA4,1068
1.2224492844638085e-6,0.4358967947410767,0.474,0.254,0.023134852708477576,15,KPNB1,1069
1.2348457387648018e-6,0.25734654670846085,0.371,0.182,0.023369455606123874,15,PSMD9,1070
1.2572624745755117e-6,0.3602461927283438,0.269,0.124,0.02379369233134156,15,PGD,1071
1.3217231765778418e-6,0.3582512049223341,0.606,0.331,0.025013611116735657,15,COPS9,1072
1.3250022933921263e-6,0.3880720741793673,0.257,0.119,0.02507566840244599,15,ASCC3,1073
1.4586496628115063e-6,0.5575138486412534,0.669,0.443,0.027604944868707758,15,PDE4B,1074
1.6035334210483762e-6,0.3975098978781033,0.251,0.115,0.03034686999334052,15,SRP68,1075
1.7710397466239923e-6,0.26954669444261076,0.331,0.161,0.033516927204859055,15,NBDY,1076
1.9951745340970583e-6,0.28675976730506714,0.371,0.187,0.03775867805778683,15,EIF4E2,1077
2.0106958660066735e-6,0.27264597985643435,0.491,0.255,0.038052419264176296,15,PSMC4,1078
2.2124882948448646e-6,0.27367539858487305,0.286,0.135,0.04187134097993906,15,MRPS26,1079
2.2274561808483807e-6,0.2925554730175641,0.32,0.156,0.0421546082225556,15,RB1,1080
2.240037019439301e-6,0.4317707228498253,0.28,0.134,0.042392700592888764,15,CCDC186,1081
2.57815999734123e-6,0.29724764862549646,0.566,0.299,0.048791677949682775,15,OCIAD1,1082
2.585439717861948e-6,0.3530561447748506,0.526,0.295,0.04892944666053737,15,ITGB1,1083
2.6772864706801908e-6,0.28500056562708337,0.263,0.123,0.05066764645762261,15,HEXA,1084
2.6864919463417204e-6,0.3989514990182803,0.709,0.44,0.05084186008451706,15,TAGAP,1085
2.9346182169932014e-6,0.3964477091946168,0.674,0.389,0.055537649756596336,15,SELENOT,1086
3.272357365162291e-6,0.33428135763202715,0.629,0.337,0.06192936313569636,15,ATP5PD,1087
3.2926711213760716e-6,0.26591072599870264,0.286,0.137,0.06231380097204216,15,FLOT1,1088
3.36023615222991e-6,0.26400666634932457,0.543,0.291,0.06359246918095104,15,DYNLRB1,1089
3.4952221409258793e-6,0.3491113145500194,0.257,0.122,0.06614707901702227,15,CYSTM1,1090
3.5992276891666094e-6,0.399613289677192,0.886,0.583,0.06811538401747809,15,EMP3,1091
3.898079186896025e-6,0.38072882790830304,0.349,0.179,0.07377114861200727,15,BAG1,1092
4.04943935400165e-6,0.25749808677950803,0.269,0.127,0.07663563977448122,15,PDHA1,1093
4.199395192047907e-6,0.26966683276411935,0.251,0.118,0.07947355400950663,15,ELP5,1094
4.2614793935942375e-6,0.43901368593570167,0.869,0.667,0.08064849752377094,15,EZR,1095
4.5437483435239525e-6,0.34775132042536594,0.606,0.337,0.0859904374011908,15,TOP1,1096
4.927132895004647e-6,0.344140528560817,0.566,0.314,0.09324599003796294,15,MRPS21,1097
5.437681471146322e-6,0.3498162824495923,0.257,0.123,0.10290812184144414,15,EBP,1098
5.623393800826089e-6,0.3129992154506597,0.331,0.168,0.10642272768063374,15,RB1CC1,1099
5.6254501771211754e-6,0.49573794682453753,0.64,0.399,0.10646164460201825,15,KLF2,1100
5.748675733477064e-6,0.29550024284335086,0.92,0.782,0.10879368825605343,15,ATP5MG,1101
6.0888772832833504e-6,0.3492629577362738,0.697,0.398,0.1152320025861374,15,TCF25,1102
6.403783987035929e-6,0.3102897752566638,0.651,0.355,0.12119161195465494,15,VDAC2,1103
6.709433690019387e-6,0.38010621167166736,0.337,0.176,0.1269760325836169,15,SDHA,1104
7.091617552568813e-6,0.25539436933447157,0.589,0.321,0.1342088621823648,15,CLDND1,1105
8.279035059412203e-6,0.2788628728713858,0.4,0.211,0.15668073849937594,15,EMC10,1106
8.298676841443384e-6,0.25721484600815425,0.274,0.135,0.15705245922431604,15,NAA20,1107
8.444716470446372e-6,0.3015584265529271,0.377,0.198,0.15981625920319759,15,DARS,1108
8.505768629445689e-6,0.25849352877777476,0.497,0.272,0.16097167131225967,15,IL10RA,1109
9.65405907597061e-6,0.2523434265822529,0.349,0.179,0.18270306801274377,15,TM9SF3,1110
1.0334214160154178e-5,0.26170674279711204,0.314,0.158,0.19557500298091782,15,UBE2E3,1111
1.1711868980588496e-5,0.34151524584860704,0.783,0.46,0.2216471204576373,15,WDR83OS,1112
1.2139645730532723e-5,0.26601413032463217,0.48,0.264,0.22974279545033177,15,C19orf70,1113
1.2147529633335789e-5,0.2861847030677955,0.274,0.135,0.2298919983108798,15,RNF13,1114
1.2866172647293846e-5,0.3519799868541763,0.303,0.155,0.24349231735003604,15,PSMD12,1115
1.60474557944666e-5,0.2584131933478837,0.56,0.311,0.3036981009102804,15,ECH1,1116
1.6402422444217712e-5,0.3147273429005357,0.726,0.409,0.3104158447568202,15,SEM1,1117
1.7050186403096478e-5,0.3126237006988101,0.32,0.168,0.32267477767860087,15,TUBA1C,1118
1.7065768536241334e-5,0.368996132779015,0.309,0.162,0.32296966954836726,15,ETNK1,1119
1.96113270958024e-5,0.25002356937315606,0.411,0.223,0.37114436528806044,15,GLS,1120
1.9953548269512354e-5,0.3470909999370906,0.88,0.644,0.3776209010005213,15,COX6C,1121
2.409476222734493e-5,0.33675998957732567,0.777,0.468,0.45599337515250277,15,GYPC,1122
2.4910076947772634e-5,0.28722308498654203,0.549,0.307,0.4714232062365971,15,CCT7,1123
2.7176851089270307e-5,0.3534042476221062,0.777,0.508,0.5143219068644406,15,ATP5MD,1124
2.7482414570415258e-5,0.3859049011624216,0.257,0.131,0.5201046957451088,15,CRIPT,1125
2.983402915244674e-5,0.2966484358436703,0.52,0.293,0.5646090017100546,15,DDT,1126
3.108955135661407e-5,0.26373570387487616,0.263,0.133,0.5883697594239213,15,UPF3A,1127
3.16652387180754e-5,0.27335578496872026,0.88,0.764,0.5992646427395769,15,CHCHD2,1128
3.23955970825309e-5,0.2999872615590098,0.509,0.288,0.6130866747868974,15,FGFR1OP2,1129
3.7519359025074994e-5,0.29351434789190955,0.331,0.18,0.7100538695495443,15,LY9,1130
4.344895425282778e-5,0.2508816296251859,0.629,0.352,0.8222714592347657,15,PRDX6,1131
4.445416985775009e-5,0.2686981000125397,0.543,0.311,0.8412951645579204,15,SEC11A,1132
4.831145425298105e-5,0.2664711987065509,0.954,0.826,0.9142942717376663,15,EEF2,1133
5.075242276797036e-5,0.28606170138576914,0.617,0.363,0.9604896008838391,15,NDUFA6,1134
5.2024242562017044e-5,0.2538404840420765,0.56,0.323,0.9845587904861726,15,LAPTM4A,1135
0.00850195859457547,0.48749033859673796,0.417,0.311,1,15,FOSB,1136
8.703853404891209e-4,0.4528974604263345,0.697,0.526,1,15,NFKBIA,1137
1.0233301528461057e-4,0.41070187583364515,0.354,0.207,1,15,KLF3,1138
3.906493187051506e-4,0.3941555941603425,0.554,0.366,1,15,BIRC3,1139
2.4799414881450084e-4,0.38854467436131657,0.606,0.397,1,15,GPBP1,1140
9.839697581913066e-5,0.3405160680855355,0.446,0.262,1,15,NFKB2,1141
0.0013526256177110098,0.33123680735441297,0.486,0.312,1,15,SLC7A5,1142
0.006576446889944339,0.3272195050587765,0.754,0.609,1,15,TSC22D3,1143
5.742189337547634e-5,0.325716296869758,0.703,0.422,1,15,GHITM,1144
1.8496244187840723e-4,0.31793410954187795,0.629,0.397,1,15,CD55,1145
1.6533231915906e-4,0.31477478527323477,0.897,0.656,1,15,EDF1,1146
0.003918955362781009,0.3111601954152263,0.783,0.571,1,15,EIF5,1147
1.4743591284214341e-4,0.2998804259523664,0.611,0.365,1,15,SELENOF,1148
2.3076034480473266e-4,0.29923454753887313,0.891,0.629,1,15,ELOB,1149
1.1760617462695864e-4,0.2866851116071356,0.36,0.2,1,15,RAB10,1150
7.459560538179055e-5,0.2844983146357821,0.429,0.247,1,15,MTHFD2,1151
9.663691881703542e-5,0.2798574192570191,0.686,0.416,1,15,PSMB3,1152
8.745605492544711e-5,0.26924859192809114,0.651,0.377,1,15,UQCRFS1,1153
0.001184712290747088,0.2683567753041154,0.851,0.583,1,15,COX5B,1154
1.363397484240925e-4,0.26308663991488507,0.251,0.132,1,15,PITPNB,1155
1.5875663693129365e-4,0.2629965063256299,0.606,0.363,1,15,FKBP1A,1156
4.6081085434002735e-4,0.2594959220307286,0.251,0.139,1,15,ZFAND2A,1157
9.861409453033467e-5,0.25838613824067025,0.297,0.158,1,15,ANKHD1,1158
2.9674846202409883e-4,0.25759099793278883,0.583,0.36,1,15,RNASET2,1159
3.4527096533185683e-4,0.25639429165364636,0.44,0.26,1,15,AKAP9,1160
1.023224509006215e-4,0.25544142115597174,0.263,0.139,1,15,IL6ST,1161
0,11.593656307131923,0.82,0,0,16,SCT,1
0,11.563920179698282,0.656,0,0,16,PTCRA,2
0,11.549990757151793,0.738,0,0,16,LRRC26,3
0,11.427672304178119,0.311,0,0,16,ASIP,4
0,11.357390025685923,0.328,0,0,16,AC097375.1,5
0,10.316965587668728,0.262,0,0,16,KCNK17,6
0,10.294802186239277,0.869,0.001,0,16,CLEC4C,7
0,10.199875349516407,0.475,0,0,16,SHD,8
0,10.185652799003595,0.393,0,0,16,DRD4,9
0,10.102187119852676,0.41,0,0,16,KRT5,10
0,9.986988049569975,0.295,0,0,16,RET,11
0,9.747617705476618,1,0.002,0,16,LILRA4,12
0,9.178378510135659,0.295,0.001,0,16,P3H2,13
0,8.998709180073762,0.525,0.001,0,16,LAMP5,14
0,8.812569420024165,0.607,0.001,0,16,PTPRS,15
0,8.695131052783093,0.426,0.001,0,16,SCN9A,16
0,8.663396597211776,0.934,0.004,0,16,SERPINF1,17
0,8.574365257531099,0.279,0,0,16,RGS7,18
0,8.379960724308773,0.41,0.001,0,16,SCAMP5,19
0,8.220041541652519,0.787,0.003,0,16,EGLN3,20
0,8.094108091250275,0.574,0.002,0,16,TNFRSF21,21
0,7.948616701067444,0.311,0.002,0,16,SH3BP4,22
0,7.726863443376683,0.295,0.001,0,16,CRYM,23
0,7.567832993808527,0.279,0.002,0,16,SERPINF2,24
0,7.344940385441873,0.689,0.004,0,16,TPM2,25
0,7.342643141703454,0.475,0.002,0,16,EPHB1,26
0,7.2683791977207814,0.951,0.008,0,16,IL3RA,27
0,7.185490897245917,0.689,0.005,0,16,P2RY6,28
0,7.130330207772092,0.295,0.001,0,16,PPM1J,29
0,7.085349161743693,0.754,0.006,0,16,MYBL2,30
0,7.085291415795355,0.475,0.002,0,16,PACSIN1,31
0,7.043668191195621,0.377,0.002,0,16,GPM6B,32
0,6.895353421644057,0.525,0.004,0,16,RHEX,33
0,6.648146158731576,0.639,0.004,0,16,DNASE1L3,34
0,6.6130245732918285,0.361,0.002,0,16,TLR9,35
0,6.464942224604863,0.328,0.003,0,16,CALCRL,36
0,6.463142779142242,0.967,0.017,0,16,PLD4,37
0,6.366451406373162,0.836,0.012,0,16,LILRB4,38
0,6.24921829039478,0.656,0.006,0,16,MAP1A,39
0,6.184692234666748,0.426,0.005,0,16,FCER1A,40
0,6.143589132254182,0.459,0.005,0,16,ST14,41
0,5.890077049059279,0.459,0.007,0,16,MILR1,42
0,5.837546637091416,0.475,0.007,0,16,CSF2RB,43
0,5.835784441610326,0.639,0.01,0,16,GAS6,44
0,5.696682519688076,0.852,0.015,0,16,TSPAN13,45
0,5.5568526150765765,0.754,0.012,0,16,BCL11A,46
0,5.442558634258347,0.574,0.008,0,16,CIB2,47
0,5.428252274554953,0.607,0.013,0,16,SULF2,48
0,5.287044501900075,0.738,0.015,0,16,SMPD3,49
0,5.269888515170221,0.984,0.031,0,16,TCF4,50
0,5.254027556283145,0.672,0.015,0,16,LINC00996,51
0,5.243168573103774,0.689,0.016,0,16,LGMN,52
0,5.191680316995598,0.918,0.017,0,16,FAM129C,53
0,5.049175474452641,0.902,0.027,0,16,MPEG1,54
0,4.969827516801061,0.852,0.02,0,16,SPIB,55
0,4.956574824353104,0.787,0.013,0,16,DERL3,56
0,4.89435906181189,0.852,0.026,0,16,TGFBI,57
0,4.275217501516623,1,0.031,0,16,JCHAIN,58
2.2106547810165364e-304,5.205427792790324,0.787,0.024,4.183664173073795e-300,16,SOX4,59
2.708469917383995e-301,4.952137586241383,0.934,0.035,5.125779318649211e-297,16,APP,60
1.71211348253068e-296,5.904010443275246,0.344,0.004,3.240174765689312e-292,16,AEBP1,61
1.447914171108841e-289,4.0975858614719005,0.918,0.034,2.740177568823482e-285,16,MZB1,62
1.7595064907976977e-288,4.699569218617482,0.852,0.03,3.329866033834643e-284,16,RNASE6,63
1.6555545829195172e-272,6.022677275647192,0.443,0.008,3.1331370481751866e-268,16,THBD,64
2.4884555785499937e-271,5.277775243209289,0.459,0.009,4.709402182405863e-267,16,DAB2,65
1.1192566712511818e-263,6.028127633964721,0.311,0.004,2.1181932503428616e-259,16,SERPING1,66
1.0623081967569712e-249,4.8603250839375685,0.459,0.009,2.010418262362568e-245,16,WDFY4,67
6.131390926914022e-248,4.93019954590682,0.492,0.011,1.1603657329184786e-243,16,FAM213A,68
1.915269464293909e-239,3.707796810656685,0.918,0.041,3.6246474611762226e-235,16,IGKC,69
7.446812940709838e-232,4.533767797265115,0.525,0.013,1.409309349029337e-227,16,GAPT,70
1.279966731645218e-229,4.6410717028608905,0.639,0.021,2.422337039638575e-225,16,ARID3A,71
1.5265690870909532e-229,4.2610485512539995,0.852,0.037,2.889031997319629e-225,16,CD68,72
4.892755093838682e-229,4.754392581612006,0.475,0.011,9.259539015089706e-225,16,TMEM8B,73
2.530159555176951e-227,4.481890719787886,0.934,0.047,4.78832695817238e-223,16,PPP1R14B,74
4.146938223612816e-221,4.169694072116311,0.77,0.031,7.848080588187255e-217,16,MS4A6A,75
6.139430521617826e-221,4.813582820723598,0.443,0.01,1.1618872262161737e-216,16,ZBTB18,76
1.8020922746112553e-210,4.407812670413225,0.951,0.053,3.4104596297018007e-206,16,CCDC50,77
9.758984164414822e-210,4.25273912564918,0.639,0.022,1.846887753115505e-205,16,CIITA,78
2.275917374649022e-207,4.005500500859253,0.803,0.036,4.3071736315232743e-203,16,CYBB,79
8.29621377322244e-207,4.309969169253893,0.639,0.023,1.5700584565823467e-202,16,SMIM3,80
2.913173066719549e-202,4.082326787760596,0.705,0.028,5.513180028766746e-198,16,GNG7,81
1.8425555044906282e-199,4.473456080702482,0.541,0.017,3.4870362922485135e-195,16,LILRA5,82
5.73740209683579e-194,3.858024579492386,0.984,0.059,1.0858033468261732e-189,16,CST3,83
5.37693127092251e-189,5.133508831366135,0.295,0.005,1.017584243022085e-184,16,CCDC189,84
3.6955916712130283e-188,4.576546300434503,0.508,0.016,6.993907237770656e-184,16,TUBB6,85
5.755797712592114e-186,4.075947972774835,0.787,0.039,1.0892847171080576e-181,16,OPN3,86
5.127190566043884e-182,4.346695572979122,0.475,0.014,9.70320814623805e-178,16,CD36,87
2.0866501527549137e-179,4.409480537559368,0.656,0.028,3.948985414088674e-175,16,CORO1C,88
1.7372514971107166e-171,4.181678330882774,0.541,0.02,3.2877484582820312e-167,16,P2RY14,89
1.1679759480746864e-170,4.86014928863784,0.361,0.009,2.210394481731344e-166,16,SLC9A7,90
1.42714294538916e-170,4.715491182540905,0.377,0.009,2.7008680241489853e-166,16,NEK8,91
2.747734881613659e-167,4.805813162615965,0.426,0.013,5.20008826345385e-163,16,P2RX1,92
2.1499466056243776e-151,4.048254936147729,0.656,0.033,4.0687739511441346e-147,16,PMEPA1,93
4.3384077237788424e-151,4.913470314333097,0.361,0.01,8.210436617251459e-147,16,PLXNB2,94
1.220669673057964e-147,4.784736758563685,0.279,0.006,2.3101173562621966e-143,16,AMN,95
1.306050521188857e-146,4.404202674390585,0.459,0.017,2.471700611349912e-142,16,ZFAT,96
1.0840177448929416e-145,4.534089825446758,0.426,0.014,2.051503582209892e-141,16,BLNK,97
2.749896939692011e-144,3.8678166360472,0.574,0.026,5.204179958367132e-140,16,PHACTR1,98
9.278769528603449e-144,3.98208225650733,0.574,0.026,1.7560071332882026e-139,16,CHAF1A,99
2.2829653149371002e-141,3.6731717839208695,0.738,0.044,4.320511858518462e-137,16,SPINT2,100
3.9407078775649185e-140,4.7854393534309505,0.311,0.008,7.457789658291609e-136,16,CBFA2T3,101
3.9738611403754895e-134,4.128351398043269,0.475,0.02,7.520532208160614e-130,16,ALDH2,102
4.928447017951385e-134,3.808971750380203,0.574,0.028,9.327085981472996e-130,16,SEMA7A,103
1.517578800937059e-132,3.455331426437138,0.508,0.022,2.872017880773384e-128,16,RUBCNL,104
6.158474272985488e-132,4.963570042405006,0.295,0.008,1.1654912561625035e-127,16,FADS2,105
1.0034743818664735e-131,3.6346570305008146,0.754,0.05,1.899075267682301e-127,16,UNC93B1,106
6.047776694290869e-131,3.5183124180831395,0.934,0.079,1.1445417393945469e-126,16,UGCG,107
4.876520718843754e-129,4.379275405567013,0.328,0.01,9.228815460411805e-125,16,NREP,108
6.0112244267174e-129,3.986153001661803,0.623,0.035,1.137624222756268e-124,16,CCDC88A,109
7.080604261807354e-129,4.546593298836285,0.443,0.018,1.3400043565470418e-124,16,FADS1,110
1.284855579355769e-125,4.966678533927954,0.262,0.006,2.431589183930793e-121,16,TNNI2,111
3.7956867033820856e-123,4.042784495036854,0.377,0.013,7.183337086150597e-119,16,COBLL1,112
3.030607975955508e-121,3.4940866815169302,0.787,0.059,5.735425594495799e-117,16,CYB561A3,113
1.0413277023248076e-119,3.6886542558461093,0.639,0.039,1.9707126766496983e-115,16,ST6GALNAC4,114
1.0926253683764272e-117,4.0637173942529845,0.459,0.021,2.0677935096523886e-113,16,MGST2,115
3.0795855673047676e-117,3.5851089894843384,0.721,0.051,5.828115686124272e-113,16,GSN,116
5.0564637713136104e-114,3.4804199274435286,0.689,0.047,9.569357687211007e-110,16,GRASP,117
6.727775593384446e-111,3.650790211785563,0.672,0.047,1.2732315310480064e-106,16,C12orf45,118
6.029468592534341e-104,4.457346092774265,0.328,0.012,1.141076931137124e-99,16,TNFSF13,119
2.283584702797364e-101,3.5972363118522326,0.459,0.024,4.3216840500440116e-97,16,MYO1E,120
2.449841519004176e-101,3.285172778735533,0.967,0.114,4.636325074715403e-97,16,IRF8,121
1.3584531088489409e-99,3.1502182856874565,0.852,0.082,2.5708725084966206e-95,16,RNF130,122
2.742857916607036e-99,3.1100998243140277,0.82,0.075,5.190858607178815e-95,16,CD4,123
1.4660498584417765e-97,3.161295464547499,0.639,0.047,2.774499357101062e-93,16,HVCN1,124
7.418873396381471e-96,3.647168824468035,0.443,0.023,1.4040217902651935e-91,16,CDYL,125
6.59497245311181e-95,3.198818925612574,0.869,0.094,1.2480985367514101e-90,16,GRN,126
6.194765201656188e-94,3.9841272691144574,0.377,0.018,1.1723593144134337e-89,16,UBE2E2,127
7.926941340776232e-94,4.083355293045618,0.279,0.01,1.500173648741902e-89,16,ENTPD7,128
5.6951835359200295e-93,3.0288514230942334,0.672,0.054,1.0778134841728656e-88,16,MEF2C,129
8.360950314857654e-92,3.1583336145035745,0.967,0.131,1.5823098470868109e-87,16,ITM2C,130
2.846055822425411e-91,4.653230240329066,0.279,0.01,5.3861606439400905e-87,16,CSF2RA,131
1.1924287889324185e-88,3.935485140253807,0.344,0.015,2.256671483054602e-84,16,VEGFB,132
1.5693931062524104e-88,3.0512019238447396,0.951,0.122,2.9700764535826866e-84,16,CTSB,133
2.3724749775529966e-88,3.4180629079857914,0.525,0.035,4.489908895019046e-84,16,FLNB,134
1.313281327763232e-87,3.586366524577692,0.361,0.017,2.4853849127919166e-83,16,FUZ,135
4.2763842786005e-87,3.288771484742753,0.361,0.017,8.093057247251446e-83,16,TTC24,136
6.64167042055942e-87,3.1653290051811536,0.689,0.061,1.2569361270908702e-82,16,GNA15,137
1.1042011926851307e-86,3.591454070139442,0.41,0.022,2.08970075715661e-82,16,BTK,138
1.0546432418653997e-85,2.968221730906964,0.754,0.072,1.995912335230269e-81,16,FCGRT,139
1.1374651226051131e-85,3.6586612057231997,0.426,0.024,2.1526527445301766e-81,16,SEPHS1,140
2.4574801654913654e-84,3.640682246659826,0.328,0.015,4.650781213192409e-80,16,LINC02132,141
2.740075949148897e-82,4.366167956380162,0.262,0.01,5.185593733764287e-78,16,SHTN1,142
7.788581547792698e-82,3.389917532649412,0.443,0.027,1.473989057919768e-77,16,DPYSL2,143
2.673828230099007e-81,3.3141999111580285,0.705,0.071,5.060219925462371e-77,16,LDLRAD4,144
9.004141929834559e-80,3.156435637482378,0.639,0.057,1.7040338602211903e-75,16,EIF2AK4,145
1.0098923172428932e-78,3.93454014839877,0.262,0.01,1.9112212103821754e-74,16,TCL1A,146
1.665534232889838e-78,3.6682600791949866,0.377,0.021,3.1520235357440183e-74,16,KLF4,147
2.0372465906743558e-78,2.843981379722594,0.639,0.057,3.855489172851219e-74,16,SYK,148
8.078335779153597e-78,2.980815084495432,1,0.175,1.5288250462048184e-73,16,IRF7,149
4.21327531266604e-77,4.027513452488385,0.344,0.018,7.973623529220482e-73,16,RBM47,150
2.6559705106808852e-76,3.3015543950241217,0.393,0.023,5.026424191463576e-72,16,LILRB2,151
1.9900306998623847e-75,3.2756656548036682,0.41,0.025,3.766133099489563e-71,16,ARMH1,152
3.0298158856720107e-74,2.6899543212040493,0.836,0.099,5.73392656363428e-70,16,CAPG,153
8.594803622266322e-74,3.770252383110262,0.295,0.014,1.6265665855139014e-69,16,CDCA7L,154
8.784614119329401e-74,2.7484766600976847,0.852,0.107,1.662488222083089e-69,16,MAN2B1,155
2.6220832755139478e-73,3.4551727461290396,0.393,0.024,4.962292598910146e-69,16,GM2A,156
3.6544453146241856e-72,3.5869942160939985,0.377,0.023,6.916037757926271e-68,16,CD302,157
4.5570839330800644e-71,2.701695219576873,0.721,0.077,8.624281343354022e-67,16,IDH3A,158
5.4592619820941537e-70,2.6037507124899597,0.885,0.118,1.0331653301113186e-65,16,SELL,159
5.672842244639362e-69,2.81041978515405,0.656,0.067,1.0735853947979993e-64,16,PLAUR,160
1.176358880636459e-68,2.963882917216741,0.607,0.059,2.2262591816044985e-64,16,SH2B3,161
3.616858659173939e-68,3.0601980717548356,0.639,0.067,6.844905012486679e-64,16,THEMIS2,162
4.175704981227758e-68,3.494897114192139,0.328,0.018,7.902521676973532e-64,16,GNA12,163
2.4117350103955174e-67,3.046715234277352,0.541,0.048,4.5642085071735165e-63,16,C3orf58,164
3.037601470718194e-67,3.537446375056816,0.262,0.012,5.748660783334182e-63,16,TBC1D8,165
5.5029837232517135e-67,2.8940233651751632,0.82,0.116,1.0414396696253867e-62,16,IRF4,166
4.0615594096588605e-66,2.523573963114784,0.754,0.088,7.686501182779393e-62,16,HLA-DMB,167
1.3946010288855048e-65,3.5839661441619115,0.344,0.021,2.6392824471658178e-61,16,PBX3,168
4.109480179561143e-64,2.8789979153396112,0.574,0.056,7.777191239819463e-60,16,TSPAN3,169
9.095920062946036e-64,2.8514992777871973,0.426,0.031,1.7214028719125373e-59,16,ATP13A2,170
4.948049462133062e-63,3.489527522291721,0.279,0.014,9.364183607086819e-59,16,SLC25A29,171
6.380662435825168e-63,2.662715447433962,0.738,0.091,1.207540365979913e-58,16,RRBP1,172
5.6331417929685095e-62,2.7732585850681764,0.623,0.067,1.0660720843192904e-57,16,DDAH2,173
7.054545955023892e-62,2.9327133249423705,0.607,0.065,1.3350728219882716e-57,16,FCHSD2,174
7.997212844126143e-62,3.1941957491648925,0.377,0.026,1.5134725307508724e-57,16,RIPOR1,175
8.718151126080573e-62,3.0163161898645003,0.426,0.033,1.6499101006107484e-57,16,CERS6,176
1.71019503381936e-61,2.472786426409761,0.951,0.159,3.236544101503139e-57,16,NCF1,177
2.1084027780687144e-60,3.7649440722836554,0.344,0.023,3.990152257495042e-56,16,PTGDS,178
3.594706417651524e-60,3.6371883434947088,0.262,0.013,6.802981895405509e-56,16,KMO,179
7.419073229251072e-60,2.6084369820698265,0.672,0.079,1.4040596086357654e-55,16,SIDT1,180
7.678173453866796e-60,2.884673219480852,0.41,0.031,1.4530943261442912e-55,16,AFF3,181
1.1002431042510256e-59,2.936079827753628,0.508,0.047,2.082210074795066e-55,16,SH3TC1,182
2.981621327386628e-59,3.928508767062177,0.311,0.019,5.642718362079193e-55,16,RASD1,183
1.024403891107724e-58,3.246223037517725,0.279,0.015,1.9386843639213678e-54,16,TEX2,184
1.5638904368096795e-58,2.7307979245463083,0.738,0.102,2.9596626516623186e-54,16,CTSZ,185
3.8880767969174507e-56,2.7556712620381365,0.59,0.066,7.358185338166275e-52,16,ETV6,186
1.5039748252632459e-55,2.969712950916235,0.377,0.029,2.846272356810693e-51,16,CYSLTR1,187
2.6968212010738765e-55,2.7799950553916166,0.738,0.11,5.103734123032311e-51,16,POLB,188
4.2702943837574634e-55,2.6698815616155773,0.607,0.07,8.081532121260999e-51,16,RUBCN,189
1.0183083834187976e-54,3.347724285551365,0.328,0.022,1.9271486156200744e-50,16,SRD5A3,190
6.771516151887899e-54,2.564554001324155,0.639,0.079,1.2815094317447848e-49,16,SEL1L3,191
1.5266643910806064e-53,2.359262109878518,1,0.229,2.889212360120048e-49,16,NPC2,192
1.9734569471152677e-53,2.25692965923647,0.984,0.177,3.734767272415644e-49,16,FCER1G,193
3.3214082390324166e-53,2.421892034582643,0.705,0.094,6.285765092368848e-49,16,CD2AP,194
4.31300471321927e-53,3.3462276128819,0.295,0.019,8.162361419767468e-49,16,HS3ST3B1,195
1.1988329040948567e-52,3.213884168638734,0.311,0.021,2.2687912709995163e-48,16,FGD2,196
1.2394031383287785e-52,2.7024317624119636,0.508,0.053,2.3455704392872132e-48,16,HIVEP1,197
4.265780899849988e-52,2.6038718169188915,0.623,0.077,8.072990352966102e-48,16,MAPKAPK2,198
7.935226921361938e-52,2.7134930251814486,0.541,0.06,1.5017416948677467e-47,16,SNRNP25,199
9.625938703304439e-51,2.375281921089871,0.885,0.167,1.8217088996003652e-46,16,PTPRE,200
2.460599301820085e-50,2.561690055960295,0.41,0.036,4.65668417869451e-46,16,F11R,201
7.447291050579054e-50,3.097606744015984,0.344,0.027,1.409399831322086e-45,16,MOB1B,202
7.539119404724309e-50,3.2991648365196053,0.279,0.018,1.4267783473440755e-45,16,WNT10A,203
7.602698471794349e-50,2.6973094944814386,0.508,0.056,1.4388106857870807e-45,16,PARVB,204
1.040181936623898e-49,2.436654625396206,0.328,0.024,1.9685443150607272e-45,16,IGHM,205
1.4579074392537323e-49,3.0859029079137805,0.311,0.022,2.7590898287876885e-45,16,KYNU,206
1.4900228007963162e-49,3.099647698637928,0.311,0.022,2.819868150507028e-45,16,MFSD12,207
1.9324659995179317e-49,3.5946902784298422,0.262,0.016,3.657191904087686e-45,16,ALCAM,208
3.8315473219374614e-49,2.9185817464254313,0.377,0.032,7.251203306766645e-45,16,FES,209
1.0912601453274857e-48,2.1897600950600866,1,0.237,2.0652098250322666e-44,16,PLAC8,210
1.164561354252982e-47,2.6626061605928926,0.443,0.044,2.203932362923768e-43,16,RUNX2,211
1.7594464442870817e-47,2.714310929919899,0.492,0.054,3.3297523958133023e-43,16,NRROS,212
2.229968573954946e-47,2.305949284209836,0.754,0.119,4.2202155262097355e-43,16,CAT,213
3.541559725610299e-47,2.651073206884128,0.426,0.042,6.7024017807174915e-43,16,ZDHHC17,214
1.776749841355191e-45,3.1319059709145423,0.262,0.017,3.362499074764699e-41,16,CTNS,215
1.9234759578897467e-45,2.2860256113336326,0.803,0.143,3.6401782503063455e-41,16,TRAF4,216
2.3061193852474617e-45,2.3622984268319542,0.607,0.081,4.3643309365808213e-41,16,FEZ2,217
2.9664290268882424e-45,2.470597320553912,0.525,0.063,5.613966933385999e-41,16,IVD,218
4.001528891704551e-45,2.1321509183084792,0.984,0.264,7.572893427550862e-41,16,C12orf75,219
5.4727952237543274e-45,2.662591257642714,0.377,0.035,1.0357264960955064e-40,16,TBC1D4,220
1.0427237815307474e-44,2.314704160544978,0.754,0.126,1.9733547565469393e-40,16,JAML,221
1.7372020353062744e-44,2.073007946209518,0.852,0.154,3.2876548518171242e-40,16,IGFLR1,222
7.606172918163031e-44,2.559679794887084,0.508,0.061,1.4394682247623536e-39,16,AGPAT2,223
1.0137642137018766e-43,2.5032228023814405,0.525,0.065,1.9185487744308016e-39,16,NADK,224
1.2229411966009992e-43,2.7248263095866623,0.344,0.03,2.314416214567391e-39,16,ST3GAL2,225
1.705950420355068e-43,2.3804109070813766,0.541,0.069,3.2285111705219665e-39,16,NME4,226
1.7799591602169053e-43,2.8780516450245845,0.279,0.02,3.3685727107104934e-39,16,HLA-DOA,227
6.144853112612051e-43,2.8417059803042424,0.344,0.031,1.1629134515618306e-38,16,IFIT2,228
9.73668924051261e-43,2.3952612417058843,0.852,0.216,1.8426684387670116e-38,16,GPR183,229
5.4412352440205284e-42,2.183596071557131,0.754,0.13,1.029753769930885e-37,16,HIGD1A,230
9.559916805428265e-42,2.505066078511936,0.443,0.049,1.8092142554272992e-37,16,LRR1,231
2.479839669109866e-41,2.256108652465182,0.541,0.071,4.6930965737904215e-37,16,EDEM1,232
2.5962054019525103e-41,2.7925915425477723,0.377,0.037,4.913318723195126e-37,16,ABHD15,233
3.8077600344801976e-41,1.947508148840348,1,0.298,7.206185865253774e-37,16,HLA-DRA,234
9.28905366050009e-41,2.0971308932276393,0.689,0.11,1.757953405249642e-36,16,AD000671.2,235
1.4616788733544606e-40,2.1951567610133496,0.738,0.131,2.7662272678233167e-36,16,BRI3,236
3.3676994132044772e-40,2.6651720293666705,0.279,0.022,6.373371139489473e-36,16,ASPH,237
3.910624799284661e-40,2.007509944855403,0.902,0.189,7.400857432646221e-36,16,STMN1,238
4.087256764543113e-40,2.2197174943346094,0.721,0.129,7.735133426897841e-36,16,BID,239
1.0902889539339659e-39,2.8976012207521027,0.279,0.022,2.0633718453200304e-35,16,RIOX2,240
2.9321631691503194e-39,2.5680342208551292,0.41,0.045,5.549118797616979e-35,16,ANTXR2,241
2.6750270219888665e-38,1.9353922358009399,0.803,0.151,5.0624886391139295e-34,16,AP1S2,242
2.794744498752711e-38,1.9018234405170857,0.934,0.21,5.289053963889506e-34,16,HLA-DMA,243
5.853561295975381e-38,2.6485658309441322,0.377,0.04,1.1077864752633409e-33,16,TNFSF13B,244
1.5047050734876833e-37,2.7288916102409995,0.295,0.026,2.8476543515754405e-33,16,IFI44L,245
5.193400818313807e-37,2.8898632468407075,0.328,0.032,9.828511048658881e-33,16,NIPSNAP3A,246
6.361412204840082e-37,2.9621233022375435,0.279,0.024,1.2038972597659855e-32,16,TATDN3,247
1.3390952664738326e-36,1.9637367906705376,0.705,0.124,2.534237791801728e-32,16,PGD,248
2.8536352565435746e-36,2.767703513781903,0.279,0.024,5.400504723008715e-32,16,METTL7A,249
4.481597717873924e-36,3.095466028117265,0.262,0.022,8.481423681076401e-32,16,LIMD1,250
4.577506231739092e-36,2.206837880719913,0.492,0.067,8.662930543566231e-32,16,MIIP,251
5.983199498520416e-36,2.412832215909159,0.393,0.045,1.1323205050949887e-31,16,CLN8,252
1.6202712843361235e-35,2.205691265989311,0.475,0.063,3.0663634056061136e-31,16,GRAMD1B,253
3.0119362561963043e-35,2.4044335524322644,0.361,0.039,5.700089364851506e-31,16,TP53I11,254
3.508647736651189e-35,1.8676094816239015,0.918,0.224,6.640115841612376e-31,16,HLA-DQB1,255
7.539046265881579e-35,2.1099319799441423,0.508,0.073,1.426764505818089e-30,16,STX7,256
7.59405297802682e-35,2.8984874873614013,0.279,0.025,1.4371745260915757e-30,16,MYL6B,257
9.334470230909053e-35,2.1137003914812107,0.623,0.106,1.7665484911995385e-30,16,KLF10,258
3.86546540578541e-34,2.0596744468164525,0.492,0.069,7.315393280448889e-30,16,SLC15A4,259
4.384437294894366e-34,1.9424304302600315,0.607,0.1,8.297547580587589e-30,16,NUDT1,260
5.635556318651024e-34,2.2924118872914345,0.361,0.04,1.0665290333047064e-29,16,HSDL2,261
2.4027531689006815e-33,2.4187663313266157,0.393,0.049,4.5472103721445395e-29,16,OAS1,262
2.8369673355268638e-33,1.8240865124580172,0.672,0.12,5.36896068248459e-29,16,GRINA,263
2.9549638155412955e-33,1.909982593509248,0.639,0.111,5.592269020911902e-29,16,HYOU1,264
4.024753508175025e-33,2.450563996124265,0.393,0.049,7.616846014221235e-29,16,SCARB2,265
8.594231362137106e-33,2.0855785098297117,0.459,0.063,1.6264582852844471e-28,16,LAIR1,266
1.7250292970310543e-32,2.181554698775883,0.639,0.123,3.26461794463127e-28,16,MX1,267
2.625561929364265e-32,2.2663875749860454,0.377,0.046,4.968875951321871e-28,16,SLC12A7,268
2.7262807436932797e-32,1.75884095753603,0.984,0.264,5.159486307439532e-28,16,GZMB,269
3.87297465216906e-32,2.0706659364117193,0.459,0.065,7.329604529229947e-28,16,SMIM14,270
9.526243939896276e-32,1.6962812331133048,0.852,0.186,1.8028416656253703e-27,16,PYCARD,271
1.0132347845230267e-31,1.7497651966951275,0.951,0.272,1.917546829709828e-27,16,SELENOS,272
1.0525618864690611e-31,1.528224772910591,0.459,0.064,1.991973370142698e-27,16,AIF1,273
1.1624951149802979e-31,2.364110265872131,0.377,0.047,2.2000220051002137e-27,16,NCF4,274
1.3400525046225382e-31,2.436637404201771,0.311,0.033,2.5360493649981535e-27,16,SMCO4,275
2.127864546412158e-31,2.1835155940950353,0.426,0.058,4.026983654085009e-27,16,GMPPB,276
2.840444285450742e-31,2.229580349405087,0.393,0.051,5.37554081021553e-27,16,TAX1BP3,277
3.63318016348404e-31,1.7254473752016597,0.951,0.299,6.875793459393546e-27,16,PLP2,278
6.364187567397965e-31,2.211690843469539,0.475,0.072,1.2044224971300649e-26,16,ATF5,279
6.656398545167845e-31,2.120265337226112,0.344,0.04,1.2597234246730147e-26,16,SH2D3C,280
9.325230947585854e-31,2.8002241974372,0.311,0.035,1.764799956830623e-26,16,NAGA,281
1.6476103168505928e-30,1.7148782597930472,0.951,0.278,3.1181025246397465e-26,16,HLA-DQA1,282
1.7627057396463816e-30,2.1877609076539835,0.393,0.052,3.335920612280777e-26,16,ZDHHC4,283
1.8975560078307467e-30,2.6154040683249242,0.311,0.035,3.591124744819688e-26,16,GNAQ,284
7.221594202975912e-30,2.091846887009111,0.41,0.056,1.3666867029131914e-25,16,STRBP,285
9.361648973866345e-30,2.2103471116728466,0.459,0.07,1.7716920683042058e-25,16,SH3GL1,286
1.355754261108411e-29,1.9255007140505496,0.754,0.182,2.565764939147668e-25,16,RAB11FIP1,287
1.3788824757608943e-29,2.609172040874164,0.295,0.032,2.6095350853774926e-25,16,CHPF,288
3.093963442533511e-29,2.109239721513179,0.492,0.08,5.85532581499467e-25,16,RASSF2,289
3.296026854110757e-29,2.090887398375621,0.377,0.05,6.237730821404608e-25,16,GALK1,290
3.8759836306821943e-29,2.2684655445553084,0.311,0.035,7.335299021066053e-25,16,ADAM19,291
7.709662796419071e-29,2.3089347433775185,0.295,0.032,1.4590536842223091e-24,16,ABHD6,292
8.25939511630236e-29,2.5730046302438323,0.262,0.026,1.5630905257602215e-24,16,CDK2AP1,293
1.2669734097001578e-28,2.358915009727108,0.361,0.047,2.3977471778575485e-24,16,PLIN3,294
1.3081956791145247e-28,1.97487858912354,0.607,0.118,2.4757603227242382e-24,16,ERCC1,295
2.5403088644607957e-28,2.2670046175779763,0.377,0.051,4.807534525992056e-24,16,QKI,296
2.6763333196377564e-28,1.5529261677203932,1,0.36,5.064960807414454e-24,16,RNASET2,297
4.9608819318627175e-28,2.4893830011468507,0.262,0.027,9.388469056050193e-24,16,HYI,298
1.2389281853559007e-27,1.912479510854211,0.59,0.114,2.344671590786042e-23,16,A1BG,299
1.882864874919914e-27,2.340566486677429,0.393,0.058,3.563321775785937e-23,16,AHCY,300
2.025519431589016e-27,1.7865488249905497,0.738,0.17,3.8332955242822125e-23,16,SLC20A1,301
2.1732079110832654e-27,2.5777943760992605,0.279,0.031,4.1127959717250796e-23,16,SUSD1,302
2.6529271450490276e-27,2.024823535189183,0.492,0.083,5.020664622005285e-23,16,CUX1,303
4.213166579682463e-27,2.427509625392964,0.311,0.038,7.973417752049062e-23,16,SLC43A3,304
6.618861041672501e-27,1.767744548027005,0.525,0.093,1.2526194521365208e-22,16,NUDT22,305
1.322934166791572e-26,1.7741916213800977,0.607,0.119,2.50365291065305e-22,16,ALG2,306
2.616810684308298e-26,1.8922523413664913,0.361,0.05,4.952314220053454e-22,16,DNAJC5,307
3.057846687178716e-26,1.6943448173893747,0.705,0.156,5.786974855485721e-22,16,CXCR3,308
3.083104390756678e-26,1.8804268798894719,0.426,0.066,5.834775059507013e-22,16,TGFBR1,309
4.171925662476573e-26,2.205523547057759,0.361,0.051,7.895369316236914e-22,16,CNP,310
5.827017846253722e-26,2.142329281092285,0.344,0.047,1.1027631274035168e-21,16,USP24,311
8.360449889593112e-26,1.794871605816484,0.574,0.113,1.5822151416054965e-21,16,MIF4GD,312
9.087119030146464e-26,1.7455232471181477,0.656,0.142,1.7197372764552182e-21,16,INPP4A,313
9.315706185340494e-26,1.86653182581153,0.443,0.072,1.7629973955756885e-21,16,SMC6,314
9.472778921453484e-26,2.295586667402132,0.344,0.047,1.7927234108850716e-21,16,TMEM19,315
1.0104563261421537e-25,1.7557905306133645,0.574,0.111,1.9122885972240258e-21,16,NAGK,316
1.0450319807637573e-25,1.5953264277813433,0.869,0.232,1.9777230235954106e-21,16,PLEK,317
1.473240801052916e-25,1.6012387415984808,0.82,0.208,2.7881082159926436e-21,16,CLIC3,318
1.8438967402424586e-25,1.8072230490374375,0.623,0.132,3.489574580908853e-21,16,MALT1,319
1.9059083814112576e-25,1.9953692070285574,0.361,0.051,3.606931611820805e-21,16,HSD17B4,320
2.4664908165513747e-25,1.5407393707313288,0.77,0.181,4.667833870323477e-21,16,APEX1,321
4.1201066919937863e-25,2.198735280695778,0.377,0.057,7.79730191459824e-21,16,HADH,322
7.31891191998825e-25,2.084785202677443,0.344,0.048,1.3851040808577763e-20,16,CREB3L2,323
7.597224579688767e-25,1.6089348088369617,0.607,0.123,1.437774751706099e-20,16,DCK,324
9.417559266854304e-25,2.2707667313396906,0.279,0.033,1.7822730912521772e-20,16,MAP2K6,325
1.0291597488342974e-24,2.253777758911246,0.344,0.049,1.9476848246689078e-20,16,KDM3B,326
1.229212997138868e-24,1.6425641688344932,0.623,0.13,2.3262855970853075e-20,16,TMEM14C,327
1.8330254194014134e-24,1.6220276814456656,0.639,0.139,3.469000606217175e-20,16,FAM96A,328
3.2428899534373746e-24,1.6845739808537201,0.59,0.121,6.137169236880232e-20,16,CYSTM1,329
6.494062476854573e-24,1.7193845909762049,0.656,0.15,1.2290013237447278e-19,16,USF2,330
7.963335404471593e-24,1.6258888058576586,0.787,0.21,1.507061225296249e-19,16,PHB,331
9.751775970969399e-24,1.584518906924959,0.623,0.135,1.8455236025059587e-19,16,DNAJC4,332
1.0714364710991224e-23,1.8168173476043568,0.508,0.097,2.0276935215550892e-19,16,HSD17B12,333
1.4997292496131564e-23,2.212350638344923,0.279,0.035,2.8382376048928985e-19,16,THUMPD2,334
1.5197800973444344e-23,1.6328926590955557,0.623,0.134,2.876183834224342e-19,16,TPP1,335
1.8336090870087416e-23,2.3165545208687623,0.262,0.032,3.4701051971640437e-19,16,LY96,336
2.132992790798202e-23,2.0586166122586125,0.361,0.055,4.0366888565855974e-19,16,N4BP2,337
2.3245291152659537e-23,1.7122209759639049,0.492,0.092,4.399171350640817e-19,16,SNAP29,338
2.3705828128603532e-23,1.5068422634221197,0.934,0.397,4.486327973338218e-19,16,TXN,339
2.6434896608211866e-23,1.837800376757583,0.361,0.054,5.002804183104096e-19,16,SPNS3,340
3.101174202480756e-23,1.1062389074201957,1,0.598,5.868972178194831e-19,16,SEC61B,341
3.162932532353502e-23,1.5985086069080938,0.738,0.189,5.985849817479002e-19,16,PPM1K,342
3.431957340688894e-23,1.477369065067108,0.607,0.128,6.494979267253732e-19,16,CNDP2,343
4.312679591123745e-23,1.9723799693249022,0.328,0.047,8.161746126201687e-19,16,TMEM159,344
4.437542252567146e-23,1.6977379573527875,0.525,0.104,8.398048712983324e-19,16,ADA,345
5.95074970544662e-23,1.7468301327316027,0.443,0.078,1.1261793817557729e-18,16,PEA15,346
6.876247125133651e-23,2.1723914711584036,0.279,0.036,1.3013297684315435e-18,16,C15orf39,347
8.699736487096162e-23,1.6069074746224963,0.557,0.115,1.6464251301829487e-18,16,UBL7,348
1.077874434475925e-22,2.0479134265038534,0.361,0.057,2.0398773672456883e-18,16,WDFY2,349
1.316818226585884e-22,1.7803892128108578,0.459,0.085,2.4920784938137856e-18,16,PDPK1,350
1.581189789764768e-22,2.1176684281791682,0.279,0.036,2.9924016771298235e-18,16,REPIN1,351
2.482501040244018e-22,1.8731038111219807,0.377,0.061,4.698133218661804e-18,16,GALNT2,352
2.5346758319278817e-22,1.61277290753012,0.607,0.134,4.796874011923516e-18,16,SKAP2,353
3.0492592041701073e-22,1.5071550199657189,0.869,0.278,5.770723043891928e-18,16,CNPY3,354
3.2309845627078974e-22,1.4982558459930844,0.672,0.158,6.114638284924696e-18,16,LYN,355
3.3414763176587853e-22,1.8042791078129348,0.361,0.057,6.323743931169251e-18,16,TET2,356
4.1966242451855023e-22,1.5976168908172703,0.574,0.122,7.942111384013562e-18,16,SFT2D2,357
5.000857605896108e-22,1.5849137324376934,0.787,0.241,9.464123019158384e-18,16,HLA-DRB5,358
5.217720620271757e-22,1.4280312560913093,0.902,0.28,9.874536273864302e-18,16,SAMHD1,359
7.429372571802409e-22,1.8356534705302368,0.344,0.053,1.406008759213606e-17,16,PRKCD,360
7.748660557137402e-22,1.7107136289773186,0.41,0.071,1.4664340104382533e-17,16,DTNBP1,361
8.511315510160466e-22,1.811269468440835,0.344,0.053,1.610766460297868e-17,16,SLC25A19,362
9.887733272542852e-22,1.9708615262027924,0.311,0.045,1.8712535218287346e-17,16,BAIAP2,363
9.892427341946715e-22,1.4006415027655343,1,0.296,1.8721418744634158e-17,16,TYROBP,364
1.1575246602808422e-21,2.2121073613401454,0.262,0.033,2.190615419581494e-17,16,DAAM1,365
1.1937570843435998e-21,1.7511729368362206,0.426,0.076,2.2591852821202627e-17,16,SPART,366
1.346974526262802e-21,1.7496402908720181,0.492,0.099,2.5491492909523527e-17,16,TMEM141,367
1.4246816686074574e-21,1.6390464245666347,0.59,0.133,2.696210057839613e-17,16,ADI1,368
1.4923397158161455e-21,1.5906306794168428,0.705,0.179,2.824252912182055e-17,16,IRF2BP2,369
1.708711980283548e-21,1.3955658100007164,0.82,0.224,3.2337374226866143e-17,16,LIME1,370
3.458192486370629e-21,1.8820048140268162,0.344,0.055,6.544629280456416e-17,16,BRI3BP,371
3.9901711762871104e-21,1.5848796809334167,0.492,0.098,7.551398951123357e-17,16,STT3A,372
4.214344614699802e-21,1.6936822541227055,0.426,0.078,7.975647183319374e-17,16,HIST1H2AC,373
4.626979489352766e-21,1.4515199966010794,0.443,0.081,8.75655868360011e-17,16,PIK3CG,374
4.771477907866661e-21,1.685424613191945,0.426,0.078,9.030021940637655e-17,16,NUP62,375
5.651339278651779e-21,1.8586222171826883,0.459,0.093,1.0695159584848491e-16,16,ATF3,376
6.365797477670165e-21,2.020404368077166,0.295,0.042,1.2047271726490788e-16,16,NPIPB5,377
8.436650291759678e-21,1.4484145713349998,0.607,0.138,1.596636067715519e-16,16,COMT,378
8.890791285343304e-21,1.5479416353055142,0.557,0.122,1.6825822507512204e-16,16,RALA,379
1.0916460989952148e-20,2.0283497952456226,0.361,0.061,2.065940242348444e-16,16,CXorf40A,380
2.4152464139345346e-20,1.754305500555279,0.393,0.071,4.570853838371107e-16,16,NFX1,381
2.7018189865989566e-20,1.4375412418146312,0.869,0.355,5.113192432138526e-16,16,RGS2,382
3.168584259769075e-20,1.379641623695581,0.82,0.234,5.996545711612975e-16,16,UBE2J1,383
4.495311381851048e-20,1.4376130176490571,0.639,0.154,8.507376790153108e-16,16,PTMS,384
4.5982303780118805e-20,1.1233734602494279,1,0.511,8.702150990387484e-16,16,HLA-DPA1,385
5.76784402464821e-20,1.9297227325871278,0.279,0.04,1.0915644816646737e-15,16,WIPI1,386
6.208019720625398e-20,1.2407782555493199,0.967,0.427,1.1748677321283565e-15,16,PSAP,387
8.389016883284539e-20,1.499000239516257,0.607,0.147,1.587621445161599e-15,16,MAP3K2,388
1.0193142360623967e-19,1.7335884727986475,0.328,0.053,1.929052191748086e-15,16,CHD1L,389
1.1055011054481481e-19,1.7912744865195735,0.361,0.063,2.09216084206062e-15,16,EXOSC5,390
1.3168072428004306e-19,1.7380916945319607,0.443,0.088,2.492057706999815e-15,16,RELL1,391
1.9867847857376653e-19,1.4914679895250589,0.475,0.098,3.759990207008532e-15,16,TP53I13,392
3.486174052048325e-19,1.3341864172868807,0.639,0.156,6.597584393501455e-15,16,PLA2G16,393
3.748361702788085e-19,1.3516707773299002,0.738,0.198,7.09377452252645e-15,16,PRKCB,394
3.7821693153377815e-19,1.3634253675463757,0.836,0.262,7.157755429276752e-15,16,FKBP2,395
4.095989877778641e-19,2.2564510141730874,0.279,0.042,7.751660843696078e-15,16,MMP23B,396
4.750318823184874e-19,1.232532765646198,0.951,0.426,8.989978372877374e-15,16,HERPUD1,397
4.889776188562073e-19,1.9000855637382765,0.262,0.037,9.253901436853723e-15,16,ARHGAP5,398
5.130966160053182e-19,1.4316920625749157,0.557,0.127,9.710353457900647e-15,16,N4BP2L1,399
5.966805923573104e-19,1.4699423337147048,0.754,0.227,1.12921802103621e-14,16,TM9SF2,400
5.993669877491159e-19,1.604320439143853,0.557,0.134,1.1343020243152018e-14,16,ETV3,401
6.22865834715757e-19,1.5915281091390308,0.492,0.108,1.1787735921995701e-14,16,HINT2,402
1.0053106829529359e-18,1.3269841059605536,0.672,0.173,1.902550467488431e-14,16,SNX9,403
1.4290339635504687e-18,1.7913581017856806,0.361,0.066,2.704446776019262e-14,16,TMEM175,404
1.5321800053986268e-18,1.745991928142974,0.361,0.065,2.8996506602169015e-14,16,CXXC5,405
1.5703940998235178e-18,1.4233007318681377,0.639,0.163,2.9719708339160075e-14,16,RNF5,406
2.362957651977852e-18,1.7295973622469878,0.311,0.051,4.471897356368085e-14,16,PXK,407
3.050529575174295e-18,1.2794608088445254,0.574,0.135,5.773127221017353e-14,16,RNF13,408
3.0976660316948663e-18,1.3788296208740571,0.672,0.179,5.862332964982534e-14,16,PRMT9,409
3.2818095112035113e-18,0.5764218709360005,1,0.894,6.210824499952645e-14,16,CD74,410
3.601924129159172e-18,1.4068348878927475,0.672,0.179,6.816641414433733e-14,16,BAG1,411
3.920433280991427e-18,1.7150921308864744,0.377,0.071,7.419419984276275e-14,16,SCO2,412
4.7897839346482094e-18,1.5516068587068714,0.377,0.071,9.064666096321736e-14,16,LINC02256,413
5.488437801951273e-18,1.583556070972726,0.361,0.066,1.0386868540192783e-13,16,FAM49A,414
5.5660050937023005e-18,1.5981744468537884,0.311,0.052,1.0533664639831603e-13,16,SNX29,415
5.664343401818695e-18,1.3278141483701282,0.77,0.226,1.071976988794188e-13,16,FERMT3,416
5.9749360529090155e-18,1.445860077660317,0.459,0.098,1.1307566480130312e-13,16,ARHGAP17,417
6.657120382768304e-18,1.441461521081457,0.525,0.122,1.2598600324389016e-13,16,PLSCR1,418
9.315403255123999e-18,1.6835858888937496,0.344,0.062,1.7629400660322169e-13,16,KCTD5,419
1.0954796736664537e-17,1.4848534856084223,0.377,0.072,2.0731952824137637e-13,16,PARP10,420
1.676537649455406e-17,1.351236161219445,0.639,0.167,3.172847501594356e-13,16,RNF11,421
2.2110763906845292e-17,1.8284998716150966,0.262,0.04,4.1844620693704714e-13,16,CPPED1,422
2.3091288430367562e-17,1.4283302966843998,0.344,0.062,4.370026335447061e-13,16,KDM4B,423
5.01513855411983e-17,1.508041431350046,0.459,0.103,9.491149713671779e-13,16,VMA21,424
6.011250448463205e-17,1.2921029270182798,0.738,0.216,1.1376291473716617e-12,16,TMEM109,425
6.052824965299749e-17,1.8455696784817965,0.311,0.055,1.1454971246829777e-12,16,QDPR,426
6.556779608922707e-17,1.6588431952619043,0.344,0.065,1.2408705409886222e-12,16,ZCCHC8,427
7.018994014919194e-17,1.2492507847830732,0.852,0.278,1.3283446173234574e-12,16,SELPLG,428
7.659031486763118e-17,1.0550519803251466,1,0.507,1.4494717088699202e-12,16,HLA-DRB1,429
1.0896702849988703e-16,1.4631491212798158,0.541,0.137,2.062201014360362e-12,16,PTRHD1,430
1.3867258284988868e-16,1.7510290979498124,0.295,0.051,2.624378630434143e-12,16,ATP13A1,431
1.6483752936763518e-16,1.3254593467506943,0.59,0.154,3.119550243282496e-12,16,AKR1A1,432
1.7703949988914648e-16,1.3486027175054665,0.525,0.128,3.3504725354020973e-12,16,HEXB,433
2.224888808214835e-16,1.0778596410852046,1,0.485,4.210602069546575e-12,16,SPCS1,434
2.3146294212377077e-16,1.3788216059102443,0.508,0.122,4.3804361796923614e-12,16,CRTAP,435
2.444980411459497e-16,1.9018692889242281,0.279,0.047,4.627125428687098e-12,16,FMNL3,436
2.7313065554831054e-16,1.5483476558328249,0.279,0.046,5.168997656251777e-12,16,LINC00909,437
2.912080158566175e-16,1.5765502946368963,0.328,0.061,5.5111117000864865e-12,16,FUOM,438
2.9450533538484513e-16,1.3182181128152537,0.59,0.155,5.573513472158194e-12,16,DNAJC7,439
3.122247061560218e-16,1.7362589179891137,0.279,0.047,5.908852564002713e-12,16,ST3GAL4,440
3.1822847464827564e-16,1.5385035856943545,0.344,0.066,6.022473882718617e-12,16,ODF3B,441
3.3705794342591777e-16,1.585755221889491,0.393,0.083,6.378821579335494e-12,16,ITPR2,442
3.5142221042321884e-16,1.2322119599469659,0.574,0.146,6.650665332259417e-12,16,CCS,443
3.760079778856264e-16,1.2057998812083202,0.885,0.312,7.11595098148548e-12,16,SIVA1,444
4.966408329550702e-16,1.524995064688987,0.459,0.108,9.398927763674702e-12,16,COPG1,445
6.285204204127192e-16,1.4503013740457653,0.492,0.121,1.1894748956310711e-11,16,ADA2,446
6.677594663250185e-16,1.4644944329014526,0.393,0.083,1.2637347900200976e-11,16,MARCH2,447
7.071511082262829e-16,2.142373514270107,0.262,0.044,1.3382834723182404e-11,16,XIST,448
8.675146662156186e-16,1.236348334497731,0.852,0.308,1.6417715058130582e-11,16,CDKN1A,449
1.1251969280436072e-15,1.3055144656977038,0.492,0.119,2.1294351863225266e-11,16,PAIP1,450
1.293298630345207e-15,1.4145361668074943,0.443,0.103,2.4475676579283043e-11,16,IFNAR1,451
1.3282227518260458e-15,1.3029494019794974,0.689,0.209,2.5136615578307917e-11,16,DBNL,452
1.377117941148924e-15,1.1534785103979017,0.443,0.099,2.6061957036243388e-11,16,TSEN34,453
1.3974878146362818e-15,1.4777942754381237,0.41,0.091,2.6447456891991633e-11,16,DCPS,454
1.5699335457332932e-15,1.1617830972921912,0.541,0.135,2.9710992353002574e-11,16,FAM53C,455
1.7210695741088819e-15,1.2756718448745592,0.459,0.107,3.257124169001059e-11,16,NFATC2IP,456
1.8445450443839293e-15,1.8654597777181232,0.311,0.059,3.490801496496586e-11,16,SNN,457
2.0559293922980346e-15,1.5551634306614983,0.328,0.064,3.8908463749240304e-11,16,HDAC9,458
2.2172161988953554e-15,1.4611128786122087,0.393,0.086,4.19608165640946e-11,16,ANAPC15,459
3.3363452652320363e-15,1.2002958153005574,0.852,0.308,6.314033414451629e-11,16,ZNF706,460
3.4908863660356782e-15,1.6516140370917096,0.262,0.044,6.606502447722521e-11,16,ELMOD2,461
3.4930049328021634e-15,1.2448451121947053,0.59,0.16,6.610511835328095e-11,16,CAPRIN1,462
7.835409710359826e-15,1.6657466267563086,0.311,0.061,1.482851287685597e-10,16,GPN3,463
8.355539983255399e-15,1.2286497918036432,0.475,0.116,1.5812859418310843e-10,16,SPOP,464
9.615508130913563e-15,1.1024821187490965,0.754,0.244,1.8197349137753916e-10,16,NR4A1,465
1.0310596444918913e-14,1.5750326205613487,0.361,0.078,1.9512803772009042e-10,16,MKKS,466
1.057574494883872e-14,1.241021612709417,0.656,0.199,2.0014597315677277e-10,16,AP3S1,467
1.721957552506013e-14,1.34398354885521,0.475,0.12,3.2588046681176296e-10,16,NUTM2B-AS1,468
1.7546290257078584e-14,1.3331516222474276,0.508,0.133,3.3206354311521217e-10,16,TRIM44,469
1.897513914483455e-14,1.359128928990729,0.475,0.12,3.591045083159938e-10,16,MX2,470
2.017783156537237e-14,1.5413986579473256,0.295,0.056,3.818654623746721e-10,16,SCAMP4,471
2.0803540748174578e-14,1.1885743188482514,0.541,0.143,3.9370700865920386e-10,16,BCL2L11,472
2.22388392024505e-14,1.244491837367072,0.492,0.126,4.2087003190637575e-10,16,ESD,473
2.4002612763647328e-14,1.2203353603591354,0.41,0.094,4.542494465520257e-10,16,COQ4,474
2.5205265812482788e-14,1.1491542703570243,0.443,0.106,4.770096555012367e-10,16,NFKBID,475
2.5742551282428162e-14,1.322549740000511,0.59,0.172,4.87177783019953e-10,16,LAP3,476
3.003592963165177e-14,1.3802476352607804,0.492,0.13,5.684299682790097e-10,16,RAP1GDS1,477
3.026849477132682e-14,0.9915375946188716,0.967,0.508,5.7283126354736e-10,16,HLA-DPB1,478
3.0889703880115146e-14,1.2047522554964003,0.672,0.206,5.845876459311791e-10,16,MLEC,479
3.6457201149397484e-14,1.2756297173217648,0.475,0.12,6.899525317523474e-10,16,SRPRB,480
3.903442211255052e-14,1.5220880206987182,0.328,0.068,7.387264384800186e-10,16,POLD2,481
3.9376434850883254e-14,1.0500623130689306,0.984,0.433,7.451990295529656e-10,16,UCP2,482
4.383091041324929e-14,1.2474493496976535,0.574,0.162,8.294999795707429e-10,16,SMARCB1,483
5.1807439010923416e-14,1.6139543224736586,0.295,0.057,9.804557832817257e-10,16,MDN1,484
6.341100355096656e-14,1.2901434602803945,0.541,0.153,1.2000532422020422e-9,16,TIMM13,485
6.41622599622602e-14,1.6980866207150114,0.279,0.053,1.2142707697857742e-9,16,NCLN,486
6.433716898967036e-14,1.1659022566480455,0.426,0.102,1.2175809231295115e-9,16,RBBP8,487
8.173332170406631e-14,1.3163344004829616,0.541,0.153,1.5468031132494548e-9,16,GRSF1,488
8.341977334139787e-14,1.1521781793586068,0.41,0.096,1.5787192104859547e-9,16,MDM4,489
9.054771373347405e-14,1.147581803393434,0.705,0.226,1.7136154824059965e-9,16,NHP2,490
9.630837245355455e-14,1.7748231647365533,0.295,0.059,1.82263594868352e-9,16,HIST1H2BK,491
9.756498532770671e-14,1.859608640975647,0.311,0.066,1.8464173473268495e-9,16,RELT,492
1.0297046277037591e-13,1.5729480885111076,0.328,0.07,1.948716007929364e-9,16,SLC1A4,493
1.330673914614055e-13,1.1381785994888451,0.59,0.17,2.5183003834070994e-9,16,ARFGAP3,494
1.3537505957306816e-13,1.1678033103110237,0.689,0.224,2.561973002420315e-9,16,DSTN,495
1.507863938297571e-13,1.0783195442954225,0.508,0.135,2.8536325032281528e-9,16,SCNM1,496
1.5145734228292508e-13,1.1118849930478698,0.541,0.15,2.866330202704357e-9,16,GTF2I,497
1.5315164999005435e-13,1.4810865936331785,0.344,0.076,2.8983949760617784e-9,16,MCM5,498
1.950917018757909e-13,1.2373149246791595,0.459,0.118,3.692110457999343e-9,16,ADPGK,499
2.2406959858390033e-13,1.046977155823237,0.787,0.26,4.2405171532003135e-9,16,TALDO1,500
2.3048365642063703e-13,1.1539024321826146,0.672,0.213,4.361903197760556e-9,16,PTPN1,501
2.593032497745124e-13,1.2737552072080012,0.443,0.113,4.9073140019826466e-9,16,PLEKHO1,502
2.9344987863776303e-13,1.5269646858064334,0.279,0.055,5.553538953219666e-9,16,OXR1,503
3.072556999922859e-13,1.624742827109905,0.295,0.06,5.814814122354011e-9,16,MAP4K4,504
3.435271879901112e-13,1.2879019331591506,0.279,0.054,6.501252032712855e-9,16,AC005332.5,505
3.631611351609445e-13,1.7026938388817896,0.279,0.055,6.872824482920874e-9,16,HDGFL2,506
3.8150214934558136e-13,1.1455590736587495,0.59,0.174,7.219928176365127e-9,16,SEC61A1,507
4.0463031555474725e-13,1.7602849522582646,0.295,0.062,7.657628721873592e-9,16,JKAMP,508
4.155697710778297e-13,1.1864311597224568,0.508,0.141,7.864657917647928e-9,16,APPL1,509
4.354643122244404e-13,1.5142700163232414,0.344,0.078,8.241162108847535e-9,16,GALNT3,510
4.955046575312792e-13,1.4065861684155294,0.41,0.103,9.377425643779459e-9,16,PPP6R1,511
5.296430939561614e-13,1.1586323494999322,0.738,0.26,1.0023495553120353e-8,16,KIF5B,512
6.546903638182235e-13,1.3914794954561631,0.344,0.078,1.239001513525988e-8,16,ARSA,513
6.872672295859398e-13,1.1487154067663017,0.557,0.161,1.300653231991391e-8,16,SND1,514
7.090946796397484e-13,1.027907298061898,0.885,0.416,1.3419616812182239e-8,16,VAMP8,515
7.596723065124584e-13,1.1606006240007116,0.508,0.142,1.4376798400748276e-8,16,PECAM1,516
7.762643664470148e-13,1.5919165280444074,0.262,0.051,1.4690803135009755e-8,16,NAPRT,517
7.929826336661984e-13,1.3850351501614304,0.279,0.055,1.5007196342132806e-8,16,WDR77,518
8.723684131642106e-13,1.4824272773617357,0.311,0.067,1.6509572219132687e-8,16,BCL2L13,519
8.975482997013676e-13,1.4055222547682218,0.492,0.142,1.698610157184838e-8,16,CHMP5,520
9.82779863944535e-13,1.0447201675655595,0.672,0.212,1.8599108925150324e-8,16,CHMP4B,521
1.0322638506819313e-12,1.171460801460809,0.361,0.084,1.9535593374155552e-8,16,LEPROT,522
1.0712802971314833e-12,1.1655009645017087,0.656,0.212,2.0273979623213322e-8,16,OFD1,523
1.143731801085735e-12,1.1668987682079859,0.59,0.179,2.1645124335547535e-8,16,SOCS3,524
1.1939437051436388e-12,1.5016248025461025,0.279,0.056,2.2595384619843366e-8,16,PIP5K1A,525
1.429139285328681e-12,1.3253901973627407,0.311,0.068,2.704646097484529e-8,16,USP7,526
1.4451741599919318e-12,1.0572225804445643,0.885,0.335,2.734992097784731e-8,16,OSTC,527
1.4712141333035592e-12,1.0591775366042286,0.885,0.345,2.7842727472769857e-8,16,SNX3,528
1.651300202198754e-12,1.2391278717794354,0.459,0.125,3.125085632661142e-8,16,CHD9,529
1.7225176513576702e-12,1.3666703990903493,0.361,0.087,3.2598646551943906e-8,16,NDUFA7,530
1.823102291383751e-12,1.0831671245205297,0.508,0.142,3.450221086443749e-8,16,RASGRP2,531
2.2156373735798106e-12,0.9856992541974039,0.934,0.437,4.1930937294997915e-8,16,ERP29,532
2.692155612590574e-12,1.0934259880662986,0.508,0.143,5.094904496827661e-8,16,HMGA1,533
2.7785043201158672e-12,1.3724451218468774,0.377,0.094,5.2583194258192786e-8,16,SEPT11,534
2.9803787259024516e-12,0.89991369758275,0.984,0.512,5.64036673877039e-8,16,PARK7,535
4.7285091480724865e-12,1.007570047688793,0.803,0.298,8.94870356272718e-8,16,SSR3,536
4.873118476228016e-12,1.3488584299929467,0.311,0.07,9.22237671626152e-8,16,AGPAT5,537
5.1296319314417305e-12,0.8853065150543966,0.803,0.269,9.707828430253475e-8,16,CTSS,538
5.347363207489544e-12,1.175739654946226,0.361,0.087,1.0119884870173962e-7,16,CTDP1,539
6.878365253641123e-12,1.5280355588174588,0.311,0.072,1.3017306242515826e-7,16,UCHL3,540
8.025906731389311e-12,0.9896508008865519,0.738,0.257,1.5189028489154272e-7,16,NUCB2,541
8.208658543215033e-12,1.0201489389796357,0.607,0.189,1.5534886293034449e-7,16,PDIA4,542
9.906547245940246e-12,1.280981548784958,0.328,0.077,1.8748140662941915e-7,16,SLC35E1,543
1.0595079306474985e-11,1.1129708065423778,0.557,0.172,2.0051187587503907e-7,16,PRDX3,544
1.2553131282739661e-11,1.1969679234111665,0.525,0.161,2.375680095258481e-7,16,NBDY,545
1.3438700873809066e-11,1.2062508003319234,0.311,0.071,2.543274140368366e-7,16,PTRH2,546
1.476219856568768e-11,0.9627552491183661,0.607,0.19,2.7937460785563936e-7,16,KDELR1,547
1.514650194035772e-11,1.0540052877908601,0.623,0.206,2.8664754922126983e-7,16,ATP5MC1,548
1.520233144549793e-11,1.285499053758799,0.311,0.072,2.8770412260604835e-7,16,MCFD2,549
1.7959357559604773e-11,1.192636486162757,0.262,0.054,3.3988084181552033e-7,16,KDM1A,550
1.8234551108993158e-11,0.8833343430772826,0.557,0.166,3.450888797376955e-7,16,GNL3,551
2.0409019703804388e-11,1.2385419430716562,0.361,0.091,3.8624069789449806e-7,16,PIK3R5,552
2.232746203124367e-11,0.9831708863785666,0.59,0.188,4.2254721894128643e-7,16,PQBP1,553
2.242589251993534e-11,0.9861006861477575,0.869,0.335,4.2441001593977636e-7,16,CANX,554
2.3282927684130404e-11,1.156406732004668,0.361,0.091,4.406294064221679e-7,16,INTS10,555
2.4009360119571253e-11,1.2770184472530497,0.377,0.098,4.5437714026288596e-7,16,SINHCAF,556
2.9049308680917377e-11,0.8832219380441688,0.705,0.233,5.497581667863613e-7,16,AP2S1,557
2.9095898479911685e-11,0.9816083599013863,0.754,0.274,5.506398787323287e-7,16,HM13,558
3.4264648558802465e-11,0.9953700341349192,0.721,0.261,6.484584739753367e-7,16,AC004687.1,559
3.581151590123543e-11,0.993695935571978,0.705,0.244,6.777329384308805e-7,16,TACC1,560
3.692332338119875e-11,1.0169094232815967,0.836,0.331,6.987738949891864e-7,16,ATP6V0B,561
3.693705656074106e-11,1.0934554114516344,0.393,0.105,6.990337954120247e-7,16,MCTS1,562
3.734830279458272e-11,0.9436091443209882,0.754,0.263,7.068166303874779e-7,16,COX7A2L,563
3.791901088673061e-11,1.0715064236823657,0.557,0.178,7.176172810313769e-7,16,FYTTD1,564
3.8581809631530395e-11,1.104063265823128,0.443,0.125,7.301607472767127e-7,16,UBE2G2,565
3.903248618360536e-11,0.9614094843006973,0.852,0.323,7.386898010247314e-7,16,LAPTM4A,566
3.9990400634213044e-11,1.2661104161898455,0.41,0.114,7.568183320024818e-7,16,MYD88,567
4.139651342082114e-11,1.0610585807815869,0.541,0.167,7.834290164890401e-7,16,CCDC69,568
4.379460572057559e-11,0.942161525005642,0.607,0.195,8.288129132618931e-7,16,PIM2,569
4.392402491397026e-11,1.0934039678757719,0.426,0.118,8.312621714968872e-7,16,PSMB5,570
5.299243373536547e-11,0.9070122278862672,0.705,0.239,1.0028818084417915e-6,16,NUCB1,571
6.17207860587583e-11,0.9469652443963936,0.623,0.204,1.168065876162001e-6,16,NDUFC2,572
6.407746897472222e-11,1.0162066639295753,0.459,0.132,1.212666100346618e-6,16,PFKL,573
6.588085028964577e-11,1.480156278864373,0.311,0.077,1.246795091731546e-6,16,MICAL1,574
6.704156486522788e-11,1.2251832154472848,0.361,0.094,1.2687616150744375e-6,16,RMC1,575
7.66712034157234e-11,1.0239982228857913,0.656,0.227,1.4510025246425656e-6,16,H2AFY,576
7.712137696143298e-11,1.080408104604566,0.475,0.142,1.459522058995119e-6,16,CD300A,577
7.743589977298031e-11,0.9528881567357478,0.475,0.138,1.4654744032036523e-6,16,NANS,578
8.118445844231096e-11,1.0808106481515092,0.557,0.181,1.536415876020735e-6,16,LSM4,579
8.334991134123721e-11,1.2129988190364698,0.262,0.057,1.5773970721329142e-6,16,SRFBP1,580
8.766057900079954e-11,1.0152039284943752,0.459,0.134,1.6589764575901312e-6,16,LSM10,581
8.820980849051105e-11,0.9080540243991764,0.787,0.283,1.6693706256829217e-6,16,MLF2,582
9.936718770480373e-11,0.9510699090517877,0.459,0.132,1.8805240273134105e-6,16,AHI1,583
9.962413734708405e-11,1.253492223480169,0.328,0.082,1.8853867992935656e-6,16,SLC35C2,584
1.0545017438736248e-10,1.3193762891500187,0.279,0.064,1.995644550280835e-6,16,PI4KA,585
1.0872926042000903e-10,1.240168520869154,0.311,0.076,2.057701253448671e-6,16,DUSP22,586
1.1080623014879388e-10,1.1572922539927253,0.41,0.115,2.097007905565924e-6,16,WBP1,587
1.157628853008878e-10,0.7792525043877756,0.967,0.571,2.1908126043193016e-6,16,HSP90B1,588
1.1702146513268555e-10,1.0838435426713595,0.492,0.152,2.214631227636074e-6,16,SNAP23,589
1.2253988167622553e-10,0.9168598583816667,0.803,0.306,2.319067260722568e-6,16,SYNGR2,590
1.2961204939269065e-10,1.3220668802805016,0.295,0.07,2.4529080347566706e-6,16,ATAD2B,591
1.3011435836876567e-10,0.8672035934588951,0.623,0.205,2.4624142321288903e-6,16,TGFBR2,592
1.3202403731368214e-10,0.9689918255846923,0.754,0.28,2.4985549061614345e-6,16,DNAJB9,593
1.344715333452144e-10,1.2366915440477788,0.328,0.082,2.5448737685581825e-6,16,SLC39A6,594
1.4892418344284748e-10,0.9220417798060461,0.754,0.272,2.8183901716558885e-6,16,C8orf59,595
1.5116282463344817e-10,0.9823612748611148,0.459,0.137,2.8607564561880064e-6,16,ICAM1,596
1.5406500091401485e-10,1.163721709874813,0.328,0.082,2.9156801422977313e-6,16,NSMCE4A,597
1.57026670561154e-10,1.358519175749693,0.344,0.091,2.9717297403698397e-6,16,PTPMT1,598
1.596462657689846e-10,1.2397480878586336,0.279,0.064,3.0213055796780336e-6,16,AFF1,599
1.611248395113686e-10,1.333976223063114,0.279,0.065,3.0492875877526508e-6,16,KIAA0100,600
1.7776427043530034e-10,1.0110989028042023,0.443,0.13,3.364188817988059e-6,16,SMIM19,601
1.8315358149236724e-10,1.2059662273717378,0.279,0.064,3.46618152974305e-6,16,STAT2,602
1.9716424392633787e-10,1.043898217686309,0.41,0.116,3.7313333163059444e-6,16,ZNF22,603
1.9996871783307237e-10,0.9277136287855426,0.492,0.147,3.7844079849908946e-6,16,PBRM1,604
2.0020272710693653e-10,1.0425058140948764,0.787,0.372,3.7888366104987737e-6,16,NR4A3,605
2.0520307662633076e-10,0.9526577552899471,0.41,0.115,3.88346822515331e-6,16,MTIF3,606
2.1615664269884278e-10,1.2272616399332341,0.295,0.071,4.0907644630756e-6,16,MAN1A1,607
2.3290735256658227e-10,1.1687348530239428,0.361,0.097,4.407771647322569e-6,16,MAD2L2,608
2.7065936108909005e-10,1.4865780309700676,0.295,0.073,5.12222840861103e-6,16,NOTCH2,609
2.8976641761682157e-10,0.9440197433926658,0.803,0.331,5.4838294533983485e-6,16,ODC1,610
3.0650960037433954e-10,0.8109649984615821,1,0.584,5.800694187084376e-6,16,ALOX5AP,611
3.0850402205861953e-10,1.0228711217140394,0.508,0.161,5.8384386174593744e-6,16,SEC31A,612
3.226088975912919e-10,0.9038407716338595,0.803,0.312,6.105373386915199e-6,16,SLC7A5,613
3.4807294430593493e-10,1.151373830739598,0.361,0.098,6.587280470989818e-6,16,MIS18BP1,614
4.1095894641715886e-10,0.9043009592979072,0.77,0.284,7.777398060944731e-6,16,EIF2S2,615
4.4162061124695595e-10,1.009942808825728,0.328,0.083,8.357670067848641e-6,16,CDK9,616
4.5188298142886805e-10,1.1068506406705072,0.426,0.127,8.551885423541328e-6,16,TYMP,617
4.561080079294931e-10,1.1511879928070234,0.295,0.072,8.631844050065657e-6,16,CYTH4,618
4.842671372762784e-10,1.2841122377512149,0.262,0.06,9.16475557295357e-6,16,DCAF6,619
5.592681105289859e-10,0.870124512961699,0.869,0.496,1.0584148991761058e-5,16,NR3C1,620
5.656284443434113e-10,1.0933718655517541,0.393,0.112,1.0704518309199059e-5,16,RAB4A,621
6.117305852649554e-10,1.2333758830051096,0.344,0.093,1.1577001326139281e-5,16,BEX4,622
6.527522373268599e-10,1.0970284371208732,0.344,0.093,1.2353336091410823e-5,16,MYCBP,623
7.47145073587957e-10,1.3155509413162645,0.295,0.074,1.4139720517652086e-5,16,UROD,624
7.622524945183045e-10,0.9788053219496868,0.475,0.15,1.4425628458758912e-5,16,ATOX1,625
8.389219578385654e-10,0.9378501280945329,0.557,0.186,1.5876598052094848e-5,16,TMX1,626
8.787839046104272e-10,0.8562403648054411,0.574,0.192,1.6630985394752335e-5,16,NOP56,627
9.26138001549331e-10,0.8455535632540053,0.574,0.193,1.7527161679321088e-5,16,NCKAP1L,628
9.552370698949314e-10,0.8305221553505238,0.443,0.132,1.8077861547761575e-5,16,USO1,629
9.584598227846515e-10,0.9542306542976879,0.328,0.086,1.813885214619953e-5,16,ZNF33A,630
9.863031549620323e-10,1.3070366727931535,0.311,0.082,1.866578720765646e-5,16,MXD4,631
1.0153940298075557e-9,0.9775377172001919,0.607,0.216,1.9216332014107993e-5,16,OS9,632
1.1712931463060955e-9,0.9352270214182692,0.41,0.121,2.216672279384286e-5,16,STOML2,633
1.2487958705267574e-9,1.152173014337493,0.311,0.081,2.3633461849718882e-5,16,WARS,634
1.2539832341308806e-9,1.2023831621486814,0.426,0.135,2.3731632705926914e-5,16,ATG101,635
1.3233344206799442e-9,0.9366934940263788,0.443,0.136,2.5044103911367943e-5,16,MTMR14,636
1.3320223292588784e-9,1.01463109563277,0.41,0.122,2.5208522581224272e-5,16,HDLBP,637
1.3673704591104167e-9,0.7534066819192189,0.344,0.092,2.5877485938664636e-5,16,ZNF511,638
1.46991538732688e-9,0.8365754117900723,0.689,0.249,2.7818148705161205e-5,16,ERGIC3,639
1.6518761010151027e-9,0.9974118527143441,0.475,0.153,3.126175521171082e-5,16,PIK3AP1,640
1.7123268166009888e-9,0.8860789677477895,0.492,0.157,3.240578500417372e-5,16,BRD4,641
1.972567963842421e-9,1.0704408385475586,0.328,0.088,3.733084871571782e-5,16,TPD52L2,642
2.011383722059363e-9,1.0480786026075002,0.377,0.11,3.806543693997345e-5,16,HES4,643
2.1576054915963257e-9,0.9276023010650826,0.344,0.095,4.083268392846047e-5,16,PRDX4,644
2.3562967671029683e-9,0.8886874332832034,0.459,0.145,4.4592916317423674e-5,16,PSMA2,645
2.58431222983598e-9,0.8655911303663186,0.836,0.341,4.890810894964592e-5,16,RPN2,646
2.813065687671973e-9,1.2266070698461942,0.279,0.07,5.323726813919209e-5,16,SIK1,647
2.883783238202873e-9,1.0789316481995759,0.361,0.103,5.457559778298937e-5,16,BANP,648
2.997766733002719e-9,0.9448097896921129,0.443,0.139,5.673273542207646e-5,16,DHPS,649
3.0152819111280667e-9,1.10186568178599,0.311,0.083,5.7064210168098664e-5,16,UNC119,650
3.02280861299067e-9,0.865789944788648,0.639,0.229,5.720665300084843e-5,16,SEC13,651
3.0671417068150446e-9,1.0210674700747646,0.361,0.103,5.804565680147472e-5,16,BTAF1,652
3.2976348662030585e-9,0.9147560193162942,0.525,0.176,6.240773984289288e-5,16,NRDC,653
3.76982561992785e-9,0.8104861253456629,0.574,0.196,7.134394985713457e-5,16,DNAJC3,654
4.229968552105671e-9,0.8791236466819974,0.426,0.132,8.005215484859983e-5,16,ATP6V1E1,655
4.443764273890718e-9,0.9230129247086001,0.525,0.178,8.409823888338185e-5,16,LRRC59,656
4.4504716837849455e-9,0.7745607726875892,0.672,0.247,8.42251766156301e-5,16,SEC11C,657
4.611982303399938e-9,0.884120401264186,0.443,0.138,8.728176509184382e-5,16,SRSF6,658
4.843612281870686e-9,0.8294406839537274,0.443,0.138,9.166536243440273e-5,16,FLOT1,659
4.8711455079516975e-9,0.8200888021126214,0.541,0.183,9.218642873798587e-5,16,GNB1,660
5.213185475484424e-9,0.8698716120182823,0.426,0.132,9.865953512354273e-5,16,ECHDC1,661
5.4559720150413864e-9,0.8555214872280343,0.639,0.238,1.0325427038465824e-4,16,MARCKSL1,662
5.457130683903783e-9,0.9121108412407117,0.361,0.104,1.0327619819287909e-4,16,FPGS,663
5.592476616536542e-9,0.9991787686978097,0.311,0.084,1.0583761996795406e-4,16,KLC1,664
5.598145278583281e-9,0.8404682659913068,0.951,0.459,1.059448993971886e-4,16,NME2,665
5.932827053485228e-9,0.6732698966276199,0.361,0.102,1.1227875198720795e-4,16,ABHD16A,666
6.006040883545713e-9,1.1465244955301936,0.262,0.065,1.1366432372110262e-4,16,OSBPL3,667
6.7083119782312415e-9,0.9176347177499802,0.557,0.207,1.2695480418802623e-4,16,CD83,668
6.760778881190803e-9,0.7198165921686026,0.426,0.13,1.2794774032653594e-4,16,POM121,669
6.991805814501931e-9,1.0247162636552474,0.295,0.078,1.3231992503944906e-4,16,BAD,670
7.0921517030655134e-9,1.414816213628587,0.262,0.067,1.3421897098051484e-4,16,LTV1,671
7.188224568420874e-9,1.0016907350168283,0.311,0.085,1.3603714995736503e-4,16,TMED3,672
7.491544274914805e-9,0.7229577647072232,0.361,0.103,1.417774754027627e-4,16,ANKLE2,673
8.273708097975455e-9,1.0974021411560524,0.328,0.093,1.565799257541855e-4,16,CD320,674
8.437961245874279e-9,0.8881453828213867,0.393,0.119,1.5968841657817073e-4,16,MAP2K1,675
8.474125504546814e-9,0.9804518705382892,0.295,0.078,1.6037282517354846e-4,16,SLFN11,676
8.620556367817229e-9,0.8524611581942464,0.41,0.126,1.6314402926094105e-4,16,PTTG1IP,677
8.810802969711545e-9,0.7913079930502334,0.492,0.163,1.6674444620179098e-4,16,RNF126,678
9.039684422915256e-9,1.031988203629274,0.311,0.086,1.710760277036712e-4,16,DRAM2,679
9.346825109361282e-9,1.411932949179198,0.262,0.068,1.7688866519466226e-4,16,LARP4,680
1.0564184588609378e-8,0.7798073898378837,0.951,0.494,1.9992719333943246e-4,16,SEC61G,681
1.07231101574066e-8,0.8066771815605014,0.607,0.222,2.029348597289199e-4,16,ANKRD11,682
1.1262445251313234e-8,0.8975527770783623,0.311,0.085,2.1314177638110296e-4,16,ATG16L2,683
1.1504258836870977e-8,1.0777613770431422,0.328,0.095,2.1771809848778324e-4,16,AL365205.1,684
1.1614598473737248e-8,0.9539897295084114,0.41,0.13,2.1980627611547742e-4,16,ACSL3,685
1.1798622665769656e-8,0.8353103646498619,0.557,0.198,2.2328893394969073e-4,16,SNHG7,686
1.1966245037890035e-8,1.2052958797712652,0.361,0.111,2.2646118734206893e-4,16,UVRAG,687
1.2571515528779115e-8,0.8304442370195073,0.754,0.298,2.3791593138214475e-4,16,B4GALT1,688
1.2889947078075907e-8,0.7899905941099605,0.475,0.155,2.4394224845258652e-4,16,CDC40,689
1.3231048445405567e-8,0.6635692154343494,0.459,0.147,2.503975918293004e-4,16,ATP2A3,690
1.323320100725089e-8,0.9065964545726747,0.311,0.086,2.5043832906222307e-4,16,DIS3,691
1.3556868893286888e-8,0.8809735715371703,0.459,0.151,2.5656374380545437e-4,16,LYPLA1,692
1.3565426021233416e-8,1.033901125581891,0.344,0.101,2.5672568745184243e-4,16,LARS,693
1.3867347239892467e-8,0.9223756139036117,0.508,0.178,2.6243954651496496e-4,16,CLTC,694
1.474413901586328e-8,0.8316589819342133,0.59,0.213,2.7903283087521257e-4,16,NDUFB3,695
1.6565090023221106e-8,0.8135439460005041,0.852,0.356,3.1349432868945943e-4,16,TMED10,696
1.6826385676743794e-8,0.822460103423876,0.393,0.122,3.184393489323763e-4,16,SDR39U1,697
1.790564888840042e-8,0.890432525232185,0.295,0.08,3.3886440521297795e-4,16,TMIGD2,698
2.034336001471779e-8,1.0078709532756025,0.295,0.081,3.8499808827853417e-4,16,TOMM40,699
2.083238637101984e-8,0.7603168029457494,0.41,0.129,3.942529120715505e-4,16,HDAC2,700
2.1144609913665647e-8,1.1996895109311778,0.279,0.075,4.0016174261612236e-4,16,UBA6,701
2.4076920531260142e-8,1.120230385183019,0.361,0.113,4.5565572105409817e-4,16,NBPF26,702
2.429204677423289e-8,1.0292731774418264,0.295,0.082,4.5972698520235745e-4,16,NPC1,703
2.4777372530325985e-8,0.9538555360135245,0.295,0.081,4.6891177513641927e-4,16,SETD3,704
2.5727984444590675e-8,0.8290682726188416,0.344,0.101,4.8690210561387853e-4,16,MUC20-OT1,705
2.6752680893183228e-8,0.788200476251455,0.639,0.245,5.062944859034926e-4,16,SFT2D1,706
3.0302028996565634e-8,0.9879776285835797,0.279,0.075,5.734658987600046e-4,16,WASHC2A,707
3.405632054458751e-8,1.120413960460251,0.311,0.091,6.445158663063187e-4,16,BOLA2-SMG1P6,708
3.4389528143556435e-8,0.7901637027813911,0.59,0.221,6.508218201168055e-4,16,SP110,709
3.476070356624841e-8,0.964214135058841,0.279,0.076,6.578463149912512e-4,16,MEF2A,710
3.536992679023866e-8,1.004865098163816,0.328,0.097,6.693758645052667e-4,16,LENG8,711
3.548554000563838e-8,1.0420124969455555,0.328,0.097,6.715638446067063e-4,16,YIF1B,712
3.5619950933342946e-8,0.9992714635346469,0.328,0.097,6.741075714135152e-4,16,GTF2H5,713
3.566932061317101e-8,0.7602002983927103,0.361,0.108,6.750418926042614e-4,16,C5orf15,714
3.5832332815216516e-8,0.6615496075845196,0.443,0.145,6.781268985279725e-4,16,ATXN2L,715
3.677113671150136e-8,0.909754713057639,0.311,0.088,6.958937622651633e-4,16,RMDN3,716
3.699131664896811e-8,0.9325084197902408,0.459,0.159,7.000606675817214e-4,16,FBXW5,717
3.7082780004039816e-8,1.331797282615972,0.262,0.071,7.017916115764535e-4,16,LARP4B,718
3.799382970284167e-8,0.782250335114362,0.295,0.081,7.190332271262786e-4,16,CTBS,719
4.715729385107909e-8,0.8139506212715525,0.541,0.199,8.924517861316719e-4,16,STXBP2,720
5.198477529376713e-8,0.7744826253171282,0.475,0.164,9.83811872434543e-4,16,MPG,721
5.212806994807992e-8,0.7698439792937761,0.393,0.125,9.865237237674125e-4,16,UQCC2,722
5.505509826615216e-8,0.81262806060928094,0.541,0.2,0.0010419177346869296,16,SUMO3,723
5.547014821631929e-8,0.7489932319033774,0.738,0.294,0.0010497725549938426,16,NDUFAF3,724
5.9496981594054405e-8,0.7104414854884842,0.344,0.103,0.0011259803766674797,16,DAP,725
6.289594416673599e-8,1.0785765126380316,0.295,0.085,0.0011903057433554787,16,TMUB2,726
6.775634591879649e-8,0.7524366191755727,0.361,0.112,0.0012822888465132236,16,UFL1,727
6.878740262228319e-8,0.7442644936663009,0.377,0.119,0.0013018015946267094,16,ACAA1,728
6.965142484775397e-8,0.8026866589677157,0.656,0.253,0.001318153215243744,16,MTPN,729
7.843728455342105e-8,1.036534029499384,0.295,0.086,0.0014844256101734933,16,SLC35B1,730
7.85942545723925e-8,0.7691843106883303,0.721,0.292,0.001487396267782528,16,C1QBP,731
8.545152594093015e-8,0.7031037960830406,0.525,0.19,0.001617170128432103,16,MRPS24,732
9.079950103243396e-8,0.7767722748934118,0.328,0.098,0.0017183805570388127,16,PRKRA,733
9.177271480202411e-8,0.7672155554357655,0.311,0.091,0.0017367986276283062,16,ACADM,734
9.363485309366549e-8,0.7770689186669374,0.41,0.135,0.0017720395947976194,16,CCDC186,735
9.464698894211958e-8,0.8357250099081525,0.443,0.153,0.001791194265729613,16,SLAMF7,736
9.562496175482218e-8,0.825665436025449,0.443,0.152,0.0018097024012100097,16,GPAA1,737
9.81841501566312e-8,0.724445087790238,0.689,0.269,0.0018581350417142455,16,PPM1G,738
1.0482849973578736e-7,0.8172247130457577,0.426,0.144,0.001983879357499776,16,ITCH,739
1.088954995635116e-7,0.9145478094005537,0.295,0.086,0.002060847329239457,16,EP400,740
1.1273159389530385e-7,0.8460360329341484,0.393,0.13,0.002133445414468625,16,TOB2,741
1.1857319443223778e-7,0.8861110007917383,0.508,0.19,0.0022439977046301,16,PARVG,742
1.2180132521437288e-7,0.8083762306657133,0.295,0.085,0.0023050900796820067,16,MCOLN2,743
1.226282061929596e-7,0.8218235027905199,0.377,0.122,0.0023207388022017605,16,PSMD3,744
1.2467245367649527e-7,0.763978106838618,0.262,0.072,0.002359426185827673,16,IL10RB,745
1.255240264057484e-7,0.7434458847030497,0.459,0.158,0.002375542199728788,16,SNX1,746
1.2554071789414985e-7,1.1775189045638335,0.262,0.074,0.0023758580861467857,16,ALG3,747
1.2724822341301805e-7,0.768155095265912,0.59,0.225,0.0024081726280913663,16,CHCHD10,748
1.276600109279175e-7,0.7206142459371458,0.311,0.092,0.0024159657068108385,16,ST3GAL5,749
1.2803826648651088e-7,0.8525278034411342,0.344,0.107,0.0024231241932572184,16,WASHC4,750
1.3148446780062326e-7,0.7887889803245923,0.459,0.163,0.0024883435531267953,16,LAGE3,751
1.4068437440788914e-7,0.7543768461334188,0.41,0.137,0.002662451785669302,16,RNASEH2B,752
1.4071850560353184e-7,0.9656109046120824,0.328,0.101,0.00266309771854684,16,NDRG1,753
1.4288576631022674e-7,0.730424527725462,0.557,0.209,0.002704113127421041,16,LSM5,754
1.4941888673511306e-7,1.0450769149294188,0.279,0.081,0.0028277524314620148,16,SPTLC2,755
1.5492590887828524e-7,0.8371247582573992,0.279,0.079,0.002931972825521548,16,AK6,756
1.581476711772396e-7,0.7918783340563478,0.328,0.1,0.0029929446770292595,16,STK40,757
1.6075148912809283e-7,0.6868206794258465,0.426,0.144,0.003042221931749157,16,DENR,758
1.6130858428449934e-7,0.7560138902841709,0.59,0.23,0.00305276495758415,16,CMTM3,759
1.642998481237894e-7,0.6785514280418816,0.361,0.114,0.0031093746257427144,16,DDA1,760
1.6758181026226853e-7,0.6997037660042431,0.41,0.137,0.003171485759213432,16,DDRGK1,761
1.6985608977028606e-7,0.7445962766425551,0.852,0.42,0.0032145264989026636,16,XBP1,762
1.7149364611334344e-7,0.6758237751139935,0.738,0.302,0.0032455172526950245,16,YWHAE,763
1.7861551893414188e-7,0.8281210965125938,0.361,0.116,0.003380298695828635,16,CHCHD1,764
1.808641478974117e-7,0.775885079747517,0.574,0.22,0.003422853998958516,16,MANF,765
1.89123937072606e-7,0.6671848886520844,0.656,0.258,0.0035791705090990685,16,GTF2A2,766
1.986897700201284e-7,0.7260752198945122,0.934,0.488,0.00376020389763093,16,CTSC,767
2.0509741944380994e-7,0.9253286935918976,0.344,0.11,0.003881468662974103,16,HSPA13,768
2.216756209165371e-7,0.8038393933248508,0.262,0.073,0.004195211125845465,16,TOX2,769
2.347132899371896e-7,0.9038091897562717,0.344,0.111,0.0044419490120613135,16,ALG5,770
2.3552729904167104e-7,0.7918883695914847,0.82,0.415,0.004457354134363625,16,RNF149,771
2.3616534655573052e-7,0.7131435257506213,0.426,0.146,0.0044694291835672,16,EI24,772
2.3773444439516808e-7,0.7194731599859988,0.639,0.248,0.0044991243601785556,16,SSR1,773
2.409722863075141e-7,0.5833386960227185,0.459,0.16,0.004560400518369704,16,GTF2F1,774
2.4904334270838706e-7,0.96859422415194385,0.262,0.074,0.004713145260756225,16,TMEM131,775
2.523519312792756e-7,0.6646280827576493,0.295,0.087,0.00477576029946029,16,LST1,776
2.583518036101316e-7,0.7921794490813678,0.361,0.117,0.00488930788332174,16,UCHL5,777
2.645278888591256e-7,0.6365354295430125,0.541,0.201,0.0050061902966589515,16,ARHGAP4,778
2.6827498240579096e-7,1.0773075809954598,0.279,0.083,0.005077104042029594,16,DHRS4,779
2.8369050397940667e-7,0.6122581767550783,0.623,0.236,0.005368842787810271,16,JMJD1C,780
2.8956676270024243e-7,0.5487164118896122,0.607,0.225,0.005480050984102088,16,CNOT7,781
2.9484046553263444e-7,0.9027697104160582,0.328,0.104,0.005579855810205107,16,MRPS33,782
3.0185317397773737e-7,0.6733423559668067,0.541,0.202,0.00571257131752868,16,RILPL2,783
3.0220728933692235e-7,0.9702998076766427,0.295,0.09,0.005719272950701256,16,MPV17,784
3.1444797343794104e-7,0.8150503372427497,0.344,0.111,0.005950927897313035,16,SDE2,785
3.145017967635294e-7,0.6748354414494837,0.754,0.313,0.005951946503749794,16,SPCS3,786
3.183085052315899e-7,0.6139598988588284,0.41,0.14,0.006023988461507839,16,SREK1IP1,787
3.194775943959564e-7,0.7854241288222632,0.311,0.095,0.006046113473943475,16,C1orf162,788
3.2752133389827725e-7,0.7099693647443417,0.738,0.314,0.006198341244024897,16,ANAPC11,789
3.5546180301650127e-7,0.6173662253277657,0.59,0.222,0.006727114622087286,16,AFF4,790
3.6453441046021953e-7,0.9082592460893841,0.295,0.09,0.006898813717959655,16,UBE2F,791
3.734099999714452e-7,0.8829394100344707,0.377,0.128,0.0070667842494596,16,SPAG7,792
3.832332315092637e-7,0.8212385193336273,0.328,0.104,0.007252688906312815,16,LPGAT1,793
4.022836916851032e-7,0.7495955276887336,0.508,0.191,0.007613218865140578,16,PSMB4,794
4.0514233975910304e-7,0.6831628879788352,0.689,0.285,0.007667318779941025,16,MYDGF,795
4.270494997665913e-7,0.6292822258352908,0.984,0.608,0.008081911783082742,16,GABARAP,796
4.547987965019522e-7,0.6637400405323026,0.574,0.223,0.008607067223799445,16,PGLS,797
4.638739427646839e-7,0.8962226665210214,0.443,0.165,0.008778814366821644,16,DDB1,798
4.659330980141871e-7,0.7824069973561759,0.557,0.222,0.008817783879918491,16,ERN1,799
4.868438396287484e-7,0.6368382624983226,0.557,0.212,0.009213519664974064,16,VDAC3,800
4.953614304431511e-7,0.7071194405432073,0.557,0.215,0.009374715071136635,16,PSMD2,801
5.044695076893566e-7,0.6897495539421608,0.541,0.208,0.009547085433021074,16,GORASP2,802
5.081422649585825e-7,0.8623709542283335,0.311,0.099,0.009616592364341174,16,EPN1,803
5.127049708075226e-7,0.8034925910977464,0.443,0.161,0.009702941572532365,16,CPNE3,804
5.463823239899635e-7,0.8461847411884724,0.377,0.131,0.01034028548151006,16,LPIN1,805
5.648153931718368e-7,0.725901305457989,0.344,0.114,0.010689131315777013,16,NUDCD2,806
5.839620520723937e-7,0.8029829141078431,0.328,0.105,0.011051481835470051,16,SLC30A5,807
5.848015221060869e-7,0.8239417016196937,0.361,0.122,0.011067368805857694,16,MAN1A2,808
6.12563171117272e-7,0.6402156128596967,0.525,0.2,0.011592758013394372,16,BPTF,809
6.445764067829744e-7,0.783421758736897,0.574,0.238,0.012198608498367791,16,LAMTOR1,810
6.522807904235153e-7,0.9005655297794246,0.295,0.092,0.012344413958765026,16,CCDC130,811
6.695267718943528e-7,0.6266022050036387,0.459,0.165,0.012670794158100627,16,VPS36,812
6.824089778282099e-7,0.5963048966748754,0.459,0.165,0.012914589905398873,16,CLINT1,813
7.076470855268265e-7,0.5737120454495133,0.344,0.113,0.013392221093595192,16,PNKD,814
7.096802891003402e-7,0.698129397014175,0.377,0.128,0.013430699471223937,16,AKR7A2,815
7.212801384136806e-7,0.7064057440716212,0.672,0.281,0.013650226619478904,16,PHB2,816
7.267324250083996e-7,0.57931731964176,0.393,0.135,0.013753411143283961,16,SIT1,817
7.75458357452088e-7,0.6515175160299942,0.459,0.168,0.014675549414780765,16,TUBA1C,818
8.044605016240724e-7,0.8163593376540061,0.328,0.107,0.01522441499323557,16,MARS,819
8.11946186556462e-7,0.9645429415722596,0.311,0.102,0.015366081580581043,16,PFDN6,820
8.167033223373279e-7,0.796029438740823,0.295,0.092,0.015456110375233931,16,XPNPEP1,821
8.319440187143209e-7,0.6795510767528039,0.541,0.21,0.015744540554168525,16,TMEM256,822
8.51651865081343e-7,0.8744153074518544,0.295,0.092,0.016117511546664416,16,ITPR1,823
9.176375558243991e-7,0.7816154516135867,0.475,0.182,0.017366290743976755,16,NIN,824
9.341543675534602e-7,0.6563311780563479,0.541,0.21,0.017678871405949235,16,TKT,825
9.985836565427985e-7,0.7232472992104813,0.508,0.197,0.01889819570007246,16,DNAJB11,826
1.0028799545836426e-6,0.6887230026200426,0.279,0.085,0.018979503140495436,16,STX16,827
1.0161930834614014e-6,0.7034070789150741,0.59,0.241,0.019231454104507023,16,RAB11A,828
1.0356464009957726e-6,0.7730390084009211,0.311,0.1,0.019599608138844996,16,BABAM1,829
1.0359206293012647e-6,0.5960161581933389,0.377,0.13,0.019604797909526434,16,NDUFS2,830
1.0732211723281163e-6,0.8309112848886959,0.311,0.1,0.020310710686309602,16,SGF29,831
1.165792048986919e-6,0.7638484018289916,0.361,0.125,0.022062614527077442,16,NGLY1,832
1.1745116940979863e-6,0.8321761773630574,0.344,0.117,0.02222763381080439,16,TMEM126A,833
1.1837324343757287e-6,0.6870093367528087,0.705,0.31,0.022402136320560664,16,KDM6B,834
1.1911456179769031e-6,0.6773761424978846,0.41,0.146,0.022542430820212893,16,GGA2,835
1.1938930072178506e-6,0.7419650346068671,0.77,0.357,0.022594425161597823,16,BST2,836
1.255800924096048e-6,0.9138900971087016,0.328,0.11,0.023766032488517705,16,NCOA3,837
1.2632758895020368e-6,0.6280580237743819,0.623,0.245,0.023907496208826047,16,USP11,838
1.2692529436388944e-6,0.5873466677886112,0.623,0.25,0.024020611958366078,16,RER1,839
1.2979953101937734e-6,0.7304322605923563,0.459,0.173,0.02456456124541716,16,TIMM8B,840
1.3770930405664227e-6,0.7298174593816704,0.344,0.116,0.02606148579271955,16,YWHAG,841
1.3902984558321216e-6,0.89981996865243985,0.344,0.119,0.0263113982766229,16,YIF1A,842
1.4499065770231222e-6,0.6566209330369391,0.426,0.156,0.027439481970162587,16,MRPS15,843
1.449922926108186e-6,0.546880469453176,0.41,0.146,0.02743979137659742,16,ACTR10,844
1.4631859666842156e-6,0.6603956801388214,0.623,0.254,0.02769079441949878,16,MMADHC,845
1.5677070916754965e-6,0.9055174946943896,0.295,0.096,0.029668856709958773,16,ARMC10,846
1.6078827463773663e-6,0.8652034363501271,0.328,0.111,0.030429180975191657,16,HAGH,847
1.7420393867809508e-6,0.8555485572922878,0.311,0.103,0.03296809539482949,16,PRCP,848
1.7970304445417733e-6,0.8119807694025566,0.262,0.08,0.03400880116295306,16,BET1,849
1.801044463801229e-6,0.6728284761979622,0.393,0.141,0.03408476647743826,16,PPIL4,850
1.8113856428864222e-6,0.8592918518006705,0.311,0.103,0.03428047329162554,16,GTF2E2,851
1.8264184856768998e-6,0.7195130872493847,0.836,0.413,0.03456496984143533,16,ARL4C,852
1.836821220192728e-6,0.6614336986599103,0.475,0.184,0.034761841592147374,16,MRPS18C,853
1.893225398011374e-6,0.7484888916379172,0.508,0.204,0.03582929065736525,16,KDM5A,854
1.8968356896647546e-6,0.6653815556564022,0.803,0.375,0.035897615426905484,16,SELENOH,855
1.947098100548369e-6,0.6117701388100407,0.262,0.079,0.03684883155287788,16,NUMB,856
1.9512469571352212e-6,0.7020451653556992,0.377,0.134,0.03692734866378406,16,CAPN1,857
1.9692228864518683e-6,0.8217148318108682,0.279,0.088,0.03726754312610161,16,EIF4G3,858
1.985160215785289e-6,0.6312765870550169,0.492,0.191,0.0375691570837366,16,SUPT5H,859
2.0095672093288785e-6,0.7376462420095595,0.279,0.087,0.038031059436549025,16,TM9SF1,860
2.0128709686269013e-6,0.943511474480915,0.279,0.09,0.03809358308126411,16,CPT1A,861
2.0573356970688002e-6,0.6764140580896562,0.328,0.11,0.03893507806702704,16,RBM7,862
2.1087122360148736e-6,0.6676768479047439,0.344,0.117,0.03990737906658148,16,GPBP1L1,863
2.159552821873544e-6,0.6493893082190503,0.311,0.102,0.040869537153956824,16,MRPS25,864
2.1711650352413662e-6,0.6386796633728582,0.836,0.364,0.041089298291942855,16,FKBP1A,865
2.2410093146533973e-6,1.0097950367465103,0.262,0.083,0.042411101279815545,16,TMEM205,866
2.374683607293224e-6,0.6475529822907838,0.377,0.133,0.04494088726802426,16,TIA1,867
2.38956356173791e-6,0.7110664280457294,0.426,0.16,0.045222490405889944,16,SVIP,868
2.516492249467115e-6,0.5977917911809745,0.787,0.34,0.04762461582116515,16,GDI2,869
2.5239663701407723e-6,0.5511542402997297,0.492,0.189,0.04776606355491412,16,NENF,870
2.535693982996652e-6,0.5468964394027975,0.738,0.306,0.04798800862821164,16,GTF3A,871
2.5509875377019716e-6,0.6309580527932184,0.82,0.361,0.048277439151009814,16,TRAM1,872
2.5755966391031484e-6,0.5687611538513644,0.475,0.18,0.048743166395027085,16,LY9,873
2.634297728060189e-6,0.6438262620933306,0.557,0.226,0.04985408450353908,16,PRMT1,874
2.6430692316817307e-6,0.6438309131107334,0.607,0.265,0.05002008520957675,16,AREG,875
2.7039355542370435e-6,0.6774655839043531,0.705,0.318,0.05117198036393605,16,HMGN3,876
2.784609997429376e-6,0.8574552989401931,0.328,0.114,0.05269874420135094,16,MRPL28,877
2.811559119581882e-6,0.5699039410716719,0.508,0.198,0.05320875633808712,16,CYC1,878
2.8539107322323685e-6,0.6033324358064077,0.262,0.08,0.05401026060749758,16,CAAP1,879
2.8897565950551122e-6,0.5510571184481973,0.41,0.149,0.054688643561418,16,VPS35,880
2.9219540826364222e-6,0.7907919303075579,0.262,0.082,0.05529798101389429,16,GNB5,881
2.9824086015956317e-6,0.6436992072596053,0.77,0.369,0.05644208278519733,16,PPP1R15A,882
3.0794473377229657e-6,0.6241608836429035,0.279,0.088,0.05827854086640712,16,GINM1,883
3.1008553292670215e-6,0.6964422778765972,0.541,0.225,0.058683687106378384,16,TAOK3,884
3.104520490299607e-6,0.6247001646626543,0.557,0.225,0.05875305027892006,16,TRABD,885
3.174468987626113e-6,0.6465343032631959,0.262,0.081,0.06007682559082419,16,IFT20,886
3.1830153804669787e-6,0.656493458424366,0.279,0.089,0.06023856607533757,16,MED27,887
3.2273623397791196e-6,0.6782497810730712,0.721,0.341,0.06107783228031984,16,ZC3HAV1,888
3.413383881373835e-6,0.6039192484299449,0.377,0.135,0.06459828995499983,16,NAA20,889
3.538526990219595e-6,0.6603951056883626,0.344,0.12,0.06696662328990584,16,GNL2,890
3.576990479940335e-6,0.5265941112817382,0.443,0.165,0.06769454483287084,16,POLR2I,891
3.6473213960404775e-6,0.5597218384723447,0.574,0.233,0.06902555742006604,16,HNRNPH1,892
3.8093020326056775e-6,0.6876077392407846,0.361,0.129,0.07209104096706245,16,BAK1,893
3.930928501638306e-6,0.8045774473805639,0.262,0.083,0.07439282189350495,16,ZKSCAN1,894
3.945560921146794e-6,0.6739659329337222,0.328,0.113,0.07466974043270308,16,RAB21,895
4.042655656248973e-6,0.5786433963329308,0.344,0.12,0.07650725829451181,16,AP3D1,896
4.207857260848845e-6,0.8216640453898094,0.295,0.099,0.07963369866156439,16,NSUN2,897
4.285275711869848e-6,0.5734366027210782,0.41,0.152,0.08109884284713686,16,LAMTOR2,898
4.300143482270234e-6,0.5719481107145539,0.426,0.16,0.08138021540196418,16,CDC73,899
4.335868991974785e-6,0.6886666189416648,0.836,0.41,0.08205632067312281,16,P4HB,900
4.3840640210585926e-6,0.6123343721431265,0.557,0.227,0.08296841159853387,16,TXNDC17,901
4.3907940661912006e-6,0.7959929853859231,0.41,0.158,0.08309577770266847,16,IDH3G,902
4.5684236564483545e-6,0.7629699294720698,0.328,0.116,0.0864574176982851,16,PTPN18,903
4.590098004518318e-6,0.9011896224408145,0.295,0.1,0.08686760473550917,16,MFSD1,904
4.669807489904461e-6,0.6742464350453127,0.459,0.183,0.08837610674644193,16,MKNK2,905
4.687568537158795e-6,0.7274717956497223,0.361,0.132,0.0887122345657302,16,BAG6,906
4.691565355675481e-6,0.6316260020281583,0.869,0.416,0.08878787435615847,16,TPM4,907
4.832851743458393e-6,0.6730575141409534,0.803,0.381,0.09146171924495008,16,NAPA,908
5.061233479862586e-6,0.48135335054053163,1,0.732,0.09578384360639944,16,VIM,909
5.242209385144102e-6,0.7248390500164548,0.328,0.115,0.09920881261385214,16,MTMR6,910
5.267182654156509e-6,0.5554089637115178,0.279,0.09,0.09968143172991194,16,CCDC28A,911
5.279348990336688e-6,0.5085853222679274,0.525,0.208,0.09991167964212182,16,LMAN1,912
5.3218618861980726e-6,0.5647244444839402,0.541,0.217,0.10071623619629852,16,PTBP3,913
5.524804048723388e-6,0.5614859298189171,0.41,0.154,0.10455691662209012,16,HEBP2,914
5.564867516684668e-6,0.6466887903942422,0.885,0.425,0.10531511775325735,16,MTDH,915
5.5980306186437225e-6,0.6838875071353336,0.279,0.091,0.10594272945783245,16,RANGAP1,916
5.680080071087054e-6,0.36777548317911535,0.344,0.119,0.10749551534532249,16,ABCE1,917
5.736314992250784e-6,0.7064897895519847,0.344,0.123,0.1085597612283461,16,TRIM38,918
5.9261738695038254e-6,0.7076170701571237,0.459,0.184,0.1121528404803599,16,SRP72,919
5.941311831564741e-6,0.6717404892385535,0.295,0.099,0.11243932641236272,16,ESF1,920
6.039316797210795e-6,0.6242387390763049,0.475,0.189,0.1142940703872143,16,PLEKHB2,921
6.179478822653185e-6,0.7728267570324541,0.361,0.133,0.11694663671871153,16,LTA4H,922
6.35919438220763e-6,0.6181802170175135,0.738,0.337,0.1203477536832794,16,TRIM22,923
6.565303483124777e-6,0.8484015219015435,0.279,0.093,0.1242483684181364,16,ARAF,924
6.954569552310478e-6,0.7988492686136692,0.361,0.136,0.1316152287774758,16,TCERG1,925
6.967535093628795e-6,0.5499832653477155,0.443,0.169,0.13186060164692495,16,RAB5A,926
7.059740630217613e-6,0.8165691073293481,0.361,0.134,0.13360559142686831,16,REXO2,927
7.1351165113760224e-6,0.5880427321205044,0.574,0.243,0.13503207997779124,16,TMEM219,928
7.28259317918098e-6,0.6296051480829856,0.852,0.419,0.13782307591600004,16,DUSP5,929
7.858946656156755e-6,0.7094580953050271,0.41,0.159,0.14873056546776658,16,UBE2E3,930
7.94266709813593e-6,0.5829732794980991,0.295,0.1,0.15031497483222248,16,ANKRD17,931
8.052473380740345e-6,0.6438174484769528,0.869,0.522,0.15239305873051104,16,DBI,932
8.203520446938607e-6,0.4260222172466722,0.279,0.091,0.15525162445831314,16,ARHGAP18,933
8.311386604293296e-6,0.6958473055364152,0.295,0.102,0.15729299148625062,16,TUBGCP2,934
8.405353529241929e-6,0.5731840599901356,0.279,0.091,0.1590713155409035,16,CYTH2,935
8.427450827986924e-6,0.47183274381184015,0.721,0.306,0.15948950691965252,16,NDUFS7,936
8.438913656405239e-6,0.5205322680458351,0.328,0.115,0.15970644094746914,16,USP33,937
8.807447271037785e-6,0.6482113131232321,0.836,0.406,0.1666809396043901,16,CDK2AP2,938
8.808610121969898e-6,0.6950994033121851,0.328,0.117,0.16670294655828033,16,DDX54,939
8.943634633718718e-6,0.722891801958232,0.279,0.094,0.16925828544312674,16,NDUFS4,940
9.036420192381969e-6,0.5591942319709021,0.344,0.125,0.17101425214082874,16,PSMD1,941
9.247088743743395e-6,0.6481076571268429,0.262,0.085,0.17500115447534376,16,UBXN2A,942
9.501049148268696e-6,0.6164718035288411,0.295,0.101,0.17980735513098506,16,UFSP2,943
9.912005596243459e-6,0.534640731002237,0.656,0.285,0.18758470590890747,16,PRPF40A,944
9.915420917461378e-6,0.6304022656320714,0.656,0.296,0.1876493408629566,16,POLR2A,945
9.9160656019088e-6,0.5395298808964197,0.279,0.092,0.18766154151612402,16,FBRS,946
1.040809065197009e-5,0.48217016996953665,0.443,0.172,0.19697311558853395,16,MED30,947
1.0866726248379576e-5,0.7811832943300969,0.344,0.129,0.20565279425058347,16,TERF1,948
1.1145208239116759e-5,0.8309300495726951,0.279,0.096,0.21092306592528465,16,NUPL2,949
1.1240799787760814e-5,0.5814026126789522,0.754,0.331,0.2127321359833734,16,SLC3A2,950
1.1281659898317486e-5,0.7255378245112081,0.279,0.095,0.21350541357565841,16,RWDD4,951
1.1491404846724879e-5,0.8541751767247712,0.279,0.096,0.21747483672426832,16,RHBDF2,952
1.1534464806322292e-5,0.8466283597633197,0.262,0.088,0.21828974645964938,16,NCSTN,953
1.1852108778455044e-5,0.802081858203076,0.328,0.121,0.22430115863226172,16,ELOF1,954
1.2391995934770398e-5,0.5800903582241395,0.721,0.323,0.23451852306552978,16,ENY2,955
1.2602305682106523e-5,0.6054414949684348,0.492,0.201,0.23849863503386595,16,TMEM208,956
1.3566778146544628e-5,0.5972913674215408,0.738,0.342,0.2567512764233571,16,TXNL4A,957
1.3591743404720228e-5,0.6223870624200406,0.377,0.143,0.25722374393433034,16,MRPL4,958
1.415428983359127e-5,0.6340151862188845,0.311,0.112,0.2678699351007148,16,MSL3,959
1.4373013450503709e-5,0.5264311285546367,0.541,0.226,0.2720092795507827,16,RNASEH2C,960
1.480734052313075e-5,0.5927036792906113,0.311,0.111,0.28022891940024947,16,IL17RA,961
1.493509060928983e-5,0.9055078828238254,0.279,0.098,0.28264658978081003,16,MRPL37,962
1.522378333753881e-5,0.6350480876079156,0.426,0.17,0.28811009966292195,16,TDG,963
1.6628792941878883e-5,0.47765214336548467,0.541,0.226,0.31469990642505785,16,PNN,964
1.6728282634282192e-5,0.493248224457724,0.41,0.16,0.3165827488537905,16,SNRPA,965
1.6929177655040134e-5,0.6604825732759014,0.361,0.138,0.32038468712163454,16,IAH1,966
1.7214526482532705e-5,0.655959834841919,0.393,0.156,0.32578491368193147,16,PSMD12,967
1.7262301522946685e-5,0.48449895580803826,0.492,0.203,0.32668905632176604,16,GNA13,968
1.7321038577386788e-5,0.567440231538973,0.574,0.248,0.327800655077045,16,PFDN2,969
1.7824156195523828e-5,0.6618125082334159,0.377,0.146,0.3373221560002884,16,AMZ2,970
1.794056442614783e-5,0.4879634639240723,0.475,0.193,0.3395251817648477,16,CISD2,971
1.804566486299118e-5,0.5781273805580954,0.361,0.138,0.3415142075321081,16,RBM6,972
1.8585100768160606e-5,0.6190442713924573,0.525,0.227,0.3517230320374395,16,BNIP2,973
1.8821830097622047e-5,0.42651695573666937,0.508,0.208,0.35620313459749725,16,FAAP20,974
1.9109129436338146e-5,0.6474278004206782,0.836,0.447,0.36164027458269943,16,GNG5,975
1.912494234091537e-5,0.45880528913247753,0.623,0.263,0.3619395338018234,16,HADHA,976
1.954648358056125e-5,0.6063376548216785,0.328,0.121,0.3699172017621217,16,TIMM10,977
1.9731877293451055e-5,0.5730451864859027,0.803,0.38,0.37342577777856123,16,GABARAPL2,978
2.004661110451854e-5,0.374060297281109,0.492,0.197,0.37938211515301334,16,ZNF428,979
2.0401591214615526e-5,0.4845882187503685,0.623,0.269,0.38610011373659886,16,PDCD6,980
2.0415787502191228e-5,0.6937296528724864,0.328,0.122,0.386368778478969,16,COA4,981
2.0429055626774993e-5,0.626012314184794,0.361,0.137,0.38661987773671674,16,NSMCE1,982
2.0909515528696717e-5,0.5628196987846662,0.492,0.206,0.39571258138058535,16,TMEM165,983
2.1735320678510325e-5,0.6352691487360078,0.803,0.4,0.4113409438408079,16,COX5A,984
2.1777753069460085e-5,0.6018579577453309,0.738,0.341,0.4121439768395321,16,TMED2,985
2.1886769879944735e-5,0.6354953627642242,0.295,0.105,0.4142071199779541,16,GTPBP1,986
2.2175669538464615e-5,0.5088760991464916,0.443,0.179,0.41967454601544285,16,PPHLN1,987
2.249158279062558e-5,0.4338142141466128,0.393,0.151,0.42565320431258913,16,ADH5,988
2.3147904501320095e-5,0.5280517288990969,0.82,0.374,0.4380740926874828,16,RPN1,989
2.3148440890742923e-5,0.4093209269009815,0.328,0.119,0.4380842438573098,16,ZNF10,990
2.4275683172711396e-5,0.4078721301923813,0.41,0.159,0.4594173040435632,16,FAM162A,991
2.4885137367224315e-5,0.6925234459305167,0.279,0.098,0.47095122467472017,16,MMGT1,992
2.503456926637005e-5,0.6056278318267914,0.623,0.279,0.4737792233660532,16,TMED9,993
2.530841198836838e-5,0.5005947442948665,0.393,0.153,0.4789616968798716,16,IGF2R,994
2.591261355722748e-5,0.6147217150658061,0.361,0.139,0.4903962115705301,16,CDK12,995
2.595020461534705e-5,0.6674230199292824,0.525,0.233,0.4911076223454429,16,ZNHIT1,996
2.5961261377453038e-5,0.770047384429734,0.295,0.109,0.49131687156829873,16,FKBP3,997
2.5981032510889167e-5,0.7739029725402653,0.311,0.118,0.4916910402685775,16,MRPL36,998
2.690404508927041e-5,0.45383843514790057,0.311,0.112,0.5091590533144426,16,CERS2,999
2.7040872481181827e-5,0.5166046693757614,0.426,0.171,0.511748511706366,16,ASXL1,1000
2.7990142797968103e-5,0.4491989211594287,1,0.734,0.5297134524515463,16,TAGLN2,1001
2.8553201156111695e-5,0.44295417786211505,0.344,0.128,0.5403693318794138,16,CFAP298,1002
2.8735811018331884e-5,0.3599053961450901,0.639,0.265,0.5438252235219309,16,APH1A,1003
2.9641748803334916e-5,0.5181940350782518,0.328,0.122,0.5609700961031133,16,NUP210,1004
3.062401204257269e-5,0.7358305055594465,0.508,0.239,0.5795594279056882,16,MAP2K3,1005
3.253834905590329e-5,0.5461766249467185,0.426,0.173,0.6157882558829697,16,YIPF3,1006
3.2839099443985654e-5,0.7354389707122009,0.443,0.188,0.6214799569774285,16,NCOA4,1007
3.3166992315521115e-5,0.5158839772430543,0.607,0.27,0.6276853295712371,16,DUT,1008
3.485552962545496e-5,0.6959987878692154,0.295,0.11,0.6596408981617351,16,TBL1XR1,1009
3.5370076226654534e-5,0.4505947239449249,0.426,0.172,0.669378692589437,16,ARPC4,1010
3.5596225302234656e-5,0.5222566815839123,0.721,0.33,0.6736585638447908,16,NDUFB10,1011
3.6520279988038216e-5,0.500728279532209,0.59,0.258,0.6911462987736232,16,C18orf32,1012
3.846488370143437e-5,0.761388324348729,0.279,0.1,0.7279479240496455,16,PRPF4,1013
3.8637169500368923e-5,0.6016417503647732,0.262,0.091,0.7312084327944819,16,KLF13,1014
3.890207726937227e-5,0.41159284977190014,0.557,0.237,0.7362218123228702,16,PRPF8,1015
3.941804146264582e-5,0.396090116146413,0.377,0.145,0.7459864346805721,16,MSL2,1016
3.958551270293889e-5,0.425188421624572,0.377,0.146,0.7491558279031185,16,VBP1,1017
4.047036508163561e-5,0.500880650868113,0.426,0.175,0.7659016591699539,16,MED28,1018
4.0492233776801206e-5,0.4254241624531056,0.459,0.188,0.7663155242259628,16,NAXE,1019
4.071810139505958e-5,0.5111055004880697,0.475,0.199,0.7705900689015025,16,ACADVL,1020
4.1114274737088724e-5,0.46090365503796965,0.377,0.15,0.7780876493994041,16,NUFIP2,1021
4.172569205816803e-5,0.7985354236577713,0.262,0.093,0.7896587222008299,16,U2AF1L4,1022
4.185782298664285e-5,0.5471805012170099,0.443,0.184,0.7921593000222159,16,MVP,1023
4.185844964768446e-5,0.4455857074855435,0.393,0.155,0.7921711595824285,16,LLPH,1024
4.227304919776581e-5,0.8010381259854342,0.295,0.112,0.8000174560677179,16,DDX39B,1025
4.271091002940608e-5,0.5832780306778917,0.787,0.397,0.8083039723065101,16,DHRS7,1026
4.320437356358067e-5,0.473733501124628,0.541,0.234,0.8176427696907642,16,VPS13C,1027
4.324881085791775e-5,0.3453162634100257,0.377,0.147,0.8184837454860935,16,SMIM7,1028
4.4427419700802e-5,0.5598781241845394,0.869,0.427,0.8407889178376778,16,GNAS,1029
4.471938432347184e-5,0.48551858011606164,0.311,0.116,0.8463143483217046,16,CUEDC2,1030
4.495312323654066e-5,0.557649718643815,0.639,0.289,0.850737857251532,16,ETF1,1031
4.651299033492517e-5,0.5723959264610684,0.279,0.1,0.8802583420884588,16,RPA1,1032
4.744212845392031e-5,0.38004678169419487,0.279,0.099,0.8978422809904418,16,TMX2,1033
4.811255014726821e-5,0.4355236330878907,0.328,0.123,0.9105300115370509,16,OTULINL,1034
4.906163945655632e-5,0.6824060952367268,0.41,0.174,0.9284915267153283,16,NDUFB5,1035
4.906225311520191e-5,0.667834192419912,0.311,0.118,0.9285031402051962,16,RING1,1036
4.9249817664477076e-5,0.5389882284295846,0.279,0.1,0.9320527993002287,16,FBXW11,1037
4.957135649227431e-5,0.46299596100700385,0.393,0.157,0.9381379216162913,16,AK2,1038
5.010674736427861e-5,0.5116542014770361,0.328,0.126,0.9482701938689727,16,YIPF4,1039
5.13311059810364e-5,0.3813834223330155,0.672,0.294,0.9714411806911138,16,NDUFA2,1040
5.180432918103716e-5,0.4052503460574812,0.705,0.307,0.9803969297511282,16,DPP7,1041
5.224435867856943e-5,0.5420631856723295,0.672,0.315,0.9887244879919265,16,MRPS21,1042
5.2583023077960036e-5,0.608398062394633,0.328,0.128,0.9951337117503937,16,PCF11,1043
1.1410176968758836e-4,0.862560352954837,0.295,0.12,1,16,SEC63,1044
6.754618695342e-5,0.819783458722797,0.262,0.096,1,16,KATNBL1,1045
3.842945341116504e-4,0.7805281597574609,0.311,0.136,1,16,GTPBP6,1046
1.1033654200517633e-4,0.7538807970379733,0.344,0.143,1,16,SORL1,1047
1.297429826212873e-4,0.7160440128788873,0.328,0.135,1,16,PABPN1,1048
6.650068439793798e-5,0.6509965958177278,0.262,0.095,1,16,FNDC3A,1049
2.6585000312695294e-4,0.6445214687565759,0.295,0.122,1,16,BLVRB,1050
1.2129756011769633e-4,0.6369952743430695,0.279,0.107,1,16,CS,1051
1.672610941718339e-4,0.6322932603015834,0.393,0.173,1,16,DHX9,1052
6.194934772106699e-4,0.621227273857017,0.279,0.118,1,16,GIT2,1053
1.8593659042076698e-4,0.6146590041307154,0.295,0.119,1,16,CTSD,1054
6.111064727108309e-5,0.6117756291701368,0.295,0.11,1,16,RAE1,1055
3.070267476869112e-4,0.607860461105447,0.279,0.113,1,16,ZNF106,1056
6.660532248323299e-5,0.6060771189157805,0.541,0.251,1,16,PFKFB3,1057
1.0746380146562706e-4,0.6038379818667605,0.295,0.115,1,16,C16orf72,1058
3.0839644626833414e-4,0.5961605474654764,0.328,0.141,1,16,ADK,1059
6.621462200597565e-4,0.596052829053056,0.295,0.129,1,16,ECHS1,1060
6.734632081843325e-5,0.593290211252101,0.295,0.111,1,16,ZMYM2,1061
5.8788030092816185e-5,0.5929990409621619,0.951,0.499,1,16,TMEM258,1062
5.6487450656104004e-5,0.5908449997232235,0.508,0.226,1,16,PSMA4,1063
3.838250662484091e-4,0.5887268339767069,0.672,0.353,1,16,PRDX6,1064
1.2165159534642448e-4,0.5801848286119136,0.328,0.131,1,16,MGAT2,1065
6.401248792520546e-4,0.5764523238374143,0.262,0.108,1,16,TAPBPL,1066
0.0010606992871668682,0.5740173979383121,0.279,0.121,1,16,KCTD20,1067
9.184890608390844e-5,0.5733193038850777,0.852,0.449,1,16,EIF3L,1068
7.177345984371524e-5,0.5612873391979353,0.295,0.111,1,16,DAXX,1069
1.934674481154636e-4,0.5603961872474725,0.328,0.136,1,16,MDFIC,1070
2.237507160592329e-4,0.5588279304515721,0.262,0.101,1,16,CHCHD5,1071
7.532610119158448e-5,0.5581619262015478,0.738,0.367,1,16,SELENOF,1072
1.7976219691317249e-4,0.5546045905282655,0.41,0.179,1,16,IFI35,1073
6.308875395281452e-5,0.5532537534645217,0.836,0.409,1,16,CD164,1074
9.929986724097086e-5,0.5500935131031166,0.311,0.121,1,16,TIMM23,1075
0.004297048928235728,0.5420542270521924,0.262,0.124,1,16,UBE2V2,1076
3.7044225779959847e-4,0.5407681844514298,0.311,0.133,1,16,C22orf39,1077
1.0433638930402757e-4,0.5376708952909526,0.787,0.382,1,16,GLIPR1,1078
8.586077855367225e-4,0.5346880815813759,0.361,0.162,1,16,PWP1,1079
3.8909353731852265e-4,0.5336044472875962,0.295,0.122,1,16,ARFGAP2,1080
9.604231365639831e-5,0.5328911341256664,0.902,0.52,1,16,TUBA1B,1081
7.772072663817301e-4,0.5318180773041193,0.262,0.11,1,16,APEH,1082
5.587422446090244e-4,0.531002882970842,0.82,0.436,1,16,COPE,1083
9.589479205710461e-5,0.5304286562695382,0.574,0.275,1,16,LGALS1,1084
6.739670540134868e-5,0.5270890502147372,0.574,0.254,1,16,RTN4,1085
3.323355060114022e-4,0.5256565003149065,0.361,0.158,1,16,LYSMD2,1086
3.568034417758853e-4,0.5237994303454754,0.262,0.104,1,16,PRPF19,1087
1.0506996804481798e-4,0.5229482827445356,0.344,0.138,1,16,ELMSAN1,1088
8.056543023982288e-5,0.5229000268569466,0.672,0.311,1,16,SPN,1089
3.582452987534696e-4,0.5213021041515065,0.262,0.104,1,16,TNFSF9,1090
1.7198689707261322e-4,0.5160268039138629,0.689,0.34,1,16,TUBB,1091
7.870116230298038e-4,0.5151571396391383,0.934,0.532,1,16,HMGN2,1092
2.126276569565453e-4,0.5151311764600894,0.344,0.144,1,16,CARHSP1,1093
8.079912989784173e-5,0.5149400847786201,0.59,0.269,1,16,RBBP4,1094
1.0062361561804939e-4,0.5128576802763243,0.475,0.21,1,16,TCIRG1,1095
1.1590638838088462e-4,0.5127690354044331,0.344,0.14,1,16,ARF3,1096
1.1293446660481705e-4,0.5122068717073609,0.361,0.15,1,16,AIMP1,1097
3.309904639757028e-4,0.5109521437096481,0.344,0.148,1,16,RTN3,1098
8.133754395328371e-5,0.5108892509777181,0.787,0.377,1,16,EIF4A3,1099
5.775414247267362e-5,0.5103921524664898,0.787,0.362,1,16,UFC1,1100
9.051940746895558e-4,0.5097918660764142,0.41,0.196,1,16,UHMK1,1101
1.0433537736716121e-4,0.5087464329476364,0.295,0.113,1,16,NOP16,1102
1.0728658699270176e-4,0.5084917811876994,0.639,0.295,1,16,DDOST,1103
2.798783828869534e-4,0.5074319197792924,0.443,0.201,1,16,SNF8,1104
4.6566057500021976e-4,0.5071722177866067,0.738,0.387,1,16,NDUFB4,1105
3.487270278979106e-4,0.5068373324079447,0.705,0.37,1,16,NOP58,1106
3.918622179792983e-4,0.5056034474206975,0.279,0.112,1,16,TM2D1,1107
6.99389445800377e-5,0.5055559824102652,0.311,0.119,1,16,POP5,1108
0.00329813373049331,0.5055492105313214,0.279,0.132,1,16,MAP7D1,1109
7.216750857052786e-4,0.505297779100227,0.279,0.117,1,16,CNTRL,1110
7.810021219105467e-5,0.5046972846708966,0.754,0.365,1,16,RBX1,1111
5.15739553418369e-4,0.5033296632375474,0.279,0.115,1,16,MRPS18A,1112
1.9598106256212577e-4,0.5010844382536331,0.459,0.206,1,16,ATG12,1113
2.269103177329236e-4,0.49976177671029187,0.295,0.118,1,16,UBL3,1114
2.3604221744947168e-4,0.4968763353273542,0.869,0.439,1,16,SPCS2,1115
1.4578934210879185e-4,0.4957375005418488,0.393,0.168,1,16,OTUD6B-AS1,1116
4.594689279186655e-4,0.492925602648951,0.721,0.352,1,16,ATP5F1A,1117
4.4127402618187656e-4,0.49107079546912025,0.803,0.414,1,16,FAM96B,1118
1.384159499888716e-4,0.4904796340448875,0.361,0.15,1,16,NUDT5,1119
3.404954075578775e-4,0.489626383767226,0.393,0.173,1,16,ARMCX3,1120
3.726041528479965e-4,0.4854237131007839,0.82,0.405,1,16,ATP5PB,1121
1.931728389296374e-4,0.48490365681199454,0.508,0.23,1,16,VPS29,1122
5.162510798664138e-4,0.4845229338892385,0.311,0.132,1,16,PRCC,1123
9.411475159060608e-5,0.48200656432355543,0.262,0.095,1,16,UTP11,1124
2.4196120774923262e-4,0.4791631546825049,0.475,0.219,1,16,DNAJC15,1125
6.964980871280217e-5,0.4768115156687024,0.475,0.204,1,16,CYB5R3,1126
2.8899771834239483e-4,0.4760162443752802,0.41,0.184,1,16,PSENEN,1127
4.4840972625218386e-4,0.4754377585748937,0.803,0.408,1,16,ARF5,1128
0.0011744602802079302,0.47459746565324856,0.918,0.5,1,16,ATP5MF,1129
2.527951771061208e-4,0.47410696441289746,0.41,0.181,1,16,ADD1,1130
0.002724564419208979,0.47211933187924826,0.262,0.118,1,16,FBXL3,1131
6.091582131778533e-5,0.4718951415425281,0.426,0.178,1,16,FDFT1,1132
9.034818859294243e-5,0.4709710124212187,0.262,0.095,1,16,JPX,1133
9.79105919981798e-4,0.4700738364440662,0.754,0.392,1,16,RAC1,1134
0.0026083618705409865,0.46954168594411544,0.295,0.137,1,16,BORCS7,1135
0.0018920597982529845,0.46828855629879956,0.311,0.144,1,16,WIPI2,1136
1.7644280722596415e-4,0.46654491866639297,0.295,0.116,1,16,MKLN1,1137
1.5910856654404167e-4,0.4642645050041454,0.869,0.415,1,16,SEPT9,1138
0.004865803382802062,0.4631528279918782,0.279,0.135,1,16,UBA1,1139
5.963039216029682e-4,0.46303071534777096,0.295,0.125,1,16,WDR45,1140
5.297100816305613e-4,0.46281516767983044,0.344,0.15,1,16,COMMD1,1141
3.6209075252988863e-4,0.4623349981094911,0.623,0.301,1,16,NDUFAB1,1142
0.001120059517216148,0.46226396751690285,0.279,0.121,1,16,EIF2AK2,1143
0.0021322946570056845,0.4611323467320645,0.934,0.543,1,16,SLC25A5,1144
0.0011229974390744673,0.46111692922838,0.311,0.139,1,16,ITGAE,1145
3.083494817674325e-4,0.4609243445987272,0.59,0.288,1,16,CHMP1B,1146
3.187359265894222e-4,0.4606267458072154,0.262,0.103,1,16,MRPL40,1147
4.6769119230057114e-4,0.45996570210155374,0.279,0.113,1,16,ARHGEF7,1148
0.0023801256060773227,0.4586447287242096,0.279,0.127,1,16,ATP6V1B2,1149
0.0010546381027724935,0.45637504805784923,0.262,0.11,1,16,CRK,1150
1.5423537347028122e-4,0.4529692065311253,0.41,0.174,1,16,FRG1,1151
7.015361152575823e-5,0.45226897488026774,0.377,0.151,1,16,SURF1,1152
1.4159764114470198e-4,0.4521889997149797,0.672,0.312,1,16,CLTA,1153
5.284296869075699e-5,0.4504333762417147,0.344,0.133,1,16,MRPL3,1154
7.383460107889437e-5,0.44944403281414974,0.311,0.118,1,16,USP48,1155
3.5722728064910514e-4,0.44937549855863235,0.393,0.174,1,16,CLNS1A,1156
1.702573182277356e-4,0.4486418220942714,0.508,0.23,1,16,RAB8A,1157
0.0013295205969288742,0.44756905461491725,0.262,0.112,1,16,LRRC41,1158
0.0024575382011189843,0.44680959916627244,0.279,0.127,1,16,ATP11B,1159
1.986163489501639e-4,0.4467922350509299,0.721,0.338,1,16,ATP5PD,1160
2.8061080532137446e-4,0.4447343701347235,0.328,0.137,1,16,MRPL34,1161
2.6208969320751284e-4,0.4440388286214365,0.721,0.356,1,16,NDUFV2,1162
2.3999006223278315e-4,0.4430764006302815,0.344,0.144,1,16,GLO1,1163
3.7278857551886947e-4,0.44266454455270976,0.328,0.138,1,16,SPG21,1164
9.117327147646411e-5,0.44240638857316206,0.344,0.135,1,16,MBD4,1165
1.141775230154966e-4,0.44214386507227843,0.41,0.173,1,16,NDUFS3,1166
9.716218715151464e-5,0.44183094032039544,0.393,0.163,1,16,UBN1,1167
2.8921805868674713e-4,0.44116959639411785,0.393,0.171,1,16,RBBP7,1168
3.417769881143977e-4,0.44116193269586784,0.344,0.146,1,16,ZBTB8OS,1169
5.7590852372698366e-5,0.44105612496929547,0.393,0.159,1,16,TMUB1,1170
8.264922017739392e-5,0.44044006087055676,0.279,0.102,1,16,GFOD1,1171
2.808311660455097e-4,0.43891281892211265,0.541,0.252,1,16,SMIM26,1172
5.727432824638269e-5,0.4367272083384589,0.508,0.218,1,16,MTCH1,1173
2.363791234178646e-4,0.43378978610390106,0.59,0.271,1,16,KDELR2,1174
6.580195279597173e-5,0.43314068821488005,0.984,0.731,1,16,PPIB,1175
6.081703750353125e-4,0.4314186721826774,0.836,0.414,1,16,ATP5MPL,1176
7.561703085110635e-4,0.4311690488762796,0.311,0.135,1,16,CARD11,1177
2.411274592477766e-4,0.43055589026508073,0.393,0.17,1,16,TIMM17B,1178
6.603003749956408e-4,0.4290906487122492,0.361,0.161,1,16,SUPT6H,1179
0.0041559320421744005,0.4275522894855215,0.361,0.183,1,16,THOC7,1180
1.4577970383211213e-4,0.4271548965704219,0.361,0.147,1,16,RRP7A,1181
8.848629333903776e-5,0.42593880823833385,0.525,0.232,1,16,POLR2J,1182
1.829209008858812e-4,0.42582142075419716,0.541,0.244,1,16,NDUFC1,1183
3.9839396628731387e-4,0.4257289044761594,0.361,0.155,1,16,PTOV1,1184
1.4100696511252462e-4,0.4256742820800672,1,0.681,1,16,SSR4,1185
1.3086391696033294e-4,0.4250303830440282,0.508,0.225,1,16,NAA10,1186
7.118501351314861e-5,0.4245609260857055,0.656,0.288,1,16,NOL7,1187
1.3800925172921766e-4,0.42430088231965,0.492,0.222,1,16,HNRNPD,1188
1.0724383424149811e-4,0.4240717111836927,0.459,0.198,1,16,HSBP1,1189
1.2567387643094857e-4,0.42274637160975237,0.689,0.311,1,16,NDUFA12,1190
1.6242454849646598e-4,0.42117846487522037,0.59,0.27,1,16,GADD45GIP1,1191
7.306373188652648e-5,0.4198005295873406,0.377,0.152,1,16,SMARCE1,1192
3.996996636154181e-4,0.4187013678217786,0.754,0.367,1,16,CCND3,1193
0.0025670625900136163,0.4132222493530522,0.902,0.488,1,16,ATP5MC3,1194
1.2220068856291926e-4,0.4126257646518202,0.525,0.234,1,16,RGS10,1195
0.004684281597108469,0.41214124450869816,0.377,0.196,1,16,NDUFAF8,1196
1.1458778538944013e-4,0.4116890550954416,0.443,0.19,1,16,ALKBH7,1197
1.1568051252085382e-4,0.41126490840554775,0.393,0.164,1,16,ERLEC1,1198
9.1656885738432e-4,0.4111292809931013,0.361,0.164,1,16,TXNDC12,1199
5.356696815270746e-4,0.41079257206240394,0.787,0.395,1,16,GNB2,1200
0.0017937986134570197,0.4094788850981028,0.279,0.123,1,16,MRPL55,1201
1.1962057315619814e-4,0.4094458314415945,0.754,0.351,1,16,UBXN4,1202
2.633854989657418e-4,0.40846033533819626,0.279,0.109,1,16,JAGN1,1203
0.005376801333113844,0.4064568371847055,0.984,0.549,1,16,COX8A,1204
0.0013634310319803305,0.4059181130765941,0.295,0.13,1,16,PTEN,1205
1.5147733859723693e-4,0.4057389181594245,0.279,0.105,1,16,MTREX,1206
2.589635486300377e-4,0.4041034406398567,0.574,0.265,1,16,C19orf70,1207
8.693721220627749e-4,0.40244005448915415,0.295,0.127,1,16,CDKN2D,1208
2.1157088181277388e-4,0.40026247085714345,0.393,0.168,1,16,CEP350,1209
6.949470210188088e-4,0.400013844989916,0.721,0.35,1,16,PDIA6,1210
1.5123725513524784e-4,0.39957530092614346,0.525,0.236,1,16,LUC7L3,1211
8.414159031843385e-4,0.3966274911756267,0.82,0.407,1,16,TBCA,1212
0.0010162667226437602,0.3956821975516438,0.77,0.39,1,16,ERH,1213
3.4759421137698835e-4,0.3955902310848496,0.623,0.295,1,16,SSB,1214
3.7834686582549875e-4,0.3946302069878501,0.459,0.207,1,16,MORF4L2,1215
7.285734835025408e-4,0.39391126828428447,0.689,0.341,1,16,NSMCE3,1216
8.878563101300322e-4,0.39380234294119687,0.377,0.174,1,16,SHOC2,1217
5.340936933222406e-4,0.393746896983175,0.689,0.336,1,16,MRPL20,1218
4.687860800114081e-4,0.3927979674258457,0.344,0.148,1,16,TMEM70,1219
0.003244518316648951,0.3898740030314211,0.361,0.177,1,16,ARL8B,1220
0.0020394370701398673,0.38985867308671807,0.311,0.145,1,16,PAG1,1221
0.00156859066213772,0.38894535009285974,0.295,0.133,1,16,TLK1,1222
1.2870103933691204e-4,0.3881112699528536,0.377,0.154,1,16,TMEM50B,1223
1.331217142021025e-4,0.38760806608154963,0.541,0.241,1,16,JOSD1,1224
0.005102977651336632,0.3875034889847005,0.311,0.153,1,16,DCTN2,1225
0.0010993912388622682,0.3855932731509817,0.836,0.435,1,16,PAXX,1226
5.678019293845363e-4,0.3850028369141015,0.377,0.166,1,16,TIMM17A,1227
0.0033888068556553845,0.3847762813329121,0.262,0.12,1,16,CDK11A,1228
0.001106144680831215,0.38000754284022115,0.377,0.175,1,16,CYBC1,1229
8.124790789110562e-4,0.3797307384898737,0.262,0.108,1,16,BCAP29,1230
0.0010430577460991983,0.3796693286754196,0.541,0.272,1,16,H1FX,1231
3.554794120301793e-4,0.37918861133166204,0.721,0.349,1,16,NOP10,1232
0.003316514916251758,0.37664914068937994,0.574,0.304,1,16,KPNA2,1233
0.006898394197384771,0.3763755113134759,0.41,0.218,1,16,RANBP1,1234
9.537133952855652e-4,0.3750281284781519,0.426,0.199,1,16,COPA,1235
0.00110659574714121,0.37342663544034826,0.262,0.11,1,16,MRPS35,1236
5.845300330260633e-4,0.37214667119428546,0.525,0.244,1,16,EIF6,1237
6.503859438923752e-4,0.371611859849847,0.59,0.289,1,16,NDUFB7,1238
0.0019242094398635695,0.3709916349695054,0.279,0.124,1,16,TSN,1239
2.238530266369156e-4,0.37067838594923175,0.295,0.116,1,16,SRP68,1240
5.514230688023321e-4,0.37035567640486233,0.639,0.303,1,16,LAMTOR5,1241
9.956170531760413e-4,0.3697580570962411,0.508,0.244,1,16,EIF2S3,1242
1.1641611282638958e-4,0.36958671804000165,0.344,0.137,1,16,ELF2,1243
0.0021248515041522816,0.3694574786907905,0.311,0.142,1,16,ARL6IP6,1244
2.9490843903805697e-4,0.36934130756059935,0.361,0.154,1,16,GLRX5,1245
2.640373950412934e-4,0.3691960161863673,0.443,0.196,1,16,THUMPD3-AS1,1246
1.8930198466355944e-4,0.3688927700932668,0.475,0.208,1,16,TNRC6B,1247
0.0014595207986513729,0.36869357101400324,0.295,0.132,1,16,CAPNS1,1248
0.0010487706897301804,0.3666916220150512,0.41,0.191,1,16,MRPS7,1249
4.4380023805085735e-4,0.3658229754434153,0.393,0.175,1,16,PRKCSH,1250
0.0013490757042442273,0.3647156008818603,0.262,0.112,1,16,GADD45A,1251
6.288809059857977e-4,0.36394049281098906,0.738,0.369,1,16,RANBP2,1252
0.003241659777382133,0.3616837103914494,0.639,0.341,1,16,SNRPB2,1253
0.0029888356540307714,0.3614315876745484,0.557,0.289,1,16,SRP19,1254
8.9784349224292e-4,0.36130901027472495,0.803,0.388,1,16,LSM7,1255
0.0010646102660728095,0.3612219180916807,0.574,0.281,1,16,PYURF,1256
0.004933147647246149,0.36008798857941127,0.77,0.418,1,16,PSMB3,1257
4.673712136005478e-4,0.3600442129663135,0.361,0.156,1,16,PSMC2,1258
0.004955646388440341,0.35982933170076986,0.279,0.134,1,16,RABGGTB,1259
7.738235426711695e-4,0.3597271778510307,0.77,0.393,1,16,RGS1,1260
0.0026600880985236737,0.35927563200514845,0.754,0.398,1,16,ATP5PF,1261
0.0024477940985826127,0.35823199025324515,0.443,0.224,1,16,GGNBP2,1262
1.7022430227854715e-4,0.3576081525024997,0.295,0.114,1,16,BRMS1,1263
3.037683532072951e-4,0.35702927549471053,0.459,0.205,1,16,C1D,1264
2.6219607570162885e-4,0.3570098132793159,0.361,0.152,1,16,NORAD,1265
2.620120813943816e-4,0.35593948602476444,0.557,0.249,1,16,ATP6V0D1,1266
0.0024130020018384955,0.35566470897460145,0.262,0.117,1,16,RCOR1,1267
2.5081362247651696e-4,0.35515482834099693,0.344,0.143,1,16,NDUFA9,1268
0.0019761600216881697,0.3549960850548026,0.77,0.39,1,16,PEBP1,1269
0.004990528923483983,0.3547756906850883,0.656,0.361,1,16,EIF3M,1270
8.817108763539424e-4,0.3544440117311818,0.59,0.29,1,16,GRB2,1271
0.0029575118413494475,0.3543090333807074,0.311,0.146,1,16,PCMTD1,1272
8.378184992982764e-4,0.3526041663196833,0.41,0.19,1,16,PIN1,1273
2.026412012553432e-4,0.3524388581221139,0.311,0.124,1,16,HEXA,1274
7.60002887753437e-4,0.3520585589909778,0.41,0.188,1,16,HECTD1,1275
5.425648833914751e-4,0.3517666786961031,0.574,0.269,1,16,EMC7,1276
0.004133015815192766,0.3517393474818038,0.77,0.407,1,16,ROMO1,1277
3.6006435928363285e-4,0.3515923650388756,0.508,0.232,1,16,GLG1,1278
3.104689144810115e-4,0.35056897944470933,0.607,0.28,1,16,SEPT2,1279
5.51492803726828e-4,0.3499549095096377,0.541,0.253,1,16,TMEM179B,1280
0.009007704234401196,0.3496032322334166,0.82,0.455,1,16,DAD1,1281
7.570273520691237e-4,0.3495711460600692,0.443,0.203,1,16,SAP30BP,1282
1.4817334561452613e-4,0.3477515945557338,0.541,0.239,1,16,COX14,1283
0.0028489521208427825,0.34749809833524914,0.574,0.294,1,16,DDT,1284
9.484914051592142e-4,0.3470401896902423,0.295,0.126,1,16,ITPA,1285
0.008423178419406246,0.3469137582165485,0.279,0.137,1,16,TTC17,1286
6.702410323647157e-4,0.3461390253724954,0.738,0.356,1,16,ATP5F1C,1287
3.683805183326591e-4,0.34251962675840797,0.41,0.181,1,16,SYPL1,1288
0.0011240457013534434,0.3422752665292978,0.361,0.164,1,16,NIPA2,1289
0.005168130375512692,0.339447358810695,0.852,0.45,1,16,UBE2D2,1290
0.006217809780768674,0.339041965506868,0.361,0.185,1,16,PHYKPL,1291
0.0015756567619452538,0.3378387562846319,0.639,0.324,1,16,SNRPF,1292
2.2540641911406031e-4,0.3374069641771975,0.508,0.223,1,16,METAP2,1293
0.0020657766949801967,0.3370070684415011,0.508,0.253,1,16,RNMT,1294
9.893269217740425e-4,0.3366820425888999,0.361,0.164,1,16,SDHB,1295
0.005486100622539264,0.33450505625460447,0.279,0.134,1,16,RUNX1,1296
0.001122504348489661,0.334271679669608,0.344,0.156,1,16,AASDHPPT,1297
1.0098276772388338e-4,0.3341447267816515,0.279,0.102,1,16,GAK,1298
9.474950469616359e-4,0.33299537876268226,0.705,0.346,1,16,MOB1A,1299
6.870299209360551e-4,0.3312877746454852,0.574,0.273,1,16,MDH1,1300
0.0011301406084729508,0.3298556049488454,0.377,0.172,1,16,RCN2,1301
0.0012577930755684828,0.32858815192669394,0.344,0.155,1,16,CYB5B,1302
0.0016692174560630302,0.32800666062263895,0.344,0.158,1,16,MAP4,1303
0.0026249261926655446,0.32652759285191824,0.656,0.333,1,16,LPXN,1304
0.007918593386492907,0.32630715507098396,0.689,0.39,1,16,NEDD8,1305
1.3402597655824726e-4,0.32630680355843333,0.475,0.206,1,16,C19orf24,1306
0.00427393134404695,0.3257550855646314,0.705,0.373,1,16,EID1,1307
0.0022937507422542743,0.32522642023606396,0.557,0.293,1,16,TSPYL2,1308
5.382556766941295e-4,0.32379021342005454,0.377,0.165,1,16,ERGIC2,1309
0.0010068153445012796,0.3234826673221092,0.426,0.201,1,16,SNRNP70,1310
6.080013749016455e-4,0.3233609843973575,0.557,0.267,1,16,TAF10,1311
0.007440888359612336,0.3230742006571623,0.656,0.368,1,16,PRDX5,1312
0.0014943112070051612,0.3221679533837012,0.426,0.203,1,16,OGT,1313
0.0019388176498255961,0.32161361329097526,0.262,0.114,1,16,TMEM18,1314
0.003851110482437151,0.3196432513297085,0.787,0.411,1,16,ACTR2,1315
8.939753864111174e-4,0.31873135233748984,0.459,0.213,1,16,VOPP1,1316
0.001668024014013458,0.31809099882592207,0.344,0.156,1,16,HPS1,1317
0.0032239006109496733,0.31675135484744266,0.262,0.119,1,16,PPP3CA,1318
6.124596053159238e-4,0.3162304254224879,0.443,0.204,1,16,MIEN1,1319
3.464693200578461e-4,0.3157480377563766,0.639,0.311,1,16,FOSB,1320
3.47707063306992e-4,0.3155884105339277,0.426,0.188,1,16,MRPS34,1321
0.0012034067250212199,0.314769682908557,0.459,0.218,1,16,C4orf48,1322
0.003282422212925635,0.3129807829669439,0.295,0.136,1,16,AKAP17A,1323
0.005689834209518296,0.31238738871066174,0.262,0.123,1,16,LMF2,1324
0.0011371378483734074,0.31102703856188163,0.361,0.162,1,16,SENP6,1325
6.165572197570697e-4,0.310775465968373,0.475,0.221,1,16,ATF4,1326
0.0013422552733290659,0.3107666781286342,0.311,0.138,1,16,DNAJC21,1327
1.6343669157532528e-4,0.31017563753634364,0.344,0.138,1,16,CYP20A1,1328
0.0014860845701244766,0.3101322327860839,0.344,0.158,1,16,ORMDL2,1329
0.004024083917121751,0.3097508984665105,0.311,0.148,1,16,PSMD14,1330
5.777737390484054e-4,0.30909005473743145,0.279,0.113,1,16,CNST,1331
0.0025320057722847,0.3090277150069445,0.574,0.29,1,16,USP15,1332
2.900238652363771e-4,0.30794461950097474,0.574,0.259,1,16,RABGAP1L,1333
1.3421630512875155e-4,0.30768539540145867,0.361,0.143,1,16,GFPT1,1334
0.0021572863601479367,0.30707755139220594,0.492,0.246,1,16,TMEM14B,1335
0.001500922774467329,0.3062799132706888,0.262,0.111,1,16,ARID1B,1336
5.548595359695761e-4,0.3059966533303937,0.557,0.261,1,16,AKAP9,1337
6.842624814159823e-4,0.30541915530824093,0.377,0.167,1,16,FIBP,1338
0.001534574463012444,0.30537680411800383,0.41,0.195,1,16,HSPB11,1339
1.6848166573523457e-4,0.30501473039798516,0.41,0.172,1,16,NUB1,1340
0.007090813442876064,0.30465684783078517,0.279,0.135,1,16,ESYT1,1341
0.0013585922479206643,0.30457823721144983,0.607,0.297,1,16,TMEM230,1342
0.009743308055643834,0.3041209118069248,0.738,0.395,1,16,ARPC5,1343
0.008382204589245785,0.3040566658145972,0.295,0.147,1,16,CHTOP,1344
0.001172599013044841,0.30133357563163177,0.279,0.118,1,16,ELP5,1345
0.00501798746843363,0.3010286912530251,0.836,0.483,1,16,FOS,1346
5.921917343783168e-4,0.30083695379677566,0.475,0.216,1,16,RTF2,1347
0.0019361819825238007,0.2997686744562719,0.393,0.187,1,16,DECR1,1348
0.002577105328194694,0.2969940540928182,0.656,0.324,1,16,TBCB,1349
2.907966694656118e-4,0.2959905075828704,0.525,0.235,1,16,CNIH1,1350
0.0010661634316755412,0.2959720940205174,0.361,0.164,1,16,TUT4,1351
0.0027475109165332355,0.2958751187365109,0.361,0.174,1,16,SMARCC1,1352
0.005803771545336048,0.29573442690001994,0.689,0.364,1,16,SRPRA,1353
0.001977174905643858,0.29502451682919695,0.443,0.216,1,16,PDCD5,1354
0.0054888117309476675,0.2944214909970837,0.656,0.346,1,16,KTN1,1355
3.384170834430749e-4,0.2942960519154585,0.426,0.187,1,16,LMBRD1,1356
1.3671649785537837e-4,0.294234333214873,0.328,0.129,1,16,SNHG9,1357
5.5647166417941396e-5,0.29367779942042255,0.344,0.131,1,16,MTCH2,1358
0.005078124159735804,0.2929541068786703,0.475,0.249,1,16,NINJ1,1359
0.001973106752661605,0.29196462752800295,0.279,0.122,1,16,HDGF,1360
0.0011080911991012293,0.29048056164322067,0.475,0.224,1,16,FOXP1,1361
0.00210122801482264,0.28973539594716546,0.426,0.206,1,16,TTC3,1362
2.6588765288746845e-4,0.28932219103517265,0.426,0.183,1,16,DNAJC19,1363
0.002903632939225953,0.28870733162703016,0.361,0.174,1,16,ELAVL1,1364
5.41987661628581e-4,0.2883652405776387,0.59,0.277,1,16,NDUFS8,1365
0.0010990344207305596,0.28808847476663835,0.492,0.235,1,16,SNRPC,1366
0.0013402074979771848,0.28759631711303324,0.262,0.11,1,16,SAMM50,1367
3.826512746499525e-4,0.28409893241990203,0.361,0.153,1,16,UBE2K,1368
8.611382594102102e-4,0.2838836333317838,0.492,0.228,1,16,ADIPOR1,1369
0.0020860972972688205,0.28300349744825637,0.393,0.187,1,16,ARL5A,1370
0.008581703765629462,0.2815068690110337,0.377,0.197,1,16,ATRAID,1371
6.239487513945956e-4,0.2814670842393746,0.492,0.227,1,16,WASF2,1372
3.807111785198033e-4,0.2800376405520605,0.492,0.221,1,16,PCM1,1373
0.0021807195915359246,0.2786615672341973,0.295,0.132,1,16,PHF14,1374
0.007863552998448082,0.2777569940608301,0.459,0.242,1,16,PUF60,1375
0.0027178409652703355,0.2774336738268517,0.574,0.289,1,16,FBL,1376
0.0010122460758762346,0.2769745296172208,0.443,0.207,1,16,ERP44,1377
0.0029656236729919635,0.27631871943461944,0.377,0.183,1,16,ATXN10,1378
0.0020924999215516313,0.2753693383106276,0.295,0.133,1,16,PDHB,1379
0.004522947787160145,0.27464041542877093,0.393,0.197,1,16,BUD23,1380
2.2014254196161157e-4,0.27444749208205194,0.295,0.115,1,16,PPID,1381
0.008293013566110292,0.2737314714420618,0.311,0.157,1,16,RB1,1382
0.0018193742036443808,0.2735558987438602,0.639,0.316,1,16,MDH2,1383
0.001178657715933548,0.2731776239039321,0.41,0.192,1,16,UFD1,1384
4.900952947414407e-4,0.27292054142281974,0.59,0.273,1,16,IL10RA,1385
7.70542052595315e-4,0.27199351162719276,0.311,0.133,1,16,SDAD1,1386
0.0021734234206053776,0.27196364031723186,0.508,0.25,1,16,LSM3,1387
0.0063419065284831665,0.27161425730509375,0.279,0.134,1,16,TFG,1388
0.0017618724627207361,0.27157167255692627,0.475,0.227,1,16,SDHC,1389
0.005844950478032831,0.2698877398303374,0.77,0.403,1,16,DDX17,1390
5.722891071432271e-4,0.2683330368083961,0.279,0.112,1,16,NFYC,1391
4.3371163722310223e-4,0.26791175506238557,0.279,0.111,1,16,BOD1L1,1392
0.0011666775272026167,0.26566176561311194,0.393,0.178,1,16,MGAT1,1393
0.00611004299184887,0.2655670956875764,0.607,0.314,1,16,ELOC,1394
9.522032582022907e-4,0.26465432474756956,0.443,0.205,1,16,PRPF6,1395
0.0012641950376599193,0.2645975847311801,0.623,0.3,1,16,OCIAD1,1396
6.5474911605932e-4,0.264394144454864,0.541,0.251,1,16,DDX46,1397
0.002272078770428635,0.2637373552732958,0.41,0.198,1,16,SARS,1398
0.0010252013094340837,0.26349451335132656,0.41,0.188,1,16,UBE3A,1399
0.005026480641052241,0.26239655113102267,0.541,0.283,1,16,PPP1R10,1400
0.003425537322481021,0.2623883405004863,0.393,0.195,1,16,FAM32A,1401
9.906952842477382e-4,0.2603221849320152,0.344,0.152,1,16,TUSC2,1402
0.0023557087099515496,0.2577319300638273,0.377,0.18,1,16,TM9SF3,1403
0.003592926603941626,0.25753595322587886,0.426,0.213,1,16,OSBPL8,1404
0.0022471062959760284,0.2547257464795284,0.459,0.223,1,16,TWF2,1405
8.510479173364008e-4,0.2547019911010856,0.525,0.244,1,16,MRPL52,1406
0.002273834994365673,0.25352907768695776,0.508,0.247,1,16,GTF3C6,1407
0.0033082927119342893,0.2515913798890037,0.328,0.154,1,16,SNX5,1408
9.538182424004e-4,0.25092245453880024,0.41,0.188,1,16,UBE2D1,1409
0,3.265762985824709,0.259,0.023,0,2,LEF1,1
0,3.1075655451619357,0.466,0.061,0,2,CCR7,2
0,2.532409144120595,0.301,0.049,0,2,CD4,3
0,1.8772973140845628,0.591,0.171,0,2,GPR183,4
0,1.5917416256174128,0.848,0.275,0,2,IL7R,5
0,1.2485468613474113,0.833,0.359,0,2,LTB,6
3.2607959984702794e-293,2.0566117868431273,0.333,0.078,6.1710564271050035e-289,2,S1PR1,7
1.23471935075175e-241,1.4087908100188304,0.553,0.238,2.3367063712976867e-237,2,LMNA,8
6.824717827967607e-235,1.4554197704468868,0.427,0.14,1.2915778489428696e-230,2,ICOS,9
2.345676714751085e-230,0.89835320301014,0.815,0.478,4.4391931826664284e-226,2,LDHB,10
1.0318727796468578e-221,1.3898205978020894,0.451,0.161,1.9528192354816785e-217,2,FLT3LG,11
2.4813934867062104e-215,1.834174050127222,0.309,0.088,4.696037173591503e-211,2,TNFRSF4,12
2.917563829122709e-207,1.7376526033776192,0.321,0.095,5.521489546614726e-203,2,SELL,13
2.6755320489205393e-192,1.2235182246726888,0.45,0.168,5.0634444025821204e-188,2,CD28,14
1.2063462360053671e-182,0.8697904969924757,0.758,0.428,2.2830102516401573e-178,2,RGCC,15
8.365402796145335e-171,1.4096620416836823,0.36,0.13,1.5831524791705047e-166,2,PLK3,16
5.1393764656944194e-167,1.044264445657852,0.507,0.217,9.726269961326689e-163,2,CD5,17
5.724313373836939e-167,0.9547288145909645,0.648,0.37,1.0833263059986407e-162,2,KLF2,18
3.669441577102992e-164,1.4611871730272716,0.29,0.09,6.944418184667412e-160,2,PDE3B,19
4.438783566017067e-155,0.5681881806591833,0.915,0.671,8.400397898687299e-151,2,FXYD5,20
6.0896316443686976e-152,1.200796273905085,0.406,0.166,1.152462788696776e-147,2,P2RY10,21
1.2739283266428254e-150,1.1649335078788736,0.373,0.142,2.410909358171547e-146,2,AQP3,22
2.7372378505390166e-147,1.0851066376456182,0.459,0.206,5.180222632145089e-143,2,TMEM123,23
2.0550260567900677e-139,0.7156469661169638,0.773,0.448,3.889136812475203e-135,2,SPOCK2,24
3.2275331535989536e-138,0.5798475359710524,0.927,0.619,6.10810649318602e-134,2,CD52,25
5.586509212334881e-127,0.5046726293138009,0.932,0.707,1.0572468684343763e-122,2,VIM,26
4.283469613967769e-125,1.1041472550360063,0.397,0.177,8.106466244434003e-121,2,SC5D,27
1.3347181986100218e-124,0.8480202885888823,0.616,0.371,2.5259541908694662e-120,2,CD55,28
1.6788920298046143e-122,1.187180868881495,0.294,0.109,3.1773031664052324e-118,2,CD82,29
5.681088550427804e-118,0.26889780322259593,0.994,0.962,1.0751460081684619e-113,2,FTH1,30
1.744549939417933e-116,1.172169156421033,0.295,0.113,3.301560760348438e-112,2,RCAN3,31
1.2132553602422997e-115,0.8730328159707432,0.523,0.271,2.2960857692585524e-111,2,PRDX2,32
1.6952580910665995e-113,1.264447777579474,0.284,0.11,3.2082759373435392e-109,2,TCF7,33
1.6769706418428593e-110,0.6269904336844276,0.757,0.583,3.173666939687611e-106,2,ANXA1,34
1.703370686444134e-110,0.968709234216344,0.408,0.19,3.223629024095523e-106,2,TRAT1,35
3.91790550976399e-110,0.7302551534286501,0.64,0.368,7.4146361772283505e-106,2,RHOH,36
7.759659217690254e-110,1.0516375643011355,0.35,0.152,1.4685155069478806e-105,2,SNX9,37
1.315114546639538e-109,0.42692474238362044,0.939,0.753,2.488854279515326e-105,2,EEF1G,38
7.807839883153778e-109,0.8104546020814893,0.561,0.316,1.4776336978868525e-104,2,NDFIP1,39
8.344978156935541e-109,0.9447794643705423,0.417,0.201,1.5792871162000513e-104,2,FOXP1,40
4.7176787735936655e-107,0.5886407447410384,0.791,0.54,8.928207079026012e-103,2,NOP53,41
5.418488279347915e-106,0.7602365274201737,0.586,0.331,1.025448906866593e-101,2,CDKN1B,42
9.54791475352039e-105,0.9267588956089311,0.407,0.193,1.806942867103734e-100,2,ARID5B,43
2.996720138700068e-103,0.5162115190125864,0.891,0.641,5.671292862489879e-99,2,EZR,44
4.599601210218578e-101,0.7859482877221444,0.509,0.271,8.704745290338659e-97,2,PBXIP1,45
5.4917850080641876e-101,0.626144178178178,0.713,0.454,1.0393203127761475e-96,2,S100A11,46
9.933719389588162e-101,0.5457765462451754,0.828,0.566,1.8799563944795595e-96,2,LEPROTL1,47
2.0274717716459795e-99,1.18617385970336,0.274,0.11,3.8369903278400165e-95,2,CCR6,48
3.596696004510156e-99,0.9116392577748664,0.441,0.228,6.80674718853547e-95,2,ICAM2,49
1.878193799994475e-96,0.6363029344272813,0.68,0.426,3.5544817664895435e-92,2,SAMSN1,50
2.963598645563257e-96,0.8976733060821702,0.376,0.175,5.608610436728464e-92,2,CAMK4,51
9.807545425665111e-96,0.7866706419539262,0.524,0.294,1.8560779718071222e-91,2,FAM107B,52
1.1813011408075748e-95,0.9825820213933454,0.381,0.187,2.2356124089783354e-91,2,KLF3,53
4.008500165643397e-94,0.9207675285108602,0.38,0.183,7.586086563480129e-90,2,MCUB,54
2.7272827783590457e-93,0.2958552177494447,0.991,0.879,5.161382658044494e-89,2,SARAF,55
1.1312226497783104e-91,0.713763525501212,0.572,0.339,2.1408388647054526e-87,2,ANP32B,56
3.7196148746478215e-90,0.866027226737529,0.385,0.189,7.039371150271003e-86,2,SOD2,57
3.5753330686093004e-86,0.6757623839656242,0.57,0.336,6.766317832343101e-82,2,RNASET2,58
1.4228420731603934e-85,0.7462171281722878,0.491,0.275,2.6927286234560446e-81,2,ARHGAP15,59
4.256163809082961e-83,0.5788161987173992,0.69,0.454,8.054790008689504e-79,2,EIF3E,60
1.2966289557672877e-80,0.9876832968690095,0.251,0.105,2.4538702987895918e-76,2,DGKA,61
9.496495191720728e-80,0.9664100383312159,0.28,0.124,1.7972117150331478e-75,2,PBX4,62
6.462853667798223e-79,0.9437453733280177,0.25,0.105,1.2230950566308137e-74,2,TIMP1,63
6.196983164389349e-77,0.6237374111403191,0.571,0.342,1.1727790638606843e-72,2,BIRC3,64
7.577757728269823e-77,0.8165064455981925,0.393,0.208,1.434090650075064e-72,2,ABLIM1,65
7.651346126031998e-77,0.5107960397177469,0.754,0.508,1.4480172543515557e-72,2,CD44,66
1.523497482907157e-76,0.7189292759486798,0.491,0.287,2.8832189864017944e-72,2,CDKN1A,67
4.195402845364833e-76,0.742266412688426,0.47,0.275,7.939799884852946e-72,2,ITGB1,68
1.6898641654903362e-75,0.46025766981041594,0.847,0.61,3.198067933190461e-71,2,TNFAIP3,69
3.026772670268621e-75,0.3222037473167525,0.96,0.82,5.728167278483365e-71,2,ZFP36L2,70
4.391934238214628e-75,0.39413798098470076,0.915,0.725,8.311735545821183e-71,2,JUNB,71
2.2424298526508812e-74,0.6020088649203379,0.604,0.38,4.2437984961417926e-70,2,SMAP2,72
2.673555099084665e-73,0.8079402371668917,0.361,0.184,5.059703025017729e-69,2,S1PR4,73
2.967424952370404e-73,0.7812900339848201,0.317,0.15,5.615851722360989e-69,2,INPP4B,74
1.0901469465883087e-71,0.28329561590261676,0.969,0.854,2.063103096418374e-67,2,EEF1B2,75
4.3852629622122716e-71,0.7298905825117761,0.401,0.215,8.299110155986724e-67,2,RGS10,76
4.0487925305837616e-70,0.44347322491031793,0.834,0.626,7.662339864129769e-66,2,S100A10,77
1.9521864306646183e-69,0.628418463118062,0.485,0.276,3.6945128200327902e-65,2,CD6,78
2.11329097653696e-67,0.7641187719818764,0.338,0.173,3.999403173096197e-63,2,PIK3IP1,79
1.4491639556188322e-66,0.8330884675100062,0.298,0.148,2.74254278600864e-62,2,TNIK,80
1.646760162950188e-66,0.5277277191975138,0.666,0.445,3.1164936083832307e-62,2,CYTIP,81
1.1658984776949007e-65,0.6452313624474575,0.474,0.279,2.2064628690375995e-61,2,PLP2,82
5.256242735200499e-65,0.6419128828132481,0.49,0.299,9.947439376366945e-61,2,PPP1CB,83
3.7517304376747554e-64,0.7528259699007155,0.314,0.158,7.100149853299475e-60,2,DUSP4,84
7.160982358954868e-64,0.25746020740617936,0.978,0.873,1.3552159114322088e-59,2,PABPC1,85
8.911686655177373e-64,0.6840250324055277,0.437,0.257,1.6865366994923178e-59,2,NOSIP,86
7.326450531009139e-61,0.3719430062968092,0.864,0.708,1.3865307629934794e-56,2,CRIP1,87
6.357961056709369e-60,0.5051035374896835,0.62,0.397,1.203244129982248e-55,2,ITM2A,88
4.808455188789623e-59,0.712575160373846,0.343,0.185,9.100001444784362e-55,2,RILPL2,89
5.003370574430921e-59,0.7612710069266558,0.28,0.138,9.468878812110518e-55,2,BCL11B,90
3.4796967689754986e-58,0.718737770451774,0.325,0.174,6.585326135286131e-54,2,CORO1B,91
3.7398184686502676e-58,0.8390604282827625,0.257,0.126,7.077606451920632e-54,2,IL6ST,92
1.0283582375622239e-57,0.48232226004323153,0.663,0.459,1.9461679645865086e-53,2,EIF3H,93
1.033920263279882e-56,0.7506048464693471,0.306,0.161,1.9566940982571768e-52,2,PIM1,94
1.4129153957506482e-54,0.48776819546685934,0.608,0.396,2.6739423864581016e-50,2,PRDX1,95
5.697118357775945e-53,0.7391735794080996,0.314,0.173,1.0781796492090977e-48,2,WDR74,96
1.2663420832104176e-52,0.37619364235513864,0.798,0.586,2.3965523924757152e-48,2,TSC22D3,97
1.9896935888824547e-52,0.7163002954032799,0.315,0.172,3.765495116960046e-48,2,TOB1,98
2.3523378429130942e-52,0.5220131238303793,0.557,0.368,4.451799367713031e-48,2,RSL1D1,99
8.47134308713367e-52,0.7954905748859211,0.253,0.128,1.603201679240047e-47,2,FAS,100
3.718723384575376e-51,0.6814460865351789,0.343,0.196,7.037684005308899e-47,2,YIPF5,101
1.0548467721102295e-50,0.6513382129154116,0.348,0.196,1.9962975162186093e-46,2,RIPOR2,102
1.4754016228081138e-50,0.29719126844073296,0.904,0.751,2.7921975711643553e-46,2,HINT1,103
2.0956339794234148e-50,0.614069768342866,0.372,0.216,3.965987306058813e-46,2,PPA1,104
2.327134077274104e-50,0.46189334561360074,0.625,0.429,4.404101241241242e-46,2,EIF3L,105
7.98128630951131e-50,0.4021977479715,0.763,0.569,1.5104584340750156e-45,2,SLC2A3,106
8.3447676019740825e-50,0.7600975414127522,0.25,0.128,1.579247268673595e-45,2,ADK,107
9.20283183962168e-50,0.39718344798144756,0.751,0.543,1.7416359256484027e-45,2,SF1,108
1.2084916406322066e-49,0.49537936272480554,0.582,0.395,2.287070429896451e-45,2,AHNAK,109
1.8367311098081934e-49,0.5383023801523255,0.514,0.338,3.476013625312006e-45,2,NDUFV2,110
3.0070473513632592e-49,0.48206326395529975,0.561,0.37,5.690837112454968e-45,2,PEBP1,111
9.855010604249222e-49,0.2809025811435184,0.933,0.794,1.8650607568541652e-44,2,NPM1,112
1.1988179509946664e-48,0.47141895252658506,0.504,0.307,2.268762972257406e-44,2,CLEC2D,113
2.0953861474867804e-48,0.32869398604374966,0.882,0.717,3.965518284118732e-44,2,TAGLN2,114
2.0999891466571477e-48,0.4108603543837712,0.731,0.522,3.974229460048652e-44,2,UBE2B,115
9.812828793248937e-48,0.6268102327498997,0.324,0.181,1.857077849122361e-43,2,RHBDD2,116
1.2685043076426907e-47,0.4411020492314459,0.641,0.45,2.400644402213792e-43,2,ANKRD12,117
1.3978550574349225e-47,0.7038886490834708,0.3,0.167,2.645440696195591e-43,2,SYPL1,118
1.919859070970702e-47,0.6020326129716921,0.377,0.224,3.633333291812053e-43,2,ATP2B1,119
1.7803688272068763e-46,0.5543689974526971,0.492,0.329,3.369348005489013e-42,2,DCXR,120
6.447100217521015e-46,0.5772440640671337,0.399,0.243,1.2201137161658522e-41,2,MT1X,121
6.85709058758026e-46,0.6833048539975586,0.27,0.144,1.2977043936995641e-41,2,CXCR3,122
1.1503340529052215e-45,0.7314334106053499,0.294,0.166,2.1770071951231318e-41,2,SOCS3,123
5.798243945847217e-45,0.621599939456639,0.318,0.181,1.097317666751586e-40,2,EVI2A,124
1.0446385538655322e-44,0.49053944116546266,0.49,0.321,1.9769784631905198e-40,2,ATP5PD,125
2.523524095613279e-44,0.4318935675143891,0.617,0.432,4.775769350948131e-40,2,EIF4B,126
6.18858966368197e-43,0.6408379740166553,0.311,0.18,1.1711905938518129e-38,2,PER1,127
3.4151474064962645e-42,0.4161944934174695,0.646,0.479,6.463166466794181e-38,2,NR3C1,128
3.8045559738239144e-41,0.44173332604115156,0.547,0.371,7.200122180461758e-37,2,ST13,129
5.493914994124412e-41,0.40108817522023,0.646,0.455,1.039723412638045e-36,2,G3BP2,130
1.90517154099537e-40,0.4395081117628279,0.504,0.334,3.605537141333738e-36,2,AC016831.7,131
1.972821259414886e-40,0.43293777801229716,0.573,0.393,3.733564233442672e-36,2,GSPT1,132
3.235768684076038e-40,0.462984393455774,0.455,0.292,6.123692234613902e-36,2,CYTH1,133
8.36881299974028e-40,0.6069197490551743,0.36,0.226,1.583797860200848e-35,2,GPCPD1,134
2.1464407227502544e-39,0.5233914364667908,0.351,0.212,4.062139067804856e-35,2,TNFAIP8,135
3.168707496778425e-39,0.511281355142436,0.44,0.287,5.996778937653169e-35,2,ARID5A,136
3.942959425211497e-39,0.43563757244122314,0.532,0.364,7.462050712212757e-35,2,TOMM20,137
7.449587562862169e-39,0.3632299638588079,0.676,0.469,1.4098344462716655e-34,2,CD2,138
8.367814556631356e-39,0.5012299384040639,0.383,0.238,1.5836089048424842e-34,2,ADD3,139
1.222164059781261e-38,0.2545079656979041,0.91,0.773,2.312945483136036e-34,2,TOMM7,140
2.0713559928375922e-38,0.34575744826945165,0.726,0.53,3.920041216445143e-34,2,C12orf57,141
2.798009176179648e-38,0.6416048039504534,0.283,0.165,5.295232365919984e-34,2,TGIF1,142
6.516775799045768e-38,0.4536297456650096,0.517,0.352,1.2332998199694115e-33,2,NAP1L1,143
8.780553232410385e-38,0.3662924683653288,0.665,0.485,1.6617196992336654e-33,2,GSTK1,144
1.303034742114874e-36,0.4801996822404795,0.424,0.277,2.465993249452399e-32,2,C1QBP,145
1.4792874619122676e-36,0.30216048238329085,0.938,0.738,2.7995515216689664e-32,2,CXCR4,146
1.9061785548865633e-36,0.33994045177068566,0.762,0.564,3.607442915122821e-32,2,EMP3,147
2.9554122197594045e-36,0.418213653237016,0.522,0.362,5.593117625894673e-32,2,SMDT1,148
5.198516253562377e-36,0.39798265850249526,0.526,0.356,9.838192009866799e-32,2,SMCHD1,149
7.563645636419791e-36,0.45811556771942663,0.357,0.217,1.4314199366924453e-31,2,OCIAD2,150
9.295124076647511e-36,0.5416977746025152,0.32,0.195,1.7591022315055415e-31,2,RNF139,151
1.1859872411102037e-35,0.5038649426429036,0.364,0.23,2.2444808538010604e-31,2,EIF2S3,152
2.501247078128565e-35,0.5577557707135928,0.308,0.187,4.733610095358309e-31,2,TMEM243,153
2.584618712640451e-35,0.32064773914664446,0.819,0.626,4.891390913672053e-31,2,YPEL5,154
3.513787433892735e-35,0.42771900405410745,0.474,0.319,6.649842718642001e-31,2,RAP1A,155
3.9451526023132896e-35,0.4160425795194602,0.484,0.323,7.466201299877901e-31,2,MZT2A,156
4.555687016313092e-35,0.3329171785820333,0.743,0.555,8.621637678372527e-31,2,EIF3F,157
4.984178266441443e-35,0.3308837775795004,0.754,0.568,9.432557369240432e-31,2,SOD1,158
6.005219087680902e-34,0.3912044506652417,0.574,0.404,1.1364877123436107e-29,2,TUBA1A,159
7.2665447389781955e-34,0.3838787179898384,0.539,0.372,1.3751935918516235e-29,2,ELOVL5,160
4.053548895644245e-33,0.37681840064504746,0.562,0.394,7.671341285006733e-29,2,ABRACL,161
4.084542366807403e-33,0.3690323565498681,0.542,0.373,7.72999642918301e-29,2,PPP1R2,162
1.4348802650054904e-31,0.38178948735773655,0.503,0.349,2.7155109015228907e-27,2,NSA2,163
1.9856805249062336e-31,0.3567140612415747,0.611,0.444,3.7579003933850474e-27,2,UXT,164
3.0320293782809092e-31,0.5606884757676645,0.257,0.153,5.738115598396621e-27,2,STK38,165
4.0006460510818315e-31,0.3341363139733131,0.663,0.489,7.571222651672366e-27,2,AES,166
4.976982049650824e-31,0.5132858578976569,0.305,0.19,9.418938528964184e-27,2,GATA3,167
5.017944247080308e-31,0.45891917645142,0.379,0.248,9.496459487599484e-27,2,PDE4D,168
2.814933307462258e-30,0.3764592111747236,0.52,0.363,5.327261284372323e-26,2,BCAS2,169
2.8800419123853195e-30,0.3580504944695748,0.507,0.346,5.450479319189217e-26,2,TECR,170
3.4458959131456005e-30,0.4970854696331596,0.348,0.228,6.521358015628049e-26,2,PLIN2,171
4.587126750909121e-30,0.4911753610718945,0.3,0.186,8.681137376095512e-26,2,ABHD14B,172
6.2251853881094816e-30,0.3516900080584826,0.542,0.38,1.1781163346997195e-25,2,GTF2B,173
1.04149687741308e-29,0.3582290421044889,0.558,0.399,1.971032840504254e-25,2,RNF149,174
1.0702798513621635e-29,0.390105994273088,0.442,0.299,2.0255046187028945e-25,2,NSD3,175
1.1320807346905898e-29,0.5720729083174398,0.25,0.15,2.1424627904019414e-25,2,IMPDH2,176
1.6151226338644145e-29,0.47027504414884747,0.356,0.234,3.0566195845884045e-25,2,CRYBG1,177
2.915350301549241e-29,0.36798685596517533,0.513,0.36,5.517300445681939e-25,2,STAT3,178
3.175835393208539e-29,0.36632727722188174,0.508,0.363,6.01026848164716e-25,2,PTGER4,179
3.8722681252079985e-29,0.34001016732356826,0.595,0.427,7.3282674269561375e-25,2,PDE4B,180
4.2658022250395604e-29,0.4353718083291166,0.339,0.217,8.073030710887368e-25,2,PSIP1,181
5.945892856204968e-29,0.44790092091439127,0.342,0.222,1.1252602230367903e-24,2,CNIH1,182
6.463009332801333e-29,0.43626775711133603,0.413,0.285,1.2231245162326521e-24,2,SATB1,183
8.439273086967282e-29,0.42389836894735455,0.413,0.281,1.597132431708558e-24,2,PIM3,184
9.124017770050747e-29,0.3571591044840883,0.51,0.353,1.7267203629821037e-24,2,RNF125,185
1.2220795835541875e-28,0.42039602005901155,0.418,0.285,2.3127856118763e-24,2,ISCA1,186
1.9265086554483938e-28,0.4072696271865439,0.4,0.272,3.645917630436085e-24,2,DYNLT1,187
2.1993231564303454e-28,0.3580164855617016,0.466,0.321,4.1622190735444284e-24,2,CACYBP,188
4.507961834844585e-28,0.4667340733423825,0.307,0.196,8.531317772443377e-24,2,MGAT4A,189
7.88190500319488e-28,0.37653873452793296,0.469,0.327,1.491650521854631e-23,2,NSMCE3,190
1.577709327371696e-27,0.42626860315164505,0.363,0.24,2.9858149020509344e-23,2,SBDS,191
1.776728477642397e-27,0.35389264113247876,0.404,0.269,3.3624586439382366e-23,2,HSPB1,192
3.9630292110982695e-27,0.45214988807187945,0.283,0.177,7.500032782003475e-23,2,DOCK10,193
5.504370384869341e-27,0.28454942983126097,0.923,0.721,1.0417020953365228e-22,2,CREM,194
6.114192764186163e-27,0.30843283752481243,0.669,0.503,1.1571109806222313e-22,2,CD48,195
6.2335756460992466e-27,0.41429206141356434,0.4,0.276,1.1797041910242824e-22,2,FBL,196
7.264733110843086e-27,0.33544971064137674,0.561,0.396,1.374850741227054e-22,2,ARL4C,197
8.749871718721795e-27,0.4903554843888871,0.306,0.2,1.6559132227680998e-22,2,ARL4A,198
8.936229809938665e-27,0.44372527985897803,0.324,0.211,1.6911814915308924e-22,2,TANK,199
1.462079231233658e-26,0.4855018462341011,0.297,0.192,2.766984945109698e-22,2,PHLDA1,200
1.5547107785953035e-26,0.3982791173498792,0.426,0.299,2.9422901484916117e-22,2,CSRNP1,201
1.6686262585408833e-26,0.39030833031154843,0.441,0.311,3.1578751942886216e-22,2,ATP1A1,202
4.9295539053845194e-26,0.4027945421296273,0.365,0.245,9.329180765940203e-22,2,PRNP,203
5.1173754535444557e-26,0.44917556050853547,0.293,0.187,9.684633045832882e-22,2,P2RY8,204
5.1336301218522667e-26,0.47769079739525677,0.286,0.183,9.715395005605415e-22,2,OSER1,205
1.2262694997905922e-25,0.4539235671668761,0.312,0.205,2.3207150283536956e-21,2,ANXA7,206
1.5757433817046475e-25,0.34801944504386007,0.41,0.281,2.9820943498760454e-21,2,CMPK1,207
2.6753461240816107e-25,0.29293916597726355,0.688,0.525,5.0630925398244485e-21,2,MT-ND6,208
4.342676327858133e-25,0.2928237959995954,0.646,0.484,8.218514950471517e-21,2,EML4,209
4.374716940376586e-25,0.5296843926090364,0.261,0.166,8.279151809662688e-21,2,RARA,210
6.291819651468137e-25,0.4207400814978812,0.398,0.28,1.190726869040345e-20,2,PDCL3,211
1.2025791332716446e-24,0.3186670679953463,0.571,0.438,2.2758810097165876e-20,2,MYADM,212
2.525360648362049e-24,0.3194837387852101,0.33,0.212,4.779245027025178e-20,2,LIME1,213
3.342195634897542e-24,0.3436453796904342,0.437,0.308,6.325105239043598e-20,2,EIF3A,214
3.890542185635042e-24,0.4425832844167676,0.283,0.183,7.362851086314317e-20,2,VPS51,215
7.409325746245544e-24,0.28169919698210477,0.453,0.309,1.4022148974769692e-19,2,TSPO,216
8.507831584237407e-24,0.38435033763993043,0.367,0.251,1.6101071273169293e-19,2,NFKB2,217
8.558247842757804e-24,0.37927686838456487,0.367,0.251,1.6196484042419144e-19,2,CYLD,218
1.608020624459737e-23,0.44854944452145107,0.27,0.175,3.043179031790052e-19,2,MVP,219
2.0067624936707838e-23,0.4033852940034195,0.367,0.255,3.7977980192719583e-19,2,ALG13,220
2.340707025799769e-23,0.39316449017192034,0.281,0.182,4.429788046326063e-19,2,OXA1L,221
3.1426593430486637e-23,0.3113053546623372,0.544,0.399,5.947482806719596e-19,2,HSPA9,222
3.308263014724955e-23,0.26981710895654265,0.571,0.388,6.260887755366977e-19,2,CD3G,223
4.17600502678321e-23,0.42649740911015904,0.265,0.17,7.903089513187225e-19,2,RPA3,224
4.599473796134153e-23,0.3464196481779458,0.389,0.268,8.704504159183886e-19,2,SAMHD1,225
5.356139463100161e-23,0.34265081605949677,0.447,0.318,1.0136493933917055e-18,2,SLC3A2,226
6.749976467602708e-23,0.39148587062097406,0.371,0.259,1.2774330464938125e-18,2,TIPARP,227
1.4783993265572467e-22,0.29945983427846334,0.621,0.462,2.7978707255095894e-18,2,NFE2L2,228
1.6861494211246084e-22,0.3350017151008704,0.425,0.3,3.1910377794783214e-18,2,EIF3D,229
2.331380808705557e-22,0.3266258459044187,0.437,0.311,4.4121381804752664e-18,2,SNRPF,230
3.0782374990412654e-22,0.4229640396423431,0.301,0.202,5.825564466935595e-18,2,OSBPL8,231
3.421162123460228e-22,0.28442872242867323,0.496,0.354,6.474549318648481e-18,2,GIMAP7,232
6.383201499675968e-22,0.36315687090623094,0.287,0.187,1.208020883813677e-17,2,BIN1,233
7.200896338359996e-22,0.3439480660291738,0.404,0.287,1.3627696320346293e-17,2,VDAC1,234
8.674746943614901e-22,0.37520876599321407,0.343,0.234,1.64169585907912e-17,2,TMEM14B,235
9.422047140502436e-22,0.29301151293024863,0.557,0.414,1.783122421340086e-17,2,YWHAQ,236
1.3970942564744948e-21,0.28966666649579786,0.48,0.347,2.6440008803779815e-17,2,EIF3M,237
1.8431298817549916e-21,0.434417384942167,0.255,0.165,3.4881233012213215e-17,2,DCTN6,238
1.845530205669992e-21,0.27861109222902436,0.6,0.457,3.49266591423046e-17,2,PKM,239
1.8885644993053206e-21,0.3397639846600651,0.363,0.252,3.5741083149353195e-17,2,HADHA,240
2.6046970269875504e-21,0.3743748168629435,0.305,0.204,4.929389123573939e-17,2,PSMD6,241
2.7777859838548342e-21,0.3144919266630517,0.494,0.369,5.256959974445274e-17,2,GLIPR1,242
2.804212869289029e-21,0.44409464085388045,0.271,0.18,5.306972855129488e-17,2,PLEKHB2,243
2.8282042880891092e-21,0.3296235353175829,0.375,0.26,5.352376615208639e-17,2,NDUFA5,244
3.076934340250878e-21,0.2765433162367552,0.545,0.402,5.823098238924787e-17,2,C19orf53,245
3.1462161349587224e-21,0.4239724609968227,0.263,0.173,5.954214035409382e-17,2,APEX1,246
3.3059132937887045e-21,0.2695792243660522,0.653,0.51,6.256440908495124e-17,2,SNU13,247
3.442241298019225e-21,0.3965074598799656,0.289,0.193,6.514441656501383e-17,2,STT3B,248
3.569949913912976e-21,0.29958924870778536,0.499,0.365,6.756130212080307e-17,2,MAPK1IP1L,249
4.43920378713287e-21,0.44198752512912926,0.259,0.17,8.401193167148956e-17,2,IRF2BP2,250
5.699253625022876e-21,0.31463907446869444,0.489,0.356,1.0785837485355793e-16,2,USP36,251
1.1747656359114366e-20,0.30161670406966046,0.465,0.337,2.2232439659623936e-16,2,SOCS1,252
1.5177148753734483e-20,0.2953449199803144,0.444,0.318,2.8722754016442507e-16,2,ODC1,253
1.563955760022931e-20,0.4086956493164088,0.309,0.213,2.959786275843397e-16,2,PNP,254
1.7333421273936307e-20,0.2701044796479821,0.653,0.5,3.280349976092446e-16,2,HNRNPA0,255
1.8771299663511048e-20,0.3063309500921474,0.481,0.35,3.552468461319466e-16,2,RELB,256
3.3117269874054033e-20,0.3691608677604201,0.255,0.166,6.267443323664726e-16,2,NUP58,257
4.125205140342127e-20,0.41660161942270446,0.269,0.181,7.806950728097476e-16,2,ALKBH7,258
5.0107559894634675e-20,0.2927210647967169,0.392,0.274,9.482855710059612e-16,2,SNRPN,259
5.218877801263361e-20,0.3809333860648303,0.253,0.165,9.87672623889091e-16,2,NDUFB5,260
5.252077078757684e-20,0.2954458046772035,0.454,0.327,9.939555871548918e-16,2,SF3A1,261
8.878529710747083e-20,0.37875107428362376,0.308,0.212,1.6802617477588855e-15,2,PAF1,262
1.1970117035782898e-19,0.25945017000299564,0.584,0.439,2.2653446490219133e-15,2,SEPT6,263
2.1893506851070652e-19,0.26446537645539725,0.408,0.285,4.143346171565121e-15,2,SYNE2,264
2.2327864523273467e-19,0.3426655982186235,0.337,0.236,4.2255483610295034e-15,2,HBP1,265
2.4080025212464694e-19,0.3690025650661868,0.269,0.179,4.5571447714589435e-15,2,DAP3,266
2.5419631542608836e-19,0.291359416649732,0.571,0.433,4.810665269438722e-15,2,EIF5A,267
3.7522198491686767e-19,0.3115623447762428,0.379,0.269,7.101076064551721e-15,2,DNAJB9,268
4.81531338439262e-19,0.269632592270864,0.485,0.353,9.112980579963034e-15,2,CAST,269
5.090195120564663e-19,0.35231074781114236,0.293,0.2,9.633194265668625e-15,2,LSM5,270
9.708784558029279e-19,0.2669864956837409,0.546,0.409,1.837387477607041e-14,2,CDC42SE2,271
1.0229161918873985e-18,0.33712574872068624,0.38,0.277,1.9358688931469017e-14,2,CHMP1B,272
2.000566011255768e-18,0.2989186568918387,0.399,0.285,3.7860711763015405e-14,2,C1orf43,273
2.0397366110072392e-18,0.2570048524050246,0.481,0.358,3.8602015363312e-14,2,SNHG8,274
2.1778635341860156e-18,0.3334937382405846,0.306,0.21,4.1216067384470347e-14,2,SNRPE,275
2.3116325198992717e-18,0.37053330618681224,0.292,0.201,4.3747645439093716e-14,2,RNF138,276
2.3251809033446795e-18,0.2634309858656094,0.454,0.328,4.400404859579806e-14,2,ZC3HAV1,277
3.140944782752492e-18,0.3403185526170918,0.266,0.179,5.944238001359091e-14,2,GRPEL1,278
3.3731883820492533e-18,0.35132871114816333,0.261,0.175,6.383759013028212e-14,2,NOLC1,279
4.308161459195479e-18,0.3511818681545862,0.3,0.208,8.153195561527444e-14,2,RANBP1,280
4.467520459812251e-18,0.26431843058743487,0.349,0.242,8.454782470194685e-14,2,ITK,281
4.888319231896336e-18,0.3358986740512887,0.29,0.198,9.251144146363817e-14,2,GORASP2,282
4.965770048343953e-18,0.3252614279993008,0.279,0.19,9.397719816490932e-14,2,MPC2,283
6.0783482406881674e-18,0.2566621935180966,0.519,0.389,1.1503274045502358e-13,2,CAPZA1,284
8.993249893538153e-18,0.33739040635607576,0.308,0.215,1.7019725423520954e-13,2,RELA,285
1.1467320128890526e-17,0.2637788091061002,0.843,0.591,2.170190334392532e-13,2,CD3D,286
1.9399061596891458e-17,0.31010657164902233,0.364,0.26,3.6712724072117085e-13,2,HAX1,287
2.736853817971391e-17,0.2599423286948397,0.45,0.329,5.179495850510857e-13,2,TUFM,288
3.01605255083717e-17,0.3032162395764637,0.329,0.231,5.707879452459345e-13,2,RAB11A,289
3.10894885373704e-17,0.27260346531992896,0.505,0.385,5.883685705697348e-13,2,TXN,290
3.3810363674954285e-17,0.2873742378663542,0.384,0.277,6.398611325485099e-13,2,NOL7,291
3.4142730945197175e-17,0.2689280974398658,0.384,0.275,6.461511831378565e-13,2,SPTAN1,292
3.9042006151925143e-17,0.2989067833743635,0.389,0.284,7.388699664251834e-13,2,SERINC3,293
3.96936387014855e-17,0.27699234548167717,0.433,0.32,7.512021124256131e-13,2,G3BP1,294
5.18262014852515e-17,0.25147815030028875,0.519,0.39,9.808108631083847e-13,2,ANXA11,295
6.185360445533398e-17,0.2512798269776788,0.493,0.367,1.1705794643171956e-12,2,WTAP,296
7.76844208341478e-17,0.31781272754979895,0.315,0.222,1.470177664286247e-12,2,PCNP,297
1.3642107368910663e-16,0.2953712722573023,0.361,0.263,2.581768819566343e-12,2,IL10RA,298
1.4466500648885493e-16,0.3417236028810296,0.261,0.179,2.7377852478015796e-12,2,LMBRD1,299
2.2152566976239935e-16,0.2607946627972131,0.424,0.315,4.192373300253408e-12,2,TOMM22,300
3.4291613016161474e-16,0.2947609593407289,0.31,0.217,6.489687763308559e-12,2,MED4,301
5.768245204400201e-16,0.36061702559402903,0.261,0.182,1.0916404049327379e-11,2,EIF2A,302
8.541703461363807e-16,0.2666776033686573,0.33,0.235,1.6165173800631006e-11,2,NDUFC1,303
1.2348405136074726e-15,0.2506651278154267,0.288,0.198,2.3369356720021418e-11,2,TTC39C,304
1.319054321534255e-15,0.33995212759143884,0.254,0.175,2.4963103035035776e-11,2,COPS2,305
1.4044446057559222e-15,0.26198124401394285,0.947,0.726,2.6579114163930828e-11,2,CD3E,306
1.8468974031495463e-15,0.2763769789624555,0.373,0.275,3.495253335460516e-11,2,AKIRIN1,307
2.0273583132383854e-15,0.2538002497278209,0.408,0.302,3.836775607803644e-11,2,PSMA1,308
2.0926758840335277e-15,0.25095540899829105,0.497,0.378,3.960389110533451e-11,2,ERH,309
2.6792775383054444e-15,0.30062196469142155,0.302,0.215,5.0705327412430537e-11,2,NGDN,310
3.948497289118385e-15,0.2985796337212555,0.34,0.248,7.472531119656543e-11,2,NR1H2,311
4.674294204194349e-15,0.32014943465267853,0.311,0.228,8.846101781437805e-11,2,JMJD1C,312
7.954133227659438e-15,0.27333935299795775,0.316,0.227,1.5053197133345486e-10,2,PPP4R3A,313
8.472895885794078e-15,0.2741359151336844,0.354,0.26,1.6034955463865292e-10,2,DUT,314
8.607082679903913e-15,0.25628724114572465,0.449,0.341,1.6288903971718155e-10,2,MBP,315
1.6912605457185e-14,0.26806067493876995,0.295,0.209,3.200710582772261e-10,2,C4orf48,316
6.519948361154994e-14,0.25627334545464153,0.285,0.203,1.2339002273485826e-9,2,CAMLG,317
1.7512131009001273e-13,0.2545707531006275,0.279,0.2,3.314170793453491e-9,2,FXR1,318
2.1915583201017907e-13,0.2531513874078528,0.332,0.244,4.147524120792639e-9,2,USP16,319
6.934110360905581e-13,0.2565759909528178,0.326,0.241,1.3122803858013812e-8,2,ERGIC3,320
7.757613027495722e-13,0.26330047131398926,0.31,0.23,1.4681282654535655e-8,2,MECP2,321
4.467346444707319e-12,0.258539462522584,0.278,0.203,8.454453146608601e-8,2,FBXO34,322
2.812791542349073e-11,0.25736982343795156,0.306,0.229,5.32320799389562e-7,2,DDX27,323
3.748068478664804e-11,0.2521036277692601,0.289,0.216,7.093219595873142e-7,2,METAP2,324
0,1.8301479330590547,0.629,0.237,0,3,GIMAP4,1
0,1.6496972834638073,0.626,0.25,0,3,CD8B,2
0,1.5225218958909736,0.733,0.332,0,3,GIMAP7,3
0,0.7878750899422471,0.983,0.768,0,3,CCL5,4
0,0.7117254225691703,0.946,0.786,0,3,PTPRCAP,5
7.212578432384106e-293,0.7397773327020079,0.909,0.702,1.3649804683286921e-288,3,GZMA,6
5.060725687670162e-291,0.8902279976888936,0.881,0.592,9.577423363915781e-287,3,CD3D,7
7.55740695842561e-279,1.6262280720295497,0.536,0.192,1.4302392668820467e-274,3,HSPA1B,8
1.936105986268791e-275,1.7236180099189056,0.54,0.212,3.664080579013687e-271,3,LINC00861,9
6.278120201720194e-271,1.4433591682000606,0.624,0.265,1.1881342481755466e-266,3,TXNIP,10
3.10384660870128e-257,0.8076448834198247,0.852,0.655,5.874029706967173e-253,3,RARRES3,11
1.6181690337306188e-252,0.4136914622255281,0.956,0.911,3.062384896335196e-248,3,ACTG1,12
2.7109964426019404e-252,0.6337555320315871,0.951,0.745,5.130560767624172e-248,3,NKG7,13
6.797854661505199e-250,0.5065806097895704,0.97,0.807,1.2864939946898589e-245,3,IL32,14
1.340598668329708e-248,2.1173078356225754,0.376,0.111,2.5370829798139724e-244,3,SIT1,15
4.7193950690662944e-237,0.5938470465503594,0.92,0.79,8.931455168207962e-233,3,HCST,16
1.9381923402023484e-235,1.4356254917151983,0.583,0.258,3.6680290038329444e-231,3,HSPA1A,17
1.8641247041043117e-232,0.3126369799450477,0.981,0.967,3.52785600251741e-228,3,PFN1,18
9.138842689965938e-217,0.8629299119864764,0.795,0.545,1.729525979076054e-212,3,CTSW,19
1.7106825987061128e-205,1.5742424714877212,0.491,0.214,3.2374668180513184e-201,3,TRAC,20
1.0174118773240649e-192,0.5606831364264444,0.93,0.732,1.9254519778357927e-188,3,CD3E,21
3.1535624210262063e-190,1.4731551616767513,0.502,0.234,5.9681168817920955e-186,3,TRAF3IP3,22
6.818552527486833e-186,0.45032415052786856,0.917,0.853,1.290411065826883e-181,3,MYL12A,23
4.349806239224265e-185,0.4079539426971448,0.951,0.887,8.232008307731921e-181,3,SH3BGRL3,24
5.846740109354014e-179,0.8803289212418055,0.722,0.519,1.1064955656952471e-174,3,EVL,25
2.801677774556845e-174,0.8557937303371985,0.76,0.511,5.302175188348829e-170,3,GZMK,26
5.852346887402727e-170,0.9237940578486152,0.709,0.47,1.1075566484409663e-165,3,CD2,27
1.9325560967257128e-168,1.5192225798898562,0.453,0.206,3.657362413053412e-164,3,RCSD1,28
4.389262155735064e-168,0.46211382479814134,0.876,0.8,8.306678629728609e-164,3,RAC2,29
2.356182040507659e-167,0.5601173036854128,0.842,0.733,4.4590745116607447e-163,3,CLIC1,30
5.013023391599279e-167,0.38504566856513156,0.953,0.889,9.487146768601635e-163,3,CD74,31
1.0784069906262707e-165,0.4255504065405318,0.885,0.824,2.0408852297602173e-161,3,CORO1A,32
4.0731627875036207e-162,1.5165166341032523,0.437,0.196,7.708460575350602e-158,3,CD27,33
1.7178399907266767e-160,1.6297519683966384,0.377,0.148,3.251012182450236e-156,3,GIMAP1,34
1.503884873666732e-157,0.6840763134722221,0.775,0.631,2.84610212341429e-153,3,PSMB9,35
2.4100148231908513e-148,1.0405214717811146,0.608,0.354,4.560953052888686e-144,3,GZMH,36
4.2662402613859475e-135,0.7787195255166273,0.703,0.533,8.073859694672906e-131,3,TRBC2,37
1.4312694846907545e-130,0.35225353539088644,0.944,0.877,2.7086774997772528e-126,3,IFITM1,38
4.437530762574903e-129,1.21027401257765,0.484,0.265,8.398026968173003e-125,3,LCP2,39
2.00569413389358e-126,1.593014256003472,0.328,0.134,3.7957761483936006e-122,3,SIRPG,40
9.955253366618515e-126,0.9412198869650712,0.606,0.388,1.884031699632554e-121,3,CD3G,41
4.3199439411484706e-122,1.195203561464346,0.481,0.272,8.17549390862348e-118,3,PPP1R18,42
1.0612212765789599e-119,0.7277430978324828,0.697,0.49,2.0083612659256815e-115,3,HLA-DPB1,43
2.6975444394353035e-119,0.27174180206239873,0.964,0.932,5.105102851631312e-115,3,MT-ATP6,44
2.8221475024136955e-119,0.3861386852501911,0.864,0.813,5.340914148317918e-115,3,PSME1,45
1.0537235211791295e-111,1.3686350502950537,0.386,0.193,1.9941717638315026e-107,3,DENND2D,46
2.5223017999163916e-107,1.7752765729953,0.252,0.094,4.773456156341771e-103,3,PTGDR,47
1.387445662167516e-105,0.2693995912342957,0.924,0.901,2.625740915652024e-101,3,SERF2,48
1.5554673864991467e-104,0.6636406518212672,0.72,0.487,2.9437220289496353e-100,3,HLA-DRB1,49
1.3417019330171536e-103,0.7201400142457337,0.651,0.488,2.5391709082349634e-99,3,LCK,50
6.926792421097571e-103,0.449970285959834,0.811,0.735,1.3108954656927152e-98,3,ATP5MC2,51
1.5637474344394084e-102,0.2659761908841891,0.931,0.91,2.95939201967658e-98,3,ATP5F1E,52
8.924439158322228e-100,0.6067418970565082,0.704,0.583,1.6889501107124815e-95,3,FYB1,53
2.225714220730387e-97,0.5502485111990323,0.733,0.639,4.212164162732257e-93,3,PPDPF,54
3.147199848611187e-97,1.4797463235374273,0.335,0.165,5.956075713496671e-93,3,PRMT9,55
3.692207347588556e-96,1.3920871524396374,0.335,0.161,6.987502405311342e-92,3,GPR174,56
1.685370284175442e-91,1.1680429171241609,0.41,0.231,3.1895632628020243e-87,3,ARPC5L,57
6.521368359860449e-91,1.3429022091085812,0.342,0.172,1.2341689621035899e-86,3,PYCARD,58
1.5708466238842534e-88,0.5106690275710424,0.773,0.641,2.9728272357009497e-84,3,CD52,59
4.54708584066955e-88,0.5238548123222149,0.712,0.627,8.605359953467124e-84,3,PSME2,60
1.825130432773228e-87,0.6432374731714701,0.704,0.462,3.454059344023334e-83,3,CD8A,61
2.1047904072585855e-87,1.2408036271224143,0.379,0.21,3.983315845736873e-83,3,LIME1,62
6.980453332732317e-85,1.0229441129497459,0.455,0.286,1.3210507932195912e-80,3,TBC1D10C,63
1.7299083630553569e-84,1.1512361443007828,0.396,0.227,3.2738515770822627e-80,3,SASH3,64
1.385786365317844e-83,0.7545285962748005,0.582,0.449,2.6226006963640196e-79,3,PSMB10,65
5.547877656649682e-83,1.1604993818816332,0.389,0.219,1.0499358465209523e-78,3,IKZF3,66
6.114649986015772e-81,0.6144681597832777,0.661,0.498,1.1571975098534849e-76,3,HLA-DPA1,67
1.433605974985107e-79,1.3187386009189945,0.299,0.143,2.713099307659315e-75,3,CXCR3,68
2.550480415801921e-76,0.9718216261649433,0.453,0.296,4.826784186905136e-72,3,UBE2L6,69
2.981229012020155e-76,1.1723976090864032,0.358,0.199,5.641975905248143e-72,3,PTPN6,70
1.6002378693912648e-75,1.19683938654507,0.345,0.188,3.0284501678229685e-71,3,SAMD3,71
7.574568867907899e-75,0.6054536958235741,0.66,0.541,1.4334871582515699e-70,3,C12orf57,72
7.841241080894536e-75,1.3036091820861333,0.285,0.137,1.483954874559291e-70,3,PLEKHF1,73
9.200004272314754e-73,1.4095256824001938,0.255,0.116,1.7411008085355672e-68,3,AC243960.1,74
2.2268985255562347e-72,0.5758102113779642,0.644,0.553,4.214405459615174e-68,3,GMFG,75
2.7424401617957936e-72,0.6341958964691576,0.622,0.51,5.1900680061985396e-68,3,RNF213,76
7.347940346844677e-72,1.0995690659441086,0.38,0.224,1.3905977106403552e-67,3,SYNRG,77
1.8533419268213363e-68,0.863163899949208,0.478,0.322,3.5074495965093787e-64,3,GBP5,78
4.442241021341385e-67,1.238674100729774,0.295,0.152,8.406941132888572e-63,3,AC116366.3,79
9.65493127791111e-67,0.8129525765216197,0.506,0.368,1.8271957443446776e-62,3,ACAP1,80
3.863062930064667e-65,0.6264491393755351,0.594,0.484,7.310846595147383e-61,3,CNN2,81
4.506181973407063e-65,1.1527427845289293,0.317,0.172,8.527949384672867e-61,3,SLFN5,82
9.829782451446011e-64,1.2327337573363382,0.276,0.14,1.8602863289361575e-59,3,EOMES,83
1.8123393614431716e-63,1.0377720355599398,0.36,0.213,3.429852241531202e-59,3,PYHIN1,84
1.8834062955066453e-63,0.6823428462251244,0.557,0.434,3.564346414246326e-59,3,SLC9A3R1,85
5.380487683015726e-63,0.27161905692356747,0.857,0.837,1.0182572940107262e-58,3,TMA7,86
7.02585984812899e-62,0.2635604886951719,0.898,0.866,1.3296439762584114e-57,3,MT-ND4,87
7.795386191288465e-61,0.884187678685487,0.431,0.29,1.475276836701342e-56,3,LAT,88
2.7768850664913973e-60,0.6300813083096131,0.574,0.467,5.2552549883349695e-56,3,STK17A,89
3.6042827437735512e-59,1.0424917933903424,0.363,0.227,6.821105092591446e-55,3,IDH2,90
1.5824668664138247e-58,0.9009187953389981,0.41,0.271,2.9948185446881633e-54,3,HSPB1,91
2.2745247202153952e-58,1.0302298171749107,0.37,0.238,4.3045380330076356e-54,3,ZYX,92
2.8351931788654835e-58,0.615779233902706,0.579,0.472,5.365603091002927e-54,3,SEPT1,93
6.416403572708281e-58,0.36826482565977603,0.749,0.712,1.2143043761350422e-53,3,OST4,94
1.707352974394458e-57,0.9827237303703392,0.378,0.246,3.231165504041512e-53,3,NUCB2,95
5.0217842375648223e-57,0.5695181166749768,0.586,0.502,9.503726669591425e-53,3,PPP1CA,96
7.2790484057497e-57,0.8973405779048746,0.417,0.28,1.3775599107881308e-52,3,KIAA1551,97
3.4050067209521815e-55,0.9120109612785519,0.396,0.261,6.443975219402004e-51,3,IL16,98
9.169085213881169e-55,0.8391006322503849,0.363,0.212,1.7352493767270112e-50,3,HLA-DQB1,99
7.104330538549295e-54,0.30235701887471933,0.906,0.79,1.344494554420454e-49,3,CST7,100
4.541650112822544e-53,0.6503908997158332,0.539,0.443,8.595072838516664e-49,3,DRAP1,101
5.242159212120685e-53,0.3162497752920519,0.878,0.778,9.920786308938396e-49,3,S100A4,102
1.314635430659475e-52,0.9091725489909384,0.384,0.253,2.4879475525230564e-48,3,BTN3A2,103
2.7612652587982037e-52,0.8258029202461812,0.377,0.229,5.2256945022756004e-48,3,HLA-DRB5,104
3.2969166432407046e-52,1.1729106412749544,0.287,0.165,6.239414747333034e-48,3,RSBN1L,105
4.1430983841722184e-52,1.2487891613947468,0.261,0.143,7.840813692045923e-48,3,SLAMF7,106
5.99751527743771e-52,0.8488227735715999,0.42,0.296,1.1350297662550867e-47,3,CSK,107
4.461038493653516e-51,0.2647692047862753,0.791,0.782,8.442515349239279e-47,3,ATP5MG,108
4.1681441368855183e-50,0.31732623959223316,0.763,0.73,7.888212779055844e-46,3,CD99,109
7.135384475294356e-50,0.9705597444982892,0.349,0.222,1.3503715119494569e-45,3,PLEK,110
1.2525506270581634e-49,0.5844668668059825,0.556,0.462,2.370452061707574e-45,3,GYPC,111
1.4924167930147343e-49,0.4332731459903578,0.648,0.599,2.824398780780385e-45,3,COX6B1,112
1.7833777996280324e-49,0.6004205129051903,0.544,0.455,3.3750424857960515e-45,3,PSMB8,113
1.9501709314493163e-49,0.42749242193791614,0.656,0.597,3.690698487767831e-45,3,LIMD2,114
2.3860146116985223e-49,0.7886107428560016,0.433,0.311,4.5155326526394536e-45,3,APOBEC3G,115
6.99251959845693e-49,0.29331651021646765,0.761,0.746,1.323334334007974e-44,3,MYL12B,116
2.4273633066162908e-48,0.41491353116276875,0.677,0.627,4.59378505777133e-44,3,ELOB,117
2.3664189634661043e-47,0.78558304557549,0.448,0.337,4.478447888359602e-43,3,CKLF,118
2.6002311376091717e-47,0.39685440449393505,0.674,0.634,4.920937427925357e-43,3,UQCR11,119
5.95426005635575e-47,0.5565766742989808,0.571,0.481,1.1268437156653258e-42,3,CTSC,120
6.939985452666149e-47,0.5467642457270618,0.576,0.498,1.3133922469170687e-42,3,GSTK1,121
3.99256276451622e-45,0.45966459069381127,0.62,0.559,7.555925031846946e-41,3,RNASEK,122
6.994790835568279e-45,0.8478956161953048,0.378,0.255,1.3237641656312968e-40,3,CYTOR,123
1.869578719854232e-44,0.2672104067491392,0.795,0.786,3.5381777273241343e-40,3,IFITM2,124
6.553446612512004e-44,0.4892025748754061,0.596,0.53,1.2402397714178967e-39,3,LY6E,125
7.967303395760392e-44,0.3777776483783395,0.767,0.607,1.507812167647654e-39,3,CCL4,126
1.8906238009705123e-43,0.5003107741587884,0.584,0.516,3.5780055433366944e-39,3,GPSM3,127
5.387344395958539e-42,0.36190338387356524,0.683,0.658,1.0195549269351535e-37,3,SNRPD2,128
1.9271502068904653e-41,0.47994534677963685,0.591,0.531,3.647131766540206e-37,3,KRTCAP2,129
2.678148201071869e-41,0.32325774801989127,0.723,0.678,5.068395470528512e-37,3,ITGB2,130
3.0533513791327307e-41,0.8580421046952825,0.359,0.246,5.7784674850086925e-37,3,POLD4,131
4.827645809710549e-40,0.6277263450171497,0.488,0.393,9.136319694877215e-36,3,SKAP1,132
1.875143583964387e-39,0.3839965061065804,0.654,0.626,3.5487092326526023e-35,3,DNAJB1,133
6.993795855824666e-39,1.0150286137019024,0.284,0.179,1.3235758657148182e-34,3,ZBTB38,134
2.50917568545088e-38,0.8521118499473241,0.288,0.173,4.748614984715791e-34,3,IFNG,135
1.7256799727708601e-37,0.637966358834839,0.466,0.376,3.265849348468853e-33,3,PRELID1,136
1.6746870298348527e-36,0.34797926048316086,0.658,0.64,3.1693452039624585e-32,3,SON,137
3.607643002960219e-36,0.9378800893190561,0.303,0.201,6.827464383102214e-32,3,RBCK1,138
1.6267021387640874e-35,0.36891529246979626,0.659,0.6,3.0785337976110355e-31,3,GZMM,139
2.988749893500617e-35,0.891664166777623,0.323,0.224,5.656209173449917e-31,3,AIP,140
2.5770374929230486e-34,0.7148570192754451,0.412,0.323,4.8770434553568695e-30,3,NDUFB10,141
4.963208371183983e-34,0.9661588048454895,0.277,0.18,9.392871842465688e-30,3,MRPS34,142
1.1005625106600349e-33,0.5009246481087115,0.535,0.477,2.082814551424116e-29,3,ATP5F1D,143
1.3742095783682036e-33,0.49290048865325575,0.539,0.486,2.600691627061825e-29,3,HIGD2A,144
3.494229625932444e-33,0.6886429529104252,0.418,0.33,6.61282956707715e-29,3,LAMTOR4,145
1.127423440078097e-32,1.0111807586837143,0.258,0.165,2.1336488603477983e-28,3,DGCR6L,146
4.2206811329044686e-32,0.6850328349006838,0.411,0.322,7.987639044021707e-28,3,PNISR,147
7.884526866764697e-32,0.31582507809236304,0.66,0.639,1.492146709535219e-27,3,ARPC1B,148
7.265094308170755e-31,0.8083148124763218,0.313,0.217,1.3749190978213155e-26,3,LAG3,149
1.2437469386549371e-30,0.628630792648267,0.338,0.224,2.3537910814044686e-26,3,XCL2,150
1.3632844552341995e-30,0.5942123219797313,0.451,0.374,2.5800158315307225e-26,3,SELENOW,151
1.753099720392056e-30,0.4184721410318284,0.575,0.532,3.3177412208419665e-26,3,APRT,152
2.3155635586572177e-30,0.9624485910624002,0.251,0.16,4.3822040347587845e-26,3,INPP4B,153
3.24967470255922e-30,0.8175460396496701,0.351,0.267,6.150009374593323e-26,3,ITGAL,154
4.6502022934395754e-30,0.5232410342401919,0.508,0.45,8.800507840334397e-26,3,DAD1,155
6.104533174734098e-30,0.7128413392154933,0.356,0.264,1.1552829033184281e-25,3,ABI3,156
1.1329242969521051e-28,0.3942021422976483,0.418,0.288,2.144059231981859e-24,3,HLA-DRA,157
3.8220719786676583e-28,0.4147322263246096,0.564,0.522,7.233271219628543e-24,3,UQCR10,158
9.262217589339167e-28,0.5250650800962766,0.485,0.427,1.7528746787824374e-23,3,TRAPPC1,159
1.1701868352254602e-27,0.4142177476508908,0.558,0.503,2.2145785856641834e-23,3,AES,160
2.0066196779587692e-27,0.30926219603712957,0.638,0.606,3.7975277405369705e-23,3,GABARAP,161
2.1238092276114517e-27,0.8931387404015265,0.274,0.188,4.0193089632546724e-23,3,HMOX2,162
2.1386722669486813e-27,0.40993660910752405,0.556,0.519,4.0474372652003793e-23,3,MZT2B,163
2.503488161356634e-27,0.6360994017068609,0.392,0.308,4.73785134536743e-23,3,CARD16,164
4.1707469212359285e-27,0.8487988615607371,0.283,0.196,7.893138548438995e-23,3,POLR2G,165
1.1741339232098478e-26,0.8761218888041176,0.269,0.183,2.2220484496746367e-22,3,CORO1B,166
1.7144360901058855e-26,0.6939873821985452,0.346,0.259,3.2445703005253885e-22,3,TAF10,167
1.870213803302349e-26,0.3730925449819975,0.58,0.547,3.5393796227496955e-22,3,COX8A,168
1.9508623876264508e-26,0.6104567685687452,0.409,0.334,3.692007068583058e-22,3,MZT2A,169
2.0559598899489743e-26,0.7738238025546078,0.313,0.227,3.8909040917284337e-22,3,RGS10,170
1.0578051272808802e-25,0.7611861638582226,0.337,0.26,2.001896203379066e-21,3,RNF167,171
1.2172025594170258e-25,0.6596376964251474,0.387,0.312,2.3035558436967215e-21,3,CHURC1,172
1.6801656468538894e-25,0.7058976863527546,0.357,0.277,3.1797134866709856e-21,3,IKZF1,173
3.959341756497848e-25,0.3081083963966371,0.63,0.574,7.493054274172178e-21,3,GSTP1,174
4.543835389720972e-24,0.45533123020400734,0.49,0.415,8.59920847504694e-20,3,ITM2A,175
5.9216180301904204e-24,0.4707077930542547,0.488,0.431,1.120666212213537e-19,3,PAXX,176
8.314047679656929e-24,0.3783870648546319,0.561,0.518,1.5734335233750736e-19,3,CD48,177
6.743856380822562e-23,0.7769428265561247,0.302,0.226,1.27627482007067e-18,3,IFI27L2,178
5.259528507882195e-22,0.549577800395481,0.407,0.333,9.953657701167054e-18,3,STAT1,179
1.1147693493125524e-21,0.8097479898368258,0.256,0.182,2.1097009935740052e-17,3,RASSF1,180
5.639197277419835e-21,0.43675328435060523,0.487,0.446,1.0672180847517038e-16,3,C9orf16,181
6.826707472520353e-21,0.6070237018025839,0.378,0.307,1.291954389174477e-16,3,CMC1,182
8.2314784281820245e-21,0.6276703861332988,0.345,0.275,1.557807292533448e-16,3,SAMHD1,183
1.0064770022639779e-20,0.4354237089260822,0.476,0.435,1.9047577267845783e-16,3,ATP5IF1,184
2.4181646514221038e-20,0.7076843931398414,0.289,0.215,4.576376602816331e-16,3,SP110,185
4.327262442856132e-20,0.43359884656165426,0.494,0.459,8.18934417310523e-16,3,WDR83OS,186
5.868346108001171e-20,0.6672098012283381,0.302,0.227,1.1105845009392217e-15,3,CD81,187
6.600231826813162e-20,0.2822879276670487,0.597,0.598,1.2490938732243909e-15,3,CAPZB,188
4.894832000839513e-19,0.4590921972019133,0.454,0.414,9.263469561588778e-15,3,VAMP8,189
1.5558435237807449e-18,0.744685037791949,0.257,0.189,2.94443386875506e-14,3,HSPB11,190
2.5581090116999282e-18,0.5188175408290387,0.405,0.347,4.841221304642114e-14,3,CCDC85B,191
2.820428633945921e-18,0.7845959868253418,0.252,0.185,5.337661189742655e-14,3,BLOC1S1,192
3.2833462320680525e-18,0.7095925226455659,0.282,0.215,6.213732744188789e-14,3,PSTPIP1,193
3.3065006673731042e-18,0.6222192986180419,0.356,0.298,6.2575525130036e-14,3,AAK1,194
5.081206477406446e-18,0.6419740049987471,0.317,0.251,9.616183258491699e-14,3,CFLAR,195
8.211313503241139e-18,0.6238696022658892,0.312,0.246,1.5539910804883855e-13,3,CHST12,196
1.1259947688025133e-17,0.7274815459054581,0.281,0.218,2.1309450999587565e-13,3,TWF2,197
3.995194013013859e-17,0.700929690786956,0.281,0.217,7.560904669628728e-13,3,VAMP5,198
6.438107595432655e-17,0.6989322728632335,0.278,0.216,1.21841186243563e-12,3,SSBP4,199
7.7643273714841e-17,0.4539557177578364,0.415,0.362,1.469398955053366e-12,3,ZAP70,200
2.9947272823230645e-16,0.5372025462174539,0.372,0.321,5.667521381796399e-12,3,SHISA5,201
3.4538719138796733e-16,0.5264368916294044,0.353,0.288,6.536452597017282e-12,3,SH2D1A,202
4.930835779638926e-16,0.3960536502249101,0.424,0.354,9.331606712966667e-12,3,KLRD1,203
8.716608611740547e-16,0.6576517376770421,0.279,0.219,1.6496181797718986e-11,3,PGLS,204
9.248293752618006e-16,0.2970048725783845,0.536,0.513,1.750239592682958e-11,3,LDHB,205
9.382121002846462e-16,0.581659146451023,0.264,0.194,1.7755663997886928e-11,3,CCL4L2,206
1.018970546158546e-15,0.6323728753570682,0.302,0.243,1.928401758605048e-11,3,RASAL3,207
1.0692512531906772e-15,0.6949442287813922,0.27,0.21,2.0235579966633567e-11,3,ARHGAP30,208
1.6342583270917445e-15,0.5228740287463232,0.332,0.267,3.0928338840211267e-11,3,H1FX,209
1.7923809540761042e-15,0.702186422755736,0.267,0.209,3.392080955589027e-11,3,NDUFB3,210
1.8062924651647914e-15,0.6744257699964102,0.283,0.225,3.418408490324368e-11,3,CMTM3,211
2.358807260161771e-15,0.46388417337156684,0.419,0.388,4.464042739856152e-11,3,CCT4,212
4.389435986831618e-15,0.3268080454006772,0.518,0.513,8.307007605078837e-11,3,PARK7,213
4.504915065517633e-15,0.3733273400573396,0.466,0.431,8.525551761492121e-11,3,UCP2,214
5.327848387017564e-15,0.30044609891920837,0.522,0.486,1.008295307243074e-10,3,COTL1,215
1.111585097999018e-14,0.519167022708551,0.332,0.274,2.1036747979631415e-10,3,AOAH,216
1.4732039162126936e-14,0.5675983523352706,0.337,0.288,2.7880384114325227e-10,3,DYNLRB1,217
3.914034388259183e-14,0.6558722974382198,0.263,0.207,7.407310079780504e-10,3,ZNRD1,218
4.093955602339036e-14,0.2530592990271141,0.577,0.586,7.747810977426626e-10,3,COX5B,219
4.5361323958109394e-14,0.4653927880132578,0.394,0.355,8.584630559072203e-10,3,N4BP2L2,220
4.735868164752722e-14,0.35738621215280775,0.469,0.443,8.962630501794526e-10,3,SRRM2,221
4.75048810805384e-14,0.42195811578521103,0.415,0.37,8.990298744491892e-10,3,YPEL3,222
6.253880608294791e-14,0.463922978793589,0.407,0.373,1.183546905119789e-9,3,SELENOH,223
8.445450044131461e-14,0.346470254231001,0.354,0.272,1.598301420851879e-9,3,HLA-DQA1,224
1.0621990264066589e-13,0.417551446799276,0.418,0.385,2.010211657474602e-9,3,APBB1IP,225
1.4430730597930368e-13,0.6244498404465411,0.284,0.232,2.731015765658322e-9,3,LUC7L3,226
2.5608130832541024e-13,0.45853923450228407,0.391,0.355,4.8463387600583885e-9,3,BST2,227
4.244678363511913e-13,0.638490499276701,0.267,0.214,8.033053802946295e-9,3,GRK6,228
6.901737885253207e-13,0.5662508097636267,0.266,0.207,1.3061538947841695e-8,3,HLA-DMA,229
1.0737115523083012e-12,0.6032076030556787,0.256,0.202,2.03199911274346e-8,3,CD160,230
2.173972494411349e-12,0.4784241180626798,0.319,0.262,4.1142429456734776e-8,3,TIGIT,231
2.4778842261759927e-12,0.49514065483493086,0.316,0.261,4.689395898038066e-8,3,C12orf75,232
2.701630860488382e-12,0.2851829174846534,0.523,0.52,5.1128364034742634e-8,3,ARL6IP5,233
3.1167299010287814e-12,0.4283199747980406,0.409,0.385,5.898411337696969e-8,3,VPS28,234
5.590466343299664e-12,0.3433883615970086,0.439,0.396,1.0579957554694614e-7,3,NEAT1,235
1.1289671378040046e-11,0.33981185886230003,0.457,0.423,2.1365703082940788e-7,3,JUN,236
1.237339716883814e-11,0.5336558860286202,0.313,0.27,2.341665414202618e-7,3,TNFRSF14,237
1.5562313753389617e-11,0.43403214751588703,0.364,0.321,2.945167877828985e-7,3,TSPO,238
1.951480701667542e-11,0.2612543011045494,0.538,0.547,3.693177227905823e-7,3,MBNL1,239
2.0447759108089397e-11,0.593591622335073,0.29,0.247,3.8697384112059186e-7,3,KLRG1,240
4.472333823921715e-11,0.5465647089408563,0.295,0.25,8.463891761771847e-7,3,PTPN7,241
8.61714415018872e-11,0.3655236444815595,0.432,0.417,1.6307945304232153e-6,3,C19orf53,242
8.731017533837553e-11,0.28320771614151896,0.498,0.501,1.652345068278757e-6,3,ATP5MF,243
8.88380283343303e-11,0.4131947952494439,0.39,0.366,1.681259686227201e-6,3,CD63,244
9.670418428061248e-11,0.2823460342655193,0.502,0.5,1.8301266875105912e-6,3,TMEM258,245
1.2103027505432719e-10,0.3540467592377228,0.42,0.4,2.290497955403142e-6,3,COX5A,246
1.2400027628962107e-10,0.2632607027779157,0.524,0.538,2.346705228781079e-6,3,NDUFB11,247
1.3986952598909228e-10,0.374079950723496,0.423,0.402,2.6470307793435716e-6,3,DDX17,248
1.4883352763047499e-10,0.37598575713385896,0.401,0.379,2.816674510406739e-6,3,WAS,249
1.489974096557464e-10,0.6495960768516199,0.25,0.207,2.8197759777350006e-6,3,TMEM256,250
1.6613625089593874e-10,0.5488789673724992,0.307,0.27,3.1441285482056404e-6,3,C8orf59,251
2.035481916840831e-10,0.28809651519772705,0.488,0.489,3.852149527621273e-6,3,ATP5MC3,252
3.252786283548995e-10,0.497189396945118,0.333,0.296,6.155898041616473e-6,3,MRPL41,253
3.459908989267705e-10,0.46492163635065387,0.319,0.278,6.547877762189132e-6,3,DOK2,254
4.300095152951618e-10,0.5000624415483927,0.324,0.291,8.137930076960937e-6,3,CASP4,255
5.226122732398844e-10,0.5896134709570506,0.273,0.234,9.890437271064811e-6,3,SSNA1,256
7.386531620099896e-10,0.3305628377034586,0.456,0.443,1.3979011091039053e-5,3,RABAC1,257
2.1339531809881977e-9,0.3677855419275926,0.391,0.366,4.038506395020164e-5,3,CCND3,258
2.319832607397801e-9,0.3165184099186633,0.479,0.48,4.390283209500339e-5,3,NDUFA3,259
2.538602970007375e-9,0.36129043297539365,0.407,0.389,4.804306120738957e-5,3,NEDD8,260
3.698496819657491e-9,0.5112642673455157,0.317,0.287,6.999405231201802e-5,3,NDUFB7,261
5.254372306329563e-9,0.4780413641806647,0.315,0.285,9.943899589728698e-5,3,RAB1B,262
5.528060775810036e-9,0.38293291346465885,0.385,0.365,1.0461855018220494e-4,3,RBX1,263
5.5942951366901595e-9,0.28653200318058847,0.458,0.44,1.0587203546186126e-4,3,LBH,264
5.775575708782423e-9,0.37374666412519875,0.408,0.399,1.0930277028870736e-4,3,ATP5PF,265
6.413543307533171e-9,0.5446762685756629,0.261,0.222,1.2137630709506525e-4,3,NAA10,266
6.671401344831249e-9,0.577795322186843,0.251,0.212,1.262562704509314e-4,3,PRKACB,267
3.196918452789454e-8,0.4495148161217324,0.3,0.268,6.050168171904042e-4,3,MAP2K2,268
4.4495182757299515e-8,0.46520836283120715,0.31,0.278,8.420713336818933e-4,3,NDUFA11,269
6.299217500031392e-8,0.25744635914099856,0.475,0.467,0.001192126911880941,3,RSRP1,270
6.839645947921664e-8,0.41852078405778803,0.351,0.334,0.001294402995644175,3,PSMA5,271
7.480960730992735e-8,0.5640400579249052,0.256,0.225,0.0014157718183403752,3,FERMT3,272
9.648757673469749e-8,0.42533756319424665,0.321,0.294,0.0018260273897041498,3,ANKRD44,273
9.823119512147835e-8,0.5694648421642681,0.259,0.228,0.0018590253676739777,3,NAA38,274
1.3777255476479716e-7,0.41600791052061403,0.335,0.313,0.002607345598923786,3,SF3B5,275
1.465470706062854e-7,0.2655400546086839,0.468,0.473,0.002773403311223951,3,TAPBP,276
1.6812006615016708e-7,0.25469286565599836,0.477,0.488,0.0031816722518919122,3,SPCS1,277
2.071275109282116e-7,0.3800280344064735,0.326,0.294,0.003919888144316404,3,HOPX,278
2.1864275708692564e-7,0.37814445736821467,0.364,0.349,0.004137814177870068,3,NOP10,279
2.349228105390279e-7,0.29149957740363486,0.444,0.442,0.004445914189451103,3,CUTA,280
2.971533702468845e-7,0.3405623381357372,0.363,0.338,0.005623627531922289,3,TUBB,281
3.0997951121202156e-7,0.36731128869936813,0.371,0.358,0.005866362249687508,3,TLN1,282
3.3510169645722064e-7,0.34764650695348065,0.396,0.388,0.006341799605452901,3,NDUFB4,283
4.396964659472091e-7,0.49816890555248794,0.261,0.231,0.008321255618050931,3,ZNHIT1,284
5.327775389404008e-7,0.41808415760935724,0.335,0.314,0.010082814924447086,3,MRPS21,285
5.520829051909373e-7,0.28637122361423595,0.424,0.421,0.01044816898073849,3,CALM3,286
8.496835870362224e-7,0.3813516866050535,0.318,0.293,0.01608026188466051,3,MATK,287
1.0066103848486256e-6,0.25041940349877145,0.448,0.454,0.019050101533260238,3,UBXN1,288
1.0167206963318148e-6,0.2967476537642959,0.408,0.409,0.019241439178079595,3,WDR1,289
1.0628662456516289e-6,0.26689897090906234,0.45,0.456,0.020114743698957077,3,SEPT6,290
1.6937896068969151e-6,0.5214094186377637,0.252,0.224,0.032054968310524116,3,ATM,291
2.514050686610707e-6,0.420891751367634,0.302,0.28,0.04757840924410763,3,PHB2,292
4.9006347237384975e-6,0.4474201953427279,0.289,0.269,0.09274451214675107,3,RNF181,293
5.27757947772652e-6,0.2970719077767585,0.391,0.388,0.09987819161597439,3,FKBP8,294
6.538452436122247e-6,0.3896851054734407,0.333,0.32,0.12374021235361353,3,MPHOSPH8,295
8.585926250929079e-6,0.44281743074953417,0.257,0.23,0.1624886542988328,3,OCIAD2,296
9.168909129608366e-6,0.28954076291959274,0.371,0.356,0.17352160527783833,3,ISG15,297
9.467781208253396e-6,0.3374713859397249,0.381,0.377,0.17917775936619554,3,KRT10,298
1.2055531834352832e-5,0.3810542977513296,0.322,0.306,0.22815093996512734,3,NDUFS7,299
1.636731295402422e-5,0.38648974103216527,0.31,0.294,0.3097513976549084,3,SP100,300
1.71411105274456e-5,0.4031918229978466,0.297,0.279,0.324395516731908,3,TSTD1,301
1.889823107259237e-5,0.41247752092491674,0.295,0.278,0.3576490230488106,3,STUB1,302
2.600464878753573e-5,0.2801838555630778,0.361,0.344,0.4921379783041137,3,FCMR,303
3.103338619573035e-5,0.3740291374477198,0.285,0.262,0.5873068337541969,3,CCDC107,304
3.234868888103899e-5,0.4873922941950065,0.253,0.234,0.6121989370736628,3,TGOLN2,305
3.382504899843876e-5,0.38473828612884264,0.307,0.293,0.6401390522954535,3,DDT,306
4.6289370128362025e-5,0.43594150671159215,0.27,0.251,0.8760263296792513,3,MRPL51,307
5.094365985388836e-5,0.35282062771595446,0.338,0.333,0.9641087627348371,3,REX1BD,308
2.1812096605717412e-4,0.43219006969674245,0.254,0.239,1,3,COX14,309
9.137583815667607e-5,0.4084553037926766,0.291,0.277,1,3,NDUFS8,310
8.373931342716588e-4,0.40616758673807074,0.269,0.261,1,3,POLR2E,311
4.1694661173302287e-4,0.39312238869972804,0.264,0.25,1,3,NAP1L4,312
0.003539079741724729,0.3844939543963767,0.252,0.244,1,3,METTL26,313
0.0018070417808825655,0.381402907474246,0.255,0.244,1,3,MRPL52,314
5.304710128441345e-4,0.3781887724076112,0.273,0.26,1,3,MACF1,315
0.0010080867494876385,0.3679942024556482,0.275,0.265,1,3,C19orf70,316
0.003181144223316959,0.3677330238435649,0.259,0.251,1,3,KRAS,317
4.987258266063654e-4,0.3676715677682747,0.305,0.299,1,3,FIS1,318
1.4060361792140704e-4,0.35567097110950696,0.299,0.284,1,3,RHOF,319
2.8140652956948846e-4,0.35499120878207746,0.298,0.286,1,3,SRI,320
0.0077056142704856395,0.3520590412480751,0.252,0.246,1,3,TMEM14B,321
1.304725800632226e-4,0.3502654050288905,0.335,0.333,1,3,COPS9,322
5.526124611613552e-4,0.3463210220482784,0.293,0.283,1,3,PPP1R12A,323
0.00819880371437209,0.34186220119920474,0.26,0.254,1,3,MYCBP2,324
1.781010556972996e-4,0.33982324677679876,0.328,0.321,1,3,RBL2,325
1.9882227483131342e-4,0.32397218769697833,0.332,0.325,1,3,SIGIRR,326
9.181819021104441e-4,0.322192396990181,0.32,0.317,1,3,MDH2,327
8.098767701177236e-5,0.3191704430965985,0.342,0.334,1,3,BIN2,328
0.006358973516706964,0.3183851304204419,0.303,0.308,1,3,DPP7,329
6.700206865088035e-4,0.31761939998873445,0.318,0.313,1,3,ECH1,330
0.0023103658014209352,0.3053927512092238,0.288,0.279,1,3,FKBP11,331
7.553637372804295e-4,0.30478268549974086,0.308,0.298,1,3,PRDX2,332
5.313561755733056e-5,0.30230969338931457,0.385,0.39,1,3,LSM7,333
1.1603801424583672e-4,0.2680171141504748,0.396,0.399,1,3,CELF2,334
0.0035012043242438344,0.258885642378742,0.356,0.365,1,3,TECR,335
1.505434817385004e-4,0.25221176670628553,0.403,0.413,1,3,ABRACL,336
0,5.297677353321653,0.28,0.006,0,4,ADGRG3,1
0,3.962484563333584,0.488,0.032,0,4,B3GNT7,2
0,3.7606163839668616,0.473,0.036,0,4,GRAMD2B,3
0,3.1619825642621073,0.366,0.042,0,4,KRT86,4
0,3.131826655725456,0.331,0.036,0,4,LZTFL1,5
0,3.1268607668405375,0.547,0.055,0,4,SH2D1B,6
0,2.9677758016474343,0.275,0.034,0,4,GSN,7
0,2.922866781106257,0.547,0.073,0,4,LAT2,8
0,2.909896042730995,0.473,0.058,0,4,KLRC1,9
0,2.8577465225153706,0.915,0.117,0,4,FCER1G,10
0,2.8225562060723366,0.554,0.08,0,4,IRF8,11
0,2.80748177837257,0.366,0.049,0,4,TOX2,12
0,2.5545940837590058,0.773,0.129,0,4,KLRF1,13
0,2.481981645179085,0.362,0.059,0,4,NCR1,14
0,2.2396285066083266,0.446,0.073,0,4,TRDC,15
0,2.1990422968854135,0.709,0.167,0,4,CLIC3,16
0,2.0721247085364656,0.708,0.19,0,4,XCL1,17
0,2.009734043811988,0.641,0.151,0,4,IFITM3,18
0,1.9493380988493605,0.957,0.242,0,4,TYROBP,19
0,1.92872237702144,0.647,0.17,0,4,CD160,20
0,1.9069269319251447,0.549,0.14,0,4,CD38,21
0,1.7090836854050508,0.689,0.23,0,4,AREG,22
0,1.6516597598477976,0.65,0.208,0,4,CEBPD,23
0,1.5928369690523545,0.846,0.33,0,4,IL2RB,24
0,0.8732299705817321,0.987,0.677,0,4,CD7,25
6.729916650785971e-307,1.0273340218112508,0.919,0.55,1.273636726161245e-302,4,GSTP1,26
1.341941007241862e-305,1.671402579613295,0.618,0.202,2.539623356205224e-301,4,XCL2,27
8.531490803692628e-294,2.6531852953635506,0.264,0.04,1.61458463459883e-289,4,TLE1,28
1.594458085450822e-283,2.4726372647689523,0.299,0.053,3.0175119267156806e-279,4,DHRS3,29
2.4627194817933864e-277,1.70614758011584,0.54,0.167,4.6606966192939834e-273,4,FASLG,30
3.397749404432761e-275,2.58325855340789,0.25,0.037,6.430240747889e-271,4,KIR2DL4,31
1.38975570074853e-274,2.212025548921999,0.314,0.059,2.630112663666593e-270,4,TRGC1,32
4.982296392746783e-268,2.32589709395702,0.296,0.054,9.428995923273286e-264,4,ZBTB16,33
5.957149531092412e-267,1.6695728485691148,0.528,0.162,1.127390548759239e-262,4,TNFSF14,34
4.328372594995319e-262,2.463778774623857,0.252,0.04,8.191445136028642e-258,4,NCAM1,35
7.906103940839545e-259,2.235154396581263,0.353,0.082,1.496230170803884e-254,4,RBBP8,36
1.09540212555405e-258,2.005040213622847,0.422,0.114,2.0730485226110398e-254,4,ICAM1,37
2.285011529458361e-236,2.116320207531695,0.311,0.066,4.324384319499949e-232,4,IL12RB2,38
1.9065963079156726e-235,2.0835625317676874,0.3,0.062,3.60823351273041e-231,4,TMIGD2,39
2.748697391004819e-235,1.0184698177048888,0.855,0.453,5.20190981247662e-231,4,CD247,40
6.583776262495197e-235,1.2841111049227947,0.704,0.308,1.245979657677216e-230,4,MAP3K8,41
5.970863551486384e-220,1.2442084525941648,0.687,0.282,1.1299859271187983e-215,4,CMC1,42
1.7717717411469036e-219,1.1293119267517475,0.769,0.326,3.353078020120515e-215,4,KLRD1,43
6.997834679235044e-216,1.8179134705862605,0.364,0.095,1.3243402130452322e-211,4,MCTP2,44
7.013684158719016e-216,1.9087106801333995,0.337,0.083,1.327339727037574e-211,4,PLCG2,45
2.9408115341501134e-215,1.5289370718895514,0.532,0.194,5.5654858283790895e-211,4,SLC16A3,46
5.778598487724385e-213,1.2706590380261054,0.652,0.265,1.09359976380184e-208,4,MATK,47
1.2434026813811498e-211,1.8769543639414201,0.343,0.087,2.353139574513826e-207,4,FEZ1,48
3.99011125877435e-205,2.015929808142724,0.266,0.055,7.551285557230457e-201,4,TXK,49
4.588816493791002e-199,1.4451849033716333,0.503,0.176,8.684335214499471e-195,4,S1PR5,50
9.589860620090861e-197,1.7790168550059486,0.362,0.101,1.8148811223521954e-192,4,CCL3,51
1.8413342289624815e-190,1.190671261388013,0.675,0.335,3.4847250283114962e-186,4,NFKB1,52
1.3444363507394399e-188,0.8166534613373719,0.886,0.571,2.54434579377439e-184,4,FAM177A1,53
7.058091450541154e-188,0.895490502429777,0.857,0.489,1.3357438070149133e-183,4,SYTL3,54
1.3888917718296134e-187,0.8808680121180852,0.873,0.509,2.6284776781875435e-183,4,PIK3R1,55
1.0309396295802767e-183,0.5758560997477313,0.98,0.77,1.9510532489806736e-179,4,IFITM2,56
2.5198584490897215e-180,1.9837160672291443,0.275,0.066,4.768832114902298e-176,4,MARCH3,57
6.932076716121174e-178,1.4577974395774842,0.466,0.167,1.3118955185259323e-173,4,PRR7,58
2.618308844085874e-177,1.2394828306516017,0.575,0.235,4.955149487432517e-173,4,RHOC,59
4.2148567770026865e-177,1.0738029233157793,0.701,0.34,7.976616450477583e-173,4,CD63,60
4.077023038867975e-173,0.9583806876685645,0.783,0.436,7.715766101057643e-169,4,FOSL2,61
1.553262097209065e-165,0.946947488174414,0.759,0.406,2.9395485189681556e-161,4,CEMIP2,62
6.9261281775382554e-161,1.4275792963635365,0.434,0.156,1.3107697575991147e-156,4,LMNB1,63
5.71241851606242e-160,1.1284863515208436,0.626,0.297,1.081075204164813e-155,4,CLDND1,64
2.237696966397079e-157,0.993912117838462,0.704,0.362,4.234841508906472e-153,4,ARHGAP9,65
1.7753159917961777e-156,1.0895782800278966,0.592,0.253,3.3597855144742663e-152,4,AOAH,66
9.565189476605998e-153,1.03991547041308,0.669,0.349,1.8102121084476852e-148,4,CDC42SE1,67
2.9389882003606826e-150,1.1080317735346699,0.566,0.242,5.562035169182592e-146,4,TIGIT,68
2.253275183995035e-149,1.3296200338793591,0.473,0.191,4.264323285710604e-145,4,STX11,69
9.107915756088783e-145,0.7381287642555812,0.834,0.568,1.7236730568398022e-140,4,REL,70
1.084025210376669e-143,0.7658853810493023,0.846,0.54,2.0515177106378465e-139,4,ADGRE5,71
2.2609271035778623e-141,1.4797020882008423,0.355,0.12,4.2788045435211044e-137,4,PDE4A,72
7.892466881658977e-141,1.4623833089062563,0.336,0.108,1.4936493573539613e-136,4,FGR,73
6.984049381070676e-136,1.3157218565941993,0.411,0.156,1.3217313453676256e-131,4,STARD3NL,74
4.278448123879489e-132,1.3197904074221631,0.423,0.168,8.096963074441933e-128,4,H2AFJ,75
4.900314103144349e-130,0.9159033268624155,0.688,0.364,9.27384444020068e-126,4,APMAP,76
9.185422627992475e-129,1.5666377266919178,0.319,0.108,1.7383412323475759e-124,4,MAFF,77
8.515881819159655e-128,1.317635176910833,0.413,0.164,1.6116306342759648e-123,4,RAB11FIP1,78
3.5031728162600016e-127,1.2217937602877182,0.453,0.191,6.629754554772052e-123,4,TCIRG1,79
1.0945425185541248e-124,1.6958176771125895,0.25,0.073,2.0714217163636812e-120,4,ABHD2,80
1.9153616796256884e-124,0.9524690947144387,0.64,0.345,3.624821978691616e-120,4,PTP4A1,81
2.0280154038275816e-124,0.7527324976767451,0.894,0.481,3.8380191517436984e-120,4,KLRB1,82
4.426796341064442e-124,0.3865149035269049,0.997,0.874,8.377712075464456e-120,4,IFITM1,83
1.0140754782560624e-122,1.26452563751429,0.42,0.172,1.919137842599598e-118,4,CASP3,84
5.074225683924775e-122,1.3356884189194822,0.38,0.145,9.602972106827637e-118,4,OTULIN,85
1.4711874976324089e-118,1.0126454470378439,0.571,0.289,2.7842223392693337e-114,4,KDM6B,86
1.7663702904571243e-118,0.7266562784077997,0.798,0.537,3.3428557746901075e-114,4,HSPD1,87
3.981534858159186e-117,0.70245768537103,0.82,0.529,7.535054719066259e-113,4,VPS37B,88
3.447598940311062e-116,0.8064043922950548,0.738,0.453,6.524580994538684e-112,4,GADD45B,89
8.619725379148876e-111,1.0943147353678822,0.469,0.215,1.631283028003925e-106,4,ELL2,90
3.0231986167062416e-110,1.1885253514187493,0.415,0.177,5.7214033821165625e-106,4,UPP1,91
5.349072197934697e-110,1.462825734622208,0.27,0.088,1.0123119134591414e-105,4,GFOD1,92
4.501984409973932e-109,0.9930820086533341,0.503,0.231,8.520005495875665e-105,4,CHST12,93
6.358136453691564e-106,0.7375260087199997,0.769,0.507,1.2032773238611285e-101,4,NFKBIA,94
6.42204628944782e-106,1.3691730853290052,0.304,0.11,1.215372260278e-101,4,ERGIC1,95
2.5079344276903965e-104,1.1276796743502882,0.432,0.193,4.746265904404076e-100,4,FBXO34,96
8.274408415179828e-104,0.8302230054121744,0.652,0.361,1.5659317925727824e-99,4,IFNGR1,97
1.8069407350621294e-99,0.6318072416450988,0.85,0.563,3.4196353411050795e-95,4,ALOX5AP,98
2.268765295589229e-99,1.3771961434008149,0.258,0.086,4.293638321902616e-95,4,YES1,99
1.7530397705461915e-98,0.8003635101625965,0.669,0.396,3.3176277657586674e-94,4,TPM4,100
9.190099099362754e-98,1.10125428420417,0.359,0.143,1.7392262545544011e-93,4,LYN,101
2.1173775337899746e-97,0.5860878135639824,0.879,0.627,4.007136982697527e-93,4,YPEL5,102
6.938440177739068e-97,1.157712647332938,0.384,0.167,1.3130998036371187e-92,4,SEC14L1,103
1.6416278637847307e-96,1.0539394919491465,0.431,0.194,3.1067807322126026e-92,4,LPCAT1,104
3.375840556935936e-94,1.303930147511959,0.376,0.173,6.3887782540012585e-90,4,BCL2A1,105
4.1655998586941175e-94,1.1748850208545383,0.36,0.152,7.883397732578618e-90,4,METRNL,106
2.3685739515028277e-91,1.0212705375220374,0.45,0.222,4.4825262032191015e-87,4,MAP2K3,107
4.153201553380678e-91,1.1898337963126533,0.35,0.149,7.859933939772933e-87,4,MPG,108
1.0506844300861768e-90,0.838803491517202,0.603,0.35,1.9884202839380896e-86,4,RANBP2,109
2.2988926453698303e-90,0.923820635498845,0.525,0.277,4.3506543313624035e-86,4,IFRD1,110
4.7979080209516285e-87,0.7778810309547235,0.619,0.354,9.080040929650958e-83,4,RAB8B,111
7.315557665964029e-87,1.1236326465738689,0.401,0.191,1.3844692882836925e-82,4,CD83,112
1.2187599784340906e-86,1.1405731217737745,0.334,0.139,2.3065032591865163e-82,4,TESC,113
1.7838556152867397e-86,0.8426053249574068,0.552,0.293,3.375946751930155e-82,4,CSRNP1,114
9.708451864218065e-86,1.2257421485597213,0.303,0.121,1.8373245153032688e-81,4,SKAP2,115
1.2137565348856555e-85,1.2971045053791401,0.279,0.107,2.297034242271103e-81,4,PGRMC2,116
1.7107511084471598e-85,0.9501758351471632,0.459,0.227,3.23759647273625e-81,4,NR4A1,117
5.357694166026104e-85,0.8804064319894123,0.496,0.249,1.01394362092044e-80,4,SLA2,118
2.791647554136585e-84,0.47521864572135275,0.897,0.71,5.283192996203487e-80,4,NR4A2,119
6.305619636204419e-84,1.1029526892421155,0.357,0.158,1.1933385161516863e-79,4,BIRC2,120
1.1276219584758016e-82,0.8052665968745905,0.578,0.317,2.1340245564154545e-78,4,CCND2,121
3.404200326731462e-82,1.2858935759882724,0.259,0.098,6.442449118339291e-78,4,LRMP,122
1.1804726725680012e-81,1.2673519484387428,0.25,0.091,2.2340445328349424e-77,4,ABCB1,123
1.1535532562789948e-80,1.1068310230388265,0.366,0.17,2.1830995375079975e-76,4,TWISTNB,124
9.003610735171553e-80,1.2004672088139232,0.289,0.116,1.7039333316312164e-75,4,RIN3,125
1.562236868749194e-79,0.7028038421279583,0.676,0.42,2.9565332741078495e-75,4,RBM38,126
2.4351641536362936e-79,1.0910728823256104,0.325,0.139,4.608548160756686e-75,4,PIK3AP1,127
1.1464334729422705e-78,0.6118362677180893,0.767,0.524,2.1696253475432468e-74,4,ZNF331,128
2.0887384559663483e-78,0.8062966909949316,0.55,0.307,3.952937527916314e-74,4,SERTAD1,129
3.1864757250163104e-78,0.9135229560167022,0.438,0.217,6.030405309593367e-74,4,PDE7A,130
1.0734443935268844e-77,0.5119857643772128,0.885,0.642,2.0314935147496287e-73,4,LITAF,131
3.3139503544162097e-74,0.603912611042809,0.75,0.507,6.271651045732677e-70,4,ARF6,132
2.338397499197049e-73,0.7925832750863688,0.543,0.312,4.425417267230415e-69,4,MOB4,133
3.023747773530151e-73,1.1092262566774438,0.306,0.133,5.72244266140581e-69,4,EI24,134
6.254690157956338e-73,0.6954729523111602,0.65,0.401,1.183700112393237e-68,4,BCL3,135
7.136113442241277e-73,0.9108846396249167,0.434,0.221,1.3505094689441618e-68,4,ZC3H12A,136
9.043296780118073e-72,1.1086606374506416,0.282,0.117,1.711443915637345e-67,4,CCDC93,137
7.42635002286015e-71,1.0461727096759164,0.302,0.13,1.4054367418262834e-66,4,TMEM71,138
9.185839854896078e-71,0.682045491652638,0.639,0.424,1.7384201925390827e-66,4,ATP1B3,139
1.725813108421127e-70,0.7437977552217172,0.578,0.346,3.266101307686983e-66,4,RELB,140
2.0712231481630364e-70,1.0675210111354214,0.33,0.151,3.9197898078985465e-66,4,DENND4A,141
1.99155969692163e-68,0.5588828487574684,0.775,0.538,3.769026726424185e-64,4,BZW1,142
2.792651721787397e-67,0.4233307820390113,0.992,0.745,5.285093383482649e-63,4,NKG7,143
9.095946639560051e-67,0.7699321467398292,0.494,0.267,1.7214079015367397e-62,4,GYG1,144
1.1703583504780953e-66,1.0716502619412451,0.285,0.124,2.2149031782797956e-62,4,MOB3A,145
1.7759005994787437e-66,1.059330345176666,0.278,0.119,3.3608918845135225e-62,4,HSH2D,146
8.088898775608478e-66,1.0122304674170355,0.332,0.157,1.5308240932839045e-61,4,SLC25A39,147
1.3597191937386729e-64,0.5025367034765784,0.813,0.591,2.5732685741504383e-60,4,SQSTM1,148
2.6410683910892384e-62,0.7122849165893046,0.508,0.281,4.9982219301363835e-58,4,SATB1,149
2.8635861129319805e-62,0.7293567192560708,0.529,0.309,5.419336718723773e-58,4,CSNK1D,150
2.728129225937e-61,0.6066405487314539,0.648,0.395,5.162984560085773e-57,4,EFHD2,151
6.490963257422566e-61,0.8721171830601734,0.422,0.235,1.2284147964672206e-56,4,NINJ1,152
1.1590960704275714e-60,0.4319419515661993,0.877,0.697,2.193589313284179e-56,4,HSPE1,153
4.137991059115964e-60,0.7979471634185514,0.441,0.24,7.831148079376962e-56,4,MAPK1,154
4.9600333692703645e-60,0.7457052585817148,0.257,0.105,9.386863151344165e-56,4,TRGV9,155
1.7800499451900206e-59,0.8607023200774481,0.371,0.188,3.368744521272114e-55,4,GATA3,156
5.670575549565191e-59,0.907666484336547,0.346,0.174,1.0731564227552124e-54,4,TRIM28,157
9.7155466540445e-59,0.6234728533707803,0.635,0.414,1.8386672042779218e-54,4,SYAP1,158
1.991571834926709e-58,0.4732634110771885,0.811,0.588,3.769049697598797e-54,4,GZMM,159
8.579646563027045e-58,0.5071501866674146,0.768,0.548,1.6236981120528683e-53,4,GNG2,160
5.114457556307377e-57,0.982108704548623,0.268,0.12,9.679110925311713e-53,4,LPIN1,161
6.63429796556352e-57,0.9138041706147938,0.361,0.191,1.2555408899828962e-52,4,RAB9A,162
1.8359505224347334e-56,0.650781947662525,0.573,0.356,3.474536363707733e-52,4,NR4A3,163
3.41987870170369e-56,1.0091835703490173,0.27,0.123,6.472120442974234e-52,4,MAP1LC3A,164
3.9374927603383133e-56,0.7785041494644932,0.345,0.169,7.451705048940259e-52,4,SPON2,165
2.861062927646655e-55,0.7672261338355708,0.449,0.256,5.414561590571295e-51,4,TIPARP,166
2.890782818277817e-55,0.8249202385839395,0.339,0.169,5.470806483590769e-51,4,SACM1L,167
1.3309407474440236e-54,0.7323207816082455,0.463,0.263,2.5188053645378147e-50,4,JMJD6,168
1.445420554002486e-54,0.991701963950627,0.255,0.114,2.7354583984497045e-50,4,TRAPPC2B,169
2.0316383774082196e-54,0.6257543799716898,0.56,0.341,3.8448756292450557e-50,4,BST2,170
2.2736110920036376e-54,0.7991432275946236,0.417,0.231,4.302808991616884e-50,4,SFT2D1,171
5.32090284262272e-54,0.9582291488975765,0.281,0.133,1.0069808629663497e-49,4,BCL2L11,172
5.849206288606616e-54,0.7255861631378355,0.418,0.224,1.106962290118802e-49,4,PLAC8,173
1.3366486943729313e-53,0.7806651850187809,0.41,0.226,2.5296076541007726e-49,4,GLUD1,174
2.326011165902086e-53,0.6436160005303326,0.491,0.277,4.401976131469698e-49,4,SH2D1A,175
4.0667477282667995e-53,0.6641405708814423,0.507,0.294,7.696320075744918e-49,4,PITPNC1,176
8.475562114387488e-53,0.6804900662620541,0.452,0.25,1.6040001301478322e-48,4,CXCR6,177
2.4693438472362527e-52,0.6739571974207934,0.511,0.307,4.6732332308946084e-48,4,APOBEC3G,178
1.337969503378358e-51,0.44101406497005113,0.828,0.603,2.5321072851435424e-47,4,FYN,179
2.4687160314237704e-50,0.4994071840669321,0.738,0.527,4.672045089469485e-46,4,EIF3G,180
2.8356333166862723e-50,0.7564938401206037,0.403,0.226,5.36643605182877e-46,4,IL27RA,181
5.902441295135054e-50,0.8142774366830656,0.344,0.181,1.1170370151043089e-45,4,ACAA2,182
7.277649418492437e-50,0.472104635557697,0.77,0.49,1.3772951524496936e-45,4,PRF1,183
1.488353166291938e-49,0.7077948313992608,0.464,0.275,2.8167083672074926e-45,4,ETF1,184
3.797201437886021e-49,0.49894446469635323,0.741,0.533,7.186203721199294e-45,4,DNAJB6,185
1.2489697598318563e-48,1.0254104801670887,0.25,0.118,2.363675270481788e-44,4,N4BP2L1,186
3.2358740064960023e-47,0.8682150299023221,0.308,0.16,6.1238915572936845e-43,4,ARFGAP3,187
8.788471038221535e-47,0.7768366516228248,0.354,0.193,1.6632181439834254e-42,4,HCG18,188
1.2427385053973145e-46,0.43802077827847175,0.815,0.605,2.3518826214644176e-42,4,CCL4,189
8.856922901134002e-46,0.8860463236434619,0.268,0.132,1.6761726590396098e-41,4,CD300A,190
5.4507998758878863e-45,0.7768571640706359,0.322,0.169,1.0315638765117826e-40,4,SIPA1,191
2.738278507301863e-44,0.7398035869329882,0.375,0.213,5.182192075068776e-40,4,TES,192
3.891523434955933e-44,0.6859552132217592,0.387,0.217,7.364708100654103e-40,4,H2AFX,193
8.350468517002492e-44,0.6874444223847558,0.364,0.2,1.5803261668427216e-39,4,OFD1,194
4.695478748275552e-43,0.38392952695694227,0.829,0.627,8.886193531111481e-39,4,DUSP1,195
6.6180933100183664e-43,0.7671684415075719,0.314,0.167,1.2524741589209758e-38,4,BRAF,196
7.094752098993306e-43,0.7644119593104248,0.325,0.176,1.342681834734483e-38,4,NARF,197
4.428853057482412e-42,0.8567498893711976,0.258,0.128,8.381604411285465e-38,4,ELMSAN1,198
4.455896476675673e-42,0.484673349675079,0.671,0.475,8.432784082108712e-38,4,SDCBP,199
5.346379690056413e-42,0.6500076282902366,0.411,0.24,1.0118023563431761e-37,4,PLEKHA2,200
8.314732503941817e-42,0.5091070917711309,0.606,0.391,1.573563126370989e-37,4,STAT4,201
1.335334083787031e-41,0.7621095889171714,0.299,0.156,2.5271197535669562e-37,4,MYBL1,202
3.10062715111644e-41,0.5555582266938566,0.543,0.349,5.8679368834878625e-37,4,SKIL,203
5.174846022110734e-41,0.6259605032287154,0.444,0.272,9.793396096844563e-37,4,RHOF,204
2.1778667394265476e-40,0.6432703438771576,0.406,0.239,4.1216128043647414e-36,4,PFKFB3,205
6.203283396779697e-40,0.5608100351874272,0.527,0.339,1.1739713828405576e-35,4,RASSF5,206
8.103821395049058e-39,0.6959570009010225,0.359,0.208,1.5336481990130342e-34,4,SAR1A,207
1.421583051873281e-38,0.5524866660839007,0.508,0.321,2.6903459256701844e-34,4,ACTN4,208
1.4591304946717284e-38,0.3790222531928511,0.843,0.658,2.761404461166246e-34,4,TGFB1,209
2.996530752101976e-38,0.5549667168333419,0.497,0.32,5.67093444835299e-34,4,LPXN,210
4.44917504588212e-38,0.745041383332691,0.324,0.182,8.420063774331913e-34,4,NXT1,211
4.5148940593391584e-38,0.5375172301825206,0.552,0.373,8.544437007299357e-34,4,IDI1,212
5.589040200971629e-38,0.79192974897349,0.27,0.141,1.0577258580338808e-33,4,ILKAP,213
7.032060129140016e-38,0.7118949668066212,0.312,0.17,1.330817379439748e-33,4,AGTRAP,214
9.228245287643979e-38,0.7237326600969309,0.318,0.177,1.746445420686623e-33,4,HELZ,215
1.8016096870838228e-37,0.6258241878568274,0.366,0.209,3.4095463328061344e-33,4,PSTPIP1,216
2.0422315391540455e-37,0.8042300997685423,0.252,0.13,3.864923187849031e-33,4,YARS,217
3.828430543582356e-37,0.4583423246284235,0.641,0.429,7.245304803729609e-33,4,PDE4B,218
5.700300734532133e-37,0.7978878909510189,0.261,0.137,1.0787819140102061e-32,4,AMZ2,219
6.936624744196836e-37,0.6146388540588673,0.316,0.171,1.3127562328392512e-32,4,TOX,220
2.5078521909874295e-36,0.7048258760010586,0.345,0.202,4.7461102714437106e-32,4,STIP1,221
5.7928069513567295e-36,0.7445191508331801,0.275,0.147,1.096288715544261e-31,4,PLA2G16,222
7.986598170411084e-36,0.7739667259489331,0.26,0.137,1.5114637037502977e-31,4,TRAPPC10,223
8.017746119817434e-36,0.4859355457346739,0.583,0.396,1.5173584531754494e-31,4,CD164,224
1.5983820305924385e-35,0.6835974181894243,0.338,0.197,3.02493799289619e-31,4,TINF2,225
2.659755800869243e-35,0.43703626071661383,0.641,0.438,5.033587853145042e-31,4,SLC38A1,226
3.239756356403086e-35,0.6986642437472156,0.276,0.148,6.13123890449284e-31,4,GPR18,227
9.159198405033055e-34,0.2652526666963446,0.949,0.823,1.7333782981525057e-29,4,HSP90AB1,228
9.16949028483459e-34,0.5627621584467126,0.431,0.269,1.7353260364049462e-29,4,DOK2,229
9.448272035072366e-34,0.5066391894112388,0.516,0.337,1.7880854826374452e-29,4,SOCS1,230
1.6642940042564658e-33,0.4504784356325142,0.564,0.367,3.149676403055362e-29,4,PRKCH,231
1.6017503083427953e-32,0.6301675031187489,0.378,0.234,3.0313124585387402e-28,4,AHSA1,232
3.4927087293099787e-32,0.6198636076536859,0.347,0.208,6.609951270219135e-28,4,RNF115,233
1.3744717353215669e-31,0.5388868117143083,0.383,0.231,2.6011877590960652e-27,4,SASH3,234
1.5094439098178953e-31,0.49484623436726083,0.487,0.318,2.8566225993303667e-27,4,GABARAPL1,235
1.8478619394927984e-31,0.33139658147842077,0.846,0.673,3.497078720490121e-27,4,LDHA,236
3.4301366190024083e-31,0.4877945047810366,0.476,0.306,6.491533551462058e-27,4,RALGAPA1,237
5.163541258962903e-31,0.3835066429000067,0.753,0.542,9.772001832587293e-27,4,SH2D2A,238
7.854803210974316e-31,0.6771223551715897,0.268,0.149,1.4865215076768894e-26,4,ADAM8,239
1.04567253567415e-30,0.6886658206392304,0.288,0.166,1.9789352737633286e-26,4,DCTN6,240
1.4754152804552815e-30,0.7305623570207648,0.276,0.158,2.79222341826162e-26,4,GNL3,241
2.8162411705567713e-30,0.6187485853522715,0.315,0.186,5.32973641527869e-26,4,RNF168,242
2.9385261728124353e-30,0.5163028189400303,0.45,0.291,5.561160782047534e-26,4,ARID5A,243
4.858253994778624e-30,0.617442272789485,0.296,0.171,9.194245685118546e-26,4,G6PD,244
7.10135176470973e-30,0.6877040674109967,0.308,0.185,1.3439308214713163e-25,4,CTNNB1,245
7.338271902543106e-30,0.4653308183507563,0.527,0.355,1.3887679575562827e-25,4,PRDX5,246
8.912776465247765e-30,0.42496243438763726,0.556,0.369,1.6867429460481396e-25,4,TRBC1,247
9.554346203744906e-30,0.3356633090850214,0.822,0.646,1.8081600190587235e-25,4,SRSF2,248
1.7628573644518873e-29,0.49128249760593445,0.521,0.363,3.336207562225197e-25,4,VAPA,249
1.9777803084083247e-29,0.47693959753618387,0.487,0.32,3.7429492336627544e-25,4,MAPRE2,250
2.105522501837389e-29,0.47338802512799183,0.469,0.307,3.9847013347272585e-25,4,HMGN3,251
2.1345321558925745e-29,0.44220564615356106,0.574,0.399,4.0396021050266973e-25,4,STRAP,252
2.651362233441305e-29,0.4446929576181853,0.544,0.371,5.01770302678767e-25,4,OSTF1,253
3.408994691248391e-29,0.5477468903932878,0.362,0.223,6.45152245318758e-25,4,PHF20L1,254
4.6549695469546346e-29,0.5396116987810249,0.371,0.23,8.809529867611646e-25,4,GPCPD1,255
5.0271581391376807e-29,0.558008967135872,0.392,0.253,9.51389677831806e-25,4,NFKB2,256
5.417669114599229e-29,0.6836982368471836,0.257,0.144,1.025293879937904e-24,4,EOMES,257
1.8131982665355865e-28,0.4800058764057922,0.462,0.306,3.431477719418597e-24,4,IQGAP2,258
3.185389575143252e-28,0.6187677639035303,0.307,0.183,6.028349770958605e-24,4,DNM2,259
3.9665221175963687e-28,0.627472069225394,0.318,0.194,7.506643107551127e-24,4,SEC23B,260
1.0604473846682677e-27,0.48317225239202255,0.429,0.275,2.0068966754846966e-23,4,TSEN54,261
1.3799090377473032e-27,0.8032254417805701,0.254,0.151,2.611477853936771e-23,4,CRTAM,262
3.2388588501130095e-27,0.43499765859102424,0.541,0.378,6.12954037383887e-23,4,CHD1,263
5.762143386979454e-27,0.47908769239460036,0.44,0.291,1.0904856359858617e-22,4,YWHAE,264
6.486942895840463e-27,0.6010185102887913,0.285,0.167,1.2276539430378077e-22,4,MRPL14,265
2.5480909576006256e-26,0.51499293728552,0.382,0.247,4.822262137259184e-22,4,ANP32A,266
2.9675779195445294e-26,0.6365199020718563,0.269,0.159,5.616141212738022e-22,4,SMS,267
4.1395035024610265e-26,0.3460269595643788,0.724,0.558,7.834010378407493e-22,4,JAK1,268
4.594258034622446e-26,0.61359233769794,0.28,0.166,8.69463333052298e-22,4,SIRT2,269
7.351803935006381e-26,0.6376587106016567,0.258,0.15,1.3913288946999577e-21,4,NEDD9,270
8.133339238117515e-26,0.4075411925171222,0.521,0.361,1.5392344508137398e-21,4,ITGA4,271
9.780371707895834e-26,0.4706824259968805,0.47,0.321,1.8509353457192865e-21,4,POLR2K,272
1.0804314188682e-25,0.4709436206772848,0.476,0.328,2.0447164602080684e-21,4,PRKAR1A,273
2.2346004577605894e-25,0.38474873042065005,0.603,0.438,4.228981366311916e-21,4,ARF4,274
3.201723192431993e-25,0.4670477084070188,0.459,0.314,6.059261141677546e-21,4,LAPTM4A,275
3.9866621026037076e-25,0.3669720674473731,0.682,0.515,7.544758029177516e-21,4,SERBP1,276
4.827790267307426e-25,0.4326554888647902,0.463,0.31,9.136593080879305e-21,4,CMTM6,277
5.890167731272609e-25,0.5949077522426856,0.263,0.154,1.1147142431433412e-20,4,UBTF,278
7.603432817398524e-25,0.6082478647379232,0.318,0.202,1.4389496606926705e-20,4,ARL4A,279
1.786418427892852e-24,0.36964953809541656,0.592,0.43,3.380796874787222e-20,4,TAGAP,280
2.8561653527707956e-24,0.5290189417587605,0.394,0.265,5.405292930118731e-20,4,NFKBIZ,281
3.617929056261626e-24,0.3812045278761036,0.627,0.467,6.846930738975127e-20,4,NFE2L2,282
4.646753053091666e-24,0.3399747031361926,0.678,0.514,8.793980152975977e-20,4,SRSF3,283
1.0906557485938251e-23,0.47047979659666916,0.411,0.277,2.0640660042138139e-19,4,ADSS,284
1.3862979096266373e-23,0.5945994495768059,0.288,0.18,2.623568793968411e-19,4,HECTD1,285
1.4493232056936098e-23,0.4499591490001087,0.446,0.301,2.7428441667751566e-19,4,BUD31,286
2.2777013650452454e-23,0.33832537503098514,0.698,0.534,4.310549833348127e-19,4,EMD,287
2.43572750491815e-23,0.318764430327644,0.769,0.61,4.609614303057599e-19,4,IRF1,288
3.4157752657826206e-23,0.45814505720769905,0.422,0.288,6.464354690493609e-19,4,INSIG1,289
6.327163663157116e-23,0.5286826631276988,0.276,0.168,1.1974157232524841e-18,4,LIMS1,290
7.128028283495005e-23,0.44877964927392977,0.401,0.268,1.3489793526514297e-18,4,NDUFS8,291
9.300216506023535e-23,0.5352951996905599,0.282,0.173,1.760065973764954e-18,4,ADD1,292
1.5321127551497458e-22,0.2787924274149476,0.815,0.654,2.899523389120894e-18,4,DNAJA1,293
3.488818755866063e-22,0.6182901796942217,0.278,0.175,6.602589495476524e-18,4,IFNG,294
3.6614461139906813e-22,0.48276913319262516,0.345,0.225,6.929286770727364e-18,4,PTPN2,295
6.2003771107348635e-22,0.5857593438457434,0.284,0.18,1.173421368206573e-17,4,PABPC4,296
7.019687853968894e-22,0.4902399381365896,0.345,0.225,1.3284759263636132e-17,4,CD81,297
8.094865153300679e-22,0.4415421319333237,0.439,0.301,1.5319532302621535e-17,4,DNTTIP2,298
9.828707243580283e-22,0.3414476139673719,0.59,0.428,1.8600828458475687e-17,4,JUND,299
1.6844403583365183e-21,0.5428713420659937,0.276,0.171,3.187803378151861e-17,4,MRPL10,300
1.87207450412314e-21,0.29901497122385257,0.771,0.514,3.5429009990530424e-17,4,GZMK,301
1.8741859938291013e-21,0.4328968274325087,0.392,0.262,3.546896993321574e-17,4,KDELR2,302
1.97286249476374e-21,0.4958692295390893,0.308,0.195,3.733642271340378e-17,4,GNA13,303
2.507277287915943e-21,0.37949106867021754,0.556,0.403,4.745022267380922e-17,4,FAM49B,304
3.650811954328224e-21,0.3794792564060585,0.448,0.304,6.909161623566164e-17,4,ABHD17A,305
9.837548600883125e-21,0.299570410198462,0.699,0.561,1.8617560727171315e-16,4,HSP90B1,306
1.2999376715352373e-20,0.5274736203812898,0.287,0.182,2.460132043380437e-16,4,RBKS,307
1.5619175926899298e-20,0.48485891206667686,0.32,0.207,2.9559290441656923e-16,4,SPPL2A,308
1.7891179302322216e-20,0.3140635500527229,0.667,0.485,3.385905682964479e-16,4,ETS1,309
2.1097493679246632e-20,0.4527429500624367,0.402,0.279,3.992700678797425e-16,4,CHMP1B,310
4.716397554361974e-20,0.43543649795055117,0.357,0.239,8.925782371630037e-16,4,SH3GLB1,311
5.313087122931302e-20,0.40273808462429495,0.425,0.295,1.0055017380147489e-15,4,KPNA2,312
6.468151149221943e-20,0.41582697433853943,0.417,0.29,1.2240976049902528e-15,4,B4GALT1,313
1.43113503374211e-19,0.31158090036570396,0.396,0.256,2.708423051356943e-15,4,GZMB,314
1.513141864869445e-19,0.5194192422739685,0.257,0.161,2.8636209792654246e-15,4,CCDC69,315
2.3133347387728297e-19,0.4424708748469287,0.348,0.233,4.37798599312758e-15,4,JOSD1,316
2.471074954309248e-19,0.44649463356003316,0.296,0.189,4.676509351030252e-15,4,LASP1,317
2.6635616001463434e-19,0.3470583792118085,0.488,0.344,5.0407903282769546e-15,4,RUNX3,318
3.710002125650077e-19,0.3508545601634765,0.491,0.353,7.021179022792771e-15,4,SURF4,319
5.356564570158278e-19,0.3277884322952507,0.406,0.269,1.013729844902454e-14,4,FKBP11,320
1.1596907362484908e-18,0.3488408273701764,0.494,0.352,2.1947147183502687e-14,4,SLA,321
1.294761782108328e-18,0.43865612224082146,0.276,0.175,2.4503366726400107e-14,4,PRKX,322
1.4308448203927946e-18,0.29670076965626757,0.676,0.525,2.7078738225933638e-14,4,NDUFB2,323
1.6715273810611699e-18,0.41048349098303594,0.432,0.31,3.163365568658264e-14,4,HNRNPAB,324
2.817678500708811e-18,0.2778544449727618,0.762,0.608,5.3324565625914243e-14,4,IER2,325
3.541154098407884e-18,0.48491577003190434,0.308,0.203,6.70163413123692e-14,4,RNF138,326
3.788755085822989e-18,0.4450438964747552,0.37,0.258,7.170218999920007e-14,4,CNOT2,327
4.033670802606277e-18,0.4733723676033704,0.26,0.165,7.633721993932379e-14,4,INPP5D,328
5.64003568115863e-18,0.25341246036010556,0.85,0.704,1.0673767526592707e-13,4,NCL,329
5.785614672627432e-18,0.5048015801650054,0.264,0.171,1.0949275767947414e-13,4,TGIF1,330
6.135805633384226e-18,0.4988245035009016,0.255,0.163,1.1612012161179648e-13,4,SLC10A3,331
7.376165032144029e-18,0.39850361953251767,0.368,0.251,1.3959392323332574e-13,4,PSMD13,332
1.0356456606510097e-17,0.4186028976217411,0.338,0.227,1.959959412782036e-13,4,UBE2J1,333
1.2218782007235612e-17,0.26985904824782114,0.76,0.61,2.3124044948693394e-13,4,PDIA3,334
1.5027333146114756e-17,0.3869737300766154,0.382,0.264,2.8439227979022177e-13,4,BHLHE40,335
1.736129033104231e-17,0.40630839541885155,0.364,0.248,3.285624195149757e-13,4,PSMC4,336
2.2625164777747206e-17,0.3552633238784211,0.37,0.249,4.281812434188659e-13,4,NUCB2,337
3.120539638009588e-17,0.343797386652579,0.4,0.277,5.905621264933145e-13,4,MYDGF,338
3.745953414438597e-17,0.3938295725272376,0.336,0.227,7.089216836825045e-13,4,PPP1R16B,339
4.596066641911986e-17,0.34003140923284425,0.432,0.304,8.698056119818433e-13,4,ECH1,340
6.043962682640732e-17,0.36606996363155364,0.414,0.291,1.1438199376897586e-12,4,VDAC1,341
6.114541602786969e-17,0.3422081014969145,0.497,0.36,1.157176998327434e-12,4,RNF125,342
6.516962384730997e-17,0.2781720821762712,0.713,0.553,1.2333351313103413e-12,4,WIPF1,343
7.049436001689325e-17,0.3367989760917489,0.515,0.384,1.3341057633197047e-12,4,EIF4A1,344
1.0360536831961326e-16,0.4409638118003487,0.269,0.175,1.960731595448681e-12,4,LSM4,345
1.6719183028630472e-16,0.2567565285677911,0.784,0.624,3.1641053881683168e-12,4,MCL1,346
2.0847912028051864e-16,0.30979478555440365,0.548,0.412,3.945467351308815e-12,4,ARID4B,347
2.506462312789504e-16,0.42686647850766746,0.334,0.233,4.743479926954136e-12,4,PLIN2,348
3.0848016200025435e-16,0.49361073505136965,0.273,0.183,5.837987065854814e-12,4,HIST1H1E,349
3.2208414166480677e-16,0.44804925922878974,0.27,0.178,6.095442381006468e-12,4,ILK,350
3.243203373284471e-16,0.3556219596321082,0.368,0.257,6.137762383940861e-12,4,NDUFV1,351
3.582885307547728e-16,0.41498112079739335,0.319,0.218,6.780610444534075e-12,4,CPNE1,352
5.359740000652865e-16,0.47136899857470227,0.264,0.174,1.0143307951235548e-11,4,STX5,353
6.719948813377318e-16,0.38797347535989335,0.371,0.26,1.2717503129316574e-11,4,MRPS6,354
7.805425334321296e-16,0.4921798626639876,0.262,0.173,1.4771767445203052e-11,4,IRF2BP2,355
9.739257909423409e-16,0.3947446306364343,0.341,0.237,1.84315455935838e-11,4,TACC1,356
1.1325867061702672e-15,0.3159568933097012,0.527,0.388,2.1434203414272307e-11,4,GPBP1,357
1.5046530480270557e-15,0.2795360439840935,0.648,0.503,2.8475558933912027e-11,4,TUBB4B,358
1.9725924618391372e-15,0.38448994147956617,0.322,0.22,3.7331312340305674e-11,4,CTR9,359
3.3139474772441028e-15,0.3783910910875371,0.313,0.212,6.271645600684465e-11,4,CCSER2,360
3.645694436140997e-15,0.28785514295754777,0.562,0.425,6.899476720396837e-11,4,PAXX,361
4.070704010879842e-15,0.34473863616990186,0.427,0.31,7.703807340590102e-11,4,CCT2,362
4.18679133345597e-15,0.3953924518548714,0.301,0.205,7.923502598565423e-11,4,NUTF2,363
4.641856084738975e-15,0.39098692672193047,0.333,0.231,8.784712640368511e-11,4,METTL9,364
5.67233174867278e-15,0.34835771257271664,0.376,0.264,1.0734887834363237e-10,4,ABI3,365
6.507074394675739e-15,0.3596755387579764,0.392,0.283,1.2314638291923837e-10,4,LSM14A,366
6.749411464615016e-15,0.4566603914400836,0.252,0.168,1.2773261196783918e-10,4,TIMM8B,367
9.462344869704198e-15,0.3319018018360924,0.294,0.197,1.7907487665915196e-10,4,POLR2G,368
1.0996621084379167e-14,0.2944112958491629,0.481,0.348,2.0811105402187574e-10,4,PSMA6,369
1.1001752024433875e-14,0.2934887450582062,0.573,0.435,2.082081570624111e-10,4,HNRNPUL1,370
1.230994489749714e-14,0.285155568470006,0.525,0.385,2.3296570718513337e-10,4,AKNA,371
1.262028094067632e-14,0.44562202805156437,0.29,0.201,2.3883881680229934e-10,4,MORF4L2,372
1.306829874547834e-14,0.3668199421877464,0.34,0.237,2.473175537581776e-10,4,TNIP1,373
1.3493586549155339e-14,0.44145483212560277,0.25,0.166,2.553661254427648e-10,4,NFKBIB,374
1.478791987083387e-14,0.39389575552349587,0.262,0.174,2.79861383555531e-10,4,RALBP1,375
2.1232185192283217e-14,0.44246247976607156,0.268,0.182,4.018191047639599e-10,4,MRPL18,376
3.161832255097228e-14,0.34084515773410984,0.362,0.255,5.983767542771504e-10,4,CYLD,377
3.532219730648844e-14,0.3894890253191745,0.285,0.194,6.684725840252937e-10,4,YWHAH,378
4.802111266664253e-14,0.4083531040090739,0.259,0.175,9.087995572162099e-10,4,GCH1,379
5.0680050230850654e-14,0.3014280494670275,0.346,0.24,9.591199506188486e-10,4,ARPC5L,380
5.155084130351417e-14,0.3667267724995766,0.28,0.19,9.755996716690056e-10,4,PSMC1,381
5.6241920336174523e-14,0.3476505249149099,0.318,0.219,1.0643783423621028e-9,4,PRMT1,382
6.645603933156557e-14,0.39447111014536884,0.263,0.177,1.2576805443498784e-9,4,ATXN10,383
1.1138594058695527e-13,0.4000886742246101,0.277,0.19,2.1079789256081284e-9,4,PRPF38A,384
2.2214366569754728e-13,0.29824459089487165,0.49,0.371,4.2040688733260826e-9,4,BCAS2,385
2.2572190634137416e-13,0.4135428276964531,0.259,0.176,4.271787077510506e-9,4,LSM1,386
2.421668855245812e-13,0.3843505723990934,0.275,0.19,4.583008308552699e-9,4,THUMPD3-AS1,387
3.510302920254835e-13,0.3345185611479524,0.3,0.208,6.643248276582275e-9,4,RASA2,388
4.3371119492579227e-13,0.264351694648695,0.564,0.43,8.207984363970618e-9,4,GPR65,389
6.004398821106568e-13,0.2715280451750892,0.547,0.415,1.136332476894418e-8,4,MAGOH,390
7.855689005211053e-13,0.2878255301045257,0.346,0.244,1.4866891442361918e-8,4,LNPEP,391
8.76609394712905e-13,0.29472681757995267,0.425,0.311,1.6589832794941726e-8,4,IVNS1ABP,392
1.0807585658370703e-12,0.25675548799138825,0.562,0.431,2.0453355858466554e-8,4,CCNH,393
1.1400803197073225e-12,0.29995841623193853,0.35,0.249,2.157602005046108e-8,4,TAF7,394
1.2960218120857786e-12,0.2696687569551486,0.56,0.438,2.452721279372336e-8,4,EIF5A,395
1.356231236682364e-12,0.3919169308809466,0.252,0.173,2.5666676154213737e-8,4,FYTTD1,396
1.622833234589464e-12,0.31812994873678724,0.298,0.207,3.07121189646056e-8,4,SCML4,397
1.866955902366924e-12,0.27034870435803726,0.485,0.361,3.5332140452294034e-8,4,MAT2A,398
2.249927837506413e-12,0.2848742631678318,0.427,0.318,4.257988432480886e-8,4,CDK17,399
2.6430008792778466e-12,0.2970361085540285,0.387,0.282,5.0018791640333246e-8,4,SRP19,400
4.913203031400713e-12,0.2807040260766269,0.499,0.381,9.29823673692585e-8,4,ELOVL5,401
5.127561250981202e-12,0.3567032277001414,0.284,0.201,9.703909667481925e-8,4,MRPL47,402
6.601907382567649e-12,0.25010012719133456,0.645,0.521,1.2494109721509276e-7,4,SRSF5,403
1.113379940633836e-11,0.2976362791113656,0.359,0.263,2.1070715376495345e-7,4,RBBP4,404
1.3694599215617172e-11,0.2928471952972562,0.331,0.237,2.5917029015555496e-7,4,EIF6,405
1.606526603605508e-11,0.3141439114655098,0.39,0.293,3.040351597323424e-7,4,ISCA1,406
1.676777725924293e-11,0.3433698661946699,0.255,0.176,3.1733018463117245e-7,4,RAMMET,407
1.8544563963173686e-11,0.3296618634559808,0.271,0.19,3.50955873003062e-7,4,SAR1B,408
1.9709695714952515e-11,0.3254641305522759,0.262,0.182,3.7300599140547636e-7,4,EIF4E,409
2.1557209548842585e-11,0.29450925070342593,0.359,0.264,4.0797019071184593e-7,4,MAP2K2,410
2.2710357286977716e-11,0.38183092427007376,0.254,0.179,4.297935116560533e-7,4,SURF2,411
2.327909389497307e-11,0.3040221996428689,0.341,0.247,4.4055685196236536e-7,4,SYTL1,412
2.4210613204553524e-11,0.32700226570659324,0.255,0.177,4.5818585489617547e-7,4,MKNK2,413
2.608418026358394e-11,0.27325383845277695,0.431,0.324,4.936431114883261e-7,4,CCT6A,414
3.079568197210896e-11,0.29192947227956434,0.303,0.215,5.82808281322162e-7,4,SSBP4,415
3.298970636814321e-11,0.2613728413189671,0.508,0.396,6.243301930171103e-7,4,SMAP2,416
5.14056041665147e-11,0.30036375693150585,0.387,0.29,9.728510588512907e-7,4,EIF4H,417
5.1604998000553136e-11,0.3684118601895995,0.296,0.215,9.76624587160468e-7,4,ATF4,418
5.968866787793273e-11,0.3630330960592795,0.268,0.192,1.129608039589877e-6,4,DNAJB11,419
6.699386002142245e-11,0.33572610673570946,0.252,0.177,1.2678588009054198e-6,4,DNMT1,420
8.118070466593263e-11,0.31924873292765743,0.316,0.231,1.536344835802775e-6,4,DDX27,421
8.36863922337821e-11,0.36981954201612477,0.283,0.207,1.5837649730243262e-6,4,CHMP4B,422
8.781969927868705e-11,0.28404017275378357,0.373,0.276,1.6619878088491524e-6,4,SF3B4,423
9.799381965114738e-11,0.3289515278225785,0.377,0.289,1.8545330368979642e-6,4,PIM3,424
1.1066939636925838e-10,0.33291013576476736,0.289,0.208,2.094418326288215e-6,4,ABCF1,425
1.493214040884802e-10,0.311364590860433,0.296,0.215,2.8259075723744875e-6,4,MANF,426
1.9676709078225118e-10,0.33572283969267436,0.261,0.187,3.7238171930541036e-6,4,FDX1,427
2.4608282347492515e-10,0.26016167316991035,0.305,0.219,4.657117434262958e-6,4,RAB27A,428
2.787763708199889e-10,0.29557115583438465,0.285,0.206,5.27584281776829e-6,4,SRA1,429
3.746409610216873e-10,0.26902541337865815,0.332,0.244,7.090080187335432e-6,4,CKS2,430
3.837037305681854e-10,0.2667308036589052,0.324,0.236,7.261593101002909e-6,4,PUF60,431
5.725922925645996e-10,0.34763579521403987,0.318,0.24,1.0836309136785048e-5,4,DDX3Y,432
6.052490019982022e-10,0.264657751721163,0.357,0.266,1.1454337362815976e-5,4,RAB2A,433
6.276947175548332e-10,0.2807532869216599,0.282,0.203,1.1879122529725218e-5,4,ZRANB2,434
8.38821363931991e-10,0.3117704463131074,0.259,0.185,1.587469431241293e-5,4,PDIA4,435
8.57201515360142e-10,0.25071758489980156,0.338,0.249,1.6222538678190685e-5,4,DNAJC1,436
1.0217425935095706e-9,0.27012902392078186,0.361,0.274,1.9336478582168625e-5,4,SEPT2,437
1.2371320718916065e-9,0.2603374044578559,0.329,0.242,2.3412724460548652e-5,4,YTHDF2,438
1.2768219140867644e-9,0.31987586554929637,0.29,0.214,2.4163854724092015e-5,4,CCNT1,439
1.4543862273643587e-9,0.3628343630394212,0.253,0.186,2.7524259352870488e-5,4,STMN1,440
1.885424722870221e-9,0.28284899698558075,0.31,0.229,3.5681662880318933e-5,4,VASP,441
2.4394911261914045e-9,0.27909597201635217,0.382,0.295,4.616736956317233e-5,4,OCIAD1,442
2.494551622787381e-9,0.27368975196730283,0.296,0.218,4.720938946125119e-5,4,METAP2,443
2.8511979934379754e-9,0.3040731134760819,0.285,0.211,5.3958922025813684e-5,4,RTF2,444
2.9651816329421126e-9,0.2608371688474913,0.303,0.224,5.611606240342948e-5,4,WDR33,445
3.0475482395069316e-9,0.25334238361611816,0.3,0.22,5.767485043266868e-5,4,GOLGA7,446
3.825990043602168e-9,0.28284662786608417,0.25,0.18,7.240686157517103e-5,4,DEGS1,447
4.029208378290368e-9,0.27124502157414765,0.329,0.247,7.625276855914521e-5,4,RBM17,448
4.7026313023129996e-9,0.3375177083928127,0.254,0.187,8.899729739627352e-5,4,IER5,449
5.669252190074989e-9,0.2969640393816856,0.252,0.183,1.0729059769716918e-4,4,NELFE,450
5.909983218195363e-9,0.2623269175884062,0.294,0.217,1.1184643240434725e-4,4,PPP1R11,451
6.578628098079163e-9,0.31343758726227927,0.252,0.184,1.2450053675614815e-4,4,PRKAR2A,452
6.754100448808453e-9,0.28722508976376593,0.269,0.197,1.2782135099369997e-4,4,SZRD1,453
9.532965528387102e-9,0.27934803750335313,0.316,0.239,1.8041137262472592e-4,4,PNPLA8,454
1.205173430619839e-8,0.26317732452543585,0.376,0.293,2.2807907174480452e-4,4,SNRPD1,455
4.5753087131173326e-8,0.2736948107847462,0.255,0.189,8.658771739574552e-4,4,COPB2,456
8.885414313369573e-8,0.2605588151137439,0.339,0.262,0.0016815646588051918,4,ALG13,457
1.4853422136814988e-7,0.27692516274808665,0.281,0.214,0.0028110101393922365,4,AKIRIN2,458
2.1925733114852783e-7,0.25055167088325037,0.285,0.218,0.00414944499198589,4,PAF1,459
1.4666442786772022e-6,0.2564155208688931,0.276,0.216,0.02775624297396605,4,CHMP2A,460
0,3.9846270783476783,0.517,0.031,0,5,IL4I1,1
0,3.431230545042598,0.294,0.021,0,5,IL23R,2
0,3.2188115715862935,0.483,0.038,0,5,SLC4A10,3
0,3.15799885725308,0.321,0.03,0,5,CCL20,4
0,3.131428412484775,0.637,0.059,0,5,TRAV1-2,5
0,2.9577098796579424,0.708,0.081,0,5,CCR6,6
0,2.574143497579332,0.337,0.047,0,5,DPP4,7
0,2.394536773812682,0.461,0.078,0,5,FEZ1,8
0,2.0899044544388743,0.604,0.131,0,5,AQP3,9
0,1.9440630890723627,0.499,0.112,0,5,PBX4,10
0,1.8072736666281444,0.633,0.17,0,5,NCR3,11
0,1.6437422221963827,0.969,0.287,0,5,IL7R,12
0,1.6368083504544313,0.684,0.206,0,5,CEBPD,13
0,1.2620283574602915,0.911,0.37,0,5,LTB,14
9.2329e-319,1.0797784897462774,0.958,0.476,1.747326545e-314,5,KLRB1,15
8.12656e-318,2.3220463706064716,0.351,0.064,1.537951428e-313,5,GPR35,16
1.8761599666498837e-260,1.443965957083722,0.623,0.219,3.550632736884905e-256,5,NINJ1,17
5.214580998144574e-235,1.2483773554791635,0.698,0.281,9.868594538988606e-231,5,SLC7A5,18
2.1175753014098745e-232,1.1419711325428594,0.764,0.337,4.007511257918187e-228,5,RORA,19
5.051957352624428e-227,1.2596208103042366,0.669,0.261,9.56082928984173e-223,5,LINC01871,20
2.0310992298254337e-220,1.0238560081085384,0.825,0.408,3.8438552924446335e-216,5,GPR65,21
5.478619858324274e-218,1.3733830628199917,0.576,0.21,1.036828808187869e-213,5,ZC3H12A,22
1.5360757147769392e-217,1.2829596952632583,0.627,0.236,2.9070232902153573e-213,5,CXCR6,23
5.741769861833244e-217,1.7751153614123751,0.341,0.081,1.0866299463519414e-212,5,TNFRSF25,24
6.089106903030029e-212,1.2896494783910302,0.607,0.23,1.152363481398433e-207,5,PRNP,25
8.202869710243362e-200,1.2530395025664942,0.587,0.224,1.5523930926635562e-195,5,PFKFB3,26
2.233366078628233e-198,1.3321420942566848,0.523,0.182,4.2266453038039307e-194,5,TTC39C,27
2.2178620164673242e-197,0.9129808413957696,0.883,0.451,4.197303866164411e-193,5,SPOCK2,28
1.7880825080074803e-195,1.0455758744599573,0.755,0.353,3.3839461464041565e-191,5,IFNGR1,29
3.1430373190824954e-190,1.1922114932731653,0.635,0.271,5.9481981263636224e-186,5,SATB1,30
3.710434659854664e-182,1.5738212264222413,0.352,0.097,7.021997593774952e-178,5,SLAMF1,31
3.3311746476992067e-181,1.0568164617545157,0.708,0.333,6.304248020770749e-177,5,NFKB1,32
2.6504072154058344e-175,1.0881712420363838,0.649,0.283,5.015895655155541e-171,5,KDM6B,33
2.289102412267505e-173,1.42575428325279,0.412,0.133,4.332126315216253e-169,5,GPR171,34
3.7895339906451327e-168,1.1940876991207818,0.565,0.234,7.171693077295913e-164,5,SERPINB9,35
4.034337987611952e-157,1.7046975646225502,0.285,0.076,7.634984641555618e-153,5,PERP,36
3.736400592422326e-151,1.4011860106628715,0.406,0.144,7.071138121159252e-147,5,TRAF1,37
4.250484598830895e-151,1.6148709700983717,0.286,0.078,8.044042103287469e-147,5,DUSP16,38
8.005322713975205e-150,1.4253530664743224,0.277,0.072,1.5150073236198076e-145,5,LST1,39
7.575474001588422e-149,1.154432045810221,0.477,0.177,1.433658454800609e-144,5,CD28,40
5.634291942784153e-146,1.0811028018285422,0.56,0.239,1.066289750171901e-141,5,NFKB2,41
8.836197224592583e-146,0.8148528542285987,0.803,0.449,1.6722503247541463e-141,5,G3BP2,42
4.797436866240633e-145,1.1146808451591455,0.472,0.175,9.079149269360398e-141,5,CAMK4,43
1.7051948714092496e-142,1.246870161561952,0.461,0.182,3.227081294142005e-138,5,PHLDA1,44
5.8423282810373504e-142,0.9319896569091706,0.689,0.337,1.1056606271863187e-137,5,RELB,45
9.833383536911791e-140,1.3658594981858647,0.327,0.102,1.8609678343605566e-135,5,TNF,46
9.546985918644923e-136,1.1119965853918443,0.49,0.195,1.8067670851035516e-131,5,GPR183,47
9.945527530662105e-134,1.288353516187574,0.387,0.14,1.8821910851778034e-129,5,DYNLT3,48
2.2150998705640376e-131,1.250716437653665,0.415,0.157,4.192076505042441e-127,5,PIM1,49
1.1109347853069042e-130,1.016511497208215,0.568,0.262,2.102444081193316e-126,5,GYG1,50
2.3567117660924668e-130,1.1503290161510027,0.467,0.191,4.4600770173299934e-126,5,YIPF5,51
6.884169012581713e-123,1.1612747963220136,0.405,0.155,1.3028289856310893e-118,5,SNX9,52
4.0112889894216557e-122,1.1385013218750923,0.429,0.171,7.591364412480484e-118,5,PRR7,53
1.5717948204634597e-120,1.3885320144514741,0.28,0.086,2.974621697727097e-116,5,TNFRSF18,54
3.1534059575112344e-116,0.9422925563566236,0.537,0.24,5.967820774590011e-112,5,PDE4D,55
7.037515140400469e-113,1.2810045797999583,0.344,0.128,1.3318497403207887e-108,5,TRAF4,56
6.949937801635035e-112,1.287615583865374,0.401,0.171,1.3152757289594304e-107,5,BCL2A1,57
9.273157411766995e-112,0.9913932502487977,0.531,0.254,1.7549450401769037e-107,5,NFKBIZ,58
1.166018218285462e-110,0.9520369601250613,0.536,0.252,2.206689478105237e-106,5,BHLHE40,59
1.7575856703354532e-110,0.9191846568876463,0.53,0.242,3.3262308811098454e-106,5,CCDC107,60
1.104718978916797e-108,0.8694406861957593,0.524,0.229,2.0906806676000385e-104,5,KLRG1,61
2.913471526612037e-108,0.8273330213226981,0.652,0.344,5.5137448641132804e-104,5,BIRC3,62
6.956420205111716e-106,0.7477707317311526,0.716,0.396,1.3165025238173923e-101,5,BCL3,63
1.5609395730890645e-104,0.6102796366474483,0.87,0.566,2.9540781420710545e-100,5,REL,64
5.263156714806906e-102,1.2168286244551,0.324,0.121,9.960524082772069e-98,5,CERK,65
3.4138902843925344e-101,0.8471296458950464,0.577,0.291,6.460787363212871e-97,5,CSRNP1,66
4.6684980316570014e-101,0.9662903051902703,0.436,0.189,8.835132524910876e-97,5,CD83,67
7.900865027185368e-101,1.009593020396838,0.415,0.177,1.4952387063948309e-96,5,PER1,68
2.5389588622335227e-100,0.9235073086185424,0.522,0.253,4.804979646776942e-96,5,LMNA,69
2.9805022560572666e-99,0.5651891086758933,0.921,0.613,5.640600519588377e-95,5,TNFAIP3,70
1.0926794414999872e-97,1.1034559224242888,0.31,0.112,2.0678958430387257e-93,5,JAML,71
1.2910312417734759e-96,0.7120005779564895,0.728,0.43,2.4432766250563032e-92,5,MYADM,72
1.2033206205519792e-94,0.9271788292027391,0.434,0.19,2.2772842743946203e-90,5,MGAT4A,73
4.2289448707173e-93,1.0274361494957824,0.367,0.151,8.003278167832491e-89,5,MYBL1,74
2.2781918117213043e-91,0.8276011374701095,0.546,0.275,4.311478003682568e-87,5,PIM3,75
4.6228811625806975e-91,0.7123957003067007,0.661,0.355,8.74880260018397e-87,5,PTGER4,76
9.015689886962609e-91,0.6202962093564399,0.812,0.504,1.7062193111076736e-86,5,NFKBIA,77
1.1861782623141478e-90,1.1902011244392823,0.275,0.099,2.2448423614295247e-86,5,TNFRSF4,78
1.1897360370996535e-89,1.2029907857056175,0.273,0.099,2.251575450211094e-85,5,CYB5A,79
2.056039668960244e-87,0.9539428292338734,0.422,0.194,3.891055073507262e-83,5,ARL4A,80
3.1581265162063793e-87,0.688791900406716,0.731,0.488,5.976754431920573e-83,5,MT2A,81
1.786224459084415e-86,0.7212700529353993,0.646,0.369,3.3804297888172554e-82,5,ELOVL5,82
5.3423467658158804e-86,0.6842553716377839,0.676,0.385,1.0110391254306554e-81,5,DDX21,83
9.138542001042694e-86,0.7814842071081223,0.56,0.289,1.7294690736973298e-81,5,CDKN1A,84
9.534784791048548e-86,1.045947479664182,0.368,0.161,1.8044580217059377e-81,5,RARA,85
2.9617432602335287e-85,0.9932038689746033,0.375,0.166,5.605099119991953e-81,5,SPTY2D1,86
1.823448747340076e-84,0.651602803318694,0.725,0.425,3.450876754341094e-80,5,EIF5A,87
2.8565726340322155e-83,0.7811882059648241,0.521,0.262,5.406063709905967e-79,5,DNAJB9,88
3.571538938670208e-83,0.6583428658792416,0.697,0.408,6.759137441433368e-79,5,YWHAQ,89
5.2973505332070685e-83,0.5480035533979528,0.894,0.578,1.0025235884094377e-78,5,ANXA1,90
8.742328161993033e-83,0.6506751684802337,0.687,0.385,1.6544856046571815e-78,5,STAT4,91
1.847744818644774e-81,1.1556733506489427,0.258,0.095,3.496857069285235e-77,5,PRR5,92
2.4476477201381813e-80,0.898930183297079,0.429,0.207,4.6321733103615084e-76,5,TANK,93
3.021599053667248e-80,0.6625932068692795,0.663,0.377,5.718376209065267e-76,5,GPBP1,94
4.6187957581230216e-80,0.8124764426261081,0.432,0.197,8.741070972247818e-76,5,TRAT1,95
9.774037302221102e-80,1.0773364108234431,0.316,0.133,1.8497365594453435e-75,5,EI24,96
1.1499510055665338e-79,0.8545618164149431,0.459,0.228,2.1762822780346653e-75,5,TNIP1,97
2.838703370398965e-79,0.3880256009209533,0.993,0.771,5.372246128480041e-75,5,S100A4,98
4.365803153665341e-79,0.9308206713033267,0.424,0.208,8.262282468311657e-75,5,PNP,99
1.8273606397203823e-78,0.7810002877423193,0.489,0.245,3.4582800106708233e-74,5,FKBP2,100
7.492215312066913e-78,1.2100456389618148,0.256,0.098,1.4179017478086632e-73,5,MAEA,101
1.268504067032897e-76,0.6426472465205779,0.677,0.399,2.4006439468597576e-72,5,DUSP5,102
2.606625221822234e-74,0.9258417234096408,0.331,0.141,4.933038232298578e-70,5,SYTL2,103
3.0536125762527714e-74,0.933909568476932,0.296,0.12,5.77896180055837e-70,5,ITM2C,104
6.416239813220062e-73,0.6987742708151374,0.533,0.278,1.2142733846518967e-68,5,PBXIP1,105
3.731187012435405e-70,0.5284401863831838,0.812,0.544,7.061271421034005e-66,5,ADGRE5,106
1.601989987490364e-69,0.944410939937642,0.316,0.137,3.031766051325514e-65,5,GTF3C1,107
1.214182395791345e-68,0.5373722035366741,0.778,0.479,2.2978401840351205e-64,5,EML4,108
2.934444147740142e-68,0.572669801588565,0.718,0.423,5.5534355495982184e-64,5,PDE4B,109
7.241204811456552e-67,0.6528267537774479,0.503,0.262,1.3703980105681525e-62,5,FKBP11,110
1.0819813279954921e-66,0.2528422645132875,0.992,0.875,2.047649663231469e-62,5,PABPC1,111
1.8313096469424549e-65,0.8932482416369709,0.357,0.171,3.465753506838596e-61,5,TWISTNB,112
4.3784551773791166e-65,0.7669116234380084,0.442,0.23,8.286226423189978e-61,5,DDX3Y,113
1.7467470769795414e-63,0.47606013537067415,0.86,0.588,3.305718843183782e-59,5,SQSTM1,114
6.61732756302277e-62,0.6189190815473407,0.545,0.294,1.2523292413020592e-57,5,TC2N,115
2.0801019362961447e-61,0.8109422841273148,0.327,0.151,3.9365929144404537e-57,5,ODF2L,116
5.7326077857980585e-61,0.4090110602941288,0.95,0.714,1.0848960234622826e-56,5,VIM,117
2.20327676872532e-60,0.995388280821618,0.289,0.132,4.169701284812668e-56,5,ZNF267,118
1.9325749768704149e-59,0.5843971764595053,0.609,0.355,3.65739814372726e-55,5,RAB8B,119
2.7512120597888125e-59,0.48649009199619053,0.808,0.536,5.206668823150328e-55,5,BZW1,120
1.0246372853689888e-58,0.9053057455686273,0.289,0.13,1.9391260625608114e-54,5,LGALS3,121
2.8581155399511262e-58,0.8472767745017897,0.342,0.17,5.408983659357507e-54,5,SEC14L1,122
1.1192214373074242e-57,0.6152985603687309,0.543,0.317,2.1181265701043004e-53,5,LPXN,123
2.5445765458132317e-57,0.7122457088456127,0.402,0.208,4.815611112951541e-53,5,ERN1,124
4.962654293673482e-57,0.6308630247159663,0.53,0.303,9.391823250777064e-53,5,ANXA2,125
6.367842626389086e-57,0.7906916099038187,0.374,0.194,1.2051142170441344e-52,5,MORF4L2,126
1.7258955017432705e-56,0.5728528786392393,0.559,0.316,3.2662572370491393e-52,5,PARP8,127
1.393909225737934e-54,0.7705814756357576,0.356,0.18,2.63797320970904e-50,5,NXT1,128
7.138186377051085e-54,0.8272691623776474,0.327,0.162,1.350901771856918e-49,5,CTSA,129
1.0960027504983862e-53,0.3841067708775481,0.988,0.741,2.0741852053181957e-49,5,CXCR4,130
5.599645070744684e-53,0.364682579264342,0.965,0.713,1.0597328296384315e-48,5,S100A6,131
6.652906751861315e-53,0.5459199209568284,0.593,0.36,1.2590626027897539e-48,5,ILF2,132
1.0447570455653344e-52,0.5461668769025096,0.598,0.367,1.9772027087323952e-48,5,OSTF1,133
2.2492060848795172e-52,0.5810974204584773,0.538,0.315,4.2566225156344864e-48,5,SLC3A2,134
3.6205114690544e-51,0.8693383719788753,0.278,0.131,6.851817955185452e-47,5,FAS,135
5.867711290251169e-51,0.5110143196481116,0.647,0.395,1.1104643616800338e-46,5,ARL4C,136
6.26014310048395e-51,0.6390746340541598,0.361,0.18,1.1847320817665874e-46,5,FLT3LG,137
3.632920022271592e-50,0.49399508873228326,0.711,0.46,6.875301142148988e-46,5,NFE2L2,138
4.951823942416148e-50,0.7958224915198383,0.309,0.154,9.37132681102256e-46,5,DENND4A,139
8.147968817090158e-50,0.6830577493813631,0.393,0.211,1.5420030986343125e-45,5,RELA,140
4.429864120399957e-49,0.39434773470971196,0.911,0.668,8.383517847856919e-45,5,LDHA,141
3.0583046184022516e-48,0.5605408599584201,0.52,0.309,5.787841490326261e-44,5,ATP1A1,142
1.618920132408091e-47,0.731436353612386,0.322,0.164,3.063806350582312e-43,5,MRPL14,143
4.409418615763286e-47,0.5921804410817562,0.463,0.265,8.34482473033202e-43,5,RBMS1,144
4.933758255553895e-47,0.6669063932847303,0.373,0.2,9.337137498635746e-43,5,GDI1,145
7.822580185381951e-47,0.4839223783871187,0.603,0.36,1.4804233000835343e-42,5,CD96,146
5.691454227626272e-46,0.5073955951446913,0.601,0.377,1.077107712578272e-41,5,EIF4A1,147
1.6072599378983013e-45,0.452228261242144,0.647,0.403,3.0417394324725354e-41,5,XBP1,148
3.456723837049432e-44,0.7247171825034427,0.35,0.192,6.541849861616051e-40,5,RAB9A,149
1.8804529253869162e-43,0.47924622081381885,0.598,0.372,3.558757161294739e-39,5,RSL1D1,150
2.845503218120233e-43,0.40841856489898065,0.77,0.53,5.3851148402925414e-39,5,CDC37,151
7.435944275921825e-43,0.6154245867531349,0.391,0.22,1.4072524542182053e-38,5,PPA1,152
7.686016969260728e-43,0.42773124985822264,0.763,0.519,1.4545787114325927e-38,5,CYCS,153
1.1158406964681013e-42,0.6471813621546781,0.398,0.228,2.1117285180658816e-38,5,PLIN2,154
1.4703875823577155e-42,0.4866687063265296,0.583,0.366,2.782708499611977e-38,5,GLIPR1,155
1.8808121142632582e-42,0.4773442678685267,0.581,0.358,3.559436926243216e-38,5,RPN1,156
4.425039956839798e-42,0.5877671714837525,0.368,0.199,8.374388118319318e-38,5,CDC42EP3,157
5.480085463896676e-42,0.6995123031626094,0.293,0.15,1.037106174042446e-37,5,SVIP,158
1.3062002994481293e-41,0.709824594483097,0.286,0.145,2.4719840667055845e-37,5,PTMS,159
1.3065899825584326e-41,0.37098587277746686,0.828,0.581,2.4727215419918336e-37,5,SEC61B,160
3.023908043351727e-41,0.5555685124723916,0.408,0.231,5.722745972043143e-37,5,GPRIN3,161
3.8220129253957954e-41,0.6762125816222055,0.332,0.179,7.233159461311543e-37,5,TNFSF14,162
6.250309753373524e-41,0.46565239629399,0.57,0.351,1.1828711208259393e-36,5,CAST,163
6.817356899640025e-41,0.41262711875029146,0.804,0.542,1.2901847932568746e-36,5,PDCD4,164
8.866764499808424e-41,0.5532466269602254,0.449,0.265,1.678035181588744e-36,5,JMJD6,165
2.381227483981012e-40,0.48244860950244384,0.491,0.284,4.506473013434065e-36,5,CD6,166
2.4399991713548083e-40,0.6697724788004497,0.289,0.148,4.617698431788974e-36,5,PRDM1,167
2.6234142060888346e-40,0.4610823161902675,0.718,0.465,4.96481138502312e-36,5,CD8A,168
6.023834812304726e-40,0.4799151184137511,0.518,0.317,1.1400107382286694e-35,5,G3BP1,169
1.81643410383009e-39,0.5787249738463852,0.381,0.215,3.4376015414984456e-35,5,TNFAIP8,170
3.275354403340304e-39,0.6731972955736378,0.333,0.187,6.198608208321526e-35,5,RAB18,171
8.00956164121341e-39,0.7130526773388015,0.264,0.134,1.515809540599638e-34,5,SORL1,172
1.3246758437856797e-37,0.37980397426501433,0.795,0.558,2.506949034364399e-33,5,KMT2E,173
1.7701871669549114e-37,0.5523416407527543,0.384,0.219,3.35007921346217e-33,5,PHF1,174
1.9631102187024863e-37,0.3850862192526603,0.708,0.478,3.7151860888944554e-33,5,SEC61G,175
1.4548569202624648e-36,0.5988299747549657,0.361,0.209,2.7533167215967145e-32,5,SLC16A3,176
1.9158432606321615e-36,0.5826063453224203,0.353,0.201,3.625733370746366e-32,5,HIF1A,177
2.5642968681648228e-36,0.4554083116882617,0.469,0.286,4.852931823001927e-32,5,SSR3,178
5.0014307755563856e-36,0.46325879257330604,0.528,0.336,9.46520774274046e-32,5,PPP2CA,179
5.169288680938233e-36,0.6426392249596258,0.29,0.155,9.782878828675606e-32,5,HNRNPLL,180
1.5307699848465506e-35,0.43885425500989217,0.515,0.322,2.896982196322097e-31,5,OSTC,181
2.3022378780224343e-35,0.6872682109195125,0.29,0.159,4.356985184157457e-31,5,TUBA1C,182
3.9126917869622826e-35,0.3519885510213925,0.823,0.606,7.40476920682612e-31,5,DDIT4,183
8.267282312838553e-35,0.6330149202497319,0.289,0.157,1.5645831777046962e-30,5,INTS6,184
1.9416701711637734e-34,0.42741423316215044,0.547,0.348,3.674610798927441e-30,5,SURF4,185
2.0984088974300053e-34,0.5330194974355489,0.379,0.223,3.971238838386285e-30,5,ELL2,186
3.483613384286668e-34,0.5232543210233361,0.349,0.196,6.59273832976252e-30,5,CD160,187
1.0122340597863607e-33,0.49649160435864625,0.425,0.259,1.9156529581456878e-29,5,TIPARP,188
2.2847831152788035e-33,0.5796342644281618,0.31,0.171,4.3239520456651356e-29,5,AUTS2,189
2.8226130259439864e-33,0.36655978920936905,0.845,0.564,5.341795151598994e-29,5,ALOX5AP,190
3.2893046074439775e-33,0.567354585437043,0.329,0.189,6.225008969587727e-29,5,AP3S1,191
3.823350572581891e-33,0.4500137713059935,0.53,0.343,7.235690958611229e-29,5,RGS2,192
4.0241289829611316e-33,0.3696685918239295,0.608,0.381,7.615664100253942e-29,5,CD55,193
4.6273134245665155e-33,0.40450787438777014,0.631,0.431,8.757190655992131e-29,5,HNRNPUL1,194
5.860169536969843e-33,0.39221397286573567,0.595,0.389,1.109037084871543e-28,5,SMAP2,195
6.746983805549007e-33,0.5963209065372639,0.303,0.17,1.2768666852001497e-28,5,SOCS3,196
1.8804701998662383e-32,0.42558135774204864,0.545,0.356,3.5587898532468562e-28,5,NAP1L1,197
2.217202808887409e-32,0.44860895089006947,0.464,0.287,4.1960563158194215e-28,5,PLP2,198
2.4414775826902382e-32,0.6208867850668219,0.286,0.159,4.620496325241275e-28,5,TRMT10C,199
2.4593407319107243e-32,0.33372951513822,0.843,0.62,4.654302335141046e-28,5,MCL1,200
3.5775893703693397e-32,0.35601131726110813,0.768,0.549,6.770587883423976e-28,5,GNG2,201
4.7318535948382327e-32,0.6273082832228369,0.284,0.158,8.955032928231356e-28,5,GNL3,202
6.59568339441791e-32,0.5981185972435014,0.301,0.171,1.2482330823935895e-27,5,GCH1,203
6.637771787243291e-32,0.40542280960858545,0.541,0.347,1.2561983107357928e-27,5,TRAM1,204
1.1450419483242592e-31,0.3844406754240739,0.598,0.397,2.1669918872036606e-27,5,ABRACL,205
2.1707502003637523e-31,0.6038850840921417,0.288,0.161,4.1081447541884014e-27,5,NR1D2,206
2.288880492810509e-31,0.32855011978756554,0.901,0.65,4.331706332643888e-27,5,EZR,207
3.829069836542696e-31,0.428111238823105,0.506,0.329,7.246514665657052e-27,5,TMED2,208
6.185130717737772e-31,0.4370160209712003,0.373,0.213,1.1705359883318733e-26,5,LAG3,209
1.2661218020828826e-30,0.4236723112873306,0.488,0.308,2.3961355104418554e-26,5,RBL2,210
2.347782436946008e-30,0.47287238989807545,0.406,0.253,4.44317826192032e-26,5,RHEB,211
5.6251080687082865e-30,0.3640261872059789,0.65,0.435,1.0645517020030431e-25,5,ARF4,212
5.6472485093411425e-30,0.34400035006577223,0.714,0.494,1.0687417803928111e-25,5,SNRPG,213
1.4557989755279926e-29,0.4070000346522109,0.52,0.34,2.755099561186726e-25,5,RASSF5,214
2.4473634180682533e-29,0.3772987348018604,0.539,0.35,4.631635268694169e-25,5,SRPRA,215
3.3937442871779657e-29,0.41563641931026307,0.48,0.307,6.4226610634843e-25,5,IVNS1ABP,216
1.1238834665627574e-28,0.5021996094041127,0.325,0.191,2.1269494604700183e-24,5,SC5D,217
1.227636733283062e-28,0.41151609002267264,0.461,0.299,2.323302517738195e-24,5,FOSB,218
1.2811733913234346e-28,0.34259096897219665,0.715,0.5,2.4246206430796e-24,5,HNRNPA0,219
1.4739758104140157e-28,0.5080670231576975,0.369,0.229,2.7894992212085246e-24,5,MAP2K3,220
1.797284997878032e-28,0.4408241833718032,0.435,0.278,3.401361858484176e-24,5,ETF1,221
3.3644283743607453e-28,0.3076533472054166,0.779,0.555,6.3671806984777104e-24,5,HSP90B1,222
4.838713123302687e-28,0.42950942222692534,0.422,0.264,9.157264585850336e-24,5,NAMPT,223
1.0468322160256495e-27,0.3654176886737077,0.565,0.376,1.9811299688285417e-23,5,CHD1,224
1.970152097077345e-27,0.3537517641693584,0.595,0.4,3.728512843718875e-23,5,HSPA9,225
2.3249148001121042e-27,0.38326623744831645,0.518,0.344,4.399901259212157e-23,5,NDUFV2,226
2.776327257026256e-27,0.3633537212109308,0.588,0.398,5.2541993339221896e-23,5,GSPT1,227
2.9490704947173995e-27,0.3570468761437686,0.592,0.398,5.581115911252678e-23,5,STRAP,228
3.1941550865871468e-27,0.35432768894057953,0.605,0.41,6.044938501366175e-23,5,GHITM,229
3.866294002187373e-27,0.3524738257729556,0.618,0.421,7.316961399139604e-23,5,ID2,230
3.9756716982245576e-27,0.5421391208901648,0.281,0.163,7.523958688889975e-23,5,NFKBIB,231
4.244408426377459e-27,0.42668958168704285,0.391,0.245,8.032542946919341e-23,5,UFM1,232
4.737818156667526e-27,0.3109236879318056,0.721,0.497,8.966320861493294e-23,5,TUBB4B,233
7.068009852516119e-27,0.35312025174216743,0.564,0.377,1.3376208645886756e-22,5,SELENOT,234
9.926524674459811e-27,0.3766447594038831,0.481,0.313,1.8785947946415192e-22,5,SNRPF,235
1.4916535372034077e-26,0.410572782909312,0.436,0.282,2.8229543191574493e-22,5,PDCL3,236
1.788948165820974e-26,0.36748030592572545,0.536,0.357,3.385584403816193e-22,5,NOP58,237
2.1024418567157116e-26,0.3239980241796041,0.669,0.465,3.978871213834484e-22,5,EIF3E,238
2.6235643377647165e-26,0.45171896767786335,0.365,0.227,4.965095509219726e-22,5,SIAH2,239
4.93783025124211e-26,0.35507631645956894,0.519,0.345,9.344843750475693e-22,5,TMED10,240
5.357745348075641e-26,0.3906873900363923,0.475,0.313,1.0139533071233152e-21,5,EIF3I,241
5.641791214670871e-26,0.3318180126257231,0.662,0.457,1.0677089873764625e-21,5,PKM,242
8.11780131893286e-26,0.41747727271306145,0.385,0.243,1.536293899608044e-21,5,RBM17,243
8.674853656708812e-26,0.49087949880008774,0.303,0.181,1.6417160545321427e-21,5,PDIA4,244
1.0706142799414743e-25,0.40365141249764225,0.432,0.285,2.02613752478924e-21,5,ZFAND5,245
1.5706559520077305e-25,0.40496517868266335,0.427,0.278,2.97246638917463e-21,5,FBL,246
1.6822861568983435e-25,0.3620180014327776,0.546,0.367,3.1837265519301153e-21,5,BCAS2,247
1.7452550924892064e-25,0.3737766371411453,0.381,0.237,3.302895262535823e-21,5,SEC11C,248
1.817796836720334e-25,0.37811323550681863,0.47,0.308,3.4401805134932316e-21,5,PPP1CB,249
2.9036924910313856e-25,0.42378761940301357,0.376,0.237,5.495238039276897e-21,5,CRYBG1,250
3.226768415092678e-25,0.4956890082621511,0.285,0.168,6.106659225562893e-21,5,MTFP1,251
8.201272482618633e-25,0.30787425077042907,0.627,0.425,1.5520908173355763e-20,5,JUND,252
1.846826318164243e-24,0.5053556770073214,0.295,0.18,3.49511880712583e-20,5,ANP32E,253
1.861439795393069e-24,0.4579457066767886,0.341,0.213,3.522774812781383e-20,5,PAF1,254
1.9242025862093672e-24,0.35735841832724824,0.495,0.334,3.6415533944012274e-20,5,UBE2N,255
2.0034659472688364e-24,0.3298126710924998,0.556,0.377,3.791559305206273e-20,5,PEBP1,256
2.5446868743467814e-24,0.3242429950090233,0.593,0.401,4.815819909701284e-20,5,AHNAK,257
4.527194314679313e-24,0.38306492539862647,0.422,0.275,8.5677152405306e-20,5,PSMA3,258
5.8809465733782914e-24,0.49840337566704074,0.288,0.174,1.1129691390118417e-19,5,PRELID3B,259
6.86629601312225e-24,0.3287088342725373,0.582,0.398,1.299446520483386e-19,5,FNBP1,260
7.822157383918176e-24,0.372885885024959,0.459,0.308,1.480343284906515e-19,5,CCT2,261
9.452727331174758e-24,0.4590657686303826,0.352,0.226,1.788928647424823e-19,5,GNAI3,262
1.0043735912193914e-23,0.4514389070207945,0.384,0.251,1.9007770213826983e-19,5,MT1X,263
1.1484118902766289e-23,0.5217386645296693,0.28,0.17,2.17336950234852e-19,5,LRRC59,264
1.2079537702819498e-23,0.41512997072677416,0.384,0.25,2.28605251025859e-19,5,PSMD13,265
1.6945771332798625e-23,0.367844856764723,0.42,0.275,3.20698722473214e-19,5,DYNLT1,266
4.6800342509922246e-23,0.3867199448191758,0.399,0.257,8.856964820002786e-19,5,DNAJA2,267
5.850236434553892e-23,0.4392538826833512,0.291,0.176,1.107157245239324e-18,5,SURF2,268
6.050440144100923e-23,0.39412737461435987,0.391,0.256,1.1450457972710997e-18,5,MAPRE1,269
6.786540182543023e-23,0.4553807916908107,0.307,0.191,1.2843527295462671e-18,5,DARS,270
1.4778951963192922e-22,0.31798679746210157,0.503,0.335,2.7969166590342604e-18,5,CKLF,271
1.5456742944669935e-22,0.35266868351138325,0.405,0.265,2.9251886022787853e-18,5,HM13,272
2.9274724688189975e-22,0.29165666886011143,0.629,0.435,5.5402416472399525e-18,5,DDX3X,273
2.985936057324922e-22,0.4732641608459766,0.293,0.182,5.6508839884874154e-18,5,EIF2A,274
3.3572006353647493e-22,0.5089984787824553,0.265,0.16,6.353502202427788e-18,5,RNF11,275
3.735479155235332e-22,0.41295248510406823,0.348,0.223,7.069394301282866e-18,5,TM2D3,276
6.164045195150036e-22,0.2537519499918548,0.87,0.65,1.1665455531821442e-17,5,DNAJA1,277
6.311329308677727e-22,0.4169939861786196,0.325,0.206,1.1944190716672598e-17,5,ABCF1,278
6.537651588080656e-22,0.39469623808648935,0.446,0.309,1.2372505630442641e-17,5,FAM107B,279
7.028552785014823e-22,0.37052740494387426,0.416,0.279,1.3301536145640552e-17,5,SRP19,280
7.432521886935598e-22,0.4517824075176545,0.275,0.167,1.406604767102562e-17,5,SEC61A1,281
9.959003934616527e-22,0.31828056735083954,0.538,0.367,1.8847414946261776e-17,5,MAPK1IP1L,282
1.0649819081832508e-21,0.3250247672893374,0.517,0.351,2.0154782612368022e-17,5,SKIL,283
1.3348350396721618e-21,0.5105203973621228,0.254,0.153,2.526175312579566e-17,5,GLRX,284
2.0522290501527282e-21,0.27970468896255096,0.611,0.426,3.883843477414038e-17,5,SPCS2,285
3.424100777213696e-21,0.32167735524915897,0.486,0.33,6.48011072087692e-17,5,RPN2,286
4.764748902795708e-21,0.31454783212361925,0.495,0.338,9.017287298540878e-17,5,ZC3H15,287
5.2042791814216896e-21,0.3189357360913736,0.425,0.277,9.849098350840548e-17,5,EMB,288
8.470398564568323e-21,0.46053145034278825,0.282,0.177,1.6030229283445552e-16,5,NOLC1,289
8.481013744813355e-21,0.2939954464436376,0.589,0.405,1.6050318512059274e-16,5,PRDX1,290
1.5372476955561745e-20,0.4795731642302557,0.253,0.155,2.90924126384006e-16,5,SND1,291
1.7566557701605523e-20,0.38200904856589313,0.331,0.212,3.3244710450288455e-16,5,SNRPE,292
1.768258892208112e-20,0.3111825763112108,0.509,0.347,3.346429953503852e-16,5,CDKN1B,293
1.8107016549464373e-20,0.3479031047055947,0.426,0.29,3.426752881986133e-16,5,VDAC1,294
1.8420388803399664e-20,0.3664263973043489,0.348,0.224,3.4860585810433866e-16,5,TMEM123,295
2.211049714053022e-20,0.430743505100902,0.306,0.195,4.184411583845344e-16,5,SEC23B,296
2.263150262901424e-20,0.28417697014357834,0.736,0.534,4.2830118725409447e-16,5,DNAJB6,297
2.3338019479033727e-20,0.38415173859782004,0.338,0.219,4.416720186407133e-16,5,MED4,298
2.867909798157283e-20,0.34999547246318086,0.406,0.273,5.427519293012658e-16,5,SF3B4,299
3.069848749617777e-20,0.30121026979656884,0.38,0.238,5.809688758651643e-16,5,CD5,300
3.123069958747432e-20,0.4579985941215835,0.275,0.171,5.910409896929515e-16,5,RAB22A,301
5.1648631823306003e-20,0.291674937285644,0.441,0.287,9.774503572560661e-16,5,SYNE2,302
5.21215879904057e-20,0.305351003164152,0.472,0.317,9.86401052718428e-16,5,AMD1,303
6.63452339152205e-20,0.35758195368861745,0.371,0.244,1.255583551845548e-15,5,SBDS,304
6.851666840322137e-20,0.40618068162944987,0.294,0.186,1.2966779495309644e-15,5,ACAA2,305
7.263470771254996e-20,0.39795605164250314,0.307,0.196,1.374611843460008e-15,5,GNA13,306
7.889735246217096e-20,0.2658102694188793,0.839,0.645,1.4931323953465855e-15,5,SRSF2,307
9.040295846483253e-20,0.2819595316728376,0.59,0.415,1.7108759889469555e-15,5,CSDE1,308
1.0582069778926718e-19,0.30931378353391437,0.447,0.304,2.0026567056618814e-15,5,SPCS3,309
1.0911201249253438e-19,0.3087192173480251,0.459,0.316,2.0649448364212133e-15,5,TOMM22,310
1.1285159725805314e-19,0.31045812132224326,0.457,0.311,2.1357164781086557e-15,5,UBE2A,311
1.1457795580260615e-19,0.4391537332507155,0.295,0.19,2.1683878135643214e-15,5,BCCIP,312
1.1584655666795798e-19,0.387679902924544,0.322,0.208,2.192396084941105e-15,5,ANXA7,313
1.186132434469231e-19,0.28348755267423287,0.498,0.344,2.2447556322330197e-15,5,PAK2,314
1.213672247279123e-19,0.315148256212477,0.477,0.329,2.2968747279757404e-15,5,DDX18,315
1.4792063769446719e-19,0.2838262903869473,0.783,0.54,2.7993980683677916e-15,5,SH2D2A,316
1.6626993338332207e-19,0.25453251735977256,0.837,0.628,3.14665848927937e-15,5,RAN,317
1.6799202481678128e-19,0.27836528520860293,0.59,0.412,3.1792490696575858e-15,5,MAGOH,318
1.8079453511077758e-19,0.44942198325710236,0.258,0.159,3.4215365769714658e-15,5,TSPYL1,319
1.8166400776947431e-19,0.27163035422069104,0.837,0.616,3.4379913470373014e-15,5,DDX24,320
1.94444765907636e-19,0.25960188258421724,0.902,0.673,3.679867194802011e-15,5,SELENOK,321
2.231573783603595e-19,0.3847276782341945,0.342,0.226,4.223253385469803e-15,5,EIF3J,322
3.382324689533937e-19,0.43349773846451645,0.278,0.176,6.401049474942976e-15,5,GNL1,323
3.9110143867913208e-19,0.40691564145864245,0.314,0.205,7.401594727002575e-15,5,STX11,324
4.2142887977543246e-19,0.4067741719984118,0.31,0.2,7.97554154975006e-15,5,GORASP2,325
4.355685656841754e-19,0.26983864808802993,0.74,0.531,8.243135105573018e-15,5,EMD,326
4.75810663992214e-19,0.36325247837088115,0.328,0.213,9.00471681605265e-15,5,MIER1,327
4.830040050747079e-19,0.27643401680459356,0.618,0.439,9.140850796038848e-15,5,EIF4B,328
4.895438224486828e-19,0.2738962087980785,0.572,0.398,9.264616839841322e-15,5,P4HB,329
5.410199578557572e-19,0.44073230614426695,0.279,0.178,1.0238802702420205e-14,5,RAB1A,330
5.571582552747583e-19,0.2629078805754397,0.599,0.429,1.05442199810748e-14,5,CUTA,331
7.891268247627661e-19,0.3354771369202709,0.389,0.262,1.493422515863535e-14,5,KDELR2,332
1.1895682831639452e-18,0.33071593279231415,0.403,0.274,2.2512579758877662e-14,5,CCT5,333
1.4847162397719976e-18,0.3140617236133858,0.415,0.282,2.8098254837685053e-14,5,SDF4,334
1.6312300403921074e-18,0.3602068472760884,0.326,0.213,3.087102851442063e-14,5,MANF,335
2.009100917707154e-18,0.401626422027511,0.288,0.185,3.8022234867607885e-14,5,IER5,336
2.1228749757445447e-18,0.30100007754884395,0.455,0.314,4.017540891596551e-14,5,DHX36,337
2.129044580791272e-18,0.41160188034796474,0.286,0.185,4.029216869147482e-14,5,FDX1,338
2.1512740276314092e-18,0.35522806589300415,0.322,0.21,4.071286097292442e-14,5,RANBP1,339
3.135900270436914e-18,0.2656686665115877,0.432,0.288,5.93469126180186e-14,5,PRDX2,340
3.348243504272806e-18,0.2603748130641814,0.637,0.449,6.336550831836285e-14,5,FOSL2,341
4.058070000212933e-18,0.3139465942940598,0.417,0.285,7.679897475402976e-14,5,CEBPZ,342
5.252810315381618e-18,0.2808650249571416,0.538,0.386,9.940943521859712e-14,5,HNRNPM,343
5.970428937162449e-18,0.3082499260858711,0.451,0.316,1.1299036763579934e-13,5,SERTAD1,344
6.4182054111918765e-18,0.3145029749732513,0.369,0.246,1.2146453740680626e-13,5,DNAJC1,345
7.590598785904787e-18,0.268222591110854,0.477,0.325,1.436520820232481e-13,5,GBP5,346
8.87728870681749e-18,0.2756788428402519,0.493,0.34,1.6800268877652099e-13,5,SOCS1,347
9.952781254282165e-18,0.2616086507777917,0.607,0.427,1.8835638523728997e-13,5,CCNH,348
9.995842954730803e-18,0.3937799906431805,0.296,0.194,1.8917132791828045e-13,5,YWHAH,349
1.0131874948313073e-17,0.40535402031464857,0.275,0.176,1.917457333968249e-13,5,COPS2,350
1.1314764242397607e-17,0.27041898614026305,0.491,0.34,2.1413191328737473e-13,5,PDIA6,351
1.1599587228066296e-17,0.3348710709759538,0.355,0.24,2.1952218829115464e-13,5,YTHDF2,352
1.1716082627613025e-17,0.2658137471553257,0.572,0.403,2.2172686372757648e-13,5,RNF149,353
1.5500821024007984e-17,0.31009118794358836,0.386,0.261,2.933530378793511e-13,5,DUT,354
1.7050945941626106e-17,0.3016107624747868,0.463,0.329,3.2268915194527407e-13,5,TOP1,355
1.9040356477209537e-17,0.3368483944044859,0.354,0.238,3.603387463311905e-13,5,TMEM14B,356
1.9228684006495304e-17,0.2739950475500992,0.809,0.578,3.639028448229236e-13,5,FAM177A1,357
1.9480757249584192e-17,0.28919356537343455,0.252,0.153,3.6867333094838083e-13,5,THEMIS,358
2.2758590165718645e-17,0.26265753612633613,0.651,0.477,4.307063188862254e-13,5,SDCBP,359
2.506642154121031e-17,0.3157216696390488,0.386,0.264,4.743820276674051e-13,5,NDUFA5,360
5.3965776971685893e-17,0.25684180797542444,0.495,0.347,1.0213023291891555e-12,5,PSMA6,361
6.369107855048401e-17,0.2600978532924134,0.503,0.354,1.2053536615679098e-12,5,NDUFA6,362
6.64194691082438e-17,0.2734485543883154,0.563,0.405,1.256988452873514e-12,5,TPM4,363
8.412851433290523e-17,0.25112570909772813,0.602,0.433,1.5921321337502316e-12,5,TERF2IP,364
1.0447594735838051e-16,0.29848450606375887,0.41,0.285,1.977207303757351e-12,5,COPB1,365
1.0898492943714705e-16,0.3431294502478519,0.315,0.208,2.062539789598008e-12,5,IL21R,366
2.2517635442909186e-16,0.3405905975848904,0.324,0.219,4.261462507570563e-12,5,PRMT1,367
2.886096770420802e-16,0.27278160468906343,0.43,0.299,5.461938138021367e-12,5,CCT7,368
3.397821357061846e-16,0.3012632955755984,0.318,0.21,6.4303769182395435e-12,5,C4orf48,369
5.268352100014318e-16,0.2721041760356018,0.413,0.286,9.970356349277095e-12,5,CMPK1,370
6.301768988237286e-16,0.28143712617987493,0.509,0.367,1.1926097810239064e-11,5,EIF4A3,371
1.203857591420216e-15,0.3833825152095814,0.257,0.167,2.2783004917627585e-11,5,RIC8A,372
1.293196341448624e-15,0.3226464508097534,0.326,0.22,2.447374076191521e-11,5,ABT1,373
1.31961170182737e-15,0.37164637691378866,0.292,0.197,2.4973651457082975e-11,5,BCL7B,374
1.4992166857579018e-15,0.39220209571127035,0.263,0.173,2.837267577796829e-11,5,IRF2BP2,375
1.5129900123555842e-15,0.27161378650724677,0.301,0.193,2.863333598382943e-11,5,S1PR5,376
1.5255342169895174e-15,0.3464553376866727,0.286,0.189,2.887073505652662e-11,5,SAR1B,377
1.6147768340819079e-15,0.3457870576203541,0.399,0.29,3.055965158500011e-11,5,INSIG1,378
1.8042012750732676e-15,0.28225050038511323,0.409,0.286,3.4144509130761587e-11,5,ATP6AP2,379
2.378202292239411e-15,0.28131687098721003,0.381,0.265,4.5007478380630855e-11,5,SELENOS,380
2.4155315719122203e-15,0.30744331753930176,0.323,0.218,4.571393499843877e-11,5,GOLGA7,381
2.996279069249812e-15,0.3313238499831719,0.29,0.193,5.6704581385552687e-11,5,PSMC6,382
3.180535516383546e-15,0.38207318865253787,0.268,0.178,6.01916346475586e-11,5,DEGS1,383
3.3014415047988093e-15,0.2501528747881103,0.449,0.318,6.247978047831746e-11,5,RWDD1,384
4.454754278149132e-15,0.25521783952692356,0.438,0.31,8.430622471397232e-11,5,HNRNPAB,385
4.4778636120193095e-15,0.32873021824022153,0.341,0.237,8.474356885746543e-11,5,PNPLA8,386
5.675622395145773e-15,0.3420354855451847,0.274,0.181,1.0741115382813375e-10,5,NELFE,387
6.1775134428249005e-15,0.28225074384572635,0.347,0.239,1.1690944190546123e-10,5,DERL1,388
7.832809070515409e-15,0.3238924470360189,0.275,0.182,1.4823591165950412e-10,5,EIF4E,389
9.134799146227101e-15,0.3119188696430405,0.314,0.215,1.7287607384234788e-10,5,PPP1R11,390
1.3734900343892186e-14,0.26021342855469065,0.408,0.29,2.599329890081596e-10,5,SNRPD1,391
1.6296967224208668e-14,0.25047631688246463,0.46,0.333,3.0842010471814907e-10,5,SNRPB2,392
2.3564938618340978e-14,0.28457179310172986,0.337,0.232,4.45966463352103e-10,5,DDX39A,393
2.3843799195410824e-14,0.27090177094289425,0.374,0.261,4.5124389977314984e-10,5,EMC7,394
2.5912552366811465e-14,0.3519666340910413,0.265,0.178,4.90395053541907e-10,5,ILK,395
2.7582211141555113e-14,0.2643568282184521,0.286,0.19,5.219933458539305e-10,5,CASP1,396
2.880491102191586e-14,0.3224051682388549,0.278,0.187,5.451329410897577e-10,5,FAM50A,397
3.0507355307401005e-14,0.26052818494513463,0.442,0.317,5.77351699192564e-10,5,CSNK1D,398
3.185441736297853e-14,0.26822290186369036,0.352,0.244,6.028448485943686e-10,5,ICAM2,399
3.268380551827478e-14,0.2864545278272721,0.333,0.23,6.185410194333503e-10,5,JMJD1C,400
3.5943061565020254e-14,0.2543326893527065,0.388,0.271,6.802224401180083e-10,5,MGST3,401
3.828960549341901e-14,0.2702486405566824,0.421,0.303,7.246307839629548e-10,5,DNTTIP2,402
4.594496715133368e-14,0.2522090606106946,0.396,0.282,8.695085033389899e-10,5,CCT8,403
5.245297902603334e-14,0.3218765034940749,0.273,0.185,9.926726280676808e-10,5,SUPT5H,404
6.164067352747385e-14,0.30306607504574257,0.314,0.217,1.1665497465074426e-9,5,METAP2,405
6.783115404490704e-14,0.3327279741193555,0.268,0.181,1.2837045902998658e-9,5,NDEL1,406
7.038329140176871e-14,0.2683602217771721,0.363,0.255,1.3320037897784728e-9,5,CYLD,407
1.1025859838649599e-13,0.3341612684154494,0.269,0.182,2.0866439744644367e-9,5,GRPEL1,408
1.538995595938518e-13,0.276537401847194,0.902,0.595,2.9125491653136455e-9,5,CD3D,409
2.0512133933214324e-13,0.3104208410493258,0.254,0.169,3.881921346860811e-9,5,IER3IP1,410
3.2311766980642097e-13,0.3020074333742494,0.282,0.192,6.115001901086517e-9,5,ABHD14B,411
3.726522207240952e-13,0.26892390902066465,0.351,0.25,7.052443277203502e-9,5,PSMC4,412
4.068598481960305e-13,0.26614327250437075,0.359,0.253,7.699822627109878e-9,5,WBP11,413
4.1252596199999345e-13,0.27797606086139337,0.303,0.208,7.807053830849877e-9,5,OAT,414
4.5220306527231136e-13,0.30616196304245324,0.278,0.19,8.557943010278493e-9,5,DNAJC3,415
5.067207306160574e-13,0.31502951800296913,0.271,0.185,9.589689826908887e-9,5,NIFK,416
6.227779111322493e-13,0.253264428177399,0.264,0.175,1.1786071968177818e-8,5,BCL7C,417
7.143630676549152e-13,0.26598627297103494,0.312,0.216,1.351932105536927e-8,5,UBAC2,418
1.1099703007929065e-12,0.30656187059294954,0.267,0.183,2.1006187942505756e-8,5,SNW1,419
1.3424438812369451e-12,0.30119184401518473,0.262,0.177,2.5405750452409187e-8,5,DUSP11,420
1.3979111214009144e-12,0.3002583846231106,0.277,0.191,2.6455467972512306e-8,5,DNAJB11,421
1.5030677826172097e-12,0.2797989943864311,0.327,0.232,2.8445557786030693e-8,5,STARD7,422
2.243152775518956e-12,0.3419059533631937,0.25,0.171,4.245166627669624e-8,5,POLE3,423
4.4635795269479045e-12,0.28581980805702223,0.253,0.172,8.44732425474891e-8,5,BRAF,424
4.572831477017982e-12,0.26269868115671113,0.349,0.251,8.65408357025653e-8,5,NR1H2,425
5.825802928329901e-12,0.25311050134357027,0.316,0.224,1.1025332041864337e-7,5,MESD,426
8.335965308564278e-12,0.27093092197316593,0.256,0.175,1.5775814346457898e-7,5,ARL2BP,427
8.560973123083708e-12,0.2563997348206799,0.965,0.725,1.6201641635435918e-7,5,CREM,428
9.026721883134144e-12,0.2961929273972419,0.252,0.172,1.7083071163831367e-7,5,KRR1,429
9.709921898925145e-12,0.26686698464732084,0.301,0.213,1.8376027193715837e-7,5,SAR1A,430
3.267101316867695e-11,0.278512506744935,0.273,0.19,6.182989242172113e-7,5,FASLG,431
7.137989868582636e-11,0.25494428061280294,0.292,0.209,1.3508645826292639e-6,5,PSMD2,432
8.388275889500467e-11,0.2750110535258134,0.262,0.184,1.5874812120879634e-6,5,PLEKHB2,433
1.736034083013145e-10,0.25449722298661903,0.26,0.182,3.285444502102377e-6,5,TOB1,434
6.680337562599343e-10,0.261271250324442,0.256,0.183,1.2642538837219256e-5,5,UBE2D1,435
0,0.7831753688407184,0.925,0.785,0,6,DUSP2,1
0,0.5471168218222249,0.973,0.937,0,6,BTG1,2
0,0.44161809243640615,0.998,0.992,0,6,HLA-A,3
0,0.36277766694503466,0.991,0.991,0,6,HLA-C,4
0,0.35312961967921197,1,0.999,0,6,B2M,5
0,0.34438867450702926,1,0.998,0,6,MALAT1,6
2e-323,0.33876120340392113,0.997,0.996,3.7401e-319,6,ACTB,7
6.963786272e-314,0.3637151486093524,0.992,0.991,1.3178965519729e-309,6,TMSB4X,8
3.2195634617401706e-302,0.5771183018796853,0.892,0.892,6.0930238513432725e-298,6,SARAF,9
1.1834628630692387e-298,0.7869085922047736,0.885,0.733,2.239703468358534e-294,6,CREM,10
1.4725724591984937e-292,0.3611334223465903,0.985,0.987,2.7868433790331495e-288,6,PTMA,11
7.46973997402188e-291,0.6079799726521409,0.947,0.813,1.413648290083641e-286,6,IL32,12
1.5013385710600913e-277,0.33000873620157556,0.988,0.994,2.8412832457312228e-273,6,HLA-B,13
9.277889089860518e-266,0.3760948961845756,0.962,0.974,1.755840510256103e-261,6,H3F3B,14
1.6203537677428502e-260,0.4287002272017948,0.965,0.934,3.066519505453344e-256,6,SRGN,15
2.809095379958812e-238,0.4354886175456967,0.935,0.941,5.316213006572052e-234,6,HSPA8,16
4.839458375869915e-238,0.6297657487251596,0.889,0.78,9.158674976333815e-234,6,CCL5,17
6.023905028822667e-234,0.6833801387382703,0.867,0.752,1.1400240267046898e-229,6,CXCR4,18
1.082711219264896e-230,0.48732912227950553,0.86,0.891,2.0490309824588156e-226,6,PTPRC,19
2.0726239359914915e-224,0.5987509587381066,0.869,0.833,3.922440798863898e-220,6,ZFP36L2,20
8.436974433323939e-222,0.42246942438905855,0.88,0.924,1.5966974115065555e-217,6,ARHGDIB,21
1.9462534232068434e-221,0.2512152976908961,0.997,0.997,3.6832846034189514e-217,6,EEF1A1,22
3.966369724378458e-220,0.2580931461761571,0.996,0.996,7.506354703386232e-216,6,MT-CO1,23
5.602880106306442e-218,0.3208960068023443,0.976,0.985,1.060345060118494e-213,6,EIF1,24
1.630638400636969e-216,0.332800208461419,0.945,0.97,3.0859831732054633e-212,6,PFN1,25
6.7335071205925774e-211,0.41900584937619545,0.88,0.923,1.2743162225721452e-206,6,CALM1,26
1.0175847528891127e-179,1.044828335322014,0.677,0.47,1.9257791448426457e-175,6,CD8A,27
5.186331941516377e-177,0.34674440767102643,0.911,0.935,9.815133199319743e-173,6,UBC,28
1.7532646290227983e-171,0.3498147584279936,0.882,0.94,3.318053310425646e-167,6,GAPDH,29
4.734630982355672e-171,0.2939766693221477,0.895,0.96,8.960289134108108e-167,6,HLA-E,30
1.9881103550636102e-159,0.4991239075248286,0.844,0.798,3.762498846957882e-155,6,CST7,31
1.0233656971917963e-143,0.5003012787741539,0.83,0.821,1.9367195819354744e-139,6,ZFP36,32
1.345210542123351e-136,0.6044798637688156,0.766,0.721,2.5458109509684417e-132,6,NR4A2,33
4.1917780605460716e-135,0.49484281299093036,0.785,0.748,7.93293997958344e-131,6,CD3E,34
7.420451919675225e-133,0.32739484882400793,0.863,0.929,1.4043205257985363e-128,6,MT-ATP8,35
6.33469489568349e-130,0.4122776784250055,0.82,0.891,1.1988410090081006e-125,6,HSP90AA1,36
1.4648839497518577e-127,0.3724209407033068,0.88,0.896,2.7722928749053907e-123,6,CD74,37
1.321735172750487e-109,0.32626293544252505,0.844,0.886,2.5013838144302967e-105,6,IFITM1,38
2.997278202407402e-104,1.192900846350837,0.535,0.384,5.672348998056008e-100,6,RGS1,39
4.2252877611548374e-91,0.3582249736890293,0.755,0.839,7.99635708798553e-87,6,HSP90AB1,40
4.228014439134931e-91,0.9826352141530332,0.557,0.479,8.001517326062857e-87,6,TENT5C,41
5.296342263821578e-89,0.6090730986962343,0.654,0.616,1.0023327734282336e-84,6,CD3D,42
3.815643663209588e-85,0.7399816191880397,0.611,0.594,7.221105632624145e-81,6,LEPROTL1,43
1.2141219196512365e-82,0.397669246418884,0.799,0.762,2.297725732939965e-78,6,NKG7,44
9.225971738080873e-71,0.4306381227795337,0.667,0.759,1.746015151431805e-66,6,SRSF7,45
7.231511879868946e-69,0.614166663996071,0.6,0.622,1.3685636232651979e-64,6,FYN,46
4.9254844238271034e-64,0.4028244304275903,0.649,0.771,9.321479272092794e-60,6,YWHAB,47
2.295629645713412e-61,0.589012767218823,0.632,0.628,4.3444791045126323e-57,6,DNAJB1,48
2.3265372322268696e-61,0.25560121882648934,0.698,0.839,4.4029717119893507e-57,6,CORO1A,49
5.664748742007736e-61,0.6889154780759852,0.568,0.541,1.072053699424964e-56,6,ZNF331,50
1.0755005992448159e-60,0.6768861376154409,0.589,0.583,2.0353848840708141e-56,6,TUBA4A,51
2.5229386673604644e-57,0.48479979449334953,0.628,0.672,4.774661427979679e-53,6,EZR,52
7.350391831212007e-57,0.49840624540824674,0.605,0.676,1.3910616540568723e-52,6,SFPQ,53
1.0448938598206133e-56,0.29979139933365184,0.692,0.809,1.977461629710511e-52,6,PTPRCAP,54
5.437879783068274e-52,0.48788461669501215,0.61,0.638,1.0291187489456709e-47,6,TNFAIP3,55
3.742473100811508e-49,0.48944579183477854,0.605,0.65,7.082630343285779e-45,6,YPEL5,56
4.2923391913368344e-49,0.7455464197901471,0.513,0.488,8.12325191960496e-45,6,COTL1,57
2.034948887090474e-47,0.6443717401333502,0.54,0.538,3.851140768818722e-43,6,PIK3R1,58
4.0342523276593885e-47,0.3230255801074473,0.677,0.725,7.634822530095393e-43,6,GZMA,59
1.4293638069420934e-46,0.46708573863552205,0.606,0.679,2.7050710046379118e-42,6,RARRES3,60
2.783517208191154e-44,1.4840365234020756,0.278,0.167,5.267806316501759e-40,6,DUSP4,61
1.1618106358443509e-42,0.8706203708503344,0.463,0.419,2.198726628335434e-38,6,ITM2A,62
9.791481281302586e-42,0.4322388366189833,0.585,0.695,1.8530378324865145e-37,6,CALR,63
3.192608685456652e-41,0.2925374296580663,0.631,0.777,6.042011937226714e-37,6,CALM2,64
2.0138320815293337e-39,0.8095493805264706,0.462,0.432,3.811177214294264e-35,6,CEMIP2,65
1.558905700012886e-38,1.4638772922496552,0.269,0.169,2.9502290372743866e-34,6,PDCD1,66
3.473638796098071e-38,0.39935834789229974,0.597,0.698,6.573861421615599e-34,6,SELENOK,67
2.486444877101371e-37,0.5453474453760516,0.551,0.533,4.705596929914345e-33,6,GZMK,68
2.331045198628766e-31,0.5908344946215296,0.495,0.52,4.41150303840494e-27,6,SYTL3,69
6.510872807209956e-30,0.5176075664345285,0.53,0.507,1.2321826787644843e-25,6,HLA-DRB1,70
1.0795708211421837e-29,0.39990229642242436,0.579,0.673,2.0430877790115827e-25,6,DNAJA1,71
4.347540175163854e-28,0.32020061079480167,0.574,0.711,8.227719781497594e-24,6,LCP1,72
5.257118617664504e-27,0.6093895857425093,0.482,0.533,9.949096983930074e-23,6,STK17B,73
1.433985043172446e-26,0.7380662550326342,0.439,0.441,2.713816694203854e-22,6,ATP1B3,74
2.0778212035526915e-26,1.1405339893339828,0.328,0.271,3.932276627723469e-22,6,SRRT,75
3.25787928061968e-24,0.2955452177119775,0.592,0.72,6.165536538572744e-20,6,HSPE1,76
1.7868295503442707e-23,0.520558906810896,0.499,0.561,3.3815749240265324e-19,6,HSPD1,77
4.927535034562719e-23,0.26941557012154815,0.569,0.726,9.325360052909947e-19,6,NCL,78
6.968958236447944e-23,0.2539318700699713,0.637,0.754,1.3188753462477734e-18,6,JUNB,79
1.5729347289886037e-22,0.7941027902437772,0.408,0.413,2.9767789746109325e-18,6,GSPT1,80
1.5532167432544127e-21,0.45527522976461743,0.495,0.563,2.939462686608976e-17,6,SH2D2A,81
2.9475466972043124e-21,0.4224173712438879,0.51,0.601,5.578232124459161e-17,6,FYB1,82
3.404144543479132e-21,0.5705748274409732,0.47,0.465,6.442343548534257e-17,6,RGCC,83
4.7443369390315885e-21,0.547487107652811,0.475,0.548,8.978657657117281e-17,6,MYH9,84
6.023918491469262e-21,0.47032492511726165,0.49,0.556,1.1400265745105578e-16,6,VPS37B,85
4.727760463071006e-20,0.5805149963285232,0.455,0.503,8.947286676361879e-16,6,ETS1,86
2.4361804341238937e-18,0.36590312786379897,0.523,0.63,4.610471471579469e-14,6,IRF1,87
5.0260139275462245e-18,0.368506944342998,0.509,0.602,9.51173135788123e-14,6,FAM177A1,88
2.2190830326760154e-17,0.8055128143059114,0.364,0.353,4.199614639339359e-13,6,RNF19A,89
4.555871372758279e-17,0.44093852863189653,0.477,0.512,8.621986572945043e-13,6,HLA-DPB1,90
7.535382815407162e-16,0.4515786426142565,0.473,0.572,1.4260711978158054e-11,6,WIPF1,91
3.573645253852162e-15,0.3313633612070044,0.516,0.654,6.763123642915216e-11,6,PSMB9,92
3.56865450508128e-14,0.3005696079606701,0.585,0.625,6.753678650866322e-10,6,CCL4,93
7.256236186831133e-14,0.4076658650836391,0.469,0.569,1.373242698357792e-9,6,PDCD4,94
8.560517859167375e-14,0.7288485848400588,0.316,0.277,1.6200780048474257e-9,6,HLA-DQA1,95
4.3933155993499895e-13,0.4096028622701513,0.473,0.568,8.314349771769856e-9,6,DYNLL1,96
7.191477636531437e-13,0.8750292127711867,0.311,0.292,1.3609871427135746e-8,6,TSPYL2,97
3.529344560542538e-12,0.293379041590367,0.506,0.645,6.679284580826753e-8,6,PSME2,98
2.629899925393058e-11,0.2888419227941186,0.498,0.643,4.977085608806362e-7,6,DDX24,99
7.144486577212128e-11,0.5366146404626235,0.391,0.422,1.3520940847373954e-6,6,DUSP5,100
1.306978778912071e-10,0.31173701027594936,0.514,0.617,2.4734573390910942e-6,6,TSC22D3,101
1.9741662784502964e-10,0.49327008074276657,0.432,0.518,3.7361096819671862e-6,6,STK4,102
4.899418751334034e-10,0.3253952754516263,0.48,0.614,9.272149986899659e-6,6,BRD2,103
1.1571407252150916e-9,0.7121637819626974,0.333,0.34,2.189888822469561e-5,6,STAT1,104
1.4274168794523497e-9,0.8246633605056446,0.28,0.266,2.701386444363572e-5,6,TIGIT,105
1.4899586132075338e-9,0.28375398137938657,0.491,0.641,2.8197466754952578e-5,6,FUS,106
3.930616433442287e-9,0.4341094693927676,0.424,0.509,7.438691600289528e-5,6,LCK,107
5.970212634762176e-9,0.34796956855206407,0.465,0.598,1.1298627411287417e-4,6,SOD1,108
1.667071906318164e-8,0.6375969506323671,0.357,0.397,3.1549335827071255e-4,6,PTPN22,109
4.032059378663626e-8,0.3165840051915061,0.464,0.578,7.630672374120913e-4,6,ISG20,110
6.383511319628181e-8,0.8008268347350385,0.275,0.266,0.0012080795172396332,6,CYTOR,111
7.53583343484068e-8,0.6084663186834729,0.295,0.285,0.0014261564775435989,6,CD8B,112
2.0022821840827171e-7,0.7131662051936238,0.331,0.359,0.003789319033376542,6,ISG15,113
2.1489748457995176e-7,0.4329967904147982,0.411,0.506,0.004066934895675587,6,TNFRSF1B,114
2.3740978189147193e-7,0.35222007080414697,0.447,0.569,0.004492980122296106,6,ELF1,115
2.528668510694635e-7,0.6634729677573807,0.336,0.373,0.004785505156489597,6,USP36,116
3.053032175502258e-7,0.4141078105574656,0.431,0.554,0.005777863392138024,6,UBE2B,117
4.5330792850655633e-7,0.849663094686397,0.271,0.272,0.008578852546986579,6,NAA50,118
1.0831391273160007e-6,0.36998879322913103,0.452,0.554,0.020498407984455312,6,SAT1,119
3.130694598112862e-6,0.7916394725805773,0.257,0.254,0.059248395269285915,6,ITK,120
3.4893570015108157e-6,0.49488964991529794,0.377,0.447,0.06603608125359219,6,LBH,121
4.239453572525545e-6,0.6651847762197434,0.307,0.331,0.08023165886004595,6,CLEC2D,122
4.510751613990396e-6,0.6133857707752308,0.333,0.374,0.08536597429476823,6,RNF125,123
6.336873031971935e-6,0.6921029974467641,0.313,0.345,0.11992532213006887,6,NSMCE3,124
7.356163066391739e-6,0.5820857190985522,0.338,0.385,0.13921538603146366,6,PRKCH,125
9.901286774188017e-6,0.2825364712685299,0.455,0.609,0.18738185220150821,6,NDUFS5,126
1.2191759231951868e-5,0.49332964219664444,0.365,0.412,0.23072904346468912,6,HSPH1,127
3.7656780312966626e-5,0.6295125021791155,0.328,0.377,0.7126545674228933,6,ITGA4,128
4.595201806089146e-5,0.5248937205042876,0.347,0.397,0.869641941802371,6,UBE2S,129
2.916069045812056e-4,0.7229040649183203,0.26,0.274,1,6,LYST,130
0.001921426805690772,0.6646685443981695,0.272,0.302,1,6,ZBTB1,131
0.0028707284837327742,0.6320114235381498,0.266,0.293,1,6,CBLB,132
0.001114924878682389,0.6085519506160577,0.255,0.267,1,6,CXCR6,133
0.0011544739442510845,0.5878575570160853,0.308,0.356,1,6,AC016831.7,134
0.006092472350108491,0.5563008640831311,0.323,0.393,1,6,JPT1,135
0.0019278361249018229,0.46066854290978365,0.337,0.403,1,6,RHOH,136
1.848696645775066e-4,0.44654532325117846,0.372,0.46,1,6,SLC38A1,137
0.0037588034078048435,0.3765007938730409,0.344,0.413,1,6,CD3G,138
0.0021180651552666196,0.37504002693007665,0.382,0.493,1,6,AKAP13,139
0.0010900375646962057,0.3580516566743501,0.394,0.505,1,6,NR3C1,140
0.003875987451068747,0.342517887978091,0.193,0.276,1,6,PPM1G,141
0.003350970346062277,0.33595253709946293,0.186,0.265,1,6,TAF15,142
0.005530621194594225,0.3333170891633439,0.389,0.511,1,6,EML4,143
0.005116974144200171,0.33186897626083445,0.203,0.29,1,6,PPP1R12A,144
0.005828795680911034,0.3208742894350127,0.403,0.546,1,6,MSN,145
5.458749645283137e-4,0.32024634328464563,0.201,0.299,1,6,M6PR,146
6.742076195593545e-4,0.3184361553644406,0.198,0.293,1,6,DYNLT1,147
5.569655005631738e-4,0.31150193508663515,0.171,0.25,1,6,RPP21,148
5.94846966864884e-4,0.3034972155948926,0.182,0.266,1,6,RABGAP1L,149
3.343074361536345e-4,0.2972570607834435,0.175,0.257,1,6,RER1,150
0.0071564743020101655,0.29648871135112653,0.237,0.342,1,6,HP1BP3,151
1.8654572679116144e-4,0.2902330013333111,0.17,0.254,1,6,MTHFD2,152
4.4650011873857747e-4,0.2877535174539887,0.185,0.271,1,6,DYNC1H1,153
1.1047256445568099e-4,0.28723784451574363,0.168,0.253,1,6,HBP1,154
9.117314313498562e-5,0.2872076767360151,0.18,0.272,1,6,NRBP1,155
0.0027172215246017042,0.2864971616368086,0.417,0.567,1,6,HNRNPU,156
0.0031059782628576203,0.2823954116567209,0.419,0.574,1,6,EIF4G2,157
1.642789359109449e-4,0.2823260807605914,0.193,0.291,1,6,MLF2,158
0.0014329307405062254,0.2788980549060063,0.179,0.257,1,6,CKS2,159
6.391433310185976e-5,0.2776735441221321,0.184,0.28,1,6,ARIH2,160
0.005340955923488032,0.2743599079597143,0.241,0.351,1,6,SH3KBP1,161
6.958920481563846e-4,0.27264263240012676,0.434,0.534,1,6,KLF6,162
9.830324912512257e-4,0.26671179802404743,0.215,0.318,1,6,CYTH1,163
0.002976310984003177,0.26565949219644547,0.219,0.318,1,6,PITPNC1,164
6.598802008151129e-4,0.26258902234716563,0.193,0.282,1,6,NAMPT,165
2.2869140126614523e-4,0.2618124806557204,0.17,0.252,1,6,DDX3Y,166
0.0011773286310813398,0.26105006709448175,0.202,0.295,1,6,EMB,167
8.611602838751576e-4,0.25964408415585694,0.22,0.327,1,6,PPP1CB,168
0.009533201580010883,0.25747739631882016,0.229,0.326,1,6,RALGAPA1,169
0.003078904100647002,0.2512021273032412,0.248,0.366,1,6,NCOR1,170
3.476773866229288e-264,1.3592259847341932,0.825,0.409,6.579794541838927e-260,7,CEMIP2,1
5.421057759772873e-214,0.5639603630171708,0.99,0.883,1.0259351810370162e-209,7,PTPRC,2
2.214851717534423e-174,1.2292750081216022,0.722,0.374,4.1916068754338954e-170,7,PTPN22,3
3.9402174975729435e-166,1.2940472363136877,0.668,0.334,7.456861614156795e-162,7,RNF19A,4
1.9291382190238798e-154,1.0641374131209025,0.755,0.434,3.650894079502693e-150,7,SLC38A1,5
1.1131150601503468e-132,1.5468895572904091,0.425,0.159,2.1065702513345314e-128,7,DUSP4,6
4.5480706882849347e-128,1.137263702355176,0.653,0.355,8.607223777579239e-124,7,ITGA4,7
1.3491259937869093e-127,0.9346259911410413,0.78,0.501,2.5532209432417258e-123,7,SYTL3,8
2.3304485778809682e-119,0.8803595840199847,0.759,0.483,4.410373933639733e-115,7,TNFRSF1B,9
1.5361340559177615e-118,1.1198869788635355,0.637,0.353,2.9071337008243637e-114,7,RANBP2,10
2.1534402892730637e-117,0.903767356486203,0.766,0.485,4.075385747449273e-113,7,EML4,11
8.172660760734399e-114,1.207201031017648,0.583,0.303,1.546676048968985e-109,7,RALGAPA1,12
1.0758093641544982e-110,0.6906274817720424,0.874,0.621,2.035969221662388e-106,7,TNFAIP3,13
5.2919534688918975e-109,1.2672760865523838,0.485,0.219,1.0015021939877916e-104,7,PPP1R16B,14
1.915116450194658e-108,0.6964430639967683,0.856,0.642,3.6243578819933903e-104,7,HSPA5,15
1.1445814077492873e-107,0.8309630988973451,0.777,0.504,2.1661203141655264e-103,7,RNF213,16
8.264115614378827e-107,1.1694729529220687,0.553,0.283,1.563983880021193e-102,7,B4GALT1,17
1.3262628273301906e-105,1.0077791964589053,0.633,0.354,2.509952400722386e-101,7,RNF125,18
6.621945559748025e-103,1.6861328700338132,0.311,0.109,1.2532031971823138e-98,7,TNFRSF9,19
3.5605730959707326e-102,1.3834594470515618,0.422,0.18,6.738384584124612e-98,7,RFTN1,20
1.5899129862256433e-98,1.4479290459005434,0.352,0.134,3.00891032643203e-94,7,GGA2,21
4.913442611239128e-95,1.2334588201688566,0.492,0.246,9.298690141770049e-91,7,MACF1,22
1.0643328930605115e-94,1.0512009191227394,0.562,0.305,2.014250000117018e-90,7,SMARCA5,23
3.9973258609046795e-94,1.1423208697396776,0.493,0.238,7.564939191762106e-90,7,PLEKHA2,24
6.451380651132215e-92,1.0644046568604337,0.567,0.311,1.2209237882267718e-87,7,CDK17,25
4.0282569226616086e-91,0.9451973386649577,0.617,0.365,7.623476226137094e-87,7,DDX6,26
4.482540940648515e-90,0.8072374081258973,0.708,0.471,8.483208730177315e-86,7,AKAP13,27
1.892106101905744e-88,0.7444609282622641,0.753,0.524,3.5808107978566203e-84,7,PIK3R1,28
2.0303238476357662e-85,1.0480499620446428,0.529,0.285,3.8423878816506877e-81,7,ZBTB1,29
2.2547055601650794e-85,1.1305792226256202,0.485,0.243,4.267030272612413e-81,7,ARAP2,30
5.181219555713154e-84,0.5427018919747391,0.862,0.691,9.805458009187145e-80,7,LCP1,31
5.403991420419339e-84,1.0327396639269957,0.527,0.278,1.02270537631436e-79,7,KIAA1551,32
1.65130563786116e-83,1.286596562913281,0.387,0.171,3.1250959196522456e-79,7,ATP8A1,33
3.888474882351538e-83,1.2513649374837807,0.38,0.163,7.358938714850286e-79,7,PDCD1,34
8.527859198509197e-83,1.4839126168933272,0.315,0.124,1.6138973533178656e-78,7,ASXL2,35
1.640158656831271e-80,0.9239981704948739,0.625,0.394,3.1040002580531806e-76,7,STAT4,36
7.564151846903601e-78,0.8853974896567056,0.597,0.359,1.4315157370265065e-73,7,NR4A3,37
2.8284138351591102e-77,0.9541104461885754,0.57,0.339,5.352773183038616e-73,7,AC016831.7,38
7.572719035960981e-77,0.677718737445498,0.735,0.517,1.4331370775556155e-72,7,STK17B,39
1.260989814408597e-75,0.8560395092374049,0.629,0.398,2.38642322376827e-71,7,IQGAP1,40
1.8655881580102954e-74,1.0884636818556976,0.457,0.233,3.530625589034484e-70,7,DDX3Y,41
3.4804157830888994e-73,0.8257146711637966,0.624,0.39,6.586686869495742e-69,7,DDX17,42
1.6360630387842266e-72,1.3806648071272907,0.318,0.134,3.096249300899149e-68,7,ENC1,43
1.6967422020405318e-72,0.9834280319276074,0.536,0.311,3.2110846173617066e-68,7,ZEB2,44
2.357692427205013e-72,0.6977351277443877,0.706,0.47,4.461932918485487e-68,7,TENT5C,45
1.642471912079652e-70,0.9720247504212662,0.534,0.308,3.108378093610741e-66,7,SLC38A2,46
1.0486155166891616e-69,0.8826407728362087,0.588,0.365,1.984504865334238e-65,7,CD96,47
6.826382756451829e-69,1.1313076004119318,0.444,0.24,1.2918929366585086e-64,7,LNPEP,48
1.9436418186332317e-68,0.7753683570779033,0.653,0.427,3.678342141763391e-64,7,ATP1B3,49
2.464300874344093e-68,1.0285421995153623,0.498,0.286,4.663689404696196e-64,7,SYNE2,50
4.098895805320066e-68,0.5187859203761809,0.845,0.658,7.757160311568225e-64,7,EZR,51
4.3700996825797515e-68,1.1282723966819972,0.428,0.223,8.27041364928218e-64,7,VPS13C,52
8.525788053051272e-68,0.7015023598252141,0.687,0.485,1.6135053890399532e-63,7,NR3C1,53
8.36593477078011e-67,0.8577713011497237,0.588,0.378,1.5832531553701357e-62,7,CHD1,54
9.827823247168613e-67,0.9882245806110146,0.496,0.278,1.85991554952666e-62,7,CBLB,55
1.8081306097478759e-66,1.0914973836082709,0.434,0.229,3.421887178947855e-62,7,GPCPD1,56
2.014024208155403e-66,1.042850536826181,0.449,0.24,3.8115408139341003e-62,7,NUP98,57
3.146727163585996e-65,0.853334474507977,0.567,0.343,5.955181157086497e-61,7,CNOT6L,58
3.2838688701324595e-65,0.9472882791410753,0.491,0.274,6.21472183672568e-61,7,SPTAN1,59
4.079301111012821e-65,0.6631121432122504,0.712,0.499,7.720077352591764e-61,7,STK4,60
6.322533573157289e-65,0.8924445413226061,0.532,0.325,1.1965394787200169e-60,7,CCND2,61
6.898739087087513e-64,0.9924995736566014,0.458,0.25,1.3055863722313118e-59,7,PDE4D,62
3.1751588482953497e-63,0.8204850978710474,0.564,0.351,6.008988120398949e-59,7,SLA,63
4.447797624663719e-63,0.6612532866961569,0.728,0.523,8.417457004676088e-59,7,CD44,64
1.0356673360279256e-62,1.0020611266567494,0.468,0.264,1.960000433432849e-58,7,UTRN,65
2.980724955193302e-62,0.9978931791242057,0.426,0.223,5.641021977703324e-58,7,IKZF3,66
2.2417361808589305e-61,1.2767545183217286,0.347,0.17,4.242485722275526e-57,7,GOLGB1,67
5.412461728566929e-61,0.8164050558508609,0.562,0.351,1.0243083821312912e-56,7,SKIL,68
7.099763144823664e-61,0.5864417650834062,0.728,0.553,1.3436301751578785e-56,7,EIF4G2,69
1.3865729619999645e-60,1.2545307721449899,0.303,0.135,2.624089330584933e-56,7,MSL2,70
2.9815955217897863e-60,0.9061533252157667,0.523,0.325,5.6426695249871705e-56,7,CANX,71
4.3257629499765296e-60,1.133276188868781,0.368,0.185,8.186506382830582e-56,7,RNF168,72
1.8915852862981126e-59,1.0025458838580135,0.425,0.229,3.579825154319178e-55,7,WNK1,73
2.748766318294094e-59,0.9778346909837801,0.434,0.232,5.202040257371573e-55,7,SEMA4D,74
1.0778186219436825e-58,1.070827477442938,0.392,0.205,2.039771742028419e-54,7,IL21R,75
2.166848476141483e-58,0.8580571387098905,0.524,0.316,4.100760741097757e-54,7,CLEC2D,76
2.2508755299610106e-58,0.5968098563030351,0.751,0.529,4.2597819404512127e-54,7,ZNF331,77
2.546958360885111e-58,0.610121482263994,0.729,0.534,4.820118697975072e-54,7,MBNL1,78
2.81426391937409e-58,1.090555759211831,0.396,0.211,5.325994467415465e-54,7,LBR,79
4.2677573900416945e-58,0.8886256392786529,0.503,0.301,8.076730860653906e-54,7,SLC7A5,80
4.433476797927319e-58,1.085550970446027,0.4,0.213,8.390354840077451e-54,7,NIPBL,81
1.6525153061334396e-57,1.3584414220382102,0.269,0.116,3.1273852168575343e-53,7,SUCO,82
1.6858950294340132e-57,1.209045046329705,0.318,0.149,3.1905563432038697e-53,7,CRTAM,83
1.692948475313133e-57,1.3702603163450209,0.279,0.123,3.203904989530104e-53,7,AHI1,84
6.055125104224144e-57,1.388840975812441,0.256,0.109,1.1459324259744194e-52,7,IRF4,85
1.1466521048148477e-56,0.6159539609484321,0.714,0.538,2.1700391083620995e-52,7,PRRC2C,86
3.489072757392824e-56,0.7446794786705067,0.601,0.4,6.60307019336592e-52,7,FNBP1,87
4.149933650159181e-56,0.7453196517634757,0.6,0.403,7.85374943292625e-52,7,IDS,88
9.39252159997493e-56,0.6050732064767392,0.694,0.487,1.7775347127952557e-51,7,ETS1,89
1.1208846890414895e-55,0.7626853574298249,0.575,0.37,2.1212742740110188e-51,7,PRKCH,90
2.1027180756604475e-55,0.727778282560368,0.609,0.411,3.9793939581873966e-51,7,ARID4B,91
8.515968152806722e-55,1.300533564488306,0.284,0.129,1.6116469729186723e-50,7,CYP20A1,92
1.1715058357246624e-54,0.9662103346690974,0.415,0.227,2.2170747941089237e-50,7,PRPF8,93
1.1794653608343342e-54,1.0757940084818567,0.347,0.172,2.2321381953789773e-50,7,NIN,94
1.643552966641164e-54,0.6286943115328998,0.702,0.471,3.110423989368403e-50,7,CD8A,95
2.9901971027730694e-54,0.7644713751307484,0.561,0.358,5.658948016998034e-50,7,USP36,96
3.392603715465927e-54,0.8130469499326269,0.549,0.35,6.420502531519267e-50,7,SERINC1,97
9.194921830041368e-54,0.7980625124838585,0.555,0.363,1.7401389563353287e-49,7,SMCHD1,98
1.4504690540266834e-53,1.2117521382091072,0.289,0.132,2.7450126847454985e-49,7,HUWE1,99
5.913013779329069e-53,0.8353760374316774,0.556,0.368,1.1190378577380263e-48,7,PTGER4,100
7.233499668961867e-53,1.1463044773844904,0.346,0.179,1.3689398123510333e-48,7,HECTD1,101
8.249787935494603e-53,1.1501239665134753,0.339,0.173,1.5612723667923536e-48,7,SACM1L,102
1.1218254163203955e-52,1.070132988107447,0.365,0.19,2.1230546003863486e-48,7,PHF3,103
1.4380117864041229e-52,0.7235029420875778,0.605,0.435,2.7214373057698025e-48,7,PDE4B,104
1.720234859770181e-52,1.1014343501570028,0.33,0.162,3.255544472115068e-48,7,ICOS,105
2.811643433080646e-52,0.43552694408141956,0.888,0.714,5.321035197105123e-48,7,NR4A2,106
3.565130999063332e-52,0.4127660833395561,0.895,0.743,6.747010415727355e-48,7,SRSF7,107
3.903841762604201e-52,1.249186270396463,0.257,0.111,7.38802053572845e-48,7,ARFGEF1,108
7.724552489154757e-52,0.5148151246498909,0.798,0.61,1.4618715585725377e-47,7,FYN,109
1.253800783321173e-51,0.8959270609406034,0.463,0.277,2.3728179824353197e-47,7,EMB,110
2.4723241283847735e-51,0.8782960390593995,0.476,0.282,4.678873412968183e-47,7,TSPYL2,111
3.96247845461531e-51,1.1022237569367181,0.336,0.17,7.498990475359474e-47,7,TM9SF3,112
6.752458906399002e-51,0.8040366186839465,0.541,0.354,1.277902848036011e-46,7,SRPRA,113
7.425622073656597e-51,0.8699146007812344,0.449,0.261,1.4052989774395111e-46,7,NAA50,114
8.151329769851355e-51,1.2645380253667897,0.267,0.12,1.542639158944369e-46,7,FAM118A,115
1.2605429070553377e-50,0.9596164194723191,0.447,0.269,2.3855774516022267e-46,7,AOAH,116
3.047682200578658e-50,0.7522612748502484,0.54,0.348,5.76773856459511e-46,7,TLN1,117
5.576383199521377e-50,1.1318453512335545,0.318,0.159,1.0553305205094206e-45,7,CEP350,118
5.958109987441544e-50,1.3230951556909136,0.253,0.113,1.1275723151233122e-45,7,CYP51A1,119
7.279388586427044e-50,1.1875763350963393,0.328,0.169,1.3776242899813182e-45,7,BRAF,120
1.2188845561686564e-49,0.8880819289041719,0.446,0.262,2.3067390225491824e-45,7,LYST,121
4.357118216676975e-49,1.2643150256655433,0.251,0.112,8.245846225061176e-45,7,KAT6A,122
6.032582960673556e-49,1.0645668151754548,0.362,0.195,1.1416663253074705e-44,7,HCG18,123
3.164013795384775e-48,1.0648453875330561,0.336,0.174,5.987896107765687e-44,7,BIRC6,124
3.7614904936822886e-48,1.0105989179040615,0.366,0.198,7.118620759293731e-44,7,ATP2B4,125
5.715566411557186e-48,0.5832316823239871,0.726,0.554,1.0816709433871974e-43,7,ADGRE5,126
1.1398798895531176e-47,0.9331520653154535,0.389,0.214,2.157222690979275e-43,7,GLS,127
1.4427418822288963e-47,1.084605954336807,0.348,0.189,2.7303890121181864e-43,7,P2RY8,128
6.412487431396739e-47,0.9980389114539779,0.362,0.196,1.2135632463918328e-42,7,TGFBR2,129
7.450747275998492e-47,1.1046658522917943,0.295,0.144,1.4100539219827146e-42,7,IGF2R,130
1.1840740350265262e-46,0.7155853651411528,0.569,0.387,2.240860111287701e-42,7,SF3B1,131
1.2337303920859936e-46,0.6518992413859439,0.6,0.411,2.334834767022743e-42,7,ITM2A,132
1.3575537621690488e-46,0.8838756709695665,0.42,0.243,2.5691704949049247e-42,7,ITK,133
2.0976566856569762e-46,1.0134210408072395,0.375,0.21,3.969815277605827e-42,7,CCNT1,134
2.347134257916413e-46,0.4087174895002086,0.925,0.749,4.4419515831068114e-42,7,CXCR4,135
1.1809109473454355e-45,0.7135679778270874,0.551,0.363,2.2348739678512365e-41,7,RAB8B,136
1.6498036061635998e-45,1.1487501100507251,0.283,0.138,3.1222533246646124e-41,7,TRAPPC10,137
1.690148874326993e-45,0.6840065135523594,0.57,0.385,3.1986067446638343e-41,7,AKNA,138
2.954751838061176e-45,0.832684211085591,0.459,0.283,5.591867853530776e-41,7,DOCK8,139
5.203406284935554e-45,0.9661787882138091,0.332,0.173,9.847446394240536e-41,7,TOX,140
7.586368466990505e-45,1.0098085031459387,0.361,0.202,1.435720232377953e-40,7,FBXO34,141
1.0256600811618702e-44,1.1652806045978945,0.296,0.151,1.9410617035988393e-40,7,TRPC4AP,142
1.1315728316693143e-44,0.8539689871334262,0.46,0.286,2.1415015839341775e-40,7,IFRD1,143
1.489905056868125e-44,0.6921025716653249,0.549,0.366,2.8196453201229263e-40,7,STAT3,144
1.1567303282184112e-43,0.8037726507608574,0.439,0.264,2.1891121461533432e-39,7,SRRT,145
4.3981328650667786e-43,0.9290504055787893,0.396,0.235,8.323466447138879e-39,7,GPRIN3,146
7.003172071516272e-43,1.2745461886501153,0.254,0.122,1.3253503145344545e-38,7,CCDC93,147
7.066108347106327e-43,0.4928912396680394,0.757,0.613,1.3372610046898724e-38,7,PDIA3,148
9.007645592391379e-43,1.0052920432609023,0.357,0.205,1.7046969283600684e-38,7,GOLGA4,149
2.3500704037338045e-42,1.179524371832052,0.269,0.133,4.447508239066225e-38,7,SEL1L,150
2.393377314669387e-42,0.7274311609936575,0.529,0.353,4.529466568011815e-38,7,SURF4,151
5.41031209554256e-42,0.8784914990873143,0.408,0.244,1.0239015640814294e-37,7,PAFAH1B1,152
9.234373331344012e-42,1.1834434563174543,0.26,0.127,1.7476051529568543e-37,7,LRBA,153
3.582101003633918e-41,0.6127947934905025,0.578,0.402,6.77912614937719e-37,7,GSPT1,154
5.452521644781485e-41,0.6642788232228127,0.527,0.349,1.031889721274896e-36,7,CDKN1B,155
6.012386067549038e-41,0.5275809278168584,0.739,0.581,1.1378440632836554e-36,7,SLC2A3,156
6.756861128450718e-41,0.4931743357631704,0.75,0.579,1.2787359685592983e-36,7,REL,157
7.559001389314429e-41,0.8460433636217992,0.42,0.255,1.4305410129277557e-36,7,DYNC1H1,158
7.833133142015395e-41,1.094335247301866,0.284,0.146,1.4824204471264135e-36,7,SETX,159
8.8527935397407e-41,0.9069273194425302,0.381,0.223,1.6753911773959273e-36,7,GLG1,160
1.1823122793908257e-40,1.0073065010012112,0.328,0.18,2.2375259887471377e-36,7,DOCK10,161
1.3286445345179e-40,0.9051656619430091,0.383,0.225,2.5144597815751255e-36,7,APOL6,162
1.4210572816176517e-40,1.023502967343011,0.315,0.17,2.6893509054614058e-36,7,CLTC,163
1.4871682959517055e-40,1.1114270921386529,0.262,0.129,2.8144660000886026e-36,7,F2R,164
4.403263477831357e-40,0.8222816141532157,0.395,0.232,8.333176131795842e-36,7,JOSD1,165
5.353945341878954e-40,0.4888250006143622,0.696,0.533,1.0132341559505921e-35,7,MYH9,166
7.30104641444567e-40,0.6807921395649654,0.521,0.351,1.381723033933843e-35,7,MATR3-1,167
7.866169059348352e-40,0.8753840434837777,0.365,0.208,1.4886724944816756e-35,7,PTBP3,168
1.1495247903436528e-39,1.075163515984841,0.303,0.165,2.175475665725363e-35,7,FRYL,169
1.4752930360985466e-39,1.0370356375832142,0.262,0.129,2.7919920708164997e-35,7,SLFN12L,170
3.481133229530888e-39,0.6029816817656697,0.613,0.444,6.588044636887206e-35,7,SAMSN1,171
5.254886602873392e-39,0.8774469208440039,0.378,0.223,9.944872895937894e-35,7,TMF1,172
8.527943006915699e-39,0.5917647859743587,0.606,0.44,1.613913214058796e-34,7,DDX3X,173
1.2243377839493358e-38,0.8378475777972525,0.436,0.281,2.317059256124118e-34,7,USP15,174
3.4320553934709525e-38,0.9554612258711005,0.311,0.169,6.4951648321437775e-34,7,TNKS2,175
3.650405272451177e-38,0.7929937911097036,0.43,0.272,6.908391978113853e-34,7,DIAPH1,176
1.0387881148671155e-37,0.4625034386694753,0.71,0.562,1.9659065073860162e-33,7,JAK1,177
2.7181535177355966e-37,0.778379262225315,0.421,0.262,5.1441055323146165e-33,7,TIPARP,178
4.688766400884497e-37,0.688084628820711,0.502,0.337,8.87349041367391e-33,7,BCLAF1,179
6.018439389639617e-37,0.7288751756038747,0.453,0.288,1.1389896544892974e-32,7,POLR2A,180
8.229153719484424e-37,0.5842425189458709,0.566,0.403,1.5573673414124272e-32,7,ACTR2,181
1.0121206726767072e-36,0.8955795406839975,0.373,0.228,1.9154383730406683e-32,7,ATF7IP,182
1.061620203051502e-36,0.7736706819143457,0.449,0.288,2.0091162342749674e-32,7,PBXIP1,183
3.0014500773284184e-36,0.7805028930500584,0.405,0.25,5.680244271344032e-32,7,SERPINB9,184
3.2235302998490634e-36,1.0960716079595056,0.271,0.145,6.100531092464352e-32,7,TGFBR3,185
3.624965581393594e-36,1.0820385777054091,0.264,0.137,6.860247362787377e-32,7,ITCH,186
3.7400338602903054e-36,0.627783221971068,0.569,0.407,7.078014080599403e-32,7,RNF149,187
4.096459809902968e-36,0.7930232942440074,0.415,0.256,7.752550190241366e-32,7,CXCR6,188
5.432343199813091e-36,0.5752164548558001,0.582,0.397,1.0280709505646275e-31,7,CD3G,189
7.38132246959951e-36,1.0521907525748928,0.25,0.126,1.3969152773717074e-31,7,TLK1,190
1.1307858687413997e-35,0.9191808015389342,0.308,0.17,2.140012256593099e-31,7,PJA2,191
3.74803380239273e-35,0.8839597959579008,0.318,0.176,7.093153971028241e-31,7,SLFN5,192
4.251666164601215e-35,0.753617961674329,0.429,0.275,8.0462782165078e-31,7,PPP1R10,193
5.61698417804897e-35,1.0349235561688142,0.262,0.137,1.0630142556957675e-30,7,BCL2L11,194
1.0265828867943686e-34,1.0252814159475143,0.289,0.161,1.9428081132583425e-30,7,ADAM10,195
1.0916579996989883e-34,0.3812320192963514,0.803,0.68,2.0659627644303352e-30,7,CALR,196
1.88744153028029e-34,0.4722810625801901,0.685,0.526,3.5719830960554485e-30,7,MSN,197
3.953442212880306e-34,0.7358123700008632,0.416,0.259,7.48188938787598e-30,7,SLA2,198
4.731148902676632e-34,0.999833937972469,0.294,0.164,8.953699298315526e-30,7,SLC20A1,199
4.751150992935278e-34,0.7803507223968456,0.414,0.265,8.991553254130013e-30,7,IL10RA,200
9.854215280264889e-34,1.0644162729048279,0.267,0.143,1.8649102417901303e-29,7,NFAT5,201
2.2373505427674476e-33,0.7691599117435217,0.387,0.237,4.234185902187395e-29,7,USP11,202
3.319572350862737e-33,0.9977663228153677,0.263,0.141,6.28229067400773e-29,7,MAP3K2,203
3.9440955892082995e-33,0.7465214239130393,0.425,0.279,7.464200902576707e-29,7,ROCK1,204
5.7892635012392304e-33,1.011436240353183,0.272,0.148,1.0956181176095244e-28,7,SYTL2,205
1.2141714767671323e-32,0.995347351869057,0.292,0.166,2.297819519781798e-28,7,CCDC47,206
1.6788660293701076e-32,0.7143831902336164,0.456,0.31,3.1772539605829286e-28,7,IQGAP2,207
1.8248173116817567e-32,0.7133421144890599,0.423,0.272,3.4534667623577244e-28,7,NFATC2,208
2.007950008968537e-32,0.75342089007176,0.432,0.291,3.800045391972956e-28,7,ATRX,209
3.8832308584055195e-32,0.8635687007779365,0.333,0.196,7.349014399532446e-28,7,KDM5A,210
4.848287427654866e-32,0.8183690558000647,0.354,0.214,9.175383956836835e-28,7,SMARCA2,211
4.993065481451302e-32,0.9625511636021229,0.26,0.138,9.44937642364659e-28,7,PAG1,212
7.656965818517183e-32,0.7192168781415551,0.434,0.288,1.449080781154377e-27,7,ANKRD44,213
8.129935020620548e-32,0.4924833679330902,0.626,0.467,1.5385902026524388e-27,7,G3BP2,214
8.314016662949603e-32,0.8421081297782327,0.364,0.226,1.5734276534632124e-27,7,PDE7A,215
9.457713446538058e-32,0.7920147722416522,0.377,0.237,1.7898722697573276e-27,7,TACC1,216
1.5382465910221136e-31,0.8438621660053404,0.338,0.204,2.91113167350935e-27,7,STAG2,217
1.562229093081042e-31,0.9408646474309204,0.274,0.152,2.956518558655872e-27,7,MAP4,218
2.5930900737027457e-31,0.9610967374640712,0.28,0.157,4.907422964482446e-27,7,TUT4,219
3.158830811925941e-31,1.021223123211533,0.254,0.137,5.978087311569843e-27,7,GFPT1,220
3.4508399661834064e-31,0.8289530635240837,0.367,0.229,6.530714636002096e-27,7,JMJD1C,221
3.7670222377777427e-31,0.9184462006976648,0.299,0.171,7.129089584994378e-27,7,FAM13B,222
5.0158229294661825e-31,0.44620506374252056,0.704,0.542,9.49244489401475e-27,7,VPS37B,223
5.029033720776283e-31,0.8881090716287637,0.321,0.192,9.517446316569115e-27,7,COPA,224
8.430101556071477e-31,0.40967403169843486,0.756,0.622,1.595396719486527e-26,7,FUS,225
9.005540952493924e-31,0.9235909256452395,0.278,0.155,1.704298625259475e-26,7,B3GNT2,226
1.0947331815943003e-30,0.7586712633941961,0.382,0.244,2.0717825461672135e-26,7,PFKFB3,227
1.1426212134191509e-30,0.663810100642876,0.475,0.331,2.162410646395743e-26,7,SCAF11,228
1.3078428372444003e-30,0.5983239994061851,0.54,0.391,2.4750925694850274e-26,7,NEAT1,229
2.6172673832171408e-30,0.42625848431295577,0.71,0.568,4.953178522738439e-26,7,KMT2E,230
4.308198649429548e-30,0.5933152817334721,0.479,0.325,8.153265944045419e-26,7,HP1BP3,231
4.470118471134793e-30,0.9129456396953295,0.278,0.156,8.459699206622595e-26,7,BTN3A1,232
4.705775180867748e-30,0.537256958011656,0.606,0.459,8.905679529792213e-26,7,RSRP1,233
6.901297311865136e-30,0.7186695627821957,0.411,0.269,1.3060705162704768e-25,7,ADAR,234
9.123473898531499e-30,0.8666650689610735,0.295,0.17,1.7266174352970862e-25,7,NRDC,235
9.78745533370584e-30,0.4337824375542154,0.683,0.549,1.85227592190383e-25,7,HNRNPU,236
1.6287499167491431e-29,0.8774915787956212,0.264,0.143,3.0824092174477534e-25,7,NUFIP2,237
2.126922689069108e-29,0.6428062253976552,0.441,0.291,4.0252011890632866e-25,7,CD6,238
3.1068628818974804e-29,0.92640182895644,0.289,0.168,5.879738003990982e-25,7,PRKDC,239
3.5475855775181053e-29,0.8015482585654405,0.341,0.209,6.713805705453015e-25,7,ARID5B,240
3.578444151219526e-29,0.8838714112631654,0.284,0.161,6.7722055561829535e-25,7,INPP4B,241
1.1313919994489389e-28,0.8616262595872297,0.302,0.178,2.1411593589571168e-24,7,SYNE1,242
1.3293763948142926e-28,0.8209597003339432,0.335,0.208,2.5158448271860486e-24,7,OGA,243
1.3918007828246074e-28,0.6179772598218325,0.412,0.258,2.6339829814955696e-24,7,TIGIT,244
1.5584827858329601e-28,0.9024852108048451,0.264,0.147,2.949428672188877e-24,7,POM121C,245
1.703412762566205e-28,0.41809825333679607,0.701,0.572,3.223708653156543e-24,7,RBM39,246
3.0534147972291225e-28,0.8064358311440095,0.342,0.214,5.7785875037561144e-24,7,PCM1,247
4.1282572312895905e-28,0.9775409362446947,0.253,0.14,7.81272681021555e-24,7,MARCH6,248
4.916612057883701e-28,0.5591047352574225,0.531,0.379,9.304688319544904e-24,7,ARHGAP9,249
7.250003639668662e-28,0.8571782908214066,0.313,0.19,1.3720631888072943e-23,7,NKTR,250
7.533045623968716e-28,0.5349853083122857,0.448,0.275,1.4256288843360794e-23,7,CD8B,251
8.327220519566944e-28,0.820374272795635,0.265,0.146,1.575926483328044e-23,7,BCL11B,252
9.46012694784481e-28,0.7682539878309095,0.354,0.226,1.7903290248796305e-23,7,PHF20L1,253
1.6105419334144038e-27,0.9353521781806491,0.255,0.143,3.047950608986759e-23,7,PRDM2,254
1.7104061550878768e-27,0.31874309002174117,0.78,0.664,3.2369436485038067e-23,7,SFPQ,255
2.08638878741598e-27,0.3925935848212978,0.731,0.586,3.948490780184742e-23,7,LEPROTL1,256
2.543493290119241e-27,0.8724339974398753,0.284,0.167,4.8135610515506633e-23,7,DHX9,257
2.571180335803035e-27,0.8920772006568506,0.279,0.163,4.8659587855072437e-23,7,ZNF292,258
3.1510979441458617e-27,0.8020636134633307,0.306,0.183,5.963452859296044e-23,7,SMG1,259
3.590212791647807e-27,0.47160541608785556,0.627,0.475,6.794477708193475e-23,7,SPOCK2,260
1.1503417217455733e-26,0.8294346159258921,0.304,0.184,2.1770217084034974e-22,7,CASP3,261
1.65545675605685e-26,0.7381742882174609,0.34,0.212,3.132951910837589e-22,7,CCSER2,262
1.9614508072810504e-26,0.7019400765107535,0.357,0.229,3.712045652779388e-22,7,PPP4R3A,263
2.365232550100977e-26,0.843568855521055,0.294,0.177,4.476202601066099e-22,7,RAB11FIP1,264
2.7081532259523663e-26,0.4606629594645457,0.633,0.502,5.125179980114853e-22,7,ARL6IP1,265
2.850541089913301e-26,0.768748414191184,0.333,0.211,5.394649012660922e-22,7,CD46,266
3.10779861091195e-26,0.7670317668006266,0.377,0.255,5.881508871150865e-22,7,AKAP9,267
3.547713688031681e-26,0.8169269047602999,0.317,0.197,6.714048154599956e-22,7,STT3B,268
3.776748189184509e-26,0.5009763205733331,0.554,0.416,7.147495948031684e-22,7,CDC42SE2,269
4.5709077563041184e-26,0.5521216776985518,0.486,0.347,8.650442928805543e-22,7,PAK2,270
4.88527442059312e-26,0.4873623491567207,0.595,0.465,9.24538184097248e-22,7,TAPBP,271
7.53737079586531e-26,0.5688421485568738,0.507,0.362,1.42644742311751e-21,7,IL2RB,272
7.635798062276383e-26,0.9190104951471885,0.268,0.158,1.4450747832858054e-21,7,CCPG1,273
7.787274769302505e-26,0.6443038167038857,0.4,0.267,1.473741750090499e-21,7,ITGAL,274
8.511837456019286e-26,0.8667390865679793,0.288,0.174,1.6108652385516499e-21,7,XRN1,275
8.529304368153129e-26,0.4290764147214139,0.688,0.565,1.6141708516729795e-21,7,HSP90B1,276
1.2113266965971546e-25,0.7928619392390586,0.328,0.209,2.292435773310115e-21,7,SPPL2A,277
2.48113031441614e-25,0.4051063084617992,0.675,0.55,4.6955391200325455e-21,7,HSPD1,278
3.323533041989502e-25,0.8738868573891692,0.277,0.166,6.289786281965133e-21,7,KMT2C,279
4.594396223279038e-25,0.6079144855504082,0.459,0.323,8.694894852555579e-21,7,GABARAPL1,280
5.096326625679558e-25,0.8030137189330219,0.308,0.189,9.644798139098564e-21,7,FASLG,281
5.88641697464365e-25,0.8362357183089277,0.27,0.158,1.1140044124513108e-20,7,HNRNPLL,282
5.995321457484108e-25,0.7098673217993394,0.305,0.183,1.1346145858288674e-20,7,HIST1H1E,283
7.10779172333062e-25,0.7666482794053096,0.333,0.212,1.3451495836403198e-20,7,RNF115,284
1.1121232775551396e-24,0.8263531626689513,0.307,0.193,2.1046933027731015e-20,7,BDP1,285
1.2284745703994084e-24,0.6626976757895553,0.399,0.275,2.3248881244808805e-20,7,GCC2,286
1.592835530663098e-24,0.4184316599604929,0.671,0.538,3.0144412417799133e-20,7,BTG2,287
2.2915146435314155e-24,0.6267809062858958,0.43,0.303,4.336691462883204e-20,7,CYTH1,288
2.8666134464665304e-24,0.8120500241582002,0.304,0.191,5.425065947437908e-20,7,CAMK4,289
3.301185443809784e-24,0.6371729724349573,0.434,0.306,6.247493452410016e-20,7,TC2N,290
5.262611026122477e-24,0.5782869069379142,0.459,0.325,9.959491366936788e-20,7,MAPRE2,291
6.5266685497953834e-24,0.8714926683564725,0.259,0.153,1.2351720230487763e-19,7,ANKHD1,292
9.008337647327583e-24,0.5943417932730846,0.457,0.327,1.704827899756745e-19,7,PARP8,293
1.595652443443335e-23,0.6565904936439249,0.368,0.241,3.0197722492165114e-19,7,CD5,294
2.080652742025595e-23,0.7188640569361533,0.338,0.221,3.937635314283438e-19,7,FNBP4,295
2.1797030399857786e-23,0.6219698496118999,0.405,0.276,4.125088003173086e-19,7,PPP1R12A,296
2.8634439893208315e-23,0.6625658840303223,0.394,0.274,5.419067749789674e-19,7,TRA2A,297
2.884666369327748e-23,0.6726357663724675,0.377,0.259,5.459231103952764e-19,7,ITSN2,298
2.9037018869089515e-23,0.7513926124376576,0.308,0.193,5.495255820975191e-19,7,CENPC,299
3.0147992195799304e-23,0.6267412292453702,0.404,0.28,5.705507523055018e-19,7,ADSS,300
4.5412710525380525e-23,0.5315965293011575,0.512,0.382,8.594355466928265e-19,7,CCNL1,301
5.1711415435171215e-23,0.8331610917839294,0.262,0.156,9.786385371106153e-19,7,ETNK1,302
5.6689206793548e-23,0.39002756000876415,0.668,0.553,1.0728432385678958e-18,7,ELF1,303
7.443160018484414e-23,0.856168823199583,0.254,0.15,1.4086180334981753e-18,7,DIP2A,304
8.238199814412757e-23,0.638953257239395,0.41,0.293,1.5590793148776143e-18,7,CHD2,305
1.292831695619207e-22,0.8247278361616933,0.279,0.173,2.446683983959349e-18,7,RC3H1,306
1.4316036250193602e-22,0.8080889254522885,0.256,0.152,2.7093098603491392e-18,7,EFCAB14,307
1.6173902018322648e-22,0.513416530509291,0.532,0.408,3.060910956967561e-18,7,AHNAK,308
5.61117370911331e-22,0.7127584453534914,0.308,0.197,1.0619146244496939e-17,7,GNA13,309
5.755971792974542e-22,0.7007606262576576,0.328,0.217,1.089317661820432e-17,7,AFF4,310
9.618733340687544e-22,0.5053261852007942,0.49,0.363,1.8203452847251177e-17,7,NOP58,311
1.164195611312319e-21,0.7689222388467112,0.299,0.191,2.2032401944085637e-17,7,PDCD6IP,312
1.2298383998950335e-21,0.761833304904026,0.293,0.187,2.327469171801351e-17,7,EIF4G1,313
1.2891023590885718e-21,0.8379072156218227,0.256,0.156,2.4396262145751223e-17,7,TOR1AIP1,314
1.3008417576923065e-21,0.5320073176369942,0.462,0.334,2.46184302643269e-17,7,ZC3HAV1,315
1.3827626785706965e-21,0.6717747302846908,0.342,0.229,2.616878369195043e-17,7,TGOLN2,316
1.3881116829265326e-21,0.3602258833778218,0.672,0.559,2.6270013599384627e-17,7,WIPF1,317
1.6070433374018775e-21,0.722673192509225,0.291,0.183,3.0413295160330533e-17,7,PRKAR2A,318
1.6556922561266507e-21,0.8610291882488088,0.26,0.161,3.1333975947196864e-17,7,PRRC2B,319
1.9294572008130557e-21,0.49283756671813483,0.504,0.38,3.6514977525387077e-17,7,IDI1,320
3.1022759875110062e-21,0.7352404747873963,0.294,0.187,5.871057306364579e-17,7,PTPRA,321
1.0757516176987594e-20,0.5924571597618071,0.408,0.29,2.0358599364949022e-16,7,ITGB1,322
1.1550159999746557e-20,0.7289682834132801,0.25,0.149,2.185867779952036e-16,7,NUDT4,323
1.3482616441625828e-20,0.7340718482683358,0.259,0.156,2.551585161577688e-16,7,SNRK,324
1.5104668128345348e-20,0.6741133671533345,0.335,0.222,2.8585584432893573e-16,7,ABLIM1,325
2.9485408426777074e-20,0.7981755119621236,0.264,0.166,5.580113544767562e-16,7,CD38,326
4.95335256501102e-20,0.6014123887121625,0.39,0.28,9.374219729283355e-16,7,TPR,327
7.954524372297835e-20,0.652253907624158,0.314,0.206,1.5053937374573651e-15,7,WAC,328
8.226743754848604e-20,0.6542801416909729,0.28,0.174,1.5569112556050984e-15,7,OASL,329
8.228325526858021e-20,0.48712066084273276,0.483,0.372,1.5572106059578805e-15,7,THRAP3,330
8.343059934061612e-20,0.2970736280119821,0.796,0.693,1.57892409252116e-15,7,TMBIM6,331
9.814541297711491e-20,0.44810093315865696,0.551,0.438,1.8574019405919e-15,7,SRRM2,332
1.3290816122096662e-19,0.65874435513426,0.351,0.241,2.5152869511067932e-15,7,CRYBG1,333
1.36707508483391e-19,0.7134405871637864,0.323,0.222,2.5871895980481745e-15,7,CTR9,334
1.4126068860628762e-19,0.4240711106165993,0.524,0.386,2.673358531873993e-15,7,RGS1,335
1.442608227235134e-19,0.7112521177252602,0.31,0.206,2.730136070042491e-15,7,HIF1A,336
1.944071881752858e-19,0.5691671859189529,0.391,0.279,3.679156036217284e-15,7,STK10,337
1.9659574865671549e-19,0.6282689737075734,0.342,0.232,3.72057454332834e-15,7,SYNRG,338
2.409163126532961e-19,0.8548545944250145,0.253,0.16,4.559341216963629e-15,7,TMEM87A,339
2.421748663116356e-19,0.6714073090588469,0.322,0.219,4.583159344947704e-15,7,SRP54,340
2.614295047157031e-19,0.7025813723878764,0.294,0.193,4.947553376744681e-15,7,ACIN1,341
2.8049275476866585e-19,0.7563512998240316,0.28,0.182,5.308325383997001e-15,7,HELZ,342
4.46813732333543e-19,0.4831618044027377,0.556,0.447,8.4559498844123e-15,7,MYADM,343
4.7057082342671955e-19,0.5099858650567262,0.415,0.298,8.905552833350667e-15,7,KPNA2,344
6.312631566627424e-19,0.4939104888395853,0.475,0.355,1.19466552398424e-14,7,TRAM1,345
6.530523566293635e-19,0.5148738093177858,0.468,0.351,1.2359015849210705e-14,7,N4BP2L2,346
7.199689866820242e-19,0.7645422752170682,0.265,0.17,1.3625413072957309e-14,7,NUP58,347
7.655210122702416e-19,0.7681718400634621,0.252,0.158,1.4487485157214322e-14,7,DOCK2,348
9.208337377181884e-19,0.31312654309687815,0.738,0.627,1.7426778486316716e-14,7,DDX24,349
1.1377355690612968e-18,0.5582501519847396,0.333,0.219,2.153164564448504e-14,7,LAG3,350
1.27227708788443e-18,0.7025963664963023,0.257,0.161,2.407784388821284e-14,7,SP3,351
1.4426722532532588e-18,0.25875088470143437,0.805,0.709,2.7302572392817922e-14,7,NCL,352
1.5662666145700576e-18,0.6168719823062558,0.359,0.253,2.964159568073834e-14,7,TAF15,353
1.6584609680908139e-18,0.5726015825408393,0.366,0.257,3.1386373821118654e-14,7,CYLD,354
3.65249663234566e-18,0.6631557789241063,0.321,0.221,6.912349876714162e-14,7,PNN,355
3.928804549086861e-18,0.5288953090882906,0.411,0.297,7.435262609146884e-14,7,AAK1,356
4.127561844393903e-18,0.4715965030602782,0.449,0.333,7.811410790515461e-14,7,STAT1,357
4.3295918577417776e-18,0.7413845504067667,0.25,0.157,8.193752590776315e-14,7,CAND1,358
5.506651801733673e-18,0.4925510156635977,0.462,0.352,1.0421338534780977e-13,7,NCOR1,359
6.137564823851938e-18,0.5421408572929032,0.423,0.316,1.1615341429139792e-13,7,EIF3A,360
6.644480463451044e-18,0.4715298456370818,0.478,0.366,1.25746792770811e-13,7,TAX1BP1,361
7.540300086825353e-18,0.46482651156434307,0.497,0.393,1.427001791431698e-13,7,GPBP1,362
8.024871137757767e-18,0.6463943104896777,0.346,0.249,1.5187068628206574e-13,7,MYCBP2,363
8.196021044627417e-18,0.7858271251735099,0.266,0.176,1.5510969826957386e-13,7,AUTS2,364
8.378844677630011e-18,0.6772589339773138,0.286,0.189,1.5856963552414796e-13,7,RBM5,365
9.21286816460401e-18,0.675799619302609,0.271,0.175,1.743535300151309e-13,7,SMU1,366
9.387759125332222e-18,0.706194601374301,0.279,0.184,1.7766334144691232e-13,7,SNRNP200,367
9.939605469847881e-18,0.31242536810865706,0.733,0.636,1.8810703351687115e-13,7,SON,368
1.0176481671015104e-17,0.4222513808028725,0.522,0.408,1.9258991562396084e-13,7,HSPA9,369
1.1019314675241078e-17,0.5351802437397424,0.379,0.269,2.085405302289374e-13,7,NAMPT,370
2.4666458400667362e-17,0.701990827230368,0.293,0.198,4.668127252326299e-13,7,OGT,371
5.512284142648625e-17,0.7295430941983347,0.257,0.167,1.0431997739962524e-12,7,INPP5D,372
5.969424223920471e-17,0.6315501029146544,0.328,0.229,1.1297135343769492e-12,7,ELL2,373
6.29424665301359e-17,0.7530453447486085,0.257,0.168,1.1911861790828218e-12,7,BIRC2,374
8.056086017289343e-17,0.5505704029568437,0.378,0.275,1.5246142787720082e-12,7,SEPT2,375
8.558297017083936e-17,0.6188043122878266,0.287,0.19,1.619657710483135e-12,7,UHMK1,376
1.1951352282903295e-16,0.5286892051178169,0.415,0.314,2.2617934195394485e-12,7,IVNS1ABP,377
2.245179993902562e-16,0.6857458720871668,0.293,0.201,4.249003138460598e-12,7,TMEM165,378
2.500408002172026e-16,0.5864772178093917,0.29,0.193,4.732022144110559e-12,7,LUC7L2,379
2.7065219344391444e-16,0.5813495626753366,0.329,0.232,5.1220927609260805e-12,7,VPS4B,380
2.7862095439213594e-16,0.598604035287058,0.306,0.209,5.272901561871172e-12,7,TRAT1,381
2.8290969343492117e-16,0.5189395533120817,0.41,0.304,5.354065948255883e-12,7,PITPNC1,382
3.221544182832745e-16,0.3480205887111185,0.653,0.526,6.09677236601097e-12,7,GZMK,383
3.317053780321122e-16,0.6869728742739782,0.271,0.18,6.277524279257723e-12,7,DNAJB14,384
3.646360158411963e-16,0.6554378115121554,0.275,0.184,6.90073659979464e-12,7,USP14,385
3.957745605527325e-16,0.68067706008422,0.284,0.192,7.490033558460463e-12,7,DNAJC3,386
4.566118894781992e-16,0.6898266675667812,0.272,0.183,8.64138000837492e-12,7,UBE3A,387
8.236594925115175e-16,0.6071145937693894,0.31,0.217,1.558775589578047e-11,7,ANKRD11,388
1.1084075257058188e-15,0.7119146994558636,0.25,0.164,2.097661242398262e-11,7,RB1CC1,389
1.2391587032816289e-15,0.6073055798739091,0.332,0.24,2.3451078459604825e-11,7,PNPLA8,390
1.3252418522332992e-15,0.6474108458374728,0.269,0.18,2.508020205351519e-11,7,PHYKPL,391
1.4806168345684222e-15,0.47929047762192134,0.465,0.364,2.802067359420739e-11,7,RORA,392
1.7804891835106255e-15,0.6732102953403911,0.26,0.172,3.3695757797938586e-11,7,LMNB1,393
1.9608041180844973e-15,0.4315266467164749,0.491,0.383,3.710821793474911e-11,7,APMAP,394
2.1472923012722873e-15,0.6490957846803365,0.292,0.203,4.063750680157804e-11,7,TNRC6B,395
2.5957751430240713e-15,0.48957064986017973,0.426,0.327,4.912504458173055e-11,7,G3BP1,396
2.6365748414011985e-15,0.6427398393919999,0.255,0.169,4.9897178873517684e-11,7,EFR3A,397
4.48613872173878e-15,0.3663831392164283,0.394,0.272,8.49001753089064e-11,7,HLA-DQA1,398
5.102018132614603e-15,0.6934943669437652,0.297,0.212,9.655569315973137e-11,7,OS9,399
5.2246639271370085e-15,0.45174481883912865,0.425,0.32,9.887676482106788e-11,7,CSNK1D,400
5.630175523446654e-15,0.6298839926896261,0.26,0.172,1.0655107178122794e-10,7,GPR174,401
8.688099724828629e-15,0.5592765056116213,0.344,0.251,1.644222872923818e-10,7,ILF3,402
9.147818322291e-15,0.5462071632260914,0.381,0.29,1.7312246174935717e-10,7,SERINC3,403
1.1670777948697713e-14,0.40923180670572346,0.487,0.383,2.2086947267910423e-10,7,SUN2,404
1.3385219930622898e-14,0.733554766761833,0.252,0.171,2.5331528718703834e-10,7,BORCS5,405
1.6212189424511342e-14,0.4725291464058923,0.412,0.315,3.0681568485887714e-10,7,RAD21,406
1.627892058288344e-14,0.6436317829584723,0.261,0.178,3.080785720310691e-10,7,WAPL,407
1.8609079034100694e-14,0.6092702267838855,0.27,0.185,3.5217682072035563e-10,7,EPB41,408
2.3383560186125795e-14,0.432125724652912,0.467,0.371,4.425338765224307e-10,7,SRSF11,409
2.597507650109248e-14,0.37827865112179815,0.506,0.403,4.915783227831752e-10,7,HSPH1,410
2.892217158877554e-14,0.4963186578210701,0.415,0.32,5.473520973175772e-10,7,ATP1A1,411
3.8126958648578265e-14,0.6378341889040462,0.294,0.208,7.215526924243437e-10,7,LPCAT1,412
4.131578694885809e-14,0.5982859902900803,0.309,0.223,7.819012680071394e-10,7,TM9SF2,413
4.2008030287249755e-14,0.4713560163005295,0.367,0.268,7.950019731862016e-10,7,NASP,414
5.040348050940717e-14,0.332521807300151,0.545,0.435,9.538858686405306e-10,7,LBH,415
5.194701858128056e-14,0.2969711227673022,0.64,0.5,9.830973266507347e-10,7,HLA-DRB1,416
5.2747785116478876e-14,0.4153453847477018,0.439,0.338,9.982518333293627e-10,7,SH3KBP1,417
6.526402662182408e-14,0.6580047145413599,0.276,0.196,1.2351217038180205e-9,7,BPTF,418
6.546832308674165e-14,0.5782228684354864,0.322,0.235,1.2389880144165856e-9,7,GLUD1,419
6.755627163802657e-14,0.4661859591439421,0.406,0.309,1.2785024407496529e-9,7,SPCS3,420
8.814901478138577e-14,0.6484817059534125,0.25,0.17,1.6682201047377256e-9,7,SMARCC1,421
1.0795356411395592e-13,0.5892461222602963,0.296,0.21,2.0430212008566156e-9,7,RASA2,422
1.2357474903083956e-13,0.30112910842378815,0.72,0.615,2.3386521254086386e-9,7,CD69,423
1.2604051902918043e-13,0.5708539426584835,0.317,0.229,2.38531682262724e-9,7,HNRNPH1,424
2.2021023174989657e-13,0.6113766939938166,0.26,0.179,4.167478635866793e-9,7,THUMPD1,425
2.938284938932538e-13,0.6363359421511434,0.257,0.178,5.560704246929828e-9,7,PRKX,426
3.109449016740059e-13,0.503139176865702,0.324,0.235,5.884632264180561e-9,7,STAU1,427
3.5407777681222567e-13,0.29955843646675895,0.656,0.561,6.700921926171371e-9,7,SF1,428
3.6473940517915414e-13,0.3866825194950563,0.527,0.436,6.9026932430154925e-9,7,CCNH,429
5.509982803099902e-13,0.4439776879196695,0.453,0.356,1.0427642454866565e-8,7,NFKB1,430
5.960176019367674e-13,0.4442841389580712,0.378,0.285,1.1279633116653324e-8,7,GRB2,431
6.122369552263724e-13,0.4660657850022234,0.406,0.32,1.1586584377659097e-8,7,DHX36,432
6.328252894597737e-13,0.39441138414229804,0.43,0.334,1.1976218603026216e-8,7,PRKAR1A,433
8.520503848283152e-13,0.47611118604571034,0.393,0.309,1.6125053532875866e-8,7,PRPF38B,434
9.066692612467317e-13,0.46538345661750724,0.347,0.257,1.71587157690944e-8,7,TMX4,435
9.225565479368016e-13,0.4889095180721488,0.337,0.246,1.745938266970397e-8,7,CHST12,436
9.28104727902642e-13,0.5111862250297488,0.353,0.268,1.7564381975557498e-8,7,BHLHE40,437
1.1018075833272072e-12,0.4414612518333869,0.397,0.306,2.0851708514467397e-8,7,DNTTIP2,438
1.115492937131375e-12,0.5970135366257668,0.267,0.188,2.111070383521127e-8,7,P2RY10,439
1.249128810670426e-12,0.3711729959663983,0.48,0.392,2.3639762741937813e-8,7,TAP1,440
1.2544942400565924e-12,0.6133646461161613,0.274,0.195,2.3741303493071012e-8,7,CD28,441
1.324963317499342e-12,0.4225068874308995,0.437,0.348,2.5074930783675047e-8,7,MBP,442
1.4067576009005388e-12,0.4904449015117103,0.376,0.29,2.6622887597042697e-8,7,ATP6AP2,443
1.419150178860916e-12,0.39700184228057345,0.493,0.405,2.6857417134942835e-8,7,CD164,444
1.5825974498076982e-12,0.42637869403737416,0.403,0.309,2.995065673761069e-8,7,NSD3,445
1.8640799185205135e-12,0.3800783346464869,0.489,0.398,3.527771245800072e-8,7,WSB1,446
2.9217556883493935e-12,0.5474817979903615,0.282,0.202,5.529422640201227e-8,7,SAFB2,447
3.0699800690854723e-12,0.5150508585276341,0.337,0.255,5.8099372807442564e-8,7,RABGAP1L,448
3.702567304530923e-12,0.5392339220227735,0.283,0.202,7.007108623824771e-8,7,TTC3,449
4.0362427436813666e-12,0.5613027565158151,0.265,0.187,7.638589392416986e-8,7,SUPT5H,450
4.075398375959148e-12,0.5091914329995922,0.326,0.242,7.712691426502689e-8,7,DERL1,451
5.7513290833345355e-12,0.5538004173343375,0.308,0.232,1.0884390290210608e-7,7,TMED5,452
6.375363874242983e-12,0.5380172599188824,0.269,0.19,1.2065376132004846e-7,7,CTNNB1,453
1.6223715433736564e-11,0.34598616870191523,0.482,0.398,3.070338145834645e-7,7,CAPZA1,454
1.8077197027565624e-11,0.4147091430592069,0.429,0.341,3.4211095374667945e-7,7,RBM25,455
1.923538425917955e-11,0.45260490690997723,0.337,0.256,3.6402964710497295e-7,7,KIF5B,456
2.022136498385143e-11,0.6414911036842741,0.259,0.186,3.826893323193883e-7,7,NEU1,457
2.2590950440957433e-11,0.4139533567103295,0.428,0.346,4.2753373709511944e-7,7,PDIA6,458
2.9686211415497617e-11,0.3962202694142589,0.437,0.354,5.618115510382924e-7,7,ARGLU1,459
3.859699217186215e-11,0.5989652351955795,0.255,0.183,7.304480768524912e-7,7,LMBRD1,460
4.85357482045197e-11,0.5659490977532349,0.269,0.197,9.185390347705353e-7,7,RAB10,461
5.628206678771022e-11,0.46284117813138426,0.336,0.256,1.0651381139574158e-6,7,ACAP2,462
6.089703078231513e-11,0.5066042387565438,0.275,0.199,1.1524763075553139e-6,7,EPS15,463
6.853517588508838e-11,0.48419595104292945,0.341,0.262,1.2970282036252975e-6,7,CNOT2,464
7.44902379170515e-11,0.6104081373645138,0.254,0.183,1.4097277525801997e-6,7,VMP1,465
1.1564062556444094e-10,0.4651852753174158,0.328,0.249,2.1884988388070446e-6,7,RNMT,466
1.2509656763340839e-10,0.5680502155161112,0.269,0.197,2.3674525424622536e-6,7,SC5D,467
1.7365153152769214e-10,0.5104019732544504,0.294,0.221,3.2863552341615737e-6,7,FOXP1,468
1.9834701595443504e-10,0.5094727561411451,0.288,0.214,3.753717276937683e-6,7,SRSF4,469
2.2340821550354653e-10,0.41125850527893526,0.422,0.348,4.228000478404618e-6,7,UBXN4,470
2.331743146341657e-10,0.4415818780382694,0.365,0.29,4.412823904451586e-6,7,COPB1,471
3.2555344540630436e-10,0.5287091910898335,0.256,0.185,6.16109895431431e-6,7,RNF10,472
3.608036104746645e-10,0.44883892595425023,0.361,0.288,6.828208328233025e-6,7,M6PR,473
4.2616845514591904e-10,0.2576611039885468,0.607,0.526,8.065238013636518e-6,7,SRSF5,474
7.787760119987672e-10,0.4308155058098089,0.378,0.308,1.4738336027076668e-5,7,SPN,475
7.960609946785535e-10,0.5610032398873354,0.26,0.194,1.5065454324291625e-5,7,DNAJB11,476
8.284105699491798e-10,0.48083813476832726,0.272,0.201,1.567767003628823e-5,7,TIAL1,477
1.0070194403201883e-9,0.47377628154835116,0.266,0.195,1.9057842908059564e-5,7,PHIP,478
1.0489301942188395e-9,0.4333154611010006,0.368,0.293,1.9851003925591538e-5,7,STOM,479
1.2482520103085344e-9,0.35195617131340184,0.469,0.394,2.3623169295089013e-5,7,CELF2,480
1.4042398131440075e-9,0.3497208949722739,0.416,0.331,2.6575238463750342e-5,7,GBP5,481
1.5868477711538596e-9,0.5178827775886551,0.265,0.196,3.0031094069086794e-5,7,PIAS1,482
2.3686113628419337e-9,0.30833233667013626,0.542,0.467,4.482597004178359e-5,7,ANKRD12,483
6.053453357198602e-9,0.4900916954668958,0.262,0.196,1.1456160478498354e-4,7,FOXN3,484
6.07684751921852e-9,0.37957136652503776,0.36,0.286,1.1500433930121049e-4,7,ETF1,485
6.33561315325046e-9,0.3686099535414067,0.35,0.274,1.1990147892526497e-4,7,JMJD6,486
6.649659162268172e-9,0.4824784412695694,0.264,0.197,1.2584479964592514e-4,7,TMOD3,487
6.817463587995331e-9,0.4467087419468949,0.313,0.245,1.2902049840281162e-4,7,PRPF4B,488
6.92587563337971e-9,0.36991023161565284,0.424,0.354,1.3107219636171102e-4,7,TMED10,489
7.231431672845391e-9,0.41688974796711165,0.294,0.222,1.3685484440859903e-4,7,PYHIN1,490
7.674656269755476e-9,0.4899004581231414,0.25,0.184,1.452428699051224e-4,7,ZBTB38,491
7.753654213962245e-9,0.3643706529974349,0.389,0.316,1.467379059992355e-4,7,PPP1CB,492
7.892809757301683e-9,0.46765518611169377,0.255,0.19,1.4937142465693435e-4,7,NCKAP1L,493
8.200086886466657e-9,0.49535216287423933,0.301,0.237,1.5518664432638148e-4,7,ATP2B1,494
8.352221104187607e-9,0.2650289679754205,0.513,0.426,1.5806578439675047e-4,7,SYAP1,495
8.769233938733755e-9,0.5134109333371255,0.255,0.193,1.659577522905363e-4,7,SYNCRIP,496
9.559845130076245e-9,0.47658971500028813,0.285,0.22,1.8092006908669293e-4,7,XRN2,497
9.776982251342607e-9,0.4758304742081376,0.265,0.199,1.8502938910665883e-4,7,SEC23B,498
1.043881592402421e-8,0.4327901394053245,0.256,0.189,1.9755459136215818e-4,7,REST,499
1.4625925953514479e-8,0.31012229470083263,0.491,0.421,2.7679564867026153e-4,7,EPC1,500
1.576698182928062e-8,0.3561272891747993,0.322,0.244,2.983901311191358e-4,7,RASAL3,501
1.928478437537415e-8,0.4997702393009378,0.265,0.204,3.6496454430395576e-4,7,MLEC,502
2.0974633616633388e-8,0.4454054503542014,0.319,0.252,3.9694494119478686e-4,7,DNAJC1,503
2.10446837747372e-8,0.4857451508497681,0.256,0.192,3.982706404369015e-4,7,THUMPD3-AS1,504
2.413545195231227e-8,0.3398367798826174,0.386,0.311,4.567634281975097e-4,7,OPTN,505
3.4883122339932885e-8,0.4447675793570226,0.287,0.221,6.601630902832299e-4,7,TMEM259,506
3.828217718073068e-8,0.3890329228037013,0.26,0.193,7.244902031453281e-4,7,LASP1,507
3.9062537152319425e-8,0.38639734629500677,0.336,0.268,7.392585156076451e-4,7,CSNK1A1,508
3.928669355451642e-8,0.35675155890094157,0.386,0.319,7.435006755192233e-4,7,BAZ1A,509
4.640820402710266e-8,0.2726878325433151,0.5,0.42,8.782752612129178e-4,7,SRSF10,510
6.394203582746307e-8,0.390153253262439,0.333,0.266,0.0012101030280347385,7,YME1L1,511
7.096424731071745e-8,0.3335108806185647,0.454,0.386,0.0013429983803553277,7,ELOVL5,512
8.306287515524203e-8,0.2775376540095813,0.494,0.42,0.0015719649123129553,7,FLNA,513
8.333048680575691e-8,0.34936039582623146,0.371,0.305,0.0015770294627989495,7,ZNF207,514
9.752790372959874e-8,0.29004333731268983,0.439,0.367,0.0018457155780826561,7,MAT2A,515
1.0417122130172277e-7,0.4074626138170633,0.296,0.234,0.0019714403631351032,7,DDX27,516
1.1644792698967034e-7,0.3304483889216192,0.356,0.285,0.0022037770182795112,7,YTHDC1,517
1.5899569691392847e-7,0.4282236724047427,0.26,0.2,0.0030089935640960964,7,PPP4R3B,518
2.0072837246920521e-7,0.4429626876866162,0.27,0.21,0.003798784448979709,7,PTPN1,519
2.2204211123440144e-7,0.40260149516591115,0.306,0.246,0.004202146955111047,7,SCAMP2,520
2.954867683128759e-7,0.27895420061449205,0.507,0.436,0.005592087090321177,7,GPR65,521
3.265888890753586e-7,0.4533294299850419,0.279,0.223,0.006180694725751162,7,ATM,522
3.414407153608696e-7,0.3540960772369881,0.34,0.275,0.006461765538204457,7,SLTM,523
4.1043354874036774e-7,0.34048090948136056,0.38,0.318,0.00776745490991146,7,RBL2,524
6.537346638367158e-7,0.30626378256713793,0.347,0.28,0.012371928513109847,7,IKZF1,525
7.418412155283509e-7,0.311245441119131,0.392,0.328,0.014039345003874042,7,SLC3A2,526
7.676297356623261e-7,0.4782494859538228,0.251,0.198,0.014527392747409522,7,SNRNP70,527
1.1006098183720365e-6,0.30521822451740555,0.427,0.364,0.02082904081269079,7,BIRC3,528
1.2879341261969137e-6,0.36005245897525506,0.263,0.204,0.02437415333827659,7,RAB6A,529
1.581716746603456e-6,0.45208772239091555,0.258,0.206,0.029933989429470405,7,LMAN1,530
1.7249411874319785e-6,0.3389572562497394,0.282,0.222,0.032644511972150195,7,RAB27A,531
1.8769317774641416e-6,0.3983068645447756,0.26,0.205,0.03552093388850888,7,PPP4R2,532
2.4190664767416614e-6,0.29607626324358005,0.412,0.351,0.04578083307233594,7,RUNX3,533
2.672234850450122e-6,0.26789910524395055,0.431,0.365,0.05057204454476855,7,PPP2R5C,534
3.5603521876422396e-6,0.4193818169831457,0.262,0.211,0.06737966515112938,7,SCML4,535
3.639019496517548e-6,0.32907616639352066,0.324,0.267,0.0688684439715946,7,PPM1G,536
3.788664634364534e-6,0.29317460822968333,0.313,0.25,0.0717004782053488,7,PTPN7,537
4.261224918229544e-6,0.35348103340407977,0.297,0.244,0.08064368157749412,7,HBP1,538
4.866682336516229e-6,0.3329469524132449,0.39,0.336,0.09210196321856963,7,MAP3K8,539
5.4291007767479924e-6,0.3114543762397034,0.282,0.223,0.10274573219995575,7,CHIC2,540
6.794971453205932e-6,0.3241811681407313,0.313,0.257,0.12859483475192227,7,WBP11,541
7.741187860943218e-6,0.35575384890782924,0.298,0.246,0.1465019802683504,7,SSR1,542
9.66283611540719e-6,0.37885054265540974,0.279,0.227,0.18286917348408108,7,WDR33,543
9.758264258302832e-6,0.36876338983270973,0.269,0.218,0.1846751510883811,7,MIER1,544
1.0870100125626912e-5,0.31433121943222075,0.281,0.225,0.2057166448774893,7,HERPUD2,545
1.141803850092532e-5,0.27523419734677246,0.364,0.308,0.21608637863001168,7,IK,546
1.217017932018462e-5,0.34941529366841995,0.277,0.226,0.23032064363449395,7,TMED4,547
1.2500630510542562e-5,0.37839242998832967,0.265,0.213,0.23657443241201798,7,ZNF800,548
1.343657288498949e-5,0.2863166706800808,0.323,0.267,0.2542871418484261,7,CTSS,549
1.5550822527422744e-5,0.3094493468627644,0.315,0.263,0.29429931633147544,7,IFI16,550
1.5767637234076582e-5,0.28924649886208775,0.348,0.291,0.2984025346548993,7,CEBPZ,551
1.6651015371607243e-5,0.31138607818142694,0.301,0.248,0.31512046590766707,7,NAP1L4,552
2.0476058961302405e-5,0.28434304356715234,0.318,0.262,0.38750941584264803,7,BTN3A2,553
2.1754195175317354e-5,0.3626372030706895,0.258,0.209,0.41169814369288094,7,EMC10,554
2.336290340626636e-5,0.336512674025916,0.274,0.225,0.44214294696359085,7,BNIP2,555
2.6826324959896127e-5,0.2674728035737759,0.331,0.276,0.5076881998660342,7,SELPLG,556
3.057774226925243e-5,0.3699745405149002,0.279,0.232,0.5786837724456023,7,PTPN2,557
4.8233579603486405e-5,0.2709027995730504,0.351,0.296,0.9128204939959802,7,ARHGAP15,558
4.8603489128189634e-5,0.262217243481895,0.371,0.318,0.9198210317509888,7,MPHOSPH8,559
2.0194758832585294e-4,0.36058849473644794,0.254,0.214,1,7,ANAPC5,560
6.59068202359877e-5,0.3586410528187829,0.26,0.214,1,7,ABI1,561
2.1919555705301227e-4,0.33581605431751793,0.25,0.21,1,7,YIPF5,562
1.8458181547675767e-4,0.31914491378354404,0.253,0.211,1,7,OSBPL8,563
8.459534560378677e-4,0.31581281960963703,0.263,0.226,1,7,BBX,564
1.7806233202864933e-4,0.31122934294037774,0.274,0.231,1,7,ITGB7,565
2.6717940669908856e-4,0.31105174447214634,0.253,0.211,1,7,TOX4,566
0.0012323830749921567,0.3026701355480015,0.3,0.266,1,7,U2SURP,567
5.951894172228635e-5,0.3013898679805629,0.369,0.32,1,7,CLK1,568
5.478680562849799e-4,0.2909703963245933,0.311,0.273,1,7,HM13,569
9.86297203946494e-4,0.28745308177563,0.298,0.262,1,7,NFKB2,570
1.259074239127041e-4,0.2754860144613309,0.279,0.23,1,7,TMEM248,571
1.7513209832709277e-4,0.27470711437053463,0.331,0.284,1,7,TSEN54,572
2.866244440292738e-4,0.269685125084588,0.325,0.284,1,7,PRPF40A,573
1.9227944549700418e-4,0.26766303339748587,0.363,0.317,1,7,LAMP1,574
1.8696760464306098e-4,0.26724132490693886,0.296,0.249,1,7,DDX46,575
4.855247690667057e-4,0.26541196438668824,0.255,0.213,1,7,PRKACB,576
7.38976954015613e-4,0.2654005411929865,0.296,0.256,1,7,NUCB2,577
5.856782628507291e-4,0.2523896873159446,0.379,0.34,1,7,RPN2,578
1.624954882548448e-4,0.25009808043168236,0.26,0.213,1,7,ARHGAP30,579
0.0022675397641531733,0.25002962180612465,0.274,0.238,1,7,STARD7,580
0,3.3401523432466824,0.337,0.039,0,8,CD40LG,1
8.181046034245e-312,1.572036669260989,0.877,0.387,1.5482629619808425e-307,8,LTB,2
1.7426338742267633e-258,1.5166286237971907,0.812,0.314,3.2979346069741496e-254,8,IL7R,3
1.175749031844329e-241,1.6325208821141513,0.729,0.276,2.2251050427653928e-237,8,TXNIP,4
2.275533252725293e-186,0.9104674986707746,0.937,0.638,4.306446680782617e-182,8,CD52,5
1.6493561232942675e-136,1.8317900895819461,0.391,0.122,3.121406463334401e-132,8,SIT1,6
7.732258608358947e-134,0.5976075873580098,0.943,0.779,1.4633299416319306e-129,8,S100A4,7
2.311268248156101e-108,1.5600717560320936,0.443,0.181,4.374075159635421e-104,8,FLT3LG,8
7.688026459608441e-106,1.310468659558938,0.541,0.259,1.4549590074808976e-101,8,GIMAP4,9
1.019747994659506e-104,1.563278226077914,0.407,0.155,1.929873079893115e-100,8,AQP3,10
3.921654765873452e-104,1.1063748752032279,0.644,0.355,7.421731644415508e-100,8,GIMAP7,11
2.3311351848116583e-103,0.3905872297060782,0.99,0.925,4.411673337256063e-99,8,RACK1,12
2.900385093371995e-96,0.4441299420549818,0.954,0.854,5.4889787892065004e-92,8,MYL12A,13
1.8110768456762044e-94,1.2894965849546378,0.507,0.246,3.427462930442217e-90,8,TRAF3IP3,14
1.287900006843472e-92,0.2591491074216856,0.999,0.983,2.4373507629512707e-88,8,TPT1,15
3.187761750090541e-91,0.4472178502604365,0.949,0.863,6.0328391120463485e-87,8,EEF1B2,16
1.5556709777733564e-88,0.2858459032902747,0.996,0.969,2.944107325436077e-84,8,TMSB10,17
2.914615295051596e-88,0.6713480587285305,0.882,0.605,5.515909445885145e-84,8,CD3D,18
4.210487352629795e-86,1.3939782810055728,0.492,0.266,7.968347314851888e-82,8,NOSIP,19
4.9816544880367635e-83,0.5380228817494981,0.896,0.723,9.427781118609575e-79,8,S100A6,20
1.1743076281284877e-80,0.5036398400985451,0.954,0.74,2.222377186233163e-76,8,CD3E,21
2.2851898343378542e-80,0.32136552249981376,0.966,0.912,4.324721761484389e-76,8,ACTG1,22
2.084318184496392e-79,0.7849931517387905,0.72,0.481,3.944572164159422e-75,8,CD2,23
3.100926576736799e-79,1.6407458622747448,0.316,0.12,5.868503546474392e-75,8,AC243960.1,24
3.5929372933096077e-78,0.34285526998519034,0.986,0.917,6.799633827588433e-74,8,UBA52,25
3.2200434496651486e-77,1.262429125506074,0.463,0.231,6.093932228491294e-73,8,LINC00861,26
3.1937489193675606e-76,0.6289373181623574,0.812,0.652,6.044169829903108e-72,8,SNRPD2,27
5.660943660545715e-74,0.3711908790175751,0.962,0.891,1.0713335877582767e-69,8,EEF1D,28
1.5126677451967977e-73,0.3930787832623239,0.951,0.859,2.86272370778494e-69,8,PFDN5,29
2.2192477629099015e-73,1.7564613955149408,0.303,0.121,4.199926391306989e-69,8,TCF7,30
1.0855548538120197e-72,0.7533900115819114,0.74,0.542,2.0544125608392474e-68,8,C12orf57,31
3.063582421998701e-72,1.6400326730307013,0.271,0.095,5.7978297336325415e-68,8,TRAV1-2,32
3.739117392937431e-72,0.26805291284723864,0.998,0.975,7.076279666134088e-68,8,FAU,33
5.513151031749725e-72,0.47748886554224157,0.905,0.782,1.0433638327586353e-67,8,TOMM7,34
3.299905594477692e-70,0.5752793491279413,0.826,0.692,6.245071337549032e-66,8,FXYD5,35
7.708486966318055e-70,0.819199804876181,0.678,0.507,1.458831158375692e-65,8,LDHB,36
3.8050992215563585e-69,0.34457826901997146,0.968,0.889,7.2011502767954085e-65,8,SH3BGRL3,37
6.092578975944344e-68,0.40750385984959836,0.926,0.839,1.1530205711974671e-63,8,BTF3,38
2.014498687111392e-67,0.7442877435091173,0.701,0.513,3.8124387653583094e-63,8,GPSM3,39
6.492608643026489e-66,1.1376127217939689,0.433,0.214,1.228726185692763e-61,8,HSPA1B,40
1.4977835722977112e-65,0.5212966792095504,0.843,0.712,2.8345554105734185e-61,8,COMMD6,41
4.158517893767281e-65,0.6766764699198662,0.723,0.528,7.869995113954579e-61,8,EVL,42
1.5272134247645792e-63,0.44942032065862136,0.871,0.768,2.890251406366966e-59,8,EEF1G,43
2.490538081107818e-63,0.47463022545725586,0.863,0.736,4.713343318496546e-59,8,ATP5MC2,44
4.2142964400036464e-63,0.31454285391457315,0.981,0.924,7.9755560127069e-59,8,NACA,45
4.3064431029991125e-62,1.4636718021303976,0.278,0.108,8.14994357242582e-58,8,SLAMF1,46
4.631989047952424e-62,0.3807919206096937,0.978,0.814,8.766039273249962e-58,8,IL32,47
6.0724904881543414e-61,1.1542404006011417,0.435,0.23,1.149218824883209e-56,8,TRAC,48
1.277639402435996e-60,0.44689521130924215,0.867,0.763,2.4179325691101224e-56,8,HINT1,49
1.701953531002014e-60,0.40259243061807526,0.908,0.796,3.2209470574213115e-56,8,PTPRCAP,50
1.3333376287265864e-56,0.6479872869354542,0.704,0.554,2.5233414623650648e-52,8,GMFG,51
1.2973391260681374e-54,0.6696392046971775,0.685,0.513,2.45521429608395e-50,8,CD48,52
7.771812867171155e-53,0.6937887125797393,0.662,0.497,1.4708155851121412e-48,8,GSTK1,53
2.879714138151909e-51,0.48135850456639284,0.803,0.689,5.449859006452488e-47,8,EIF3K,54
8.259543092801945e-51,0.3945858969172713,0.887,0.777,1.5631185303127682e-46,8,ATP5MG,55
9.87062909904178e-51,0.417812760515738,0.871,0.767,1.8680165569936567e-46,8,COX7C,56
1.6625027605081736e-50,1.2431920486414696,0.331,0.161,3.1462864742617186e-46,8,GIMAP1,57
3.1577456738957097e-50,0.6830679801682495,0.662,0.5,5.9760336878476305e-46,8,AES,58
1.2102857602949334e-48,0.6573422039884034,0.652,0.516,2.2904658013581614e-44,8,MZT2B,59
1.2757644942570232e-48,1.342025227136555,0.288,0.132,2.414384305381416e-44,8,OXNAD1,60
2.2851350278635952e-48,1.3619622029956036,0.262,0.112,4.324618040231854e-44,8,TNF,61
2.3245173542920902e-48,1.0141992530987527,0.45,0.275,4.399149092997781e-44,8,HSPB1,62
1.729118889291477e-46,1.064814834684527,0.395,0.221,3.27235749798412e-42,8,RCSD1,63
2.3260660882302043e-46,0.3975071424011949,0.843,0.748,4.402080071975661e-42,8,MIF,64
1.9500260022801895e-45,0.26429433093125443,0.965,0.899,3.690424209315259e-41,8,SERF2,65
4.8321359319944464e-45,0.6465255658299447,0.654,0.474,9.14481725129949e-41,8,S100A11,66
1.3081912482172546e-44,0.30012934529314217,0.915,0.857,2.4757519372511544e-40,8,MT-ND2,67
1.6680120263313863e-43,0.25580616087808705,0.976,0.909,3.1567127598321484e-39,8,ATP5F1E,68
6.630451494189343e-42,0.8892886442818699,0.457,0.279,1.2548129452753331e-37,8,HSPA1A,69
1.0567867526062646e-41,0.3199513059129817,0.916,0.835,1.999968929307356e-37,8,TMA7,70
8.307428639983553e-41,0.4152995771370418,0.8,0.711,1.5721808701168872e-36,8,OST4,71
2.0592559010983707e-39,0.8559718829163563,0.447,0.277,3.8971417928286666e-35,8,LCP2,72
1.1833456868632227e-38,1.1992127929117626,0.327,0.184,2.2394817123886488e-34,8,CORO1B,73
2.1273932171677142e-38,0.6598193930279188,0.598,0.461,4.026091663489899e-34,8,ZFAS1,74
2.410579289364305e-38,0.30574085651972194,0.865,0.804,4.562021305121947e-34,8,RAC2,75
1.8363307200740458e-37,0.8194955991132171,0.48,0.331,3.475255887740132e-33,8,LAMTOR4,76
2.13666834168741e-37,0.2790150855323148,0.901,0.845,4.0436448366434236e-33,8,COX4I1,77
5.7521094185000935e-37,0.5649666642796949,0.643,0.531,1.0885867074511427e-32,8,APRT,78
1.2572656282355834e-35,0.7783360245376381,0.488,0.34,2.379375201435842e-31,8,CKLF,79
1.4249284928084928e-35,0.27228149180164607,0.962,0.879,2.6966771726400726e-31,8,IFITM1,80
1.3899252854311993e-34,0.6382176351132631,0.573,0.45,2.6304336026785447e-30,8,DAD1,81
1.7152267736666579e-34,0.4253314203110037,0.749,0.643,3.24606666916415e-30,8,PPDPF,82
2.459445488165682e-34,0.5465268714201645,0.639,0.496,4.654500586353554e-30,8,LCK,83
4.095052165839696e-34,0.2828065899624139,0.878,0.819,7.749886223851625e-30,8,ITM2B,84
7.779087338149658e-34,0.4933540336815425,0.711,0.58,1.4721922787448227e-29,8,EMP3,85
3.0558892414335348e-33,0.737316645758471,0.504,0.365,5.783270389412965e-29,8,SNHG8,86
5.003314580645583e-32,0.7936454405999711,0.451,0.312,9.468772843871766e-28,8,CHURC1,87
6.222612659654563e-32,0.8198684806145875,0.433,0.292,1.177629445839626e-27,8,PRDX2,88
3.951368857641957e-31,0.5645058122845779,0.606,0.485,7.477965563087403e-27,8,HIGD2A,89
8.191226039614225e-31,0.8330082351548913,0.432,0.294,1.550189527996992e-26,8,PLP2,90
1.981561329538904e-30,0.39905827436520935,0.743,0.654,3.750104816152376e-26,8,SLC25A6,91
3.5316880401176504e-30,0.543119173079496,0.606,0.488,6.683719615922654e-26,8,CNN2,92
4.359986689500141e-30,0.538619223332979,0.625,0.507,8.251274809879017e-26,8,KLRB1,93
1.019905564838984e-29,0.776439741377525,0.461,0.335,1.930171281457777e-25,8,MZT2A,94
1.3168324184652624e-29,0.50321730018472,0.636,0.531,2.492105351945509e-25,8,KRTCAP2,95
2.499681828690507e-29,0.7545111881699698,0.436,0.297,4.730647860796785e-25,8,LAT,96
3.462370786668805e-29,0.43974338474998387,0.676,0.6,6.5525367137707135e-25,8,COX6B1,97
6.767410389750848e-29,0.9423838634087818,0.358,0.229,1.280732416260348e-24,8,RGS10,98
7.463520391431675e-29,0.4467060849012925,0.675,0.593,1.4124712340784445e-24,8,SSR2,99
9.910643919365118e-29,0.2586584524466442,0.873,0.815,1.8755893617398488e-24,8,PSME1,100
2.0803605229834115e-28,0.4360907497973878,0.683,0.598,3.937082289746106e-24,8,LIMD2,101
2.919738391833438e-28,0.30156984958195165,0.806,0.735,5.5256049065447816e-24,8,LAPTM5,102
5.49969535001894e-28,0.698469722831206,0.467,0.334,1.0408173449910845e-23,8,TUBB,103
5.846584370610928e-27,0.6277375627009787,0.522,0.407,1.106466092138118e-22,8,ABRACL,104
5.847759977142961e-27,0.44703819938244527,0.655,0.56,1.1066885756743053e-22,8,RNASEK,105
7.976207435128115e-27,0.8467377656906401,0.396,0.276,1.5094972570979958e-22,8,PHB2,106
1.7077688099057818e-26,0.3697560345124091,0.711,0.638,3.231952472746692e-22,8,ARPC1B,107
2.241590061359494e-26,0.5385638339346785,0.59,0.479,4.242209191122842e-22,8,FOS,108
4.12203196037239e-26,0.9026046772625435,0.326,0.202,7.800945485004748e-22,8,TTC39C,109
8.009851290483153e-26,0.9269031823456441,0.311,0.191,1.5158643567239366e-21,8,CASP1,110
1.4046598337869198e-25,0.7012624829363325,0.446,0.324,2.6583187354417456e-21,8,PNISR,111
3.0705725063035314e-25,0.44535245745275986,0.642,0.572,5.811058468179433e-21,8,EIF3F,112
5.76799433690766e-25,0.8525511215896759,0.345,0.222,1.0915929282597747e-20,8,TNFAIP8,113
6.196268750318586e-25,0.5010188663046868,0.595,0.495,1.1726438609977925e-20,8,TMEM258,114
1.0703018609384053e-24,0.5750827803990102,0.542,0.443,2.025546271825932e-20,8,ANAPC16,115
1.969039168429347e-24,0.5605171668521176,0.542,0.437,3.726406626252539e-20,8,CUTA,116
2.8529473332620664e-24,0.7888937039332198,0.367,0.245,5.399202828198461e-20,8,KLRG1,117
5.958226213574291e-24,0.49939870043074874,0.581,0.477,1.1275943109189345e-19,8,SEPT1,118
7.612069640493937e-24,0.9226042600331305,0.259,0.146,1.4405841794634777e-19,8,SIRPG,119
1.1294180455869914e-23,0.7590473880813784,0.379,0.258,2.137423651273381e-19,8,CCDC107,120
5.796292606021375e-23,0.8515336181213503,0.335,0.22,1.0969483756895451e-18,8,LIME1,121
1.395696124803925e-22,0.5981125655741495,0.491,0.386,2.641354916191428e-18,8,PEBP1,122
1.4663669951939993e-22,0.7714632895587639,0.378,0.268,2.7750995384046438e-18,8,C8orf59,123
2.807921935300999e-22,0.5021398677397002,0.543,0.444,5.313992262557141e-18,8,EIF4A2,124
3.488965034882479e-22,0.3620259607386953,0.705,0.634,6.602866328515092e-18,8,UQCR11,125
6.269959958197611e-22,0.3886546661930059,0.675,0.603,1.1865899220888979e-17,8,NDUFA4,126
8.729868500679383e-22,0.7850213701011063,0.355,0.245,1.6521276137535734e-17,8,ZYX,127
1.1947004549183984e-21,0.2650910592529727,0.793,0.741,2.260970610933069e-17,8,CLIC1,128
1.3024885800478862e-21,0.2848699745291037,0.741,0.679,2.4649596377406246e-17,8,SSR4,129
1.3439090997640637e-21,0.3496248940600788,0.703,0.643,2.5433479713034907e-17,8,COX6C,130
1.960769882779269e-21,0.4976112128325514,0.538,0.401,3.7107570031597664e-17,8,CD3G,131
6.233328244451351e-21,0.5969656984221183,0.451,0.33,1.1796573702624182e-16,8,GBP5,132
9.2987316989349e-21,0.8261709986672605,0.311,0.2,1.7597849740234297e-16,8,NCR3,133
1.0249635480277491e-19,0.618009796289253,0.429,0.319,1.939743514642515e-15,8,TSPO,134
1.0540053150148427e-19,0.6133485330181621,0.469,0.375,1.99470505866559e-15,8,SMDT1,135
1.2329482887234062e-19,0.5307726413650857,0.517,0.421,2.3333546364090463e-15,8,JUN,136
1.3046685140946062e-19,0.42841036093230134,0.596,0.523,2.469085162924042e-15,8,UQCR10,137
1.4662462965607803e-19,0.3162718291455313,0.712,0.641,2.774871116241277e-15,8,PSMB9,138
1.5768743461746335e-19,0.3392623801804011,0.68,0.605,2.984234700135494e-15,8,GABARAP,139
2.0466380522006955e-19,0.7315147413664169,0.354,0.251,3.873262513789816e-15,8,POLD4,140
3.062818405027587e-19,0.33864938113435405,0.686,0.629,5.796383831514709e-15,8,ELOB,141
4.2830735004659717e-19,0.7583148339026022,0.319,0.213,8.105716599631852e-15,8,CD27,142
6.532418348635892e-19,0.38932565584735146,0.635,0.564,1.2362601724793426e-14,8,NOP53,143
8.508712521173837e-19,0.8316108100980825,0.308,0.208,1.6102738446321485e-14,8,NME3,144
8.967218992327565e-19,0.6348057291769091,0.404,0.296,1.6970461942979917e-14,8,TBC1D10C,145
1.204152084453868e-18,0.6596238544756059,0.388,0.286,2.278857819828945e-14,8,PPP1R18,146
1.4531661553416096e-18,0.40352178088159407,0.596,0.516,2.750116948983996e-14,8,ARL6IP5,147
2.788466385313301e-18,0.2659625012470568,0.843,0.727,5.277172634205422e-14,8,VIM,148
3.1582311027406786e-18,0.27602470341396357,0.759,0.704,5.976952361936735e-14,8,UQCRB,149
5.168599304123951e-18,0.47168687413990895,0.547,0.477,9.781574183054578e-14,8,EIF3E,150
1.22284560754065e-17,0.3442136905458657,0.647,0.592,2.31423531227068e-13,8,FYB1,151
3.56989794351465e-17,0.4382653791077522,0.548,0.479,6.756031858101475e-13,8,ATP5F1D,152
4.161271057280141e-17,0.8620824572739522,0.269,0.176,7.875205475902667e-13,8,LSM2,153
4.873259361482053e-17,0.7058025687822749,0.369,0.276,9.222643341604786e-13,8,TSTD1,154
5.853059370123895e-17,0.4476780847926354,0.546,0.479,1.107691485795947e-12,8,EIF3H,155
9.31474139672583e-17,0.6981579290370066,0.319,0.218,1.7628148093303634e-12,8,ERN1,156
1.5638034109592233e-16,0.7640312123347036,0.318,0.226,2.9594979552403302e-12,8,NAA38,157
2.0759017180484838e-16,0.7358917996997396,0.309,0.215,3.928644001406756e-12,8,VSIR,158
2.0843980800234335e-16,0.47743681130773963,0.525,0.46,3.9447233664443474e-12,8,UXT,159
2.7497340518578137e-16,0.5961260619931896,0.418,0.329,5.203871693140912e-12,8,REX1BD,160
2.8694146226933975e-16,0.26104862952199204,0.749,0.694,5.430367173447255e-12,8,CD37,161
5.183038039496736e-16,0.2704873024789154,0.737,0.67,9.808899489747572e-12,8,RARRES3,162
7.675729080657295e-16,0.6802946781284915,0.302,0.204,1.452631728514393e-11,8,MGAT4A,163
8.338855010844258e-16,0.4694613058463273,0.526,0.457,1.578128310802276e-11,8,NME2,164
1.0012674383477853e-15,0.8337820599251123,0.271,0.185,1.894898627073184e-11,8,MRPS34,165
1.0160271641022183e-15,0.4934892639629711,0.49,0.414,1.922831408063448e-11,8,C19orf53,166
1.9165656169716583e-15,0.4214998086030328,0.529,0.447,3.6271004301188635e-11,8,DRAP1,167
2.1759474800339418e-15,0.860534611714863,0.26,0.176,4.117980605964235e-11,8,PRMT9,168
7.718440537329812e-15,0.5160057296845872,0.455,0.377,1.460714871689667e-10,8,SELENOW,169
1.0938630335372224e-14,0.48636375640333807,0.459,0.374,2.0701357909691933e-10,8,KRT10,170
1.2408089471087468e-14,0.6159142402739135,0.384,0.303,2.348230932403303e-10,8,GTF3A,171
1.5478286441432713e-14,0.45555749925132605,0.508,0.435,2.929265709041141e-10,8,ERP29,172
2.117921777714214e-14,0.6608599629382602,0.343,0.261,4.00816696432415e-10,8,COX7A2L,173
3.593462095460037e-14,0.6378079928891086,0.299,0.206,6.80062701565812e-10,8,DENND2D,174
4.5858926184784966e-14,0.43207142762481343,0.511,0.447,8.678801780470555e-10,8,C9orf16,175
6.75155158271743e-14,0.26772225222427926,0.716,0.646,1.2777311370292735e-9,8,S100A10,176
8.021131806023879e-14,0.3618934429672902,0.562,0.499,1.517999194290019e-9,8,PRR13,177
1.0633096609116218e-13,0.267926856860075,0.687,0.632,2.0123135332752442e-9,8,PSME2,178
1.182138607227509e-13,0.7303673341209758,0.275,0.192,2.2371973141780606e-9,8,PIM2,179
1.3507825589159832e-13,0.473966351509691,0.447,0.364,2.5563559927484984e-9,8,CCND3,180
2.403216793111839e-13,0.5622602033327497,0.4,0.324,4.548087780964156e-9,8,MINOS1,181
5.071322734172075e-13,0.562587037276834,0.427,0.363,9.597478274420652e-9,8,NSA2,182
5.193766946485575e-13,0.569773302687117,0.356,0.269,9.829203946223951e-9,8,H1FX,183
5.22743902739728e-13,0.33331020812507006,0.6,0.532,9.892928359349352e-9,8,LY6E,184
6.469242775251508e-13,0.4972747722055424,0.427,0.355,1.2243041952163478e-8,8,N4BP2L2,185
6.523690683795277e-13,0.5618758291134756,0.36,0.277,1.2346084619082563e-8,8,SAMHD1,186
9.140712938765902e-13,0.34618389938871097,0.562,0.507,1.729879923661447e-8,8,PPP1CA,187
1.087543744540072e-12,0.3711177658546876,0.55,0.508,2.0581765365420863e-8,8,ATP5MD,188
1.1326599194566375e-12,0.3407467619061264,0.589,0.541,2.1435588975716865e-8,8,EIF3G,189
1.4064149819383834e-12,0.4775816979094438,0.449,0.385,2.6616403533183905e-8,8,NDUFB9,190
1.8747385566916728e-12,0.2760205144936254,0.634,0.596,3.5479427185389906e-8,8,CAPZB,191
2.0341155339144843e-12,0.32587258954049236,0.603,0.546,3.8495636479331616e-8,8,TRBC2,192
3.155076936466232e-12,0.48551680360444127,0.425,0.349,5.970983102262344e-8,8,CCDC85B,193
3.216070665517664e-12,0.6387359499512884,0.256,0.173,6.086413734492178e-8,8,PIM1,194
4.755060118920825e-12,0.42380091388054164,0.474,0.414,8.998951275057661e-8,8,VAMP8,195
4.869727402626724e-12,0.49970466655867485,0.436,0.373,9.215959109471076e-8,8,SELENOH,196
6.670713838450234e-12,0.40748272503032545,0.49,0.448,1.262432593926707e-7,8,EIF3L,197
8.093601388415091e-12,0.37706748811798163,0.517,0.46,1.531714062757556e-7,8,WDR83OS,198
8.1094186085759e-12,0.6687112741833516,0.286,0.209,1.5347074716729893e-7,8,RIPOR2,199
1.2404671556376562e-11,0.40514105465666317,0.484,0.421,2.3475840920442642e-7,8,ARL6IP4,200
1.7237946007952072e-11,0.627973503792298,0.303,0.227,3.26228128200493e-7,8,PSIP1,201
1.7932184125496104e-11,0.5660779015523068,0.353,0.281,3.3936658457501377e-7,8,IKZF1,202
1.862278467176437e-11,0.6769645948765959,0.253,0.178,3.5243619991314067e-7,8,BCL7C,203
1.9091848169947804e-11,0.516646987635587,0.379,0.307,3.613132266162622e-7,8,UBE2L6,204
2.6650411082350442e-11,0.49469140143914836,0.39,0.318,5.043590297334821e-7,8,RBL2,205
2.667590135585101e-11,0.460796342054973,0.443,0.386,5.048414331594804e-7,8,NDUFB4,206
4.103708972541368e-11,0.6799478931285109,0.29,0.221,7.76626923053454e-7,8,PGLS,207
4.769465075122353e-11,0.46820225031353413,0.376,0.296,9.026212654669053e-7,8,CD6,208
5.322182362467793e-11,0.5848175975217207,0.286,0.208,1.0072230120970299e-6,8,CDC42EP3,209
8.348817485127779e-11,0.42839980174837167,0.439,0.378,1.5800137090604322e-6,8,ACAP1,210
9.663097062268736e-11,0.7090105315944529,0.265,0.194,1.8287411190343583e-6,8,ATRAID,211
1.8564616705204632e-10,0.6280431345920169,0.281,0.21,3.5133537114599766e-6,8,PTPN6,212
2.0333613947643452e-10,0.5159670214426213,0.391,0.337,3.848136439591523e-6,8,ATP5PD,213
2.0460610567147438e-10,0.49314198797213527,0.374,0.304,3.872170549832653e-6,8,CSK,214
2.6121009999950664e-10,0.6104909788002771,0.29,0.219,4.943401142490663e-6,8,VAMP5,215
2.82648240422025e-10,0.2908567900780614,0.592,0.548,5.349117949986823e-6,8,COX8A,216
3.0544255510008683e-10,0.45403048828074977,0.386,0.31,5.7805003552691435e-6,8,TC2N,217
3.662028257821465e-10,0.5748070509471429,0.303,0.233,6.930388477927122e-6,8,LUC7L3,218
6.10850831980431e-10,0.6339020032450765,0.291,0.224,1.1560351995229655e-5,8,NHP2,219
6.712723075100757e-10,0.649005792518118,0.255,0.188,1.2703828419628183e-5,8,PIN1,220
8.020374053445157e-10,0.4810087231561089,0.349,0.276,1.517855789614496e-5,8,FKBP11,221
8.973649074278698e-10,0.577387108848332,0.325,0.263,1.6982630873072435e-5,8,C19orf70,222
9.37135789055776e-10,0.5742125921650149,0.28,0.209,1.773529480788056e-5,8,DEF6,223
9.709971867475647e-10,0.446274322147848,0.402,0.337,1.8376121759197663e-5,8,STAT1,224
1.7054374656841801e-9,0.31240618209255766,0.53,0.494,3.227540403807311e-5,8,ICAM3,225
1.895998871956399e-9,0.4440048534365988,0.419,0.362,3.588177865177485e-5,8,ANP32B,226
2.5282881101538864e-9,0.49345128508373826,0.359,0.296,4.78478524846623e-5,8,ARHGAP15,227
2.6504911875668467e-9,0.4604131416974293,0.367,0.3,5.016054572470258e-5,8,AAK1,228
2.9813479838428486e-9,0.6134136630615181,0.287,0.224,5.642201059422591e-5,8,CBX3,229
3.787582287353528e-9,0.5037222703175432,0.367,0.314,7.167999478816553e-5,8,MRPS21,230
4.886282460876142e-9,0.28525649120539986,0.561,0.535,9.247289557208099e-5,8,NDUFB11,231
6.5918463669627085e-9,0.5292666531039016,0.301,0.236,1.2475069249476926e-4,8,SYNRG,232
6.658514430148998e-9,0.30363563722439935,0.519,0.468,1.2601238559056978e-4,8,GYPC,233
7.051888477591319e-9,0.4088398172318439,0.451,0.406,1.3345698943841573e-4,8,TBCA,234
1.0353883527011253e-8,0.5212390930135746,0.338,0.281,1.9594724574868795e-4,8,MRPL57,235
1.1738030809988287e-8,0.5373224665576559,0.287,0.221,2.2214223307902834e-4,8,PNP,236
1.2579729856936305e-8,0.6003105699555915,0.252,0.188,2.3807138754251958e-4,8,PIK3IP1,237
1.3464231089415979e-8,0.46788450475097987,0.335,0.27,2.548105733671974e-4,8,IL16,238
2.2155741608675957e-8,0.4139155335133742,0.356,0.29,4.192974099441925e-4,8,KIAA1551,239
3.501335453936951e-8,0.5680774036868567,0.253,0.193,6.626277346575679e-4,8,HMOX2,240
4.432909716140339e-8,0.6706195265744838,0.258,0.204,8.389281637795592e-4,8,ATP5MC1,241
4.455551989051703e-8,0.4979347782720329,0.333,0.277,8.432132139280348e-4,8,MGST3,242
4.580145068313256e-8,0.6084403462244558,0.293,0.242,8.667924541782838e-4,8,TMEM219,243
4.911567886520718e-8,0.3215601413911999,0.506,0.479,9.29514222524046e-4,8,NDUFA3,244
4.9210184077184595e-8,0.546994623239155,0.291,0.235,9.313027336607185e-4,8,SSNA1,245
5.7615940334228936e-8,0.6552963372171344,0.262,0.209,0.0010903816708252826,8,TMEM256,246
6.482341664014232e-8,0.4579157272566503,0.366,0.312,0.0012267831599146934,8,SF3B5,247
6.619139284331599e-8,0.5393166744985348,0.259,0.198,0.001252672109559755,8,YWHAH,248
8.407708954282634e-8,0.45619499661281115,0.376,0.331,0.0015911589195979885,8,COPS9,249
9.165312283046379e-8,0.5521503091333985,0.284,0.231,0.0017345353495665271,8,AIP,250
1.0034488278405282e-7,0.5066219476012797,0.337,0.288,0.0018990269066881996,8,NDUFB7,251
1.1204042302301624e-7,0.5650754511646734,0.275,0.221,0.0021203650057105825,8,TWF2,252
1.448085239865798e-7,0.47860236280446156,0.319,0.265,0.002740501316446023,8,TAF10,253
1.481632293450842e-7,0.5610576095679224,0.295,0.244,0.0028039891153557183,8,TMEM14B,254
1.595672570796525e-7,0.29513014366753776,0.501,0.461,0.0030198103402324238,8,PSMB8,255
1.6525355569801548e-7,0.5166915317335032,0.328,0.279,0.003127423541584943,8,NDUFA11,256
1.847151342215825e-7,0.5716209408258273,0.283,0.23,0.003495733915143449,8,OCIAD2,257
1.857446482716148e-7,0.5312948355235172,0.26,0.202,0.00351521746854031,8,POLR2G,258
2.8554232084413985e-7,0.3460976851835551,0.427,0.385,0.005403888421975347,8,VPS28,259
3.5683599894503503e-7,0.4023575518890472,0.365,0.313,0.006753121280034788,8,CARD16,260
5.303654085421481e-7,0.4898037060053073,0.319,0.268,0.010037165356660153,8,DUT,261
5.340964496838865e-7,0.2972808349957392,0.494,0.463,0.010107775310267552,8,CIB1,262
5.829176380053418e-7,0.3680573491167567,0.428,0.398,0.011031716299251093,8,ATP5PF,263
5.954815671371285e-7,0.39410933920547553,0.376,0.329,0.011269488658070157,8,NDUFB10,264
7.489429187967681e-7,0.5623595457296642,0.257,0.206,0.014173744738228836,8,ZRANB2,265
8.80253375839948e-7,0.496397768791909,0.315,0.27,0.016658795137771014,8,HAX1,266
9.296827964082595e-7,0.5222041389170429,0.292,0.243,0.01759424692202631,8,EIF2S3,267
1.2683134619844456e-6,0.2671235500640998,0.528,0.506,0.024002832268055635,8,GPX4,268
1.3719735180530239e-6,0.2899705543172537,0.488,0.466,0.025964598829153477,8,C4orf3,269
1.616392170723898e-6,0.34866075862229273,0.405,0.36,0.030590221830949768,8,RNASET2,270
1.8914223020551315e-6,0.29710911759478664,0.47,0.437,0.035795167066393366,8,ATP5IF1,271
2.109439738801744e-6,0.3765345448016717,0.421,0.389,0.039921147056823,8,NEDD8,272
2.272830869240073e-6,0.5018089202844377,0.273,0.224,0.04301332420036838,8,CHCHD10,273
2.634061538000466e-6,0.2789068540803046,0.486,0.46,0.049849614606658814,8,PSMB10,274
3.1568378110862153e-6,0.38325262339561106,0.343,0.295,0.059743155574806625,8,CITED2,275
3.305948544590395e-6,0.43305599689641805,0.281,0.228,0.06256507620637322,8,CMTM3,276
3.590042538174262e-6,0.510192719800682,0.257,0.21,0.0679415550349479,8,ZNRD1,277
3.6434577168775035e-6,0.45144704719602746,0.334,0.297,0.06895243729190675,8,FIS1,278
3.7307328074394956e-6,0.4171076227050323,0.253,0.197,0.07060411838079245,8,CD28,279
3.7406311586459117e-6,0.3552721672242165,0.397,0.362,0.07079144467737387,8,UFC1,280
5.473073824803274e-6,0.3029258366463685,0.454,0.431,0.10357792213440195,8,TRAPPC1,281
6.823565069458714e-6,0.3885922418685859,0.389,0.361,0.12913596893950616,8,EIF3M,282
6.869252476994446e-6,0.5256681126798335,0.263,0.219,0.1300006031271199,8,TMBIM4,283
7.902595038028772e-6,0.5286498246911888,0.28,0.238,0.1495566110946945,8,DGUOK,284
8.161786261165837e-6,0.30640573788716785,0.418,0.382,0.15446180499256346,8,PRELID1,285
8.80324029161698e-6,0.3584795180795002,0.387,0.353,0.16660132251885132,8,SSBP1,286
1.281214735590182e-5,0.4061754943524316,0.32,0.277,0.24246988871044195,8,SELPLG,287
1.7620526455589687e-5,0.40346225456641915,0.293,0.246,0.3334684631720348,8,ARPC5L,288
1.950130512143275e-5,0.3029162921275388,0.408,0.373,0.3690621994231148,8,YPEL3,289
2.2045073102754905e-5,0.4930913434421692,0.271,0.232,0.4172030084696366,8,ZNHIT1,290
2.227405844765492e-5,0.42591981903808795,0.305,0.265,0.42153655612186935,8,RNF167,291
2.4658204230356632e-5,0.32761838657421194,0.389,0.357,0.4666565150594993,8,BST2,292
3.693851275926871e-5,0.34501703703441633,0.361,0.324,0.6990613539691604,8,SIGIRR,293
3.880806433326535e-5,0.30702003750693985,0.403,0.369,0.7344426175070468,8,PPP1R15A,294
3.957870797289275e-5,0.45604195171069084,0.273,0.232,0.7490270483869954,8,TMEM123,295
4.980899515892634e-5,0.4260295168990309,0.29,0.25,0.9426352333826811,8,ICAM2,296
5.253385536348935e-5,0.41711392383056833,0.322,0.292,0.9942032127540359,8,C1QBP,297
6.762630601951681e-5,0.4939214219120722,0.278,0.244,1,8,MRPL52,298
5.374528574465157e-5,0.46315768506767696,0.281,0.243,1,8,METTL26,299
1.2506604647697847e-4,0.45843723945652837,0.272,0.239,1,8,COX14,300
1.2628925437932384e-4,0.4380191017155004,0.254,0.218,1,8,GRK6,301
8.530604168400193e-5,0.43632452269276856,0.32,0.293,1,8,DDT,302
1.6228481845864564e-4,0.43594101662825535,0.264,0.229,1,8,VPS29,303
5.732428768337998e-4,0.43092251442292884,0.279,0.252,1,8,MRPL51,304
3.365397987083116e-4,0.43068709090702584,0.28,0.252,1,8,SMIM26,305
5.207558434319678e-4,0.4223306361807677,0.262,0.231,1,8,POLR2J,306
5.909162176024834e-5,0.4214652938869148,0.253,0.212,1,8,SCML4,307
1.957737272290855e-4,0.41188916992455504,0.315,0.292,1,8,DYNLRB1,308
3.3334695964220743e-4,0.40912715132035793,0.255,0.22,1,8,SP110,309
0.006362153016349089,0.38783414175793485,0.251,0.232,1,8,IFI27L2,310
0.00114469737191122,0.37880196248770304,0.313,0.294,1,8,NDUFAF3,311
4.2926596659850514e-4,0.3764003921687695,0.309,0.28,1,8,PYURF,312
9.696608082719893e-4,0.3726579690503281,0.252,0.219,1,8,SNHG12,313
4.4949053012906666e-4,0.37085386247422203,0.279,0.241,1,8,SASH3,314
2.187517450602504e-4,0.3664498730090071,0.323,0.292,1,8,CASP4,315
0.001236468879994503,0.3650404072441378,0.312,0.294,1,8,NDUFA2,316
0.00276469244754955,0.36167084430488505,0.275,0.25,1,8,SPSB3,317
2.023896244142407e-4,0.3590278988140476,0.347,0.32,1,8,MPHOSPH8,318
4.180878530289203e-4,0.35662676165372575,0.325,0.298,1,8,MRPL41,319
7.64539669227552e-5,0.3502192606825274,0.362,0.334,1,8,BIN2,320
1.907746583751087e-4,0.34619911542235293,0.348,0.324,1,8,TBCB,321
5.883971149117572e-5,0.3440379020348532,0.339,0.296,1,8,PBXIP1,322
0.005708214372986057,0.340488564959164,0.286,0.269,1,8,PDCD6,323
9.501935233241029e-4,0.3380245980772283,0.301,0.272,1,8,TNFRSF14,324
2.1271474048180144e-4,0.33694558607842473,0.334,0.302,1,8,POLR1D,325
0.0076498099809433175,0.3301079745879245,0.302,0.287,1,8,SRI,326
3.548076486286929e-4,0.32820618409444435,0.326,0.297,1,8,SNX6,327
9.894636381886377e-4,0.3260770920729512,0.334,0.313,1,8,EIF3D,328
0.007580351476029453,0.3203727200568496,0.295,0.279,1,8,PSMC5,329
0.0018944011188854173,0.31017857175395647,0.281,0.247,1,8,CD5,330
0.001631817804643325,0.3004407929680817,0.348,0.327,1,8,RWDD1,331
0.002039966354761808,0.2993359381952718,0.32,0.296,1,8,TMEM230,332
1.4578406148351857e-4,0.2967112087712165,0.409,0.39,1,8,CCT4,333
0.005499780468601318,0.29178843629593865,0.323,0.307,1,8,DPP7,334
0.0019541906439877023,0.2913799565793296,0.353,0.335,1,8,PSMA5,335
4.7775344522160284e-4,0.286675475259202,0.352,0.325,1,8,SHISA5,336
8.040171418456995e-5,0.28069004620444926,0.453,0.433,1,8,UCP2,337
6.13883788132344e-4,0.276826441089828,0.406,0.388,1,8,LSM7,338
0.008521483531504356,0.2766773655481234,0.28,0.256,1,8,CFLAR,339
3.7868417320438726e-4,0.27478600896430727,0.401,0.38,1,8,GABARAPL2,340
8.685384778486415e-5,0.274629570136371,0.467,0.451,1,8,ATP5ME,341
0.006233212533790111,0.2740260717017291,0.36,0.35,1,8,NOP10,342
0.0017117509390960981,0.2718568306704843,0.297,0.264,1,8,BTN3A2,343
3.2634135952045476e-4,0.2714544145357831,0.421,0.406,1,8,ATP5PB,344
0.009164866756801691,0.27014232891139645,0.328,0.313,1,8,ECH1,345
0.0033817389423799736,0.2666873971143242,0.353,0.336,1,8,OSTC,346
0.001845481027947166,0.2651564270020408,0.391,0.382,1,8,TOMM20,347
0.0033849363656178635,0.2563027160681708,0.401,0.402,1,8,COX5A,348
0.00972813405026183,0.2542419176159718,0.369,0.367,1,8,RTRAF,349
0,2.1414525677200844,0.82,0.29,0,9,FOSB,1
5.3704819125242376e-272,2.330869502199418,0.673,0.206,1.016363701945212e-267,9,HSPA1B,2
3.098913783924841e-240,1.5472588305173747,0.888,0.468,5.864694336077762e-236,9,FOS,3
2.2154897393505708e-222,1.1985981929871712,0.939,0.63,4.192814331720955e-218,9,DUSP1,4
1.3487342938712739e-218,1.6385774464662355,0.794,0.353,2.5524796511513857e-214,9,PPP1R15A,5
1.4403860672061094e-205,1.2809914817869092,0.9,0.617,2.725930632187562e-201,9,DNAJB1,6
6.531545296192858e-202,1.1038871087137379,0.909,0.656,1.2360949473044984e-197,9,DNAJA1,7
2.2237172924356012e-178,2.1303121008466754,0.535,0.176,4.2083849759343755e-174,9,NEU1,8
1.7434715931880618e-171,2.5663264452139427,0.377,0.088,3.2995199901084068e-167,9,EGR1,9
5.469425481714034e-165,1.2449536027160018,0.848,0.513,1.0350887724143809e-160,9,KLF6,10
1.3584890738580368e-152,1.4977425149802945,0.763,0.412,2.5709405722763346e-148,9,JUN,11
2.7197144553413374e-139,0.7767931454539667,0.919,0.716,5.147059606733481e-135,9,NR4A2,12
6.082480186640279e-138,0.505532136777243,0.991,0.939,1.1511093753216727e-133,9,HSPA8,13
1.6172893016300114e-137,0.6493641947884128,0.959,0.883,3.0607200033347968e-133,9,HSP90AA1,14
2.5406792496191414e-130,1.7622617716267563,0.596,0.275,4.808235479904225e-126,9,HSPA1A,15
2.8636759311681393e-129,1.4234880966128618,0.691,0.381,5.419506699735704e-125,9,UBE2S,16
3.548667448616082e-123,0.5746198058180347,0.963,0.874,6.715853146505935e-119,9,UBB,17
2.955144337258076e-122,1.5506808339010998,0.605,0.284,5.592610658260909e-118,9,CITED2,18
8.595220150637893e-121,0.6498190969710462,0.931,0.829,1.6266454135082213e-116,9,HSP90AB1,19
1.4226388169689423e-120,0.9377645678619957,0.845,0.6,2.692343961113723e-116,9,TSC22D3,20
3.078360293591052e-119,1.178404209999143,0.766,0.504,5.825796855621066e-115,9,TUBB4B,21
5.865875111397421e-104,0.8808024524004825,0.847,0.612,1.110116864831962e-99,9,CD69,22
1.0212727258108336e-97,1.3680607763206984,0.601,0.315,1.9327586335970025e-93,9,SERTAD1,23
1.1610428084173839e-97,1.112053827244814,0.707,0.431,2.197273514929899e-93,9,TAGAP,24
1.1975601148967071e-95,1.6720103579802699,0.443,0.173,2.2663825174420183e-91,9,IFNG,25
4.159171957380196e-95,1.2147519871655474,0.66,0.399,7.87123292934202e-91,9,HSPH1,26
2.398380092154232e-94,2.34004256950254,0.289,0.085,4.5389343244018835e-90,9,ATF3,27
7.382349671301075e-93,1.817163811600481,0.382,0.139,1.3971096752937284e-88,9,RASGEF1B,28
8.679719585289177e-93,1.5468286073093669,0.51,0.234,1.6426369315159767e-88,9,NR4A1,29
5.439717166810613e-91,1.016443978655202,0.718,0.442,1.0294664738189087e-86,9,MYADM,30
1.2529259480760055e-89,0.28753154144902027,0.999,0.984,2.3711623567338403e-85,9,EIF1,31
6.881229780686426e-86,0.9125480566787916,0.8,0.614,1.3022727359949062e-81,9,CCL4,32
4.052841171386833e-83,0.3210559348447255,0.995,0.972,7.670001916849582e-79,9,H3F3B,33
2.4137097743610954e-77,0.6472568727521142,0.889,0.74,4.567945747978373e-73,9,JUNB,34
1.2596784547543378e-74,0.8420160149552784,0.753,0.563,2.3839414756225842e-70,9,ZFP36L1,35
1.1200592666848106e-73,1.9308833727979224,0.287,0.096,2.119712162201004e-69,9,TNFSF9,36
3.5147382491278356e-73,1.0623307919096188,0.648,0.414,6.651642136474429e-69,9,TUBA1A,37
8.138927649322338e-72,0.34055864898379484,0.974,0.931,1.5402920576342523e-67,9,UBC,38
9.414650285271327e-71,1.6595608803854343,0.421,0.192,1.7817225664875987e-66,9,CCL4L2,39
2.529697458214289e-68,0.3828316804810523,0.924,0.858,4.787452439670542e-64,9,DDX5,40
4.418797426428482e-68,0.7472355984840333,0.766,0.598,8.362574129515903e-64,9,BRD2,41
7.367664402896342e-67,1.4568896699705558,0.441,0.222,1.3943304882481328e-62,9,H2AFX,42
9.679063792836231e-66,0.9246489259566113,0.66,0.44,1.831762822794257e-61,9,EIF4A2,43
1.5341092689310465e-65,1.941790275140772,0.297,0.112,2.9033017914520055e-61,9,TNF,44
6.099511729717063e-65,0.7834316515814908,0.732,0.554,1.154332594848954e-60,9,DYNLL1,45
1.3718199010861646e-64,1.0222657611419295,0.642,0.391,2.5961691628055667e-60,9,KLF2,46
1.0552521639672428e-62,0.8831939928665702,0.668,0.46,1.997064720308007e-58,9,RSRP1,47
1.984704879216331e-62,1.924349395522137,0.261,0.091,3.756053983916906e-58,9,AC020916.1,48
2.3021467042388707e-58,1.3935938036021742,0.421,0.212,4.356812637772063e-54,9,SNHG12,49
4.2099140377415515e-55,0.8547958590030462,0.662,0.457,7.967262316425886e-51,9,RGCC,50
5.0462779679850783e-54,0.7488651611649435,0.712,0.539,9.550081054411762e-50,9,BTG2,51
9.682455548245072e-52,0.40384263547564636,0.901,0.818,1.83240471250538e-47,9,PNRC1,52
2.1487738123400188e-51,1.0601699124996258,0.525,0.324,4.0665544398534853e-47,9,ODC1,53
2.9793096337293126e-50,1.0858028933421706,0.495,0.306,5.638343481832724e-46,9,CSRNP1,54
6.691577880848895e-50,0.42047879416282896,0.953,0.781,1.2663811139506533e-45,9,CCL5,55
1.9981660994669594e-47,0.7299023010943522,0.676,0.514,3.7815293432412204e-43,9,TUBA1B,56
1.8482254127386196e-46,1.2831844033384097,0.377,0.193,3.4977665936078375e-42,9,MYLIP,57
2.2732222087750606e-45,0.8434043220317688,0.642,0.468,4.3020730301068023e-41,9,GADD45B,58
6.225319253253494e-45,1.211699846636105,0.416,0.232,1.1781416686782237e-40,9,MARCKSL1,59
1.280927925649286e-44,0.9602687846078863,0.534,0.344,2.4241560992912736e-40,9,SOCS1,60
2.306596488928669e-44,0.38774792356322196,0.898,0.79,4.3652338552975056e-40,9,DUSP2,61
9.76381292983025e-44,0.39482127290698177,0.914,0.818,1.847801596970375e-39,9,ZFP36,62
5.836796051233203e-41,0.6003668301444995,0.747,0.615,1.1046136526958838e-36,9,IER2,63
1.4897585306104837e-39,0.5678559548344677,0.736,0.626,2.81936801918034e-35,9,FUS,64
4.0089257181499164e-38,0.7423312129041815,0.607,0.429,7.586891921598717e-34,9,ID2,65
1.6449233970351017e-37,0.8979170959901246,0.524,0.372,3.1130175288889296e-33,9,EIF4A3,66
9.090370465418369e-37,0.7723610606601239,0.557,0.383,1.720352610580426e-32,9,CCNL1,67
4.100448490798981e-36,1.4370618412944314,0.273,0.131,7.760098768837072e-32,9,FAM53C,68
4.867030938383355e-35,1.1953724695523276,0.339,0.182,9.2108560508905e-31,9,TOB1,69
8.200240645395186e-35,0.8177746702733437,0.54,0.392,1.5518955421410389e-30,9,GTF2B,70
6.939956536677074e-34,1.0917748311223066,0.4,0.245,1.3133867745661364e-29,9,CKS2,71
2.3212305493380385e-33,0.6890568380254889,0.606,0.462,4.3929288146222376e-29,9,ZFAS1,72
3.104345244119998e-33,0.8663606150604046,0.49,0.336,5.874973374497096e-29,9,ZC3HAV1,73
4.394639272772233e-31,0.8618692575777358,0.444,0.279,8.316854823721451e-27,9,LCP2,74
7.633299197750826e-31,0.28924854909440967,0.904,0.858,1.444601873174344e-26,9,MT-ND2,75
6.809964531299328e-30,0.5188971849737838,0.676,0.569,1.288785787548398e-25,9,EIF5,76
1.02567046131821e-29,1.130172500310908,0.309,0.166,1.9410813480447122e-25,9,ICOS,77
1.323897826310241e-28,1.0494746979935576,0.362,0.222,2.505476636292131e-24,9,ANKRD37,78
2.357728950858382e-28,0.8443552484383952,0.458,0.316,4.4620020394994886e-24,9,SLC38A2,79
3.024024463923519e-28,1.316302534992253,0.261,0.135,5.72296629797526e-24,9,ZFAND2A,80
3.7143083351657315e-28,1.106467970266641,0.325,0.187,7.029328524301148e-24,9,IER5,81
5.2769487990409705e-28,0.8049285593816722,0.466,0.317,9.986625602185036e-24,9,CLK1,82
9.263938191184595e-28,0.29635091155556736,0.889,0.833,1.7532003026816847e-23,9,ZFP36L2,83
5.3107331043522515e-27,0.849298127239287,0.397,0.245,1.0050562399986636e-22,9,KLRG1,84
1.7763803675608827e-26,0.6628016504511371,0.557,0.445,3.3617998456089703e-22,9,DDX3X,85
2.80874868372069e-26,0.7994072204982687,0.485,0.352,5.315556883941405e-22,9,RGS2,86
1.2951684359867343e-25,0.41707145112888355,0.741,0.657,2.4511062651048948e-21,9,SRSF2,87
1.6084707833767178e-25,0.4854407242681833,0.683,0.528,3.0440309575404386e-21,9,GZMK,88
2.095811054466473e-25,0.8348955668553188,0.448,0.324,3.9663224205778006e-21,9,AMD1,89
4.693467261034653e-25,1.0016652800176946,0.347,0.216,8.882386791508081e-21,9,ATF4,90
5.622698274909666e-25,0.40495424203481,0.744,0.643,1.0640956485266543e-20,9,YPEL5,91
2.3720145616646713e-23,0.3262063208405972,0.893,0.745,4.48903755795039e-19,9,CD3E,92
3.67508400599446e-23,0.9468768030706276,0.282,0.155,6.955096481344515e-19,9,THEMIS,93
1.2914073592749608e-22,0.8510062698021945,0.413,0.292,2.4439884274278633e-18,9,IFRD1,94
5.234056550864713e-22,0.6633502900362864,0.483,0.354,9.90545202251147e-18,9,ARGLU1,95
6.234266349223527e-22,0.7782304633924426,0.454,0.333,1.1798349065905525e-17,9,CACYBP,96
7.357664926008764e-22,0.33192687033171797,0.81,0.75,1.3924380872471586e-17,9,SRSF7,97
9.639635223197507e-22,1.0946614385553572,0.298,0.184,1.824300965990128e-17,9,MRPL18,98
1.057593713524266e-21,0.3878495026648383,0.706,0.634,2.0014961028446733e-17,9,MCL1,99
1.8545230080838182e-21,0.5319311024315625,0.63,0.555,3.509684792798626e-17,9,H2AFZ,100
3.259879611021691e-21,0.37168574577407343,0.782,0.723,6.169322163858551e-17,9,CRIP1,101
1.51571115894765e-20,0.434923926222778,0.673,0.605,2.8684833683084274e-16,9,SAP18,102
6.911084072762678e-20,1.093461226307126,0.272,0.165,1.307922660770337e-15,9,TUBA1C,103
8.648227262136833e-20,0.925356236806349,0.333,0.22,1.6366770093593956e-15,9,PNP,104
3.386750852879041e-19,0.4133634216873294,0.691,0.634,6.409425989073585e-15,9,TNFAIP3,105
1.0609220207879454e-18,0.8165106302705711,0.394,0.279,2.0077949243411866e-14,9,HSPB1,106
1.2456082211496447e-18,0.6386421014386108,0.479,0.367,2.3573135585257027e-14,9,SNHG8,107
2.5422460171317586e-18,0.45151872457606057,0.616,0.527,4.8112005874218534e-14,9,SRSF5,108
2.574702558784994e-18,0.442949869776708,0.618,0.518,4.872624592500601e-14,9,CD48,109
7.779362082190501e-18,0.6799003398727037,0.423,0.312,1.4722442740545524e-13,9,RBBP6,110
1.2634251603923683e-17,0.8043908600943228,0.347,0.225,2.391032116042557e-13,9,XCL1,111
3.843258101309933e-17,0.3275966057165194,0.721,0.652,7.273365956729049e-13,9,HSPA5,112
4.961449359671459e-17,0.5636689086970788,0.42,0.28,9.389542913178236e-13,9,CD8B,113
9.744679178521454e-17,0.8580554971754447,0.309,0.205,1.844180534535185e-12,9,RNF139,114
1.232124245875179e-16,0.4236643085767149,0.647,0.543,2.3317951353187767e-12,9,SAT1,115
2.2656226502024554e-16,0.4803346161164157,0.623,0.524,4.2876908655081465e-12,9,NFKBIA,116
3.593097833410961e-16,0.9295278002451395,0.287,0.186,6.799937649730244e-12,9,RBKS,117
4.1532398978658683e-16,0.8581719969938608,0.258,0.155,7.860006506711155e-12,9,CRTAM,118
4.201972332952565e-16,0.8072563514775057,0.34,0.23,7.95223264011273e-12,9,XCL2,119
7.028528765631947e-16,0.7794056465550706,0.344,0.242,1.330149068895846e-11,9,AHSA1,120
2.1563704201228417e-15,0.33811526751256205,0.687,0.636,4.080931020082478e-11,9,ATP6V0C,121
1.4527144440249484e-14,0.3822324748532755,0.61,0.533,2.749262085317215e-10,9,CD44,122
2.6592963222153215e-14,0.606691482273169,0.445,0.363,5.032718289792496e-10,9,TRA2B,123
3.0229516046207906e-14,0.3592445431684834,0.621,0.535,5.720935911744846e-10,9,EVL,124
5.2314995858496305e-14,0.7447070060207354,0.308,0.21,9.900612966220425e-10,9,SCML4,125
1.1311621010384004e-13,0.7708852713327958,0.288,0.192,2.1407242762151727e-9,9,PIM2,126
1.6077557662842014e-13,0.4040766378194278,0.656,0.6,3.042677787692851e-9,9,ANXA1,127
1.75007201615529e-13,0.5280003770752515,0.505,0.438,3.3120112905738865e-9,9,JUND,128
1.785824094075009e-13,0.683630663368612,0.343,0.25,3.3796720980369544e-9,9,SBDS,129
1.9786432044634225e-13,0.8126177696339743,0.287,0.196,3.744582264447027e-9,9,SNHG7,130
2.541736249009939e-13,0.4457586799411679,0.517,0.423,4.810235851251309e-9,9,HERPUD1,131
4.897736652358962e-13,0.6808253261083443,0.378,0.294,9.268966614589335e-9,9,POLR2A,132
9.525093573410807e-13,0.5082336255397812,0.468,0.375,1.802623958767995e-8,9,PTGER4,133
1.848695095810294e-12,0.705561611628869,0.359,0.274,3.4986554688209814e-8,9,RSRC2,134
3.006817523771271e-12,0.2953428934097957,0.673,0.591,5.6904021637371304e-8,9,FYB1,135
6.651103141425322e-12,0.54597225896757,0.395,0.3,1.258721269514742e-7,9,LAT,136
7.921305088619128e-12,0.7943195267075228,0.293,0.21,1.49910698802117e-7,9,FABP5,137
8.882253298250296e-12,0.6327882050284881,0.352,0.268,1.6809664366938685e-7,9,TIPARP,138
1.493787040625117e-11,0.5417616986229938,0.424,0.35,2.826991974383034e-7,9,AC016831.7,139
1.609311145604369e-11,0.3495449138236335,0.63,0.479,3.0456213430562683e-7,9,CD8A,140
1.9510710398215686e-11,0.6327674174199363,0.364,0.286,3.6924019428623187e-7,9,CHMP1B,141
2.7953535652640285e-11,0.71092010744542955,0.269,0.185,5.290206622262174e-7,9,ZBTB38,142
3.188024508531352e-11,0.5332413015446447,0.453,0.392,6.033336382395583e-7,9,EIF4A1,143
4.0051808494557165e-11,0.4818042380833336,0.475,0.412,7.579804757594943e-7,9,IDS,144
5.199666475527328e-11,0.4694990251208242,0.476,0.397,9.840368804935468e-7,9,NEAT1,145
8.582693166277174e-11,0.6145252848898282,0.288,0.199,1.624274681717955e-6,9,SAMD3,146
9.156284709874012e-11,0.6359259463955889,0.354,0.27,1.7328268813436569e-6,9,LMNA,147
1.052449839667025e-10,0.49194843867497373,0.403,0.31,1.9917613215698447e-6,9,CMC1,148
1.5574258899214795e-10,0.7195399790223238,0.31,0.237,2.9474284966764e-6,9,GLUD1,149
2.1259102775886277e-10,0.2573298307005967,0.68,0.658,4.023285200336478e-6,9,CIRBP,150
2.50822964711247e-10,0.36614313743059945,0.54,0.484,4.746824607160349e-6,9,MAP1LC3B,151
2.841002939156602e-10,0.34041666008800586,0.576,0.489,5.3765980623538695e-6,9,CD2,152
4.3590138619620515e-10,0.2522480024531424,0.728,0.71,8.249433733763183e-6,9,HSPE1,153
7.01988196530559e-10,0.56509946351459,0.293,0.207,1.3285126619340828e-5,9,DENND2D,154
7.025221352746238e-10,0.6570487611672206,0.299,0.222,1.3295231410072256e-5,9,RSF1,155
7.572796307859453e-10,0.5839015423352354,0.367,0.291,1.4331517012624016e-5,9,TSPYL2,156
1.5114610234760343e-9,0.52914809634909,0.372,0.29,2.8604399869283948e-5,9,KIAA1551,157
1.6961024101650756e-9,0.6258711562083883,0.296,0.218,3.2098738112374054e-5,9,PSTPIP1,158
1.737808180750294e-9,0.5416635714289586,0.393,0.323,3.2888019820699316e-5,9,ATP1A1,159
1.995809385497387e-9,0.680366694821722,0.286,0.212,3.777069262053805e-5,9,OAT,160
2.2194694320514854e-9,0.5322906165372048,0.383,0.317,4.200345900157436e-5,9,HNRNPAB,161
2.5013339364617455e-9,0.6720641028835104,0.282,0.21,4.733774474753853e-5,9,COQ10B,162
3.001753825601061e-9,0.44782880755110477,0.387,0.295,5.680819114950008e-5,9,TXNIP,163
3.066399505556985e-9,0.5685671519410187,0.363,0.293,5.8031610642665936e-5,9,ZFAND5,164
3.748364473670692e-9,0.2683865184877141,0.653,0.621,7.093779766421784e-5,9,IRF1,165
3.780745028654225e-9,0.5649260920591348,0.364,0.296,7.155059966728121e-5,9,INSIG1,166
4.831630117812918e-9,0.3561707995493213,0.489,0.405,9.143859997960947e-5,9,CD3G,167
5.6161943116096134e-9,0.7407809029471599,0.268,0.2,1.0628647734721193e-4,9,RILPL2,168
5.908096745787662e-9,0.5658205939186025,0.357,0.29,1.118107309140315e-4,9,TCP1,169
1.4406515659661471e-8,0.5804158079215899,0.284,0.209,2.7264330885909334e-4,9,CDC42EP3,170
1.8359847692612612e-8,0.64055266137363,0.291,0.224,3.474601175826937e-4,9,CHORDC1,171
4.3332458319190596e-8,0.5801247043634573,0.3,0.231,8.20066773690682e-4,9,HNRNPH1,172
4.520768162244671e-8,0.33474654231740697,0.53,0.475,8.55555374704804e-4,9,STK17A,173
4.8166756010586534e-8,0.504510489128291,0.39,0.331,9.115558575003501e-4,9,MAPRE2,174
6.131524496281673e-8,0.31168714726296676,0.546,0.508,0.0011603910109213066,9,ARL6IP1,175
9.646807917638623e-8,0.36761800925456534,0.521,0.489,0.0018256583984131093,9,SDCBP,176
3.9313208541236446e-7,0.5197387775305707,0.253,0.186,0.007440024716428998,9,RASSF1,177
6.930112815867608e-7,0.5814136991490432,0.283,0.223,0.013115238504029448,9,GLS,178
7.355136282763595e-7,0.4729077022173873,0.344,0.287,0.013919595415130104,9,FGFR1OP2,179
9.456550634321859e-7,0.4730678918282407,0.338,0.278,0.017896522075454117,9,RBMS1,180
9.476103600800723e-7,0.46697721773915624,0.359,0.308,0.017933526064515367,9,CDKN1A,181
1.347650759940134e-6,0.36317169909189095,0.444,0.402,0.025504290631867037,9,WSB1,182
1.5091133218494589e-6,0.5513297062387553,0.278,0.222,0.028559969616001008,9,TBCC,183
2.025605598232146e-6,0.25100032758210356,0.592,0.559,0.03833458594654336,9,ELF1,184
2.4332173575360266e-6,0.4725334531989598,0.313,0.256,0.0460486384913693,9,ARAP2,185
2.464720072698826e-6,0.3604198719074603,0.431,0.379,0.04664482737582529,9,ACAP1,186
3.028505025440377e-6,0.46701634483436116,0.343,0.289,0.05731445760645913,9,CBLB,187
4.016019297487329e-6,0.3943749295460315,0.357,0.292,0.0760031652049477,9,SH2D1A,188
6.812334065903509e-6,0.567390969803405,0.268,0.217,0.1289234221972239,9,MTCH1,189
8.258271938770775e-6,0.27303355991923617,0.506,0.472,0.15628779644123691,9,PTP4A2,190
1.7302054964000417e-5,0.4381798005105808,0.279,0.223,0.3274413901937079,9,LIME1,191
2.1704520889821653e-5,0.3674314500123006,0.385,0.345,0.4107580578398748,9,BCLAF1,192
2.3123707229471982e-5,0.28428523019467855,0.485,0.444,0.43761615931775727,9,SLC9A3R1,193
2.360253781602844e-5,0.4442247667889967,0.272,0.217,0.4466780281683382,9,GRK6,194
2.4873488133459188e-5,0.48106590873833377,0.273,0.225,0.47073076292571514,9,PNN,195
2.825767004351993e-5,0.420528896339212,0.36,0.319,0.5347764055736147,9,IVNS1ABP,196
3.4514920009645806e-5,0.4173731202597879,0.282,0.224,0.6531948611825469,9,PYHIN1,197
3.924692289440521e-5,0.3459360973388592,0.408,0.372,0.7427480157766185,9,NR4A3,198
1.957484638562524e-4,0.44672510109870867,0.288,0.246,1,9,PITHD1,199
7.999378530817953e-5,0.44448531524252,0.288,0.245,1,9,HBP1,200
1.354986926721718e-4,0.43805685956945484,0.297,0.255,1,9,TAF7,201
8.778290861140141e-4,0.42558678695497654,0.274,0.237,1,9,ZC3H12A,202
0.002345714934810996,0.423569779046586,0.296,0.273,1,9,NASP,203
0.0036765576627112127,0.4058034590306083,0.303,0.283,1,9,PPP1R10,204
0.003734833503722501,0.40420799121927464,0.292,0.265,1,9,AREG,205
0.0062889234051365945,0.4008525956579786,0.262,0.236,1,9,TMC6,206
0.0033398306612649814,0.39685576292717395,0.273,0.245,1,9,DDX3Y,207
0.005552000971289568,0.3936243498378208,0.253,0.223,1,9,VAMP2,208
0.00040224731556463903,0.38989639875963855,0.273,0.229,1,9,CMTM3,209
0.0012723098376393811,0.3883628824293567,0.264,0.226,1,9,TNFAIP8,210
0.0018315019708096381,0.38496154555162965,0.258,0.223,1,9,TMEM259,211
5.721529989041293e-5,0.3799614302679786,0.344,0.296,1,9,STOM,212
0.0034872900168773212,0.37758455310414984,0.257,0.226,1,9,CHIC2,213
0.0031521741693309193,0.3717298177031232,0.304,0.274,1,9,NFKBIZ,214
0.0011856839133653374,0.3531032460950876,0.313,0.28,1,9,TRA2A,215
8.495253001336026e-5,0.3512711147893046,0.384,0.345,1,9,RBM25,216
0.005193608220262547,0.34600101999583566,0.283,0.253,1,9,PTPN7,217
0.0034908948742098642,0.3448257785815406,0.277,0.242,1,9,PNPLA2,218
0.007253455696361775,0.3360990643806382,0.287,0.26,1,9,KIF5B,219
0.0014050061706395516,0.3323275720174066,0.303,0.265,1,9,CYTOR,220
2.8051034615292456e-4,0.32798557899761516,0.416,0.391,1,9,PPP1R2,221
2.3360659009921797e-4,0.3265743095867393,0.398,0.364,1,9,ARHGEF1,222
1.9300827251829614e-4,0.3257061192463515,0.339,0.289,1,9,PPP1R18,223
0.004388388577071127,0.32451986323769066,0.305,0.281,1,9,DNAJB9,224
4.6634307473867996e-4,0.31925106197505904,0.307,0.257,1,9,TRAF3IP3,225
2.6111603583471224e-4,0.3045971196364219,0.426,0.403,1,9,DDX17,226
9.176158384113847e-4,0.3031562948812039,0.411,0.39,1,9,CCT4,227
0.0020992875273238222,0.3002493721029702,0.348,0.318,1,9,RALGAPA1,228
0.003993931558106523,0.2666473335428654,0.409,0.394,1,9,RGS1,229
9.050916470910387e-5,0.26022797671686027,0.559,0.557,1,9,HSPD1,230
8.153091909613699e-4,0.25888062149152957,0.445,0.424,1,9,SRSF10,231
0.004419508244099064,0.2583768650765068,0.362,0.334,1,9,BIN2,232
0.00723102384009048,0.257836753857565,0.327,0.298,1,9,CD6,233
0.006217731006443697,0.2561110442258061,0.388,0.37,1,9,MAT2A,234
