Gene,Frequency,Median_Rank
GNLY,23,5
CCL4,23,6
CCL5,23,11
NKG7,23,14
LYZ,23,38
TRBV4-1,23,44
CST3,23,46
IL32,23,47
TRBV5-1,23,48
TRBV20-1,23,52
FOS,23,53
GZMB,23,53
IL7R,23,53
TRBV3-1,23,60
TRBV7-9,23,61
KLRB1,23,63
HLA-DRA,23,66
TRBV4-2,23,72
TRBV29-1,23,73
CD8A,23,82
TRBV9,23,83
VIM,23,86
TYROBP,23,87
S100A4,23,89
IGKV2D-28,23,90
TRBV7-3,23,90
CD74,23,92
ANXA1,23,96
HLA-DRB1,23,98
CRIP1,23,99
GZMK,23,99
CCL20,23,103
TRBV28,23,104
FCER1G,23,107
TRBV19,23,109
DUSP2,23,113
LTB,23,116
TRBV27,23,118
XCL1,23,121
FGFBP2,23,122
CD7,23,124
TRBV25-1,23,124
TRBV6-1,23,124
JUNB,23,129
CD52,23,134
PTGDS,23,140
TRAV12-2,23,142
CST7,23,143
DUSP1,23,150
NFKBIA,23,158
MT2A,23,162
GZMA,23,168
JUN,23,172
CXCR4,23,175
ZFP36,23,188
HLA-DQA1,23,189
CD3E,23,194
CD69,23,195
XCL2,23,195
TRAV29DV5,23,196
KLF6,23,204
IFITM2,23,210
S100A6,23,221
SAT1,23,225
IGHA1,23,228
ZFP36L2,23,232
TRAV1-2,23,235
IFNG,23,236
CD3D,23,240
CCR7,23,249
CCL3,23,250
KLRD1,23,252
HLA-DPB1,23,254
LGALS1,23,256
GPR183,23,267
TRBC1,23,270
DDIT4,23,284
TSC22D3,23,294
S100A10,23,296
LINC02446,23,314
CLIC3,23,316
CD8B,23,324
ZFP36L1,23,345
TRGV2,23,349
S100A11,23,354
LITAF,23,362
ALOX5AP,23,367
TIMP1,23,374
KLRF1,23,389
COTL1,23,393
TAGLN2,23,393
TRGV10,23,430
TXNIP,23,446
SPOCK2,23,450
IER2,23,462
GSTP1,23,477
HIST1H4C,23,491
TRBC2,23,501
SH2D1B,23,605
KLRC3,23,650
CX3CR1,23,656
PRSS23,23,732
TUBA1B,23,737
CD3G,23,937
IGKV3-11,22,11.5
TRBV7-2,22,32.5
IGKV1-39,22,40.5
S100A8,22,49
TRBV10-3,22,51.5
IGLV1-47,22,52.5
TRBV12-3,22,62.5
TRBV13,22,68
TRBV10-2,22,71
TRBV12-4,22,71.5
HSPA1A,22,74
TRBV24-1,22,79.5
TRBV7-6,22,82
TRBV11-2,22,83
TRBV6-6,22,85
TRBV6-5,22,88
CD79A,22,89
TRBV6-2,22,93.5
TRBV30,22,96
IGKV1D-39,22,105
TRDV2,22,106
JCHAIN,22,109
CCL4L2,22,109.5
TRAV38-2DV8,22,112
TRBV2,22,114
HSPA1B,22,115
TRBV14,22,128.5
TRAV21,22,130
IGKC,22,134
G0S2,22,143.5
TRBV15,22,146.5
IGHG1,22,148.5
GZMH,22,151
TRDV1,22,152
C1QB,22,156
TRAV20,22,157
DNAJB1,22,157.5
TRAV30,22,159.5
TRAV12-3,22,168.5
TRBV6-4,22,172.5
C1QA,22,177.5
TRAV3,22,180.5
HSPA6,22,186
TRAV10,22,189.5
KLF2,22,194.5
TRAV14DV4,22,195
TRAV17,22,195.5
PRF1,22,196.5
TRAV12-1,22,197
IGLC2,22,199.5
NR4A2,22,200
IGLC3,22,206
TRAV38-1,22,206
TRAV27,22,213
TRBV11-3,22,220.5
TRAV5,22,228
TRAV9-2,22,236
FCGR3A,22,248.5
ZNF331,22,248.5
RGS1,22,249
HLA-DPA1,22,254.5
CEBPD,22,256
CSF2,22,268.5
TRAV13-2,22,269.5
CTSW,22,270
S100B,22,286.5
EGR1,22,288.5
HLA-DQB1,22,290
HSPE1,22,305.5
SPON2,22,308
IFITM1,22,310
AREG,22,320
GADD45B,22,351
KLRC1,22,362.5
KRT86,22,377.5
CMC1,22,386
KIR2DL1,22,392
KIR3DL1,22,402.5
SPIB,22,411.5
IFITM3,22,426
EMP3,22,428.5
MCL1,22,431.5
IRF1,22,444
ID2,22,449
MYOM2,22,452
TNFRSF4,22,463.5
CD247,22,470
FAM129C,22,479
KIR3DL2,22,493
HOPX,22,529.5
TRGV5,22,530
CD2,22,545.5
ID3,22,547
TAGAP,22,549
H2AFZ,22,580
GZMM,22,624.5
SQSTM1,22,657.5
NEAT1,22,693
C12orf57,22,853.5
SOCS1,22,920
PLAC8,22,1011
VIPR2,22,1217.5
LINC00861,22,1262.5
IGKV3-15,21,9
IGKV4-1,21,24
IGKV1-5,21,26
IGHV1-18,21,27
IGHV4-39,21,29
IGLV2-14,21,47
IGHV3-30,21,51
IGHV3-23,21,58
IGLV3-21,21,58
IGKV2-30,21,68
S100A9,21,68
IL1B,21,78
IGHV3-74,21,88
TRBV5-4,21,100
TRBV5-5,21,106
RGCC,21,124
FTH1,21,125
TRBV18,21,132
FCN1,21,133
TRBV5-6,21,137
CXCL8,21,144
CXCL2,21,155
TRAV23DV6,21,197
LMNA,21,202
TRAV8-4,21,204
TUBA4A,21,206
MS4A1,21,210
TNFAIP3,21,210
SERPINA1,21,220
TRAV13-1,21,220
AIF1,21,233
FOSB,21,242
TRAV8-1,21,243
IGHM,21,249
TRBV21-1,21,259
MAFB,21,261
TRAV6,21,267
TRAV26-2,21,277
TCL1A,21,282
TRAV16,21,294
CPVL,21,296
TRGV9,21,312
FCER2,21,318
VCAM1,21,342
MS4A7,21,349
TRAV2,21,350
FOXP3,21,352
TNF,21,360
SELL,21,372
NR4A1,21,393
CCL3L1,21,422
CCR6,21,426
SLC2A3,21,432
PPP1R15A,21,442
LAIR2,21,454
TRAV8-3,21,462
KIR2DL3,21,483
TRGV8,21,483
TRGV3,21,502
EGR4,21,506
IL2RB,21,513
IER3,21,522
HES4,21,570
CEMIP2,21,579
FCRLA,21,588
LINC00926,21,599
TIGIT,21,614
AKR1C3,21,620
RGS2,21,623
BTG2,21,635
ZNF683,21,653
IGHD,21,673
MIR155HG,21,681
RARRES3,21,745
GIMAP7,21,754
FYN,21,808
ISG20,21,814
TYMS,21,862
NCR3,21,881
TSPYL2,21,884
SAMSN1,21,923
IGFBP3,21,938
CHMP1B,21,963
ARL4C,21,979
ADGRG1,21,983
FYB1,21,1148
CSF1,21,1158
HSP90B1,21,1210
C1orf162,21,1216
IGKV3-20,20,11
IGLV2-23,20,26.5
IGLV1-51,20,30
IGLV1-44,20,31.5
IGHV5-51,20,35
IGHV3-7,20,43
IGHV3-48,20,55.5
IGHV4-34,20,73.5
IGLV3-1,20,75
TRBV12-5,20,76.5
TRBV11-1,20,109
IGKV2-28,20,160.5
C1QC,20,163.5
TRBV7-7,20,185.5
TRAV19,20,194.5
VCAN,20,209
TRAV1-1,20,209.5
TRDV3,20,211
TRAV26-1,20,216
CD83,20,217.5
CREM,20,219.5
MYADM,20,238
IGHG2,20,244
PIK3R1,20,253
TRAV8-6,20,261
TRAV25,20,267
YPEL5,20,271
TRAV24,20,274.5
TRAV22,20,284.5
TRAV41,20,313
BCL2A1,20,316
IGLL5,20,319.5
TRAV35,20,324
EZR,20,340
BANK1,20,347.5
FAM177A1,20,350.5
CXCR6,20,359.5
DNAJA1,20,366
TRGV4,20,393.5
TRBV23-1,20,394.5
REL,20,413.5
ADGRE5,20,425.5
TRAV4,20,431
SYTL3,20,472
TKTL1,20,476.5
ICOS,20,496
SH2D2A,20,514.5
GEM,20,519
BIRC3,20,524
IFI27,20,539
AQP3,20,545.5
SPI1,20,547.5
LST1,20,553
MZB1,20,568.5
ITM2A,20,580.5
LINC01871,20,595
CD160,20,604.5
TRDC,20,614.5
VPS37B,20,627
PHLDA1,20,628
TUBA1A,20,631
CHN1,20,644.5
NFKBIZ,20,659.5
CTLA4,20,669.5
PDCD1,20,672
LEPROTL1,20,685
TUBB4B,20,706
GNG2,20,732
ARL4D,20,790.5
CD40LG,20,814
KLRG1,20,818.5
CYBB,20,820
KRT81,20,879
IRF8,20,885
TRGV7,20,945
RASD1,20,992.5
HIST1H1E,20,1026.5
MT-ND6,20,1052
ZEB2,20,1062.5
RBKS,20,1125
IGLV3-19,19,27
IGHV1-69D,19,45
IGHV4-59,19,78
IGHV1-46,19,100
TRBV10-1,19,137
C5AR1,19,179
HSP90AA1,19,241
SOX4,19,306
SCT,19,317
TRAV39,19,320
CCL18,19,346
TRAV8-2,19,350
MS4A6A,19,397
CD14,19,414
TRAV36DV7,19,423
MT1E,19,447
CD55,19,449
VPREB3,19,455
LGALS2,19,460
LDHA,19,463
DNASE1L3,19,471
HSPD1,19,518
THBS1,19,518
TNFRSF9,19,547
NFKB1,19,557
PLD4,19,564
ATF3,19,578
HCST,19,579
C15orf48,19,580
CITED2,19,641
LINC01857,19,681
CDKN1A,19,686
CD24,19,692
AHNAK,19,704
HSPH1,19,736
DYNLL1,19,757
HLA-DMA,19,776
SDCBP,19,780
H1FX,19,786
IGFBP7,19,819
KIR2DL4,19,849
CD38,19,850
FXYD2,19,851
MAL,19,866
GPR65,19,868
FCRL1,19,880
TNFSF9,19,894
STMN1,19,898
SLC4A10,19,915
GADD45G,19,938
TRAT1,19,980
FEZ1,19,990
RORA,19,1001
CXCR3,19,1036
LCP1,19,1047
LIMD2,19,1056
MAP3K8,19,1086
UCP2,19,1123
NELL2,19,1214
LBH,19,1220
TRAF1,19,1233
TNIP3,19,1249
DTHD1,19,1396
COL6A2,19,1452
IGLV1-40,18,35.5
IGKV1-9,18,44
IGLV4-69,18,47.5
IGLV2-11,18,48
IGLV6-57,18,109
IGHV4-61,18,128.5
IGHV1-2,18,148
TRAV34,18,200.5
FCER1A,18,309
SMIM25,18,321
CRTAM,18,330
HSP90AB1,18,337
MYC,18,357
DUSP5,18,384
RUBCNL,18,417
ATP1B3,18,465.5
YBX3,18,505.5
IFNGR1,18,510.5
ENC1,18,543.5
CLEC2B,18,605.5
RRAD,18,608.5
MEF2C,18,612
GBP5,18,661.5
NEU1,18,703.5
CD19,18,735.5
TCF4,18,739
IL4I1,18,741.5
CXCR5,18,767.5
NR4A3,18,770
FXYD5,18,773.5
LINC02397,18,786
SATB1,18,796
ITGB2,18,807.5
NINJ1,18,857
S1PR1,18,885
KDM6B,18,895
NFKBID,18,897.5
S1PR5,18,898
GFPT2,18,902.5
ID1,18,922.5
LEF1,18,925.5
KLRC2,18,936
CD22,18,957.5
ITM2C,18,1012.5
CD5,18,1024
AC004832.6,18,1059
LAG3,18,1070
ICAM1,18,1075
ABLIM1,18,1080.5
SLC7A5,18,1081.5
TNFRSF18,18,1100
SPRY1,18,1110.5
CD27,18,1128.5
EOMES,18,1150.5
GLUL,18,1170.5
GPR171,18,1183.5
CRIP2,18,1278.5
HMGB2,18,1332.5
TC2N,18,1358.5
HNRNPLL,18,1381
IGKV1-17,17,20
IGHV3-21,17,30
IGLV2-8,17,30
IGHV3-11,17,37
IGLV3-25,17,40
IGKV1-16,17,44
IGHV3-43,17,75
IGHV3-15,17,80
IGHV3-53,17,91
IGKV2-29,17,105
IGKV2D-30,17,118
S100A12,17,128
IGHV3-66,17,137
IGKV1-33,17,142
CXCL3,17,181
IGKV1D-33,17,223
LILRA4,17,226
DUSP4,17,324
IGHG3,17,357
IFI30,17,433
HBA1,17,467
CD1C,17,486
PLAUR,17,515
TGFB1,17,526
SRSF7,17,599
INSIG1,17,646
FABP5,17,717
CTSL,17,728
PDE4B,17,815
SERPINB9,17,820
MT1X,17,835
CCR4,17,850
NR3C1,17,850
ALB,17,861
TNFRSF13C,17,872
FOXJ1,17,893
LGALS3,17,924
FASLG,17,933
ARID5B,17,954
HSPA5,17,961
ISG15,17,988
OASL,17,1008
SLA2,17,1018
CD44,17,1027
ZNF80,17,1034
LMNB1,17,1057
PDCD4,17,1081
SERTAD1,17,1086
NFE2L2,17,1089
ITGB1,17,1145
AOAH,17,1157
XBP1,17,1189
PIM1,17,1259
PLEK,17,1259
SLAMF1,17,1311
SH2D1A,17,1341
CDKN1C,17,1368
C12orf75,17,1406
ETS1,17,1457
IGHV2-5,16,38
IGKV1-27,16,49.5
IGHV3-33,16,96
TRBV12-2,16,179
FTL,16,274.5
HLA-DRB5,16,334
CLEC10A,16,362
IGHV1-3,16,373
CD68,16,389.5
APOC1,16,442.5
LINC01781,16,475.5
IL2,16,660.5
SGK1,16,672.5
HBA2,16,685.5
EEF1G,16,711
MT1G,16,742
RTKN2,16,751.5
RALGPS2,16,754.5
RNF19A,16,767
STAT1,16,805.5
SLA,16,828
EFHD2,16,838
HERPUD1,16,846
IRF4,16,872.5
PEG10,16,873
B3GNT7,16,899.5
CD200,16,918.5
PTGER4,16,921.5
GATA3,16,936
TNFSF14,16,981
C11orf96,16,993.5
RANBP2,16,1019.5
RHOB,16,1049.5
CD70,16,1066
LDHB,16,1072.5
PHLDA2,16,1089.5
LRRN3,16,1176
IGFBP4,16,1179.5
CLEC2D,16,1183.5
TNFRSF1B,16,1213
MARCKSL1,16,1227
GLA,16,1266.5
MLF1,16,1295.5
GIMAP4,16,1302.5
CCL23,16,1313.5
GPR25,16,1322.5
KIR3DX1,16,1395.5
IFRD1,16,1443.5
PTGDR,16,1483
CD48,16,1538
CYTOR,16,1563
MYBL1,16,1639.5
TRAC,16,1640
MAF,16,1658.5
PBX4,16,1680.5
IGKV1-12,15,22
IGKV1-8,15,34
IGHV7-4-1,15,43
IGHV4-31,15,91
SELENOP,15,260
EREG,15,339
TRAV8-5,15,368
IL1RN,15,423
TNFAIP6,15,438
IL10,15,451
CYP1B1,15,509
CFD,15,523
LAYN,15,532
CSTA,15,592
LILRB2,15,608
TRGV11,15,638
TRBV7-4,15,649
CLEC4C,15,667
COCH,15,683
CFP,15,742
TENT5C,15,748
RHOH,15,771
APOBEC3A,15,776
SOD2,15,778
HMOX1,15,807
TSHZ2,15,822
RMRP,15,884
FGL2,15,929
PRSS57,15,940
PROK2,15,961
LYN,15,986
FOSL2,15,992
LINC02195,15,1042
G3BP2,15,1057
SYNE2,15,1064
RAMP1,15,1083
PLIN2,15,1086
BIK,15,1110
COL19A1,15,1136
FLNA,15,1183
MNDA,15,1197
PFKFB3,15,1199
RASGEF1B,15,1211
AES,15,1213
EPHA1-AS1,15,1214
CD200R1,15,1266
LAT2,15,1281
BHLHE40,15,1306
TUBB2A,15,1365
NEFM,15,1407
CD300A,15,1413
EGR3,15,1432
CNN2,15,1484
MSC,15,1496
EDARADD,15,1497
DUSP6,15,1501
AC243829.4,15,1521
TRGC1,15,1536
LINC00402,15,1563
FCRL6,15,1596
TRBV16,14,76.5
IL17A,14,126.5
IGHV6-1,14,141.5
SERPINB2,14,151
IGKV1D-8,14,200
CXCL13,14,227
PMCH,14,255.5
TRH,14,368.5
TRAV40,14,403.5
CLEC9A,14,417
CCR8,14,471
SH3BGRL3,14,495.5
GRAMD2B,14,574.5
THBD,14,606
KLF4,14,667.5
SERPINE1,14,690.5
UBE2S,14,692
PHACTR1,14,693
BASP1,14,708.5
CCR9,14,786
APBB2,14,790.5
THY1,14,823.5
FAM30A,14,871.5
SRSF2,14,872
TPM2,14,879.5
CALR,14,961
BLK,14,1104
PAX5,14,1118.5
ITGA4,14,1123
THAP2,14,1152
DDX24,14,1158.5
CAMK4,14,1163.5
PDE4D,14,1168.5
AC020916.1,14,1182.5
CCNH,14,1203.5
HMGN2,14,1219.5
EML4,14,1225
BACH2,14,1226.5
MMP9,14,1251
TIPARP,14,1254.5
ITGAD,14,1281.5
GBP1,14,1283.5
ITGA1,14,1308
RSRP1,14,1309.5
PASK,14,1316
IL23R,14,1334.5
CD28,14,1343.5
CYTIP,14,1371.5
SESN3,14,1375
EGR2,14,1376.5
PTPRE,14,1449
FAM83D,14,1457
LSR,14,1490.5
FCRL2,14,1498
TCF7,14,1577
PBXIP1,14,1651.5
PYHIN1,14,1679.5
APOE,13,172
IGHV4-28,13,190
LYPD2,13,203
CXCL10,13,232
KRT5,13,244
IL21,13,299
IL3RA,13,433
IGHA2,13,487
EGLN3,13,608
IGHV5-78,13,703
MARCKS,13,764
SLC40A1,13,770
NEFL,13,793
GK,13,844
GNAL,13,920
IDI1,13,948
HIST1H1D,13,1019
HVCN1,13,1031
BATF,13,1039
CTSB,13,1083
SLC1A7,13,1101
JUND,13,1105
RILPL1,13,1116
APOC3,13,1173
SRRT,13,1255
CTSC,13,1312
TNFSF4,13,1312
LDLRAD4,13,1341
PDE3B,13,1348
CISH,13,1374
HPGD,13,1378
NAMPT,13,1389
ZC3H12A,13,1394
IL2RA,13,1397
RNF125,13,1416
SELPLG,13,1438
GCNT4,13,1445
CAPG,13,1450
TRBJ1-2,13,1451
RASL11A,13,1461
GADD45A,13,1477
SYAP1,13,1481
CHD1,13,1488
MYH9,13,1517
PRDM1,13,1531
TXK,13,1582
SIRPG,13,1586
KLF3,13,1595
NCR1,13,1600
THEMIS,13,1630
FCRL3,13,1701
INPP4B,13,1728
IGHV3-49,12,61
IGKV1-6,12,75.5
IGLV3-10,12,90.5
IGKV3D-20,12,180.5
CCL2,12,217
IGKV3D-15,12,222.5
IL13,12,425.5
ACTG1,12,429.5
ALKAL2,12,534
EEF1B2,12,538
RASIP1,12,557
TMEM176B,12,560.5
IDO1,12,562.5
LILRA5,12,646.5
CXCL12,12,654.5
HES1,12,691.5
VMO1,12,691.5
PTPRCAP,12,843.5
CD99,12,855.5
PPP1R14A,12,891.5
PAGE5,12,968
APOA2,12,985
TOMM7,12,989.5
ODC1,12,991.5
MPEG1,12,1000.5
BEX1,12,1012.5
HAVCR2,12,1014
LY9,12,1021.5
KRTAP16-1,12,1042.5
ELF1,12,1073
AL161781.2,12,1081
GRN,12,1097.5
IFIT1,12,1110
PTP4A1,12,1114.5
FAM107B,12,1132
PTPN22,12,1206
SCX,12,1226.5
DDX3X,12,1231
ETV1,12,1232.5
ANKS1B,12,1258
PHLDA3,12,1263.5
SNX9,12,1289
FAAH2,12,1298.5
AL021368.2,12,1303
SLC25A6,12,1314
CD40,12,1324
CR2,12,1328.5
TPM4,12,1341
RBBP8,12,1370.5
ANKRD12,12,1373
STAT4,12,1376
LINC01943,12,1388
AL163973.2,12,1452
ANKRD37,12,1464
ARL4A,12,1471.5
PNP,12,1486
STK17B,12,1542.5
ATP2B1,12,1614.5
SC5D,12,1633
PMAIP1,12,1638
IKZF2,12,1667.5
RORC,12,1766.5
FXYD7,12,1776.5
MTSS1,12,1780
IGLV7-46,11,45
IGLV8-61,11,105
IGHV1-24,11,184
CXCL9,11,219
SDS,11,416
NPTX2,11,460
PAPSS2,11,474
ADAMTS1,11,539
AL139020.1,11,566
AC108134.2,11,603
HEATR9,11,609
PTCRA,11,633
PPP1R17,11,674
KCNG1,11,735
LAPTM5,11,764
PTGS2,11,822
NOG,11,824
RASSF6,11,827
PSAP,11,836
DERL3,11,915
DGKK,11,919
PCDH9,11,924
IGSF6,11,929
ADGRG3,11,934
COL13A1,11,950
COMMD6,11,991
NUAK1,11,997
SYT5,11,1004
SELENOK,11,1023
MKI67,11,1041
FGF22,11,1043
VIT,11,1049
CTSS,11,1060
BRD2,11,1106
CNTNAP2,11,1134
SLC4A5,11,1163
AFF3,11,1170
DBNDD1,11,1172
TSPAN13,11,1181
EBF1,11,1196
UQCRB,11,1196
CD79B,11,1197
KIAA1551,11,1220
L1CAM,11,1264
ARHGAP24,11,1265
RELB,11,1265
TOX2,11,1266
RBM38,11,1273
SPRY2,11,1282
TRBJ2-2,11,1285
SFPQ,11,1307
KRTAP12-3,11,1327
LINC00894,11,1327
RNF213,11,1339
LINC01480,11,1358
BCL3,11,1402
RGS16,11,1420
HSH2D,11,1432
BAMBI,11,1464
NOP53,11,1474
LTA,11,1487
Z93241.1,11,1496
TOB1,11,1498
BTLA,11,1512
CD6,11,1526
SOD1,11,1528
DKK3,11,1535
GPR18,11,1539
AC016831.7,11,1545
SNRPD2,11,1563
NME2,11,1564
LGR6,11,1584
SLC38A1,11,1607
CD82,11,1608
GVQW3,11,1609
AC068775.1,11,1614
TGFBR3,11,1617
ADRB2,11,1700
LYST,11,1762
RAB11FIP1,11,1801
IGHV3-73,10,87
IGHV2-70,10,144.5
IGLVI-70,10,157
IGHV4-4,10,185.5
IGHV1-69,10,274
IGKV2D-29,10,284
CD177,10,300
FCN3,10,305
PABPC1,10,402.5
CHGB,10,459
PTX3,10,462.5
PNRC1,10,508.5
LINC02099,10,586.5
HINT1,10,597
OLR1,10,630.5
IGHG4,10,651.5
LRRC26,10,712.5
LINGO2,10,749
CD248,10,763
ARC,10,774
CD37,10,790
EVL,10,822.5
MAOB,10,840
COL9A3,10,842.5
CFAP97D2,10,870.5
ADAM28,10,881.5
AC104653.1,10,911
DSP,10,911.5
ADAM23,10,920
SERPINH1,10,938
DLGAP1,10,954.5
MIF,10,954.5
AC015967.1,10,959
AP003721.4,10,962
PAX9,10,970
FAM177B,10,985.5
AC005261.2,10,987
CORO1A,10,1012
CACNA1C,10,1047.5
DNAJB6,10,1071
PIM3,10,1096.5
AC008403.3,10,1102.5
GPR15,10,1116
TNFRSF10D,10,1164.5
PHLDB2,10,1166.5
C2orf15,10,1174
C9orf43,10,1191.5
FRMPD3,10,1192
GSPT1,10,1200
GNG8,10,1226
ANXA5,10,1235
PI16,10,1261.5
AC022021.1,10,1270
TNFRSF13B,10,1270
RAB31,10,1290
FUS,10,1295
CCND2,10,1320.5
MORF4L2-AS1,10,1330.5
CLECL1,10,1331.5
C9orf147,10,1338
ST8SIA1,10,1338.5
TTN,10,1339
COBLL1,10,1339.5
SERP1,10,1344
CD4,10,1373
PPIF,10,1384
SLC25A5,10,1401.5
RCAN2,10,1415
SMAP2,10,1415
GNA15,10,1418
HBQ1,10,1418.5
AUTS2,10,1421.5
KPNA2,10,1428
MATK,10,1440.5
NCF1,10,1451
SLC38A2,10,1462
SIT1,10,1472
ICAM2,10,1476.5
APOBEC3G,10,1483.5
GLIPR1,10,1501
HSPB1,10,1510
HLA-DMB,10,1555.5
TNK1,10,1557
PTMS,10,1565
IVNS1ABP,10,1565.5
TTC38,10,1581
GABARAPL1,10,1595
ZNF208,10,1598.5
PDCL3,10,1608.5
RIPOR2,10,1612.5
TMEM200A,10,1622
OSM,10,1643
TBX21,10,1661.5
H2AFX,10,1668.5
CTH,10,1674
FGR,10,1687
FBXO32,10,1786.5
SYNE1,10,1797.5
IGLV7-43,9,30
IGHV2-26,9,78
IGKV2-24,9,97
IGHV3-20,9,213
IGLV4-60,9,228
IGFL2,9,280
IGLV9-49,9,298
IGLV5-45,9,332
HBB,9,334
IL1A,9,346
TACSTD2,9,356
IL22,9,369
GATA2,9,371
IGHE,9,372
IL6,9,455
HSPA8,9,479
TRBV5-3,9,501
NPM1,9,558
TRBV1,9,578
CCL14,9,667
CH25H,9,680
LY6E,9,716
CALM2,9,720
KLK1,9,736
AQP9,9,776
AC090948.3,9,799
PPIB,9,801
HLA-DOB,9,828
AC009163.7,9,840
IL4,9,850
HNRNPA2B1,9,854
NPTX1,9,875
SAA1,9,876
FPR1,9,879
AL645933.2,9,883
HIST1H3B,9,919
EEF2,9,922
GNG7,9,941
FSTL4,9,955
AC009652.2,9,968
AC005670.2,9,969
AL662884.4,9,970
AC114488.2,9,982
AC243829.2,9,989
CLMP,9,992
Z82206.1,9,1011
GDPD3,9,1027
GSC,9,1027
AC073115.2,9,1033
HAMP,9,1034
BCL11A,9,1038
DRAIC,9,1049
CXCR2,9,1055
C17orf50,9,1061
PRDM5,9,1064
LRFN2,9,1068
HAR1B,9,1070
PILRA,9,1090
COX7C,9,1092
MACROD2,9,1096
NDUFS5,9,1101
Z99774.1,9,1105
AC126283.1,9,1112
CEP83-DT,9,1121
CNN3,9,1138
AC078881.1,9,1140
AC092535.4,9,1148
KRT73-AS1,9,1150
Z82188.2,9,1173
AC244197.3,9,1177
SEC23A-AS1,9,1206
SLC5A2,9,1219
NEDD8-MDP1,9,1221
MSS51,9,1223
AC093227.1,9,1231
IQCH,9,1240
CD72,9,1246
S100P,9,1255
GJB6,9,1259
PTPRK,9,1269
TCEAL2,9,1269
ENO1-AS1,9,1279
HPD,9,1279
LINC01238,9,1282
TBC1D4,9,1284
NPHP1,9,1291
BAG3,9,1296
TMSB15B-AS1,9,1297
EFNA3,9,1299
GNG11,9,1302
AC109460.4,9,1304
OST4,9,1310
PCSK1N,9,1310
IKZF3,9,1318
FSTL3,9,1350
CRYBG2,9,1375
CSRNP1,9,1378
ZNF781,9,1378
RSAD2,9,1379
AC234582.1,9,1385
CALY,9,1385
HNRNPDL,9,1392
PLK2,9,1394
AC073508.3,9,1395
PLXNB1,9,1396
KDM4D,9,1399
Z98752.4,9,1399
SLC6A16,9,1400
PTPRD,9,1411
ADTRP,9,1418
AC103702.2,9,1420
LINC01841,9,1436
AC245014.1,9,1441
PCDH1,9,1443
CMTM2,9,1455
TUBB,9,1457
LY86,9,1467
FCGR2B,9,1487
C1orf21,9,1491
EFCAB5,9,1491
CD9,9,1497
IL5RA,9,1498
SLFN5,9,1507
POU2AF1,9,1509
RUNX3,9,1520
LINC02580,9,1533
AC244197.2,9,1534
EGFL8,9,1548
BAZ1A,9,1557
HSPA2,9,1581
AP001412.1,9,1583
PRSS53,9,1585
LINC01336,9,1618
BCL11B,9,1624
IL10RA,9,1644
MIR222HG,9,1707
FRMD4B,9,1715
YES1,9,1717
PRNP,9,1732
PLK3,9,1767
MCOLN2,9,1776
HIST1H1C,9,1819
IFIT2,9,1841
IGHV3-13,8,94.5
IGKV5-2,8,114.5
TRBV6-7,8,115.5
IGKV2-26,8,202.5
IGLV3-9,8,207.5
IGLV2-5,8,210
IGHV3-72,8,276.5
MT-ND2,8,308
CD5L,8,362.5
UBB,8,367.5
BTG1,8,383.5
SARAF,8,389
GPNMB,8,420
VTN,8,514
KIR3DL3,8,559
MYL12A,8,561
MEIS3,8,575.5
TTR,8,589.5
LINC00866,8,647.5
TNFAIP2,8,661
KIT,8,699.5
DDX5,8,719
HMGB1,8,720
IL11,8,723.5
HNRNPA1,8,725.5
MT-ND4,8,725.5
YBX1,8,733.5
TREM2,8,764
SLC23A3,8,814
SORCS2,8,816
AL133551.1,8,829.5
REG4,8,840.5
RAI2,8,847.5
DIXDC1,8,856.5
AC006942.1,8,874.5
AC015849.1,8,887
AC106707.1,8,891.5
ITM2B,8,896.5
RDH16,8,901
AC092376.2,8,929
AC007878.1,8,932
HKDC1,8,943.5
SOBP,8,954
PSPN,8,962.5
AC004816.1,8,963
DBH-AS1,8,965
LSP1,8,983.5
SCN3A,8,1001
THSD1,8,1003.5
SNTG2,8,1010.5
NMB,8,1015
AC020928.2,8,1020
LRRC32,8,1024
SCN8A,8,1031
CPA5,8,1037.5
AL133410.1,8,1039.5
HS3ST1,8,1042.5
AC109347.1,8,1045.5
AC009299.3,8,1051.5
DNAAF1,8,1058.5
RIBC1,8,1068.5
SLC25A30-AS1,8,1071.5
AKAP5,8,1073
TNFSF11,8,1083.5
AC016405.3,8,1084
MYRF,8,1085.5
NPIPB11,8,1089
EFNA1,8,1094.5
PRRG2,8,1096
TRAJ37,8,1097
AC127496.5,8,1102.5
GLIS1,8,1108
CES1,8,1109
CD86,8,1111
AC022098.4,8,1111.5
NACAD,8,1114.5
AC087071.1,8,1117.5
AC034102.3,8,1128
PPDPF,8,1133
LCK,8,1141.5
CLEC17A,8,1142
SUB1,8,1142
AC099791.2,8,1150
RGPD2,8,1152
AC087362.1,8,1153
A2M,8,1155.5
DLX2,8,1155.5
RAC2,8,1166
SYDE2,8,1169.5
STK17A,8,1173.5
AC006254.1,8,1174.5
GLB1L2,8,1179.5
TUBB6,8,1180
FP671120.1,8,1182.5
TGFB3,8,1184
IDI2-AS1,8,1189
AL109767.1,8,1191
ZNF285,8,1192
AL662890.1,8,1193.5
DMRTC1,8,1197.5
AC099489.1,8,1201
ZBED2,8,1203.5
AL603839.3,8,1209
CNKSR2,8,1218.5
MAPT,8,1221.5
DSC1,8,1222.5
DUSP19,8,1226.5
ARPC2,8,1228
AC005498.2,8,1235.5
RLN1,8,1242
YWHAB,8,1242.5
DDX21,8,1250.5
BX284668.6,8,1253
LINC02029,8,1258.5
AC073529.1,8,1262.5
HIST1H4B,8,1264.5
AC064801.1,8,1265.5
CSF3R,8,1284.5
TWISTNB,8,1287.5
ATP9A,8,1293.5
AL392046.1,8,1294
RNASE6,8,1302.5
AC104695.2,8,1306.5
AC008770.1,8,1328.5
EIF3K,8,1331
GYPC,8,1331
AC234772.2,8,1332.5
GOLGA7B,8,1340
AC092375.2,8,1345.5
TM4SF19,8,1355
DCHS1,8,1357.5
AKNA,8,1383.5
TRAV18,8,1384.5
BEX3,8,1388
MDS2,8,1396
TENM1,8,1398
FBLN7,8,1399
AC106779.1,8,1401.5
WIPF1,8,1405.5
PPP1R9A,8,1410
AC024575.1,8,1414.5
FAM153A,8,1416.5
VSIG1,8,1418
LINC02018,8,1418.5
RBM20,8,1419.5
CADM1,8,1423
AC005523.1,8,1439
LINGO3,8,1440
AC016355.1,8,1440.5
AL031283.1,8,1441.5
C1orf54,8,1449
TEPP,8,1449
H2AFJ,8,1451.5
ENTPD1,8,1452
ZNF492,8,1463.5
ANKRD34A,8,1465.5
AC027449.1,8,1469.5
ZBTB20-AS1,8,1471
CACYBP,8,1474.5
AC239868.2,8,1477.5
AL357055.3,8,1480.5
AC004918.1,8,1483.5
VASN,8,1485.5
SUGCT,8,1487.5
CTSK,8,1496.5
SGPP2,8,1498.5
GSTM2,8,1528
AC078795.2,8,1544.5
USP36,8,1546.5
EFHC2,8,1549.5
MEGF6,8,1570.5
CDKN1B,8,1573.5
LYAR,8,1578.5
AC023509.4,8,1605.5
CYP2D6,8,1606
NCAM1,8,1608
F2R,8,1612
PLEKHG1,8,1614
ARHGAP9,8,1620
MBP,8,1628.5
BLVRB,8,1630.5
CEBPB,8,1641.5
PAK6,8,1662.5
HIST1H3J,8,1669
MID1IP1,8,1674
PIM2,8,1682
LINC00299,8,1690.5
GPR35,8,1706
CNOT6L,8,1710.5
GIMAP1,8,1745.5
MARCH3,8,1770
C19orf73,8,1801.5
IGHV5-10-1,7,54
IGLV10-54,7,83
IGKV2D-40,7,95
IGLV3-27,7,137
IGHV3-64,7,157
TPSAB1,7,230
TRBV6-8,7,234
IGHV7-81,7,269
ZCCHC12,7,350
DIRAS3,7,474
HPGDS,7,478
FABP1,7,480
PTPRC,7,504
ACTG2,7,510
AC026471.3,7,538
NSUN7,7,538
CRYM,7,572
ADIRF,7,573
PSMD6-AS1,7,585
AC012358.3,7,587
PODN,7,593
HOXA5,7,600
UNC5B-AS1,7,604
CCNI,7,615
BICDL2,7,616
AC127002.1,7,621
SSR4,7,632
RNASE1,7,645
HOXA7,7,648
TPBGL,7,651
CXCL1,7,690
CUZD1,7,691
PSME2,7,693
UNC45B,7,706
LINC00384,7,712
TREX2,7,718
RBP7,7,729
WDR97,7,740
AC142472.1,7,743
PNPLA3,7,744
YWHAZ,7,748
AC129492.1,7,755
LINC01115,7,762
AL356019.2,7,767
AC021087.1,7,770
AL022323.4,7,781
SLC38A11,7,783
PTPRB,7,785
AP000911.1,7,787
AC232271.1,7,797
AKAP12,7,801
AC137723.1,7,803
VAV3-AS1,7,803
TRGV1,7,805
NCL,7,824
FZD7,7,825
AC027307.2,7,828
SERPINF1,7,828
GPR137C,7,834
PRR36,7,847
AIRE,7,850
ALDOB,7,851
AL133367.1,7,855
TAS2R14,7,859
LINC01765,7,862
AL359232.1,7,864
FHL2,7,879
PPIAL4G,7,884
RDH5,7,885
AL117381.1,7,889
AP001496.1,7,892
FOXD2,7,900
AC020656.2,7,902
AC010883.1,7,907
ASCL2,7,907
KRT2,7,913
AC005696.3,7,918
AL357054.2,7,918
GSTA1,7,919
SCNN1D,7,919
LINC01303,7,924
MBNL1,7,924
AC022239.1,7,927
MMP11,7,927
CYTL1,7,937
JAK1,7,939
ATP5MC2,7,940
LTBP2,7,958
AC040162.1,7,963
TRBJ1-1,7,963
CACNA1C-AS2,7,964
LINC02332,7,966
AC233976.1,7,968
KRT72,7,968
POLN,7,969
AC025034.1,7,977
MGAM,7,977
LRRC37A3,7,987
AL355297.4,7,991
AC090587.1,7,992
PIK3R2,7,995
PRDM16,7,995
LINC00158,7,998
ZNF442,7,998
PCBP1,7,1004
CHCHD2,7,1008
AC092123.1,7,1014
LINC01301,7,1015
MARC2,7,1018
AC008736.1,7,1025
SLC11A1,7,1028
CPE,7,1029
POPDC2,7,1032
AC018638.7,7,1034
AC005224.4,7,1035
PARD6G-AS1,7,1036
AC090198.1,7,1040
AC112491.1,7,1041
AC141424.1,7,1049
AKAP3,7,1049
SCGB3A1,7,1052
ACOXL,7,1057
HPN,7,1060
RBFOX2,7,1060
AFAP1,7,1062
TNNC1,7,1063
SLC10A1,7,1065
AC079313.2,7,1078
ZNF391,7,1078
FBXO15,7,1083
KLHL4,7,1084
PDE7B,7,1084
FAM111B,7,1087
TGM2,7,1097
BHLHB9,7,1099
IGIP,7,1102
SYP,7,1103
AL023803.1,7,1106
AC092295.2,7,1109
AP001269.4,7,1111
BX088651.4,7,1115
AMBP,7,1120
MYL9,7,1122
ARPC3,7,1123
AC091948.1,7,1124
AC010632.1,7,1127
VXN,7,1127
MGARP,7,1128
AL360270.3,7,1129
AC007728.1,7,1130
CIRBP,7,1130
ABCA10,7,1131
SKP1,7,1133
CPT1B,7,1137
LRRC2,7,1141
C2orf40,7,1142
EGOT,7,1143
ARRDC4,7,1147
SCARF2,7,1149
AC116337.3,7,1151
AL591895.1,7,1156
AC006480.2,7,1164
ASPM,7,1168
SLC6A8,7,1171
F2RL1,7,1176
CYB5RL,7,1177
PRELID3A,7,1177
PDGFB,7,1179
STON1,7,1181
AC069213.1,7,1186
CATSPERB,7,1186
GPM6A,7,1186
LDHAL6A,7,1187
BTF3,7,1188
TEAD2,7,1191
ITGB1-DT,7,1192
IFIT3,7,1194
BRDT,7,1196
AC010889.1,7,1198
GAPDH,7,1200
AC044839.1,7,1201
FRS3,7,1203
IFITM10,7,1205
SEC61B,7,1206
ATP6V1G2,7,1207
AC022364.1,7,1208
TUBB3,7,1209
COL4A3,7,1212
C9orf163,7,1214
CENPF,7,1216
FBXL13,7,1216
AC025171.5,7,1222
AC034102.5,7,1226
ACTN3,7,1226
CYP2F1,7,1228
SLC12A9-AS1,7,1228
GDPD1,7,1230
AC008063.1,7,1232
ARPC1B,7,1234
KCNQ1OT1,7,1236
AL158163.1,7,1238
PSMB9,7,1238
HEMGN,7,1239
IL7,7,1239
AL161729.1,7,1241
AP000442.2,7,1244
AL034550.2,7,1246
C9orf139,7,1246
NSMCE3,7,1247
ITGA10,7,1248
C4orf50,7,1250
HNRNPU,7,1251
HIST1H1B,7,1252
LRRC63,7,1263
AC092112.1,7,1264
HOXB3,7,1266
PIWIL4,7,1266
COL4A4,7,1273
LINC00469,7,1281
MYORG,7,1281
SRSF5,7,1281
SLC15A4,7,1282
LARGE2,7,1287
PRRT1,7,1289
TRBJ2-1,7,1291
AL451050.2,7,1293
ZNF229,7,1297
GUK1,7,1299
AL355388.2,7,1300
AL132639.3,7,1301
ERN1,7,1302
AP006284.1,7,1303
ME3,7,1304
CTF1,7,1305
AC093827.5,7,1307
STK33,7,1307
AC084346.2,7,1313
HIST1H4A,7,1315
SERPINB1,7,1316
AC092145.1,7,1323
NUDT11,7,1323
SH3BGR,7,1331
APOA1,7,1332
TVP23C-CDRT4,7,1333
AP003472.2,7,1338
LYPD3,7,1339
AC009118.3,7,1342
TSPAN9,7,1342
NPHP3-ACAD11,7,1348
ZNF860,7,1353
KALRN,7,1357
SLC45A1,7,1364
FCMR,7,1369
PPT2-EGFL8,7,1372
TMIGD2,7,1376
TUB,7,1376
AC016957.2,7,1381
HIST1H2BL,7,1382
CXCR1,7,1383
CCNB3,7,1384
GOLGA6L4,7,1386
WNT11,7,1395
CELSR1,7,1404
AL022328.3,7,1407
ERBB3,7,1413
THBS4,7,1420
ZBTB32,7,1431
ZNF239,7,1432
CARD16,7,1436
AC003991.2,7,1439
DSTN,7,1443
AL138966.2,7,1444
NEK10,7,1447
AL158152.2,7,1448
SMC5-AS1,7,1450
A2M-AS1,7,1456
AL121820.1,7,1460
BCL2L15,7,1461
CEND1,7,1462
TRBJ2-3,7,1466
UGT8,7,1467
ELOVL5,7,1470
AL358472.2,7,1474
TSC22D1,7,1475
GPR141,7,1478
OXT,7,1478
AL133410.2,7,1483
GPR150,7,1484
C18orf54,7,1490
RCSD1,7,1499
IL26,7,1516
AC002553.1,7,1517
C19orf44,7,1526
CAPS,7,1526
TRIM46,7,1529
FOLR2,7,1533
AP000766.1,7,1536
STXBP5-AS1,7,1536
AL354710.2,7,1538
TXN,7,1541
AC120193.1,7,1563
AC073335.2,7,1565
IQCG,7,1569
TLN2,7,1569
SGCE,7,1573
AC133644.2,7,1574
CSF1R,7,1588
CEP78,7,1594
AL390763.2,7,1595
LINC00334,7,1595
KLF10,7,1596
AC126755.2,7,1597
CLU,7,1597
IL27RA,7,1598
AF131216.4,7,1602
ZFYVE9,7,1610
DBI,7,1614
SEC24B-AS1,7,1618
LRFN3,7,1620
WARS,7,1623
AK1,7,1626
GCSAM,7,1630
SPEG,7,1642
SPATA21,7,1645
OVCH1-AS1,7,1651
FCGBP,7,1660
FAM131B,7,1670
MT1F,7,1676
APP,7,1684
ACSM3,7,1697
APMAP,7,1699
ITK,7,1702
KCNJ14,7,1702
PECAM1,7,1727
ANXA2,7,1731
MCTP2,7,1732
AC117382.2,7,1739
LINC02273,7,1742
AC010331.1,7,1746
ARHGEF28,7,1757
MGAT4A,7,1760
TOX,7,1813
BACE2,7,1816
TMEM256-PLSCR3,7,1823
PRR7,7,1856
FAS,7,1860
GPR174,7,1869
PYGM,7,1888
AC233755.1,6,29.5
CGA,6,113.5
IGKV1D-43,6,133.5
IGKV1D-13,6,171
IGLV2-18,6,228.5
TIMP3,6,251.5
PPP1R2C,6,255
IGKV1D-12,6,263.5
CCL19,6,288
IGKV1-37,6,292.5
UBC,6,314
AL365226.2,6,319
IGKV1D-16,6,354.5
IGLC7,6,367.5
AC083973.1,6,413.5
CDC20B,6,434.5
ZNF365,6,510
NNAT,6,573.5
CLEC1B,6,581
AC096711.3,6,588.5
GLI3,6,591.5
UBD,6,600
AC026740.1,6,601.5
AC133065.1,6,602
NID2,6,608
SPIRE2,6,612
AC135782.3,6,612.5
MT-ND5,6,625
TNFRSF17,6,627
RETN,6,631
LINC01727,6,637
PCP2,6,650
SLIT3,6,651.5
AC007342.4,6,665
MT1H,6,666
AC022893.1,6,668.5
ZNF418,6,671
MMP19,6,682.5
ZNF775,6,686
FLJ45513,6,690.5
AC012414.5,6,691
FGB,6,702
DLG2,6,703.5
LIX1-AS1,6,721
MEOX1,6,722
KRTAP5-2,6,727
AC074050.4,6,728
CPB2-AS1,6,729.5
TIMD4,6,739
ARHGEF26,6,744
Z83844.3,6,746.5
AC005329.1,6,747
GOLGA6L10,6,748
CEP170B,6,749
FOXA3,6,751
AC007038.1,6,757
AC080013.6,6,765
NKILA,6,776
AC240565.1,6,789.5
AC139795.3,6,791
KANK2,6,793.5
SYNE4,6,795
TSPAN10,6,796.5
UXT-AS1,6,797.5
FAM153B,6,800.5
CCDC3,6,801.5
Z95115.1,6,807
CELSR3,6,807.5
CRYGS,6,808
CRABP2,6,810
BX649632.1,6,811
TMEM155,6,830
FFAR2,6,836
AL160313.1,6,843.5
HP,6,844
AC092835.1,6,845.5
AC092718.1,6,848.5
MCEMP1,6,850
FZD9,6,854.5
ESM1,6,855.5
KCNIP2,6,856
LGALS4,6,856.5
GTSCR1,6,857
PANO1,6,859.5
CLIP3,6,860.5
AC116158.1,6,867.5
ZFP92,6,869.5
F7,6,870
GLB1L3,6,873
LIM2,6,877.5
RGS7BP,6,883.5
AC106864.1,6,885.5
C9orf116,6,888
AC093690.1,6,890
AC007029.1,6,892.5
LINC02323,6,896.5
APOH,6,899.5
ALDOA,6,904
AC073863.1,6,907
TAS2R30,6,907.5
UBE2C,6,909.5
TPI1,6,910.5
HEY1,6,915
TF,6,918.5
NPR2,6,921
AL049840.1,6,924
AL031708.1,6,924.5
MANEAL,6,929.5
AC008440.1,6,930
LINC02352,6,931.5
OIT3,6,936
TBX20,6,936
TMC3-AS1,6,936
AC055713.1,6,939
NCBP2-AS1,6,941.5
LINC02076,6,942.5
PHKA1,6,942.5
AC008115.1,6,943
AC024940.1,6,946
HIST1H4K,6,951
GRAPL,6,955
FNDC9,6,958.5
AK8,6,959
AC074386.1,6,963.5
NPC2,6,972.5
HIST1H2BB,6,973
FOXD2-AS1,6,973.5
AC008555.1,6,974.5
SRSF12,6,975.5
LEXM,6,976
IL20RB,6,981.5
AL390198.1,6,982.5
AC106886.5,6,983
AC004076.2,6,984.5
AC005775.1,6,985
SALL2,6,986.5
ALPL,6,987
DGCR6,6,989
MDC1-AS1,6,990
GRID2IP,6,991
CCDC144A,6,997.5
UBE2F-SCLY,6,1000
GPRASP2,6,1003.5
AC103563.7,6,1008
AC011773.1,6,1008.5
MANSC1,6,1009
AC048382.6,6,1011
AC134772.1,6,1013
LINC02539,6,1016.5
CHSY3,6,1019
BOK,6,1020
EIF3G,6,1020.5
ARSJ,6,1023
MCMDC2,6,1023.5
CTSZ,6,1028
TBC1D8B,6,1029
AL451074.2,6,1029.5
AL512625.3,6,1029.5
MAMDC4,6,1031.5
FAM218A,6,1032
HCN3,6,1032.5
NTRK2,6,1032.5
AL391244.3,6,1033.5
DYNLRB2,6,1034
AC011773.4,6,1037
STXBP6,6,1042.5
H1FX-AS1,6,1044
CFAP157,6,1045.5
AC008393.1,6,1047
TNXB,6,1047.5
AL109811.1,6,1049
CXADR,6,1049.5
KCNQ3,6,1058
KRT23,6,1061
LINC01825,6,1061.5
GASAL1,6,1062
HSPA12A,6,1062
LLPH-DT,6,1062
C20orf204,6,1065
KSR2,6,1070.5
SH3BGRL2,6,1072
RASL11B,6,1073
OGN,6,1073.5
FERMT2,6,1075
AL020998.1,6,1076
AL354919.1,6,1077
AC245014.3,6,1078
NTNG2,6,1078
CHRNA1,6,1078.5
FCRL5,6,1082.5
EPHX4,6,1083
AC093627.5,6,1087.5
AL139246.3,6,1087.5
ATP5MG,6,1088
MYL12B,6,1088.5
LINC01725,6,1089.5
AC104170.1,6,1090.5
ZNF70,6,1093.5
SLC2A1-AS1,6,1094.5
GPC1,6,1096.5
AC135068.9,6,1097
BRWD1-AS2,6,1098
ZNF774,6,1098
SNHG8,6,1101
DOCK3,6,1102
STAM-AS1,6,1108
ELL3,6,1109.5
GPR19,6,1111.5
JADE3,6,1112
CNTNAP1,6,1112.5
AC005838.2,6,1113.5
AC018630.2,6,1113.5
MSANTD1,6,1113.5
ST3GAL5-AS1,6,1114.5
AC008840.1,6,1116.5
ADM5,6,1119
ZNF252P-AS1,6,1122
ZNF559-ZNF177,6,1125
BEND4,6,1127
PPIL6,6,1128.5
LINC00470,6,1129.5
PAXBP1-AS1,6,1129.5
ITGA3,6,1130
PCBP2,6,1136
AC027702.1,6,1141
CARNS1,6,1141.5
C1QTNF3,6,1150.5
LCN10,6,1151.5
AC024267.4,6,1153.5
POU3F1,6,1166.5
KMT2E,6,1168
AC092490.1,6,1169.5
AMOT,6,1173
AL590708.1,6,1173.5
MELTF,6,1174.5
AL136295.5,6,1175.5
FAM153C,6,1176.5
AC009275.1,6,1178
RANBP17,6,1178
CORO6,6,1182.5
OLFM2,6,1184.5
AP001636.3,6,1187.5
ADCY4,6,1193
LINC02422,6,1194
TTC16,6,1194
ACVR2B,6,1199
KHDRBS2,6,1199.5
RNF43,6,1202
DPY19L2,6,1203
AC016588.2,6,1203.5
TCAP,6,1204
NEFH,6,1205
SYCP3,6,1209.5
AL358472.5,6,1210
GABARAP,6,1210
SLC35G2,6,1210
CCDC62,6,1212
RBM44,6,1214.5
AARD,6,1216
SUMO2,6,1216
HEY2,6,1217
AC073842.2,6,1222
AC098818.2,6,1222
FMO5,6,1222
PLS3,6,1222.5
AC009185.1,6,1225
CYCS,6,1229
BGLAP,6,1230
AC001226.2,6,1231
USP51,6,1233.5
ZC3H12B,6,1233.5
OTOF,6,1234
RBFOX3,6,1236.5
AC114811.2,6,1239.5
ADGRA2,6,1240
HIST1H2BM,6,1240.5
AC112907.3,6,1241
AC104971.3,6,1241.5
COX4I1,6,1243
AC015819.2,6,1244
AC005842.1,6,1245
CTRL,6,1248
LINC00896,6,1253.5
COX6A2,6,1254.5
HCRT,6,1254.5
ANKRD23,6,1255
HOXA10,6,1256.5
AL031848.2,6,1258
HIST1H3E,6,1260.5
AL359182.2,6,1261.5
LARGE1,6,1269
ACVR1C,6,1270.5
BCL7A,6,1271.5
HIST1H4H,6,1272.5
ZNF541,6,1274.5
TNNC2,6,1275.5
UQCR11,6,1276.5
PDZK1,6,1279
RUSC1-AS1,6,1290.5
AC011247.2,6,1291.5
TMOD1,6,1294
VLDLR,6,1294
AC007038.2,6,1294.5
ZNF32-AS1,6,1296.5
ZMYND10,6,1297
DOK4,6,1298
AL360091.3,6,1299
FADS3,6,1300
ABHD1,6,1300.5
BNIPL,6,1301
GPR135,6,1301.5
AL356276.1,6,1305.5
NINL,6,1306
AP001062.1,6,1306.5
NPIPB13,6,1308.5
AC243547.2,6,1309.5
ARVCF,6,1311.5
TRBJ1-5,6,1314.5
NLGN4Y,6,1316
AC006064.2,6,1317
SWAP70,6,1317.5
ZNF30,6,1318
LMCD1,6,1319
LINC00663,6,1320
AC139795.2,6,1321.5
TIGD4,6,1322
WEE2-AS1,6,1326.5
AC008083.2,6,1328.5
CIART,6,1329
KIAA0319,6,1329.5
AL391834.2,6,1331
AC015911.5,6,1338
AC239868.3,6,1340
AC090617.3,6,1342.5
SCIMP,6,1344.5
AC099522.2,6,1346
STYK1,6,1348
SPDYE16,6,1352
DISP3,6,1353
COX6C,6,1354.5
ATP6V0E2-AS1,6,1356.5
PRR7-AS1,6,1359.5
SRCIN1,6,1360
LINC02081,6,1364
HDHD5-AS1,6,1364.5
EVC,6,1367
ABCB4,6,1371
LINC01422,6,1372.5
MRPS30-DT,6,1373
ZNF792,6,1375
AC005332.4,6,1377.5
AL137802.2,6,1377.5
CACNB3,6,1378.5
TRPC1,6,1387
AL157935.2,6,1387.5
GLIPR1L2,6,1390
AC008035.1,6,1391
RASSF1-AS1,6,1391
SLC25A3,6,1393
AL353622.1,6,1394
MYO1E,6,1395.5
AKAP13,6,1397
LIMS2,6,1399
FAM66A,6,1400.5
C11orf65,6,1402
HBEGF,6,1402
COX6A1,6,1403
CCDC154,6,1405
SPNS2,6,1405
CYP2E1,6,1408.5
C12orf42,6,1409.5
CHL1,6,1409.5
CU634019.6,6,1416.5
AC074044.1,6,1417
BBS5,6,1419
AP000802.1,6,1422.5
GALR2,6,1423
SRSF3,6,1424
AC104109.3,6,1426
EPHA1,6,1426
LRRC56,6,1430
RGS17,6,1431
CARMIL3,6,1437
P3H3,6,1439.5
LILRB1,6,1440.5
CA2,6,1443
PDGFRB,6,1444.5
CLIC1,6,1445
LINC02202,6,1446
TBKBP1,6,1447
ASTN2,6,1452.5
PLP2,6,1463.5
FCGRT,6,1467.5
TRBJ2-7,6,1469.5
HCK,6,1470
MOCS1,6,1473
ATP2B1-AS1,6,1473.5
CUBN,6,1474
KIF5A,6,1477
CCDC141,6,1478.5
AC110079.2,6,1481
SYN3,6,1484
RNF32,6,1485
AC007349.3,6,1486.5
AL589843.1,6,1487.5
SPINK2,6,1489.5
GTF3C1,6,1497.5
MFSD4A,6,1497.5
AL451085.1,6,1501
SRP14,6,1501
AC006299.1,6,1502
ZNF630,6,1503
DSEL,6,1506.5
HNRNPUL1,6,1514
MYH11,6,1516.5
LINC01535,6,1518
AL158163.2,6,1518.5
MARCH1,6,1518.5
RHOV,6,1519
CD63,6,1520.5
DNASE1L2,6,1521.5
IRGM,6,1522.5
AC010624.3,6,1524
AC068620.1,6,1526.5
GK5,6,1531
C6orf132,6,1532.5
CDK20,6,1534.5
HLA-F,6,1547
LINC00944,6,1547
POU6F1,6,1550.5
UBAP1L,6,1551
AC017002.3,6,1552
RILPL2,6,1553
LINC01011,6,1558
SNHG22,6,1560
CHST12,6,1562.5
AC097534.2,6,1565
C16orf45,6,1566
POLR2L,6,1567
ARMH1,6,1568.5
TRG-AS1,6,1575.5
AC008735.2,6,1588
AC027682.1,6,1588.5
AC091153.2,6,1591.5
LRRFIP1,6,1591.5
TTC7B,6,1598
ADM,6,1598.5
CORO1B,6,1599.5
AHI1,6,1601
PRKAR2A-AS1,6,1604
NEK11,6,1605
C4orf47,6,1609.5
ZNF563,6,1609.5
SMCHD1,6,1613.5
ZFAS1,6,1616
ARAP2,6,1616.5
SLC16A3,6,1618
DENND2D,6,1619
LCAT,6,1624.5
RGPD6,6,1630.5
U47924.2,6,1633.5
AC073195.1,6,1642
ACTRT3,6,1642.5
FXYD1,6,1644.5
GPCPD1,6,1648
LINC00243,6,1648
CYP3A5,6,1651.5
RAB19,6,1652
IER5,6,1653.5
GLUD1,6,1655.5
MAFF,6,1656.5
KCNK5,6,1657
ACER2,6,1664.5
P2RY8,6,1664.5
ARRDC5,6,1665.5
TNFSF8,6,1666
CXCL16,6,1675.5
RTP5,6,1675.5
ZNF665,6,1680.5
AC104506.1,6,1683.5
CDHR3,6,1688.5
AC008610.1,6,1690
LIME1,6,1692
PWAR6,6,1697
DNAJB4,6,1704.5
TEF,6,1706.5
ZNF280B,6,1708.5
LZTFL1,6,1728.5
ARL5B,6,1732.5
SAMD3,6,1737
ZBTB16,6,1739
PPM1L,6,1745
AL122035.1,6,1754
ALG13,6,1756.5
NCKAP1,6,1758.5
BCO2,6,1762.5
IL17C,6,1766
MRC1,6,1772
GPRIN1,6,1780
NUCB2,6,1800
ZDBF2,6,1808
KCNA3,6,1813.5
AGAP1,6,1820.5
ULBP2,6,1844
AP005482.1,6,1850.5
STX11,6,1865.5
IGHV3-64D,5,125
HDC,5,234
TFPI2,5,303
SPDYE5,5,330
AC087241.3,5,416
HMGCS2,5,440
LYVE1,5,444
RBP4,5,450
CABP4,5,460
CD207,5,465
TESC-AS1,5,467
LINC01229,5,470
AL583722.2,5,492
CRHBP,5,495
AL135905.1,5,523
MYH10,5,539
OCLN,5,541
ZNF112,5,550
ITLN1,5,552
BX323046.1,5,554
GRIN3B,5,560
ZDHHC19,5,566
AC018845.3,5,569
AC113414.1,5,572
AC004839.1,5,575
AL138762.1,5,591
KRT73,5,604
DNAJB5-DT,5,607
DLC1,5,610
AC008549.2,5,611
TRIM2,5,618
GPC2,5,620
LINC00562,5,622
TGFB1I1,5,623
AL136309.2,5,629
LINC00310,5,632
ZNF727,5,633
KLHL14,5,640
CDRT4,5,647
PNMA5,5,647
PRMT5-AS1,5,647
MEIOC,5,654
AC037459.2,5,655
FRRS1,5,660
BACE1-AS,5,661
AL162457.1,5,667
GPR75-ASB3,5,667
SPIC,5,668
CCDC96,5,673
SLC7A4,5,675
ANKRD55,5,678
ACBD7,5,683
AC079171.1,5,685
PPP2R3A,5,686
SPR,5,693
ADH1B,5,695
SLC16A4,5,695
LAMA3,5,696
MTUS1,5,697
NPPC,5,704
AC090515.2,5,709
C15orf62,5,716
AC008280.3,5,720
AP000446.1,5,720
AC137630.3,5,723
AC127070.1,5,725
FALEC,5,725
CACNA1I,5,727
LINC02416,5,730
ZNF804A,5,734
EIF4G2,5,735
LINC02363,5,735
LY6G5B,5,740
FOLR3,5,747
TREM1,5,751
GAS1,5,755
TMEM110-MUSTN1,5,756
AL355581.1,5,761
AC126614.1,5,769
AL512791.2,5,770
ZNF491,5,773
SMIM11B,5,777
FTCD,5,781
UCKL1-AS1,5,785
KIF3C,5,786
C8G,5,787
KCNAB1,5,787
DMRTC1B,5,788
AQP10,5,789
AL606760.3,5,790
KCNH2,5,791
MEIKIN,5,792
C8orf37-AS1,5,793
MATN1,5,801
ATP8A2,5,804
AL359834.1,5,805
TPM3,5,806
SLC6A4,5,807
SLC25A25-AS1,5,809
LINC01685,5,812
NTNG1,5,813
AC010336.1,5,819
AC130343.2,5,819
HAS3,5,820
AC005618.1,5,826
TMEM37,5,826
AP1M2,5,827
C13orf46,5,836
PRSS35,5,837
AL122035.2,5,839
FAM71F2,5,841
PTHLH,5,844
ZDHHC11B,5,844
TMEM244,5,853
AL035413.1,5,855
ENHO,5,857
PCOLCE-AS1,5,859
FAM215A,5,861
FGF18,5,864
KCNH8,5,865
SYT17,5,865
AMH,5,866
TMEM169,5,866
B3GAT1,5,867
AC118553.2,5,868
BEST4,5,868
AMER1,5,870
PNOC,5,871
AL928654.1,5,872
AL138820.1,5,874
AC023024.1,5,878
RBPMS2,5,878
AL121985.1,5,879
MT-ATP8,5,880
SSPN,5,882
AC092119.3,5,883
NTN5,5,885
PKP3,5,886
MRVI1-AS1,5,887
CD163,5,888
PPP4R4,5,894
AL357033.3,5,896
SNX32,5,899
WNT7A,5,901
IGHJ4,5,904
SV2C,5,904
BX322234.1,5,905
AC135068.8,5,906
AC010547.4,5,909
C19orf84,5,909
FBXL19-AS1,5,912
TRPC3,5,914
AC145422.1,5,916
TNKS2-AS1,5,916
AC109446.3,5,917
LINC01126,5,917
UBXN10-AS1,5,918
LINC01013,5,921
AC138356.1,5,922
BAIAP3,5,926
SHISA2,5,927
AC023509.3,5,930
MUC20,5,933
NT5E,5,935
AC092910.3,5,938
CLEC18A,5,938
ZSWIM5,5,938
AC009107.2,5,940
AL138963.1,5,941
HLF,5,941
LINC01281,5,942
AC011511.1,5,945
AC009123.1,5,946
AC108879.1,5,947
AL024507.2,5,947
GPR22,5,949
LRRC6,5,950
AC093835.1,5,954
AC097460.1,5,956
GPR75,5,960
SH2D6,5,960
GREB1,5,962
SEC31B,5,962
CREB3L3,5,963
AC068631.1,5,965
AC095057.2,5,965
AL158835.1,5,966
ZNF221,5,966
AC022167.2,5,968
AC091045.1,5,971
ARG1,5,972
AC011313.1,5,973
ATXN2-AS,5,974
HOXA10-AS,5,974
AC107375.1,5,975
C12orf40,5,977
AC021321.1,5,978
AC069224.1,5,979
PRSS12,5,984
FRMD6,5,985
UTS2B,5,986
LCNL1,5,988
AC099508.1,5,989
AL137145.1,5,989
AL109811.3,5,993
CHADL,5,997
LINC01973,5,997
TAPT1-AS1,5,999
AL121652.1,5,1002
ADGRV1,5,1003
HTR3A,5,1004
NMU,5,1004
AC008758.4,5,1006
C9orf24,5,1007
NAP1L3,5,1008
BCDIN3D-AS1,5,1009
TTC36,5,1009
ZMAT4,5,1013
LEAP2,5,1014
HCG27,5,1015
IL17RB,5,1017
PM20D1,5,1017
CACNA1H,5,1018
AC006116.8,5,1020
OSBP2,5,1022
DIRAS1,5,1024
MEG3,5,1026
AL451060.1,5,1027
HPX,5,1028
DNM3,5,1030
JMJD1C-AS1,5,1030
PCDHGB5,5,1030
USP35,5,1034
AL138831.2,5,1038
AL132780.1,5,1039
HIST2H2AA4,5,1039
AL683813.1,5,1041
SHD,5,1042
IQCD,5,1043
AC015712.1,5,1045
AC072061.1,5,1051
FIRRE,5,1051
CFAP54,5,1052
AC012645.1,5,1053
AL031432.3,5,1061
AL137856.1,5,1066
ZNF233,5,1066
AL135818.2,5,1067
WNT16,5,1067
ZNF793-AS1,5,1067
AL121601.1,5,1068
EEF1A2,5,1070
WNT10B,5,1071
Z98884.1,5,1071
PDGFA,5,1072
U73166.1,5,1074
GALNT8,5,1075
AL590714.1,5,1078
MYO1B,5,1078
AC010273.1,5,1080
AC018742.1,5,1080
KRT18,5,1084
TERC,5,1084
ENKUR,5,1088
PLEKHH2,5,1090
SGCD,5,1092
ISPD,5,1093
AC013565.3,5,1094
VWDE,5,1096
CDH20,5,1098
MT3,5,1098
AC106739.1,5,1099
AC243965.1,5,1100
LYPD6B,5,1101
AL356020.1,5,1106
NUP62CL,5,1107
TMEM52,5,1107
AC087500.1,5,1108
AL136038.5,5,1108
AC104590.1,5,1109
C7orf61,5,1109
CLHC1,5,1109
TRBJ2-5,5,1110
AC098850.3,5,1112
AP000424.2,5,1114
TRO,5,1114
MKRN3,5,1115
MMRN1,5,1115
SPDYE2B,5,1115
AC008878.3,5,1116
USP2-AS1,5,1116
XKRX,5,1116
AC026801.2,5,1117
AL355916.1,5,1118
AC073263.2,5,1119
HTRA4,5,1122
ZNF582-AS1,5,1122
LINC02470,5,1124
SLC24A3,5,1125
DDX11-AS1,5,1126
AC019129.2,5,1128
DNAJC5B,5,1129
AC007364.1,5,1130
AL133351.1,5,1130
AL445471.1,5,1130
PLIN5,5,1130
PSME1,5,1130
AFAP1L2,5,1132
NEURL2,5,1132
AC040977.1,5,1133
AC005154.6,5,1134
AC010198.1,5,1136
C2CD4A,5,1136
STX17-AS1,5,1136
LINC00471,5,1140
HRH4,5,1143
AL365232.1,5,1144
FAM66E,5,1144
AL136295.2,5,1146
HOXA4,5,1146
TMEM63C,5,1150
AC022395.1,5,1152
AC010491.1,5,1155
AL645568.1,5,1156
KDF1,5,1157
DOCK9-DT,5,1163
AC073073.2,5,1164
NLGN2,5,1165
XKR9,5,1166
IGLJ3,5,1169
ZNF286B,5,1169
AL353708.1,5,1170
SLC16A10,5,1173
AC092119.2,5,1174
ADAMTS13,5,1174
AC010894.2,5,1175
BLNK,5,1177
HIGD2B,5,1177
LINC02295,5,1179
AL157834.2,5,1180
ATP13A4,5,1180
AC004895.1,5,1182
HLA-G,5,1183
LIN7A,5,1183
AC008040.1,5,1185
LINC01772,5,1185
MMP24,5,1185
AL671710.1,5,1187
AC020558.1,5,1189
RPGRIP1L,5,1190
LINC01259,5,1191
AC079336.4,5,1195
AC105052.3,5,1197
ARG2,5,1198
PROCA1,5,1198
HSD17B6,5,1203
PCSK4,5,1205
UPB1,5,1205
ZNF835,5,1206
TCERG1L,5,1213
EXPH5,5,1218
PGK1,5,1218
USP3-AS1,5,1219
ATL1,5,1220
ZNF415,5,1220
NGFR,5,1221
NR3C2,5,1222
HIST1H3F,5,1226
SLC3A1,5,1227
AL513165.1,5,1228
C2,5,1228
DOK7,5,1228
AC087741.1,5,1229
ZMYND12,5,1231
FAM201A,5,1237
NME9,5,1238
BHLHE40-AS1,5,1244
C17orf100,5,1244
AC100835.1,5,1248
BTNL9,5,1250
KLRC4,5,1251
CDKN2B,5,1252
LNP1,5,1252
CD36,5,1254
HECW2,5,1254
AC011462.1,5,1255
BFSP1,5,1255
FRMD3,5,1256
LINC02413,5,1257
FAM167B,5,1258
ISL2,5,1258
AC062029.1,5,1261
CAND2,5,1262
AC055822.1,5,1263
TRPV1,5,1265
ESAM,5,1267
AC008622.2,5,1268
GPR27,5,1274
AC018653.3,5,1276
LGMN,5,1277
SLC6A3,5,1277
ANK1,5,1278
CCDC153,5,1278
ANKRD31,5,1280
IFT81,5,1282
AC116366.2,5,1285
ARMCX4,5,1285
AL162311.3,5,1286
KCP,5,1286
RAN,5,1286
AC011450.1,5,1289
TIAF1,5,1289
AC104958.2,5,1290
FAM229A,5,1290
HAVCR1,5,1290
MC1R,5,1290
AC009283.1,5,1291
AC092343.1,5,1292
AL024508.1,5,1297
HSF5,5,1301
WASF1,5,1303
CDKL3,5,1305
TFR2,5,1305
AC005332.8,5,1308
ELOB,5,1309
FRMD4A,5,1309
RBM11,5,1309
SERPINA11,5,1309
AC090948.1,5,1310
RAB38,5,1310
PNPLA7,5,1311
AC015802.4,5,1313
AL359504.2,5,1314
ERFE,5,1314
GREM2,5,1314
NEB,5,1314
RRM2,5,1314
KRTCAP3,5,1316
ZNF501,5,1316
SEMA6A-AS1,5,1318
TSNAX-DISC1,5,1318
RGMA,5,1319
AC016027.1,5,1320
TRBJ2-4,5,1320
MAGEE1,5,1321
WNT2B,5,1321
C20orf144,5,1322
ZNF436-AS1,5,1322
AC024257.3,5,1325
FITM1,5,1325
LINC00544,5,1330
TMEM17,5,1330
OSR2,5,1331
AC005726.2,5,1337
PALLD,5,1337
ZNF497,5,1340
AC011466.1,5,1343
PSD,5,1344
C1QTNF12,5,1348
AC108471.2,5,1349
TRGC2,5,1349
FAM95C,5,1350
FOXD1,5,1350
PLGLB1,5,1350
AC113382.1,5,1354
AL590560.2,5,1355
CD81-AS1,5,1355
AC104118.1,5,1356
AL136368.1,5,1356
AL137779.2,5,1358
LINC01135,5,1361
HOXC5,5,1365
STKLD1,5,1365
AL031600.1,5,1366
LRRC3,5,1367
AL513314.2,5,1368
ERRFI1,5,1368
PHOSPHO1,5,1368
MAFA,5,1372
AL031775.1,5,1373
Z83847.1,5,1374
AC010834.2,5,1377
AC099552.1,5,1377
AC016596.1,5,1380
WDR63,5,1381
AC023157.3,5,1386
AC120053.1,5,1387
TBXA2R,5,1388
AC139720.1,5,1389
AC112236.2,5,1390
AC096734.2,5,1391
KCNJ2,5,1397
MYO3B,5,1397
AL139317.3,5,1399
SAMHD1,5,1399
GPR63,5,1403
AL161756.1,5,1404
AL645608.2,5,1404
PRKCH,5,1405
AC026304.1,5,1406
AC005332.3,5,1407
AC105760.2,5,1409
SLC38A3,5,1409
HCN2,5,1410
CDKL2,5,1411
CNR2,5,1411
ATP6V0C,5,1412
AC005480.1,5,1416
AC107068.1,5,1417
LPP-AS2,5,1418
AC068473.5,5,1421
AC109460.1,5,1421
AL158850.1,5,1421
AP000977.1,5,1422
LANCL3,5,1425
PDLIM4,5,1426
LINC00167,5,1428
GLTPD2,5,1429
VSIG8,5,1437
AC069287.2,5,1438
FOXP1,5,1438
AC012447.1,5,1439
PRICKLE1,5,1440
ZNF485,5,1440
EFNA5,5,1441
AASS,5,1442
DENND2C,5,1443
TP63,5,1443
ZSCAN20,5,1443
ERVMER61-1,5,1444
AL592166.1,5,1446
TLR10,5,1448
NUMBL,5,1450
NHLRC4,5,1452
AC012360.1,5,1456
CP,5,1457
AC022113.2,5,1459
AC022762.2,5,1459
SOX13,5,1459
ST6GALNAC3,5,1462
EIF4A3,5,1464
IL12RB2,5,1464
AF129075.2,5,1467
ZNF284,5,1468
SERP2,5,1469
SLC17A3,5,1473
RAD21-AS1,5,1475
AC068338.3,5,1476
RAB23,5,1476
AK5,5,1479
C21orf62-AS1,5,1479
B3GNT9,5,1480
AL109811.2,5,1482
SLC9B1,5,1482
ANKRD9,5,1483
KLRC4-KLRK1,5,1483
AC091965.1,5,1484
CLBA1,5,1485
PLPP6,5,1485
AL355816.2,5,1489
LINC00494,5,1489
C4BPB,5,1490
C7orf57,5,1490
MUC12,5,1491
CD96,5,1492
ZNF470,5,1493
AL135744.1,5,1494
AL391069.1,5,1495
AJUBA,5,1496
NANOS3,5,1499
TSPO,5,1499
AL031772.1,5,1502
GPRASP1,5,1504
AC017083.3,5,1506
RGPD1,5,1506
ATP5ME,5,1511
GPLD1,5,1511
PKIG,5,1512
ZNF483,5,1516
ADAM12,5,1518
PDIA3,5,1521
SNPH,5,1521
AC091057.2,5,1525
RNF215,5,1525
AC069431.1,5,1528
BCL2L11,5,1529
SYNM,5,1529
AL691403.2,5,1530
MIR181A2HG,5,1530
TMEM56,5,1530
EDA,5,1533
WWTR1,5,1533
OBSCN-AS1,5,1535
ASXL2,5,1539
USP27X,5,1541
AC114490.3,5,1542
SKIL,5,1544
AL390957.1,5,1545
CBLB,5,1549
CCDC136,5,1551
JAG2,5,1553
LRRC49,5,1554
CCDC171,5,1555
FAM171A1,5,1556
AL365275.1,5,1557
GRAMD1C,5,1561
TTC30B,5,1563
FNDC4,5,1564
PLCG2,5,1565
DLK2,5,1570
FIGNL2,5,1574
RFESD,5,1574
AC138035.1,5,1577
ZC3H6,5,1580
AC004817.3,5,1581
NUSAP1,5,1583
PGAP1,5,1588
EPB41L4A,5,1589
ZNF426-DT,5,1590
AC084337.2,5,1594
ATP6V1C2,5,1596
RSPH4A,5,1597
FAT4,5,1600
ANKRD20A4,5,1606
ZNF320,5,1606
NSG1,5,1607
ZCCHC18,5,1607
AL356441.1,5,1608
CR1,5,1608
HACD1,5,1611
AEBP1,5,1613
CALCB,5,1616
SEMA6C,5,1616
RN7SL832P,5,1617
DENND6A-DT,5,1618
TLR3,5,1618
FLT3LG,5,1621
NRG2,5,1622
NEIL1,5,1623
GHRLOS,5,1629
AC022075.1,5,1630
ATP8A1,5,1634
LRRN1,5,1634
CSGALNACT1,5,1635
AC004687.1,5,1637
AC011921.1,5,1637
BX255925.3,5,1639
AC114763.1,5,1641
AL136040.1,5,1643
AL353593.2,5,1644
ANGPT2,5,1644
CLDN12,5,1644
SLC26A1,5,1644
AL121658.1,5,1645
PODXL,5,1647
AL158834.1,5,1648
RCAN3,5,1652
COLQ,5,1653
ZC3HAV1,5,1656
CATSPER2,5,1659
AC079610.1,5,1660
IFNG-AS1,5,1660
EIF5,5,1661
PLA2G1B,5,1661
TRGV5P,5,1663
DPP4,5,1666
AL445686.2,5,1667
CMSS1,5,1667
PPAN-P2RY11,5,1667
AC087623.3,5,1669
PTPN6,5,1677
FAM66C,5,1678
B3GNT10,5,1682
KLHL3,5,1685
CACNA1C-AS1,5,1686
AP3M2,5,1688
AC013400.1,5,1692
AP000866.5,5,1694
GPX4,5,1697
NKD1,5,1697
OLMALINC,5,1699
ADAMTSL5,5,1708
XXYLT1-AS2,5,1708
AL034417.3,5,1710
NLRP3,5,1712
AXIN2,5,1715
TMEM30B,5,1715
ZNF74,5,1729
AC004982.2,5,1737
ZNF571,5,1747
AP005329.3,5,1750
RDH10,5,1753
FAM84B,5,1754
HIC1,5,1761
SLC35G1,5,1762
TET1,5,1774
P2RY10,5,1775
SLC25A4,5,1780
AL049780.2,5,1781
ADAMTS6,5,1782
NTN4,5,1792
IGHV1-45,5,1795
AC011468.5,5,1797
DDX3Y,5,1802
NBL1,5,1802
RALGAPA1,5,1803
AC233723.1,5,1805
AC093668.3,5,1808
GPA33,5,1810
LRRC43,5,1817
RGPD5,5,1831
AC123768.3,5,1833
GIMAP5,5,1833
ITIH4,5,1839
SLC12A5,5,1861
PCSK6,5,1862
RAB8B,5,1868
LINC01132,5,1869
PTGER2,5,1885
FAM69B,5,1889
HDAC11-AS1,5,1892
AL450992.2,5,1900
IL21R,5,1910
SIPA1L2,5,1912
AC010969.2,5,1917
CCR2,5,1926
CHST2,5,1949
IGLV1-36,4,71
TPSB2,4,88
CPA3,4,109.5
IGLV3-16,4,134
IGKV3D-11,4,138.5
TPSD1,4,142
IGLV5-52,4,216
IGKV2D-24,4,226.5
CCL7,4,272.5
CDO1,4,307
SRGN,4,309.5
MT-ND1,4,314.5
FN1,4,353.5
AL603756.1,4,359.5
TCL1B,4,375.5
AC084036.1,4,381
MARCO,4,403
FABP3,4,413.5
TMSB10,4,414
AL035563.1,4,451
PFDN5,4,451.5
CABYR,4,461.5
ACOD1,4,464
CLEC3B,4,464
PIR,4,488
AC246787.2,4,503
H3F3A,4,516
AC073957.3,4,517.5
TMEM232,4,520
RND2,4,520.5
AL035252.3,4,530.5
C1orf220,4,549
FST,4,554
AC022400.7,4,556
SPRED3,4,558
PNMA3,4,568
TP53TG3D,4,573.5
AC005920.1,4,583.5
AL162586.1,4,589
TMEM255A,4,589.5
AC008551.1,4,595
LINC00309,4,596
IRF6,4,598.5
ODAPH,4,598.5
CYP51A1-AS1,4,599.5
AL096677.1,4,601.5
PACSIN1,4,608.5
CENPI,4,616.5
CFAP53,4,617
AC079305.1,4,618
LILRB5,4,619
AL355987.3,4,619.5
POF1B,4,624
CALM1,4,631
ADH1C,4,633.5
AC007349.2,4,637
SLC52A1,4,645.5
CACNA1A,4,646
WSCD2,4,648
AC008467.1,4,648.5
TNFRSF19,4,649
ARHGEF10,4,650.5
TRDJ1,4,651.5
AC103831.1,4,654.5
TAS2R4,4,655
VWCE,4,656
KLRF2,4,660.5
MYO5B,4,661.5
SHISA8,4,664
LRRC24,4,665.5
NLGN3,4,670
TRAJ39,4,670
H3F3C,4,671
AL391684.1,4,671.5
AC011481.2,4,675
NPAS1,4,676.5
HRH2,4,678.5
AC032044.1,4,679.5
F3,4,679.5
OMD,4,681.5
AC091551.1,4,688.5
C10orf25,4,694.5
FGF14-AS2,4,695.5
TMEM81,4,696
RAPGEFL1,4,699.5
AC008655.2,4,700.5
MYO7B,4,700.5
CD180,4,703.5
LINC00624,4,704
LINC02158,4,705
AP001893.1,4,706.5
LRRC75B,4,706.5
ISM1,4,712
AC021097.1,4,712.5
ADARB2,4,716.5
DNAH10,4,717
SLC18A2,4,720.5
AL133342.1,4,721.5
LZTS1,4,721.5
AC068491.3,4,723
TSACC,4,724.5
RFTN2,4,733.5
AC006042.4,4,735.5
PHETA2,4,740.5
ELAVL4,4,741
GSTA2,4,742
MYO16,4,744.5
FAM53A,4,747.5
AC090948.2,4,748
RNASEH2B-AS1,4,750
AC009948.4,4,754
AC068888.1,4,754
CPNE7,4,754.5
AL512625.1,4,755
AC008629.1,4,756
TRAJ22,4,757
ADH4,4,759
SPTBN4,4,759
CA10,4,760.5
AC035140.1,4,765.5
LMO7-AS1,4,767.5
CCL22,4,770
PON3,4,772.5
IGKV3-7,4,776
AC139887.1,4,778
PRSS27,4,779
VPS13A-AS1,4,780
CERKL,4,781
AC020910.4,4,781.5
AL358790.1,4,781.5
PLAT,4,783.5
ARHGDIB,4,787
NPB,4,787
AC103724.4,4,787.5
AL139352.1,4,789
MARCH10,4,791
FGFR2,4,791.5
AC084824.5,4,792.5
TNS2,4,799.5
AC024060.1,4,800
AC005253.2,4,806
VPS37D,4,806
AC007495.1,4,808
AL137003.2,4,809
MT-ATP6,4,812.5
NACA,4,817.5
AC127024.5,4,823.5
AL590006.1,4,825
MAP1B,4,826.5
SCAANT1,4,828
CORO2B,4,828.5
CXXC4,4,828.5
AL512353.1,4,829
JCAD,4,830
CEMP1,4,831.5
ZFHX2,4,832.5
TMEM86B,4,834
B4GALT6,4,834.5
AC004771.1,4,838.5
RNF175,4,840.5
ADGRB2,4,841
ELN-AS1,4,841.5
AC093274.1,4,842
ORM2,4,843.5
AC239800.2,4,845
C9orf66,4,847.5
LINC01376,4,847.5
AC010175.1,4,851
AC092849.1,4,855.5
RHBDL1,4,857.5
NR1H3,4,858
AC093484.2,4,861
AL355076.2,4,862.5
CYP7B1,4,864
KLHL7-DT,4,866
RYR2,4,867
COL6A1,4,873
MEF2B,4,873
AC073655.2,4,873.5
AC090061.1,4,873.5
ACSM1,4,874
CU638689.5,4,875.5
USP12-AS2,4,877
NPIPB2,4,879
TEX22,4,883
CAVIN1,4,885
NXPH4,4,891.5
AC036103.1,4,893
IGHV1-17,4,893.5
ZC3H11B,4,895
TMA7,4,897.5
HMGN3-AS1,4,899
NECTIN3-AS1,4,899.5
TRARG1,4,901
RPA4,4,903
PRG4,4,906
KIF9-AS1,4,906.5
SON,4,909
HIST1H4E,4,910
VSIG4,4,910
MUC16,4,911
FAM19A1,4,913
PXDN,4,915.5
PLS1,4,918
ZNF730,4,918
MYH3,4,918.5
PRICKLE2,4,920
AL049712.1,4,922
ITGA2,4,922
AL928654.3,4,924.5
MMP15,4,925.5
LINC01970,4,927.5
NETO1,4,929
PLTP,4,930
TRAJ10,4,930
CFAP73,4,932.5
CCDC168,4,936
AL136962.1,4,939
CTAG2,4,939.5
AC010280.2,4,940
UCN,4,941
CAVIN2,4,941.5
CPAMD8,4,942
NMNAT3,4,942
ARHGEF35,4,943
C22orf15,4,943
AC007950.2,4,944
TRBJ2-6,4,945.5
RIMKLA,4,946
AL356488.2,4,946.5
LINC02528,4,947
MT1M,4,947
AF129408.1,4,950.5
PRR34,4,950.5
CATSPERE,4,951
YY2,4,951
RBMS3,4,952.5
FAM86B1,4,954.5
P2RY6,4,955
AL157912.1,4,955.5
RHOA,4,957.5
SPIN3,4,957.5
TRAJ4,4,958
GRPEL2-AS1,4,959
ASIC1,4,961.5
ATP5F1E,4,963
AC009118.2,4,963.5
AC011498.1,4,964
HSPE1-MOB4,4,965
AC012313.7,4,965.5
FRMD6-AS1,4,966.5
GPER1,4,967
CHRFAM7A,4,969
AL683807.1,4,970.5
SKAP1,4,970.5
AC018690.1,4,972.5
LOH12CR2,4,974
PLA2G4B,4,974
LINC01560,4,977
LRRC69,4,978
PRX,4,979.5
ZBED6CL,4,980
CLCN4,4,980.5
AC079089.1,4,981.5
C9orf41-AS1,4,985.5
LINC01410,4,985.5
MPPED2,4,986.5
AC005224.1,4,987
EFR3B,4,987
CCR10,4,990
ZNF710-AS1,4,990.5
AC008763.1,4,994
AC004556.1,4,995
DNAH10OS,4,995
FAM234B,4,997
AGXT,4,998
SLC16A14,4,1002.5
AP001160.2,4,1004.5
ANKRD20A3,4,1005.5
CLTRN,4,1008
SPINT1-AS1,4,1008
THNSL2,4,1008
SVOPL,4,1008.5
TCFL5,4,1008.5
ERICH6,4,1011.5
CITED1,4,1012
LMOD3,4,1013
CHAC1,4,1014.5
CASC1,4,1017.5
CTRC,4,1018.5
ARHGAP6,4,1019
AL034397.3,4,1019.5
LGALS9B,4,1022
AL157392.5,4,1022.5
LINC01521,4,1024
SYT1,4,1024.5
PEAK3,4,1026
ZNF625-ZNF20,4,1026
AF001548.2,4,1027.5
AC008033.3,4,1028.5
SYCE3,4,1031.5
AC025283.2,4,1033.5
TRIM16L,4,1033.5
AL359541.1,4,1034.5
KCNMB3,4,1034.5
ATP1B2,4,1036.5
FHDC1,4,1037
AL031590.1,4,1037.5
ORM1,4,1038.5
AL121787.1,4,1039
AP000547.3,4,1039.5
AC008687.4,4,1041
AC084024.3,4,1043.5
DNAI2,4,1043.5
AL357153.1,4,1044
DIAPH2-AS1,4,1048
ZNF837,4,1049.5
GAPT,4,1050
AL627171.2,4,1051
AL137002.2,4,1052.5
AC022144.1,4,1054.5
AL592148.3,4,1054.5
AL596325.1,4,1055.5
HIST1H4L,4,1055.5
EGFL6,4,1057
PPARG,4,1057
OSCP1,4,1057.5
OAZ1,4,1059.5
PCDHGA10,4,1061
SLC25A27,4,1061
AC092634.3,4,1062
AL049870.3,4,1062
AC083862.2,4,1062.5
AC027682.2,4,1063
KLHL34,4,1063.5
AP000692.2,4,1064.5
KCNA2,4,1065
LINC02161,4,1065
FKBP10,4,1065.5
MYO1H,4,1066
TMEM254-AS1,4,1066
C2CD4B,4,1066.5
AC138028.2,4,1067
AL160291.1,4,1067
KLHL35,4,1067
AFF2,4,1067.5
PAQR7,4,1068
LINC00659,4,1069
AC098650.1,4,1070
AC104389.4,4,1070.5
TYMP,4,1070.5
CAGE1,4,1071.5
AC015936.1,4,1073
AC020571.1,4,1073
DPH6-DT,4,1073.5
ZNF788P,4,1076.5
Z97832.2,4,1077
TAL2,4,1077.5
AC010978.1,4,1078.5
AC012467.2,4,1079
HCG25,4,1079
AC016394.2,4,1082
GNRH1,4,1082
CDC42BPG,4,1082.5
TULP2,4,1083.5
AC104806.2,4,1084
EDN1,4,1085.5
KATNAL2,4,1086.5
AP003352.1,4,1087
AP002986.1,4,1088.5
NUPR1,4,1089
LINC02265,4,1090.5
RNF103-CHMP3,4,1091
ADAMTS4,4,1092.5
ACHE,4,1095.5
RASEF,4,1095.5
MMP23B,4,1096
RAB36,4,1097.5
PEX11A,4,1100
AC096992.2,4,1100.5
LINC00266-1,4,1101.5
AL359076.1,4,1102
ASMT,4,1102
CPA6,4,1103
MYO15A,4,1105
AL157902.1,4,1106
ANKRD24,4,1106
TRAJ13,4,1108
FHAD1,4,1109
SOWAHC,4,1109
SLC34A1,4,1109.5
CD1E,4,1111
AP001505.1,4,1112.5
TLE2,4,1112.5
RBM39,4,1114.5
AC245140.3,4,1115.5
TRBJ1-4,4,1118
AL358781.1,4,1119
CFAP43,4,1120.5
AC009133.4,4,1122.5
KYNU,4,1123
BMP2,4,1123.5
AL928742.1,4,1124
AC005363.2,4,1125.5
AC009133.2,4,1125.5
AC087286.3,4,1125.5
TEX28,4,1126
PDLIM1,4,1128
AC009041.1,4,1128.5
LOXL1,4,1129
AC016999.1,4,1131.5
INHBA,4,1132
TSPAN7,4,1133
MRGPRX2,4,1133.5
PYCARD-AS1,4,1135
AC006042.2,4,1135.5
ADD2,4,1135.5
STK4-AS1,4,1135.5
AC012485.3,4,1136
SOD2-OT1,4,1136
PAXX,4,1137
AC108488.1,4,1137.5
PIFO,4,1137.5
TMEM163,4,1138.5
COX5B,4,1139.5
LINC00598,4,1139.5
AL136373.1,4,1141
CHKB-CPT1B,4,1142
ATP1B3-AS1,4,1142.5
AC245128.3,4,1143.5
AC012313.1,4,1144
C20orf197,4,1144
AC073869.5,4,1146.5
RTCA-AS1,4,1146.5
AC064836.3,4,1147
AC093297.2,4,1147
PLEKHH3,4,1147
AP001432.1,4,1148
ADRB1,4,1148.5
CLEC20A,4,1149
WLS,4,1149
LINC01792,4,1150
GPR146,4,1150.5
LINC02520,4,1150.5
AC008760.1,4,1153.5
LINC01063,4,1158.5
SMIM10,4,1160
GAL3ST4,4,1161.5
BDNF-AS,4,1162.5
AC103736.1,4,1166.5
SATB2,4,1167.5
ABCG2,4,1168.5
AL121917.1,4,1168.5
ESPN,4,1169
CKLF-CMTM1,4,1169.5
MERTK,4,1170
SERINC4,4,1170.5
OOEP,4,1171.5
AC009950.1,4,1173.5
DNMT3B,4,1173.5
LINC01505,4,1175.5
RRS1-AS1,4,1175.5
LINC01694,4,1176
RGS13,4,1176.5
AC093673.1,4,1177
TSC22D1-AS1,4,1177
HIST3H2BB,4,1179
AC079834.2,4,1179.5
AC240274.1,4,1179.5
COX7A2,4,1180
AC007405.3,4,1181.5
EBLN2,4,1182
AL160006.1,4,1182.5
AL138781.1,4,1183.5
TMPRSS3,4,1184
CCDC191,4,1186
ZSCAN31,4,1187.5
AC007285.1,4,1188
LINC02325,4,1188
GNG4,4,1189
SMIM18,4,1189.5
AC093827.4,4,1191.5
FAM110C,4,1191.5
AC009041.2,4,1192
AC012557.2,4,1192
AC006033.2,4,1192.5
HIST1H3C,4,1193
RGPD4,4,1193
AC008378.1,4,1193.5
CMKLR1,4,1194
DTX4,4,1194.5
AL121928.1,4,1195.5
HPDL,4,1197.5
TTC8,4,1197.5
AC130324.3,4,1198.5
AC100793.2,4,1199
POU5F2,4,1199
PRR29-AS1,4,1199
COL11A2,4,1201
LRRC75A,4,1201.5
DNAH6,4,1203
AC136475.2,4,1203.5
MEX3A,4,1204.5
BBC3,4,1205
CBLN3,4,1205
NPDC1,4,1205
AC083843.3,4,1206.5
LOXL2,4,1208
AMN,4,1208.5
PTGES,4,1208.5
EEF1D,4,1209
AC025178.1,4,1210.5
DRAXIN,4,1211
PRR22,4,1211
SCN1B,4,1212
TAGLN,4,1212
AC109322.1,4,1216.5
INPP5A,4,1217
PRRT2,4,1217.5
PFKFB2,4,1218
AC135507.1,4,1218.5
HRK,4,1220.5
NME8,4,1220.5
AP003680.1,4,1221
TLDC2,4,1223
CAV1,4,1224.5
AL441883.1,4,1225
TRAJ40,4,1225
FZD6,4,1227
WDR11-AS1,4,1227
SLC44A3,4,1227.5
AC093462.1,4,1228
PKHD1L1,4,1228
DARS-AS1,4,1230.5
CCDC42,4,1231.5
CACNB2,4,1233.5
GHET1,4,1234.5
AL135791.1,4,1235
MAPK8IP1,4,1235.5
SRPX,4,1236.5
EIF4A1,4,1237
PTCH1,4,1238
AC005288.1,4,1241.5
CCND1,4,1241.5
C8orf37,4,1242.5
PTGIS,4,1242.5
COX8A,4,1243
SOWAHD,4,1243.5
IL2RG,4,1244
AC079848.1,4,1245
AC021752.1,4,1246
KIRREL2,4,1248
RHOC,4,1248
AC020922.4,4,1250
AL355353.1,4,1250.5
PSMA7,4,1251
NUDT12,4,1252
BX293535.1,4,1252.5
MYO7A,4,1252.5
RTN4R,4,1252.5
MIR4422HG,4,1254.5
C2CD4C,4,1256
CAMSAP3,4,1256
NIPAL1,4,1257
HIGD2A,4,1257.5
CFAP70,4,1259
KCNC4,4,1259
KIAA1841,4,1259.5
RAMP3,4,1259.5
AC124016.2,4,1260
AHSP,4,1267.5
INKA1,4,1268
AC104024.1,4,1268.5
ANKDD1A,4,1269
HOXB9,4,1269
BMP1,4,1269.5
LHFPL6,4,1270
MALINC1,4,1270
S100A5,4,1270
ZBTB47,4,1272
GOLM1,4,1272.5
GPR12,4,1273
TTC34,4,1273
AC008937.2,4,1273.5
AC004951.1,4,1276
LRRC46,4,1276
OSR1,4,1276.5
SLC16A2,4,1276.5
AC108718.1,4,1278
SCART1,4,1280.5
TRIM17,4,1280.5
ZNF396,4,1282
NRAV,4,1283
AC123768.2,4,1286
AC146944.4,4,1286
TCEA3,4,1286
TMEM45B,4,1286
CPNE5,4,1286.5
GNMT,4,1286.5
STPG2,4,1286.5
AC007249.2,4,1287
CHI3L2,4,1289.5
LINC02175,4,1290
DLEC1,4,1292.5
AC021028.1,4,1293
P2RY14,4,1293
ZNF667,4,1294
FZD5,4,1295
FBLN5,4,1295.5
FAM66B,4,1298
HMGN1,4,1298
AC245452.1,4,1299.5
LCP2,4,1301.5
ZNF300,4,1301.5
HNRNPK,4,1304.5
ZNF502,4,1304.5
RBM14-RBM4,4,1305
AC018410.1,4,1306
AL355472.4,4,1306
SIX5,4,1306.5
AC136475.3,4,1309
FUT8-AS1,4,1309
GSTK1,4,1310
AC254633.1,4,1312.5
NDUFB2,4,1314
SPON1,4,1314
MORC2-AS1,4,1314.5
AL161772.1,4,1315
TEAD3,4,1316
TMEM231,4,1316
C1QTNF6,4,1316.5
AC007881.3,4,1317
PIANP,4,1319
HOXC4,4,1320
LHFPL1,4,1320.5
FAM215B,4,1323.5
ZBTB42,4,1323.5
CD53,4,1324
ENPP1,4,1326
ANKDD1B,4,1328
CAPN3,4,1328
SLC2A5,4,1328.5
AC008750.2,4,1330
SAMD12-AS1,4,1330.5
DMXL2,4,1333
AC106795.2,4,1334.5
STK36,4,1334.5
LBX2,4,1336
CBR3,4,1337
CENPE,4,1337
AC004253.1,4,1337.5
TMEM44,4,1338.5
AC009630.3,4,1339.5
SYNGR1,4,1340
AP001059.3,4,1341
HIST1H4D,4,1341
RNF144B,4,1341.5
CLMN,4,1343
SP6,4,1343.5
DMKN,4,1344
TSPAN6,4,1344
AP000786.1,4,1344.5
MADCAM1,4,1344.5
TM4SF19-AS1,4,1349
AL161457.2,4,1349.5
NUCB1-AS1,4,1350
NANOS1,4,1351.5
RGS9,4,1353
PRKN,4,1353.5
TBCE-1,4,1353.5
AC091180.2,4,1354.5
ACKR2,4,1356
AL359921.2,4,1358
HNRNPC,4,1358
TRAF3IP3,4,1358
ANKRD35,4,1358.5
AGAP9,4,1359
AL031670.1,4,1363.5
DNAAF4,4,1363.5
FGF11,4,1364
SLC16A13,4,1364.5
EMID1,4,1365.5
AC079922.2,4,1366.5
LEPR,4,1369
C5orf17,4,1370
TRIM36,4,1370
AL121748.1,4,1370.5
SAXO2,4,1370.5
UNC13B,4,1371
LINC00271,4,1374
SERHL2,4,1374.5
C10orf91,4,1376.5
ZNF19,4,1376.5
HNRNPA3,4,1377
ABI3,4,1378
CAHM,4,1378
AC005034.3,4,1379
AC010531.6,4,1379
PKM,4,1379.5
AC009318.1,4,1382.5
AC068051.1,4,1383
NDUFA4,4,1383
AC008691.1,4,1383.5
FAM83F,4,1386.5
AP001267.3,4,1388
RAB9B,4,1388.5
MOXD1,4,1389.5
LINC01431,4,1392.5
USP49,4,1394
PDZD2,4,1394.5
AC007773.1,4,1397
ANKS6,4,1397
UBE2L5,4,1401.5
TBX6,4,1402.5
GLRX,4,1404
AC106782.1,4,1409.5
REM2,4,1410
SLC5A5,4,1411
NDUFA4L2,4,1411.5
ARL10,4,1412
ZNF670,4,1412.5
AL031985.4,4,1413
LNX1,4,1413.5
CDC37L1-DT,4,1414
SPRY4,4,1415
ANK3,4,1415.5
NAGS,4,1415.5
PCDH12,4,1417.5
SCG5,4,1419.5
ZNF793,4,1420.5
AMIGO1,4,1424.5
AC006252.1,4,1425
MIR194-2HG,4,1425.5
AL139423.1,4,1429.5
NAP1L2,4,1429.5
UBL5,4,1429.5
MARVELD2,4,1430
SGSM1,4,1431.5
CEBPB-AS1,4,1432
ARID4B,4,1432.5
SORBS1,4,1436
AC008074.3,4,1438
MX1,4,1438.5
TBX19,4,1440
PRSS33,4,1441.5
SEPT7,4,1442.5
SH2D4A,4,1442.5
TNFRSF11A,4,1446
CAPN5,4,1449.5
COL6A3,4,1449.5
EML5,4,1449.5
FOXO6,4,1451
ZNF587B,4,1452
PCAT1,4,1453.5
ATP1A3,4,1454
PCDHGB2,4,1455
AL354696.2,4,1457
GYG1,4,1457
AP001999.1,4,1458
RLN2,4,1459
KDM4A-AS1,4,1460
LINC00304,4,1461.5
GLIS2-AS1,4,1462.5
ZNF709,4,1465.5
TNFSF13B,4,1469
AL356481.1,4,1469.5
AP000763.3,4,1469.5
LINC01876,4,1469.5
AC132872.1,4,1471
TTC39C,4,1471
AL590764.2,4,1471.5
RNF222,4,1471.5
AL157938.3,4,1472.5
AC011825.4,4,1473
AC015819.1,4,1475
TAS1R3,4,1477.5
ACSL6,4,1478.5
AC233280.1,4,1480
HSD17B14,4,1480
LRFN1,4,1480.5
MAP1LC3B2,4,1481
MID2,4,1481
UPK3BL1,4,1484.5
CDK17,4,1485.5
TTC22,4,1488
PFKFB4,4,1489
MCC,4,1491
SLC16A11,4,1491
CRNDE,4,1492
AC108866.1,4,1493.5
ZDHHC11,4,1495.5
ZKSCAN7,4,1497
HFE,4,1499.5
HMGA2,4,1501
IL9R,4,1503.5
AC027682.4,4,1504
SLC29A4,4,1505
SOX12,4,1505.5
KCNAB3,4,1507
MSN,4,1510
ARF6,4,1512.5
CDK14,4,1516.5
IER3-AS1,4,1516.5
BAIAP2L2,4,1518
C8orf58,4,1519
CD84,4,1521
KRT74,4,1522
SPTSSB,4,1523
AL136038.3,4,1523.5
NICN1,4,1524.5
SLC29A2,4,1526
CRB3,4,1530
CHAD,4,1532.5
SUCLG2-AS1,4,1535
AL355488.1,4,1535.5
LINC02086,4,1535.5
GFOD1,4,1540.5
AL080250.1,4,1543.5
AC025164.1,4,1545.5
KLHL23,4,1545.5
MEX3D,4,1546
AL672277.1,4,1548
AC006449.3,4,1548.5
AC009690.2,4,1553
CCDC121,4,1553.5
FGF9,4,1553.5
MCF2L,4,1553.5
SEMA4C,4,1554.5
ZBTB20-AS4,4,1563.5
RNFT2,4,1565
TMEM147-AS1,4,1567.5
KNOP1,4,1572.5
AC011374.2,4,1576
SLC22A17,4,1576
BX537318.1,4,1577.5
AL662796.1,4,1578.5
FHOD3,4,1580.5
MIR646HG,4,1582.5
AC068025.1,4,1585
PRPF40B,4,1585.5
AP002026.1,4,1587.5
RASA4,4,1588
IL16,4,1591
PPP5D1,4,1592.5
ZFPM1,4,1594
IER5L,4,1594.5
MAFTRR,4,1594.5
AANAT,4,1595
NUDT10,4,1595
HOXA9,4,1597.5
TXNRD3,4,1597.5
BCL9,4,1598
PAK3,4,1599
GOLGB1,4,1602.5
AC016773.1,4,1603
DISP1,4,1603
HIST1H3H,4,1604
SMIM11A,4,1606
CCDC65,4,1606.5
BPGM,4,1608
LINC00987,4,1608.5
PLEKHG4,4,1609.5
ZNF620,4,1613.5
ZNF528,4,1615.5
AC145207.2,4,1616.5
PTTG1,4,1619.5
HSPA1L,4,1620.5
CU633906.2,4,1622
AC084026.2,4,1622.5
CDH24,4,1623.5
C2orf81,4,1625
L3MBTL4-AS1,4,1625.5
AP000866.1,4,1631
HSBP1L1,4,1635.5
ZNF724,4,1636
NPAS2,4,1637
MZT2B,4,1638.5
PLCL1,4,1640.5
ANO8,4,1641.5
CRYBG1,4,1642.5
AC009318.2,4,1643
FBXL16,4,1646
PHKG1,4,1648.5
AL731569.1,4,1649
AC027020.2,4,1652
DHRS3,4,1655
FAM157C,4,1655.5
HIST2H4A,4,1656.5
ANAPC16,4,1657
AC023632.2,4,1660
DPYSL4,4,1660
COLGALT2,4,1666.5
FAM241B,4,1669
AL359644.1,4,1672
FZD4,4,1673.5
CLDN7,4,1675
AC020911.2,4,1676
TTC21A,4,1679.5
ZNRF3,4,1681
ADNP-AS1,4,1683
SYBU,4,1683.5
AL391121.1,4,1687
AC243960.1,4,1687.5
EFHD1,4,1689.5
PPP1R2,4,1692
CEACAM1,4,1694.5
AL512625.2,4,1699
KLHL32,4,1701
AC072022.1,4,1702.5
ARRDC3,4,1702.5
PLEKHG3,4,1703.5
AC026979.2,4,1706
CFAP58-DT,4,1706.5
IL18RAP,4,1709.5
AC007384.1,4,1710
AC027307.3,4,1711
ZNF425,4,1712
AC003102.1,4,1713
DDR1,4,1713
AL592183.1,4,1715
TNFRSF25,4,1715.5
ZNF517,4,1715.5
AC100827.4,4,1716.5
BZW1,4,1723
AC124068.2,4,1725
RASGEF1A,4,1726
AL606760.1,4,1726.5
CAST,4,1728
GSDMB,4,1728.5
LENG8-AS1,4,1731
PERP,4,1732
SYNGAP1-AS1,4,1733.5
AC114488.3,4,1734.5
AL158070.1,4,1734.5
PRDX1,4,1734.5
SDR42E2,4,1744
RBAK-RBAKDN,4,1744.5
CDC42SE1,4,1749.5
GAL3ST2,4,1749.5
ARHGEF5,4,1753.5
ZNF554,4,1755.5
AC123912.4,4,1757.5
PDZD4,4,1757.5
PPP2R5C,4,1758
GIMAP6,4,1762.5
WNT10A,4,1765.5
SAXO1,4,1766.5
AL050343.1,4,1768.5
C10orf95,4,1769
SCML4,4,1773.5
AL353759.1,4,1779
CHRNA5,4,1782.5
AC004771.3,4,1789.5
APOC2,4,1789.5
PCLAF,4,1794.5
AL359962.2,4,1795.5
EIF3E,4,1797
CDK2AP2,4,1797.5
AP003419.2,4,1800.5
CHST7,4,1802.5
RB1-DT,4,1802.5
AC002310.1,4,1804.5
AL021707.3,4,1806.5
PACRG,4,1810
AC020659.1,4,1811
AL021707.1,4,1812
ABHD17A,4,1813
AC080013.5,4,1813.5
ATF5,4,1824
TNIK,4,1831.5
DGKH,4,1833.5
CHODL,4,1834.5
PINK1-AS,4,1834.5
CCDC180,4,1837
TPST2,4,1839
KTN1-AS1,4,1842
BRSK1,4,1844
HECTD2,4,1851.5
AC096677.1,4,1855
AC005076.1,4,1863.5
RHOBTB1,4,1864.5
NUPR2,4,1866.5
ZBTB38,4,1867
MYCBPAP,4,1872
B3GALT2,4,1885.5
PLEKHF1,4,1896
MICALL2,4,1913.5
TGIF1,4,1915.5
TERF1,4,1916
MED14OS,4,1937
FABP4,3,27
IGKV6D-21,3,98
IGLV4-3,3,109
CTSG,3,131
MS4A2,3,145
IGLC6,3,158
AC233755.2,3,171
IGKV3D-7,3,241
RNASE2,3,274
IL3,3,278
SPP1,3,281
IGKV1D-27,3,283
H3F3B,3,289
AL357874.1,3,315
IFT140,3,319
AC073575.2,3,328
RNF217,3,329
TRBV7-5,3,338
IGKV6-21,3,348
ALDH3A1,3,349
KISS1,3,355
AC060766.4,3,373
FOXP4-AS1,3,386
PTPN14,3,386
ARHGEF11,3,387
SYT4,3,396
AC021086.1,3,401
AC092953.2,3,406
LCTL,3,409
AC119403.1,3,410
TMIGD3,3,411
AGAP2-AS1,3,417
CCNA1,3,417
DNAH8,3,421
WWC1,3,425
CALCA,3,426
AC020931.1,3,428
DACT1,3,431
LINC01252,3,431
LINC01504,3,431
PGAM2,3,435
PRMT9,3,437
Z97055.2,3,439
CXorf65,3,441
AC099063.1,3,448
TTLL7,3,449
AC068724.3,3,463
DLL3,3,466
EFCAB13,3,467
AC012313.6,3,473
EPHB4,3,477
ZFP2,3,478
SEMA6A,3,480
AL136980.1,3,484
FAM227A,3,484
SMTN,3,486
LINC02576,3,487
STT3A-AS1,3,488
AC078845.1,3,490
AL009179.1,3,494
HBZ,3,495
AC243571.2,3,496
PCDHGA6,3,496
AP000311.1,3,500
LRRC39,3,501
EDAR,3,503
NOXRED1,3,504
SGIP1,3,505
LINC02586,3,507
AC010271.2,3,511
AL133492.1,3,514
RIMBP3,3,517
ENPP5,3,519
TNFSF15,3,519
ACTN2,3,523
AL096855.1,3,529
CTGF,3,529
PINLYP,3,529
EMILIN1,3,536
CD34,3,541
RBFOX1,3,543
AL078644.2,3,547
FRZB,3,547
SLC6A13,3,548
SBSPON,3,549
IGHJ5,3,556
AC244034.2,3,557
FKBP4,3,557
FZD8,3,557
AC091167.7,3,558
ATP2A1,3,567
GLDC,3,568
AC105345.1,3,570
AL354822.1,3,577
HRASLS5,3,580
AC010501.1,3,581
GJB2,3,581
TNR,3,588
LAMC1,3,589
AC022730.4,3,591
AC019131.2,3,593
SMC1B,3,596
IGLV3-12,3,597
NEBL,3,604
AL136301.1,3,608
AC008781.1,3,611
AL121987.2,3,612
MIR34AHG,3,614
LMNB1-DT,3,616
AC096734.1,3,617
CMTM1,3,617
PRR19,3,617
CLEC4G,3,620
NAV2,3,622
HCAR3,3,624
AC114730.1,3,628
MTRNR2L8,3,628
AC021224.1,3,631
SCGB1B2P,3,631
ACKR4,3,633
TRAJ6,3,633
LINC01730,3,636
MIF-AS1,3,637
AL096701.3,3,638
ANK2,3,639
IGHV3-35,3,642
AC078802.1,3,644
ZNF503,3,644
FGF14,3,647
LINC01569,3,648
TSSK4,3,649
ZNF572,3,649
LINC02453,3,650
ALDH1A1,3,652
C2orf66,3,652
SLC47A1,3,655
THRB,3,659
AL359198.1,3,660
DMD,3,660
AC021739.2,3,661
AC100778.3,3,661
PRKCZ-AS1,3,662
AC005041.1,3,664
AC034102.4,3,664
ZNF768,3,665
SUSD4,3,666
CYP46A1,3,673
AK4,3,674
CAPN14,3,674
UBA52,3,674
TFPI,3,677
AC097634.1,3,678
SLC28A3,3,678
ZNF782,3,678
AL513548.1,3,679
LINC01800,3,679
AC010680.2,3,680
AC112721.2,3,682
ARMC2-AS1,3,684
AC239803.2,3,685
RFPL1S,3,687
SRRM2-AS1,3,690
RGPD3,3,692
AL121845.1,3,693
AC087289.5,3,695
CCDC9B,3,695
CTXN2,3,696
MYBL2,3,698
AL139412.1,3,699
FAM81A,3,700
C1S,3,701
AP000253.1,3,703
AL133480.1,3,704
NPIPB9,3,706
CLCN2,3,707
MST1,3,707
DCTN1-AS1,3,711
PJVK,3,712
AL354707.2,3,717
AC073314.1,3,718
TM6SF1,3,718
ATP6V0A4,3,719
AZU1,3,720
AC004908.3,3,723
LINC02274,3,725
AL035461.2,3,726
AC068896.1,3,727
HUS1B,3,730
TMPRSS6,3,733
AC009226.1,3,734
JAKMIP2-AS1,3,734
IQSEC3,3,735
DNAJC28,3,736
CELF5,3,738
TMEM213,3,739
LINC02320,3,741
CETP,3,744
AL157938.2,3,745
AC009630.2,3,746
MTSS1L,3,747
AC100830.3,3,748
HNMT,3,748
PDE5A,3,748
PLLP,3,751
OCM,3,754
AC104109.2,3,756
AP000892.1,3,757
ATP5MGL,3,758
PLPP2,3,758
AL159169.2,3,759
AL391335.1,3,759
FGL1,3,759
RPRM,3,759
CABP1,3,761
STON2,3,762
AC097359.3,3,763
AL139289.2,3,763
DACT3-AS1,3,763
PZP,3,768
SPTBN5,3,768
TRBJ1-3,3,769
AL136309.4,3,773
AC113615.1,3,774
PDZD7,3,774
WNT1,3,782
ZNF441,3,782
AL512408.1,3,785
SEPT1,3,785
AC036108.2,3,786
AC006504.1,3,789
CXXC5-AS1,3,789
GMFG,3,790
VWA3A,3,790
AC096586.1,3,791
RBM5-AS1,3,791
AC068946.1,3,793
SH3RF3,3,794
CAMSAP2,3,795
ENPP2,3,795
OR4D1,3,795
ZRANB2-AS1,3,795
AC092115.2,3,796
AP005329.2,3,796
GLP1R,3,796
HEXA-AS1,3,797
NRSN2-AS1,3,799
TRBV5-7,3,799
AC087203.3,3,800
GTSE1-DT,3,800
EML1,3,802
AC243830.1,3,804
BMP8A,3,804
NRTN,3,810
AC118553.1,3,811
AC132192.1,3,812
AC011511.5,3,813
PROKR2,3,813
SSC4D,3,813
AC005476.2,3,814
FAM209A,3,814
SRGAP3,3,814
TBC1D30,3,815
Z97989.1,3,820
AC116348.3,3,821
AL359736.1,3,821
UNC79,3,824
ALS2CR12,3,827
ITGB1BP2,3,827
AC099669.1,3,828
FOXP2,3,828
MYO5C,3,828
LSM11,3,830
SEC14L6,3,831
TRBJ1-6,3,834
RGMB,3,841
RHOD,3,841
OR2A1-AS1,3,842
TEX9,3,842
ULBP3,3,842
AC000068.1,3,843
C6orf163,3,845
GCSAML,3,846
LINC01606,3,847
EPDR1,3,850
AC011676.1,3,853
AC079322.1,3,853
NPW,3,853
ZEB2-AS1,3,853
NOSIP,3,855
ZNF571-AS1,3,855
AC138894.1,3,856
AP001469.3,3,856
B4GALNT3,3,856
AL158834.2,3,857
FP236383.3,3,857
LGR4,3,858
AKAP6,3,859
DOCK5,3,859
AC004982.1,3,861
AC092301.1,3,861
AL161725.1,3,863
AC008758.5,3,867
AC027097.2,3,867
LIF,3,868
LOXL4,3,869
AC092069.1,3,870
AP001189.5,3,870
CRLF1,3,870
LAMA5,3,870
LINC01001,3,870
SSR2,3,870
AC005840.4,3,871
AL136172.1,3,871
GPC5,3,871
PTPRR,3,872
AC016683.1,3,873
AL022069.1,3,875
SPX,3,878
AC137630.1,3,879
HYDIN,3,880
GALM,3,881
WNT3,3,882
AL590226.2,3,883
ZNF532,3,883
JUP,3,885
AC079385.1,3,886
ROBO3,3,886
ITGAX,3,889
GATA6,3,890
GPR161,3,891
HIST1H2BJ,3,892
ACSBG1,3,895
ITGB8,3,895
MSH5-SAPCD1,3,896
STX16-NPEPL1,3,897
AC055764.2,3,898
BORCS8-MEF2B,3,898
GNG3,3,899
CYP27A1,3,900
PIWIL2,3,900
VGF,3,901
AL139383.1,3,902
AL353622.2,3,902
FAM171B,3,902
AC022726.2,3,903
KANK3,3,904
NEK5,3,905
SOX8,3,905
HIST1H2BF,3,907
AC007686.3,3,909
AL645608.9,3,909
AC010325.1,3,910
ARHGEF4,3,910
HTRA1,3,910
AL445228.2,3,911
SERPINB9P1,3,912
AC079610.2,3,913
SLC4A11,3,913
EPHB1,3,914
SUMO4,3,914
FSCN3,3,916
AL139385.1,3,918
AC048341.1,3,919
PDK4,3,920
PPM1N,3,923
AC005082.1,3,924
C19orf81,3,924
EIF3F,3,925
AL357033.1,3,927
AL136038.2,3,928
SCUBE3,3,928
SPESP1,3,928
MYLK4,3,932
AC107884.1,3,933
C11orf45,3,933
TSNAXIP1,3,933
KRT8,3,934
PTPN20,3,934
KCNH4,3,937
DPPA4,3,938
HOXA3,3,938
MIA,3,940
AC027031.2,3,941
GLI1,3,941
NUDT13,3,944
AL121936.1,3,947
MYL6,3,947
RAB25,3,949
MAP7,3,952
MIR210HG,3,952
SDC3,3,956
AC240565.2,3,958
AL031056.1,3,958
AL359265.3,3,958
AC005540.1,3,960
LYNX1,3,961
TBX1,3,961
SARDH,3,963
AL031728.1,3,965
APRT,3,968
AC025031.4,3,970
AC004846.2,3,972
PDP2,3,972
AP001453.1,3,975
BTBD19,3,975
AL024498.1,3,976
CAPZB,3,976
LINC01976,3,977
PPFIA4,3,979
LINC01006,3,980
DNAJC6,3,981
KLRK1,3,981
AC138627.1,3,982
SMARCA1,3,983
OTOA,3,986
AC087623.4,3,987
ZNF443,3,988
AC010401.1,3,989
AC008764.4,3,990
PLXDC2,3,990
AL132780.2,3,992
TMBIM6,3,992
MAPRE3,3,993
AC010894.4,3,994
KIAA1522,3,994
LINC01481,3,994
AC003991.1,3,995
AC007610.1,3,995
AP001273.2,3,995
TRAJ5,3,995
GRB10,3,996
TMPRSS11E,3,996
U91328.2,3,996
CSRP2,3,997
AC091180.3,3,998
NPHP3-AS1,3,998
PROX2,3,998
CYP27B1,3,999
LINC02035,3,1000
VSIG2,3,1000
ANPEP,3,1001
CD300E,3,1003
SEMA4G,3,1003
NDUFA3,3,1004
AC009812.1,3,1005
BX005266.2,3,1005
AL360182.2,3,1007
SLC9A5,3,1007
AC110285.6,3,1008
SAG,3,1009
WNT9A,3,1009
QRICH2,3,1010
AC126696.1,3,1011
OTUB2,3,1012
ARHGEF9,3,1014
HRASLS2,3,1015
AL138720.1,3,1016
IGHGP,3,1018
AL049780.1,3,1019
LINC00525,3,1019
JAM2,3,1020
AL591806.3,3,1022
ZNF883,3,1022
AC116913.1,3,1024
MEF2C-AS1,3,1025
AC008752.2,3,1026
POT1-AS1,3,1026
RIBC2,3,1026
RCN3,3,1027
AC115618.1,3,1028
AC025171.4,3,1029
MET,3,1030
AC022167.1,3,1031
RFPL4A,3,1031
SEPT7-AS1,3,1032
IQUB,3,1034
ZNF404,3,1035
AL358933.1,3,1036
USP43,3,1037
EDN3,3,1038
GCK,3,1039
LRRC37A,3,1039
ANKRD18A,3,1040
SLC22A1,3,1040
TMEM107,3,1042
NKX2-3,3,1043
HIST1H2AJ,3,1044
AL355922.2,3,1045
LINC00941,3,1045
MAP2,3,1047
WDFY4,3,1047
AC010503.1,3,1048
KLHL31,3,1048
PIK3IP1-AS1,3,1050
VPS33B-DT,3,1051
DMTN,3,1052
KANK1,3,1052
LINC01771,3,1053
AC087294.1,3,1055
TPST1,3,1055
AC005520.2,3,1056
CFAP69,3,1057
AC012213.3,3,1059
LINC02021,3,1059
COX6B1,3,1060
SLC35G5,3,1060
ABCD2,3,1061
C16orf71,3,1062
CACNA2D2,3,1062
ACAP1,3,1064
AC106897.1,3,1066
AL022238.4,3,1068
AL731571.1,3,1070
AC007342.5,3,1072
SPATA6,3,1072
ALG1L,3,1074
AC135178.2,3,1075
NMT2,3,1075
CCT4,3,1077
FSBP,3,1080
TRIR,3,1080
AC079612.2,3,1081
SEPT10,3,1081
UGT3A2,3,1082
ZIK1,3,1082
CKLF,3,1085
TMSB15B-1,3,1085
B9D1,3,1087
ATP8B1,3,1088
C1orf112,3,1088
IQCA1,3,1089
SMAD1,3,1090
AC010680.3,3,1091
JRK,3,1091
LRP3,3,1091
AC130371.2,3,1092
NAGPA-AS1,3,1095
EDF1,3,1096
ENKD1,3,1098
MCM3AP-AS1,3,1098
SHROOM1,3,1098
KCNE1,3,1100
LINC01801,3,1101
SERPINB10,3,1101
UBXN10,3,1101
AC010186.1,3,1102
AC008741.2,3,1103
CDC42,3,1103
DUBR,3,1104
SFTA2,3,1104
GSDMA,3,1105
AC018761.2,3,1109
ERI2,3,1109
GRIN2D,3,1110
HYKK,3,1115
AC110792.3,3,1116
AL162431.2,3,1116
AL359711.2,3,1116
IQCC,3,1117
AL136531.1,3,1119
NTSR1,3,1119
AC092802.1,3,1120
LINC01816,3,1120
RAPGEF3,3,1120
ESR2,3,1122
MMP17,3,1122
ARMC9,3,1123
AC092127.1,3,1125
CATIP,3,1125
KRTCAP2,3,1126
SAP30L-AS1,3,1126
MYOM1,3,1129
KCNK12,3,1130
LGALSL,3,1130
RACK1,3,1136
AC009126.1,3,1138
GIPC3,3,1139
SCUBE1,3,1139
AC003002.3,3,1140
AC009021.1,3,1140
AC097662.1,3,1141
RTL5,3,1141
SLCO4C1,3,1141
SNAI1,3,1142
ARHGEF33,3,1146
LINC02390,3,1146
MUC1,3,1147
AC005614.1,3,1148
CNIH2,3,1148
TAF1A-AS1,3,1148
AC092164.1,3,1149
GVQW2,3,1149
HMSD,3,1149
ATOH8,3,1151
BAX,3,1151
TMEM139,3,1151
RASD2,3,1153
MGP,3,1154
MCPH1-AS1,3,1155
SCIN,3,1155
RAPGEF5,3,1156
DEPDC7,3,1157
INSL3,3,1157
PTPRS,3,1157
TRPM8,3,1157
GRASP,3,1158
TWIST1,3,1159
TP73,3,1160
ZSWIM1,3,1160
GSTO2,3,1161
AC010319.3,3,1162
AC120024.1,3,1166
AC244021.1,3,1166
AC245060.6,3,1167
AP003086.1,3,1170
AC005921.2,3,1171
PTOV1-AS2,3,1171
TRIM74,3,1171
AC009097.3,3,1172
NOS1AP,3,1175
RAG1,3,1177
CARD10,3,1178
LINC00852,3,1180
RHOBTB3,3,1180
AC015468.3,3,1181
KY,3,1181
AC007613.1,3,1182
AL031281.2,3,1182
DAZAP2,3,1182
AC012313.2,3,1186
HCG14,3,1186
SCNN1A,3,1186
GLIS3,3,1188
AL049795.1,3,1189
FUT7,3,1189
ZFY-AS1,3,1189
AC079601.1,3,1191
AC090970.2,3,1192
ARHGAP22,3,1193
EXTL3-AS1,3,1194
ZNF619,3,1194
AC074366.1,3,1195
C3,3,1195
SMIM10L2B,3,1195
RNF219-AS1,3,1196
CMTM4,3,1197
GOLGA8R,3,1199
CTXN1,3,1200
LINC00943,3,1201
PAQR5,3,1202
STPG4,3,1202
FP236383.1,3,1205
PVALB,3,1205
DLL1,3,1207
KRTAP5-AS1,3,1207
AC008522.1,3,1209
AC009812.4,3,1209
FANCC,3,1209
STK4,3,1212
AC103724.3,3,1213
MSMP,3,1213
AL035661.1,3,1215
IQCN,3,1217
AC009560.1,3,1218
SMAD5-AS1,3,1219
CLTCL1,3,1221
PTOV1-AS1,3,1221
ULBP1,3,1222
AC015727.1,3,1223
AC092338.2,3,1223
IRS1,3,1223
CCDC144NL,3,1224
INSRR,3,1224
PTH2R,3,1225
AC008438.1,3,1226
AC026904.2,3,1226
DAD1,3,1226
MTTP,3,1226
RNF165,3,1228
TGM1,3,1228
CCNO,3,1230
CFLAR-AS1,3,1230
LINC01023,3,1231
C17orf82,3,1232
LINC01918,3,1232
ZFAND2A,3,1233
KLF1,3,1234
SLC35F3,3,1234
ADPRHL1,3,1236
PTPRM,3,1236
AC026250.1,3,1237
AC114760.2,3,1237
AC145124.1,3,1237
AC012640.1,3,1238
AC019197.1,3,1238
CMBL,3,1238
AC109454.2,3,1239
LINC00672,3,1239
AL031055.1,3,1240
AP001462.1,3,1240
DHDH,3,1240
TMEM136,3,1240
SORBS2,3,1241
TMEM38A,3,1241
GRIK4,3,1242
OBSCN,3,1242
WASIR2,3,1244
AL132642.1,3,1245
CDKN2B-AS1,3,1246
NLRP6,3,1247
AC013264.1,3,1248
CAMK2N2,3,1248
AC159540.2,3,1253
AL031733.2,3,1253
GPR52,3,1255
AC006547.3,3,1256
AC084082.1,3,1256
FCN2,3,1256
FSIP1,3,1257
AC022400.6,3,1258
OPHN1,3,1260
AL354920.1,3,1261
DCDC2B,3,1261
AL365203.2,3,1262
LINC02447,3,1262
RDM1,3,1263
FAM47E,3,1265
ASS1,3,1266
STPG1,3,1266
AC092794.1,3,1267
AC010504.1,3,1269
ADAMTS10,3,1269
AC008966.1,3,1270
C2CD4D,3,1270
MAN1C1,3,1270
ADSSL1,3,1271
AP001830.1,3,1271
LIPG,3,1271
UPK3B,3,1271
KAZN,3,1272
ZFP28,3,1272
SLAIN1,3,1273
GALNT9,3,1275
POU4F1,3,1277
MAST1,3,1278
AC010536.1,3,1279
IRAK3,3,1281
LINC01176,3,1281
AC103810.2,3,1283
PLK1,3,1283
BTBD8,3,1284
IL1R2,3,1284
PLCD3,3,1286
ZNF711,3,1286
YJEFN3,3,1291
LMTK3,3,1292
ITPR1-DT,3,1295
PIP5KL1,3,1295
AC023906.3,3,1296
ELOVL4,3,1297
AQP11,3,1298
SEC61G,3,1298
SLC9A3R1,3,1298
LRP11,3,1300
EBI3,3,1301
UBE2R2-AS1,3,1304
C8orf88,3,1305
AL136985.2,3,1306
AL513320.1,3,1307
CTAGE15,3,1307
AC034231.1,3,1308
SEMA3G,3,1308
RIMS3,3,1309
AC245884.8,3,1310
P2RX5-TAX1BP3,3,1311
TMEM198,3,1312
AL034417.4,3,1314
DLG5,3,1314
AC007365.1,3,1315
LINC00630,3,1315
STBD1,3,1315
TCTN2,3,1315
LEKR1,3,1316
TMEM177,3,1318
ZNF20,3,1318
ARL9,3,1320
C6orf201,3,1320
DDIT4L,3,1320
AC087392.3,3,1321
KIAA0895,3,1321
GABBR1,3,1322
PPP1CA,3,1323
ZBED8,3,1324
IRF7,3,1325
IFNGR2,3,1326
AC026202.3,3,1328
AGPAT5,3,1328
ILDR1,3,1328
CASC8,3,1330
NR2F6,3,1330
RAP2C-AS1,3,1331
TNK2-AS1,3,1332
CAMTA1-DT,3,1333
AC023908.3,3,1334
CUTA,3,1334
AC090607.5,3,1336
FGD2,3,1336
AC025219.1,3,1338
RAB4B-EGLN2,3,1338
AC079807.1,3,1339
SAMD15,3,1340
ARHGEF37,3,1341
AL355987.1,3,1345
ZNF90,3,1345
AC231533.1,3,1346
BARX2,3,1346
AL121983.1,3,1347
C1orf61,3,1347
FAM156B,3,1348
MAP3K9,3,1350
XYLB,3,1350
AC100812.1,3,1352
BRSK2,3,1353
ANKRD6,3,1354
AC243829.1,3,1355
KCNH3,3,1356
SPATA6L,3,1358
SUCNR1,3,1358
AC104452.1,3,1359
AC147651.4,3,1359
TTC25,3,1359
RAB27B,3,1361
AC025682.1,3,1362
AL391987.4,3,1362
C19orf71,3,1362
FKTN,3,1362
MIAT,3,1362
ZNF772,3,1362
MLANA,3,1363
CATSPER1,3,1364
LINC00092,3,1364
PRAG1,3,1365
LAT,3,1368
SEMA3B,3,1369
SIGLEC7,3,1370
ZNF546,3,1370
CCNI2,3,1371
AC104695.3,3,1373
AL365226.1,3,1373
BAIAP2,3,1373
SPIN4,3,1373
GAS2,3,1374
CAP1,3,1375
AC091814.1,3,1376
TRIM58,3,1376
SYNGR2,3,1378
AC010132.3,3,1379
CALCRL,3,1379
ENTPD2,3,1379
LINC01675,3,1379
FCGR3B,3,1380
IKZF4,3,1380
LINC01703,3,1381
MS4A4A,3,1382
TSPOAP1,3,1382
VLDLR-AS1,3,1384
PCF11-AS1,3,1386
SLC1A2,3,1386
TMCC3,3,1387
ALOX12B,3,1388
ISLR2,3,1388
UBE2D3,3,1388
ASB9,3,1390
EPN2,3,1390
AC011416.3,3,1391
TMSB4X,3,1391
LRRC70,3,1392
AC017083.1,3,1395
AC026401.3,3,1395
AP001267.1,3,1395
LINC01311,3,1397
LPAR6,3,1397
AP000704.1,3,1399
RAI14,3,1400
UBXN7-AS1,3,1400
RNF212,3,1402
AC145285.6,3,1403
BAALC,3,1404
HCG20,3,1404
AL355075.4,3,1406
PLXNA1,3,1406
PARK7,3,1407
TMEM258,3,1408
FAM95B1,3,1409
ZNF608,3,1411
C8orf44,3,1412
PGBD4,3,1412
PTGES3,3,1414
CPEB1,3,1415
AC087482.1,3,1416
EDRF1-AS1,3,1417
DNAH14,3,1418
AMIGO2,3,1419
MCF2,3,1419
SPACA9,3,1421
TFAP2E,3,1421
AC123912.1,3,1422
MFAP3L,3,1422
LINC00884,3,1424
AC093635.1,3,1425
NDRG4,3,1426
ETFBKMT,3,1428
AC019205.1,3,1429
HDX,3,1429
IDS,3,1429
P3H4,3,1429
AC090114.2,3,1430
SGK494,3,1430
AC015982.1,3,1431
GAS7,3,1431
GAB2,3,1433
C1QTNF1,3,1434
AC026471.4,3,1435
AC068418.1,3,1436
AC073046.1,3,1436
SUSD2,3,1436
AC108062.1,3,1438
USP2,3,1438
NDUFB2-AS1,3,1439
KLHDC1,3,1440
LINC01160,3,1440
YWHAH,3,1443
ZHX3,3,1444
SEPT6,3,1445
MAPK12,3,1446
AC139887.4,3,1447
CDKN2A,3,1447
NPIPB12,3,1448
ADGRF3,3,1449
KCNRG,3,1449
AC005523.2,3,1452
AC022167.3,3,1453
ALOX5,3,1453
SULT1A4,3,1453
AL138831.1,3,1454
CLEC12A,3,1454
PTGER1,3,1454
BHLHE41,3,1455
HOMER2,3,1455
CYGB,3,1456
AC025165.2,3,1457
SYTL2,3,1457
AC243960.3,3,1458
AC007262.2,3,1459
ZBTB1,3,1459
AC136604.2,3,1460
RIN1,3,1460
RORA-AS1,3,1460
AC002306.1,3,1461
AC091132.5,3,1463
AC104134.1,3,1463
LINC01644,3,1463
MAT2A,3,1464
AC008906.1,3,1465
CD244,3,1465
LINC02055,3,1465
RTN4RL2,3,1466
VSTM2L,3,1466
TRAM2-AS1,3,1467
ZNF850,3,1468
CHPT1,3,1469
EBF4,3,1469
OVOL1,3,1469
ZNF8,3,1469
MMP28,3,1470
STAP1,3,1473
ZNF703,3,1474
FAM124B,3,1477
ZSCAN29,3,1479
AC239799.1,3,1485
KIAA1211L,3,1485
AC092647.5,3,1486
JAZF1-AS1,3,1486
LINC02043,3,1489
PLPP5,3,1490
AC104825.1,3,1492
ANXA6,3,1492
AL158071.4,3,1493
PRCD,3,1493
PLA2G4E-AS1,3,1495
USP46-AS1,3,1495
AL080317.3,3,1498
RASSF4,3,1499
EDDM13,3,1500
MSX1,3,1500
WDR78,3,1500
GARNL3,3,1501
SPA17,3,1501
PKN3,3,1503
AL445685.1,3,1506
SSTR3,3,1506
LGALS9C,3,1507
EVC2,3,1510
HAAO,3,1511
LINC00235,3,1511
PPP1R16B,3,1511
VEGFA,3,1512
AC097534.1,3,1513
AL158801.2,3,1514
AC091057.3,3,1517
PHLDB1,3,1518
AL117379.1,3,1520
C3orf33,3,1520
HOXB7,3,1522
ZNF813,3,1522
AC087318.1,3,1525
LIPC,3,1525
SLFNL1,3,1525
CACNA2D4,3,1526
DDX17,3,1526
COPZ2,3,1527
GSN,3,1527
SCD5,3,1527
TDRKH-AS1,3,1527
PCED1B,3,1529
CASTOR1,3,1530
TPD52L1,3,1534
ZNF600,3,1535
TMEM54,3,1536
ZNF829,3,1537
TAS2R10,3,1539
AL359220.1,3,1540
AL645941.2,3,1540
MAP3K10,3,1541
AC068389.4,3,1542
CCDC89,3,1542
ZNF514,3,1542
SERBP1,3,1543
AC008608.2,3,1545
HNRNPA1L2,3,1545
PRRC2C,3,1545
ZNF57,3,1546
DLGAP4-AS1,3,1547
ARL6,3,1549
ZNF382,3,1550
ZHX1-C8orf76,3,1552
LIMS1,3,1553
MMP25,3,1554
POLR2J2,3,1555
AC087632.1,3,1556
HEXIM1,3,1557
AL391839.2,3,1559
MIB2,3,1559
IFNLR1,3,1560
CLCF1,3,1562
ZC3H12D,3,1564
NRIP3,3,1567
FAM239B,3,1571
RIC3,3,1572
SDK2,3,1574
PTK6,3,1575
IGFBP2,3,1576
ARHGAP5-AS1,3,1581
ROR1,3,1582
PAN3-AS1,3,1585
PPP1R14C,3,1585
AC040162.3,3,1586
LRIG1,3,1586
JMJD6,3,1587
MPP2,3,1587
AL049597.2,3,1588
FNDC11,3,1588
MORN4,3,1588
RGS5,3,1588
AC069544.1,3,1589
GP5,3,1590
NKX3-1,3,1590
AC005261.3,3,1591
BCL2L1,3,1591
ETV7,3,1592
METTL8,3,1592
LY6E-DT,3,1593
AC018647.2,3,1595
AC025188.1,3,1595
LACTB2-AS1,3,1595
CCDC80,3,1599
CNFN,3,1599
GOLGA6L9,3,1599
LINC02166,3,1599
EPHB6,3,1600
CNBP,3,1601
AC008443.5,3,1602
AKR7A3,3,1603
AC018645.2,3,1604
CXorf57,3,1604
DHFR2,3,1604
AL357078.1,3,1605
AC103591.3,3,1606
KDELR3,3,1606
BCL2,3,1610
SPATA1,3,1610
ARL14EPL,3,1611
TRABD2A,3,1612
SYCP2,3,1613
CA6,3,1614
SERPINE2,3,1614
FBXL14,3,1616
CCL28,3,1617
LINC00565,3,1617
PLEKHA7,3,1618
PPFIA3,3,1620
PIP5K1B,3,1621
AC012074.1,3,1623
AC008957.1,3,1624
AC091564.2,3,1627
MRPL18,3,1627
AL139246.5,3,1628
CXXC5,3,1630
CDC42EP2,3,1631
MIRLET7BHG,3,1633
AC108134.3,3,1634
AC097382.2,3,1636
BST2,3,1637
SLC13A3,3,1637
AC005899.7,3,1638
GRHL1,3,1638
AC239800.3,3,1639
SULT1B1,3,1639
TOP2A,3,1639
CAPS2,3,1640
ETV3,3,1643
BEX2,3,1645
MAMLD1,3,1645
MRPS6,3,1647
AC005332.6,3,1648
APBB1IP,3,1648
MAP1A,3,1650
CYB5D2,3,1651
TESC,3,1651
AL353135.1,3,1653
AP001610.1,3,1653
PCSK5,3,1653
EPPK1,3,1655
NFIA,3,1655
SNX22,3,1655
AL356215.1,3,1656
FAM161A,3,1656
AC008764.6,3,1657
ADAMTS17,3,1657
ATP6V0E1,3,1657
CHRNA10,3,1658
PITRM1-AS1,3,1658
AC004520.1,3,1659
TDRD15,3,1659
AC245052.4,3,1660
C7orf25,3,1661
LAMA2,3,1661
AL049830.3,3,1662
ITGAM,3,1662
TMEM79,3,1663
SPN,3,1664
FBXL18,3,1666
TRAPPC2,3,1666
ZNF853,3,1667
ZNF763,3,1668
SCML1,3,1669
UBE2B,3,1669
EFNB2,3,1671
ARAP3,3,1672
BTK,3,1672
NLK,3,1672
GSTM3,3,1673
AC025181.2,3,1674
AL645941.3,3,1674
LRFN4,3,1674
POLR2A,3,1677
MRPL1,3,1678
SENP8,3,1679
ZNF799,3,1679
AC012651.1,3,1680
CCDC17,3,1680
DUSP16,3,1680
CYP2A6,3,1681
CNNM4,3,1683
FNDC3B,3,1683
SOCS3,3,1683
AC048341.2,3,1684
AC107081.2,3,1685
AC139149.1,3,1685
FBXO36,3,1686
TIGD5,3,1687
AL118558.3,3,1689
JAKMIP2,3,1689
CDK1,3,1691
FAM131C,3,1691
PDCD1LG2,3,1691
SLFN12L,3,1691
AL356417.1,3,1693
AC036176.1,3,1695
ATP10A,3,1696
NAPSA,3,1698
AC092053.3,3,1700
AL121574.1,3,1700
LONRF2,3,1701
TBCE,3,1702
LINC02482,3,1703
KHDC1,3,1705
LPAR5,3,1705
TLE1,3,1706
BX571846.1,3,1707
PPP1R32,3,1707
ALPK2,3,1711
PDGFD,3,1711
GLIDR,3,1712
IL18R1,3,1712
PNISR,3,1715
S1PR4,3,1717
RUFY4,3,1718
HIST1H2AI,3,1721
PROB1,3,1721
RAB11FIP5,3,1721
CEP72,3,1723
DCXR,3,1723
PIK3IP1,3,1723
MYLIP,3,1725
TSHZ3,3,1726
LMO4,3,1727
ZBTB9,3,1728
SF1,3,1729
TMED6,3,1730
ASCL5,3,1732
SEPT4,3,1732
CLEC4E,3,1733
POU2F2,3,1733
AL353194.1,3,1734
HNRNPA1P48,3,1735
SHF,3,1736
AL592494.3,3,1738
MIA-RAB4B,3,1739
FCGR2A,3,1740
AC083829.2,3,1742
EFCC1,3,1742
ESR1,3,1745
ITPKA,3,1745
SLC20A1,3,1745
SMKR1,3,1745
AC005586.1,3,1746
AC092329.3,3,1748
AC133550.1,3,1749
AL020996.1,3,1749
CRYGN,3,1749
AL590399.1,3,1750
SEMA4F,3,1751
CCR5,3,1752
AGER,3,1753
GNAZ,3,1757
YPEL3,3,1758
AC096887.1,3,1759
LAX1,3,1759
C5,3,1763
AC004771.4,3,1764
FAM174B,3,1766
IRAK1BP1,3,1767
DAG1,3,1768
DNM1,3,1768
LINC01146,3,1769
CD8B2,3,1771
TMEM171,3,1771
DAB2,3,1774
ROM1,3,1775
RBM8A,3,1777
AC073389.1,3,1778
AL022341.1,3,1778
RAB7B,3,1779
AL109914.1,3,1780
LINC02569,3,1781
CLEC7A,3,1784
GLS2,3,1784
RAP1B,3,1785
AC012615.5,3,1787
CD302,3,1787
AL118506.1,3,1788
CCNT2-AS1,3,1790
ABCB6,3,1791
CEP112,3,1796
SNHG12,3,1803
KANSL1L,3,1804
LRP5L,3,1805
STXBP1,3,1805
AC108673.3,3,1806
EPAS1,3,1809
LINC00843,3,1809
IFI44L,3,1810
AC009065.4,3,1814
KYAT1,3,1814
AP003716.1,3,1817
LGALS12,3,1818
HIF1A-AS2,3,1820
DOK2,3,1821
FP565260.3,3,1823
ARL6IP5,3,1824
AC011446.2,3,1825
ZNF419,3,1827
AC124312.1,3,1828
SLC9A3R2,3,1831
TMX2-CTNND1,3,1832
AC139491.7,3,1833
MXRA8,3,1833
GPAM,3,1835
CIPC,3,1836
TSPAN2,3,1841
ADGRB1,3,1843
ATP1B1,3,1843
IL4R,3,1846
AC022916.1,3,1847
CALML4,3,1847
AP003472.1,3,1849
FAM224B,3,1850
TBC1D16,3,1850
TBC1D10C,3,1851
MORN3,3,1852
MFSD6,3,1853
MORN1,3,1853
AP005329.1,3,1854
LINC00239,3,1855
PARP8,3,1862
PTPN4,3,1863
HOXB2,3,1866
TRAJ42,3,1868
BHLHE23,3,1872
GGA2,3,1876
LINC01547,3,1879
MTCP1,3,1881
CDK18,3,1883
TBC1D3F,3,1883
SERF1B,3,1884
ERBB2,3,1886
AP003557.1,3,1894
TAP1,3,1894
CDKL1,3,1899
FAM160A1,3,1900
HIST1H2AG,3,1902
ZKSCAN3,3,1904
CCDC50,3,1905
SYNPO2,3,1906
POC1B-GALNT4,3,1907
MZF1-AS1,3,1917
AC104078.1,3,1925
IGF2R,3,1925
PKDCC,3,1925
AC134669.1,3,1928
CCDC74B,3,1929
ATP1A1,3,1931
ZNF439,3,1932
ANXA2R,3,1940
N4BP3,3,1945
SNN,3,1945
MAGEH1,3,1946
GPR137B,3,1950
AP003068.2,3,1953
PXT1,3,1962
IGHV1-58,2,47.5
IGKV2D-26,2,83
KRT17,2,245.5
SERF2,2,256
CMA1,2,260
IGKV1D-17,2,273
ANGPTL4,2,293.5
AC093525.6,2,302
SPINK1,2,304.5
CNRIP1,2,310.5
IGHV4-55,2,310.5
CCDC30,2,311
EAF1-AS1,2,328.5
CLC,2,329
AL596220.1,2,329.5
CASC15,2,359
LINC01104,2,359
AL162274.2,2,361
RAMP2,2,367
AC110995.1,2,374.5
CIDEC,2,377
NCCRP1,2,382.5
AC012636.1,2,396
AC239803.3,2,402
PLXNA4,2,403
CCDC144NL-AS1,2,407.5
CD44-AS1,2,416.5
AC105180.1,2,422.5
AC068196.1,2,425
LINC01143,2,429
TMEM178A,2,438.5
AF106564.1,2,441
AL451065.1,2,441.5
DHRS9,2,442.5
LINC02550,2,446.5
AC027607.1,2,447.5
AC107464.3,2,448
AC068580.4,2,448.5
CYBA,2,449.5
NTRK1,2,455
TMEM176A,2,457.5
BRI3,2,458.5
LINC02367,2,460.5
AC069503.2,2,464
LINC00461,2,465
TPT1,2,467
AC106886.3,2,469
CLDN23,2,472.5
LCN8,2,475
IGLV1-50,2,476.5
PEBP4,2,476.5
AC121757.1,2,484.5
AC124242.1,2,484.5
TRIM54,2,484.5
LINC00449,2,490
KIF24,2,491.5
Z97192.2,2,493
PPBP,2,494.5
AC026412.3,2,495
RMDN2,2,496
SGCA,2,500
TMC4,2,504
AC111006.1,2,505
C11orf94,2,513
AC009303.2,2,513.5
ZNF843,2,513.5
NPIPB6,2,515.5
SPDYE2,2,516
AC004943.2,2,517
AC098820.2,2,517
IGHV2-70D,2,517.5
AC091153.3,2,518.5
AC024896.1,2,520.5
ZFP69B,2,520.5
MAOA,2,523.5
AC006449.2,2,524
STEAP1B,2,525
LINC01220,2,525.5
AC084116.1,2,529.5
AC090627.1,2,532.5
AL139220.2,2,539.5
COL5A2,2,542.5
AC004528.2,2,544
AC005730.2,2,545.5
AC068831.6,2,546.5
AC009159.3,2,549
AL158152.1,2,552
AC003956.1,2,554.5
AP000904.1,2,554.5
AC016831.5,2,556
IHH,2,556.5
ZNF462,2,557
AP1S2,2,561.5
KIAA1024,2,561.5
PROSER2,2,562.5
AC008937.3,2,563.5
ITGBL1,2,568.5
PACSIN3,2,570
AC026254.2,2,573.5
HAP1,2,573.5
TLR9,2,575
CNNM3-DT,2,575.5
AC036108.1,2,576
NR6A1,2,578
AC007611.1,2,578.5
CDC42BPA,2,580.5
GNAO1,2,581
AF178030.1,2,584.5
LPL,2,587
AL031595.2,2,590.5
ALOXE3,2,591
STARD4-AS1,2,592
ATP8B3,2,592.5
MAFIP,2,592.5
HOXA-AS3,2,594.5
AC093901.1,2,596.5
AC079315.1,2,597
CGN,2,597
CD276,2,600
AP001437.1,2,602
IGKV1-13,2,603
CYP2J2,2,604
AP001318.2,2,605
XK,2,607.5
AC009812.3,2,610
RNF208,2,610
MT-ND3,2,615
AC234582.2,2,619
AC025283.3,2,620
TSPAN15,2,622.5
AL390729.1,2,626
TAS2R31,2,627
AC097359.2,2,628.5
AL138995.1,2,630
AURKC,2,631.5
AC113133.1,2,632.5
PNMT,2,635
TUNAR,2,635.5
TMC5,2,636.5
AC007743.1,2,637.5
AC024560.1,2,639
AC093503.2,2,640
PLCB3,2,640
IL6R-AS1,2,640.5
AL359636.1,2,642.5
SNORC,2,642.5
GPSM3,2,643.5
AC008750.7,2,645
LINC01355,2,646
AL158071.3,2,647
SKOR1,2,647.5
GRM2,2,650.5
AC005253.1,2,653
ANG,2,654.5
TUBA4B,2,654.5
AL133383.1,2,659.5
CR381653.1,2,660.5
AP000442.1,2,661.5
LINC00115,2,662
AC092809.4,2,663.5
IGKV2-40,2,663.5
SETBP1,2,664.5
AP000919.3,2,665.5
SERF1A,2,665.5
AC003681.1,2,667
IGSF9B,2,667
PLCE1,2,667.5
NRXN2,2,668.5
AC121761.1,2,670
CCDC83,2,670.5
DISP2,2,673
EIF2S3B,2,673.5
AL591368.1,2,675
FBXO24,2,680
SOGA1,2,680
AL031316.1,2,683
FAM53B-AS1,2,685.5
ITGB3,2,686.5
AC009802.1,2,687.5
CORT,2,687.5
MTCL1,2,690
INHBB,2,691.5
SUPT3H,2,692.5
ERICD,2,693
IFT74-AS1,2,693.5
PSCA,2,695
TMEM240,2,696.5
SPDYE1,2,699
AC105411.1,2,700.5
DIRC3,2,701
CYB5R2,2,701.5
LPAR3,2,702
ETNK2,2,702.5
LINC01980,2,706
SLITRK5,2,707
NFIB,2,709.5
AP002383.2,2,710
MME,2,712
DRICH1,2,713
AP001059.2,2,713.5
AC124319.2,2,714.5
TMEM51,2,716
MELTF-AS1,2,719.5
LY86-AS1,2,720.5
ZNF521,2,720.5
IGHJ6,2,722
TRAJ45,2,722
AC007823.1,2,723
LHX4,2,723.5
GJC3,2,724
AC004846.1,2,725
AP003170.4,2,727
FAM178B,2,727
CC2D2A,2,728
KCNJ15,2,729.5
AC060766.6,2,730
AC009148.1,2,731.5
FOXRED2,2,732
AC006157.1,2,732.5
SLFNL1-AS1,2,733.5
RWDD2A,2,734
TECPR2,2,739
RHPN2,2,740.5
AL358472.4,2,743
NME1-NME2,2,743.5
CFHR1,2,744
FAM87B,2,744.5
BSN,2,745
SLC16A8,2,745.5
PTGR1,2,746
RGS7,2,746.5
TTLL9,2,746.5
SMIM33,2,748.5
AC022306.2,2,749
CCL8,2,751
GAS1RR,2,751.5
MYO10,2,751.5
ZC3HAV1L,2,752
AC018946.1,2,752.5
OCIAD1-AS1,2,752.5
AC083843.2,2,755
LINC01251,2,755
SMAD9,2,756
SLC25A15,2,759
LYG1,2,759.5
PLEKHD1,2,760.5
AC025442.1,2,762
CARD14,2,762.5
CDR2L,2,765
AC109826.1,2,765.5
SSH3,2,765.5
LRP5,2,766
THNSL1,2,767
AL035587.1,2,768
CACNA1F,2,768.5
FCGR1A,2,768.5
TGIF2-RAB5IF,2,769
CCDC114,2,770.5
AC009948.3,2,773.5
GRID1,2,773.5
MEIG1,2,774
ABALON,2,774.5
TXLNG,2,774.5
AC092118.2,2,775
AC099850.1,2,775.5
AC104129.1,2,776.5
AL360181.2,2,777
MIR4458HG,2,777
AC092329.1,2,777.5
AC116366.1,2,778
AC124045.1,2,779
REEP2,2,779
IL17F,2,780
SVIP,2,780
PCDHGB6,2,781
AC022211.2,2,781.5
AL353804.1,2,784
PHF7,2,784
NRCAM,2,784.5
ALDH8A1,2,785
GTF3C2-AS1,2,785
SLC30A8,2,786
AC008875.1,2,786.5
AC130352.1,2,787.5
ZNF460-AS1,2,790
RTEL1-TNFRSF6B,2,792
AC004264.1,2,792.5
AC091185.1,2,792.5
PLEKHB1,2,793.5
AC108136.1,2,794.5
TMEM26-AS1,2,797.5
BBS12,2,798
FO704657.1,2,798
RBMS2,2,798
FGA,2,800
CD1A,2,800.5
PRRT4,2,801
AC097468.3,2,802
CES4A,2,802.5
AP001160.1,2,803
AC004706.1,2,804
TRAJ38,2,804.5
VWA8-AS1,2,805
AC005332.7,2,805.5
CCDC73,2,805.5
MST1R,2,806
HIST2H2AB,2,809
AC004990.1,2,811
AC079174.2,2,811
DCAF4L1,2,812
AC012313.8,2,812.5
AC004877.1,2,813
GATA3-AS1,2,813
HMCN1,2,813.5
ASPRV1,2,814
TRGV6,2,814
CDH15,2,814.5
AL358115.1,2,817
DKK2,2,818.5
AC105935.1,2,819
PXDNL,2,820.5
MT-CYB,2,822.5
AC074138.1,2,823.5
ECM2,2,824
STAG3,2,825
AC090844.2,2,829
AHSG,2,829
KLHL13,2,829.5
SIGLEC5,2,829.5
AL353596.1,2,832
RASGRF2-AS1,2,832
AC022087.1,2,832.5
DGKA,2,834.5
PPIAL4C,2,834.5
CSE1L-AS1,2,835.5
CD163L1,2,836
WFIKKN1,2,836.5
AC092053.2,2,837.5
COLEC12,2,838.5
SRRM5,2,839
HLA-E,2,839.5
AL031665.2,2,840
DXO,2,841
SPRY3,2,841.5
AC132938.3,2,842
AC009318.3,2,843
TJP3,2,843
ARHGAP44,2,843.5
LINC02506,2,843.5
TLCD2,2,843.5
NUTM2A,2,844
AC020909.3,2,845.5
Z84485.1,2,846.5
FCGR1B,2,848
SLC45A3,2,848
AL445673.1,2,848.5
C1orf194,2,848.5
GLT1D1,2,850.5
AC107464.1,2,851
KNG1,2,851.5
CFL1,2,852
PLCH1,2,852
CXCL11,2,852.5
AC009119.1,2,853.5
TFCP2L1,2,853.5
AC083949.1,2,854
BCAN,2,854
SMIM1,2,855
AC093157.2,2,856.5
CDHR2,2,856.5
PRSS56,2,857
LRG1,2,857.5
ALS2CL,2,860
CCNJL,2,860
TTC30A,2,860
STOX1,2,860.5
MAP6D1,2,861.5
AC073115.1,2,862
IQSEC2,2,864
AL136084.2,2,865
LINC02381,2,866.5
SAMSN1-AS1,2,866.5
ADGRA3,2,869
IGKV1OR2-108,2,871
RAB3A,2,871
AP000866.2,2,872
SDCBP2,2,872
C9orf131,2,873
FGG,2,873.5
FAM71E1,2,874
AC008914.1,2,875
MEIS2,2,877
AC011933.3,2,878.5
PGA3,2,878.5
CBX2,2,879
KIAA1671,2,879
RNASEK,2,879.5
AC136475.1,2,880
ACBD3-AS1,2,880
ACVR2A,2,880
AP003774.4,2,880.5
ERVH48-1,2,881.5
LIPA,2,881.5
ODF3L1,2,882.5
IGSF22,2,883
MATN4,2,885
JRKL,2,886
NYAP2,2,886
ACOX3,2,887.5
AL442128.2,2,887.5
C17orf97,2,887.5
RBP1,2,888
TMEM249,2,888.5
RALGPS1,2,890
SMPDL3A,2,890
FBN1,2,890.5
PGF,2,890.5
PTPN13,2,890.5
SOX5,2,891.5
AKTIP,2,892.5
THEMIS2,2,893
AC012173.1,2,893.5
AC068282.1,2,899
AIFM2,2,900
SNAP25,2,902
AL133485.1,2,902.5
PPP1R2B,2,902.5
FKBP11,2,903.5
ZYX,2,904
AC004492.1,2,905
AC138207.2,2,905
AC090739.1,2,906
AMT,2,906.5
AC007292.1,2,907
AC036108.3,2,908
AL121935.2,2,908
AC027271.1,2,908.5
AL358113.1,2,908.5
LILRA6,2,909.5
AC008770.2,2,910
SPDL1,2,910
CACHD1,2,910.5
FARP1,2,911
AC092159.2,2,912
PLXNA2,2,913.5
Z97198.1,2,913.5
PRSS22,2,914
SLC7A3,2,914.5
ZNF250,2,914.5
AL139424.1,2,915
CD109,2,917
KLLN,2,918
LINC00106,2,918
TMEM72-AS1,2,920
AL035701.1,2,926.5
VNN3,2,926.5
XG,2,926.5
AC026471.2,2,929
AC145285.2,2,929.5
MYEOV,2,929.5
OR52N4,2,929.5
ANKRD60,2,930
DDX43,2,930
GSTA4,2,930
NMUR1,2,930.5
AC092803.2,2,931.5
CCDC15,2,932
RBM3,2,932
ITSN1,2,933.5
LZTS3,2,935
ZSCAN23,2,935.5
MPP3,2,936
AC009630.1,2,937
TUBG2,2,937
NIPAL4,2,938
SRRM2,2,939
MAP3K14-AS1,2,940
AC009509.1,2,943.5
AC037459.3,2,944.5
KCTD11,2,944.5
LINC00891,2,945
NCOA6,2,946
LINC02391,2,946.5
CILP2,2,947
SH3TC1,2,947
AC015726.1,2,947.5
AL133467.2,2,949
RAB15,2,949
OLFML3,2,952
PARVA,2,952.5
CFAP61,2,953
ICAM3,2,953
EVA1C,2,953.5
PFN2,2,954
TMTC4,2,954
ESCO2,2,954.5
THEGL,2,955
VRK3,2,955
AL031705.1,2,955.5
MAGED4,2,958.5
ZBTB20-AS5,2,959
EMP2,2,959.5
AC011287.1,2,960
ELMO3,2,960
FNBP1L,2,960
SPAG6,2,960.5
STRBP,2,960.5
AC124283.1,2,961
SELENBP1,2,961.5
ENO1,2,962
TRAV9-1,2,962.5
ARFGEF3,2,963
TRMT112,2,963.5
AL109741.1,2,964
ZFR2,2,965
TMEM132C,2,966.5
ADGRL1,2,968.5
AC024243.1,2,969
HAL,2,970
TRAJ23,2,970
MPZL2,2,970.5
HOXA1,2,971.5
AL109917.1,2,972
FLVCR1,2,972
MGAT5B,2,972
S100A2,2,972.5
FBXO25,2,973.5
MIR4435-2HG,2,974
AL132655.2,2,975
AC022509.3,2,976.5
MYLK-AS1,2,977.5
TRIM65,2,977.5
LINC02298,2,978.5
PMS1,2,979.5
METTL27,2,981
IPO9-AS1,2,981.5
AC013403.2,2,982
AJAP1,2,983
SLC8A2,2,983
AC063977.6,2,984.5
DIP2C,2,984.5
KIAA1324L,2,984.5
AC008747.1,2,985
DGUOK-AS1,2,985
F2RL2,2,986.5
HIST1H4I,2,986.5
AC005837.1,2,987
HHEX,2,987.5
AL359397.2,2,989
TEX14,2,989
MIR1-1HG-AS1,2,990
MMAA,2,991
AL121594.1,2,991.5
SIAH3,2,993
MFSD6L,2,993.5
PCAT6,2,993.5
AC135782.1,2,994.5
NPBWR2,2,996.5
TGFBR3L,2,997
AC027290.1,2,998
FMN1,2,998.5
IL21-AS1,2,998.5
AC104596.1,2,999
BOLA2,2,1001.5
DTX1,2,1002
AP003733.3,2,1002.5
AC007608.3,2,1003
AC097724.1,2,1003
CLDN5,2,1003
AC007569.1,2,1003.5
U62317.3,2,1004.5
GIMAP8,2,1006.5
SLC35G6,2,1007
SMARCA5,2,1007.5
AC095055.1,2,1008
HPCAL4,2,1009
AL732314.6,2,1009.5
AP001160.3,2,1010
NUDT17,2,1010
USP18,2,1011
AC067930.2,2,1011.5
AL627309.1,2,1011.5
ZNF527,2,1012.5
AL928970.1,2,1013
AC243772.2,2,1014
AC004067.1,2,1015.5
AP000254.1,2,1015.5
CCDC38,2,1016.5
PRSS40A,2,1017
SH3D19,2,1019.5
RUNDC3B,2,1020
ADH1A,2,1020.5
CCDC107,2,1020.5
LINC01315,2,1022.5
AC008149.1,2,1023.5
DHH,2,1024.5
POMT2,2,1024.5
RHD,2,1026
PPP1R26-AS1,2,1026.5
RNF157-AS1,2,1026.5
CSTF3-DT,2,1027.5
FILIP1L,2,1027.5
CMTM8,2,1028
SLC15A2,2,1028.5
NR1D1,2,1029
AC006547.2,2,1029.5
AC016745.2,2,1029.5
AL031846.2,2,1030
AC137630.4,2,1031.5
DEGS2,2,1032
TG,2,1032
ZP3,2,1034
NTN1,2,1035.5
PPP1R27,2,1035.5
PRH1,2,1037.5
MGLL,2,1038.5
AKR1E2,2,1041
ARHGAP20,2,1043
AC092903.2,2,1044
ZNF670-ZNF695,2,1044
AC022154.1,2,1044.5
TIGD2,2,1045.5
TSLP,2,1045.5
NR2F2,2,1046
AC244090.1,2,1046.5
TUSC1,2,1048.5
EYA2,2,1049
VSTM2B,2,1049
HES5,2,1051
AC092747.4,2,1051.5
F2RL3,2,1051.5
TMLHE-AS1,2,1051.5
AL117328.2,2,1052.5
AC009086.2,2,1053
AL353719.1,2,1053
THBS3,2,1053
AC138969.1,2,1053.5
IGFBP6,2,1054
AL512631.2,2,1055
CNOT6,2,1055
TINCR,2,1055.5
AL355073.2,2,1056
AC007952.4,2,1057
AC012510.1,2,1057
AC093677.2,2,1057
AC005224.3,2,1057.5
AP000654.1,2,1058
LILRB4,2,1058.5
AP001347.1,2,1060
ICA1L,2,1060
AC087521.4,2,1060.5
KMO,2,1060.5
AC110769.2,2,1061
AL359237.1,2,1061
ZMYM2,2,1061
PC,2,1061.5
NEURL1,2,1062
PSMB10,2,1062
AC127024.6,2,1062.5
ARMC3,2,1062.5
HEXIM2,2,1062.5
AC078777.1,2,1063
AC112484.3,2,1063.5
GPM6B,2,1064
SCRIB,2,1064
CORO2A,2,1066
LURAP1,2,1066
AC008894.2,2,1066.5
RHEX,2,1067
WDR86,2,1067.5
ATP5F1D,2,1069
CACNB4,2,1069
PARS2,2,1069
ACRBP,2,1069.5
AL596202.1,2,1069.5
CNR1,2,1069.5
AL080317.2,2,1072.5
AVEN,2,1072.5
FAM219A,2,1072.5
MRC2,2,1073.5
AC027307.1,2,1074
AC107241.1,2,1075
AL137784.2,2,1075
GALNT12,2,1075
TXLNB,2,1075
ZNF433,2,1076
AC098936.1,2,1077
ABCC2,2,1077.5
AC011933.4,2,1077.5
FAN1,2,1078.5
CDC42BPB,2,1079
DSCR9,2,1079
F8A1,2,1080
AC008750.8,2,1080.5
ANKRD22,2,1080.5
RUNDC3A-AS1,2,1081.5
AL133453.1,2,1082
AL121935.1,2,1083.5
PHF13,2,1083.5
ZNF260,2,1083.5
AC009549.1,2,1084.5
GPR55,2,1084.5
REEP6,2,1084.5
ZDHHC15,2,1084.5
AC080075.1,2,1085.5
PRR29,2,1085.5
NAT14,2,1086
AL160269.1,2,1087
AC087280.2,2,1087.5
CCDC148,2,1087.5
HSD17B1,2,1087.5
TSTD1,2,1087.5
AC004803.1,2,1088
OXCT2,2,1089
CDCA7L,2,1089.5
COG8,2,1089.5
SHISAL1,2,1089.5
AC009495.1,2,1090
ZNF610,2,1090
MAMSTR,2,1090.5
AC007040.1,2,1091
AC091180.5,2,1093
ASCL1,2,1093.5
ITGA11,2,1093.5
AC021242.3,2,1094
UBASH3A,2,1094.5
CLSTN2,2,1095.5
NBPF20,2,1095.5
AC080023.1,2,1096
LINC02365,2,1097
CTAGE6,2,1097.5
MSRB3,2,1098
CCDC24,2,1098.5
GCOM1,2,1099.5
AC018529.2,2,1100
CCDC150,2,1100
HLX,2,1100.5
AC022973.2,2,1101.5
FANK1,2,1101.5
NEDD4L,2,1101.5
AL589666.1,2,1102
LINC01144,2,1103
MCTP1,2,1105
TAPBP,2,1105
AC074032.1,2,1106
ACE,2,1106
CA3-AS1,2,1106
GPRC5D-AS1,2,1106
ITGA7,2,1106
KIFC3,2,1106.5
AC005726.1,2,1107
LINC00563,2,1107
LINC02042,2,1107
ZNF157,2,1107
AC087164.1,2,1107.5
RHOBTB2,2,1107.5
TFF3,2,1107.5
AC006017.1,2,1108
AC010834.1,2,1108
NIM1K,2,1108
AL117350.1,2,1108.5
AP004609.1,2,1108.5
C17orf113,2,1108.5
DCLK2,2,1109
DDN,2,1109.5
SOCS6,2,1110
AC022098.1,2,1111.5
CRTC3-AS1,2,1111.5
PRND,2,1111.5
INTS6-AS1,2,1112.5
NHLRC1,2,1112.5
ZNF578,2,1112.5
AC016588.1,2,1113
AC068473.1,2,1113
GALNT18,2,1113
RARS2,2,1114
UQCR10,2,1115.5
FBXO47,2,1116.5
DDR2,2,1117
AC040970.1,2,1118.5
LIG4,2,1119
MPP6,2,1119
SOX18,2,1119.5
AC138028.6,2,1120.5
NHSL2,2,1120.5
AL358333.3,2,1121
MFAP2,2,1121.5
NOP58,2,1122
TRGJP1,2,1122
ZNF583,2,1122
AP000769.2,2,1123.5
LLGL1,2,1124
RNF227,2,1124.5
AC026401.1,2,1125.5
COL23A1,2,1125.5
DRD4,2,1125.5
PMEL,2,1125.5
AL138787.2,2,1126.5
AC006486.1,2,1127
EDA2R,2,1129.5
AL137779.1,2,1130
KIAA1217,2,1131
PARD3B,2,1131
GOLGA8A,2,1132
ATP8B2,2,1133
B3GNT8,2,1133
HIST1H2BE,2,1133
AL139398.1,2,1133.5
SRGAP1,2,1134
PIK3CD-AS1,2,1134.5
CCNJ,2,1135.5
PTGDR2,2,1136
SNURF,2,1136.5
EPS8L1,2,1137
LINC02361,2,1137.5
LINC01723,2,1139
MMP7,2,1139
AC245060.5,2,1140.5
CERCAM,2,1140.5
CEMIP,2,1141
PRKG2,2,1141
AC121338.1,2,1142
AC011611.4,2,1142.5
AL157402.1,2,1142.5
HOMEZ,2,1142.5
SLC1A4,2,1142.5
AL139260.1,2,1143
AC010542.4,2,1143.5
KANTR,2,1143.5
LINC00240,2,1144
AC091138.1,2,1145
AC092279.1,2,1145
SERPINC1,2,1145
AC073283.1,2,1145.5
AL691447.2,2,1145.5
PNMA8C,2,1145.5
ZNF568,2,1146
STARD9,2,1146.5
AL133215.2,2,1147.5
LTB4R2,2,1147.5
AC012377.1,2,1148
PIK3CD-AS2,2,1149
AC002401.4,2,1149.5
PLA2G7,2,1151
TRPV3,2,1151.5
UCP3,2,1152.5
AC135050.2,2,1153.5
AC087362.2,2,1155.5
AP000879.1,2,1156
PLEK2,2,1156
AC026191.1,2,1156.5
ZNF117,2,1156.5
ZNF461,2,1157
ZNF256,2,1158
KLHDC9,2,1159
LINC02404,2,1159
ZNF165,2,1159
AP002954.1,2,1159.5
AL133352.1,2,1160
GPSM1,2,1160.5
PPP1R13B,2,1161
KANSL1-AS1,2,1161.5
DPP9-AS1,2,1162.5
FRAT2,2,1162.5
LINC00294,2,1164
SMAD6,2,1164
LIX1L-AS1,2,1164.5
AC135048.3,2,1166
AC090510.1,2,1166.5
AC007250.1,2,1167
KIF19,2,1167
NRG1,2,1168
LGALS8-AS1,2,1168.5
AC007163.1,2,1170
AC020765.2,2,1170
ABCF2,2,1170.5
DHX32,2,1170.5
SOD2-1,2,1171.5
FAM239A,2,1172
LINC01934,2,1173
AC090360.1,2,1174
SIRT4,2,1174
AC104984.3,2,1174.5
MPZL3,2,1175
NKAPL,2,1175.5
AL354872.2,2,1176
TMEM241,2,1176.5
AL031280.1,2,1177.5
CAV2,2,1177.5
AL121992.1,2,1178
SLC30A4,2,1178
AC008440.2,2,1178.5
KLKB1,2,1179
TMCC2,2,1179
ADORA2A-AS1,2,1179.5
FAM213B,2,1179.5
AL034345.2,2,1180.5
PTPN7,2,1180.5
AC068831.7,2,1181
CYB561D2-1,2,1181
SFXN5,2,1181
ZFAT-AS1,2,1181.5
PHACTR2-AS1,2,1182
F5,2,1183
C9orf16,2,1183.5
C1orf115,2,1185.5
PTPRN,2,1185.5
LBX2-AS1,2,1186
MARCH9,2,1186
SPARC,2,1186.5
CEP162,2,1187
ADM2,2,1187.5
AF131216.1,2,1187.5
BMPR1A,2,1187.5
AC009237.14,2,1188.5
BEND3,2,1189
COL7A1,2,1190
AC068446.2,2,1190.5
IDNK,2,1190.5
AL132656.2,2,1191
FOXE1,2,1191
AL512604.3,2,1192
PLA2G2D,2,1192
LINC01962,2,1192.5
CDC42EP1,2,1193
STRC,2,1193
AC092368.3,2,1193.5
AL031775.2,2,1193.5
SPACA6,2,1193.5
MAP3K7CL,2,1195
AC024933.1,2,1196.5
NRN1L,2,1197
PTAFR,2,1197
AC098934.4,2,1197.5
OXNAD1,2,1197.5
PPM1K,2,1197.5
SDC4,2,1197.5
GAS5-AS1,2,1198.5
HIST1H2BG,2,1199
RFPL2,2,1199.5
SUCLA2-AS1,2,1200.5
AC103706.1,2,1201
GYPE,2,1201.5
AL354896.1,2,1202
PCOLCE,2,1202
SPATA32,2,1202
ZNF154,2,1202
AC009686.2,2,1202.5
AC103974.1,2,1202.5
CALM3,2,1203
TAF1C,2,1204
C1orf53,2,1204.5
LINC00504,2,1204.5
MRM1,2,1205
KIAA1109,2,1205.5
TAF1A,2,1205.5
WDR49,2,1205.5
CLDN1,2,1207.5
KLC3,2,1207.5
VASH1-AS1,2,1207.5
AL021707.2,2,1209
NFATC1,2,1209
AC068831.4,2,1211
ENPP3,2,1211.5
DBN1,2,1212
DNAJC3-DT,2,1213
AC010967.1,2,1213.5
AL136018.1,2,1213.5
FAM78A,2,1213.5
KCTD21-AS1,2,1213.5
AC093249.2,2,1214
AL162431.1,2,1214
ENTPD5,2,1214
ACY1,2,1214.5
AC022392.1,2,1215
ASAP3,2,1215
AC115676.1,2,1215.5
AC010320.2,2,1216
ANGPTL6,2,1216
AL121983.2,2,1216.5
SDR16C5,2,1216.5
TMEM178B,2,1216.5
ZNF713,2,1216.5
HHIP-AS1,2,1218.5
IGF1,2,1218.5
MAP3K15,2,1218.5
AC005498.3,2,1219
PKIB,2,1219
NPIPA2,2,1219.5
FOXD4,2,1220
GOLGA8O,2,1220
TMEM225B,2,1220
TRMT10A,2,1220
APTR,2,1220.5
DMRT2,2,1220.5
LARP6,2,1220.5
CPLANE2,2,1221
FGFR4,2,1221.5
AC007622.2,2,1222
AL157955.1,2,1222
SNX27,2,1222
ZNF324B,2,1222.5
AC079145.1,2,1224
NBPF11,2,1224
ZBTB8A,2,1224
LINC01550,2,1224.5
QSER1,2,1224.5
TSPAN33,2,1224.5
AL162741.1,2,1225
AC017002.1,2,1225.5
AC246817.2,2,1226.5
CDC20,2,1227
BNC2,2,1228.5
PLSCR1,2,1228.5
AF165147.1,2,1229.5
XCR1,2,1229.5
ZYG11A,2,1229.5
CBWD3,2,1231.5
EML6,2,1232
MIR497HG,2,1232
AC016727.1,2,1234
HSF4,2,1235
STARD7,2,1235
CLEC4A,2,1235.5
IRX5,2,1235.5
GATA2-AS1,2,1236
SNX7,2,1236
TRPC5,2,1236.5
ZNF132,2,1236.5
AC090617.4,2,1238
AK7,2,1238
CHTF18,2,1238
DNHD1,2,1238.5
ZCCHC14,2,1238.5
CD274,2,1239
DOK3,2,1239
AC100786.1,2,1240
CDC42EP3,2,1240
SCARB1,2,1240.5
CTHRC1,2,1241.5
SNX21,2,1242.5
FOXN3-AS1,2,1243
ALS2,2,1243.5
FRY-AS1,2,1243.5
POU5F1B,2,1243.5
AL158071.5,2,1244
CYBRD1,2,1244
DAB1,2,1245.5
AL035071.1,2,1247
AP001107.7,2,1247
MACF1,2,1247
KDM4B,2,1249.5
NDUFB11,2,1249.5
ZNF625,2,1249.5
RFTN1,2,1250
EARS2,2,1251
GAS6-AS1,2,1251.5
LTBP1,2,1251.5
LINC00511,2,1252
BAP1,2,1252.5
HIST2H2BE,2,1252.5
SIGLEC6,2,1252.5
AC073912.1,2,1254
GPR82,2,1254
OVGP1,2,1254
RGS9BP,2,1254
AC011978.2,2,1254.5
OSGEPL1,2,1255
ZNF185,2,1255.5
NATD1,2,1256
AC010809.2,2,1257.5
C3orf20,2,1259
AC012306.2,2,1260
ATP5MD,2,1260
FMO4,2,1260
UTP15,2,1260
FES,2,1262
MIR503HG,2,1262
SIRPD,2,1262.5
TPPP,2,1262.5
AC087645.2,2,1263.5
GJC2,2,1263.5
AP4B1-AS1,2,1264
ACTL10,2,1264.5
AL450311.2,2,1264.5
KLHL25,2,1265
AC114956.1,2,1265.5
ARHGAP39,2,1265.5
KISS1R,2,1265.5
ARMH2,2,1266.5
KLHDC7B,2,1266.5
NEURL1B,2,1266.5
B4GALT1-AS1,2,1267
SEZ6,2,1267
ECM1,2,1268
TRAIP,2,1268
LINC00910,2,1269
TCP1,2,1269
ST20,2,1270
TEC,2,1270.5
UBOX5,2,1270.5
CEL,2,1271
OSGEPL1-AS1,2,1271
AC005280.2,2,1271.5
NOVA1,2,1271.5
TRIP13,2,1273
CCSER1,2,1273.5
STX1A,2,1273.5
AC022973.3,2,1274
NPIPB3,2,1274
ZBTB3,2,1274
LINC00332,2,1275
WWC2,2,1275
AL355802.2,2,1275.5
TUBA1C,2,1276
AC008079.2,2,1276.5
TVP23A,2,1276.5
AC004816.2,2,1277.5
KIAA0753,2,1277.5
CU633967.1,2,1279
HCLS1,2,1279.5
RAB3IL1,2,1279.5
SYNC,2,1280
PDE1B,2,1280.5
ZSCAN21,2,1280.5
AC108863.1,2,1282.5
LAMTOR4,2,1285.5
AL132989.2,2,1286
NXN,2,1286
AC073254.1,2,1286.5
AC104113.1,2,1287
CABP7,2,1288
LDB2,2,1288.5
LINC01635,2,1289
SOX15,2,1289
AL445472.1,2,1290
ACTR3,2,1290.5
AL359513.1,2,1290.5
AP5S1,2,1290.5
AC008264.2,2,1293.5
FBXO30,2,1293.5
AC254562.3,2,1294
AC007998.2,2,1295
AL133245.1,2,1295
HIST1H2AH,2,1295
PRNCR1,2,1295
AFG1L,2,1295.5
AP001056.1,2,1296
DOK6,2,1296.5
AC006213.2,2,1298
ATAD3C,2,1298.5
AC009501.1,2,1299
DGAT2,2,1299
AC004854.2,2,1300
NPPA-AS1,2,1300
LINC00954,2,1301
CCDC68,2,1302
GPR61,2,1303
AC018693.1,2,1303.5
CACFD1,2,1303.5
AC139530.3,2,1304.5
C1orf127,2,1304.5
FSD1L,2,1304.5
MARK1,2,1305
AC090229.1,2,1306
C3orf52,2,1306
TDRKH,2,1306
GPR31,2,1306.5
SCN4A,2,1306.5
ZNF354C,2,1307
ZNF224,2,1308
CLDN11,2,1308.5
DBH,2,1308.5
OAZ3,2,1308.5
HIST2H3PS2,2,1309
AC005670.1,2,1309.5
C1orf198,2,1310
CDAN1,2,1310
TSPAN18,2,1310
PLBD1,2,1311
NBEA,2,1311.5
PPP1R26,2,1312.5
AC008403.2,2,1313
DRAP1,2,1313.5
IMPG2,2,1313.5
CHRM3-AS2,2,1314
B4GALT1,2,1314.5
IFI6,2,1315
AC004997.1,2,1316
AL356234.2,2,1316
CREB3L4,2,1317
KCTD15,2,1317
ZNF660,2,1317
GATM,2,1317.5
PLEKHO1,2,1317.5
LIMCH1,2,1318.5
AL590705.1,2,1319.5
OMG,2,1319.5
CTBP2,2,1321
SHC4,2,1321
ABCB1,2,1323.5
ENTHD1,2,1323.5
AC005776.2,2,1324.5
PPP2R3B,2,1324.5
AC012640.2,2,1325
NPM2,2,1325
MPPE1,2,1325.5
MYPOP,2,1326.5
RFT1,2,1326.5
MID1,2,1327
APOL4,2,1328
ADPRH,2,1328.5
AL135999.1,2,1329.5
AL359317.2,2,1330
FBXO17,2,1330
ING5,2,1330
AC105446.1,2,1331
NRP2,2,1331
BBS10,2,1332
LRRC25,2,1332.5
JAZF1,2,1334
AC245297.2,2,1335
EPHX3,2,1335.5
MAK,2,1335.5
AC011455.1,2,1336.5
AL139274.2,2,1338
AC138150.1,2,1338.5
MDGA1,2,1340
ZNF577,2,1340.5
AL121845.3,2,1341
AC026471.1,2,1342.5
RASGRF2,2,1342.5
ANKHD1-EIF4EBP3,2,1343.5
ZNF575,2,1345
BOLA3-AS1,2,1345.5
AKR1C1,2,1346
GPR68,2,1346
AL161421.1,2,1346.5
MYBPC2,2,1347.5
AC092755.2,2,1348
LRP6,2,1348
ZAP70,2,1348.5
AC010746.1,2,1349
XPNPEP2,2,1349
AC145207.6,2,1349.5
AP002498.1,2,1350
AC087276.2,2,1350.5
CKAP2,2,1350.5
VPS45,2,1351.5
INTS2,2,1352.5
NOXO1,2,1352.5
AC079921.2,2,1353
CARMIL1,2,1353.5
XYLT2,2,1353.5
FAM27C,2,1354
PRDM12,2,1354
JDP2,2,1355
AC011815.1,2,1356
AC069277.1,2,1356.5
NCF2,2,1357
PROCR,2,1357
ARL15,2,1357.5
GPR153,2,1357.5
HDAC11,2,1357.5
HOXB5,2,1357.5
KCNC3,2,1357.5
LCA5,2,1357.5
CCDC151,2,1358
AC233992.3,2,1360
AP3B2,2,1360
AL139393.2,2,1360.5
PAXIP1,2,1360.5
CCDC169,2,1361
CCDC113,2,1362
CHORDC1,2,1362.5
MATN2,2,1363
AC245140.2,2,1365
ERCC6L,2,1365
AL445248.1,2,1365.5
AC023055.1,2,1367
LSMEM1,2,1367.5
AC009088.1,2,1368.5
FCAR,2,1369
AC084876.1,2,1370.5
AFDN,2,1373
AC136475.5,2,1373.5
GIPC2,2,1374
NUAK2,2,1374.5
AP002990.1,2,1375.5
GAB1,2,1375.5
AC006435.2,2,1376
AP001341.1,2,1377
SV2A,2,1377
AC006441.3,2,1377.5
CNIH3,2,1377.5
TRAJ33,2,1377.5
FBXL8,2,1378
FNDC7,2,1378
ZGLP1,2,1378
BACE1,2,1378.5
CLDN3,2,1378.5
TH2LCRR,2,1380.5
THRIL,2,1380.5
FAM102A,2,1381
SALL4,2,1381
DDB2,2,1381.5
PIGZ,2,1382
ZFP37,2,1382.5
AL022157.1,2,1383
TPX2,2,1383
MAP3K21,2,1383.5
PLSCR2,2,1383.5
ZBED3-AS1,2,1383.5
LINC00707,2,1384
TAS2R43,2,1386.5
ADRA2B,2,1387
ARHGEF40,2,1387.5
PACRGL,2,1387.5
KIF18A,2,1388
CACTIN,2,1388.5
FAAP24,2,1389.5
IL12A,2,1389.5
GORASP1,2,1390
TM4SF1,2,1390.5
ADAM29,2,1392
ERMN,2,1395.5
GPAT3,2,1396.5
TESMIN,2,1396.5
LINC01963,2,1398.5
AC009309.1,2,1400
PGAP3,2,1400
LINC02084,2,1403
VPS54,2,1403.5
AL662797.1,2,1404
EFCAB12,2,1404
TUBA8,2,1404.5
AL139089.1,2,1406
PSMB8,2,1406.5
CALHM6,2,1407.5
TMEM204,2,1407.5
EIF4A2,2,1408
RNF152,2,1408.5
FAIM2,2,1409
CTPS2,2,1410.5
SLC14A1,2,1410.5
AC009093.5,2,1411
HSD3B7,2,1411.5
CTNND2,2,1412
ZFP41,2,1412
FAM151B,2,1412.5
KCNMA1,2,1413
RAB12,2,1415.5
ARAP1-AS2,2,1416.5
BIRC2,2,1417.5
AC011632.1,2,1418.5
ATP6V1FNB,2,1419
PLAG1,2,1419
RNASE4,2,1419
VPS9D1,2,1420.5
PRSS36,2,1423
AP002812.5,2,1424
ACOT1,2,1424.5
SMIM2-AS1,2,1425
ALPK3,2,1426.5
PDE6B,2,1426.5
CBR4,2,1428
RTN2,2,1428
COBL,2,1430
PDE9A,2,1430
PLAU,2,1430
ASB2,2,1431.5
KIF13A,2,1433.5
NOMO3,2,1433.5
AL136320.1,2,1434
AL353597.1,2,1434
FDXACB1,2,1434.5
BRD8,2,1435
TRMT12,2,1435.5
COQ3,2,1436
ENOX2,2,1437
IL1R1,2,1437.5
ZNF169,2,1437.5
SPDYA,2,1438.5
OSBPL10,2,1439
AC013468.1,2,1440
SLC14A2,2,1440
TOMM20L,2,1441
EME2,2,1442
SLC43A2,2,1442.5
CEP126,2,1443
SMPDL3B,2,1443
C16orf74,2,1444
LYRM9,2,1444
DPEP2,2,1444.5
ENO3,2,1444.5
AL121944.1,2,1445.5
AL929472.3,2,1446
NKD2,2,1447
AC011043.1,2,1448
AL353708.3,2,1448
AC104187.1,2,1448.5
LINC00649,2,1448.5
GFOD1-AS1,2,1449.5
AC026785.2,2,1450
AL137230.1,2,1450
ERP27,2,1450
LKAAEAR1,2,1450
PSMA8,2,1450
AC144652.1,2,1451
C1RL-AS1,2,1451
ENAH,2,1451
UQCRH,2,1451
AC067930.4,2,1451.5
AC119396.1,2,1452
ST8SIA6,2,1452
AC133550.2,2,1454.5
DDIAS,2,1456.5
FCHO2,2,1457
LINC01473,2,1457.5
AL355075.3,2,1458.5
AL022314.1,2,1459
AL442663.3,2,1459.5
KCNC1,2,1460
TMEM189,2,1460.5
PHYHD1,2,1461.5
LOXL3,2,1462
ZNF69,2,1462
PLEKHG5,2,1463
IL1RL1,2,1463.5
RGL1,2,1464
LINC02531,2,1464.5
AL731563.3,2,1465.5
H2AFY2,2,1465.5
AC025423.4,2,1466
KCTD3,2,1466.5
HMX3,2,1467.5
MXD1,2,1469
ZNF594,2,1469
ZNF436,2,1470.5
LINC02572,2,1471.5
LIPT2,2,1471.5
AC073934.1,2,1472.5
SURF4,2,1472.5
C11orf95,2,1473
WDR92,2,1473
TPRN,2,1475
CCDC184,2,1475.5
TAB3,2,1476
NAALAD2,2,1477
AL133523.1,2,1477.5
AP000845.1,2,1477.5
MAN1B1-DT,2,1479
TIAM2,2,1479
AGBL2,2,1480
ARID5A,2,1480
AF196972.1,2,1480.5
C2orf50,2,1480.5
TMEM158,2,1482
WHRN,2,1482
AC127521.1,2,1482.5
L3MBTL1,2,1482.5
METTL21A,2,1482.5
PTPRO,2,1482.5
AC004889.1,2,1484
NUDT6,2,1484.5
AC026979.3,2,1485.5
APLP2,2,1485.5
LMLN,2,1486
PEX1,2,1486.5
CCDC138,2,1488
MYO6,2,1488.5
CCDC146,2,1489
MPIG6B,2,1489
NPTXR,2,1489
AL137186.2,2,1489.5
CPLX1,2,1490
C3orf18,2,1491
NAF1,2,1491
NECTIN1,2,1492.5
TDRD1,2,1494.5
TMEM56-RWDD3,2,1494.5
AC005899.8,2,1496
AL121972.1,2,1496
SOCS2,2,1496
SULT1A3,2,1496.5
C6orf47-AS1,2,1497.5
ESPL1,2,1498.5
GNB5,2,1498.5
HIPK1-AS1,2,1499
CDK5R1,2,1499.5
AC138466.1,2,1500
CDC37,2,1500.5
TREML2,2,1500.5
AC008771.1,2,1501.5
AC009554.1,2,1502.5
AC023794.3,2,1503
AC024267.6,2,1503.5
PPP2R2B,2,1504.5
CENPL,2,1505
RAVER2,2,1505
RNF144A,2,1505
LETM2,2,1507
MISP3,2,1507.5
GSAP,2,1508
RBL2,2,1508.5
CBFA2T3,2,1509
SNX33,2,1509
KRT83,2,1509.5
C14orf93,2,1510
LINC00996,2,1510.5
LINC01637,2,1510.5
PTGFRN,2,1511
RNF17,2,1511
AC068338.2,2,1511.5
AC098613.1,2,1513
C1QTNF4,2,1513.5
TERF2IP,2,1513.5
SLC44A4,2,1515
HIST1H2AB,2,1515.5
MICAL2,2,1515.5
HAR1A,2,1516.5
MTERF2,2,1517.5
NCS1,2,1517.5
GALR3,2,1518
GHSR,2,1518
DUSP8,2,1519
ZNF451-AS1,2,1519.5
FNDC10,2,1520
HSF2BP,2,1520.5
AL022322.2,2,1523
AL357033.4,2,1525
ZNF845,2,1525
EFEMP2,2,1526
AC021851.1,2,1526.5
TSPAN31,2,1526.5
LINC00528,2,1527
VCL,2,1528
ASAH2B,2,1529
STAT3,2,1529.5
CAMK2N1,2,1530
FAM173B,2,1530
AC022382.1,2,1531.5
MDK,2,1531.5
OTUD7B,2,1532
ZMYND11,2,1533.5
IGF2BP2,2,1535.5
PIK3C2B,2,1535.5
AL031599.1,2,1538
IL17D,2,1539.5
FFAR3,2,1540
CCR1,2,1540.5
YTHDF3-AS1,2,1540.5
LINC02137,2,1541
TUT4,2,1542
AC007114.2,2,1542.5
HES6,2,1542.5
TCP10L2,2,1542.5
LRRC20,2,1543
CD80,2,1543.5
MICU3,2,1543.5
C12orf74,2,1544.5
DLGAP1-AS1,2,1544.5
TRIM59,2,1545
LINC01684,2,1546.5
FGD6,2,1547
AC005899.6,2,1547.5
TMEM191B,2,1547.5
AC093495.1,2,1548.5
AL360012.1,2,1548.5
ZNF667-AS1,2,1548.5
DHRS1,2,1549
AC087289.2,2,1549.5
MBLAC1,2,1550
PLCXD2,2,1550
AL390066.1,2,1550.5
AL158198.1,2,1552
PLEKHA2,2,1552
TNFSF10,2,1552.5
GCNT2,2,1554
RASSF8,2,1554
C6orf136,2,1554.5
AL137077.2,2,1555.5
MEGF11,2,1556.5
TESPA1,2,1556.5
HIST1H2BD,2,1557
ATP5IF1,2,1557.5
CDV3,2,1558
MEGF8,2,1559.5
SULT1A2,2,1559.5
ZNF367,2,1560
AL356599.1,2,1560.5
SAMD10,2,1560.5
AF127577.4,2,1561
FBXO10,2,1561.5
HORMAD2-AS1,2,1561.5
RORB,2,1562
ZNF653,2,1562
AC100830.2,2,1563
RAB3D,2,1563
PDE6G,2,1563.5
SNX15,2,1563.5
TPH1,2,1564.5
VWA7,2,1565
MACC1,2,1567
TDRD9,2,1567
PLK4,2,1568
SLC33A1,2,1568
AL354707.1,2,1568.5
PELI2,2,1568.5
SESN1,2,1569.5
ELOVL3,2,1570
SIGLEC14,2,1570
SYCE1L,2,1570
MCAM,2,1570.5
PHF1,2,1570.5
OTUD7A,2,1571
AC231981.1,2,1571.5
CSKMT,2,1572
TSKS,2,1572
AL158151.1,2,1572.5
C15orf53,2,1572.5
CEP97,2,1573
NAALADL2,2,1573
ZNF582,2,1574
AC144831.1,2,1574.5
GRAP2,2,1576.5
NCALD,2,1576.5
AC009053.2,2,1577
AC119428.2,2,1577
ILDR2,2,1577
TBC1D12,2,1578.5
REXO5,2,1579
ZNF385C,2,1579
MEIS1,2,1579.5
PMEPA1,2,1580
AC020928.1,2,1582
PLCH2,2,1582.5
TSHR,2,1583
FAM169A,2,1583.5
TMPPE,2,1583.5
TUBB4A,2,1583.5
TST,2,1584.5
BCAR3,2,1587.5
WDR60,2,1587.5
EHHADH,2,1588
AC012313.5,2,1588.5
MIEF2,2,1588.5
FAM222A,2,1589
MICU2,2,1589
ZNF737,2,1590
SCOC-AS1,2,1592
PVR,2,1593.5
ZNF587,2,1593.5
POLR3G,2,1595
CIB1,2,1597
SVIL,2,1597
PPP1R12C,2,1598.5
AC010247.2,2,1599
PEX12,2,1599
AC078785.1,2,1600
LINC00336,2,1600.5
P2RX1,2,1600.5
GTF2IRD2,2,1603
SPAG8,2,1603.5
SLC35E4,2,1605
AP001107.9,2,1606
C1RL,2,1607.5
EFCAB11,2,1607.5
ADCY9,2,1608
AC120049.1,2,1609
SLFN13,2,1609
RNASEL,2,1609.5
AC245033.1,2,1610.5
METTL16,2,1610.5
STXBP4,2,1611
DYRK3,2,1612
IL11RA,2,1612
ABTB2,2,1613
AC046130.1,2,1613
RAB26,2,1613.5
AC009404.1,2,1615
SELENOM,2,1615
CYSLTR1,2,1615.5
AC007292.2,2,1616.5
ZNF529-AS1,2,1617.5
KCTD16,2,1619.5
DHODH,2,1621
TSPAN5,2,1622.5
AC009318.4,2,1623
AC025262.1,2,1623
TIGD3,2,1623
SPIRE1,2,1623.5
AC010468.2,2,1624
B4GALNT4,2,1624
CNNM2,2,1624
STOML1,2,1626.5
MED12L,2,1627
MIR3142HG,2,1627
PKIA,2,1627
ZFP14,2,1628
ZNF267,2,1628
AC123595.1,2,1628.5
DNA2,2,1628.5
HIST1H4F,2,1628.5
TNKS1BP1,2,1628.5
TBC1D3L,2,1629
CASD1,2,1631
PPP1R3B,2,1631
AC092683.1,2,1633
C1orf74,2,1633.5
U2AF1L5,2,1634
DALRD3,2,1635
AC008040.5,2,1635.5
CCL25,2,1636.5
IFNL1,2,1638.5
ARL6IP1,2,1639
C2orf48,2,1639
ZNF507,2,1639
PUS7,2,1639.5
AC099063.4,2,1641
EIF1AX,2,1641
AL035530.2,2,1641.5
CD226,2,1642
ABLIM2,2,1643
JAM3,2,1643
ADAM19,2,1643.5
HCG18,2,1643.5
LINC00284,2,1645.5
PELI3,2,1646
CTSF,2,1646.5
FAM57A,2,1646.5
TLR5,2,1648.5
AL136987.1,2,1649.5
TMEM220,2,1650
NAB1,2,1651.5
EMP1,2,1652.5
LOXL1-AS1,2,1652.5
SLAMF8,2,1652.5
CCDC120,2,1653
WDR83OS,2,1653
AL118516.1,2,1654
LDAH,2,1655.5
KCNK7,2,1656
NSUN6,2,1657
APOL6,2,1657.5
PARP15,2,1657.5
HIST4H4,2,1658.5
C11orf80,2,1661.5
LRP12,2,1662
METTL24,2,1662
ARMH4,2,1663.5
PRDX2,2,1669.5
TRIM66,2,1670.5
NPIPA7,2,1671
PPT2,2,1671
UBA6-AS1,2,1671
AC022706.1,2,1673
CA13,2,1673.5
SHISA4,2,1674
FAM20A,2,1674.5
ELL2,2,1675.5
CKS2,2,1676
ZNF395,2,1676
CYB5D1,2,1677
CDC25C,2,1677.5
GNPTAB,2,1678.5
NFAT5,2,1678.5
KCTD2,2,1679
TBC1D32,2,1679
ECHDC3,2,1679.5
SEC14L2,2,1680.5
FAM229B,2,1681
EEF2K,2,1682
UPP1,2,1683.5
TMEM168,2,1684
ZGRF1,2,1684.5
AP000787.1,2,1686
AC015971.1,2,1687
MSH5,2,1687
FAM174A,2,1687.5
IPCEF1,2,1687.5
PPFIBP1,2,1689.5
KBTBD6,2,1690
AC108047.1,2,1691.5
AC011476.3,2,1692
AC093525.7,2,1693.5
NETO2,2,1693.5
DYNC2H1,2,1694
ANKRD36C,2,1695
SORL1,2,1695.5
AL138921.1,2,1696
FLT4,2,1697.5
LANCL2,2,1697.5
IFT122,2,1698
CEP350,2,1698.5
SRRM1,2,1698.5
AL358852.1,2,1699
CABLES2,2,1699
AC093010.2,2,1699.5
WDR17,2,1700.5
CDC25B,2,1703
ZFP69,2,1703
AL139011.2,2,1704.5
LRRC1,2,1706.5
POMT1,2,1706.5
AL138963.3,2,1708.5
AL136985.3,2,1709.5
GNG5,2,1710.5
DBF4B,2,1711
ZNF674,2,1711
CCDC163,2,1711.5
CERS4,2,1711.5
HHAT,2,1711.5
EP300-AS1,2,1712
LINC01215,2,1712
C17orf51,2,1713
LINC02062,2,1715
LINC00484,2,1715.5
BUB1B,2,1717.5
DND1,2,1718.5
AL391988.1,2,1719.5
NEXN,2,1724.5
PARD6G,2,1725.5
CDC42EP4,2,1726
PTGIR,2,1726
TTC24,2,1726.5
CLDND1,2,1727
NFYC-AS1,2,1727
PELI1,2,1728.5
PTPN12,2,1730
ARMCX1,2,1732.5
ATP5MC3,2,1733
PCNT,2,1734
MAGI3,2,1734.5
AL589765.7,2,1735
AC011445.2,2,1736.5
BBS4,2,1737
MGAT3,2,1737.5
SLC7A1,2,1738
ZNF438,2,1738.5
AC005014.2,2,1740
BRCA2,2,1741
CCDC126,2,1741.5
HLA-DQB1-AS1,2,1742
ATG9B,2,1742.5
RND1,2,1743
LRMP,2,1744
AL356488.3,2,1745
ANKRD20A1,2,1745.5
AC007541.1,2,1749
URB1-AS1,2,1749.5
DOCK6,2,1751
TCEANC,2,1751
AXIN1,2,1752
C12orf65,2,1752.5
FAM184A,2,1753.5
ING2,2,1754.5
PCNX4,2,1754.5
JMJD1C,2,1757.5
AC073111.5,2,1759
FGFRL1,2,1760
HIST2H3D,2,1760
RAB6B,2,1763
AC012170.3,2,1764
UXT,2,1764.5
ZMAT1,2,1764.5
IZUMO4,2,1765
AGBL3,2,1766
NDUFA1,2,1766
SLF1,2,1766.5
PLA2G15,2,1768.5
SAP25,2,1769.5
TIFA,2,1769.5
AC018362.1,2,1771
TBC1D24,2,1771.5
AC019077.1,2,1772
WFS1,2,1773.5
HIST1H2BI,2,1777
AC087239.1,2,1778
SNHG9,2,1778.5
AC073352.2,2,1779
CDC14B,2,1779
VKORC1,2,1779
HOMER1,2,1783.5
MRPS31,2,1783.5
POC1B,2,1784.5
MAPK13,2,1786.5
AC104662.2,2,1788
TCF7L2,2,1789.5
CHD3,2,1791
LINC01670,2,1792
TMEM67,2,1793
ZNF358,2,1793.5
ACACB,2,1794.5
ARHGAP35,2,1794.5
CFAP97,2,1795.5
KCNQ4,2,1796.5
ARHGEF25,2,1798
AP002884.1,2,1798.5
FPR2,2,1800
P2RX7,2,1802
VAMP8,2,1802
AC010616.1,2,1802.5
ACE2,2,1803
HIST1H4J,2,1803
NECTIN3,2,1803.5
SHPK,2,1804
TIAM1,2,1804
CHRNB1,2,1806.5
AC006369.1,2,1808
ELMSAN1,2,1808
NIN,2,1809.5
ELOA-AS1,2,1810
FADS1,2,1810
ZNF540,2,1811.5
AL050343.2,2,1813.5
BBS2,2,1814.5
GBP2,2,1814.5
NUDT4B,2,1815
POP1,2,1815.5
AGAP5,2,1817
DLG3,2,1817
ZNF84,2,1817
RFX3-AS1,2,1818.5
LINC01353,2,1822.5
TLN1,2,1825
FBXO2,2,1827.5
RBBP6,2,1830
NEURL4,2,1830.5
LINC01891,2,1832
AC130650.2,2,1833.5
CBX4,2,1835.5
MTMR3,2,1835.5
PGRMC2,2,1835.5
RNF214,2,1836.5
AL033528.2,2,1838
SND1-IT1,2,1838
TOP3B,2,1838
GGT7,2,1839
VPS13C,2,1841
ZNF565,2,1841
NDUFV2-AS1,2,1841.5
ZNF135,2,1842.5
CARF,2,1843
C16orf46,2,1845
ZNF516,2,1847.5
BRIP1,2,1849.5
POLR2J3,2,1850
CCNG2,2,1850.5
OSER1-DT,2,1853
LINC02575,2,1853.5
BRAF,2,1854
PIK3R4,2,1854
LIN9,2,1855
ATG14,2,1856.5
CTSH,2,1856.5
B4GAT1,2,1857
RECQL4,2,1858
AC012617.1,2,1861.5
TRPS1,2,1862.5
MGA,2,1863.5
AC020915.1,2,1865
NADK2,2,1865.5
PIGL,2,1868.5
RCBTB2,2,1868.5
AC010260.1,2,1869
GTSF1,2,1873
RAB20,2,1873.5
ZMYM4-AS1,2,1873.5
BCL6,2,1874.5
NCK1-DT,2,1875
AGRN,2,1876
ZNF764,2,1876
POC1B-AS1,2,1876.5
IL23A,2,1878.5
ST20-AS1,2,1878.5
SLC27A2,2,1879.5
ZSCAN26,2,1879.5
ZNF512,2,1880.5
PRELID1,2,1882
PIP4P2,2,1883
SIAH1,2,1883
EXOC6B,2,1888.5
NET1,2,1888.5
FBXO34,2,1894
UAP1,2,1894
TMEM123,2,1896
GIPR,2,1899.5
IQCK,2,1899.5
TBC1D3B,2,1902.5
ABRACL,2,1903
CALHM2,2,1904
KLHDC8B,2,1904.5
C9orf3,2,1912.5
CCNL1,2,1913
LINC00426,2,1915.5
FOXP4,2,1918.5
MSR1,2,1919.5
ZNF606,2,1920.5
RTKN,2,1922
LIPT1,2,1924
KCNMB4,2,1926.5
SERTAD3,2,1926.5
SLC4A4,2,1928.5
AL157402.2,2,1933.5
AC105020.6,2,1935
MCF2L2,2,1938
PPP1R1A,2,1938.5
ZNF287,2,1938.5
F8,2,1940
ZBTB20,2,1941.5
ME1,2,1942.5
AC139887.2,2,1949.5
GCHFR,2,1950.5
FAM53B,2,1953.5
MXRA7,2,1954.5
FP236383.2,2,1973.5
PRMT2,2,1974
CYTH3,2,1981
TNFRSF12A,2,1991.5
HIST1H2BH,1,22
AL121820.2,1,23
PTMA,1,42
PPIA,1,51
ZNF85,1,63
TRAJ16,1,69
DDX23,1,79
HLA-A,1,86
DPYSL2,1,89
IGLL1,1,105
RBM33,1,106
MATN1-AS1,1,112
MEF2D,1,112
IGFLR1,1,114
XPA,1,119
CCNDBP1,1,120
TCEAL4,1,125
IGHV1OR15-2,1,128
SSR3,1,133
CREBBP,1,140
RRAGA,1,142
APOD,1,149
TCEA1,1,153
DPYD,1,157
NOP9,1,158
POLG,1,158
EPC1,1,162
RRM1,1,166
YARS,1,167
ENTPD3-AS1,1,168
GLOD4,1,168
APOM,1,171
C19orf66,1,171
HPF1,1,172
AVP,1,173
RANGRF,1,173
ZNF615,1,173
ANKRD13C,1,176
CRYAB,1,181
COMMD1,1,182
TMEM222,1,184
AC093752.3,1,185
FAM136A,1,185
VKORC1L1,1,185
MLX,1,186
SUZ12,1,190
EIF1,1,192
CPB2,1,193
HSPBAP1,1,193
CDC34,1,196
SMC4,1,197
BID,1,198
SPAG9,1,199
GOLGA3,1,200
CDK16,1,201
PCDHB2,1,201
HDDC3,1,203
AC135068.2,1,205
APCS,1,205
HERC2,1,206
ERO1B,1,207
IGKV2-4,1,207
CRP,1,208
CANX,1,209
MT-ND4L,1,210
LMF2,1,211
CTNND1,1,212
ZNF335,1,212
PTBP1,1,213
TSFM,1,214
CHCHD5,1,215
LINC01393,1,219
AGTRAP,1,220
SLC35E2A,1,220
NMRK1,1,222
PENK,1,224
AC005696.2,1,225
GPX2,1,226
C19orf57,1,227
BTBD10,1,228
CEACAM4,1,228
PAQR9-AS1,1,232
ITGB2-AS1,1,234
LRRC66,1,239
ZNF696,1,239
BHMT,1,241
SLC9C1,1,241
IL1RAPL1,1,244
PRSS2,1,244
OPRM1,1,245
PUF60,1,245
AC093388.1,1,246
NPEPL1,1,248
LUC7L3,1,249
AC100835.2,1,250
AC006483.2,1,251
Z82243.1,1,253
LENG9,1,254
AP000439.3,1,257
FECH,1,257
GDF15,1,257
GHITM,1,259
RBP5,1,259
AL158071.1,1,260
CDK2AP1,1,260
CD101,1,262
PHF19,1,262
USP54,1,263
SMIM26,1,265
TDRD12,1,265
CHMP6,1,266
LINC02102,1,266
PCDHGB1,1,266
PDHB,1,267
ATP5F1A,1,268
LYPLA2,1,269
NPIPB4,1,269
STEAP4,1,269
PRR9,1,270
BORCS5,1,272
AC025175.1,1,273
BAIAP2-DT,1,273
TRIM33,1,273
WASHC3,1,274
ZSCAN2,1,274
PPP2R5E,1,275
SAP30L,1,276
IKZF5,1,277
AL157373.2,1,279
CCDC110,1,279
TRIM72,1,279
AL139246.4,1,280
EVI2A,1,280
DNMBP-AS1,1,283
MAGIX,1,284
FTCDNL1,1,286
LINC02228,1,286
SAFB2,1,288
ZNF691,1,289
LINC02384,1,291
IGLV1-41,1,292
PPP1R3D,1,292
SNX20,1,292
FBXL22,1,293
ESRP2,1,294
AL008729.2,1,295
MARCH7,1,295
MITF,1,295
SMN1,1,295
GLT8D2,1,296
TMOD3,1,296
CCL17,1,297
PFDN6,1,297
SLC26A5,1,297
DHX34,1,298
RAB29,1,298
URGCP-MRPS24,1,298
ARFGEF1,1,299
GDF7,1,299
TNNT1,1,299
ANKAR,1,300
DYNC1LI1,1,300
TRNP1,1,300
AL161785.1,1,302
PDIA4,1,302
TET2-AS1,1,304
AC007220.1,1,306
PTRHD1,1,306
LINC02285,1,307
NDUFA6,1,308
AC007040.2,1,309
LINC00298,1,309
TSSK3,1,309
AC016405.2,1,310
SNCA,1,311
PNKD,1,312
KIF21A,1,313
MEDAG,1,313
S1PR3,1,313
DUSP12,1,314
ZNF710,1,315
POM121,1,316
AL139035.1,1,317
TMED10,1,317
AC007298.1,1,318
CTNNA1,1,318
STXBP2,1,318
AC010327.4,1,320
TMEM150B,1,320
FAM13B,1,321
MIP,1,321
PRG2,1,321
BRD9,1,324
C2orf92,1,325
MRPL4,1,325
EHMT2,1,326
PHF21B,1,326
AC009542.1,1,327
AL161785.2,1,327
PTGS1,1,327
AC024901.1,1,328
ICAM5,1,328
CDK6,1,329
ACTA2-AS1,1,330
SMYD5,1,331
ZC2HC1A,1,331
CYB561D2,1,332
KCNJ2-AS1,1,332
AC006333.2,1,333
CYP2C9,1,333
ACOT6,1,334
AP001257.1,1,334
LINC00893,1,334
SH3PXD2B,1,335
TBC1D5,1,335
GUCA1B,1,336
AL139289.1,1,337
WASL,1,337
YIPF5,1,338
ZNF816,1,338
AL355816.1,1,339
CNIH4,1,339
SEPT8,1,340
SERPINF2,1,340
TANK,1,340
ASL,1,341
EPB41L3,1,342
HSD17B10,1,342
RFLNB,1,342
RASA1,1,344
AL355483.4,1,345
TRAJ17,1,345
AC017100.1,1,346
AC073343.2,1,346
EAPP,1,346
GOLT1A,1,347
WDCP,1,347
AC091488.1,1,348
ATP2C2-AS1,1,348
BATF2,1,348
AL590617.2,1,349
ZNF655,1,349
AC010864.1,1,350
TTLL8,1,350
XAF1,1,350
GRK2,1,351
TRAJ3,1,352
JMJD7,1,354
LINC00638,1,354
NUCKS1,1,354
AC093752.2,1,355
AC234772.3,1,355
AL512343.2,1,355
MYOT,1,355
UBAC2-AS1,1,355
AC006115.1,1,356
CPD,1,356
SIX3,1,356
CLEC4M,1,357
GRIN1,1,357
AP3S1,1,358
KIAA2013,1,358
AC000068.2,1,359
SLU7,1,359
TCN1,1,360
AC015961.2,1,361
AC091057.6,1,361
RNPEP,1,361
IGLV7-35,1,362
CDH13,1,363
PAM,1,363
C4BPA,1,364
DHRS4-AS1,1,364
LRRTM2,1,364
MED25,1,364
MBNL2,1,365
TLR4,1,366
CHIC2,1,367
C9orf153,1,368
LINC00519,1,368
LINC01004,1,368
MRPL37,1,368
RBM26-AS1,1,368
AC103691.1,1,369
MYT1L,1,369
CCDC39,1,370
UBAP2,1,370
DEK,1,371
SYCE1,1,371
VPS36,1,372
AC006372.1,1,373
FDFT1,1,373
AC009962.1,1,375
CISD3,1,375
C2orf76,1,376
AGT,1,377
LAD1,1,377
LTF,1,377
SLC4A9,1,377
CUL1,1,378
FBXL5,1,380
SEPT3,1,380
AL360270.1,1,381
B3GNT5,1,381
COMMD7,1,381
AP2A2,1,382
DET1,1,382
TAF5L,1,382
AC068987.5,1,383
FAM90A1,1,383
FICD,1,383
IGLV3-6,1,383
AL158151.3,1,385
AC020922.1,1,386
HIGD1B,1,386
KIRREL3,1,386
NORAD,1,386
TEKT1,1,386
APLP1,1,387
ETAA1,1,387
PIGR,1,387
MAP1LC3A,1,388
KCNK17,1,389
MRFAP1L1,1,390
AL035634.1,1,391
RINT1,1,391
AC010643.1,1,392
TMEM50A,1,392
AL391069.2,1,393
GRK6,1,393
MRPL14,1,394
AC009061.2,1,395
AP001453.4,1,395
PES1,1,395
RRAGB,1,396
PRRC2B,1,397
AC005392.2,1,398
CNTD1,1,398
LINC02193,1,398
USF2,1,399
MR1,1,402
PRKAA2,1,402
USP40,1,403
AL583839.1,1,404
SLC2A14,1,404
AC002553.2,1,406
NR1I3,1,406
PMVK,1,406
CDCP1,1,407
AC020911.1,1,408
ADAM20,1,408
TBL1XR1,1,408
AL589765.5,1,409
IFI44,1,410
ZC3H7A,1,410
AC022075.2,1,413
ACKR3,1,413
COPS6,1,414
AC107871.2,1,415
GOLGA8F,1,415
SNRPB,1,415
AC090527.2,1,416
KCNT1,1,416
RTL8A,1,417
COQ10B,1,418
SH3BP5,1,419
SCN2A,1,420
ZNF337,1,420
MAFG,1,422
ERVMER34-1,1,423
MRPL54,1,423
PTPN3,1,423
AC137932.3,1,424
ARL5A,1,424
AC006027.1,1,425
CHEK1,1,425
FMNL2,1,426
HCG22,1,427
MED30,1,428
AP005717.1,1,429
SIDT1-AS1,1,430
ZSCAN12,1,431
ABCC9,1,432
FRAS1,1,432
AC046158.1,1,433
CASC11,1,433
SLC38A6,1,433
AC108693.2,1,434
ADORA3,1,434
CCK,1,434
ZCCHC9,1,434
ZNF573,1,434
AC073911.1,1,435
ANGPTL5,1,436
NR5A2,1,436
AC027682.6,1,438
ACAT1,1,438
MAP6,1,438
IFT74,1,439
HAS1,1,441
PHKA2,1,441
PLXDC1,1,441
RMC1,1,441
TAL1,1,442
TEX29,1,442
ZNF341-AS1,1,442
FAM83E,1,443
SLC25A38,1,443
CRYBA4,1,444
DGUOK,1,444
PKN2-AS1,1,444
AC011498.2,1,445
AC013731.1,1,445
AC104794.2,1,445
ATP6V1D,1,445
AAAS,1,446
AC245884.10,1,446
VPS9D1-AS1,1,447
AL121672.3,1,448
NUDT21,1,448
AP005328.1,1,449
RCC2,1,449
GATD3B,1,450
UMODL1,1,450
ETV2,1,451
TKT,1,451
TRAPPC3,1,451
AC010547.1,1,452
AC087222.1,1,452
GNG12,1,452
NCOA4,1,452
TNFRSF8,1,452
AC016590.3,1,453
AC068724.1,1,453
AC107952.2,1,454
N4BP2L2,1,454
ZNF616,1,454
CCT6A,1,455
SLC25A18,1,455
C3orf70,1,457
ZMIZ1-AS1,1,457
AC093627.4,1,458
OR52I1,1,458
PSMC3,1,458
AC004148.2,1,460
AL358075.2,1,460
KRT1,1,460
CDH2,1,461
PDS5A,1,461
WTIP,1,461
N6AMT1,1,462
AC097461.1,1,463
TBC1D3D,1,464
AC087491.1,1,465
FAM53C,1,465
AC073263.1,1,466
AC089984.1,1,466
KAT6B,1,466
SNHG18,1,466
AL731566.1,1,467
TAX1BP1,1,467
AC026461.4,1,468
DNAL4,1,468
LHFPL2,1,468
SECISBP2L,1,468
KCTD1,1,469
NOTUM,1,469
RFX8,1,469
AC105942.1,1,471
CNPY4,1,471
HIF1AN,1,471
TMEM9B-AS1,1,472
METTL9,1,473
RPRML,1,473
ARPIN,1,474
SSU72,1,474
NME4,1,475
AC004069.1,1,476
DYSF,1,476
FBN2,1,476
TAS2R19,1,476
AC067930.3,1,477
TMEM167A,1,478
RC3H1,1,479
LCA5L,1,480
LINC01686,1,480
NKX6-3,1,480
RBM48,1,480
NDUFV2,1,481
MND1,1,483
AL021920.3,1,484
XKR3,1,485
ZHX1,1,485
Z84484.1,1,486
DPP7,1,487
L3MBTL4,1,487
RGL3,1,487
ST6GALNAC1,1,488
LINC01971,1,489
AL354732.1,1,490
PRPF4B,1,490
AC073052.2,1,491
TONSL,1,491
SNAP23,1,493
TRAJ32,1,493
CYB5B,1,494
GSEC,1,494
HMGA1P4,1,494
SHE,1,494
CCDC124,1,495
LINC02217,1,495
AC147651.1,1,496
NDUFC2,1,496
AC024909.2,1,497
AC073611.1,1,497
AL627422.2,1,497
PCGF5,1,497
PRSS38,1,498
RBMS1,1,498
MKL2,1,499
AC002454.1,1,500
TFIP11,1,500
AC131934.1,1,501
AL021997.3,1,502
INSL6,1,502
LINC02139,1,502
UBAC1,1,502
AC022784.7,1,504
CCL15-CCL14,1,504
GAR1,1,504
TNNT3,1,504
AL080317.1,1,505
AL355472.3,1,505
GNAT1,1,505
IGHJ3,1,505
AC034111.1,1,506
AL662860.1,1,506
ASGR1,1,506
RAPSN,1,506
ZNF292,1,506
GRIA3,1,507
SPATA5,1,507
CAPNS1,1,508
PDE2A,1,509
MYL4,1,510
C16orf86,1,512
POMK,1,513
PLAC9,1,514
ZFC3H1,1,514
FXR1,1,515
AC026458.2,1,516
IGLJ2,1,516
AL021707.7,1,517
LRRC14B,1,517
MS4A3,1,517
POTEI,1,517
RBM17,1,517
DLEU7-AS1,1,518
LINC01506,1,518
ATP6V1E1,1,519
AL137145.2,1,520
ANAPC5,1,520
RNPEPL1,1,521
DBX2,1,522
VHL,1,522
ZRANB3,1,522
DNAJC12,1,523
SMG1,1,524
AC006449.6,1,525
APEX1,1,525
CAPSL,1,525
NR1D2,1,527
SLC7A8,1,527
AL353593.1,1,528
LNX2,1,528
POLR2G,1,528
ANP32A,1,529
RAB3B,1,529
A3GALT2,1,530
REEP1,1,530
AC004494.1,1,531
MEFV,1,531
SBNO2,1,532
LINC02291,1,533
PYCARD,1,533
ZSCAN16-AS1,1,533
AC092720.1,1,534
BCL6B,1,534
VMA21,1,535
AC018754.1,1,536
TMEM219,1,536
PRRG4,1,537
TRAJ52,1,537
AC091057.4,1,539
C2orf72,1,539
FCRLB,1,540
LINC01140,1,540
MOB2,1,540
SGK2,1,540
CCDC167,1,541
HOXA11-AS,1,541
ZNF280C,1,541
AC011773.3,1,542
RAP1GDS1,1,542
AL162231.2,1,543
AC068987.2,1,544
AC123023.1,1,544
NLRC5,1,544
RAB33B,1,544
DPAGT1,1,545
ELN,1,545
CRYGD,1,546
GIT2,1,546
OR2L2,1,546
CHMP5,1,547
TRGJP2,1,547
DCAF11,1,548
LINC01786,1,548
AL031714.1,1,549
FAAH,1,549
UBASH3B,1,549
RNMT,1,550
CALR3,1,551
RHPN1-AS1,1,551
SMC2-AS1,1,551
TBP,1,551
AC018816.1,1,552
CSNK2B,1,552
ALK,1,554
MRPL45,1,554
AL356124.1,1,555
AC090559.1,1,556
IL36G,1,556
RGS6,1,556
AC124254.1,1,557
CLIP1-AS1,1,559
SSH2,1,559
CASC3,1,560
FAM135A,1,560
OSBPL6,1,560
CPS1,1,561
AC010973.2,1,562
EMC10,1,562
GLB1L,1,564
AL033527.3,1,565
TMF1,1,565
AC015969.1,1,566
AC104964.4,1,566
EED,1,567
PPP3CA,1,568
RPH3AL,1,568
TFF1,1,568
CC2D2B,1,569
LAMC3,1,569
PARP14,1,569
ST6GALNAC5,1,569
COG6,1,570
AC126696.2,1,571
FTX,1,571
AP001781.1,1,572
CAMKMT,1,572
IGHV3-22,1,572
SF3A1,1,572
JAKMIP3,1,573
STX1B,1,573
NPEPPS,1,574
SYNJ2BP-COX16,1,574
LPP,1,575
LINC00513,1,576
TMEM39B,1,576
AC093797.1,1,577
EMC7,1,577
MNT,1,577
PHETA1,1,577
HDAC9,1,578
TRAJ43,1,578
ALX1,1,579
CLEC4F,1,579
XAB2,1,579
DNAJC19,1,580
FKBP6,1,580
AC114730.3,1,582
ANKLE1,1,582
ELOVL6,1,583
MIR3681HG,1,584
PLCXD2-AS1,1,584
AL049697.1,1,585
LRR1,1,585
MBLAC2,1,585
AC068987.3,1,586
MMP24OS,1,586
COX18,1,587
DPY30,1,587
APOB,1,588
CENPW,1,589
CDHR1,1,590
RALY,1,590
AC025580.2,1,591
TMEM71,1,591
ZNF347,1,591
MAATS1,1,592
AP003392.6,1,593
B3GAT2,1,593
CIT,1,594
PPID,1,594
SPARCL1,1,594
BAALC-AS1,1,595
PPP2R3C,1,595
AC025822.2,1,596
ST3GAL5,1,596
TMEM41A,1,597
IGHJ2,1,598
PSMG1,1,598
DNAJC21,1,599
GABRR2,1,599
AL024508.2,1,600
AL355297.2,1,600
TBC1D3G,1,600
AL121990.1,1,602
LINC01814,1,602
RAB13,1,602
SMC1A,1,602
BTBD3,1,603
LINC00671,1,603
LINC02182,1,604
RAD54L,1,604
NDUFA2,1,605
AC009137.1,1,606
FAAP20,1,606
ROR2,1,606
ZNF618,1,606
CALCOCO2,1,607
SNX16,1,607
TRGVA,1,607
U91328.1,1,608
ACAA2,1,609
PARD3,1,609
PPP1R16A,1,609
TAS2R46,1,609
CEP85,1,610
HLX-AS1,1,610
PF4,1,610
PPP4R1-AS1,1,610
SP140L,1,610
AC027228.2,1,611
AC105415.1,1,611
ALDH3B1,1,611
NLRP4,1,611
RBFADN,1,611
SMARCE1,1,611
TSSK6,1,611
AC037487.2,1,612
MAP2K1,1,612
TEX12,1,612
AC010609.1,1,613
MAP7D2,1,613
SEMA3A,1,613
SNX14,1,613
AC046136.1,1,614
OGFR,1,614
GNAI1,1,615
MIEN1,1,615
NR2C2AP,1,616
AC125611.3,1,617
AP003068.1,1,617
YIF1B,1,617
AC005070.3,1,618
AC123768.4,1,618
PKLR,1,618
BTD,1,619
AL732292.2,1,620
CYP1A1,1,620
NENF,1,620
ZNF257,1,620
HDAC10,1,621
AP000777.2,1,622
SLC6A9,1,622
AL590133.2,1,623
ADA2,1,624
OR56B1,1,624
PLEKHG4B,1,624
LRGUK,1,625
CDCA2,1,626
NDUFB10,1,626
BDP1,1,627
AC110285.5,1,628
SLC3A2,1,628
AC010754.1,1,629
AC090204.1,1,629
SOAT2,1,629
AC023946.1,1,630
FSIP2,1,630
LPCAT3,1,630
TRAJ28,1,630
AC007014.1,1,631
PDCD5,1,632
CPLANE1,1,633
LINC01864,1,633
SREK1IP1,1,633
HAO2,1,634
HOXB6,1,634
NRP1,1,635
RSPH10B,1,635
ZNF215,1,635
AC125494.2,1,636
LINC01030,1,636
SNHG7,1,636
AC084871.2,1,637
AL391834.1,1,637
PTPRF,1,637
SARNP,1,637
PPP1CB,1,638
AP003465.1,1,639
BECN1,1,639
KHSRP,1,639
PDE7A,1,640
AC011815.2,1,641
AC020661.1,1,641
AC124066.1,1,642
AL391863.1,1,642
MBOAT7,1,642
NGLY1,1,643
AC106037.2,1,644
AL021707.6,1,644
AL590096.1,1,644
LINC02132,1,644
CTTN,1,645
SOX2,1,645
STX4,1,645
AC092620.1,1,646
MIOX,1,646
UHMK1,1,646
AHCYL2,1,647
AL589765.4,1,647
GARS,1,647
TMEM26,1,647
PSMG3,1,648
SRPK1,1,649
C1orf189,1,650
G3BP1,1,650
NKIRAS1,1,651
ID2-AS1,1,652
ACP7,1,653
CLCN6,1,653
EPGN,1,653
SELENOT,1,653
AC090579.1,1,654
C4orf48,1,654
PKD1L1,1,654
AC073957.2,1,655
AC110048.2,1,655
DDX39B-AS1,1,655
FPR3,1,655
PPP2R2D,1,655
DMGDH,1,656
SMC5,1,656
NNMT,1,657
SPART-AS1,1,657
TPP2,1,657
CCDC187,1,658
LRP2BP,1,658
NSL1,1,658
SLC7A10,1,658
AL162258.2,1,659
AL358072.1,1,659
AC104241.2,1,660
AC106882.1,1,660
DNAJC4,1,661
ZNF417,1,661
AL022313.2,1,662
GSDME,1,662
HTD2,1,662
AC021016.3,1,663
PLA2G6,1,663
RAB5A,1,663
AC010336.3,1,664
TESK1,1,664
AC243585.2,1,665
TOX4,1,665
YARS2,1,665
AC017101.1,1,666
JHY,1,667
TRIM14,1,667
NEGR1,1,668
SIGLEC1,1,668
CELF4,1,669
LSM8,1,669
AC092338.1,1,670
GP9,1,670
KLHL33,1,670
PDAP1,1,670
SPIN2B,1,670
SSC5D,1,670
AC015849.5,1,671
IER3IP1,1,671
AC093512.1,1,672
FBXO43,1,672
LRCH3,1,672
RBPMS,1,673
WNK2,1,673
F13A1,1,674
FBXW5,1,674
KIF23,1,674
DTD1,1,675
HDAC6,1,675
IL21R-AS1,1,675
DUSP26,1,676
SETX,1,676
TTLL11,1,676
AC016738.1,1,677
LAMTOR5,1,677
SOX6,1,677
HRH1,1,678
MAP2K3,1,679
AC078883.2,1,680
BCAR1,1,680
DLGAP1-AS2,1,680
DM1-AS,1,680
RBM10,1,680
TAT,1,681
AFDN-DT,1,682
FBXO21,1,682
IPO8,1,682
TMSB15A,1,682
AC097376.2,1,683
CERS3,1,683
GPI,1,683
HACD4,1,684
AC005808.1,1,685
C2orf74,1,685
ICAM4,1,685
ENTPD4,1,686
ATP5PD,1,687
AL590666.2,1,688
BICDL1,1,688
PHF21A,1,688
AC097103.2,1,689
CU633906.1,1,689
GGPS1,1,689
VNN1,1,689
AC010487.2,1,690
AP002360.1,1,690
HELZ2,1,690
AC034236.3,1,691
SERINC2,1,691
TBC1D8-AS1,1,691
TMOD4,1,691
FKBP7,1,693
ALOX12-AS1,1,694
MDH1B,1,694
SLC2A9,1,694
ITGAL,1,695
HSPA14-1,1,697
AL163051.1,1,698
AC090181.1,1,699
ETNK1,1,699
RASGRP4,1,699
AC015818.2,1,700
AC027644.4,1,700
MANBAL,1,701
IGHV3-69-1,1,702
AATK,1,703
CRYBB2,1,703
DLL4,1,703
SCAF4,1,703
CYP1A2,1,704
ZNF330,1,704
AC004825.2,1,705
AC126763.1,1,705
KCNQ2,1,705
SIRPB1,1,705
USP12,1,705
AC127496.1,1,706
ANP32B,1,706
FAM198A,1,706
JTB,1,707
KCNE5,1,707
TUBD1,1,707
OSBPL8,1,708
RTF2,1,709
GLRX5,1,710
SOX30,1,710
PCIF1,1,711
PODXL2,1,711
GOLGA8H,1,712
RCOR1,1,712
CLEC5A,1,713
THOC3,1,713
AL023581.2,1,714
FP236241.1,1,714
PLPP3,1,714
SINHCAF,1,716
GPR152,1,717
LINC02334,1,717
TMEM125,1,717
TRAJ49,1,717
SMCR5,1,718
GPR89A,1,719
AL031673.1,1,720
TMEM86A,1,720
ZCCHC10,1,720
INPP5D,1,721
PCK1,1,721
GDA,1,722
ZDHHC8,1,722
AL121992.2,1,723
AC004908.1,1,724
ZBTB5,1,724
AL359851.1,1,725
AP003419.1,1,725
TGIF2,1,725
TMTC3,1,725
IMP3,1,726
TMIGD1,1,726
ZFP90,1,726
F11,1,727
AC116407.1,1,728
PDIA6,1,728
AC009120.3,1,729
AL844908.1,1,729
C21orf91-OT1,1,729
IPO7,1,729
SMTNL2,1,729
NEUROG3,1,730
TRAF3IP2-AS1,1,730
AC127070.2,1,731
AC087190.1,1,732
RNF138,1,732
MICU1,1,733
KLF15,1,734
SEMA3F-AS1,1,734
SIN3B,1,734
PIK3CG,1,735
AC008429.3,1,736
XYLT1,1,736
FASTK,1,737
TPM1-AS,1,737
OTUD6B-AS1,1,738
CASP10,1,739
CWF19L1,1,739
TRIM31,1,739
BSDC1,1,740
RPF1,1,742
AL355001.2,1,743
AP003486.1,1,743
EID1,1,743
DIDO1,1,744
TTK,1,744
AC053513.1,1,745
KRT7,1,745
MRPL22,1,745
ZNF789,1,745
CD300LB,1,746
RAB43,1,746
CCDC149,1,747
FAP,1,747
HMGCS1,1,747
KLF13,1,748
FAM8A1,1,749
MFAP4,1,749
C11orf68,1,750
POP5,1,750
PCDHB15,1,751
PRUNE2,1,751
VAPA,1,751
RAB37,1,752
AC004771.5,1,753
AC010422.6,1,753
AC017071.1,1,753
CU638689.4,1,753
VPS28,1,753
AL355916.2,1,754
DLG1-AS1,1,754
SPATA33,1,754
AC008555.2,1,755
GBGT1,1,755
STK32B,1,755
AC096733.2,1,756
CCNE1,1,756
LINC02478,1,756
PFKL,1,756
ELL,1,757
AMDHD1,1,758
RASA4B,1,758
TCF7L1,1,758
TAF10,1,759
CLK4,1,760
STXBP5,1,760
GPR142,1,761
GUCY1B1,1,761
TSC2,1,761
AC016888.1,1,762
CSF3,1,762
SYF2,1,762
ZNF2,1,762
KIF1BP,1,763
AC092115.3,1,764
LIX1L,1,764
DEF6,1,765
DNAJC17,1,766
AC090921.1,1,767
PIGM,1,767
AC091152.2,1,768
AP006621.3,1,768
TMEM216,1,768
AGL,1,769
LINC02145,1,769
TCTE1,1,769
SNX5,1,770
GAS2L3,1,771
MMP21,1,771
MED19,1,772
P4HA2,1,772
TRAPPC10,1,773
AC074099.1,1,774
MLC1,1,774
AC068946.2,1,775
ACP6,1,775
AC034198.2,1,776
GRTP1,1,776
NLRP2,1,776
WDR34,1,776
AL365330.1,1,777
LRRC37B,1,777
AC073578.1,1,778
PSMG2,1,778
RNFT1-DT,1,778
NAA38,1,779
NT5DC2,1,780
RTTN,1,780
AC008277.1,1,781
EEF1AKMT4,1,781
LINC02362,1,781
PPP1R14B,1,781
AL451069.2,1,782
PRAM1,1,783
SH3YL1,1,783
ANO5,1,784
C9orf106,1,784
CTDSP2,1,784
KREMEN1,1,784
SRRD,1,784
AC100861.2,1,785
AC025287.3,1,786
AC108704.1,1,786
SMG9,1,786
AC061992.1,1,787
PADI4,1,788
ANLN,1,789
ALKBH7,1,790
BFSP2-AS1,1,790
CA9,1,790
SERPIND1,1,791
ACBD3,1,792
SFMBT1,1,792
SLC30A3,1,792
FHOD1,1,793
AC021205.3,1,794
AL136162.1,1,794
C7orf43,1,794
CCNA2,1,794
AC007666.1,1,795
AC091053.2,1,795
AC090510.3,1,796
UTP3,1,796
FBLN2,1,797
ZNF266,1,797
DYNC2LI1,1,798
LMAN2,1,798
SLIT1,1,798
STEAP1,1,798
AL603910.1,1,799
MRPS36,1,799
CLDND2,1,800
MYH7B,1,800
ZNHIT3,1,800
AC073352.1,1,801
GRAMD1A,1,801
LINC00237,1,801
LINC02562,1,801
SEPHS1,1,801
ATP8B4,1,802
CYYR1,1,802
HYPK,1,802
PEX13,1,803
TMEM87A,1,803
MSH4,1,804
PFN4,1,804
AC010761.6,1,805
AL022328.1,1,805
PSMC2,1,805
SDCBP2-AS1,1,805
BUB1,1,806
NFKBIE,1,806
TRIM37,1,806
AC246785.3,1,807
AP002807.1,1,807
NME1,1,807
SIPA1L3,1,807
AC012170.2,1,808
SETD5,1,808
HEPACAM,1,809
MRPL44,1,809
AC090673.1,1,810
COLEC11,1,810
RNF149,1,810
LIFR,1,811
PTTG2,1,811
ADAM8,1,812
CCDC181,1,812
CORO7,1,813
P2RY1,1,813
PRKD1,1,813
FAM50A,1,814
NUDT14,1,815
ZNF569,1,815
AC106047.1,1,816
CELF6,1,817
PPA2,1,817
SLC49A3,1,817
MYL5,1,818
RELA,1,818
ST5,1,818
PPP1CC,1,819
ABI1,1,820
AC244453.2,1,820
AP000757.1,1,821
HOXB-AS3,1,821
ZNF446,1,821
ADAMTS2,1,822
AP002770.1,1,822
HTR6,1,822
SLC25A34,1,822
AL359922.2,1,823
LINC00844,1,823
STXBP3,1,823
CREG1,1,824
KBTBD11,1,824
AC011997.1,1,825
AL078590.3,1,825
ATF4,1,825
Z83844.2,1,825
CCT8,1,826
AP005432.2,1,827
SUMF1,1,828
TBC1D10B,1,828
SLC4A7,1,829
AC079341.1,1,830
AL590764.1,1,830
ATP5F1B,1,830
SARS,1,830
SLC5A4-AS1,1,830
HSPA4L,1,831
KLHL6-AS1,1,831
SYNGR3,1,831
AP000295.1,1,832
POLQ,1,832
STARD6,1,832
CAPRIN2,1,833
GPT,1,833
INTS4,1,833
TUBB2B,1,833
KIF3A,1,834
LINC01372,1,834
LINC01715,1,834
FCHSD1,1,835
ADAT1,1,836
KAT8,1,836
CYP1B1-AS1,1,837
DPEP3,1,837
SLC35E1,1,837
AC008758.6,1,838
SULT2B1,1,838
BRD7,1,839
KLF7,1,839
AC026691.1,1,840
ZBTB8OS,1,840
AC009121.2,1,841
AC025569.1,1,841
RFPL3S,1,841
SH2B1,1,841
EVI5L,1,842
NRBP2,1,842
SLC27A4,1,842
AC016747.2,1,843
MAP7D1,1,843
WDR62,1,843
BMP4,1,844
GAPDHS,1,844
MIR29B2CHG,1,844
RNF5,1,844
RBBP4,1,846
TYRO3,1,846
AC008073.3,1,847
AC010761.1,1,847
TPBG,1,847
ZKSCAN2,1,847
CBY3,1,848
ENPEP,1,848
GDPGP1,1,848
GRK3,1,848
TOMM22,1,848
PDZD11,1,849
FBXO9,1,850
AC004585.1,1,851
AHSA1,1,851
SERINC1,1,851
TEAD4,1,851
ZCCHC4,1,851
AL138885.3,1,852
C9orf64,1,852
TEN1,1,852
AC099778.1,1,853
LRTOMT,1,853
TAF4B,1,853
VASH2,1,853
WDR45,1,853
TPP1,1,854
ACVRL1,1,855
ZNF329,1,855
MINDY4,1,856
SETD4,1,856
XRCC2,1,856
GPN2,1,857
HOXB4,1,857
CCR3,1,858
GGACT,1,858
OARD1,1,858
ARRDC3-AS1,1,860
OFD1,1,860
PMFBP1,1,861
SQOR,1,861
F2,1,862
VPS33B,1,863
AC027575.2,1,864
CHI3L1,1,864
ZNF398,1,864
DCBLD2,1,865
EN1,1,865
TCF3,1,866
TXNL4A,1,866
MTOR,1,867
QPRT,1,868
ZNF738,1,868
TIE1,1,869
UBQLNL,1,871
AC084125.4,1,872
AL391422.3,1,872
VCPIP1,1,872
AC008549.1,1,873
AC008892.1,1,873
TGS1,1,873
DNAJA4,1,874
MPRIP-AS1,1,874
EXOC5,1,875
OR6N1,1,875
AC005726.4,1,876
AL078604.2,1,876
DLEU7,1,876
HLA-DOA,1,876
PLPBP,1,876
PEX2,1,877
ZNF597,1,877
RAB11A,1,878
SLF2,1,878
AC104316.1,1,879
BCAS2,1,879
TMEM117,1,879
AC108449.1,1,880
ARL11,1,880
FAM83G,1,880
TNPO1,1,880
GOLT1B,1,882
PRCP,1,883
EXO1,1,884
UTP6,1,884
AL355312.3,1,885
MEX3C,1,885
ATXN7L1,1,886
CTTNBP2,1,886
AC008764.2,1,887
SSNA1,1,887
TMEM236,1,887
EIF4E2,1,888
ST7-AS1,1,888
AL391832.1,1,889
CNTF,1,889
PCDH10,1,889
GABARAPL2,1,890
AC013652.1,1,891
BZW2,1,891
DOCK4,1,891
TBR1,1,891
LXN,1,892
SAPCD1-AS1,1,892
ZNF593,1,892
METTL4,1,893
SOST,1,893
IL31RA,1,894
VSIG10,1,894
ZNF296,1,894
GNAQ,1,895
ZNF589,1,895
GADD45GIP1,1,896
LINC02573,1,896
RTEL1,1,896
ZFX-AS1,1,897
AC005091.1,1,898
RAD9B,1,898
TSN,1,898
AL034397.2,1,899
AC079949.2,1,900
FAM71A,1,900
LINC00589,1,900
PSEN1,1,901
AC104655.1,1,902
AC087521.1,1,903
LINC01503,1,903
STX19,1,904
HOGA1,1,905
LINC00221,1,905
MYRFL,1,905
NUDT7,1,905
TACC1,1,905
AC092652.2,1,906
AL591848.4,1,906
MMS19,1,906
ZNF525,1,906
AC012442.1,1,907
DRG1,1,907
PANK1,1,907
ABL1,1,908
AC098828.2,1,908
C5orf66,1,908
AC090510.2,1,909
ARHGAP17,1,909
GPT2,1,909
TCTN1,1,909
TSPAN12,1,909
APBB1,1,910
CKMT2-AS1,1,910
MAP4K4,1,910
PTTG1IP,1,911
ZNF346,1,911
AL590787.1,1,912
NDUFC1,1,912
AC005046.1,1,913
PLCB4,1,913
NECAP2,1,914
AL031587.3,1,915
AL355472.1,1,915
UQCC2,1,915
OCRL,1,916
SLCO2B1,1,916
TBC1D22A,1,916
CLCC1,1,917
AC024619.3,1,918
LINC01869,1,918
SUMO1,1,918
AL450384.2,1,919
PIK3R3,1,919
SNAP91,1,919
MTMR4,1,920
AC004540.1,1,921
LINC02574,1,921
LTA4H,1,921
LYPD5,1,922
PHPT1,1,923
ZNF596,1,923
COPS2,1,924
B4GALT4,1,925
SH3BP5-AS1,1,925
RMDN3,1,926
ZNF681,1,926
RGS14,1,927
SOX9,1,927
AC116552.1,1,928
GPAT2,1,928
NIPSNAP3A,1,928
AC093151.3,1,929
GDF11,1,929
ARMCX5,1,930
AP003469.4,1,931
ARL2-SNX15,1,931
HELZ,1,931
RAB39A,1,931
SDSL,1,931
AL391650.1,1,932
ARHGAP33,1,932
SPTBN1,1,932
AC005064.1,1,933
MAPK8,1,933
AFTPH,1,934
AL391421.1,1,934
CCDC155,1,934
IGHV1OR15-3,1,934
RUSC2,1,934
AL109976.1,1,935
COL4A2,1,935
TRA2A,1,935
AC008443.3,1,936
ASIP,1,936
P2RX6,1,937
ZBTB11,1,937
HDLBP,1,938
THAP8,1,938
SFSWAP,1,939
ZDHHC17,1,939
AC024075.3,1,940
HEBP2,1,940
AC009133.1,1,941
AC096772.1,1,941
MEF2C-AS2,1,941
SMCO3,1,941
AL355001.1,1,942
LINC01307,1,942
TXNDC11,1,942
A4GALT,1,943
ABRA,1,943
AC006064.3,1,943
AC016708.1,1,943
DCAF4,1,944
JAK3,1,944
KIF2C,1,944
TMEM220-AS1,1,944
ADAP2,1,945
EVX1,1,945
GATD3A,1,945
NAV1,1,945
RRP1B,1,945
AC243830.2,1,946
P4HA1,1,946
AL133375.1,1,947
SEPSECS,1,947
AL606760.2,1,948
CAMKK2,1,948
CTIF,1,948
ERAP1,1,948
TEX48,1,948
AC131235.3,1,949
AIG1,1,949
AC092287.1,1,951
MROH8,1,951
PRPF38B,1,951
RTL10,1,951
PLA2G4A,1,952
ZNF17,1,952
CAPN10-DT,1,953
PARM1,1,953
RHOU,1,953
MB,1,954
SH3BGRL,1,954
SNRPD3,1,955
XRCC1,1,955
B3GAT3,1,956
FOXRED1,1,956
AL591845.1,1,957
LINC00853,1,957
NALT1,1,957
S100Z,1,957
ZNF282,1,957
ZNF607,1,958
AC007834.1,1,959
ZNF773,1,959
LINC00377,1,960
SLC45A4,1,960
SPTY2D1,1,960
SRXN1,1,960
TADA2B,1,961
COPE,1,962
DOC2A,1,962
AC091965.4,1,963
NDUFB8,1,963
AC009093.6,1,964
AC018529.1,1,964
CCSAP,1,964
AC110491.3,1,965
PIN1,1,965
PLB1,1,965
RGS5-1,1,965
AC023389.1,1,966
AC091271.1,1,966
RAP1A,1,966
SPATA17,1,966
TCEANC2,1,968
GLS,1,969
LRRC7,1,969
AC025263.1,1,971
ESYT3,1,971
GOLGA8Q,1,971
HARS,1,971
METTL7B,1,971
MIR99AHG,1,971
SLC26A4,1,971
DAB2IP,1,972
RSL24D1,1,972
LGALS9,1,973
MYT1,1,973
FBXW9,1,974
SART1,1,974
TXNDC5,1,974
AL139125.1,1,976
CIRBP-AS1,1,976
UBA2,1,976
SBDS,1,977
SMIM5,1,977
THOC2,1,978
COPS7B,1,979
FAM129B,1,979
ANKRD40,1,980
MIXL1,1,980
SLC46A1,1,980
AC092580.2,1,981
SHLD3,1,981
AC093535.1,1,982
ACSL3,1,982
AC000035.1,1,983
AP001020.3,1,983
RPGR,1,983
RYR1,1,983
SAMD1,1,983
AC008494.3,1,984
AC069222.1,1,984
AL357079.1,1,984
INSM1,1,985
LINC01537,1,986
NFE2,1,986
RSF1,1,986
TMPRSS13,1,986
AMFR,1,987
TRAF4,1,987
TES,1,988
GSTM4,1,989
NUDT3,1,989
TRIM9,1,989
AC073525.1,1,990
AL606469.1,1,990
CSTF2T,1,990
PLOD1,1,990
AC005606.2,1,991
AC021054.1,1,991
CLEC18B,1,991
EXO5,1,991
PSMB5,1,991
PRPH2,1,992
AC064805.1,1,993
AL358472.3,1,993
ASTL,1,993
C1orf52,1,993
NAXE,1,994
PET117,1,994
AL021068.1,1,995
ATXN1,1,996
SHTN1,1,996
SS18L1,1,996
DNAH11,1,998
IRS2,1,998
NACC2,1,998
AC099811.4,1,999
FBRS,1,999
LDLRAP1,1,999
AC073834.1,1,1000
ATR,1,1000
AC018413.1,1,1001
CNTROB,1,1001
FOXL2,1,1001
KLK4,1,1001
MDH2,1,1001
PLEC,1,1001
C10orf67,1,1002
U62317.2,1,1002
AC087286.1,1,1003
AC106739.2,1,1003
C11orf71,1,1003
C1QL3,1,1003
NPIPB15,1,1003
CEP70,1,1004
CLTB,1,1004
HIP1,1,1005
MEST,1,1005
NDST2,1,1006
RALGDS,1,1006
COX7B,1,1007
HAUS5,1,1007
VN1R1,1,1007
IFIT1B,1,1008
MANEA-DT,1,1008
UBE2V2,1,1008
ZNF467,1,1008
KCNB1,1,1009
PTPN18,1,1009
SLC37A3,1,1009
SP2-AS1,1,1009
MIPEP,1,1010
ZFYVE26,1,1011
AL670729.1,1,1012
MDM2,1,1012
SENP1,1,1012
AL360004.1,1,1013
C2CD2,1,1013
SLC9A3,1,1013
ERCC4,1,1014
MYZAP,1,1014
PEAK1,1,1014
AC107871.1,1,1015
OGDH,1,1015
RASL10A,1,1015
AL356512.1,1,1016
SMARCD3,1,1016
AL022238.3,1,1017
MCOLN3,1,1017
SLCO5A1,1,1017
MRPS2,1,1018
ZC3H12C,1,1018
AC106795.3,1,1019
ASGR2,1,1019
KRTAP4-12,1,1019
AP000941.1,1,1021
PPP1R18,1,1021
SLC38A7,1,1021
GCM1,1,1022
HOXA6,1,1022
LINC02226,1,1022
PLD3,1,1022
ZNF114,1,1022
CCDC13,1,1023
CORO7-PAM16,1,1023
SPINDOC,1,1023
TP53TG1,1,1023
AC116351.1,1,1024
DSTYK,1,1024
RET,1,1024
UROC1,1,1024
CEP131,1,1025
ZNF471,1,1025
AC090519.2,1,1026
SLAMF6,1,1026
TRIM45,1,1026
AL353803.4,1,1027
MMAB,1,1027
UCHL1,1,1027
AC091729.3,1,1028
AJ009632.2,1,1028
DHX8,1,1028
KIAA1614-AS1,1,1029
RAB14,1,1029
PARP3,1,1030
PIMREG,1,1030
SLC4A3,1,1030
EFTUD2,1,1031
DOCK9,1,1032
GOT1,1,1032
AC023355.1,1,1033
CDKN2AIP,1,1033
SLC41A1,1,1033
C2orf27B,1,1034
AC011825.2,1,1035
ADAM10,1,1035
FBXO4,1,1035
FSCN1,1,1035
AP006565.1,1,1036
DDX41,1,1036
TFAP4,1,1036
AC027601.4,1,1037
DYRK1A,1,1037
PCTP,1,1037
BACH1-IT2,1,1038
TENT5A,1,1038
LMNTD2,1,1039
RNF166,1,1039
SLC32A1,1,1039
AC016737.1,1,1040
ESRP1,1,1040
LINC01089,1,1040
CBX1,1,1041
DLX3,1,1041
ITGB3BP,1,1041
LRP8,1,1041
RNF11,1,1043
E2F8,1,1044
RNF41,1,1044
ZNF354B,1,1044
TNKS,1,1045
CDON,1,1046
HPS3,1,1046
TDRD6,1,1046
TRAPPC9,1,1046
UPK2,1,1046
AP001043.1,1,1047
BICD1,1,1047
PAPPA,1,1047
EEPD1,1,1048
HBS1L,1,1048
SMIM22,1,1048
HAUS2,1,1049
ORAI3,1,1050
MLXIP,1,1051
AL118556.1,1,1052
VPS41,1,1052
FRG1-DT,1,1053
FZD2,1,1053
USP42,1,1053
AL033527.5,1,1054
IGSF3,1,1054
TOMM20,1,1054
C1orf174,1,1055
OTUD1,1,1055
TMEM186,1,1055
UBE2L6,1,1055
BCAS1,1,1056
IGDCC3,1,1056
KHDRBS3,1,1056
UBE2I,1,1056
ANKRD53,1,1057
SMPD4,1,1057
SOCS5,1,1058
UBE3C,1,1058
ZEB1-AS1,1,1058
AC105277.1,1,1059
PGM1,1,1059
MED31,1,1060
SELENON,1,1060
UBE2Q2L,1,1060
STK39,1,1061
HCFC1,1,1062
MARS2,1,1062
CKAP4,1,1063
FYTTD1,1,1063
PAWR,1,1064
ROPN1L,1,1064
RXRB,1,1064
TLE6,1,1064
AC008781.2,1,1065
GTF2B,1,1065
LINC01949,1,1066
RASSF8-AS1,1,1066
AL118508.2,1,1067
STK11IP,1,1067
AL160272.1,1,1068
CEBPA-DT,1,1068
EFCAB7,1,1068
SEC61A1,1,1068
PIAS3,1,1069
CASC2,1,1070
IGKV7-3,1,1070
TRMT6,1,1070
MOB1B,1,1071
FOXD4L1,1,1072
FAM41C,1,1073
ZNF841,1,1073
AC021151.1,1,1074
CHTF8,1,1074
ZNF624,1,1074
TPRG1L,1,1075
UNC5CL,1,1075
FAM83H,1,1076
TM2D3,1,1076
KATNB1,1,1077
DDX58,1,1078
ZNF202,1,1078
ACTR6,1,1079
MOCS3,1,1079
AC102953.2,1,1080
HGD,1,1080
RAPH1,1,1080
LINC00937,1,1081
ORC2,1,1081
SPG7,1,1081
THEM4,1,1081
C20orf194,1,1083
EXOC3,1,1083
C9orf85,1,1084
NUP210L,1,1084
VASP,1,1084
AC026803.2,1,1085
NEIL3,1,1085
SUMO3,1,1085
ZNF343,1,1085
LILRA2,1,1086
TCAF2C,1,1086
TMEM131,1,1086
ZBTB37,1,1086
C19orf33,1,1087
PRSS3,1,1087
AC078795.1,1,1088
ASF1A,1,1088
WDYHV1,1,1088
MIF4GD,1,1089
TANC2,1,1089
AC006059.1,1,1090
NOLC1,1,1090
SCAMP2,1,1091
YEATS2-AS1,1,1091
ZSCAN16,1,1091
CERS5,1,1092
FAXDC2,1,1092
MAGED4B,1,1092
AL359915.2,1,1093
GET4,1,1094
MPP5,1,1094
MYB,1,1094
TCEAL9,1,1094
ATXN7,1,1095
OBSL1,1,1095
PAIP2B,1,1095
SAA2,1,1095
SNRPA,1,1095
TCHH,1,1095
ZNF543,1,1095
AL390208.1,1,1096
AL445363.2,1,1096
LINC00654,1,1096
BCORL1,1,1097
UBE2D2,1,1097
MOK,1,1098
SHISA5,1,1098
BACH1,1,1099
KLK14,1,1100
TMEM8B,1,1100
AC005899.5,1,1101
DNM2,1,1101
SPRED1,1,1101
AC026150.1,1,1102
BMI1,1,1102
CR559946.1,1,1102
GPSM2,1,1102
SLC8A1,1,1102
AL390961.2,1,1103
CTBP1-AS,1,1103
TFAP2C,1,1103
DCTN1,1,1104
IL1RAPL2,1,1105
SLC7A11,1,1105
SYNRG,1,1105
HSD11B1,1,1107
ZBED5,1,1107
APOL1,1,1108
FAM239C,1,1108
MATR3,1,1108
PSMB4,1,1108
PTK2,1,1109
RASL10B,1,1110
SIGIRR,1,1110
NMRAL1,1,1111
RNASEH1-AS1,1,1111
SPDYE3,1,1111
THAP7-AS1,1,1111
AIMP2,1,1112
KIF4A,1,1112
YPEL1,1,1112
AC009495.3,1,1113
ULK3,1,1113
USP27X-AS1,1,1113
CPNE2,1,1114
FMC1,1,1114
GNE,1,1114
PNMA6A,1,1114
SMYD4,1,1114
WDR66,1,1114
HCFC2,1,1115
PKP4,1,1115
IKBKB,1,1116
PBX1,1,1116
AL590560.1,1,1117
BEX5,1,1117
OSGIN2,1,1117
UFSP2,1,1117
AC106782.2,1,1118
AL591848.3,1,1118
FAM86B2,1,1118
LYSMD1,1,1118
TCEAL1,1,1118
TMPO,1,1118
ABHD17C,1,1119
GAREM2,1,1119
NIPBL,1,1119
UBTD2,1,1120
F8A2,1,1121
ZNF770,1,1121
AC098484.3,1,1122
APBA2,1,1122
FOXO1,1,1122
BPNT1,1,1123
CENPA,1,1123
MBTPS2,1,1123
AL031600.3,1,1124
HIST1H1A,1,1124
BX470209.1,1,1125
KLHL15,1,1125
NPIPA8,1,1125
PDF,1,1125
COL5A3,1,1126
KAT2A,1,1126
ZFAND4,1,1126
CASKIN2,1,1127
ORAOV1,1,1127
PRDM10,1,1127
SLC7A9,1,1127
SPEF2,1,1127
AC053527.1,1,1128
MUM1,1,1128
SNX6,1,1128
TIGD7,1,1128
TMEM25,1,1128
ACY3,1,1129
AL021396.1,1,1129
B4GALT2,1,1129
EPB41L4A-DT,1,1129
FAM192A,1,1129
AC024028.1,1,1130
CFB,1,1131
FAM198B-AS1,1,1131
PSMD3,1,1131
UQCRHL,1,1131
DNAJC11,1,1132
NCR2,1,1132
SEC61A2,1,1132
AC021739.4,1,1133
APBA3,1,1133
RCAN1,1,1133
ZBTB7B,1,1133
DUSP10,1,1134
MMP14,1,1134
SLC26A11,1,1134
TMPO-AS1,1,1134
LINC02090,1,1135
PPP1R12A,1,1135
CHCHD10,1,1136
AL117209.1,1,1137
SIK1,1,1137
AC092295.1,1,1138
IFNAR1,1,1138
QDPR,1,1138
AC025165.5,1,1139
AVPR2,1,1139
BEND5,1,1139
MFSD2A,1,1139
ASIC3,1,1140
MTIF2,1,1140
ZNF487,1,1140
COX17,1,1141
JAKMIP1,1,1141
C16orf96,1,1142
EVA1B,1,1142
LINC01554,1,1142
PSMA1,1,1142
ZNF718,1,1142
EXOG,1,1143
PELO,1,1143
TFAP2A,1,1143
ACTA1,1,1144
PPT1,1,1144
VAT1,1,1144
ACTN1,1,1145
RBM25,1,1146
AC006435.1,1,1147
LYNX1-SLURP2,1,1147
PLGLB2,1,1147
AC000032.1,1,1148
AC093382.1,1,1148
LINC01150,1,1148
BORCS7,1,1149
COL27A1,1,1149
AC073896.2,1,1150
DLGAP4,1,1150
AL136382.1,1,1151
COA4,1,1151
KIAA1614,1,1151
AC137834.2,1,1152
GDAP1,1,1152
LINC01269,1,1152
ACSM5,1,1153
WNK1,1,1153
ZNF776,1,1153
AL158196.1,1,1154
DNAJC3,1,1154
FDXR,1,1154
MSANTD2,1,1155
TAF11,1,1155
IARS,1,1156
MRE11,1,1157
DLG4,1,1158
AL354836.1,1,1159
MRM3,1,1159
RPGRIP1,1,1159
CMTM6,1,1160
DIS3L,1,1160
PRKCG,1,1161
CFAP45,1,1162
EXOSC6,1,1162
MECR,1,1162
AC017083.2,1,1163
AC114271.1,1,1163
FAM110B,1,1163
SEM1,1,1163
GCC2,1,1164
GGN,1,1164
OCIAD2,1,1164
BBOF1,1,1165
CHD5,1,1165
DLEU2,1,1165
NME7,1,1165
AL121809.1,1,1166
OXA1L,1,1166
AC003070.1,1,1167
AC105339.3,1,1167
BFSP2,1,1167
PTOV1,1,1167
AC067735.1,1,1168
HMGCL,1,1168
TMSB4Y,1,1168
DCUN1D2,1,1169
GTSE1,1,1169
MGST1,1,1169
PAK1,1,1169
OLIG1,1,1170
AC090825.1,1,1171
TMEM91,1,1171
TSGA13,1,1171
YIF1A,1,1171
AC026471.5,1,1172
AP000275.2,1,1172
CHIC1,1,1172
AC068025.2,1,1173
CCDC57,1,1174
PROSER3,1,1174
TNS1,1,1174
ZNF510,1,1174
AC131009.1,1,1175
NOL6,1,1175
TOPORS,1,1175
AP4B1,1,1176
ARHGAP11A,1,1176
LDB3,1,1176
MICALL1,1,1176
ST6GALNAC2,1,1176
SIX4,1,1177
SLC25A45,1,1177
TTC12,1,1177
KCNK1,1,1178
LINC02288,1,1178
POGLUT1,1,1178
TCF20,1,1178
GYS1,1,1179
MFN1,1,1179
TRIM16,1,1180
FAM228B,1,1181
PPP6R2,1,1181
ZNF83,1,1181
SLC26A6,1,1182
ZNF449,1,1182
AC099489.3,1,1183
HEG1,1,1183
RILP,1,1183
SEPSECS-AS1,1,1183
SMN2,1,1183
AL096678.1,1,1184
BTN3A3,1,1184
LAPTM4B,1,1184
SRP14-AS1,1,1184
BRICD5,1,1185
PCNX1,1,1185
RRP36,1,1185
CFAP298,1,1186
LONP1,1,1186
AC091179.1,1,1187
AP2S1,1,1187
C14orf132,1,1187
CHST1,1,1188
CSTB,1,1188
LINC01759,1,1188
MTHFD2L,1,1188
SGMS1-AS1,1,1189
ZFP30,1,1189
ALDH2,1,1190
FLII,1,1190
ANKRD16,1,1191
CLDN15,1,1191
UBLCP1,1,1191
AL035420.3,1,1192
BGN,1,1192
NR1H2,1,1192
AC135457.1,1,1193
OR3A2,1,1193
SEMA4D,1,1193
BIN1,1,1194
WSB1,1,1195
AL136988.1,1,1196
CYP2R1,1,1196
DDX50,1,1196
PEX5,1,1196
AC124798.1,1,1197
PTGR2,1,1197
RBBP5,1,1197
AC022509.1,1,1198
AC098487.1,1,1198
SLC5A10,1,1198
COL15A1,1,1199
VPS4A,1,1199
CA11,1,1200
LINC02541,1,1200
PPARA,1,1200
LINC01222,1,1201
MYCN,1,1201
POFUT2,1,1201
RIPOR1,1,1201
LINC01775,1,1202
MAP3K13,1,1202
SPTB,1,1202
AP002387.2,1,1203
ATP12A,1,1203
LINC01058,1,1203
TAB3-AS2,1,1203
THAP1,1,1203
AC015813.2,1,1204
SGMS1,1,1204
KIAA1143,1,1205
SAMD14,1,1205
ERH,1,1206
RAD54B,1,1206
C3orf67,1,1207
SEC24B,1,1207
FXN,1,1208
NDUFB6,1,1208
NFATC2,1,1208
EPHX2,1,1209
SKA1,1,1209
ABHD18,1,1210
NAP1L5,1,1210
SLC17A9,1,1210
EIF4E1B,1,1211
LINC01291,1,1211
MFAP3,1,1211
AL357078.3,1,1212
AL390728.5,1,1212
POLE3,1,1212
AL109955.1,1,1213
EPN3,1,1213
CDH26,1,1214
CR1L,1,1214
AC078846.1,1,1215
FAM166B,1,1215
LPO,1,1215
SPNS3,1,1215
SVBP,1,1215
TTLL5,1,1215
AL008719.1,1,1216
AMY2B,1,1216
EIF3D,1,1216
GSTM5,1,1216
MTX3,1,1216
MYOCOS,1,1216
SPAG5,1,1216
YBX2,1,1216
MARF1,1,1217
PLCG1,1,1217
AC018362.2,1,1218
KIAA1324,1,1218
PIK3CA,1,1218
USB1,1,1218
AP002490.1,1,1219
TSR3,1,1219
AC012615.1,1,1221
AC092667.1,1,1221
CCDC125,1,1221
SAR1B,1,1221
PRR13,1,1222
SPTLC3,1,1222
ZC3H8,1,1222
AC008750.1,1,1223
ACOT4,1,1223
DPF3,1,1223
LY6K,1,1223
MBD4,1,1223
DBT,1,1224
SET,1,1224
TMEM18,1,1224
AC018781.1,1,1225
AL023806.1,1,1225
SAMD4A,1,1225
TOR4A,1,1225
MAST4-AS1,1,1226
TLR7,1,1226
BYSL,1,1227
CTTNBP2NL,1,1227
LINC02321,1,1227
LNPK,1,1227
PNLDC1,1,1227
PORCN,1,1227
AC016394.1,1,1228
SLC41A2,1,1228
CYTH2,1,1229
GPR88,1,1230
LINC01270,1,1230
NONO,1,1230
SFN,1,1230
TNFSF13,1,1230
CEP57L1,1,1231
PIPOX,1,1231
FLT1,1,1232
AC007216.4,1,1234
GLI4,1,1234
PUM1,1,1234
AC087393.2,1,1235
BAHD1,1,1235
EFCAB8,1,1235
KDM1A,1,1235
SRP19,1,1235
TGM5,1,1235
AC007325.4,1,1236
AP001350.1,1,1236
CFAP161,1,1236
ZNF416,1,1236
AC084035.1,1,1237
AP003498.1,1,1237
MAP3K1,1,1238
RTN4RL1,1,1238
ADPGK-AS1,1,1239
CUL4A,1,1239
THAP9,1,1239
CCDC78,1,1240
AP000265.1,1,1241
AC005481.1,1,1242
IGF2BP3,1,1242
INPPL1,1,1242
INTS10,1,1242
RAET1G,1,1242
THAP12,1,1243
TUT1,1,1243
AL512770.1,1,1244
PPM1D,1,1244
AAMDC,1,1245
GPATCH8,1,1245
TSEN54,1,1245
KLHL17,1,1246
PPAN,1,1246
LINC01666,1,1247
TTC1,1,1247
ZDHHC16,1,1247
AC004039.1,1,1248
GALNS,1,1248
TPRG1,1,1248
AL132996.1,1,1249
TUBGCP2,1,1249
AC016722.3,1,1250
C1D,1,1250
DBX1,1,1250
IGHVIII-11-1,1,1251
RNF26,1,1251
SAP18,1,1251
AC005696.1,1,1252
ADAMDEC1,1,1252
RARRES1,1,1252
ZNF177,1,1252
AC100810.1,1,1253
AP002852.1,1,1253
C3orf58,1,1253
LRP2,1,1253
PPFIBP2,1,1253
RBBP7,1,1254
RYR3,1,1254
UGDH-AS1,1,1254
AC100814.1,1,1255
CCDC87,1,1255
GTPBP4,1,1255
HS3ST3A1,1,1255
TNFRSF10A,1,1255
AL031432.5,1,1256
ALG10,1,1256
AP001767.3,1,1256
AL589740.1,1,1257
C17orf107,1,1257
VCP,1,1257
TARBP2,1,1258
TOP1,1,1258
AC064807.1,1,1259
AC132192.2,1,1259
LCN12,1,1260
LDOC1,1,1260
PURA,1,1260
AC012213.2,1,1261
GNS,1,1262
MICA,1,1262
STRN3,1,1263
TBC1D8,1,1263
TPTEP2-CSNK1E,1,1263
GRK5,1,1264
MEI1,1,1264
TTTY14,1,1264
CCDC117,1,1265
NUP153,1,1265
AC005993.1,1,1266
CLLU1OS,1,1266
ICOSLG,1,1266
PRMT3,1,1266
DCBLD1,1,1267
EAF2,1,1267
KREMEN2,1,1267
MSC-AS1,1,1267
EMD,1,1268
UNC45A,1,1268
CDS1,1,1269
KTI12,1,1269
AC015912.1,1,1270
C4A,1,1270
CREB5,1,1270
KIAA1586,1,1270
MPP1,1,1270
AL137003.1,1,1271
LINGO4,1,1271
MYO18B,1,1271
CENPK,1,1272
DEPDC4,1,1272
PAFAH1B1,1,1272
CCDC88A,1,1273
OIP5,1,1273
SYTL4,1,1273
AL603832.2,1,1274
ZBTB46,1,1274
MHENCR,1,1275
SMIM24,1,1276
TRIM23,1,1276
ZC3H13,1,1276
LPAR1,1,1277
LUC7L,1,1277
ZNF678,1,1277
AL162411.1,1,1278
PAXIP1-AS1,1,1278
SLC35E2B,1,1278
AC018638.6,1,1279
CCDC34,1,1279
GFI1,1,1279
MPND,1,1279
TTF1,1,1279
CRMP1,1,1280
MROH6,1,1280
ZDHHC1,1,1280
ZDHHC13,1,1280
TMEM74,1,1282
AC009097.4,1,1283
ANKRD13B,1,1283
PATJ,1,1283
TMPRSS15,1,1283
XPC,1,1283
GUCY1A1,1,1284
AC073610.3,1,1285
ZNF146,1,1285
AC114490.2,1,1286
AC138028.4,1,1287
MAP3K14,1,1287
RGL4,1,1287
RNF139-AS1,1,1287
TRIQK,1,1287
ADGRE3,1,1288
PWP2,1,1288
ZFAND5,1,1288
ZNF34,1,1288
ARPC1A,1,1289
LYL1,1,1289
ICA1,1,1290
PCYOX1L,1,1290
TAF1D,1,1290
ABRAXAS1,1,1291
BTRC,1,1291
FN3K,1,1291
ARHGAP32,1,1292
AC007114.1,1,1293
KDM2A,1,1293
TPD52,1,1294
TSPYL4,1,1294
ZNF765,1,1294
AC068620.2,1,1295
DQX1,1,1295
MPC1,1,1295
WASHC5-AS1,1,1295
AC006207.1,1,1296
SZRD1,1,1296
CBWD6,1,1297
GCC2-AS1,1,1297
PNPLA2,1,1298
PRPF39,1,1298
TMEM88,1,1298
AZGP1,1,1299
CDH1,1,1299
DIAPH3,1,1299
EXTL1,1,1299
FKBP2,1,1299
GNB1L,1,1299
LINC01366,1,1299
KHK,1,1300
LARS,1,1300
SLC39A8,1,1300
VPS29,1,1301
ZNF831,1,1301
CNTD2,1,1302
PHAX,1,1302
CDC73,1,1303
LINC00685,1,1303
LYPLAL1-DT,1,1303
MS4A14,1,1303
SYN1,1,1303
HNRNPR,1,1304
VAMP1,1,1304
ACD,1,1305
C22orf23,1,1305
ZNF345,1,1306
AC006329.1,1,1307
AL355338.1,1,1307
POLR1A,1,1307
SHQ1,1,1307
AC008537.4,1,1308
NOTCH4,1,1308
PI4K2B,1,1308
SCFD1,1,1308
LINC00865,1,1309
VPS39,1,1309
AP001001.1,1,1310
CXCL5,1,1310
KMT2C,1,1310
AKAP11,1,1311
B3GNT4,1,1312
CKB,1,1312
DNAJB7,1,1312
VMP1,1,1312
AL669918.1,1,1313
C1GALT1,1,1313
DNAJC25-GNG10,1,1313
FAM76A,1,1313
MBOAT4,1,1313
SNCB,1,1313
AP002907.1,1,1314
TMTC1,1,1314
UBL7-AS1,1,1314
AL117337.1,1,1315
NDUFAF3,1,1315
UQCC1,1,1315
HOMER3,1,1316
SEPT5,1,1316
AL021707.5,1,1317
CWC25,1,1317
PITPNM2,1,1317
PLCG1-AS1,1,1317
DNTTIP2,1,1318
MTRNR2L1,1,1318
AC253536.6,1,1319
INTS6L,1,1319
MTMR6,1,1319
ZXDB,1,1319
SAT2,1,1320
NSMAF,1,1321
COL1A1,1,1322
SLC1A5,1,1322
AC099524.1,1,1323
CDK11A,1,1323
LINC01511,1,1324
SHOC2,1,1324
ZFP3,1,1324
LMBR1,1,1325
RNF115,1,1326
SLC9A1,1,1326
TMEM151A,1,1326
FAHD1,1,1327
MESD,1,1327
PCBP3,1,1328
PRRT3,1,1328
RASGRF1,1,1328
WFDC3,1,1329
AC008555.5,1,1330
TCP11L2,1,1330
ZNF384,1,1330
ZNF662,1,1330
AC025259.1,1,1331
TRIM11,1,1331
AC008972.2,1,1332
AL023584.2,1,1332
C7orf50,1,1332
CFAP126,1,1332
SMIM10L1,1,1332
AC004466.1,1,1333
AL512288.1,1,1333
CPSF6,1,1333
LCMT2,1,1333
ST3GAL4,1,1333
AL449106.1,1,1334
COMMD5,1,1334
GJC1,1,1334
MED22,1,1334
RETREG1,1,1334
AC093525.4,1,1335
AC107214.1,1,1335
DHCR24,1,1335
GATAD2B,1,1335
SLFN14,1,1335
FAM20B,1,1336
PSKH1,1,1336
AC078795.3,1,1337
CENPQ,1,1337
ULK2,1,1337
INCA1,1,1338
AL359091.4,1,1339
FAM160A1-DT,1,1339
CPM,1,1340
FKBP9,1,1340
MTUS2,1,1340
AL117332.1,1,1341
PPP6C,1,1342
AC022113.1,1,1343
CCZ1B,1,1343
INSR,1,1344
KCND1,1,1344
PTPDC1,1,1344
RSL1D1,1,1344
KDM5B,1,1345
POLR1D,1,1345
AC002091.1,1,1346
E2F4,1,1346
ZBTB33,1,1346
AL731533.2,1,1347
IL24,1,1347
PDCD11,1,1347
PKD2,1,1347
TBL1X,1,1347
AL358781.2,1,1348
DSG3,1,1348
AL450326.1,1,1349
FBXW4,1,1349
PITPNA,1,1349
HLA-DQA2,1,1350
TMCC1,1,1350
UBA7,1,1350
WDR64,1,1350
KRCC1,1,1351
GAREM1,1,1352
NEIL2,1,1352
SHLD1,1,1352
TLL2,1,1352
AL162231.1,1,1353
LINC01415,1,1353
NBEAL1,1,1353
UPK1A,1,1353
ZNF283,1,1353
CLSTN3,1,1354
SCAND1,1,1354
AC011446.1,1,1355
AP003774.3,1,1355
ATF7IP2,1,1355
EIF3A,1,1355
EPYC,1,1355
HIST1H2AL,1,1355
LINC00656,1,1355
CENPS,1,1356
NEMP2,1,1356
STIP1,1,1356
TNS3,1,1356
ZNF75A,1,1356
BX088645.1,1,1357
PODNL1,1,1357
RNASEH2B,1,1357
TOGARAM2,1,1357
AC005355.1,1,1358
AC254562.2,1,1358
ACOT11,1,1358
IDH3G,1,1358
LRRC73,1,1358
CAB39L,1,1360
LRRK2,1,1360
NPY,1,1361
RFFL,1,1361
AP001831.1,1,1362
NCBP1,1,1362
ZNF366,1,1362
FAM19A2,1,1363
MFNG,1,1363
LIN7C,1,1364
ABHD14A,1,1365
PPAT,1,1365
PSTPIP1,1,1365
ZPBP,1,1365
C12orf60,1,1367
LMNB2,1,1367
STAB1,1,1367
TUSC3,1,1367
ATAT1,1,1368
MAP9,1,1368
PRLR,1,1368
TTC39C-AS1,1,1368
PRPS1,1,1369
NUDT16L1,1,1370
AC069234.2,1,1371
PANK2,1,1371
AL592071.1,1,1372
ATP6V1E2,1,1372
CCNF,1,1372
LTK,1,1372
CNBD1,1,1373
FUK,1,1373
HSPA4,1,1373
PTPRU,1,1373
HIST1H2AC,1,1374
LINC02315,1,1374
SNF8,1,1374
TFAP2A-AS1,1,1374
BAG5,1,1375
FGF20,1,1375
SLC22A23,1,1375
CCDC183-AS1,1,1376
CETN3,1,1376
ISYNA1,1,1376
MRPS23,1,1376
TRIM35,1,1376
AC104986.2,1,1377
AL158210.1,1,1377
CBY1,1,1377
PYCR2,1,1377
USP53,1,1377
AC023043.1,1,1378
AL596223.1,1,1378
MTRNR2L12,1,1378
TSNAX,1,1378
AC107982.3,1,1379
ANTXRL,1,1379
HLCS,1,1379
LINC01122,1,1379
WDR59,1,1379
LMAN1,1,1380
RAB33A,1,1380
AC018682.1,1,1381
USP37,1,1381
ZBTB12,1,1381
AVIL,1,1382
GUCY2C,1,1382
ZSWIM4,1,1382
ANKRD28,1,1383
SCP2,1,1383
SLC35A3,1,1383
CLUH,1,1384
ZNF148,1,1384
AC008569.1,1,1385
GCLM,1,1385
NEXMIF,1,1385
ZNF844,1,1385
HIF1A,1,1386
AC008105.1,1,1388
AGPAT2,1,1388
OCLM,1,1388
AC067747.1,1,1389
NPL,1,1389
ZBTB7A,1,1389
AC074117.1,1,1390
CNKSR1,1,1390
EPS15,1,1390
H2AFB1,1,1390
SCO2-1,1,1390
ANKRD17,1,1392
DFFB,1,1392
AC092718.8,1,1393
ORAI2,1,1393
NT5M,1,1394
TAF3,1,1394
AL356056.2,1,1395
COX16,1,1395
GAMT,1,1395
GNL1,1,1396
SLC25A10,1,1396
ZNF175,1,1396
LMBRD2,1,1397
AC080013.1,1,1398
DGCR6L,1,1398
EMG1-1,1,1398
MTMR2,1,1398
S100A13,1,1398
RBM27,1,1399
AC021188.1,1,1400
AL590434.1,1,1400
CYB5R4,1,1400
NDFIP2,1,1400
NOM1,1,1401
AC015912.3,1,1402
CCNB1,1,1402
GOPC,1,1402
TOP2B,1,1402
TAOK2,1,1403
AP001267.2,1,1405
CRAMP1,1,1405
KIAA0825,1,1405
ZNF621,1,1405
NOD2,1,1406
AL139022.1,1,1407
CENPC,1,1407
AC006557.3,1,1408
BCL7C,1,1408
TSPAN17,1,1408
AC105020.5,1,1409
AC243562.3,1,1409
CALML6,1,1409
CTSD,1,1409
DEPTOR,1,1409
GALNT4,1,1409
DEPP1,1,1410
DHRS7B,1,1410
AL139011.1,1,1411
CCDC127,1,1411
RGS12,1,1411
EFHB,1,1412
MZT1,1,1412
PAX8,1,1413
RABL6,1,1413
SNAPC3,1,1413
AF230666.1,1,1414
NBEAL2,1,1414
ABHD15,1,1415
AC016831.1,1,1415
GTF2F1,1,1415
NFKB2,1,1415
TAF4,1,1415
AC008105.3,1,1416
PCNA,1,1416
PPARGC1B,1,1416
MAN2C1,1,1417
UMPS,1,1417
AC087752.4,1,1418
DBR1,1,1418
EIF2B1,1,1419
MFSD4B,1,1419
WDR75,1,1420
IL22RA2,1,1421
LY6G5C,1,1422
NRAS,1,1422
PSD3,1,1422
AC092718.6,1,1423
BCAS4,1,1423
AC091167.5,1,1424
DST,1,1424
GSS,1,1425
REPS2,1,1426
SKI,1,1426
TJP2,1,1426
DOCK11,1,1427
AURKA,1,1428
METAP1,1,1428
AL035427.1,1,1429
HAUS3,1,1429
SPAG1,1,1429
TRAF3IP1,1,1430
XRCC5,1,1430
AC107959.1,1,1431
ADH5,1,1431
DUOX1,1,1431
SDR42E1,1,1431
SERPINI1,1,1431
AL049557.1,1,1432
AOX1,1,1432
URGCP,1,1432
DDX10,1,1433
ERCC6,1,1433
ERG,1,1433
LECT2,1,1433
AC145285.3,1,1434
IL18,1,1434
DOCK7,1,1435
HGF,1,1435
DPP8,1,1437
AC016590.1,1,1438
FBXO8,1,1438
ITGA2B,1,1438
USP11,1,1438
CMTM5,1,1439
AC024084.1,1,1440
ADAP1,1,1440
C8orf76,1,1440
GMCL1,1,1441
TLR2,1,1441
DYNC1I2,1,1442
FOXB1,1,1442
AL158063.1,1,1443
AP000894.4,1,1443
ATXN7L3,1,1443
ITPRIP,1,1443
NEK2,1,1443
AC093726.2,1,1444
SLC39A14,1,1444
SORT1,1,1444
TMEM60,1,1444
VDAC3,1,1444
FAM120C,1,1445
LINC02080,1,1445
ETS2,1,1446
LINC02356,1,1446
RAB9A,1,1446
UCHL5,1,1446
AC067750.1,1,1447
MGAT1,1,1447
RAB11FIP3,1,1447
CCDC192,1,1448
CDK5RAP3,1,1448
SHISAL2A,1,1448
CADM2,1,1449
POLR2B,1,1449
RERE,1,1449
TEX35,1,1449
AL357060.1,1,1450
SNX24,1,1450
AL157832.1,1,1451
LINC01629,1,1451
TMEM237,1,1451
ZNF195,1,1451
AC025159.1,1,1452
ARL6IP4,1,1452
ELF3,1,1452
RBM15-AS1,1,1452
CDA,1,1453
FAM184B,1,1453
NUP85,1,1453
AC092142.1,1,1454
RAC1,1,1454
SDHAF1,1,1454
NEMF,1,1455
SGPP1,1,1455
AC058791.1,1,1456
LCT,1,1456
NELFE,1,1456
SLC16A1,1,1457
WSB2,1,1457
AC011511.2,1,1458
AC048382.5,1,1458
LRMDA,1,1458
OPRL1,1,1458
SIVA1,1,1458
TUBGCP5,1,1458
CNTRL,1,1459
NDUFC2-KCTD14,1,1459
AC090912.1,1,1460
ASNS,1,1460
MTF1,1,1460
RAB35,1,1460
AC104958.1,1,1461
CXXC1,1,1461
MAPK1,1,1461
VPS11,1,1461
AAMP,1,1462
AC084809.1,1,1462
CCDC183,1,1462
TICRR,1,1462
TPCN2,1,1462
AL359921.1,1,1463
CD164,1,1463
ZNF181,1,1463
AC026202.2,1,1464
AC012640.4,1,1465
HCAR2,1,1465
AL133467.1,1,1466
CTNNBIP1,1,1466
DRC1,1,1466
ZNF219,1,1466
KIAA1549,1,1467
PEX6,1,1467
QRICH1,1,1467
TRAF5,1,1467
AC005261.1,1,1468
AC096751.2,1,1468
AL080276.2,1,1468
LINC00342,1,1468
TWIST2,1,1468
NHS,1,1469
SEC13,1,1469
ST6GAL1,1,1469
ZACN,1,1469
AC025031.2,1,1470
ALDH1B1,1,1470
HUWE1,1,1470
IQGAP3,1,1470
DEDD,1,1471
CC2D1B,1,1472
SACS,1,1472
EI24,1,1473
IMMT,1,1474
LINC01501,1,1474
MXD3,1,1474
AC117490.2,1,1475
HIP1R,1,1475
KIF7,1,1476
MEGF9,1,1476
SPRED2,1,1476
TMEM147,1,1476
BEST1,1,1477
POLA1,1,1477
LINC01534,1,1478
TOR1AIP1,1,1478
AC021739.5,1,1479
AC027682.3,1,1479
UTP25,1,1479
AC010203.2,1,1480
RBM26,1,1480
AC106791.1,1,1481
MFSD11,1,1481
NEK9,1,1481
PRKCZ,1,1481
STK24-AS1,1,1481
ALDH4A1,1,1482
FAM66D,1,1482
TXNDC17,1,1482
AC034236.2,1,1483
ZNF823,1,1483
AC105265.4,1,1484
RAB5C,1,1484
FLCN,1,1485
GCDH,1,1485
UNC5C,1,1485
AC008014.1,1,1486
AC010422.3,1,1486
DMPK,1,1486
PPP4R3B,1,1486
SLX4,1,1486
KDM5C,1,1487
SLC25A33,1,1487
SFRP5,1,1488
AC104472.3,1,1489
KTN1,1,1489
NIFK-AS1,1,1489
ST14,1,1489
ACO2,1,1490
AP002748.3,1,1490
CYFIP2,1,1491
LIX1,1,1491
LRRC47,1,1491
AL034550.1,1,1492
CCDC74A,1,1492
CCDC88B,1,1492
CHST15,1,1492
ROCK2,1,1492
DHRS12,1,1493
MTPAP,1,1493
DERL1,1,1494
MAP3K5,1,1494
EFCAB6,1,1495
HMCES,1,1495
MTBP,1,1495
PDE4C,1,1495
MRPL35,1,1496
AC127164.1,1,1497
TNK2,1,1497
ZNFX1,1,1497
ANKRD54,1,1498
SLC30A1,1,1499
BOLA2B,1,1500
MAST2,1,1500
TSSC4,1,1500
AC004477.3,1,1501
CDPF1,1,1501
TP53INP1,1,1502
DHX57,1,1503
OPTN,1,1503
PPIH,1,1504
WDR37,1,1504
ATG7,1,1505
FSD1,1,1505
KLF8,1,1505
MMEL1,1,1505
SNRNP35,1,1505
TMEM74B,1,1505
CLINT1,1,1506
LINC00355,1,1507
NRSN2,1,1507
SEC22C,1,1507
TENT4A,1,1507
DHRS2,1,1508
GAD1,1,1508
SUN3,1,1508
UTP4,1,1508
ZNHIT2,1,1508
AC093326.1,1,1509
ARHGEF39,1,1509
MS4A6E,1,1509
POLR3B,1,1509
TIGD1,1,1509
AC009690.1,1,1510
AP003354.2,1,1510
CDC6,1,1510
NCBP2-AS2,1,1510
THUMPD2,1,1510
AL050331.2,1,1511
NPC1,1,1511
AC016168.1,1,1512
ATP1A4,1,1512
AC091982.3,1,1513
GFM2,1,1513
MCM7,1,1513
RWDD1,1,1513
JAML,1,1514
XRRA1,1,1514
ABCA6,1,1515
AC004223.2,1,1515
AREL1,1,1515
ERO1A,1,1515
AC130324.2,1,1516
CA8,1,1516
CAMKK1,1,1516
RTCB,1,1516
AC005944.1,1,1517
PALB2,1,1517
AC008641.1,1,1518
ATP6AP1,1,1518
FRAT1,1,1518
LUCAT1,1,1518
PSTPIP2,1,1518
AL603832.1,1,1519
PDCD10,1,1519
AC016597.1,1,1520
BIVM,1,1520
FAM228A,1,1520
STAT6,1,1520
NUDC,1,1521
PFKFB1,1,1521
SNHG4,1,1521
AC025370.1,1,1522
CADM4,1,1522
SLC25A20,1,1522
ZNF341,1,1522
AC025257.1,1,1524
AC073332.1,1,1524
AP000781.1,1,1524
ANKRD36B,1,1525
ARF1,1,1525
ASNA1,1,1525
KRT36,1,1525
ENOX1,1,1526
PRDX4,1,1526
RASAL2,1,1526
TRAPPC11,1,1526
TUBGCP4,1,1526
ADGRE2,1,1528
IFT172,1,1528
DCLRE1A,1,1529
SPSB1,1,1529
ZNF385D,1,1529
FAU,1,1530
KBTBD8,1,1530
MCF2L-AS1,1,1530
ULK4,1,1530
ALG1,1,1531
CLSPN,1,1531
RASAL3,1,1531
ZNF251,1,1531
AC138811.1,1,1532
AMN1,1,1532
MPLKIP,1,1532
RTCA,1,1532
AC007192.2,1,1533
AC019163.1,1,1533
FAM98C,1,1533
SLC37A4,1,1533
AGBL4,1,1534
MOSPD3,1,1535
CDCA8,1,1536
FAM91A1,1,1536
C5AR2,1,1537
CD151,1,1537
EPHA2,1,1537
CTAGE8,1,1538
FAM185A,1,1538
HPSE2,1,1538
NSRP1,1,1538
GCA,1,1539
MAGOH,1,1539
PXN-AS1,1,1539
DNAAF5,1,1540
NRDC,1,1540
ZNF862,1,1540
CD300LF,1,1541
CLEC12B,1,1541
CRISPLD2,1,1541
CTNNB1,1,1541
KRIT1,1,1541
MTPN,1,1542
AC106801.1,1,1543
AL022328.2,1,1543
BEGAIN,1,1543
IGHVIII-2-1,1,1543
TRIM38,1,1543
ATP6V0E2,1,1544
EIF5AL1,1,1544
MAP1LC3B,1,1544
MB21D2,1,1544
FGD4,1,1545
AC083880.1,1,1546
C10orf55,1,1546
GP1BA,1,1546
GPN3,1,1546
NBPF3,1,1546
PRR4,1,1546
AC007326.4,1,1547
AC012363.1,1,1547
GABPB1-AS1,1,1547
PPP1R9B,1,1547
LONP2,1,1548
ZNF304,1,1548
THYN1,1,1549
ZNF512B,1,1549
COL4A2-AS2,1,1550
AP000781.2,1,1551
GPR176,1,1551
PIK3AP1,1,1551
SMIM10L2A,1,1551
ZYG11B,1,1551
INAVA,1,1552
POLR2J3-1,1,1552
SIK3,1,1552
AC136604.3,1,1553
MED11,1,1553
XRCC3,1,1553
ZSWIM3,1,1553
AC090152.1,1,1554
AC109779.1,1,1554
AL139124.1,1,1554
ASRGL1,1,1554
PRKCA-AS1,1,1554
ERP29,1,1555
LACTB,1,1555
NOD1,1,1555
ST20-MTHFS,1,1555
SPCS3,1,1556
TMEM150A,1,1556
AGAP4,1,1557
BBS9,1,1557
HIST1H3A,1,1557
FBP1,1,1558
PPIL2,1,1558
AC008945.1,1,1559
DEFB1,1,1559
SMURF1,1,1559
AC116614.1,1,1560
AC126118.1,1,1560
CIB2,1,1560
CPNE1,1,1560
HDHD3,1,1560
NCAM1-AS1,1,1560
CARD8,1,1561
COL24A1,1,1561
KATNAL1,1,1561
CNPY2,1,1562
PADI6,1,1562
TIRAP,1,1562
C5orf24,1,1563
MPP7,1,1563
NANP,1,1563
SLC25A23,1,1563
ANKRD7,1,1564
CCDC84,1,1564
FAM171A2,1,1564
SDHC,1,1564
FANCM,1,1565
SLC22A18AS,1,1565
TMEM245,1,1565
TRANK1,1,1565
TRIM47,1,1565
BCAP29,1,1566
COIL,1,1566
LRP1,1,1566
TCHP,1,1566
AL513550.1,1,1567
MAST4,1,1567
PTPRN2,1,1567
GORAB,1,1568
PRICKLE3,1,1568
PTPN1,1,1568
CLPTM1,1,1569
TADA2A,1,1569
AC010642.2,1,1570
TMEM161B,1,1570
TUSC2,1,1570
AC025917.1,1,1571
AC067852.2,1,1571
CDC42SE2,1,1571
SLC22A4,1,1571
AGAP6,1,1572
AL162377.3,1,1572
ANXA4,1,1572
H2AFB3,1,1572
METTL15,1,1572
GIN1,1,1573
IL18BP,1,1573
TNNI2,1,1574
AC022201.2,1,1575
MAGED1,1,1575
MIR762HG,1,1575
WDR70,1,1575
C15orf65,1,1576
C7,1,1576
UBA3,1,1576
CRIM1,1,1577
MED7,1,1577
SPAG16,1,1577
ACSS1,1,1578
PANX2,1,1578
AL117336.3,1,1579
VAMP4,1,1579
DIS3,1,1580
GNL2,1,1580
TANC1,1,1580
ABO,1,1581
LINC01137,1,1581
PAH,1,1581
CEP57,1,1582
CFAP20,1,1583
DZIP3,1,1583
LIPE,1,1583
IL5,1,1584
MTMR14,1,1584
WDR19,1,1584
AL391807.1,1,1585
MOB3B,1,1585
SGF29,1,1585
AC008269.1,1,1586
KIAA1191,1,1586
LINC002481,1,1586
TMEM184C,1,1587
CTSV,1,1588
KLHL7,1,1588
ZC3H15,1,1588
ANO7,1,1589
KCTD10,1,1589
ZNF714,1,1589
EXD2,1,1590
HADHB,1,1590
AC123595.2,1,1591
AMZ1,1,1591
JAG1,1,1591
LINC00324,1,1591
TTYH2,1,1591
TUT7,1,1591
ZNF24,1,1591
PIF1,1,1593
VIL1,1,1593
REEP5,1,1594
TRAPPC1,1,1595
ENPP4,1,1596
EVI5,1,1596
PCDHGA4,1,1596
SNRNP70,1,1596
YTHDF1,1,1596
LIPE-AS1,1,1597
PRR25,1,1597
RAB11B,1,1597
TNS4,1,1597
AC211476.2,1,1598
HSPB11,1,1598
LSS,1,1598
MAPK10,1,1598
WASF3,1,1598
ZNF649-AS1,1,1598
UPK3A,1,1599
FLI1,1,1601
POMC,1,1601
AC245297.3,1,1602
C8orf34,1,1602
CLASP1,1,1602
PDZD3,1,1602
SETD7,1,1602
CBWD2,1,1603
CELSR2,1,1603
LRRC4C,1,1603
STMN3,1,1603
ABHD17B,1,1604
AC009312.1,1,1604
FOXJ2,1,1604
UBE2G2,1,1604
AAK1,1,1605
AC008443.6,1,1605
BTF3L4,1,1605
CXCL14,1,1605
KMT5A,1,1605
HIST2H2AA3,1,1606
ITIH1,1,1606
PSMB1,1,1606
AC008764.8,1,1607
A1BG,1,1608
LINC02067,1,1608
LRRC28,1,1609
MINOS1,1,1609
HORMAD1,1,1611
EHD4,1,1612
GAS2L1,1,1612
THSD8,1,1612
AC012555.1,1,1613
FAM167A,1,1613
Z68871.1,1,1613
CROCC,1,1614
FRY,1,1614
HSBP1,1,1614
AL136531.2,1,1615
ARHGAP8,1,1615
PEX26,1,1615
TYK2,1,1615
AC015813.3,1,1616
AL133370.1,1,1616
AP000919.4,1,1616
CUL5,1,1617
HERC5,1,1617
AC011477.3,1,1618
NME3,1,1618
ORAI1,1,1618
TNFAIP8L2,1,1618
AC004471.1,1,1619
MOSPD1,1,1619
YWHAE,1,1619
ASH1L-AS1,1,1620
BIRC5,1,1620
BRK1,1,1620
EIF3H,1,1620
AL137796.1,1,1621
RFWD3,1,1621
HAX1,1,1622
VIPR1,1,1622
AL445524.1,1,1623
CARD11,1,1623
ZFAND6,1,1623
CDYL2,1,1624
IQCH-AS1,1,1624
RNF114,1,1624
SMPD3,1,1624
GNAS-AS1,1,1625
PARP2,1,1625
SEC62,1,1625
LPGAT1,1,1626
ZNF106,1,1626
CCAR1,1,1627
CD3EAP,1,1627
HPS6,1,1629
RNGTT,1,1629
ADORA2A,1,1630
CRYBA1,1,1630
MICB,1,1630
SEPT9,1,1630
SNU13,1,1630
TOP3A,1,1630
FAM43A,1,1631
LIN7B,1,1631
NCOA7,1,1631
RAD52,1,1631
AC006441.1,1,1632
CENPM,1,1632
FAM131A,1,1632
NXF3,1,1632
PHACTR4,1,1632
AP000880.1,1,1633
DR1,1,1633
GALNT3,1,1633
SNED1,1,1633
DNAJC9-AS1,1,1634
ATP5MF,1,1635
ATP7B,1,1635
ADHFE1,1,1637
RAB1A,1,1637
PHTF2,1,1638
CEP85L,1,1639
HIST1H2BK,1,1639
SMAD2,1,1640
AC136475.9,1,1641
FAM49A,1,1641
LAMP3,1,1641
ANKRD20A2,1,1642
BMT2,1,1642
CRACR2B,1,1642
MALSU1,1,1642
SYPL1,1,1642
CFAP44,1,1643
MTMR8,1,1643
TCAF2,1,1643
ZNF530,1,1643
IAH1,1,1644
CCDC102B,1,1645
KLF5,1,1645
PTK2B,1,1645
TTYH1,1,1645
C2orf69,1,1646
SPATA4,1,1646
DCP1A,1,1647
CREBRF,1,1648
IQCE,1,1648
LINC00623,1,1648
MZF1,1,1648
SELP,1,1648
VSIG10L,1,1648
ZNF547,1,1648
PDIK1L,1,1649
SPTAN1,1,1650
IFIT5,1,1651
SMAGP,1,1651
AC009570.1,1,1652
KDELR1,1,1652
KMT2E-AS1,1,1652
ZNF484,1,1652
EFCAB14,1,1653
NRDE2,1,1653
LINC00315,1,1654
NDRG2,1,1654
PPP2R5B,1,1654
SDHA,1,1654
YPEL4,1,1654
EMC4,1,1655
KIF20B,1,1655
TMSB15B,1,1655
GRAP,1,1656
LAMTOR3,1,1656
PRPH,1,1656
UBE2F,1,1656
U2SURP,1,1657
Z98885.2,1,1657
SELENOF,1,1658
ZMYM3,1,1658
ABCC5,1,1659
GTF3C6,1,1660
LMBR1L,1,1660
NPRL3,1,1660
BOLA1,1,1661
IGF1R,1,1661
ZNF248,1,1661
CAMTA1,1,1662
CTAGE4,1,1662
FKBP15,1,1662
LNPEP,1,1662
RNF135,1,1662
CAP2,1,1663
MSRA,1,1663
SLC25A42,1,1663
AC010680.4,1,1664
AC093157.1,1,1664
B3GNTL1,1,1664
CCL15,1,1664
FBXL3,1,1664
KLF9,1,1664
RNH1,1,1665
SEC22A,1,1665
SMYD3,1,1665
PLEKHA4,1,1666
TMEM62,1,1666
WBP2NL,1,1666
AC025423.1,1,1667
RETREG3,1,1667
PEBP1,1,1668
RAP1GAP2,1,1668
PITPNA-AS1,1,1669
SNAI3,1,1669
TPPP3,1,1669
HMHB1,1,1670
INHBA-AS1,1,1670
LCORL,1,1671
PLAGL1,1,1671
SYNGR4,1,1671
TXNDC15,1,1671
ZNF480,1,1671
AC128687.2,1,1672
CLCN1,1,1672
KLHDC10,1,1672
RIC8B,1,1672
SRR,1,1672
C9orf84,1,1673
F8A3,1,1673
IFT43,1,1673
RTP4,1,1673
AC010531.3,1,1674
RABGGTA,1,1674
ALDH7A1,1,1675
GDF6,1,1675
LDLRAD2,1,1675
MTMR7,1,1675
AC004801.6,1,1676
AC135050.3,1,1676
PGBD1,1,1676
SURF6,1,1676
LINC02001,1,1677
UTRN,1,1677
BCDIN3D,1,1678
EGFL7,1,1678
RRBP1,1,1678
ZNF440,1,1678
POLI,1,1679
UQCRFS1,1,1679
ZPBP2,1,1680
ATP6V0D1,1,1681
NAGLU,1,1681
CACNB1,1,1682
GSKIP,1,1682
RNASET2,1,1683
DGAT1,1,1684
NPHP3,1,1684
MAPKAPK5,1,1685
NOL11,1,1685
NR1I2,1,1685
GAS8,1,1686
MIER1,1,1686
PRSS16,1,1686
AC040169.1,1,1687
AJM1,1,1687
FAM13A,1,1687
SDF4,1,1687
AL513190.1,1,1688
CALU,1,1688
NRROS,1,1688
AC034229.4,1,1689
RRP15,1,1689
LINC02210-CRHR1,1,1690
VWA8,1,1690
LATS2,1,1691
TMEM99,1,1691
UBQLN2,1,1691
DDRGK1,1,1692
SAMD9,1,1692
SLCO2A1,1,1692
ADCK2,1,1693
PCED1A,1,1693
ZSWIM9,1,1693
AC011447.3,1,1694
AC073878.1,1,1694
CIZ1,1,1694
FBXL17,1,1694
HSPG2,1,1694
RPP40,1,1694
STRADA,1,1694
ZNF628,1,1694
CHCHD6,1,1695
UTS2,1,1695
AC079949.1,1,1696
NAP1L4,1,1696
FP671120.3,1,1697
JARID2,1,1697
KLB,1,1697
SFXN2,1,1697
AC069307.1,1,1698
FOXK1,1,1698
LINC02100,1,1698
C11orf1,1,1699
LINC00957,1,1699
PAQR8,1,1699
SELENOH,1,1699
AC109587.1,1,1700
AL603839.1,1,1700
GINS1,1,1700
PLEKHA1,1,1700
SUCO,1,1700
ZMYND19,1,1700
DEXI,1,1701
LINC01806,1,1701
CCDC81,1,1702
GPR132,1,1702
MUT,1,1702
RGS3,1,1702
IFFO2,1,1703
THAP10,1,1704
B4GALT7,1,1705
CNKSR3,1,1705
SLC25A13,1,1705
FBXO5,1,1706
ITGB4,1,1706
SKAP2,1,1706
GCNA,1,1707
MINK1,1,1707
MPZ,1,1707
OSBPL5,1,1707
OTUD3,1,1707
RELT,1,1707
A1BG-AS1,1,1709
LRRC8C,1,1709
SNX25,1,1709
WAS,1,1709
AL139384.2,1,1710
DUT,1,1710
METAP2,1,1710
CKS1B,1,1711
LINC02019,1,1711
OSBPL9,1,1712
SIGLEC10,1,1712
CNBD2,1,1713
DSCC1,1,1713
LINC02259,1,1713
RAB40B,1,1713
RRS1,1,1713
ATXN7L2,1,1714
CSRNP2,1,1714
GLMP,1,1714
AC145212.1,1,1715
GNB3,1,1715
SUN1,1,1715
TRAK2,1,1715
TRBV12-1,1,1715
ASAP2,1,1716
GREB1L,1,1716
SKA2,1,1716
TTLL13P,1,1716
AC005332.1,1,1717
FAM189B,1,1717
NHP2,1,1717
DEPDC1B,1,1718
GGT1,1,1718
AC027237.2,1,1719
ERICH3,1,1719
MIR193BHG,1,1719
NAA50,1,1719
ADGRG5,1,1720
CDK9,1,1720
MIR9-3HG,1,1720
SERAC1,1,1720
PLEKHA5,1,1721
RNF24,1,1721
TRIM24,1,1721
AC010618.3,1,1722
HERC4,1,1722
KRTAP5-1,1,1722
ZBED6,1,1722
CCNB2,1,1723
TENT4B,1,1723
ABCA3,1,1724
AC097641.2,1,1724
CASP8AP2,1,1724
SLC24A1,1,1724
CYTH1,1,1725
HMGCR,1,1725
KIF27,1,1725
BEND6,1,1726
ITPR2,1,1726
STARD10,1,1726
CARNMT1,1,1727
ZNF155,1,1727
AL008729.1,1,1728
PSEN2,1,1728
SCO2,1,1728
YEATS2,1,1729
AC005332.5,1,1730
AP003392.3,1,1730
FAM114A2,1,1730
LRRC8A,1,1730
STAP2,1,1730
CELA1,1,1731
MEF2A,1,1731
NISCH,1,1731
ZNF16,1,1731
CTPS1,1,1732
EYA3,1,1732
MRPS33,1,1733
MYLK,1,1733
AP006621.1,1,1734
FBXO41,1,1734
ITGAE,1,1734
RANBP1,1,1734
BET1,1,1735
SLC16A5,1,1735
L2HGDH,1,1736
SLC30A5,1,1736
FERMT3,1,1737
KLF16,1,1737
SPINK13,1,1737
RABAC1,1,1738
TYW5,1,1738
DDTL,1,1739
PLEKHF2,1,1739
AMPH,1,1740
CIITA,1,1740
LYPLA1,1,1740
HNRNPUL2,1,1741
NSA2,1,1741
AC114947.2,1,1742
ATPAF2,1,1742
TSPAN3,1,1742
UEVLD,1,1742
AC079035.1,1,1743
BSPRY,1,1743
OTULIN,1,1743
SRP9,1,1743
LINC00909,1,1744
SLC2A4RG,1,1744
AC140725.1,1,1745
FIBP,1,1745
AL138895.1,1,1746
CDCA4,1,1747
DNAJC27-AS1,1,1747
MN1,1,1747
AC097652.1,1,1748
MRPL51,1,1748
OSBPL11,1,1748
GID4,1,1749
MT-CO3,1,1749
PDE4DIP,1,1749
RNF14,1,1749
RPP30,1,1749
SCAMP5,1,1749
AC004948.1,1,1750
PSMB7,1,1750
ABCC10,1,1751
C6orf203,1,1751
CHIT1,1,1751
ENDOD1,1,1751
KIAA0355,1,1751
MEIOB,1,1751
CARD6,1,1752
LPCAT4,1,1752
SLC46A2,1,1752
TMEM150C,1,1752
TTC39A,1,1752
C5orf15,1,1753
ERMP1,1,1753
NUFIP2,1,1753
AC004906.1,1,1754
AC021660.2,1,1754
ERICH6B,1,1754
GOLIM4,1,1754
LRRC8C-DT,1,1754
LTBP4,1,1754
NTAN1,1,1754
STAM,1,1754
AC018797.2,1,1755
CCNQ,1,1755
LPIN1,1,1755
PITPNC1,1,1755
RELL2,1,1755
GNGT2,1,1756
GRK7,1,1756
ABCA1,1,1757
C1QL4,1,1757
AC010536.3,1,1758
ALG8,1,1758
EEF1AKMT3,1,1758
UAP1L1,1,1758
TRMT61A,1,1759
ZNF629,1,1759
MIR181A1HG,1,1760
ZDHHC4,1,1760
AC080112.1,1,1761
ADAM21,1,1761
C19orf54,1,1761
MRPL50,1,1761
AL117335.1,1,1762
PRPF18,1,1762
CEP290,1,1763
ECHDC2,1,1763
SLC12A8,1,1763
ANKEF1,1,1764
CD47,1,1764
DNAAF2,1,1764
ZNF48,1,1764
CERNA1,1,1765
LINC00662,1,1765
RASA3,1,1765
SLC28A2,1,1765
THAP6,1,1765
DVL1,1,1766
FAM208A,1,1766
HOXB-AS1,1,1766
TEDC2,1,1766
AC011337.1,1,1767
RPP38,1,1767
SNRNP48,1,1767
TMEM217,1,1767
AC016065.1,1,1768
SMAD4,1,1768
CAMK2D,1,1769
KRBA2,1,1769
TTBK2,1,1769
HIPK2,1,1770
KLHL29,1,1770
NRIP1,1,1770
SIRT6,1,1771
BTBD2,1,1772
DCTN3,1,1772
UBE2Q1-AS1,1,1772
C11orf21,1,1773
CASTOR3,1,1773
SELENOO,1,1773
ZCCHC24,1,1773
AC012368.1,1,1774
CPOX,1,1774
LCLAT1,1,1774
MVB12B,1,1774
SMC6,1,1774
TMED4,1,1775
ZW10,1,1775
AL078581.1,1,1776
AL731563.2,1,1776
ARHGAP25,1,1776
MSRB1,1,1776
PSME4,1,1776
PXYLP1,1,1776
EIF3J-DT,1,1777
PRDM13,1,1777
AL135925.1,1,1778
LINC02125,1,1778
DUSP18,1,1779
EIF1AD,1,1779
GSTCD,1,1779
LINC01358,1,1779
ABCF3,1,1780
MRPS5,1,1780
PTGES3L,1,1780
ZDHHC23,1,1780
AL139161.1,1,1781
LEO1,1,1781
LINC02033,1,1781
SCOC,1,1781
EPN2-AS1,1,1782
RECK,1,1782
ZNF816-ZNF321P,1,1782
AC096642.1,1,1783
HIST1H3I,1,1784
USP28,1,1784
WBP4,1,1784
ATRN,1,1785
B3GNT2,1,1785
CENPJ,1,1785
FBRSL1,1,1786
MYO15B,1,1786
CNTLN,1,1787
EPHA4,1,1787
MTG1,1,1787
FCF1,1,1788
SLC35C1,1,1788
UBR7,1,1788
FOXN2,1,1789
FUT10,1,1789
KLHL26,1,1789
PHLPP1,1,1789
SLC22A14,1,1789
AP001157.1,1,1790
C19orf53,1,1790
CTR9,1,1790
LRRC29,1,1790
ODF2L,1,1790
ZSCAN30,1,1790
ADCK1,1,1791
UBE2Z,1,1791
AC079447.1,1,1792
AC098483.1,1,1792
AC116366.3,1,1792
CCDC103,1,1792
ZNF77,1,1792
BNIP3,1,1793
RTN1,1,1793
GLIS2,1,1794
OR1L8,1,1794
THAP11,1,1794
ZNF747,1,1794
AL008635.1,1,1795
PRR5,1,1795
SORBS3,1,1795
PRPSAP1,1,1796
ZSCAN18,1,1796
AC099518.4,1,1797
AL078459.1,1,1797
CHURC1,1,1797
DDX31,1,1797
ISM2,1,1797
ARPC5L,1,1798
FPGT-TNNI3K,1,1799
RRAS2,1,1799
SPATA18,1,1799
TSPAN4,1,1799
AL390728.6,1,1800
EMILIN2,1,1800
GMFB,1,1800
ADAM22,1,1801
AL359258.2,1,1801
YIPF1,1,1801
ABCG1,1,1802
EXOC8,1,1802
LRRC57,1,1802
MECOM,1,1802
TMEM68,1,1802
DDX42,1,1803
MTFMT,1,1803
XIRP1,1,1803
AC116447.1,1,1804
AC135803.1,1,1804
CFAP99,1,1804
AC012236.1,1,1806
PPP6R3,1,1806
PVRIG,1,1806
TRAJ24,1,1806
ZNF235,1,1806
AP003392.4,1,1807
ENO2,1,1807
TNFRSF14-AS1,1,1807
ZNF33A,1,1807
DHRSX,1,1808
SF3B1,1,1808
CASTOR2,1,1809
FASTKD5,1,1809
RNF130,1,1809
ZNF81,1,1809
EMC6,1,1810
SLC2A13,1,1810
SLC39A3,1,1810
TALDO1,1,1810
AL451074.6,1,1811
GOLGA8M,1,1811
GTSF1L,1,1811
POMGNT1,1,1811
TIGD6,1,1811
UTP23,1,1811
ANKRD33B,1,1812
KLHL6,1,1812
LINC00665,1,1812
LINC01516,1,1812
SELENOW,1,1812
TRIM52,1,1812
AC078925.1,1,1813
AIM2,1,1813
IDH1,1,1813
PCBD1,1,1813
PPIP5K1,1,1814
SH3PXD2A,1,1814
TPK1,1,1814
UQCRQ,1,1814
EDEM1,1,1815
JMJD7-PLA2G4B,1,1815
MIR4300HG,1,1815
BRI3BP,1,1816
CEP68,1,1816
MLH3,1,1816
MTM1,1,1816
SNRPN,1,1816
SUN2,1,1816
TTC26,1,1816
AL390037.1,1,1817
FAM210A,1,1817
MAPK6,1,1817
SUSD3,1,1817
TMEM97,1,1817
AC055764.1,1,1818
IQGAP2,1,1818
MTRF1L,1,1818
SRSF6,1,1818
SLC25A24,1,1819
LINC01719,1,1820
ABCG8,1,1821
NRN1,1,1821
PXMP4,1,1821
RER1,1,1821
ARHGAP27,1,1822
CDH17,1,1822
MOB4,1,1822
MRTO4,1,1822
PRKAR1B,1,1822
RMI1,1,1822
LMO1,1,1823
NT5DC3,1,1824
WIZ,1,1824
LBHD1,1,1825
ROGDI,1,1825
SLCO1A2,1,1825
ZNF101,1,1825
RNF19B,1,1826
THRA,1,1826
DERL2,1,1827
C21orf58,1,1828
PIAS2,1,1828
TRBV7-1,1,1828
UNG,1,1828
MOAP1,1,1829
NLN,1,1829
RBCK1,1,1829
PXN,1,1830
TMEM191C,1,1830
HS3ST3B1,1,1831
KNTC1,1,1831
LRRIQ3,1,1831
SIRT7,1,1831
AC009831.1,1,1832
ARHGAP11B,1,1832
MMACHC,1,1832
MYO1G,1,1832
AC007681.1,1,1833
BRD1,1,1833
RABGGTB,1,1833
CBX7,1,1834
TTC17,1,1834
ZNF32-AS2,1,1834
TRAJ41,1,1835
VMAC,1,1835
YAE1D1,1,1835
INSIG2,1,1837
PLPPR2,1,1837
WDR7,1,1837
FAM13A-AS1,1,1838
RSPH14,1,1838
GSPT2,1,1839
ZNF138,1,1839
AC107959.4,1,1840
CAPN15,1,1840
ERMAP,1,1840
NUTM2B,1,1840
USP20,1,1840
ZNF10,1,1840
HIST2H2BF,1,1841
ITSN2,1,1841
PPOX,1,1841
TMEM173,1,1841
AC020900.1,1,1842
PTP4A2,1,1842
ZMYM1,1,1842
CLIC5,1,1843
KLK2,1,1843
NLRC3,1,1843
TFEC,1,1843
ARID2,1,1844
EMC8,1,1844
PDCD2,1,1844
TRIM62,1,1844
ACVR1,1,1845
C3orf14,1,1845
HHIPL2,1,1845
RNF139,1,1845
NUDT4,1,1846
PKN2,1,1846
PRKG1,1,1846
MINCR,1,1847
RABEPK,1,1847
DCUN1D4,1,1848
FAM72A,1,1848
SNHG10,1,1848
TRIM8,1,1848
ZNF785,1,1848
COL5A1,1,1849
OGFRP1,1,1849
UBR5-AS1,1,1849
CDK2,1,1850
DIABLO-1,1,1850
PLD2,1,1850
TRIM7,1,1850
ARIH2OS,1,1851
CSK,1,1851
CYP51A1,1,1851
IRF2BPL,1,1851
RARA-AS1,1,1851
AC109449.1,1,1852
GPR137,1,1852
C16orf72,1,1853
IL17RD,1,1853
TCTEX1D4,1,1853
ZNF784,1,1853
WDR74,1,1855
WRN,1,1855
FAM111A-DT,1,1856
NDUFAF7,1,1856
IFT57,1,1857
INO80B-WBP1,1,1857
MBD5,1,1857
TECR,1,1857
HACE1,1,1858
NBPF1,1,1858
SLC25A28,1,1858
C1R,1,1859
TSC22D2,1,1859
CSNK1G3,1,1860
EME1,1,1860
HLA-DQB2,1,1860
MTHFSD,1,1860
RNF207,1,1860
AC145207.3,1,1861
FP671120.4,1,1861
STS,1,1861
TAOK3,1,1861
AC003005.2,1,1862
AC006504.5,1,1862
ALOX15,1,1862
CCT6B,1,1862
NBDY,1,1862
AL136961.1,1,1863
FNBP1,1,1863
TMEM70,1,1863
POLR3GL,1,1864
REXO4,1,1864
MPHOSPH10,1,1865
PAQR6,1,1865
TMEM202-AS1,1,1865
ACTR1B,1,1866
C6orf52,1,1866
LINC00921,1,1866
OPA3,1,1866
MDFIC,1,1867
OGFRL1,1,1867
SEC11A,1,1867
EEA1,1,1868
PHF8,1,1868
TMEM156,1,1868
NDUFS8,1,1869
CINP,1,1870
DHCR7,1,1870
ZNF473,1,1870
ZNF550,1,1870
AP003108.2,1,1871
FHL1,1,1871
PRC1,1,1871
USF1,1,1871
QRSL1,1,1872
TIMM8A,1,1872
TRIM68,1,1872
CHSY1,1,1873
HDAC8,1,1873
MTIF3,1,1873
R3HCC1L,1,1873
AC009060.1,1,1874
AC009113.1,1,1874
RNF20,1,1874
RPE,1,1874
TCTN3,1,1874
TRAPPC3L,1,1874
IFITM5,1,1875
TRIM41,1,1875
ZNF559,1,1875
AL451165.2,1,1876
CDK5RAP2,1,1876
AZIN2,1,1877
ETV5,1,1877
LINC01250,1,1877
LUZP1,1,1877
TOLLIP-AS1,1,1877
AC004865.2,1,1878
CPXM1,1,1878
FAM122C,1,1878
KCNG3,1,1878
AC137767.1,1,1879
ANO9,1,1880
LZTR1,1,1880
SETD1B,1,1880
TRAPPC12-AS1,1,1880
DDX39A,1,1881
ANKRA2,1,1882
ATIC,1,1882
MAP10,1,1882
TRIM27,1,1882
CENPV,1,1883
GBP6,1,1883
GOLGA1,1,1883
UBE2G1,1,1883
NAA16,1,1884
ZMYND8,1,1884
ZNF182,1,1884
AC004834.1,1,1885
ANKRD44,1,1885
CEACAM3,1,1885
KCTD21,1,1885
NPHP4,1,1885
NPRL2,1,1886
KIF26B,1,1887
PTCD2,1,1887
SMPD2,1,1887
TNRC6C,1,1887
ARRB1,1,1888
DVL2,1,1888
NSMCE1,1,1888
RSPH1,1,1888
CMTM7,1,1889
NEMP1,1,1889
SDR39U1,1,1889
AC012073.1,1,1890
GIMAP2,1,1890
PAK4,1,1890
PSMA4,1,1890
SPATA2L,1,1890
METTL6,1,1891
MZT2A,1,1891
NF1,1,1891
NUP50,1,1891
RHPN1,1,1891
TMED8,1,1891
AC015849.2,1,1892
ENY2,1,1892
GNAI2,1,1892
AC079766.1,1,1893
CCRL2,1,1893
GPR180,1,1893
HELB,1,1893
IL15,1,1893
PLEKHG7,1,1893
POLE,1,1893
TM9SF2,1,1893
BTN3A2,1,1894
GOLGA8N,1,1894
SPATC1L,1,1894
DDX49,1,1895
AC090186.1,1,1896
AL592164.1,1,1896
ECI1,1,1896
LRRC27,1,1896
PRR33,1,1896
TRAJ11,1,1896
C4B,1,1897
MOGS,1,1897
SLC25A53,1,1897
ZPR1,1,1897
ARF3,1,1898
IGKV1D-37,1,1898
MTFR2,1,1898
SERPING1,1,1898
AC012184.1,1,1899
EIF2B3,1,1899
LINC02389,1,1899
MYLPF,1,1899
PTCH2,1,1899
Z83851.1,1,1899
FUT11,1,1900
JADE1,1,1900
PSMD6-AS2,1,1900
SF3B4,1,1900
VWA5A,1,1900
CRYBG3,1,1901
HARBI1,1,1901
PTRH1,1,1901
SEC11C,1,1901
SH2D3C,1,1902
UROS,1,1902
AKAP9,1,1903
BCR,1,1903
OSBPL7,1,1903
SEMA6B,1,1903
AC084018.2,1,1904
C17orf53,1,1904
MRNIP,1,1904
NDUFA13,1,1904
XKR8,1,1904
ASB16,1,1905
MTUS2-AS1,1,1905
RHEBL1,1,1905
SLFN11,1,1905
ADD3,1,1906
VAV3,1,1906
CMPK2,1,1907
FAM50B,1,1907
LINC02207,1,1907
RAF1,1,1907
ZBTB6,1,1907
ANKH,1,1908
CARD17,1,1908
CLIC4,1,1908
MAP3K6,1,1908
VIPR1-AS1,1,1908
ANXA9,1,1909
MYDGF,1,1909
NOCT,1,1909
STRIP2,1,1909
ZNF805,1,1909
KLF12,1,1910
R3HDM2,1,1910
SYNJ1,1,1910
MAPK8IP3,1,1911
PAG1,1,1911
POLDIP2,1,1911
ADAT2,1,1912
ZNF513,1,1912
AHR,1,1913
FNIP1,1,1913
TMEM126B,1,1913
AC093390.2,1,1914
FP565260.6,1,1914
IRGQ,1,1914
NELFA,1,1914
AC135050.1,1,1915
TRIAP1,1,1915
MYBPH,1,1916
ZNF232,1,1916
ZNF529,1,1916
AC011939.3,1,1917
ASB12,1,1917
SLC4A8,1,1917
AC108673.2,1,1918
PEX7,1,1918
CHST10,1,1919
HPS1,1,1919
RASGRP2,1,1919
NDUFAF5,1,1920
ZNF22,1,1920
ASAH1,1,1921
IVL,1,1921
PSMA3-AS1,1,1921
TIPARP-AS1,1,1921
VNN2,1,1921
XXYLT1,1,1921
ZNF549,1,1921
AP004609.3,1,1922
MED13,1,1922
ORMDL3,1,1922
PRDM11,1,1922
SIPA1L1,1,1922
MCM8,1,1923
REC114,1,1923
LIN54,1,1924
LSG1,1,1924
NDFIP1,1,1924
FAM85B,1,1925
NCK2,1,1925
ZNF808,1,1925
AKAP8L,1,1926
KIF1C,1,1927
PCDHGA1,1,1927
PKP2,1,1927
AC019069.1,1,1928
DTX2,1,1928
FLVCR1-DT,1,1928
AL365361.1,1,1929
NUF2,1,1929
WDHD1,1,1929
NCAPD3,1,1930
RAD23B,1,1930
SASH3,1,1930
SNX3,1,1930
TSPAN32,1,1930
ABTB1,1,1931
AL158212.2,1,1931
HSD11B1L,1,1931
ZNF337-AS1,1,1931
DCUN1D3,1,1932
ZNF222,1,1932
ZNF888,1,1932
HTR2B,1,1933
JARID2-AS1,1,1933
RHBDD1,1,1933
SMLR1,1,1933
VIPAS39,1,1933
AGPAT4,1,1934
PARP16,1,1934
ZNF658,1,1934
GOLGA2,1,1935
URI1,1,1935
MAPRE2,1,1936
TMX1,1,1936
ANKRD42,1,1937
DLGAP3,1,1937
FNIP2,1,1937
LAS1L,1,1937
SETD1A,1,1937
AC026741.1,1,1938
AF117829.1,1,1938
CDK5R2,1,1938
PIH1D2,1,1938
SP4,1,1938
TVP23B,1,1938
ZNF225,1,1938
NABP2,1,1939
IGSF8,1,1940
SEH1L,1,1940
ADPGK,1,1941
CABLES1,1,1941
CEP44,1,1941
GRAMD1B,1,1941
PRDM15,1,1941
AC062017.1,1,1942
THRAP3,1,1942
TMEM143,1,1942
UGGT1,1,1942
ACTA2,1,1943
CHRM3,1,1943
EHD3,1,1943
SLC2A11,1,1943
YY1AP1,1,1943
ITPK1-AS1,1,1944
LINC02432,1,1944
PIAS4,1,1944
TNIP1,1,1944
PARD6B,1,1945
SETDB2,1,1946
TTYH3,1,1946
MFSD14A,1,1947
SOS1,1,1947
SYS1-DBNDD2,1,1947
AC010240.3,1,1948
GRB2,1,1948
MBIP,1,1948
PSD2,1,1948
RNF212B,1,1948
AC013472.3,1,1949
AC098484.2,1,1949
HYAL2,1,1949
PRPS2,1,1949
SLC44A2,1,1949
AL161452.1,1,1950
KIZ,1,1950
LPCAT1,1,1951
ZBP1,1,1951
AC008946.1,1,1952
CREG2,1,1952
FAM209B,1,1952
LRBA,1,1952
TEFM,1,1952
UST,1,1952
ZNF236-DT,1,1952
PSAT1,1,1953
PSIP1,1,1953
UBTD1,1,1953
WDR24,1,1953
ZNF777,1,1953
AC006213.1,1,1954
AC138150.2,1,1954
COL1A2,1,1954
TAF7,1,1954
PRRC1,1,1955
AC015911.6,1,1956
BAIAP2L1,1,1956
CCNL2,1,1956
ZNF780A,1,1956
ZP1,1,1956
AC002467.1,1,1957
AL139353.1,1,1957
C22orf46,1,1957
DICER1-AS1,1,1957
ANKRD50,1,1958
BICRA,1,1958
ITPR3,1,1958
KIF17,1,1958
LDLR,1,1958
ZNF654,1,1958
AC016876.1,1,1959
AC092171.4,1,1959
AC093788.1,1,1959
INPP5E,1,1959
AL049869.3,1,1960
DDX60L,1,1960
NAIF1,1,1960
PLEKHN1,1,1960
TMCO4,1,1960
AL117339.5,1,1961
BCL2L14,1,1961
C7orf31,1,1961
CAMLG,1,1961
CCNE2,1,1961
CD81,1,1961
CLEC12A-AS1,1,1961
FAM86C1,1,1961
KCNA5,1,1961
PHGDH,1,1961
SOCS4,1,1961
CYB5A,1,1962
DNAJC18,1,1962
ERAP2,1,1962
FPGT,1,1962
HDAC4,1,1962
WASHC1,1,1962
AC124014.1,1,1963
MYCL,1,1963
PPP1R21,1,1963
SLC51A,1,1963
TWSG1,1,1963
APBA1,1,1964
CCDC175,1,1964
HCFC1-AS1,1,1964
OR7D2,1,1964
PAOX,1,1964
IFT80,1,1965
WDR35,1,1965
LHX1,1,1966
MBOAT1,1,1966
MYCBP,1,1966
AP001033.1,1,1967
FEN1,1,1967
STARD5,1,1967
ZMYND15,1,1967
ZNF749,1,1967
ZNF761,1,1967
AC091132.1,1,1968
CAPN12,1,1968
NEDD4,1,1968
YBEY,1,1968
ZNF23,1,1968
AC007032.1,1,1969
NOS3,1,1969
RP9,1,1969
DNMBP,1,1970
FAM220A,1,1970
LINC01134,1,1970
MGAT5,1,1970
USP31,1,1970
AC090651.1,1,1971
BRIX1,1,1971
C3orf62,1,1971
PAPLN,1,1971
TNFRSF1A,1,1971
SLX1A,1,1972
AC073869.3,1,1973
AC092118.1,1,1973
CXorf40A,1,1973
FAM189A2,1,1973
TACO1,1,1973
VSTM1,1,1973
KRBA1,1,1974
MANEA,1,1974
TIPIN,1,1974
ZNF444,1,1974
FLVCR2,1,1975
IARS2,1,1975
PISD,1,1975
PLD5,1,1975
ZNF333,1,1975
MTRF1,1,1976
UBE2W,1,1976
ZNF350,1,1976
AC093525.1,1,1977
AC139530.1,1,1977
ARHGAP45,1,1977
PCNX2,1,1977
STOM,1,1977
AC112722.1,1,1978
AL132639.2,1,1978
ALKBH2,1,1978
HNRNPF,1,1978
LINC01260,1,1978
TERF2,1,1979
DDI2,1,1980
FAM120A,1,1980
H6PD,1,1980
MAFG-DT,1,1980
METTL17,1,1981
RFC3,1,1981
SLC9A9-AS2,1,1981
CD1D,1,1982
STARD3,1,1982
AL731557.1,1,1983
FIG4,1,1983
KCNE3,1,1983
PGS1,1,1983
PTGER3,1,1983
VPS13D,1,1983
AC026367.3,1,1984
AL592295.4,1,1984
EPB41L5,1,1984
RASSF7,1,1984
RSPH9,1,1984
SLC16A1-AS1,1,1984
AL451069.3,1,1985
SERINC5,1,1985
SLC35A4,1,1985
HSF2,1,1986
ISCA1,1,1986
NQO2,1,1986
TMEM121,1,1986
AC139099.3,1,1987
F12,1,1987
HERC3,1,1987
JKAMP,1,1987
LINC01597,1,1987
FOCAD,1,1988
LINC01711,1,1988
PTPN2,1,1988
TRIM22,1,1988
ATOX1,1,1989
EID3,1,1989
ZMYM6,1,1989
EIF3L,1,1990
LINC01094,1,1990
SAV1,1,1990
TACR2,1,1990
ZBTB25,1,1990
ZNF687,1,1990
AL021453.1,1,1992
CASP8,1,1992
CDCA7,1,1992
PCBP4,1,1992
RTN4IP1,1,1992
SNAPC1,1,1992
PTPN11,1,1993
SMAD7,1,1993
TTC28,1,1993
ZNF519,1,1993
C10orf88,1,1994
ITPR1,1,1994
ABHD14A-ACY1,1,1995
IRAK2,1,1995
JMJD4,1,1995
KLC2,1,1995
RHEB,1,1995
AL157786.1,1,1996
CCDC122,1,1996
ZDHHC14,1,1996
AC026979.1,1,1997
MAGT1,1,1997
RGS10,1,1998
AC087392.5,1,1999
ACTR2,1,1999
FGD3,1,1999
TARSL2,1,1999
AP005019.1,1,2000
FKBPL,1,2000
KAT14,1,2000
