"p_val","avg_log2FC","pct.1","pct.2","p_val_adj","cluster","gene"
0,2.60946779768943,0.839,0.228,0,"4","DUSP4"
0,2.5452703610317,0.724,0.176,0,"4","TNFRSF9"
0,3.02857919805588,0.575,0.082,0,"4","SNX9"
0,1.68065144073474,0.749,0.266,0,"4","PDCD1"
0,1.18720602090869,0.883,0.463,0,"4","RGCC"
0,1.16549070908795,0.769,0.366,0,"4","SRRT"
0,2.16000441901908,0.508,0.116,0,"4","VCAM1"
0,3.50694063269873,0.425,0.036,0,"4","GEM"
0,1.52716209527594,0.675,0.288,0,"4","SLC7A5"
0,1.1862683032093,0.803,0.417,0,"4","RNF19A"
0,1.18253052989869,0.773,0.395,0,"4","SLA"
0,1.1771582737778,0.847,0.476,0,"4","NR3C1"
0,1.18067643741718,0.706,0.343,0,"4","TIGIT"
0,1.25601725671461,0.904,0.546,0,"4","ITM2A"
0,3.11451796021023,0.384,0.033,0,"4","LAYN"
0,1.96228972453056,0.427,0.081,0,"4","CTLA4"
0,1.36937920542446,0.525,0.183,0,"4","ICOS"
0,1.21630339790921,0.667,0.329,0,"4","LAG3"
0,1.03850791357901,0.825,0.5,0,"4","TNFRSF1B"
0,2.49403062189036,0.381,0.058,0,"4","AKAP5"
0,1.6304597683954,0.458,0.154,0,"4","LIMS1"
0,0.872121252127378,0.907,0.603,0,"4","COTL1"
0,1.78013840429261,0.382,0.102,0,"4","GFOD1"
0,1.54989611849862,0.401,0.124,0,"4","RHOB"
0,1.88319190172271,0.377,0.105,0,"4","PLEKHO1"
0,2.83921438824686,0.314,0.044,0,"4","NBL1"
0,0.702222798581684,0.993,0.723,0,"4","CREM"
0,1.52378599544986,0.405,0.139,0,"4","PHLDA1"
0,1.9725229492165,0.34,0.075,0,"4","ASB2"
0,1.8752882191859,0.341,0.078,0,"4","NAB1"
0,1.59801288229104,0.373,0.112,0,"4","GTF3C1"
0,1.98908501783139,0.337,0.089,0,"4","CD200R1"
0,1.96563252650208,0.291,0.076,0,"4","ID3"
5.0597296819171e-309,1.39358669763691,0.443,0.172,1.23720510182237e-304,"4","STX11"
1.48939014834091e-308,0.587595240589785,0.998,0.948,3.6418567907232e-304,"4","UBC"
3.02781419380393e-297,0.931261620136815,0.682,0.345,7.40361126668938e-293,"4","LYST"
2.46019265477232e-296,1.45111448233451,0.304,0.092,6.01566307944927e-292,"4","AD000671.2"
5.11787240037698e-292,1.03076922494514,0.496,0.205,1.25142215934018e-287,"4","PDE4D"
2.10902847671093e-291,0.92318662348261,0.818,0.515,5.15699643125357e-287,"4","CEMIP2"
4.87635526986489e-284,0.604381231929644,0.985,0.753,1.19236639058736e-279,"4","CD8A"
8.11014336993425e-283,1.83864598310222,0.202,0.047,1.98309225681632e-278,"4","LDLRAD4"
7.04831348766245e-277,1.59018687955651,0.236,0.063,1.72345361400322e-272,"4","TOX2"
2.65834342337104e-267,1.49705963235429,0.522,0.25,6.50018133882687e-263,"4","CRTAM"
7.90822744086697e-262,1.54191390172471,0.269,0.082,1.93371977384079e-257,"4","NFATC1"
8.58658955416199e-260,1.03469187371459,0.617,0.322,2.09959287778369e-255,"4","ZBTB1"
2.17137697096332e-259,1.00457402896755,0.532,0.243,5.30945096939951e-255,"4","TOX"
6.61321047521976e-257,1.40231695044893,0.222,0.059,1.61706222540073e-252,"4","HAVCR2"
3.55476037469072e-255,0.864707011721045,0.68,0.364,8.69210006819376e-251,"4","RGS2"
5.79234675429469e-254,1.60154363856717,0.232,0.064,1.41634462836014e-249,"4","SNAP47"
4.58607612795014e-253,1.02556558338506,0.399,0.153,1.12138733480637e-248,"4","AHI1"
5.75781270994552e-253,1.11062891707616,0.431,0.176,1.40790036383588e-248,"4","PCED1B"
7.46738452185835e-239,0.712341722937768,0.627,0.305,1.8259248632848e-234,"4","CD27"
1.10060294861066e-237,0.795473070016385,0.754,0.446,2.69119432994279e-233,"4","GSPT1"
2.70064993486392e-235,1.0722753877228,0.376,0.145,6.60362922072925e-231,"4","GPR137B"
1.20492754473643e-232,1.21852757129105,0.359,0.14,2.94628883238952e-228,"4","BCL2L11"
3.92640808909322e-231,1.06347382633278,0.44,0.192,9.60085305945075e-227,"4","GGA2"
1.27796729263055e-225,0.774110955578894,0.751,0.446,3.12488562394022e-221,"4","RBM38"
9.78821819368057e-223,0.965325960820971,0.676,0.4,2.39341511271877e-218,"4","HLA-DQA1"
1.88354582542874e-220,1.22905652759502,0.284,0.097,4.60564625233835e-216,"4","BANP"
4.78517039421705e-217,1.05643795832432,0.464,0.217,1.17006986479395e-212,"4","PFKFB3"
3.41833954243251e-216,1.02423717674175,0.594,0.327,8.35852384915599e-212,"4","CCND2"
4.28941104962928e-209,0.89537310966681,0.537,0.268,1.04884678985535e-204,"4","RELB"
1.55905225142859e-205,1.16269559503261,0.334,0.132,3.8121945651932e-201,"4","IGFLR1"
2.26239550337318e-204,0.703314039562887,0.74,0.442,5.53200948484809e-200,"4","DUSP5"
1.37049677628546e-200,1.11294361803568,0.512,0.267,3.35113871737319e-196,"4","HOPX"
1.04883057124688e-199,0.587420423920735,0.934,0.747,2.56460051281287e-195,"4","CD7"
2.35838093361556e-199,1.16997488083697,0.292,0.107,5.76671305887677e-195,"4","CD82"
7.07053493658686e-199,0.848565714665446,0.67,0.398,1.72888720269422e-194,"4","STAT3"
2.02645322207748e-197,1.22458039244569,0.288,0.107,4.95508341862385e-193,"4","PTPN11"
1.11177546570254e-196,1.14398260391406,0.352,0.148,2.71851336873585e-192,"4","TGIF1"
1.08459387748546e-191,1.15558094964232,0.321,0.128,2.65204894922744e-187,"4","ITGAE"
1.65892561461275e-191,1.4334350468961,0.238,0.081,4.0564049128511e-187,"4","MIR155HG"
5.40433926675615e-191,0.820848785618042,0.572,0.306,1.32146903750721e-186,"4","FABP5"
2.40808688729729e-189,0.868377790626046,0.431,0.196,5.88825405681935e-185,"4","HNRNPLL"
1.57517777094106e-188,1.16259010875915,0.322,0.13,3.85162468550509e-184,"4","PRDM1"
1.13332710211449e-187,1.03303342395648,0.405,0.184,2.77121143009035e-183,"4","PHPT1"
1.70186039944294e-187,0.838135866825034,0.543,0.285,4.16138904871788e-183,"4","ARID5A"
2.09988265804031e-184,0.751778962529568,0.594,0.324,5.13463307544017e-180,"4","CD6"
1.66537863103708e-180,0.979083688335994,0.49,0.252,4.07218382861187e-176,"4","PIM3"
1.28631132895682e-176,0.807806914352578,0.53,0.282,3.14528846156521e-172,"4","PPP1R16B"
3.14965185471281e-172,0.855709792935809,0.476,0.242,7.70152871514376e-168,"4","IL21R"
2.68583000786939e-171,0.97160730426246,0.313,0.13,6.56739153524223e-167,"4","MT1E"
1.4041654713408e-170,1.01680524384762,0.334,0.144,3.43346541052253e-166,"4","IRF4"
1.88070641496496e-169,0.663266544317718,0.798,0.555,4.59870332587231e-165,"4","ZFP36L1"
2.79181797119111e-166,0.74435609762994,0.67,0.41,6.82655330315651e-162,"4","NR4A3"
4.32567096428736e-166,0.874069586810197,0.418,0.2,1.05771306418755e-161,"4","RHBDD2"
1.62124074482337e-162,0.790394680920151,0.602,0.357,3.9642578692421e-158,"4","CDKN1B"
1.00889169791348e-161,0.961679902560428,0.392,0.187,2.46694197973804e-157,"4","RIC8A"
3.28644916288275e-161,0.375442395640692,0.999,0.942,8.0360254930809e-157,"4","SRGN"
1.93403037561833e-160,0.829058949382643,0.542,0.308,4.72909107446194e-156,"4","CXCR6"
2.81777811856308e-157,0.662113778897507,0.606,0.343,6.89003105551043e-153,"4","BCL3"
1.22463697071495e-156,0.852848709063684,0.568,0.332,2.9944823207922e-152,"4","BAX"
3.05826179765451e-156,0.588907998020194,0.747,0.487,7.47806174762481e-152,"4","ATP1B3"
3.48965251015613e-156,0.426393148661101,0.901,0.671,8.53289831783377e-152,"4","TUBA4A"
1.27247707095672e-155,1.06411160357934,0.264,0.105,3.11146093390338e-151,"4","SEC14L1"
2.24996336473402e-154,0.719104541893706,0.65,0.397,5.50161041944762e-150,"4","PPP1R2"
9.18359687357457e-154,0.90297286041487,0.383,0.183,2.24557310752645e-149,"4","PTMS"
1.33400762461879e-153,0.919170358167636,0.349,0.159,3.26191544371786e-149,"4","CHST11"
2.6154948141773e-152,0.486225028998439,0.819,0.538,6.39540791962633e-148,"4","CD8B"
2.84028537550286e-150,0.986748403059913,0.297,0.127,6.94506580017961e-146,"4","RALGDS"
2.12551220182972e-148,1.06311118953386,0.289,0.123,5.19730243591404e-144,"4","ITM2C"
3.25945027932016e-148,1.1515007919537,0.228,0.086,7.97000782299366e-144,"4","UTS2"
3.77623878167986e-148,0.851825238676828,0.393,0.19,9.2336590689636e-144,"4","ASXL2"
2.46776324842037e-147,1.17271499282007,0.227,0.086,6.0341746950375e-143,"4","PDP1"
2.52092793488284e-146,0.608014957529807,0.795,0.552,6.16417298637552e-142,"4","ADGRE5"
2.8256933172612e-146,0.881408327941042,0.358,0.168,6.90938529936708e-142,"4","METRNL"
2.84562716784192e-144,0.747744130613292,0.536,0.307,6.95812755080707e-140,"4","ANXA5"
5.68888549899368e-144,0.487932808486188,0.892,0.655,1.39104628221393e-139,"4","EZR"
1.07418116505892e-143,0.6785608516855,0.583,0.343,2.62658778480207e-139,"4","KPNA2"
2.34248865110257e-143,0.98923053321721,0.28,0.119,5.727853249676e-139,"4","RAB35"
1.46554422804969e-142,1.16782249346218,0.231,0.089,3.58354874642711e-138,"4","LGALS3"
5.89427153015815e-142,0.340064327683817,0.993,0.901,1.44126727455427e-137,"4","SARAF"
4.0423466415956e-141,0.644478613562985,0.674,0.431,9.88434600802956e-137,"4","ARID4B"
6.3033005710203e-141,0.51599579645695,0.879,0.655,1.54128305562588e-136,"4","LDHA"
4.73343933783037e-140,0.364322558264801,0.984,0.906,1.15742058688628e-135,"4","MT-ATP6"
1.12763222199829e-139,0.804915346518486,0.436,0.23,2.75728630923021e-135,"4","JOSD1"
2.25424094333502e-138,0.909461670242052,0.306,0.136,5.51206995464279e-134,"4","SFMBT2"
4.24358989785016e-138,0.709017286119226,0.546,0.317,1.03764260182232e-133,"4","NFATC2"
3.84791765471603e-137,0.873998073861362,0.39,0.198,9.40892824931164e-133,"4","YBX3"
1.32226622125261e-135,0.907930187458722,0.312,0.142,3.23320536420689e-131,"4","TMEM70"
1.84704838462852e-135,0.69598277241307,0.479,0.261,4.51640271009366e-131,"4","PLEKHA2"
2.57393690155388e-134,0.991956066180631,0.29,0.129,6.29379051167955e-130,"4","BATF"
2.74088553538331e-134,0.645729669883508,0.568,0.331,6.70201331111928e-130,"4","MAPRE2"
1.92323772843037e-133,0.917648624965179,0.529,0.322,4.70270089355794e-129,"4","XCL2"
9.43840290208128e-133,0.678776003956532,0.625,0.391,2.30787827761691e-128,"4","HLA-DRA"
5.20994266529974e-130,0.652884572946473,0.578,0.347,1.27393518051909e-125,"4","FKBP1A"
7.01323692831678e-130,0.508231664985375,0.773,0.534,1.71487669371202e-125,"4","ETS1"
4.60840761878916e-128,0.789913494657822,0.357,0.174,1.12684783094633e-123,"4","PHYKPL"
6.26255079981504e-127,0.62257973124609,0.594,0.359,1.53131892157077e-122,"4","PTP4A1"
1.20221584200315e-126,0.368466396405677,0.879,0.618,2.93965817686609e-122,"4","TNFAIP3"
4.00225712445177e-125,0.81728593566811,0.365,0.184,9.78631912070947e-121,"4","RILPL2"
6.87392437847342e-125,0.659926798794836,0.474,0.261,1.68081198902432e-120,"4","HLA-DMA"
1.70432269212997e-124,0.707940734681723,0.442,0.241,4.1674098467962e-120,"4","NFKB1"
3.52174948945836e-122,0.549956351994273,0.733,0.503,8.61138185162357e-118,"4","PARK7"
5.21592177048103e-121,0.824894475011634,0.297,0.138,1.27539719131802e-116,"4","TMPO"
5.72244954874911e-121,0.640679472418759,0.448,0.243,1.39925336366013e-116,"4","TRAT1"
2.94866169988235e-120,0.835616627645615,0.236,0.098,7.21006758855231e-116,"4","FKBP5"
1.24616683223004e-119,0.829893439361192,0.36,0.185,3.04712713816889e-115,"4","MAP2K3"
1.99597674170843e-119,0.759014233584504,0.356,0.18,4.88056232882546e-115,"4","GPR18"
2.05730795831359e-118,0.535248984169632,0.592,0.362,5.0305294196684e-114,"4","AC016831.7"
3.88367096960145e-118,0.865557983383681,0.25,0.108,9.49635225486948e-114,"4","GALM"
7.18280350401831e-118,0.6032523595364,0.523,0.305,1.75633911280256e-113,"4","SPTAN1"
2.73195569645099e-117,0.524963710222026,0.626,0.391,6.68017806896196e-113,"4","CNOT6L"
5.74155366927183e-117,0.693489468288792,0.452,0.253,1.40392470321035e-112,"4","PSMD13"
5.17601441596462e-116,0.494702043887515,0.762,0.521,1.26563904499167e-111,"4","UBE2B"
1.07055802961169e-115,0.588631890356359,0.515,0.299,2.6177284940065e-111,"4","CCT3"
2.64028419927835e-115,0.42524891827343,0.991,0.939,6.45602292407543e-111,"4","GAPDH"
7.4602162014315e-115,0.618191191478657,0.535,0.318,1.82417206557403e-110,"4","PPP2CA"
7.26124130061304e-114,0.29204644564845,0.995,0.971,1.7755187228259e-109,"4","MT-ND4L"
1.46116211446663e-113,0.585717185466563,0.506,0.293,3.5728336022938e-109,"4","USP11"
2.66923042029365e-113,0.530095195459404,0.72,0.503,6.52680222370204e-109,"4","MT2A"
8.56576476230701e-113,0.899855059009846,0.313,0.155,2.09450079967931e-108,"4","NINJ1"
2.19136080183374e-111,0.535075271875922,0.669,0.442,5.35831543264386e-107,"4","PRKCH"
2.08452664142869e-110,0.424648641083785,0.874,0.666,5.09708454362143e-106,"4","SFPQ"
3.26316077712979e-110,0.492527956855647,0.739,0.5,7.97908073223776e-106,"4","ARF6"
1.12146794386068e-109,0.617931436339497,0.498,0.294,2.74221341632814e-105,"4","BIRC3"
3.19707746189647e-109,0.515591362137868,0.602,0.374,7.81749380982926e-105,"4","SH3KBP1"
5.81738160779757e-109,0.619998537879379,0.46,0.261,1.42246615073866e-104,"4","PPM1G"
1.18195790698159e-108,0.820182947671913,0.255,0.115,2.89012347415137e-104,"4","BCL2"
1.25023967443605e-108,0.790324501740459,0.257,0.116,3.05708605193103e-104,"4","TRAF1"
4.03632625773695e-108,0.659549668840567,0.311,0.151,9.86962496541839e-104,"4","PAG1"
3.65341916978921e-107,0.910947805514456,0.27,0.128,8.93334055396858e-103,"4","FAS"
4.17757632702509e-107,0.866813577002694,0.233,0.102,1.02150096348418e-102,"4","PLSCR1"
6.75435592637744e-107,0.335813141459646,0.968,0.789,1.65157511111781e-102,"4","NR4A2"
5.36013342671095e-105,0.536977527552321,0.64,0.419,1.31065982549936e-100,"4","TAP1"
9.12294187680724e-105,0.567250944376176,0.804,0.609,2.23074174771691e-100,"4","SOD1"
1.42427547082641e-104,0.743294995985313,0.466,0.28,3.48263838126473e-100,"4","CHST12"
2.05344457830317e-104,0.468648782565563,0.649,0.414,5.02108268286692e-100,"4","CLEC2D"
2.43592187238956e-104,0.658822227906067,0.456,0.263,5.95631616236694e-100,"4","SYNGR2"
1.25717456911508e-103,0.763180596919753,0.26,0.121,3.0740432564002e-99,"4","RCAN3"
2.05287444198711e-103,0.77587316156805,0.29,0.142,5.01968858554688e-99,"4","OTULIN"
2.29793761002779e-103,0.509101235356287,0.765,0.54,5.61891704403994e-99,"4","REL"
4.11373016189875e-103,0.718033461237095,0.37,0.2,1.00588929918748e-98,"4","RNF168"
1.01656998376973e-102,0.574370584508261,0.536,0.326,2.48571692431373e-98,"4","NSD3"
5.28623477149585e-102,0.527306595914262,0.531,0.319,1.29259012632617e-97,"4","CSNK1D"
6.12353615732695e-102,0.481042218816706,0.795,0.587,1.49732706118959e-97,"4","STK17B"
3.78878062500775e-101,0.607330389112859,0.66,0.451,9.26432638426894e-97,"4","PKM"
1.02795664396489e-100,0.713465507832447,0.394,0.222,2.51355958582295e-96,"4","GLUD1"
3.39711986556497e-100,0.780555172629669,0.293,0.145,8.30663749527948e-96,"4","IRF2BP2"
3.75503077714393e-100,0.56532043732642,0.411,0.228,9.18180125627234e-96,"4","RFTN1"
3.79655742911085e-100,0.505208203484023,0.623,0.41,9.28334222566185e-96,"4","ITGA4"
5.5865370308831e-97,0.814924335451487,0.22,0.097,1.36602003479153e-92,"4","STAT5B"
1.48810724257254e-96,0.76106729353575,0.338,0.182,3.63871982953838e-92,"4","BHLHE40"
1.32989976179776e-93,0.591394696181196,0.409,0.232,3.25187089754789e-89,"4","HBP1"
3.98855596428005e-93,0.502953708080057,0.432,0.245,9.75281704385757e-89,"4","CHIC2"
1.49054383356042e-92,0.470932919229101,0.658,0.438,3.64467778182194e-88,"4","IDI1"
9.05581968021399e-92,0.514538119500105,0.452,0.261,2.21432902820592e-87,"4","MAP2K2"
1.42726954325223e-91,0.821733104520439,0.211,0.094,3.48995948716034e-87,"4","TRAF5"
1.42785091006625e-91,0.758582951161126,0.254,0.122,3.49138104529398e-87,"4","HPCAL1"
2.00002147996484e-91,0.425448708245483,0.88,0.717,4.89045252281003e-87,"4","HLA-DRB1"
7.26361758325434e-91,0.785731308972316,0.232,0.108,1.77609977145735e-86,"4","RALA"
1.97635468874587e-90,0.501442754643054,0.483,0.29,4.83258248492141e-86,"4","JMJD6"
2.06812422513941e-90,0.624813883191355,0.388,0.22,5.05697735531087e-86,"4","NIN"
3.3294213921811e-90,0.587725003367588,0.385,0.217,8.14110118816124e-86,"4","ARID5B"
6.8659944628758e-89,0.539106799673898,0.46,0.276,1.67887296606239e-84,"4","MRFAP1"
8.05368466080966e-89,0.592649636533557,0.349,0.19,1.96928697326118e-84,"4","RAB10"
2.14320695071633e-88,0.507770167741527,0.537,0.343,5.24056963589156e-84,"4","PAK2"
5.32752924326394e-88,0.365855177005346,0.874,0.665,1.3026874505629e-83,"4","SLC25A3"
8.69974441214751e-88,0.584421455626648,0.401,0.231,2.12726150365831e-83,"4","MRPS6"
1.06560613847413e-87,0.605787368413371,0.382,0.217,2.60562012979694e-83,"4","MAZ"
1.9156821327054e-87,0.252471908633122,0.977,0.858,4.68422595089124e-83,"4","ZFP36L2"
9.27594428269788e-87,0.76119070981519,0.219,0.102,2.26815389600529e-82,"4","TBCD"
1.00772134739035e-86,0.837449272509132,0.296,0.157,2.46408023863888e-82,"4","YWHAH"
3.77240729297115e-86,0.552357250110714,0.244,0.116,9.22429031277306e-82,"4","JAML"
4.50248364236338e-86,0.585307411550207,0.372,0.21,1.10094730023069e-81,"4","RNF115"
1.0094911082185e-85,0.366334497656037,0.665,0.445,2.46840765781589e-81,"4","SDCBP"
3.10928772513572e-85,0.795204772097516,0.225,0.107,7.60283034550185e-81,"4","STAT5A"
5.5684899032281e-85,0.651652793840751,0.304,0.162,1.36160715113734e-80,"4","ARL8B"
1.11767833030609e-84,0.639942313230998,0.253,0.124,2.73294705326444e-80,"4","ELMO1"
1.57015889397276e-84,0.588773231039362,0.395,0.23,3.8393525275422e-80,"4","GBP2"
1.95637150912675e-84,0.451027983641734,0.622,0.411,4.78371961411674e-80,"4","PGAM1"
8.6194087565052e-84,0.40714685124106,0.718,0.507,2.10761782914065e-79,"4","AKAP13"
1.80611982261858e-83,0.326253625948623,0.858,0.648,4.41632419026695e-79,"4","LEPROTL1"
4.38212588402612e-82,0.669729826007547,0.345,0.197,1.07151742116207e-77,"4","HIST1H1E"
6.01341793059663e-82,0.547975854902843,0.43,0.258,1.47040095238949e-77,"4","VDAC1"
8.55038598134966e-82,0.4396207377232,0.693,0.484,2.09074038015962e-77,"4","TERF2IP"
9.33950840919982e-82,0.545394047782887,0.341,0.188,2.28369659621754e-77,"4","DCTN6"
1.77541538057622e-80,0.56445389228129,0.338,0.188,4.34124568858497e-76,"4","GNA13"
7.2679835761177e-80,0.70109145826577,0.245,0.123,1.7771673440323e-75,"4","TGIF2"
3.36686584803518e-79,0.468803992644767,0.558,0.366,8.23266037161562e-75,"4","CHD1"
4.20093578727188e-79,0.571781426597555,0.423,0.256,1.02721281870372e-74,"4","SERPINB9"
7.25064375298399e-79,0.763308086210214,0.208,0.098,1.77292741047965e-74,"4","MLLT3"
7.46778949524029e-79,0.404415376728269,0.399,0.23,1.82602388737616e-74,"4","SIRPG"
1.94590267413418e-78,0.473002633572569,0.481,0.298,4.7581212187929e-74,"4","IKZF3"
3.5230723703171e-78,0.353569753541125,0.628,0.433,8.61461655989936e-74,"4","HSPH1"
6.77962176657133e-78,0.390816554834006,0.772,0.57,1.65775311436202e-73,"4","DYNLL1"
1.07322387052016e-77,0.433080871540247,0.597,0.398,2.6242470081959e-73,"4","SURF4"
2.7641451912368e-77,0.494308037271698,0.473,0.295,6.75888782161223e-73,"4","PTPN7"
3.3114275486625e-77,0.513934566764912,0.521,0.34,8.09710264198955e-73,"4","SMARCA5"
3.40242947492203e-77,0.332936711270863,0.893,0.738,8.31962055207936e-73,"4","LSP1"
5.53827883319019e-77,0.469457483768659,0.504,0.323,1.35421994029166e-72,"4","CACYBP"
1.50810137487134e-76,0.431259278984969,0.726,0.533,3.6876094818354e-72,"4","CDC42"
1.5408789334588e-76,0.728991016429292,0.237,0.119,3.76775716809346e-72,"4","TOPORS"
4.46321217431326e-76,0.555858127575609,0.329,0.184,1.09134464086308e-71,"4","NFKB2"
5.95351344802055e-76,0.493293365946607,0.428,0.26,1.45575310830999e-71,"4","RAB27A"
6.73125790820642e-76,0.706677908431124,0.209,0.1,1.64592718371463e-71,"4","N4BP1"
1.42984267697709e-75,0.559013018107555,0.318,0.177,3.49625131374439e-71,"4","TRIM28"
1.59621339612132e-74,0.370112644651876,0.675,0.469,3.90306099619584e-70,"4","SET"
1.92924195974835e-74,0.435588009758293,0.351,0.198,4.71738243997667e-70,"4","DGKZ"
2.65640287434074e-74,0.460154419231874,0.64,0.456,6.49543630833798e-70,"4","SPOCK2"
9.66026954906317e-74,0.396527041904511,0.543,0.349,2.36212911013693e-69,"4","RAC1"
1.65547706722404e-73,0.731043890970757,0.235,0.12,4.04797252477622e-69,"4","ASCC3"
1.92344995033757e-73,0.350485765484042,0.667,0.465,4.70321981856541e-69,"4","PTPN22"
2.15646504753626e-73,0.306597324360213,0.869,0.664,5.27298833423566e-69,"4","SRSF2"
2.74682246116761e-73,0.646049899696894,0.263,0.138,6.71653028204704e-69,"4","IGF2R"
7.42694672922316e-73,0.3344360937279,0.882,0.708,1.81603701422965e-68,"4","LAPTM5"
1.00309694596535e-72,0.537864292486017,0.333,0.19,2.45277265227449e-68,"4","HMCES"
3.32256022440112e-72,0.482637970755564,0.356,0.205,8.12432426070561e-68,"4","VOPP1"
4.50363803302488e-72,0.668282375169541,0.232,0.118,1.10122957183524e-67,"4","AGO2"
6.9968812937854e-72,0.570621183294535,0.41,0.256,1.71087741395641e-67,"4","DDX3Y"
1.1577455848755e-71,0.429553339299777,0.561,0.376,2.83091950413758e-67,"4","STAT1"
1.75303950097214e-71,0.406200135983188,0.46,0.287,4.28653218777708e-67,"4","B4GALT1"
4.50652850748214e-71,0.349316287303079,0.753,0.537,1.10193635064953e-66,"4","EMD"
1.17653014391799e-70,0.394395439683993,0.62,0.423,2.87685150790827e-66,"4","FNBP1"
7.17864776676187e-70,0.337683192743502,0.754,0.551,1.75532295192861e-65,"4","JAK1"
6.32901463871807e-69,0.362722689958312,0.712,0.522,1.54757065945934e-64,"4","MSN"
2.81708576596663e-68,0.556620035068724,0.212,0.105,6.8883381149416e-64,"4","PTPRJ"
4.45763506677117e-68,0.411211598407222,0.47,0.297,1.08998092652689e-63,"4","PRKAR1A"
7.13916648919476e-68,0.605273127902665,0.283,0.157,1.7456689899379e-63,"4","MAP1LC3A"
1.10622367892773e-67,0.605176623631055,0.245,0.13,2.70493813971409e-63,"4","ITPRIP"
2.74214725308605e-67,0.505355069763123,0.386,0.235,6.705098463246e-63,"4","CCSER2"
3.34184682772016e-67,0.635819793598838,0.231,0.12,8.17148386314134e-63,"4","TRIM26"
3.61107213918933e-67,0.69449504474969,0.243,0.13,8.82979359474575e-63,"4","ELMSAN1"
1.05462610141576e-66,0.370936613387471,0.683,0.481,2.57877174318181e-62,"4","XRCC6"
1.39585741568704e-66,0.269558621142136,0.965,0.851,3.41315055283796e-62,"4","OAZ1"
2.04927995650583e-66,0.482395890281308,0.383,0.232,5.01089934964806e-62,"4","INPP4B"
2.06513442175694e-66,0.526577366826069,0.269,0.147,5.04966668808007e-62,"4","EPSTI1"
2.29577464151506e-66,0.573911396486946,0.305,0.174,5.61362815343262e-62,"4","BTG3"
2.68006503445829e-66,0.648519453574685,0.212,0.107,6.5532950222574e-62,"4","SDE2"
2.77641259812828e-66,0.580084648460409,0.218,0.111,6.78888408494328e-62,"4","NOC2L"
3.21510624754239e-66,0.434949333802114,0.443,0.279,7.86157779649064e-62,"4","ETF1"
1.53633468320387e-65,0.61832627287636,0.236,0.125,3.75664556737011e-61,"4","KAT6A"
2.24081157496361e-65,0.534868543394827,0.318,0.184,5.47923246310102e-61,"4","SAR1B"
5.18959429781668e-65,0.465676145855503,0.422,0.265,1.26895959770214e-60,"4","OASL"
5.78576414813256e-65,0.39106630085025,0.568,0.388,1.41473504950137e-60,"4","NOP58"
5.79362985335249e-65,0.334336055326154,0.758,0.555,1.41665837174175e-60,"4","KMT2E"
3.29108995199266e-64,0.436646167210728,0.361,0.216,8.04737315061246e-60,"4","FASLG"
3.80323066180609e-64,0.400984061870321,0.451,0.286,9.29965961424826e-60,"4","CLTA"
5.23180407381682e-64,0.387098741581018,0.499,0.324,1.27928073212969e-59,"4","NAA50"
6.02418373192244e-64,0.525023031051566,0.257,0.14,1.47303340612967e-59,"4","TSSC4"
5.23413362894924e-63,0.408961917840534,0.473,0.305,1.27985035495067e-58,"4","HNRNPAB"
9.43304617351616e-63,0.447947203366638,0.249,0.134,2.30656845034817e-58,"4","TLK1"
1.35347858341522e-62,0.357223665135193,0.611,0.421,3.30952583216688e-58,"4","WDR1"
3.39758843985208e-62,0.438534283278552,0.383,0.236,8.30778325312631e-58,"4","PPP1CC"
1.37535337547632e-61,0.529570539300362,0.26,0.143,3.36301407371471e-57,"4","UBASH3A"
4.79825659346219e-61,0.399241955388671,0.413,0.26,1.17326970223337e-56,"4","YWHAE"
9.58864492664621e-61,0.498461527126442,0.412,0.263,2.34461545746353e-56,"4","FAM107B"
9.81127914876495e-61,0.413493262177607,0.404,0.252,2.39905397745601e-56,"4","PAFAH1B1"
1.20239414315223e-60,0.603776207349972,0.209,0.108,2.94009415883583e-56,"4","EXOSC6"
3.98275630234167e-60,0.570414725461912,0.242,0.132,9.73863571048585e-56,"4","ZNF410"
1.68428976167597e-59,0.557576933062483,0.218,0.115,4.11842532525007e-55,"4","PFKL"
2.57694263773747e-59,0.421984554638444,0.33,0.195,6.30114013779565e-55,"4","SPPL2A"
3.80558336142941e-59,0.478096318335662,0.283,0.162,9.3054124353672e-55,"4","UBN1"
5.01083583121924e-59,0.419918971915165,0.382,0.236,1.22524957744973e-54,"4","SDF4"
5.45045426090344e-59,0.333181911239952,0.693,0.503,1.33274507587611e-54,"4","SRSF3"
1.15931171481057e-58,0.436906000759827,0.261,0.145,2.83474900505482e-54,"4","RUNX1"
1.97040922805708e-58,0.376840491811404,0.475,0.314,4.81804464444518e-54,"4","SLA2"
3.84685035444168e-58,0.373422539812645,0.45,0.291,9.4063184866808e-54,"4","ADRM1"
4.22549568330524e-58,0.52119205694329,0.247,0.137,1.0332182044818e-53,"4","MCM6"
5.20729013341517e-58,0.346533013212049,0.367,0.221,1.27328658342268e-53,"4","TWF2"
6.73935012315886e-58,0.586938716493595,0.202,0.105,1.6479058921148e-53,"4","RIN3"
8.47842224635373e-58,0.543865977506873,0.246,0.136,2.07314380767841e-53,"4","BET1L"
1.27104409387347e-57,0.435188784911352,0.316,0.188,3.10795701833941e-53,"4","HECTD1"
1.50271298762702e-57,0.451161529792538,0.259,0.145,3.67443379734558e-53,"4","ATXN1"
1.54729125359904e-57,0.517880820706298,0.358,0.223,3.78343657330038e-53,"4","CXCR3"
3.08571326962794e-57,0.455364746449367,0.256,0.142,7.54518608689425e-53,"4","JAK3"
6.90556697213741e-57,0.41601953676192,0.448,0.294,1.68854923602704e-52,"4","NDFIP1"
9.38122186883791e-57,0.348984281968931,0.416,0.264,2.29389637136824e-52,"4","SEMA4D"
1.66298847656521e-56,0.428342594938757,0.301,0.177,4.06633942289724e-52,"4","OSER1"
2.31286472849285e-56,0.333708510234934,0.459,0.298,5.65541683411071e-52,"4","DOCK8"
2.5815766350072e-56,0.440283155098651,0.385,0.244,6.31247118791961e-52,"4","MTHFD2"
3.80860873832556e-56,0.493198424890562,0.283,0.164,9.31281008695366e-52,"4","LAP3"
4.76491862920337e-56,0.353415282461567,0.408,0.257,1.16511790321281e-51,"4","SEPT2"
7.69300600141039e-56,0.516476429112655,0.244,0.137,1.88109382746487e-51,"4","DTHD1"
7.70167378290317e-56,0.35932759613289,0.359,0.219,1.88321327339548e-51,"4","ATP6V0D1"
8.63340678166978e-56,0.379787082722643,0.476,0.316,2.11104062625389e-51,"4","SLC3A2"
1.03996391214145e-55,0.348523737378019,0.501,0.335,2.54291975796828e-51,"4","RNPS1"
1.09086048974778e-55,0.558259655985175,0.304,0.183,2.66737206953126e-51,"4","B3GNT2"
1.8848134101877e-55,0.308150997753658,0.629,0.438,4.60874575059096e-51,"4","KHDRBS1"
5.02390517905345e-55,0.342796893866293,0.4,0.25,1.22844529438215e-50,"4","RAB11B"
6.13204812290593e-55,0.509974889889199,0.247,0.139,1.49940840701296e-50,"4","USF2"
1.12746249426545e-54,0.464502655166743,0.34,0.211,2.75687129097788e-50,"4","KDM6B"
1.22181130220762e-54,0.467057616344447,0.239,0.133,2.98757299615807e-50,"4","NFAT5"
2.27880210035322e-54,0.582079198252908,0.201,0.107,5.57212689578369e-50,"4","AL157402.2"
2.58890121014115e-54,0.441483308791295,0.302,0.18,6.33038123903714e-50,"4","TCIRG1"
2.89041761828472e-54,0.330879630773876,0.728,0.547,7.06764916022979e-50,"4","PRRC2C"
3.90133812175155e-54,0.338387001753857,0.668,0.49,9.5395519753069e-50,"4","LRRFIP1"
1.04895174584576e-53,0.560447882587181,0.205,0.11,2.56489680894206e-49,"4","TBL1XR1"
1.89151423891688e-53,0.437803082064496,0.267,0.155,4.62513061699956e-49,"4","MSL2"
3.16326481809393e-53,0.349044152606604,0.421,0.271,7.73481513320328e-49,"4","NRBP1"
1.50744010103143e-52,0.498970899310242,0.239,0.135,3.68599253504205e-48,"4","RMND5A"
1.65148428645122e-52,0.358033322450577,0.416,0.268,4.03820937723052e-48,"4","C1orf43"
1.8007684943031e-52,0.409973357068585,0.449,0.312,4.40323912226994e-48,"4","XCL1"
1.9089560838691e-52,0.39554981503765,0.338,0.208,4.66777941627673e-48,"4","CCDC12"
2.31346917260563e-52,0.369944269885354,0.366,0.23,5.65689482085529e-48,"4","PAF1"
3.49765466617779e-52,0.397357153949765,0.297,0.177,8.55246518973792e-48,"4","PJA2"
7.42619632356901e-52,0.368749516031451,0.395,0.253,1.8158535250391e-47,"4","CMTM6"
7.81331455164453e-52,0.28863740349544,0.749,0.566,1.91051167416812e-47,"4","TPI1"
1.0306073544964e-51,0.356726450348961,0.519,0.354,2.5200411032146e-47,"4","RAB5IF"
1.41375423854959e-51,0.505290866694989,0.222,0.123,3.45691186410145e-47,"4","BAK1"
2.06967767353554e-51,0.262737839989343,0.89,0.748,5.06077584732911e-47,"4","RHOA"
2.17369150813426e-51,0.369627187542127,0.367,0.231,5.31511047568989e-47,"4","YTHDF2"
2.56276997442116e-51,0.294168425871346,0.422,0.274,6.26648514145463e-47,"4","NAMPT"
2.71216633420948e-51,0.271020873476287,0.717,0.538,6.63178912040903e-47,"4","STK4"
2.76620109926228e-51,0.378626952183312,0.32,0.195,6.76391492791614e-47,"4","SURF2"
2.83099173127942e-51,0.284842239150143,0.684,0.497,6.92234098132444e-47,"4","SERBP1"
3.78886021685595e-51,0.499889885147033,0.285,0.171,9.26452100225617e-47,"4","NUDT4"
3.89374673849884e-51,0.35671855820138,0.406,0.263,9.52098952497737e-47,"4","CCT5"
7.93773283416255e-51,0.342487061285662,0.338,0.208,1.94093443260943e-46,"4","TMEM259"
8.60789766098102e-51,0.547896790880222,0.245,0.142,2.10480313606308e-46,"4","RAB11FIP1"
1.34869969961809e-50,0.426570484480174,0.292,0.175,3.29784050550615e-46,"4","GNL1"
1.38494711321928e-50,0.345023934485744,0.388,0.249,3.38647268124379e-46,"4","GOLPH3"
1.52008305993583e-50,0.396512533058077,0.308,0.187,3.71690709815509e-46,"4","RANBP1"
3.51032249898251e-50,0.295076804030014,0.468,0.309,8.58344057451202e-46,"4","TUFM"
3.51063357712888e-50,0.483414195524771,0.217,0.121,8.58420122279555e-46,"4","MEF2D"
4.68590480617028e-50,0.375518333193386,0.269,0.157,1.14579744320476e-45,"4","GTF2I"
5.13069455989544e-50,0.433396464146147,0.232,0.131,1.25455743378563e-45,"4","YARS"
5.40778528772178e-50,0.307766843337484,0.424,0.279,1.32231165855373e-45,"4","M6PR"
5.91632182365681e-50,0.477968171030309,0.226,0.127,1.44665901232056e-45,"4","SPAG9"
6.84169630925128e-50,0.357842011423033,0.363,0.229,1.67293158153812e-45,"4","AHSA1"
7.79944893801987e-50,0.369229913344911,0.327,0.202,1.90712125432462e-45,"4","CNIH1"
7.82493746435312e-50,0.431034599592758,0.314,0.195,1.91335370878363e-45,"4","CASP3"
8.10890307145891e-50,0.288212616434443,0.774,0.582,1.98278897903313e-45,"4","ARF1"
1.04715994209526e-49,0.36668261214116,0.345,0.216,2.56051549041133e-45,"4","ARPP19"
1.87204579705131e-49,0.308517728324653,0.679,0.503,4.57752638294986e-45,"4","LBH"
1.96195123052831e-49,0.31658954631153,0.68,0.506,4.79736314888783e-45,"4","HNRNPA3"
2.46422306720936e-49,0.302967417217382,0.605,0.432,6.02551824394033e-45,"4","ARHGAP9"
2.71334828767332e-49,0.379030620208673,0.292,0.175,6.6346792330188e-45,"4","NUTF2"
3.44987086414925e-49,0.491462223025033,0.225,0.128,8.43562423701775e-45,"4","GTPBP6"
5.96587157935197e-49,0.396729416513108,0.325,0.202,1.45877491858314e-44,"4","WAC"
6.43546561746873e-49,0.305414208205124,0.519,0.357,1.57360005278345e-44,"4","TLN1"
6.69960274829784e-49,0.391413800078752,0.315,0.194,1.63818686401379e-44,"4","TNIP1"
1.18966464153668e-48,0.420366946084569,0.279,0.167,2.90896798148549e-44,"4","OGFR"
1.2971041829016e-48,0.377891003381075,0.282,0.169,3.17167914803098e-44,"4","CLTC"
1.65645525526019e-48,0.323228511093017,0.423,0.276,4.05036439016222e-44,"4","EIF4H"
1.77868350952653e-48,0.350805593699936,0.375,0.241,4.34923691749427e-44,"4","TACC1"
1.87215045293472e-48,0.31678135279523,0.436,0.287,4.57778228751598e-44,"4","YTHDC1"
1.99322127632132e-48,0.451054385504404,0.323,0.204,4.87382466486088e-44,"4","GATA3"
3.32447066840515e-48,0.45813917730989,0.242,0.141,8.12899567838427e-44,"4","NEPRO"
3.57221328361315e-48,0.392203308404961,0.261,0.153,8.73477592109087e-44,"4","LUC7L"
5.06011535555833e-48,0.428387746763875,0.295,0.181,1.23729940674112e-43,"4","STT3B"
5.10649118420308e-48,0.337345533447496,0.366,0.233,1.24863922436134e-43,"4","TMC6"
6.05549151171294e-48,0.399632067900469,0.245,0.142,1.48068878444405e-43,"4","RAD23B"
6.13471234988863e-48,0.28505976086743,0.603,0.425,1.50005986379477e-43,"4","SF3B2"
1.7613385157082e-47,0.354111152499285,0.278,0.167,4.30682493860969e-43,"4","PER1"
3.0273426523829e-47,0.30645903716617,0.453,0.302,7.40245825360667e-43,"4","RAB7A"
4.13369755897877e-47,0.420361440140446,0.261,0.155,1.01077172712149e-42,"4","PPM1B"
1.23585455601668e-46,0.344225221086394,0.285,0.172,3.02191156037199e-42,"4","NRDC"
1.50043058854273e-46,0.32461196774719,0.355,0.226,3.66885287510469e-42,"4","MTPN"
1.98723354999173e-46,0.378992011836048,0.272,0.163,4.85918347643978e-42,"4","CD2BP2"
2.15244034856149e-46,0.291155905597605,0.446,0.297,5.26314714030256e-42,"4","HNRNPR"
2.3660980956661e-46,0.353562617220828,0.371,0.241,5.78558306352274e-42,"4","CYLD"
2.82838341022867e-46,0.339727811162638,0.446,0.3,6.91596311469114e-42,"4","ANP32B"
2.95782362474928e-46,0.274636454467171,0.606,0.435,7.23247032723695e-42,"4","RHOH"
3.12239011300863e-46,0.319780185743059,0.57,0.41,7.6348683043287e-42,"4","ACTR2"
3.66832129255713e-46,0.466158453793308,0.226,0.13,8.96977922456069e-42,"4","FKBP4"
4.10953253743061e-46,0.35041948772372,0.426,0.285,1.00486289605253e-41,"4","WNK1"
4.114722903008e-46,0.364758167729985,0.276,0.167,1.00613204424352e-41,"4","POM121C"
4.11547773031864e-46,0.383081598846804,0.514,0.363,1.00631661461751e-41,"4","APOBEC3G"
4.2421297720542e-46,0.324905354183234,0.313,0.193,1.03728557186269e-41,"4","RTF2"
4.71667682584909e-46,0.309543121710614,0.37,0.239,1.15332181745662e-41,"4","RNMT"
7.45066187946954e-46,0.527465662257634,0.213,0.121,1.82183584276789e-41,"4","TLE3"
1.17558676998233e-45,0.26709602968248,0.304,0.185,2.8745447699608e-41,"4","CORO1B"
1.22080442769504e-45,0.369347378074749,0.269,0.162,2.98511098659991e-41,"4","NEDD9"
1.38522270064523e-45,0.350838940528302,0.315,0.196,3.38714654761771e-41,"4","STIP1"
1.65439216069091e-45,0.406797806729145,0.295,0.183,4.04531971132141e-41,"4","SMU1"
1.77695851097828e-45,0.441358443707858,0.231,0.134,4.34501895104408e-41,"4","PAGR1"
1.83939957288862e-45,0.324673124943707,0.323,0.203,4.49769983562725e-41,"4","CD28"
1.84000144636539e-45,0.551579091378133,0.228,0.135,4.49917153665266e-41,"4","UAP1"
2.23481993768309e-45,0.371480306977049,0.271,0.163,5.4645817116227e-41,"4","ASNA1"
2.42743835843742e-45,0.410018255663255,0.23,0.133,5.93557227405118e-41,"4","PRDX3"
6.70601943823667e-45,0.400895591234509,0.279,0.171,1.63975587303763e-40,"4","RAB22A"
7.41675226504947e-45,0.33915367043708,0.3,0.185,1.8135442638499e-40,"4","H2AFY"
8.91227576836396e-45,0.289709603124152,0.477,0.325,2.17922967088036e-40,"4","MOB4"
1.03634770725875e-44,0.426070874561644,0.243,0.143,2.5340774137891e-40,"4","MAP3K2"
1.35758014782532e-44,0.433049571462147,0.233,0.137,3.31955497746248e-40,"4","TOB2"
1.49256053927365e-44,0.347874237251851,0.325,0.205,3.64960903063194e-40,"4","CPNE1"
1.58772454405951e-44,0.292226172547559,0.416,0.275,3.88230405513431e-40,"4","SNRPD1"
1.80403056951198e-44,0.429945797078252,0.24,0.142,4.4112155485707e-40,"4","SRSF6"
1.8928624273353e-44,0.37940948045024,0.205,0.115,4.62842720732028e-40,"4","TSTA3"
2.13107556967226e-44,0.253006937359771,0.768,0.588,5.2109059829626e-40,"4","ATP5F1B"
2.30589847529461e-44,0.342121523915213,0.308,0.191,5.63838295179039e-40,"4","RBM42"
2.51169958177425e-44,0.321826902418553,0.463,0.318,6.14160781735441e-40,"4","IQGAP2"
2.69487013092603e-44,0.258241222415651,0.519,0.368,6.58949644414034e-40,"4","TSPYL2"
3.04973706744768e-44,0.310158098877189,0.336,0.214,7.45721707732308e-40,"4","ZMAT2"
4.60783889108377e-44,0.302170924593634,0.329,0.21,1.1267087656478e-39,"4","ENC1"
7.50266751371306e-44,0.475290858667266,0.208,0.119,1.83455226045312e-39,"4","ARFGEF1"
7.64991365996804e-44,0.358830419841044,0.274,0.167,1.87055688813539e-39,"4","BRD7"
8.17073608859287e-44,0.400301314000993,0.264,0.159,1.99790838838273e-39,"4","PABPC4"
8.45818631626187e-44,0.454774954979161,0.216,0.124,2.06819571805235e-39,"4","TPGS1"
1.16045469926585e-43,0.452528866121662,0.222,0.13,2.83754383064486e-39,"4","ZC3H18"
1.28502053202575e-43,0.365528472292818,0.278,0.171,3.14213220490937e-39,"4","CISD2"
1.33234376454186e-43,0.26954796539349,0.572,0.405,3.25784697305777e-39,"4","PSMB6"
1.49146372641625e-43,0.310800626977594,0.307,0.192,3.64692710383301e-39,"4","PTPRA"
1.84378114275807e-43,0.273653620981454,0.456,0.309,4.50841365027204e-39,"4","ABHD17A"
2.1628983875106e-43,0.296955907233084,0.33,0.209,5.28871913714091e-39,"4","AKIRIN2"
2.84255764818765e-43,0.344272468891264,0.347,0.226,6.95062196134845e-39,"4","SIAH2"
2.99406889001353e-43,0.29638268105169,0.505,0.354,7.32109724986108e-39,"4","RAB8B"
3.21134089647393e-43,0.456412983887978,0.216,0.125,7.85237076005806e-39,"4","HAUS3"
3.75189009945063e-43,0.41429641635957,0.244,0.146,9.17412167117668e-39,"4","PSMD12"
5.13127280488128e-43,0.271838558080308,0.477,0.326,1.25469882624957e-38,"4","VDAC2"
7.7506183082703e-43,0.45253202862677,0.225,0.132,1.89518118873825e-38,"4","TMEM43"
8.63249970903107e-43,0.405304323477947,0.254,0.154,2.11081882885228e-38,"4","JADE2"
9.00908828868413e-43,0.370255516384767,0.276,0.17,2.20290226834904e-38,"4","EIF4E2"
1.01424109026683e-42,0.350410853152701,0.281,0.173,2.48002231392045e-38,"4","TM9SF3"
1.12569287128637e-42,0.275538461660513,0.33,0.208,2.75254420886943e-38,"4","PSMG2"
1.44289334745265e-42,0.311621991040791,0.313,0.197,3.52816281319122e-38,"4","LUC7L2"
1.57301529510436e-42,0.303194510400661,0.391,0.258,3.84633699958917e-38,"4","SF3B4"
1.90506769750784e-42,0.442706041062959,0.2,0.114,4.65827153394617e-38,"4","RBM18"
2.05053040369464e-42,0.325594256916378,0.285,0.177,5.01395694311414e-38,"4","TRPC4AP"
3.92474080501222e-42,0.39200933564011,0.232,0.137,9.59677621641588e-38,"4","RABL6"
6.16356062515231e-42,0.42913625467963,0.226,0.134,1.50711384406224e-37,"4","CAB39"
8.84317060526428e-42,0.33071884577478,0.284,0.176,2.16233207639922e-37,"4","PIK3IP1"
9.60091808174772e-42,0.287225401446919,0.447,0.304,2.34761648934895e-37,"4","PPP4C"
1.04388821991208e-41,0.364860370642022,0.242,0.144,2.55251547532903e-37,"4","PRDM2"
1.09884415258927e-41,0.475949297778215,0.22,0.129,2.68689372191128e-37,"4","PTPRE"
1.35531832296662e-41,0.286259504711218,0.475,0.33,3.31402436331797e-37,"4","MOB1A"
1.73858951721552e-41,0.361064510256393,0.244,0.147,4.25119908749538e-37,"4","ARCN1"
1.81995710048283e-41,0.2564945060708,0.564,0.4,4.45015910210061e-37,"4","CDK2AP2"
1.97785394280125e-41,0.352114444318058,0.275,0.17,4.83624846093762e-37,"4","DAZAP1"
2.32452152042447e-41,0.336882211467103,0.845,0.711,5.6839200217419e-37,"4","CRIP1"
2.39531901339119e-41,0.353086176883911,0.281,0.175,5.85703405154413e-37,"4","PRKX"
3.24644066864444e-41,0.407648782921182,0.357,0.239,7.93819672296939e-37,"4","SELPLG"
4.45102594471862e-41,0.279047390785325,0.323,0.205,1.0883648640026e-36,"4","TMEM165"
5.53434713261585e-41,0.453423210606365,0.214,0.126,1.35325856086723e-36,"4","PRCC"
6.84055117303828e-41,0.258495897509326,0.452,0.311,1.67265157283132e-36,"4","ARAP2"
1.01931106683676e-40,0.329435331562439,0.271,0.168,2.49241942062924e-36,"4","RAMMET"
1.08986280956292e-40,0.345862565631938,0.259,0.158,2.66493254194324e-36,"4","YIPF3"
1.49499695248396e-40,0.337031972584139,0.274,0.17,3.65556654821378e-36,"4","BNIP3L"
1.8456305326363e-40,0.29086466981583,0.36,0.236,4.51293577840227e-36,"4","NDUFB6"
2.25341227288519e-40,0.252217570043165,0.496,0.35,5.51004368965887e-36,"4","CBLB"
2.72030235833378e-40,0.313429691289368,0.269,0.166,6.65168332659775e-36,"4","SMARCC1"
2.84020663756133e-40,0.437312709629249,0.249,0.154,6.94487327016497e-36,"4","PIK3AP1"
3.46902621378804e-40,0.252097972001035,0.534,0.376,8.48246289795451e-36,"4","HNRNPM"
5.19330380191911e-40,0.261295740218536,0.777,0.612,1.26986664564526e-35,"4","RAN"
7.58890082772115e-40,0.271156160209981,0.515,0.363,1.85563803039438e-35,"4","ENSA"
8.95769969526122e-40,0.405218274104339,0.208,0.122,2.19033672948527e-35,"4","MAP2K4"
8.98797149317963e-40,0.275290659308615,0.442,0.315,2.19773878951228e-35,"4","KLF2"
1.06627239385689e-39,0.354984830800254,0.27,0.168,2.60724925745888e-35,"4","CDV3"
1.09819368868433e-39,0.338932882194651,0.268,0.166,2.68530320757092e-35,"4","MVP"
1.28332598813094e-39,0.276282236735909,0.392,0.262,3.13798870617776e-35,"4","ATP6AP2"
1.56622729808547e-39,0.415757179335697,0.227,0.137,3.82973898927859e-35,"4","PSPC1"
1.82181639491174e-39,0.285198000120655,0.415,0.282,4.45470544883819e-35,"4","AP2M1"
2.2546325825407e-39,0.258830811605145,0.477,0.333,5.51302759082853e-35,"4","RSL1D1"
2.49374396019347e-39,0.365671378344034,0.285,0.181,6.09770273146507e-35,"4","YIPF5"
2.72506263521902e-39,0.338172084899566,0.274,0.171,6.66332315563754e-35,"4","FAM32A"
2.95966698207129e-39,0.268675503912934,0.385,0.256,7.23697770456073e-35,"4","RAB2A"
4.06310693384145e-39,0.369180561955893,0.251,0.155,9.93510907462911e-35,"4","CCPG1"
4.34961560171966e-39,0.348309625879323,0.316,0.206,1.06356800693249e-34,"4","RELA"
4.35045789262477e-39,0.391500629001155,0.23,0.139,1.06377396390461e-34,"4","ACO2"
4.41420663609022e-39,0.255872569992731,0.375,0.249,1.07936180665678e-34,"4","PRPF8"
5.53023098602997e-39,0.318142508927831,0.242,0.146,1.35225208070405e-34,"4","FIBP"
5.64439647381229e-39,0.333498787964476,0.202,0.117,1.38016782577658e-34,"4","PNKP"
5.73432557523139e-39,0.320331118343753,0.312,0.202,1.40215728965558e-34,"4","BCL11B"
5.80170906343047e-39,0.251349813312427,0.333,0.215,1.41863390019002e-34,"4","PARP1"
7.38302647487426e-39,0.298458845585798,0.301,0.192,1.80529763363625e-34,"4","PSMD2"
8.51701393326506e-39,0.306250832615593,0.267,0.167,2.08258024696197e-34,"4","SOCS3"
9.69853618904231e-39,0.328081649729617,0.261,0.162,2.37148606894463e-34,"4","HSBP1"
1.08220548761406e-38,0.303323861412681,0.462,0.323,2.6462088583139e-34,"4","PDIA6"
1.17347004369474e-38,0.267177310593716,0.34,0.222,2.86936895084239e-34,"4","TM2D3"
1.26279985978309e-38,0.268719757496997,0.406,0.275,3.08779821714161e-34,"4","LAMTOR5"
1.7153794217822e-38,0.351565169512679,0.239,0.146,4.19444576214183e-34,"4","JMY"
2.13705693950439e-38,0.299689427010625,0.342,0.226,5.22553162847614e-34,"4","PHF20L1"
2.83669322871927e-38,0.353028144183508,0.259,0.161,6.93628228286435e-34,"4","CUL3"
2.886933752556e-38,0.317331019569268,0.288,0.182,7.05913041174993e-34,"4","EIF4G1"
3.17593765709922e-38,0.407941903209291,0.231,0.141,7.765802759139e-34,"4","MGAT1"
3.66672861840239e-38,0.263572634933622,0.391,0.264,8.96588481771752e-34,"4","CCT8"
4.45168349858525e-38,0.356756729500563,0.249,0.154,1.08852564907406e-33,"4","EFCAB14"
8.22715838739211e-38,0.264236338157362,0.44,0.306,2.01170476888512e-33,"4","DNTTIP2"
9.5530465882411e-38,0.265997598585154,0.431,0.298,2.33591095175671e-33,"4","CCT2"
1.29922938463817e-37,0.28613102299193,0.267,0.168,3.17687569131724e-33,"4","BRAF"
2.34999820909787e-37,0.299682959460667,0.221,0.133,5.7462156208861e-33,"4","SUCO"
2.84690929476033e-37,0.385017883684124,0.211,0.127,6.96126260754797e-33,"4","MPHOSPH10"
3.00182702604079e-37,0.302185089565476,0.285,0.182,7.34006744407493e-33,"4","AP3S1"
3.59423213712699e-37,0.34646996442316,0.27,0.171,8.78861642170293e-33,"4","LRP10"
3.88340010655742e-37,0.350805105484483,0.208,0.123,9.49568994055421e-33,"4","AP1G1"
6.01374013520973e-37,0.280784279068927,0.455,0.319,1.47047973786148e-32,"4","ORAI1"
9.89192122317595e-37,0.374193868622824,0.224,0.136,2.41877257749098e-32,"4","POM121"
1.4420853611693e-36,0.361252238987333,0.275,0.176,3.52618712513118e-32,"4","RAB1A"
1.44510267854525e-36,0.280749430801555,0.358,0.241,3.53356506957884e-32,"4","PPP4R3A"
1.46602049704407e-36,0.360693789842357,0.208,0.124,3.58471331937215e-32,"4","KAT6B"
1.47762788417521e-36,0.25377053965779,0.513,0.368,3.61309570238523e-32,"4","ISCU"
1.57793145324929e-36,0.306877943472793,0.243,0.151,3.85835798948516e-32,"4","PLEKHA3"
2.3261511876813e-36,0.341947086949682,0.257,0.161,5.68790488411832e-32,"4","STX5"
3.92106054544948e-36,0.292908002138646,0.267,0.168,9.58777724573307e-32,"4","SLU7"
4.34078132441903e-36,0.302118642374122,0.265,0.167,1.06140784944694e-31,"4","FAM50A"
4.52080420746624e-36,0.277282086020364,0.267,0.168,1.10542704480964e-31,"4","PDCD7"
4.79503574907048e-36,0.276467261542349,0.41,0.284,1.17248214136271e-31,"4","LAPTM4A"
6.27667581572642e-36,0.352930547219334,0.241,0.15,1.53477277046143e-31,"4","CDC34"
8.23843917161171e-36,0.405936422923863,0.234,0.146,2.0144631462425e-31,"4","PLK3"
8.90429120325569e-36,0.395875865340677,0.207,0.125,2.17727728502008e-31,"4","PSME3"
1.0571181758346e-35,0.255823619413896,0.366,0.246,2.58486536355076e-31,"4","MAPRE1"
1.19911569883609e-35,0.311729561500886,0.254,0.16,2.93207770679401e-31,"4","CDC123"
1.62850495883855e-35,0.267921711257773,0.379,0.257,3.98202032535202e-31,"4","DNAJA2"
1.86092786909805e-35,0.292807574592252,0.283,0.183,4.55034082551856e-31,"4","SACM1L"
1.99045186768852e-35,0.255502028293161,0.282,0.18,4.86705290687196e-31,"4","SHKBP1"
2.27187487470198e-35,0.318940510978854,0.235,0.145,5.55518844362127e-31,"4","TMEM39A"
2.42253430928639e-35,0.333231016029271,0.223,0.136,5.92358089306708e-31,"4","RNF220"
2.67408617863191e-35,0.35447203734539,0.253,0.16,6.53867552399074e-31,"4","FYTTD1"
4.54223119414187e-35,0.35448162056853,0.219,0.135,1.11066637159157e-30,"4","DNAJC9"
4.72663944537151e-35,0.328691130320661,0.28,0.181,1.15575787718224e-30,"4","DUSP11"
6.01033826612757e-35,0.33210907469601,0.254,0.161,1.46964791283351e-30,"4","NIPA2"
8.00406665105869e-35,0.292914717494026,0.288,0.187,1.95715437751687e-30,"4","CYB5R3"
9.48926439100596e-35,0.309519526836483,0.207,0.124,2.32031492888878e-30,"4","INPP5K"
9.74874085850141e-35,0.335535342117731,0.244,0.153,2.38376211472077e-30,"4","SMC3"
1.07159585760617e-34,0.395213174463216,0.209,0.127,2.62026619101861e-30,"4","AKAP17A"
1.99443438649543e-34,0.320162381400795,0.271,0.175,4.87679096185863e-30,"4","WDR74"
2.10516240299353e-34,0.293491947154316,0.331,0.223,5.14754310779977e-30,"4","MYLIP"
2.36465075082008e-34,0.306195098035102,0.246,0.155,5.78204401590527e-30,"4","LRRC59"
2.66981552466048e-34,0.265006973753314,0.463,0.332,6.52823292089981e-30,"4","TRIM22"
3.36373491742872e-34,0.259351021709296,0.27,0.172,8.22500462009672e-30,"4","CHMP4B"
3.51879220352457e-34,0.318176701733554,0.222,0.136,8.60415069605829e-30,"4","SIRT7"
8.32537050905596e-34,0.399126210907543,0.243,0.156,2.03571959687436e-29,"4","SLC1A5"
1.35792762324148e-33,0.272636471335244,0.339,0.229,3.32040462435006e-29,"4","GTF3C6"
1.98449965099117e-33,0.266388926292521,0.396,0.275,4.85249854660361e-29,"4","CARD16"
2.61309215651866e-33,0.341703208767683,0.252,0.162,6.38953294111943e-29,"4","UBTF"
2.71611679699059e-33,0.257881162487325,0.392,0.273,6.6414487920014e-29,"4","SERPINB1"
2.90419974280598e-33,0.252566253984398,0.341,0.231,7.10134921110917e-29,"4","SLIRP"
3.01834468191413e-33,0.352378860531951,0.202,0.123,7.38045641621643e-29,"4","USP4"
4.45979104066907e-33,0.261613968059146,0.377,0.26,1.0905081052644e-28,"4","CNOT2"
4.52747847430834e-33,0.273092513788376,0.28,0.181,1.10705903653788e-28,"4","TANK"
5.47966320260884e-33,0.259709448381606,0.29,0.189,1.33988724630191e-28,"4","SDHA"
5.55948060624873e-33,0.273249718951725,0.295,0.195,1.35940419783994e-28,"4","MRPL47"
7.65140118781817e-33,0.264699029633337,0.246,0.155,1.8709206184453e-28,"4","TDG"
8.00341414713064e-33,0.308310107830427,0.205,0.125,1.95699482725639e-28,"4","NUMA1"
9.46429135088553e-33,0.310965356067992,0.238,0.151,2.31420852111853e-28,"4","OVCA2"
1.07612159959872e-32,0.262442874041554,0.333,0.225,2.63133253533879e-28,"4","TXNL1"
1.35064217185283e-32,0.283050598834857,0.203,0.123,3.30259023861455e-28,"4","CAPN1"
1.38813970010727e-32,0.272885922606676,0.2,0.121,3.3942791947023e-28,"4","CCNL2"
2.07266393821013e-32,0.268149220906541,0.242,0.154,5.0680778617114e-28,"4","RABIF"
2.48285172263145e-32,0.269017772748993,0.25,0.16,6.07106903217842e-28,"4","SUPT6H"
4.84247039299988e-32,0.276885848456217,0.252,0.162,1.18408086049633e-27,"4","CAND1"
1.40181492492689e-31,0.268105621669021,0.242,0.154,3.42771785443124e-27,"4","SMS"
2.37108392911158e-31,0.290330652509568,0.208,0.129,5.79777442346364e-27,"4","E2F4"
2.61510765320517e-31,0.276873066081497,0.218,0.136,6.39446123361728e-27,"4","ILKAP"
2.65523481257863e-31,0.258216737348046,0.276,0.181,6.49258016371727e-27,"4","ZFR"
5.76024216935255e-31,0.292132219237854,0.243,0.156,1.40849441525009e-26,"4","UBQLN1"
5.86106146630194e-31,0.250985936308172,0.234,0.148,1.43314674974015e-26,"4","HUWE1"
1.21500171415387e-30,0.27727665018569,0.241,0.155,2.97092219144905e-26,"4","MRPL21"
2.22060443284712e-30,0.25100706588296,0.271,0.178,5.42982195919777e-26,"4","CNPPD1"
3.77543134533104e-30,0.282337890578468,0.228,0.145,9.23168472560347e-26,"4","TAF9"
3.93805267646918e-30,0.298938466207999,0.275,0.184,9.62932640450243e-26,"4","SYNCRIP"
4.26652613654287e-30,0.295305338869992,0.213,0.133,1.04325097090746e-25,"4","CD58"
4.28233837002375e-30,0.317701260849064,0.258,0.17,1.04711737823821e-25,"4","SRM"
7.24892844415241e-30,0.252889161353174,0.288,0.192,1.77250798316415e-25,"4","PHF5A"
7.60978142926875e-30,0.285574617857796,0.235,0.151,1.86074375508479e-25,"4","EIF4E"
1.13048279306712e-29,0.289293272034331,0.234,0.15,2.76425652560772e-25,"4","SNX1"
1.13555713315194e-29,0.278640677363569,0.259,0.17,2.77666430198313e-25,"4","NUP58"
1.24952989297149e-29,0.285717172184141,0.269,0.178,3.05535049429389e-25,"4","CTNNB1"
2.37123277751139e-29,0.318071540075816,0.261,0.174,5.79813838757085e-25,"4","DHX9"
2.9622709372868e-29,0.252672556674616,0.254,0.167,7.24334489585368e-25,"4","TMEM167A"
3.68506913787356e-29,0.262792840528871,0.223,0.142,9.01073105592842e-25,"4","SMARCB1"
6.44572763304125e-29,0.255503829974494,0.294,0.199,1.57610932083125e-24,"4","PRKAR2A"
7.72679844528106e-29,0.299085184524339,0.218,0.14,1.88935675584012e-24,"4","RRP7A"
8.64758417949297e-29,0.26902860965163,0.256,0.168,2.11450728356962e-24,"4","PSMD9"
9.38438759852425e-29,0.336781206427093,0.239,0.157,2.29467045559115e-24,"4","SLC16A3"
1.46888716305017e-28,0.281314894875885,0.218,0.14,3.59172289109028e-24,"4","CCDC93"
1.73469345324927e-28,0.281724687825669,0.204,0.129,4.24167243188511e-24,"4","RLF"
2.01771575899515e-28,0.296980068018377,0.201,0.127,4.93371857389495e-24,"4","GSK3B"
7.9028164582097e-28,0.3068526116257,0.217,0.14,1.93239668036144e-23,"4","BIRC2"
1.82412857966563e-27,0.279808010098025,0.264,0.177,4.46035920299841e-23,"4","HIF1A"
2.39264688527765e-27,0.257506980379168,0.282,0.191,5.85050016388091e-23,"4","UHMK1"
2.89348694883026e-27,0.271477154116746,0.276,0.188,7.07515428727974e-23,"4","THUMPD1"
6.0388512962126e-27,0.251975862542302,0.228,0.148,1.47661991894991e-22,"4","TIMM17A"
1.55573426669766e-26,0.308388889813924,0.213,0.139,3.80408142892911e-22,"4","MKRN1"
5.29488424258253e-25,0.288391281921283,0.207,0.136,1.29470509499628e-20,"4","PPP2R5A"
8.48445822300978e-25,0.267653919222916,0.23,0.154,2.07461972469035e-20,"4","SBNO1"
9.24815716173815e-25,0.258070105080954,0.25,0.17,2.26135938918821e-20,"4","NOLC1"
1.13699464777771e-24,0.25598439086797,0.209,0.137,2.78017931274606e-20,"4","WIPI2"
0,0.656554798061982,0.86,0.563,0,"0","FAM177A1"
0,0.757885759723679,0.916,0.622,0,"0","SELENOK"
0,0.608314382173361,0.97,0.685,0,"0","CREM"
0,0.599571215733715,0.903,0.62,0,"0","YPEL5"
0,0.855520870865213,0.992,0.711,0,"0","CXCR4"
0,0.829676475969879,0.703,0.441,0,"0","RGCC"
0,0.625508574510882,0.804,0.55,0,"0","NDUFS5"
0,0.649434850754766,0.868,0.621,0,"0","LDHA"
0,0.519649328641067,0.858,0.614,0,"0","LEPROTL1"
0,0.557023387819861,0.873,0.64,0,"0","TUBA4A"
0,1.94294976334977,0.307,0.078,0,"0","GPR183"
0,0.987470776782772,0.715,0.496,0,"0","ANXA1"
0,0.509837948813178,0.939,0.737,0,"0","CALM2"
0,0.55234707906041,0.904,0.722,0,"0","GZMK"
0,0.488657394150309,0.967,0.792,0,"0","ZFP36"
0,0.571282608372297,0.974,0.839,0,"0","ZFP36L2"
0,0.483101704780955,0.997,0.917,0,"0","BTG1"
0,0.376948745591519,0.988,0.918,0,"0","ARHGDIB"
0,0.496991783129666,0.999,0.933,0,"0","SRGN"
0,0.913337990848321,0.998,0.934,0,"0","FTH1"
0,0.323015336638775,0.999,0.97,0,"0","TPT1"
0,0.467786711036774,1,0.996,0,"0","EEF1A1"
7.07406650175018e-317,0.593838254601526,0.814,0.587,1.72975074100795e-312,"0","HIST1H4C"
1.48572286813439e-311,0.299693501355175,1,0.98,3.6328895571622e-307,"0","PTMA"
1.19679071262935e-304,1.06059260676678,0.394,0.2,2.92639265052129e-300,"0","LMNA"
8.97486811453735e-303,0.296492026770857,0.999,0.98,2.19453475136667e-298,"0","EIF1"
1.83861962660819e-301,0.397142983456241,0.994,0.838,4.49579271098234e-297,"0","DUSP2"
1.25652485973689e-298,0.639617307214967,0.654,0.411,3.07245458702865e-294,"0","SDCBP"
1.66940911334383e-295,0.335637835012146,0.987,0.888,4.08203916394832e-291,"0","SARAF"
6.90726062349304e-292,0.470880249061628,0.86,0.624,1.68896336765652e-287,"0","EZR"
1.24715174441213e-271,0.595100971589905,0.824,0.623,3.04953544543654e-267,"0","TAGLN2"
2.38803803891105e-270,0.509434696506889,0.733,0.489,5.8392306127453e-266,"0","UBE2B"
2.25954483416301e-267,0.580430915133858,0.731,0.511,5.52503902849538e-263,"0","RGS1"
1.32957647784143e-264,0.717641239884431,0.474,0.268,3.25108040361786e-260,"0","CD5"
7.7721664707121e-263,0.418024473988464,0.766,0.498,1.90045014541852e-258,"0","TENT5C"
4.53929400122473e-260,0.684620840391049,0.848,0.68,1.10994816917947e-255,"0","VIM"
1.02640030836753e-258,0.548944347981428,0.659,0.42,2.50975403402028e-254,"0","RBM38"
2.21115027785636e-252,0.727941152654736,0.469,0.27,5.40670465941437e-248,"0","PDCL3"
1.18604665038396e-249,0.600635889239841,0.739,0.526,2.90012126951886e-245,"0","S100A10"
9.30249260960923e-243,0.805359328928767,0.444,0.256,2.27464549290165e-238,"0","MT1X"
1.21185021575973e-241,0.282423002975746,0.995,0.941,2.9632161475757e-237,"0","UBC"
7.22423985036225e-239,0.4709201701503,0.821,0.624,1.76647112821058e-234,"0","LITAF"
2.30236653191946e-238,0.464224801814138,0.622,0.389,5.62974664384945e-234,"0","PDE4B"
3.11897659431157e-225,0.512249923955614,0.678,0.463,7.62652156841064e-221,"0","ATP1B3"
5.32653334905465e-225,0.298082991229267,0.988,0.921,1.30244393451084e-220,"0","CALM1"
4.30719420253957e-222,0.816607063453104,0.282,0.137,1.05319512640497e-217,"0","IL7R"
3.88012782479116e-215,0.356588939732021,0.899,0.713,9.48768855717933e-211,"0","TOMM7"
6.4954442675174e-208,0.380879084520148,0.892,0.702,1.58826603229336e-203,"0","SKP1"
2.29935717150103e-207,0.406182595571364,0.835,0.638,5.62238815575431e-203,"0","UQCRB"
4.74936054806137e-207,0.465577431057806,0.656,0.438,1.16131364121197e-202,"0","SAMSN1"
9.60196387953286e-205,0.541843501978012,0.613,0.415,2.34787220782338e-200,"0","MYADM"
8.63971346757093e-203,0.583528653246555,0.47,0.283,2.11258273709044e-198,"0","ISCA1"
1.42325972766343e-197,0.416685479197537,0.78,0.563,3.48015468608263e-193,"0","PDCD4"
4.75120258596463e-196,0.648812548092038,0.345,0.185,1.16176405632007e-191,"0","ENC1"
1.91752921753578e-195,0.323398076396632,0.944,0.799,4.68874244271849e-191,"0","EEF1B2"
1.45941080117667e-194,0.300930778550426,0.941,0.779,3.56855129103719e-190,"0","TMA7"
5.04338338011707e-193,0.546717117761555,0.503,0.314,1.23320810410623e-188,"0","AMD1"
3.00362552296621e-190,0.694212107135295,0.313,0.165,7.34446512875697e-186,"0","SC5D"
5.64486873867256e-190,0.396198018441632,0.836,0.639,1.38028330398021e-185,"0","SRSF2"
2.65391703503195e-187,0.25956854960652,0.983,0.876,6.48935793406012e-183,"0","ATP5F1E"
1.74370708732614e-186,0.398881739414128,0.834,0.633,4.26371256992987e-182,"0","DDX24"
2.3712960205191e-185,0.453829418065965,0.644,0.437,5.7982930293733e-181,"0","SNRPG"
5.47546882762179e-182,0.313852246649817,0.948,0.819,1.33886163773008e-177,"0","PABPC1"
1.43991315703665e-180,0.66523250393031,0.381,0.223,3.52087565158602e-176,"0","CDKN1A"
7.11896119311447e-177,0.484256926732251,0.529,0.341,1.74072839094035e-172,"0","BCAS2"
8.77014248989478e-177,0.483005685491348,0.551,0.36,2.14447524162907e-172,"0","NFE2L2"
1.29216571970957e-174,0.30416801014665,0.952,0.8,3.15960361783384e-170,"0","YWHAZ"
1.62381678698396e-172,0.38782242854994,0.782,0.576,3.97055680753317e-168,"0","ATP6V0C"
2.53056786704726e-172,0.494604149109522,0.595,0.41,6.18774454850395e-168,"0","RHOH"
4.86794078002999e-171,0.322749615085375,0.885,0.708,1.19030887953293e-166,"0","SUB1"
7.55473136342143e-171,0.472487819687831,0.57,0.383,1.84728291298381e-166,"0","JUND"
3.74460129400925e-169,0.50746950039283,0.475,0.3,9.15629908411142e-165,"0","SS18L2"
5.05940008936179e-169,0.470324219800618,0.531,0.349,1.23712450985074e-164,"0","NSMCE3"
1.00394942962183e-168,0.467260696749961,0.505,0.324,2.4548571453113e-164,"0","KPNA2"
3.80833997000554e-166,0.396926719839051,0.675,0.473,9.31215289465754e-162,"0","SNU13"
9.17922241607751e-165,0.569567327737394,0.327,0.182,2.24450346517927e-160,"0","CD28"
2.90638787587222e-163,0.307004685224408,0.932,0.781,7.10669963408276e-159,"0","NPM1"
2.0592140606814e-160,0.493954102010927,0.441,0.273,5.03519022117816e-156,"0","IFNGR1"
3.89565147981949e-159,0.519508585216554,0.494,0.323,9.52564699845461e-155,"0","EIF4A1"
2.42490912785803e-158,0.309140767193181,0.912,0.755,5.92938779943845e-154,"0","HNRNPA1"
2.38468661534056e-157,0.435086498147341,0.57,0.384,5.83103571183074e-153,"0","MAGOH"
1.5886868913183e-156,0.435497628927042,0.533,0.349,3.8846571866515e-152,"0","RSL24D1"
2.36354385828393e-156,0.571219048751261,0.4,0.246,5.77933744227586e-152,"0","ALG13"
8.72815594241307e-152,0.385701010868157,0.603,0.409,2.13420869103884e-147,"0","SYAP1"
1.39161861765708e-150,0.306436966483131,0.687,0.475,3.4027858438951e-146,"0","DNAJB6"
1.22596989478851e-147,0.72121826481456,0.245,0.129,2.99774158673686e-143,"0","PLK3"
2.8709548508448e-147,0.467546354314138,0.401,0.248,7.0200588012857e-143,"0","LTB"
7.9963477744801e-147,0.374074816891936,0.694,0.5,1.95526695781587e-142,"0","MORF4L1"
8.40750385364118e-146,0.398841956707978,0.56,0.379,2.05580284229234e-141,"0","GTF2B"
3.62779423747623e-145,0.381462622379626,0.65,0.459,8.87068246947687e-141,"0","HNRNPA0"
2.43115376943745e-144,0.355002384787493,0.698,0.501,5.94465719702846e-140,"0","ATP6V1G1"
3.10545095624573e-141,0.390988980940014,0.524,0.349,7.59344867821206e-137,"0","ATP5ME"
6.66886778995861e-141,0.369864148544981,0.67,0.494,1.63067155200068e-136,"0","ISG20"
1.15232871820222e-139,0.764773953751861,0.224,0.116,2.81767418174807e-135,"0","TUBB2A"
6.10758024160922e-138,0.630324635516372,0.261,0.144,1.49342552067829e-133,"0","DHCR7"
6.57888353534814e-138,0.293425869984554,0.871,0.7,1.60866860206333e-133,"0","COX7C"
1.50086873306197e-137,0.381228879224702,0.633,0.455,3.66992422608313e-133,"0","MT-ND6"
9.19901846265649e-137,0.259751133858366,0.957,0.835,2.24934399448876e-132,"0","OAZ1"
1.74537401985918e-136,0.320711809161041,0.76,0.563,4.26778855335968e-132,"0","POLR2L"
3.11259836191492e-136,0.375516346126139,0.549,0.375,7.61092551455436e-132,"0","HERPUD1"
3.37740261588479e-135,0.723296345172702,0.311,0.187,8.25842487636148e-131,"0","YBX3"
8.26922655921232e-135,0.635345680897559,0.271,0.152,2.0219912782586e-130,"0","SYPL1"
1.48675252277884e-134,0.339312505554837,0.738,0.549,3.63540726869881e-130,"0","ELF1"
1.85598449953647e-134,0.374745515774585,0.619,0.437,4.53825329826658e-130,"0","SEC62"
7.07134249425354e-133,0.387905602253669,0.514,0.345,1.72908466669488e-128,"0","GABARAPL1"
2.01729099342199e-132,0.307153933217739,0.74,0.555,4.93267993711546e-128,"0","SLC2A3"
3.19419804655832e-130,0.255481994240144,0.924,0.781,7.8104530634444e-126,"0","SRSF7"
3.30552758180766e-129,0.535085420719663,0.305,0.179,8.08267604303608e-125,"0","MCUB"
3.71475599119542e-129,0.529062556402287,0.285,0.163,9.08332134967105e-125,"0","AUTS2"
4.03023641983089e-128,0.398229616466162,0.503,0.341,9.85473409377049e-124,"0","EIF1AX"
1.78079555059526e-127,0.260069694899859,0.616,0.426,4.35440128031553e-123,"0","DUSP5"
2.37326431781672e-127,0.292769476658487,0.737,0.549,5.80310590992544e-123,"0","SH2D2A"
1.1709615807891e-126,0.393077625238361,0.645,0.469,2.86323525734551e-122,"0","NR3C1"
3.50598224400954e-125,0.356605496665763,0.591,0.413,8.57282778305213e-121,"0","PAIP2"
6.94706739098754e-125,0.319219053116325,0.704,0.515,1.69869691844427e-120,"0","EMD"
3.14641645919839e-124,0.321420479222428,0.752,0.567,7.69361752603191e-120,"0","SAP18"
6.10023256678941e-123,0.31884160977336,0.628,0.446,1.49162886723135e-118,"0","ATP5MD"
8.66609695723557e-123,0.62627579046875,0.273,0.16,2.11903402798324e-118,"0","METRNL"
1.61439958432616e-122,0.290929731803025,0.619,0.432,3.94752986359432e-118,"0","SPOCK2"
1.41327598279443e-121,0.547518632831467,0.816,0.697,3.45574243312895e-117,"0","CRIP1"
2.72726280639034e-121,0.384792009451855,0.513,0.35,6.66870301418567e-117,"0","PET100"
5.92405689912924e-121,0.423929250800286,0.397,0.256,1.44855039297508e-116,"0","NAMPT"
1.2812643436306e-120,0.45819687614388,0.389,0.251,3.13294757304555e-116,"0","CSRNP1"
1.44774223841634e-120,0.410121641379889,0.487,0.332,3.54001932137563e-116,"0","DDX21"
1.75224424235707e-120,0.52999730865468,0.294,0.175,4.2845876214115e-116,"0","DCTN6"
3.10734569081993e-120,0.446109210397002,0.406,0.264,7.59808168319288e-116,"0","LAPTM4A"
3.59108579824373e-120,0.461850674054738,0.297,0.175,8.78092299386557e-116,"0","P2RY8"
4.56518889583416e-120,0.27497526187324,0.969,0.913,1.11627998880937e-115,"0","MT-ATP8"
2.0992082371985e-117,0.439138692561543,0.418,0.275,5.13298398159778e-113,"0","JMJD6"
2.27242185088811e-117,0.500543814252732,0.369,0.238,5.5565259097916e-113,"0","CD55"
2.90611286802989e-116,0.352193659481745,0.587,0.42,7.10602718490669e-112,"0","IDI1"
9.80992118624102e-116,0.585483383952338,0.239,0.135,2.39872192845965e-111,"0","EIF1AY"
3.84938943668861e-115,0.332704961709791,0.537,0.37,9.41252705059099e-111,"0","STRAP"
7.58810052722239e-115,0.469216118280157,0.345,0.218,1.85544234091642e-110,"0","OAT"
3.30361306022286e-114,0.366375726227342,0.527,0.367,8.07799465485693e-110,"0","RUNX3"
7.59539521230383e-114,0.287314589015592,0.795,0.616,1.85722603731253e-109,"0","CNBP"
9.82253635730788e-114,0.305026711773426,0.56,0.39,2.40180659008892e-109,"0","USP36"
3.53247896481852e-112,0.385390397941381,0.435,0.289,8.63761756477426e-108,"0","SLBP"
9.97623103900819e-112,0.507144914493297,0.376,0.245,2.43938801365828e-107,"0","CHMP1B"
2.46441699736324e-111,0.411612881891822,0.374,0.24,6.02599244195259e-107,"0","DNAJB9"
7.01519737736954e-111,0.412072323760158,0.416,0.276,1.7153560627144e-106,"0","ARID5A"
1.15405780603982e-110,0.333166847189014,0.553,0.389,2.82190214732858e-106,"0","H2AFV"
5.68046952834659e-110,0.259770151476844,0.709,0.533,1.38898840907131e-105,"0","CD44"
2.76468642545815e-109,0.323386579276073,0.582,0.414,6.76021124753027e-105,"0","ARF4"
4.1086245792984e-109,0.386272334915587,0.435,0.292,1.00464088213005e-104,"0","RAP1A"
8.67553079616626e-108,0.379433485002237,0.446,0.302,2.12134079027857e-103,"0","UBE2A"
2.18655847907971e-107,0.286279488251981,0.746,0.563,5.34657279304572e-103,"0","RBM8A"
1.85002342076739e-106,0.49951813968374,0.329,0.208,4.52367726846042e-102,"0","PLIN2"
3.0222362426354e-106,0.267331004936876,0.83,0.661,7.38997206049208e-102,"0","GZMM"
5.20416226014117e-106,0.40190469814224,0.422,0.284,1.27252175584972e-101,"0","POLR2K"
1.65653583530842e-105,0.29523829982727,0.682,0.506,4.05056142449614e-101,"0","CYCS"
1.76925562005152e-105,0.277523764728788,0.825,0.643,4.32618384214997e-101,"0","SLC25A3"
4.11994849806832e-105,0.263849516539266,0.857,0.748,1.00740980674766e-100,"0","CD8A"
9.21105490514111e-105,0.335986588015603,0.489,0.338,2.2522871454051e-100,"0","MAPK1IP1L"
1.60179586725954e-104,0.293768394463855,0.558,0.392,3.91671125462304e-100,"0","SEC61G"
2.25852378144513e-104,0.34319715888666,0.42,0.282,5.52254235038964e-100,"0","BIRC3"
4.61886419136951e-104,0.305802224128354,0.578,0.415,1.12940467207367e-99,"0","JPT1"
8.74003335210834e-104,0.400449240762789,0.367,0.239,2.13711295525753e-99,"0","NDUFB1"
6.28949269564253e-103,0.346830870782514,0.517,0.363,1.53790675393851e-98,"0","TXN"
8.20876944578749e-103,0.639317262357385,0.2,0.11,2.00720830488396e-98,"0","NANS"
1.70302983618143e-102,0.440730487109296,0.307,0.191,4.16424855543084e-98,"0","RNF139"
2.48343358089274e-102,0.477297881182718,0.317,0.202,6.07249179199894e-98,"0","MED4"
3.0148275182548e-101,0.425748662424754,0.334,0.214,7.37185624763663e-97,"0","SLIRP"
4.85383567468384e-101,0.440798229700794,0.357,0.233,1.18685989917369e-96,"0","TRAT1"
6.12877486977449e-101,0.44774124184746,0.289,0.178,1.49860803115726e-96,"0","P2RY10"
1.39851026946546e-100,0.409433082264893,0.294,0.181,3.41963731089694e-96,"0","EVI2A"
2.36546310951254e-100,0.319278509781513,0.622,0.465,5.78403039538007e-96,"0","CLEC2B"
8.24377434731939e-100,0.430558133576798,0.637,0.489,2.01576770340654e-95,"0","MT2A"
2.38212463198596e-99,0.386768652761408,0.354,0.23,5.82477115013207e-95,"0","NDUFA5"
2.79557886683987e-99,0.322249559724584,0.482,0.333,6.83574944519685e-95,"0","BCL3"
1.54660483250418e-98,0.388139758933384,0.381,0.252,3.78175813643922e-94,"0","ANXA2"
3.73184616772989e-98,0.367440387187862,0.353,0.231,9.12511024933313e-94,"0","MARCKSL1"
3.22224417284875e-97,0.354530982840638,0.405,0.272,7.87903145144977e-93,"0","TMED2"
6.37215708947561e-97,0.408500519300509,0.326,0.209,1.55811985151858e-92,"0","NDUFC1"
5.4682498509459e-96,0.281908920154776,0.576,0.416,1.33709645355329e-91,"0","CDC42SE2"
1.51166537736055e-95,0.536442965923053,0.22,0.128,3.69632418072201e-91,"0","SVIP"
1.04998452934839e-94,0.359884028285308,0.436,0.301,2.56742217116268e-90,"0","ORAI1"
2.45182416328606e-94,0.333840466525664,0.444,0.307,5.99520044406708e-90,"0","PPP2CA"
2.88360940619295e-94,0.266718975557543,0.766,0.597,7.051001720023e-90,"0","PCBP2"
4.62459787713485e-94,0.251558705444329,0.758,0.594,1.13080667291701e-89,"0","MCL1"
7.80191921019054e-94,0.26424735825157,0.742,0.576,1.90772528527579e-89,"0","SERP1"
4.13864970968613e-93,0.328547251504461,0.466,0.326,1.01198262701245e-88,"0","RNF7"
5.23341308837972e-93,0.280377160610578,0.589,0.429,1.27967416837061e-88,"0","GPX4"
1.21162767675286e-92,0.381774940282294,0.39,0.264,2.96267199519609e-88,"0","INSIG1"
1.43275547277342e-92,0.328375413369043,0.475,0.333,3.50337368202557e-88,"0","EIF5A"
1.80581457204267e-92,0.4253887104002,0.313,0.203,4.41557779155874e-88,"0","ABT1"
4.20132982099684e-92,0.448460611589139,0.259,0.158,1.02730916783015e-87,"0","UBE2D1"
4.5175458482826e-91,0.267059729942918,0.669,0.507,1.10463031082206e-86,"0","GNG2"
1.54806076734649e-90,0.453086262502198,0.227,0.133,3.78531818831565e-86,"0","MGAT4A"
3.86436237388837e-90,0.276829348651019,0.478,0.333,9.44913887663183e-86,"0","TBCA"
1.01766085009668e-89,0.471630622658217,0.247,0.15,2.4883843106564e-85,"0","ATP2B1"
1.24440717062063e-89,0.358964474186479,0.368,0.246,3.04282441360157e-85,"0","VDAC1"
1.24513186835692e-89,0.300361423939338,0.527,0.381,3.04459644450634e-85,"0","PRDX1"
2.96955199934591e-89,0.271869664229538,0.591,0.432,7.26114854880061e-85,"0","COX7B"
1.34804623779347e-88,0.327531933467401,0.45,0.316,3.2962426606526e-84,"0","RSL1D1"
8.08982158059683e-88,0.393202372643439,0.431,0.304,1.97812317288754e-83,"0","DCXR"
3.61734011165504e-87,0.394106390074337,0.329,0.217,8.84512004101889e-83,"0","PAF1"
4.23829792184113e-87,0.313422499614595,0.433,0.301,1.03634860784859e-82,"0","SLC3A2"
1.30170051992528e-86,0.410724357408593,0.311,0.203,3.1829181113213e-82,"0","TXNDC17"
3.2467607743594e-86,0.435854345475793,0.264,0.166,7.9389794454636e-82,"0","OSER1"
3.70339389273489e-86,0.70563211187567,0.211,0.127,9.05553874651536e-82,"0","MT1E"
4.65444843583841e-86,0.267688026361542,0.661,0.505,1.13810573153121e-81,"0","NOP53"
6.84327946054218e-86,0.322161788429732,0.771,0.63,1.67331869369177e-81,"0","TGFB1"
1.94299150965629e-85,0.294270579278473,0.488,0.348,4.75100283941157e-81,"0","GABARAPL2"
1.95399614509416e-85,0.422561915210236,0.28,0.179,4.77791137398423e-81,"0","GRPEL1"
2.18131331313496e-85,0.472767640568484,0.368,0.255,5.3337473132776e-81,"0","LINC01871"
7.7512883666531e-85,0.325737084472269,0.368,0.248,1.89534503141402e-80,"0","EMC7"
1.70095357502889e-84,0.371265393149089,0.294,0.189,4.15917168166065e-80,"0","BCL11B"
7.12299066542336e-84,0.340350542147053,0.394,0.271,1.74171367750932e-79,"0","COX17"
1.21001824306631e-83,0.331766742253629,0.406,0.281,2.95873660794574e-79,"0","CEBPZ"
1.93111676987007e-83,0.317195500595418,0.364,0.246,4.7219667256863e-79,"0","PIM3"
5.06241840294896e-83,0.474693974546773,0.232,0.142,1.23786254788908e-78,"0","RNF11"
1.0038241987833e-82,0.355808390928108,0.361,0.245,2.45455093086492e-78,"0","WBP11"
1.57512669277885e-82,0.31695316713591,0.478,0.344,3.85149978918284e-78,"0","ARL4C"
7.49755200725335e-82,0.364856485361828,0.357,0.242,1.83330141681359e-77,"0","PLP2"
7.51785041809119e-82,0.267231472264126,0.487,0.345,1.83826478423166e-77,"0","ATP5MPL"
8.07585559782591e-82,0.290859771815525,0.353,0.237,1.97470821078039e-77,"0","CRYBG1"
1.26368851231979e-81,0.280273397168746,0.401,0.275,3.08997115032435e-77,"0","CYTH1"
2.0669487711122e-81,0.431822326041709,0.296,0.195,5.05410313512354e-77,"0","SATB1"
2.64497062130525e-81,0.261784577531708,0.453,0.318,6.46748216321561e-77,"0","SUMO1"
2.86901783935292e-81,0.273841102792365,0.516,0.373,7.01532242078576e-77,"0","GHITM"
9.79348302620208e-81,0.336218060883655,0.344,0.232,2.39470246956693e-76,"0","PITHD1"
2.30643181140948e-80,0.546769621128867,0.208,0.125,5.63968706525846e-76,"0","UAP1"
1.30795101258225e-79,0.501290275176703,0.225,0.139,3.19820181596613e-75,"0","CDC34"
1.42979662967998e-79,0.284950479345864,0.517,0.378,3.49613871889348e-75,"0","CSTB"
2.23515165484263e-79,0.268514487468245,0.466,0.33,5.46539282642119e-75,"0","ERH"
3.26455392282217e-79,0.420975440702425,0.264,0.169,7.98248725208477e-75,"0","YIPF5"
1.4459027625283e-78,0.372671417933331,0.37,0.256,3.53552143493419e-74,"0","CLDND1"
2.75177260669553e-78,0.306642111759159,0.414,0.292,6.72863437789191e-74,"0","HNRNPAB"
6.85184805178069e-78,0.401162152029386,0.27,0.175,1.67541388562141e-73,"0","MORF4L2"
1.14515879318135e-77,0.282080072374943,0.493,0.356,2.80014228108703e-73,"0","ROMO1"
2.93568984939587e-77,0.263193883371421,0.547,0.408,7.17834881974277e-73,"0","CYTIP"
1.60193524341902e-76,0.395241319238197,0.247,0.156,3.91705205720819e-72,"0","PER1"
1.71194654572082e-76,0.354243110439747,0.313,0.209,4.18605169359654e-72,"0","PNPLA8"
2.77243315202539e-75,0.264389392094073,0.664,0.521,6.77915354333248e-71,"0","H2AFZ"
3.96722323185995e-75,0.273895621279669,0.448,0.322,9.70065424654394e-71,"0","MAT2B"
1.95991388812655e-74,0.254892634930368,0.482,0.348,4.79238143924705e-70,"0","YWHAQ"
5.11826759270068e-74,0.338854873757447,0.343,0.236,1.25151879176717e-69,"0","SBDS"
7.0559116597277e-74,0.268294777903293,0.386,0.267,1.72531151903662e-69,"0","ETF1"
7.53917648231912e-74,0.508260652853868,0.2,0.122,1.84347943345667e-69,"0","DYNLT3"
8.5374507697181e-74,0.252741777877658,0.495,0.36,2.08757746221147e-69,"0","HNRNPM"
1.60549833794268e-73,0.338681864605872,0.281,0.185,3.92576453593745e-69,"0","SURF2"
1.35496401443472e-72,0.257362810195278,0.407,0.287,3.31315800809578e-68,"0","AKIRIN1"
1.38295340992156e-72,0.282164756715047,0.381,0.266,3.3815976779402e-68,"0","MRFAP1"
3.04559646657744e-72,0.412678512023782,0.244,0.157,7.44709248007515e-68,"0","SLC10A3"
5.1765190015659e-72,0.311375714427907,0.341,0.234,1.26576242626289e-67,"0","NR1H2"
3.61282822827034e-71,0.309324389972837,0.319,0.216,8.83408758376663e-67,"0","GTF3C6"
1.45344560102198e-70,0.419749513600416,0.231,0.146,3.55396518361895e-66,"0","TGIF1"
2.78561196598129e-70,0.502477266305592,0.234,0.15,6.81137837921744e-66,"0","ARL4A"
1.13944123761019e-69,0.286587364549001,0.359,0.251,2.78616171420443e-65,"0","CMPK1"
1.22636084672588e-69,0.325873337281269,0.331,0.228,2.99869754241412e-65,"0","FBL"
2.3379263930908e-69,0.379252789024709,0.408,0.303,5.71669761638561e-65,"0","KLF2"
6.02354346481897e-69,0.475425663957486,0.211,0.132,1.47287684801753e-64,"0","TUBA1C"
9.07813983501849e-69,0.394594543204267,0.214,0.134,2.21978675245872e-64,"0","MRPL1"
3.35255114347159e-68,0.277347557567184,0.322,0.219,8.19765805601674e-64,"0","MECP2"
5.81122706467381e-68,0.326261413801099,0.295,0.199,1.42096124185404e-63,"0","MANF"
1.66471698668297e-67,0.412129155288546,0.229,0.147,4.0705659758372e-63,"0","SLC16A3"
1.94935864918886e-67,0.272048459447439,0.35,0.243,4.7665717689966e-63,"0","RPP21"
4.74694179933043e-67,0.255701953487095,0.39,0.276,1.16072220877228e-62,"0","ELOC"
9.01888035057741e-67,0.326845001859496,0.269,0.179,2.20529662332319e-62,"0","PRNP"
1.24279106319723e-66,0.373561039452976,0.208,0.129,3.03887270772987e-62,"0","SELENOM"
2.85999320444317e-66,0.318400722940303,0.245,0.159,6.99325538350444e-62,"0","TOB1"
4.48974319618817e-66,0.319557554605342,0.252,0.165,1.09783200633193e-61,"0","WDR74"
5.34048768658629e-66,0.2638488358358,0.368,0.26,1.30585604912408e-61,"0","NRBP1"
6.23920866515013e-66,0.329498217657783,0.313,0.215,1.52561130280251e-61,"0","SIAH2"
7.76670121549822e-66,0.356562032783649,0.288,0.196,1.89911378121362e-61,"0","EIF3J"
1.93173665547676e-65,0.256519489673492,0.406,0.291,4.72348246997177e-61,"0","NSA2"
3.05953069603594e-65,0.256384471599615,0.352,0.246,7.48116445794708e-61,"0","DYNLT1"
1.7844909808519e-64,0.372543788626272,0.23,0.149,4.36343734637906e-60,"0","TRMT10C"
1.85074252778942e-64,0.290776827038627,0.313,0.216,4.5254356289507e-60,"0","RHEB"
2.868481128526e-64,0.319304944677158,0.33,0.231,7.01401005547177e-60,"0","KDELR2"
5.51699640321043e-64,0.252077419210796,0.407,0.293,1.34901596051302e-59,"0","DNTTIP2"
6.23184874925836e-64,0.252877706674435,0.374,0.265,1.52381165616865e-59,"0","SNRPF"
3.31351280060604e-63,0.343687366354706,0.358,0.256,8.10220150004189e-59,"0","OASL"
6.85112588779917e-62,0.272875565280725,0.317,0.219,1.67523730208465e-57,"0","PFDN2"
1.02405450105731e-61,0.310558148112185,0.268,0.18,2.50401806598534e-57,"0","NDEL1"
1.81690442044014e-61,0.26659823748716,0.269,0.18,4.44269468886022e-57,"0","RILPL2"
2.73507067928313e-61,0.304536474646619,0.287,0.196,6.68779482498311e-57,"0","RELA"
9.29132207650917e-61,0.314950289971509,0.292,0.202,2.27191407414802e-56,"0","KDM6B"
1.77887633851822e-60,0.302832873164725,0.283,0.193,4.34970842294476e-56,"0","COX20"
2.92634193610715e-60,0.275579696059468,0.27,0.182,7.15549130216921e-56,"0","ANXA7"
4.07439029368604e-60,0.27458518426867,0.372,0.268,9.96269914612111e-56,"0","RELB"
8.26265160918896e-59,0.250225480476259,0.301,0.209,2.02038357147888e-54,"0","CCDC59"
1.18960329384066e-58,0.258522552660232,0.35,0.25,2.90881797409917e-54,"0","MGST3"
3.12082004333696e-57,0.373646852071646,0.209,0.136,7.63102916996753e-53,"0","ASF1A"
5.29246004208456e-57,0.309721532644988,0.231,0.153,1.29411232949052e-52,"0","HSBP1"
6.37616201533508e-57,0.258733612659963,0.285,0.197,1.55909913598973e-52,"0","HNRNPLL"
7.10389855218961e-56,0.318155850785506,0.252,0.172,1.7370452739814e-51,"0","PRELID3B"
7.45986540094608e-55,0.295230676282757,0.24,0.162,1.82408628783934e-50,"0","ZC3H12A"
9.24532957334225e-55,0.322153130920111,0.24,0.162,2.26066798727365e-50,"0","BNIP3L"
2.06776842885133e-54,0.273575919736569,0.274,0.19,5.05610736222727e-50,"0","FBXO34"
2.85708460570024e-54,0.314364153194703,0.212,0.139,6.98614327785824e-50,"0","MED30"
3.42897432650339e-54,0.301885345267734,0.246,0.167,8.38452802316608e-50,"0","ZPR1"
4.83018711963886e-54,0.331204602807699,0.228,0.153,1.18107735449409e-49,"0","STX5"
3.45774976049463e-53,0.382510840711482,0.213,0.142,8.45488971436147e-49,"0","IRF2BP2"
4.1477265238083e-53,0.271893097493091,0.238,0.161,1.01420208960161e-48,"0","FRG1"
5.21273737185782e-53,0.286032086250885,0.241,0.163,1.27461854216667e-48,"0","CISD2"
1.23409569920409e-52,0.284791176973708,0.246,0.168,3.01761080369384e-48,"0","PLEKHB2"
8.90282127399949e-52,0.290528511831365,0.208,0.137,2.17691785791836e-47,"0","FAM162A"
1.00361142326394e-51,0.331546416402801,0.22,0.148,2.454030652165e-47,"0","S1PR4"
4.39436831581352e-51,0.347024999398668,0.237,0.162,1.07451094058272e-46,"0","RAB9A"
2.75266584575699e-50,0.299636625356192,0.244,0.168,6.73081852604498e-46,"0","BLOC1S2"
5.28402642558464e-50,0.345799732884794,0.206,0.137,1.29205014158396e-45,"0","NXT1"
1.44066812822036e-49,0.272197950396025,0.265,0.187,3.52272170712441e-45,"0","PPA1"
1.21964505645785e-48,0.311926124763908,0.215,0.146,2.98227609205073e-44,"0","RABIF"
3.64256733425932e-47,0.278688700427223,0.255,0.18,8.90680564573089e-43,"0","NFKB2"
7.01123313615525e-47,0.282500770150191,0.271,0.194,1.71438672645268e-42,"0","CHCHD7"
8.9895285304655e-45,0.269740616993279,0.219,0.15,2.19811951626942e-40,"0","DSTN"
2.09793679873704e-44,0.271710456301856,0.214,0.147,5.1298750602718e-40,"0","TMEM50B"
2.28537106620314e-43,0.274312954950631,0.207,0.142,5.58818933107992e-39,"0","TMEM70"
5.38708828323867e-43,0.26834027326182,0.219,0.152,1.31725082701752e-38,"0","CWC15"
5.28678819403672e-40,0.25289386941257,0.209,0.145,1.29272544920586e-35,"0","DDIT3"
1.56295694924487e-39,0.300679763104907,0.203,0.142,3.82174233229356e-35,"0","ICAM2"
1.99809940780019e-38,0.256584599271934,0.201,0.141,4.88575267195301e-34,"0","GID8"
1.92628268429493e-33,0.271313424368567,0.208,0.151,4.71014641963796e-29,"0","SLC1A5"
3.26780479409838e-245,0.521361069370205,0.93,0.905,7.99043628252935e-241,"2","SARAF"
4.50646147654995e-171,0.401712105256843,0.973,0.928,1.10191996024599e-166,"2","BTG1"
3.59960894176745e-159,0.460659931749109,0.886,0.723,8.80176378440978e-155,"2","CREM"
2.4547129897928e-103,0.800487276819705,0.571,0.553,6.00226420264134e-99,"2","TENT5C"
1.98683058827452e-101,0.616159979643086,0.652,0.668,4.85819815444886e-97,"2","LEPROTL1"
1.93331857122276e-61,0.329043622881718,0.807,0.766,4.72735057035389e-57,"2","CD8A"
5.23907872228165e-53,0.417634046651332,0.84,0.913,1.28105952917231e-48,"2","HSP90AA1"
1.64753935381882e-50,0.532534697671352,0.571,0.556,4.02856322795777e-46,"2","RGS1"
4.80592068101272e-46,0.928435522896106,0.341,0.299,1.17514372492123e-41,"2","PDCD1"
9.30358781856213e-45,0.513234467534685,0.59,0.633,2.27491329339481e-40,"2","COTL1"
9.04288465194226e-37,0.81664876483609,0.398,0.399,2.21116615509292e-32,"2","SRRT"
8.24013617205069e-36,1.28834446188616,0.201,0.156,2.01487809678984e-31,"2","CD38"
1.9945222374661e-32,0.34506488820858,0.648,0.678,4.8770057750521e-28,"2","EZR"
3.54937310331891e-31,0.254807024161415,0.138,0.232,8.6789271122354e-27,"2","CNOT7"
6.53398279914882e-30,0.257641149788922,0.147,0.244,1.59768947404787e-25,"2","ATP6V0D1"
2.23557390423084e-29,0.36688246982143,0.684,0.804,5.46642531062525e-25,"2","YWHAB"
1.11247016983063e-28,1.10970064334688,0.253,0.224,2.72021205926987e-24,"2","PDE4D"
1.14156721874035e-28,0.256564513178048,0.184,0.299,2.7913601632639e-24,"2","NRBP1"
1.36042654699395e-28,0.271035518864666,0.126,0.21,3.32651499270961e-24,"2","NDEL1"
2.00639319708663e-27,0.258142432553832,0.192,0.308,4.90603264551624e-23,"2","AP2M1"
3.56959643155682e-27,0.259710253642103,0.121,0.201,8.72837719444274e-23,"2","AP3S1"
7.23706373554249e-27,0.255826398427722,0.146,0.237,1.76960682461485e-22,"2","RAB11A"
9.07907725451448e-27,0.256010469162749,0.129,0.212,2.22001597027388e-22,"2","PSMD2"
6.02717804005159e-26,0.259425855765167,0.18,0.287,1.47376557435341e-21,"2","YWHAE"
7.55488190651826e-26,0.285601978647485,0.121,0.2,1.84731972378185e-21,"2","SEC23B"
1.49730415604009e-25,0.277001522055976,0.623,0.642,3.66120812234922e-21,"2","TNFAIP3"
2.8311068079575e-25,0.264637270566527,0.137,0.221,6.92262236681767e-21,"2","C19orf24"
3.39827346782387e-25,0.257350170840028,0.135,0.218,8.30945828352292e-21,"2","LUC7L2"
3.70036575704834e-25,0.277772496992342,0.123,0.201,9.0481343491346e-21,"2","SNF8"
3.93903031782672e-25,0.281390970654432,0.142,0.229,9.63171693314989e-21,"2","VOPP1"
3.98561743393456e-25,0.260204669279229,0.206,0.325,9.74563174945678e-21,"2","CCT2"
5.32334535626272e-25,0.251825364046093,0.173,0.275,1.30166440651336e-20,"2","NUDC"
7.40189642161627e-25,0.266834182943915,0.188,0.297,1.80991171301361e-20,"2","ZNF706"
4.88565798335562e-24,0.250341578538824,0.171,0.267,1.19464109009012e-19,"2","TMF1"
8.94339831252679e-24,0.300847816673469,0.147,0.233,2.18683975537905e-19,"2","RBM17"
1.10091712883934e-23,0.282641873151602,0.125,0.201,2.69196256343796e-19,"2","MRPL10"
1.90480617346605e-23,0.320743069130652,0.184,0.29,4.65763205535918e-19,"2","CCT5"
4.2092728215446e-23,0.27576397099438,0.196,0.306,1.02925139032409e-18,"2","M6PR"
1.38761293197949e-22,0.283395845218147,0.136,0.216,3.39299114127626e-18,"2","RAB6A"
1.49895560075904e-22,0.256115004969546,0.235,0.367,3.665246234976e-18,"2","PRDX5"
1.51303462512077e-22,0.277736697607108,0.147,0.231,3.6996722653453e-18,"2","CHCHD10"
1.72932816841507e-22,0.347046568734471,0.142,0.224,4.22855323740853e-18,"2","CNIH1"
1.88056114383592e-22,0.321331471621046,0.179,0.279,4.5983481089076e-18,"2","ARIH2"
1.94407744864322e-22,0.594021106918837,0.505,0.596,4.75365817742241e-18,"2","MYH9"
5.12549888875884e-22,0.357607666668194,0.631,0.743,1.25328698827931e-17,"2","FYN"
6.40715908574758e-22,0.460720302339171,0.532,0.598,1.566678539647e-17,"2","SH2D2A"
7.88032559558037e-22,0.286001016209009,0.157,0.245,1.92689721463131e-17,"2","ANP32A"
8.7536834177917e-22,0.281529355914017,0.161,0.249,2.14045066931843e-17,"2","HCG18"
8.80082683214165e-22,0.314088293778098,0.139,0.219,2.15197817699528e-17,"2","FXR1"
5.13510029287534e-21,0.264205239646282,0.238,0.366,1.25563472361388e-16,"2","MAT2B"
1.28130704682404e-20,0.26975722899551,0.743,0.837,3.13305199089415e-16,"2","HSP90AB1"
1.55685997226092e-20,0.295450705949856,0.172,0.265,3.8068340041724e-16,"2","TMEM179B"
2.10592865365802e-20,0.298738880437818,0.169,0.259,5.14941674392459e-16,"2","HBP1"
2.3260418703237e-20,0.251135636742225,0.135,0.209,5.68763758131551e-16,"2","RILPL2"
2.48947749079336e-20,0.258442299811872,0.155,0.237,6.08727036048793e-16,"2","VAMP5"
2.68908081645289e-20,0.312875465170252,0.181,0.278,6.57534041239062e-16,"2","GADD45GIP1"
2.86420996931681e-20,0.31424334584809,0.161,0.248,7.00356621697347e-16,"2","MTPN"
5.53150988475339e-20,0.369976720364948,0.157,0.243,1.3525647970199e-15,"2","TM2D3"
7.58576197311893e-20,0.306243710500574,0.218,0.334,1.85487051766704e-15,"2","AURKAIP1"
8.81752755257297e-20,0.322110505611057,0.195,0.301,2.15606183715514e-15,"2","SNRPD1"
9.77538659171877e-20,0.271652176114178,0.14,0.215,2.39027752940707e-15,"2","TNKS2"
1.3048698729214e-19,0.312013824115194,0.132,0.204,3.19066781326741e-15,"2","H2AFY"
1.42112175491016e-19,0.267942535020757,0.161,0.245,3.47492691510632e-15,"2","GPCPD1"
1.43008213620097e-19,0.3377638583783,0.161,0.246,3.49683683943862e-15,"2","MMADHC"
2.76336221702e-19,0.309365065147356,0.147,0.225,6.75697329305731e-15,"2","SNRNP200"
8.97547610363235e-19,0.273314981486709,0.228,0.341,2.19468341686018e-14,"2","ANXA5"
9.36431416250237e-19,0.270746932329392,0.253,0.384,2.28976209901508e-14,"2","FKBP1A"
1.82245260007981e-18,0.289117509382634,0.174,0.26,4.45626109771515e-14,"2","SELPLG"
3.2433807291298e-18,0.300484572449655,0.215,0.324,7.93071455886819e-14,"2","HNRNPR"
3.50955927805517e-18,0.273370893059735,0.191,0.284,8.5815743467005e-14,"2","APOL6"
3.5258409354343e-18,0.297254544570154,0.223,0.335,8.62138625532395e-14,"2","SLBP"
4.23390526234605e-18,0.279779467159995,0.23,0.346,1.03527451474886e-13,"2","ORAI1"
4.9105301082729e-18,0.386342032624246,0.136,0.208,1.20072282207489e-13,"2","ZFAND6"
6.81903644794885e-18,0.41854707989728,0.14,0.213,1.66739079225245e-13,"2","MRPL47"
8.06289789535007e-18,0.332420760093949,0.145,0.219,1.971539793371e-13,"2","ACIN1"
9.67215398343291e-18,0.26433898720519,0.251,0.376,2.36503509202901e-13,"2","PAK2"
1.38486650747396e-17,0.292084866434746,0.204,0.306,3.38627558407532e-13,"2","TCP1"
1.40748460119196e-17,0.345265372059357,0.142,0.215,3.44158134683458e-13,"2","CALCOCO2"
2.00734306095225e-17,0.25339640410444,0.254,0.382,4.90835525264044e-13,"2","RAC1"
2.16507472327743e-17,1.09467424664324,0.259,0.254,5.29404071335797e-13,"2","ATP8A1"
3.55711373516878e-17,0.313935463296541,0.194,0.289,8.69785450523471e-13,"2","CYFIP2"
4.90650786234667e-17,0.386413827185012,0.142,0.214,1.19973930250101e-12,"2","CASP3"
5.96909839545885e-17,0.296228231994101,0.161,0.238,1.4595639396576e-12,"2","FASLG"
7.79878356061773e-17,0.315102451257546,0.204,0.304,1.90695855624225e-12,"2","MRFAP1"
8.44134204069232e-17,0.307102260015639,0.248,0.371,2.06407695579009e-12,"2","SF3A1"
9.05253704083355e-17,0.370366287361552,0.182,0.273,2.21352635722462e-12,"2","GOLPH3"
9.72889848104263e-17,0.342086525339942,0.148,0.221,2.37891025658454e-12,"2","HSPA4"
1.22519862535348e-16,0.262809924075684,0.295,0.43,2.99585567871434e-12,"2","HERPUD1"
1.4761021579289e-16,0.312199805947181,0.17,0.252,3.60936499656775e-12,"2","CCNT1"
1.81233845365454e-16,0.34797170042265,0.158,0.235,4.43152998687608e-12,"2","PARP1"
2.36769886469189e-16,0.271482406434199,0.234,0.341,5.7894972639446e-12,"2","HMGB2"
2.57872408856908e-16,0.343408830558823,0.158,0.234,6.30549614136911e-12,"2","LASP1"
2.69329155149909e-16,0.870737652728122,0.36,0.388,6.58563650172558e-12,"2","ISG15"
2.79043019224335e-16,0.359610669672983,0.139,0.208,6.82315990607343e-12,"2","CMTM7"
3.06436768334911e-16,0.271823362214682,0.259,0.384,7.49299185932524e-12,"2","RAB5IF"
3.06873417986705e-16,0.356018487094968,0.149,0.221,7.5036688166109e-12,"2","BCL11B"
3.2708608111077e-16,0.276477181059217,0.208,0.306,7.99790885532054e-12,"2","IDH2"
3.62332544997945e-16,0.303779534649187,0.213,0.316,8.85975539028975e-12,"2","CYTH1"
6.42559452740987e-16,0.563742740889714,0.471,0.541,1.57118637384226e-11,"2","ISG20"
7.18582757116178e-16,0.345993233917673,0.204,0.304,1.75707855770048e-11,"2","MLF2"
1.56869581288319e-15,0.321429203688798,0.184,0.269,3.83577500166198e-11,"2","STARD7"
1.97916873183327e-15,0.261607087223071,0.26,0.383,4.83946338307872e-11,"2","HP1BP3"
4.47839565330878e-15,0.280506293384743,0.235,0.344,1.09505730514706e-10,"2","IQGAP2"
5.56110558629353e-15,0.360705731343106,0.156,0.228,1.35980153796049e-10,"2","HNRNPD"
1.11088792903099e-14,0.361563399657598,0.224,0.331,2.71634316406657e-10,"2","CCT3"
2.25467756586286e-14,0.304052043624218,0.272,0.401,5.51313758404786e-10,"2","ARHGEF1"
5.84321970572834e-14,0.373646582480538,0.189,0.274,1.42878408244469e-09,"2","GPRIN3"
1.03465040065458e-13,0.256280240828383,0.298,0.437,2.52992715968057e-09,"2","GTF2B"
1.14230050437226e-13,0.279598063128383,0.274,0.398,2.79315319329104e-09,"2","MBP"
1.83332483078322e-13,0.287720188962435,0.276,0.406,4.48284587623114e-09,"2","TAX1BP1"
1.83709748542561e-13,0.397448634489837,0.144,0.209,4.4920707713627e-09,"2","GNA13"
2.20205830166647e-13,0.33488369818217,0.188,0.271,5.38447295923484e-09,"2","GLS"
3.27731707945423e-13,0.402293971217572,0.299,0.274,8.01369572268148e-09,"2","DUSP4"
4.99293336743474e-13,0.29425645739787,0.254,0.366,1.22087206700514e-08,"2","MAPRE2"
5.82832105098789e-13,0.325012425237926,0.144,0.206,1.42514106338756e-08,"2","BIRC6"
6.80767473733116e-13,0.426040715561707,0.142,0.206,1.66461262677222e-08,"2","SDHA"
7.24695739839119e-13,0.409455071908195,0.155,0.223,1.77202602305461e-08,"2","RNF168"
7.34727151784485e-13,0.28125839619574,0.295,0.435,1.79655483154342e-08,"2","EWSR1"
8.06208066621931e-13,0.367776644317261,0.178,0.253,1.97133996450395e-08,"2","GBP2"
9.57212373509579e-13,0.351628184859514,0.26,0.384,2.34057569570562e-08,"2","UQCRFS1"
9.94625040384633e-13,0.351941123977191,0.16,0.226,2.4320571487485e-08,"2","ABLIM1"
1.43424659879047e-12,0.276573912383315,0.264,0.381,3.50701978336245e-08,"2","YPEL3"
1.59412745308063e-12,0.345746988959194,0.203,0.29,3.89796044827275e-08,"2","IFI16"
1.89865050056298e-12,0.366120371079593,0.219,0.317,4.6425802039766e-08,"2","NDUFV2"
1.96983803124322e-12,0.382969902288803,0.225,0.325,4.81664795399591e-08,"2","PRKAR1A"
2.7422924100568e-12,0.333163934599792,0.202,0.288,6.70545340107088e-08,"2","SEMA4D"
3.71970006953545e-12,0.383582172530198,0.15,0.214,9.09541061002808e-08,"2","OGT"
5.07481475860635e-12,0.356686570546725,0.216,0.309,1.24089370477442e-07,"2","ADAR"
5.83487809506718e-12,0.413326079743889,0.224,0.324,1.42674439180583e-07,"2","CCNDBP1"
7.80877399522552e-12,0.54825209468063,0.468,0.567,1.90940141731254e-07,"2","ETS1"
8.80351288149039e-12,0.270286761162423,0.269,0.386,2.15263496978203e-07,"2","TLN1"
9.85281714614289e-12,0.374882218014248,0.602,0.734,2.40921084857486e-07,"2","LCP1"
1.16405987225374e-11,0.300608476675874,0.265,0.378,2.84635919963485e-07,"2","CBLB"
1.18771839625861e-11,0.472792325919631,0.146,0.209,2.90420902253155e-07,"2","DCTN6"
1.50674460692723e-11,0.374901791252506,0.2,0.282,3.68429191285847e-07,"2","PDE7A"
2.1016227347586e-11,0.359754949330027,0.177,0.251,5.13888791103174e-07,"2","SMARCA2"
2.91022847311247e-11,0.256830622640258,0.324,0.47,7.11609066245461e-07,"2","CDC42SE2"
2.94310505669467e-11,0.338486909925677,0.258,0.371,7.19648048462981e-07,"2","RNF7"
3.37887711332879e-11,0.403482656059433,0.234,0.338,8.26203031751155e-07,"2","CCT6A"
4.33069680048267e-11,0.307656246054355,0.255,0.36,1.05894198165402e-06,"2","CD6"
5.4793990844261e-11,0.278341446416035,0.273,0.387,1.33982266412387e-06,"2","TPM4"
5.99099377631139e-11,0.391478145487553,0.153,0.214,1.46491779818366e-06,"2","STIP1"
7.86470380832159e-11,0.378593235394109,0.511,0.585,1.92307737521079e-06,"2","ITM2A"
9.3310421487169e-11,0.442792649401404,0.15,0.211,2.28162642620426e-06,"2","EPB41"
1.02434554174487e-10,0.285424204347591,0.291,0.42,2.50472971867456e-06,"2","CAPZA1"
1.06896416664142e-10,0.2939201364925,0.597,0.696,2.6138311802716e-06,"2","SFPQ"
1.08775774034124e-10,0.371572232112626,0.254,0.366,2.6597852266824e-06,"2","SCAND1"
1.25377744330196e-10,0.576911251802847,0.416,0.48,3.06573660436196e-06,"2","GSPT1"
1.32709763852909e-10,0.387855264062827,0.229,0.324,3.24501914573132e-06,"2","PPP1CB"
1.4149280418946e-10,0.293460371967446,0.184,0.253,3.45978204804067e-06,"2","SIRPG"
2.39919625177351e-10,0.371852388413488,0.195,0.272,5.86651467483658e-06,"2","IL21R"
2.51313538280114e-10,0.406960427825514,0.18,0.25,6.14511863802534e-06,"2","AHSA1"
2.83349174152152e-10,0.38554336975515,0.213,0.298,6.92845400636841e-06,"2","NAMPT"
2.92687690301098e-10,0.280913413577772,0.307,0.438,7.15679940324244e-06,"2","STAT3"
3.10111525854348e-10,0.450672372222404,0.191,0.271,7.58284703019053e-06,"2","CHIC2"
3.15895802496047e-10,0.511547600959583,0.146,0.205,7.72428416263335e-06,"2","AATF"
3.63806545499181e-10,0.386716225699927,0.198,0.277,8.89579765054599e-06,"2","TOX"
4.99416639836042e-10,0.393355394448562,0.521,0.578,1.22117356772709e-05,"2","TSC22D3"
5.66668191064765e-10,0.268013540953137,0.202,0.279,1.38561706079156e-05,"2","CD81"
1.09603107732746e-09,0.336250458012408,0.166,0.228,2.6800151902811e-05,"2","THEMIS"
1.66475082199134e-09,0.322011551094987,0.302,0.432,4.07064870993322e-05,"2","SURF4"
1.97860664826529e-09,0.284539734213997,0.334,0.475,4.8380889763383e-05,"2","AKNA"
2.31343683281096e-09,0.404679758630191,0.148,0.204,5.65681574358936e-05,"2","ARHGAP45"
2.82935351041059e-09,0.440401107140466,0.191,0.266,6.91833520365597e-05,"2","MTHFD2"
3.79293632887587e-09,0.32609159367901,0.301,0.43,9.27448791136729e-05,"2","RNF149"
4.25769661783022e-09,0.44076801641761,0.213,0.297,0.000104109197699184,"2","TMX4"
4.27136413198259e-09,0.308349266565243,0.301,0.428,0.000104443395755238,"2","SF3B1"
5.01014789701006e-09,0.37241966610145,0.279,0.403,0.00012250813637769,"2","RALY"
5.22030399899516e-09,0.299051675458803,0.307,0.434,0.00012764687338343,"2","PPP1R2"
5.96751400687317e-09,0.373149303919258,0.499,0.576,0.000145917652496063,"2","SYTL3"
6.06037182311635e-09,0.392255040504971,0.254,0.358,0.000148188211818841,"2","NSD3"
6.08954768258231e-09,0.397814978284502,0.264,0.369,0.000148901619934503,"2","AOAH"
6.68069872465333e-09,0.360560068585369,0.272,0.386,0.000163356445215223,"2","MAPK1IP1L"
9.50649478769498e-09,0.378646443140382,0.228,0.313,0.000232452810548718,"2","B4GALT1"
1.01542418185271e-08,0.270040826862063,0.284,0.386,0.000248291520946625,"2","TIGIT"
1.02376558032977e-08,0.443988731506826,0.231,0.325,0.000250331159702235,"2","AKIRIN1"
1.03698124913836e-08,0.304360264136441,0.327,0.464,0.000253562655039311,"2","HNRNPUL1"
1.15945381395829e-08,0.354178959526213,0.611,0.747,0.000283509646589082,"2","CALR"
1.8196174111635e-08,0.522988983536587,0.448,0.551,0.000444932849377699,"2","MSN"
1.91135568401267e-08,0.362496412000348,0.176,0.238,0.000467364691854778,"2","SLFN5"
2.09927455693695e-08,0.253555525827462,0.37,0.539,0.000513314614662224,"2","SNU13"
2.82431944542689e-08,0.494499765974558,0.149,0.202,0.000690602590795784,"2","GPR18"
3.16204076267723e-08,0.31431878139092,0.307,0.434,0.000773182207289835,"2","RHOG"
3.64010091589553e-08,0.681754727539324,0.227,0.219,0.000890077475954774,"2","TNFRSF9"
6.10870937237339e-08,0.679964750464134,0.358,0.396,0.00149370161573274,"2","STAT1"
6.32956569891532e-08,0.469148928774363,0.149,0.202,0.00154770540469877,"2","NCKAP1L"
9.96071973902801e-08,0.470579082997838,0.209,0.288,0.00243559519058713,"2","PPM1G"
1.05649895414854e-07,0.346127324824983,0.299,0.424,0.00258335124268402,"2","HSPA9"
2.36536958736872e-07,0.607071840997747,0.156,0.213,0.00578380171503399,"2","SURF2"
3.62675264322293e-07,0.438561158286194,0.168,0.223,0.00886813556320872,"2","HNRNPLL"
6.21349079178089e-07,0.370274376014939,0.276,0.376,0.0151932276840626,"2","KPNA2"
7.76418715037245e-07,0.384759220607994,0.5,0.59,0.0189849904200907,"2","HSPD1"
9.48207383233897e-07,0.470470425332533,0.24,0.333,0.0231855669348352,"2","NONO"
1.04937066126329e-06,0.483585509149471,0.198,0.269,0.02565921140921,"2","TBCC"
1.12524708308686e-06,0.463038062079741,0.386,0.428,0.0275145416756398,"2","HLA-DQA1"
1.21062273367742e-06,0.783170054960254,0.272,0.297,0.0296021470838802,"2","ITK"
1.79314177043988e-06,0.385319329287789,0.258,0.35,0.0438459025707959,"2","SMAP2"
2.66365198300944e-06,0.518100392097834,0.166,0.216,0.0651316182885467,"2","HIST1H1E"
3.08002262586898e-06,0.414755562362919,0.251,0.341,0.0753127132477484,"2","POLR2A"
3.5492069224192e-06,0.468811941025542,0.237,0.323,0.0867852076669943,"2","STK10"
6.59968318806334e-06,0.388900369735108,0.499,0.62,0.161375453314525,"2","STK17B"
1.67211905687074e-05,0.388414330440463,0.303,0.418,0.408866551786033,"2","NOP58"
1.71129077104079e-05,0.364015628710479,0.288,0.386,0.418444819334894,"2","LYST"
2.76584775815319e-05,0.441512246300801,0.248,0.335,0.676305093823618,"2","ISCA1"
2.81479726372057e-05,0.44851445672014,0.25,0.334,0.688274226924954,"2","SPTAN1"
2.92752737900525e-05,0.264557309791766,0.383,0.532,0.715838994714364,"2","SLC38A1"
3.25396732742745e-05,0.305021551542091,0.343,0.477,0.795660090902559,"2","DRAP1"
5.0593055804171e-05,0.522205948417178,0.21,0.279,1,"2","TAF15"
5.6826853574971e-05,0.30907417218336,0.556,0.671,1,"2","IRF1"
6.56673970589801e-05,0.304137085112274,0.341,0.468,1,"2","ARID4B"
0.000135052524406948,0.47946555625283,0.208,0.268,1,"2","TRAT1"
0.000181318848149604,0.316094935262482,0.466,0.551,1,"2","CEMIP2"
0.000214460358518057,0.362452261951389,0.305,0.413,1,"2","SMCHD1"
0.000288473005687061,0.571194405682626,0.211,0.278,1,"2","DYNLT1"
0.000343902565314782,0.316744227274651,0.349,0.478,1,"2","PRKCH"
0.000768443339754126,0.481985283804692,0.173,0.219,1,"2","CD28"
0.000787266601538872,0.49502458285155,0.469,0.569,1,"2","SAT1"
0.00107971500198542,0.358589631070796,0.338,0.453,1,"2","CYTIP"
0.0013273087718168,0.300641112861292,0.27,0.336,1,"2","CXCR6"
0.00133356579767025,0.376952868073678,0.442,0.519,1,"2","ATP1B3"
0.00136741739628242,0.403511012167375,0.328,0.45,1,"2","APBB1IP"
0.00137575405716873,0.359779060334596,0.344,0.461,1,"2","RNF125"
0.00203119856461855,0.395511642688717,0.339,0.467,1,"2","JPT1"
0.00214733243727864,0.31714551604374,0.373,0.502,1,"2","G3BP2"
0.00298041909707819,0.381944877084633,0.185,0.225,1,"2","ENC1"
0.00404448227352629,0.42876902046248,0.263,0.337,1,"2","SLA2"
0.00419238612050098,0.597482820520014,0.363,0.438,1,"2","ITGA4"
0.0045979805377422,0.264851716077048,0.405,0.564,1,"2","CAP1"
0.0068387317969826,0.340563618495146,0.339,0.448,1,"2","CLEC2D"
0.00772282534844517,0.266883469491458,0.403,0.544,1,"2","AKAP13"
0.00832930304916453,0.585491412502589,0.227,0.293,1,"2","NUP98"
0.0085953766794507,0.398121588182381,0.437,0.557,1,"2","UBE2B"
0,1.42820349053782,0.825,0.516,0,"5","CEMIP2"
0,1.3051114637057,0.78,0.489,0,"5","SLC38A1"
0,1.34724996208353,0.701,0.417,0,"5","PDE4B"
0,1.39504788469905,0.826,0.544,0,"5","SYTL3"
0,1.26219080743639,0.702,0.424,0,"5","RNF125"
0,1.29880591447101,0.735,0.46,0,"5","PTPN22"
0,1.2403912106204,0.891,0.619,0,"5","TNFAIP3"
0,1.29454944681148,0.786,0.519,0,"5","EML4"
0,0.946547255768393,0.877,0.703,0,"5","LCP1"
0,1.25073567584588,0.993,0.932,0,"5","PTPRC"
0,1.27425422515258,1,0.999,0,"5","MALAT1"
3.37006446743626e-315,1.04990574098099,0.87,0.666,8.24048163577513e-311,"5","HSPA5"
2.41693195455721e-308,0.966362632898196,0.877,0.658,5.9098820152833e-304,"5","EZR"
8.85875465025827e-304,1.44328896053841,0.654,0.386,2.16614268708115e-299,"5","STAT4"
1.54068075276915e-303,1.28611724808254,0.685,0.408,3.76727257667112e-299,"5","RANBP2"
6.24417228383076e-298,1.36565745843788,0.698,0.428,1.5268250068423e-293,"5","RNF19A"
2.66159773496884e-283,1.40005310870991,0.551,0.281,6.50813878154581e-279,"5","B4GALT1"
4.78383092492066e-260,1.35315215499477,0.588,0.327,1.1697423377616e-255,"5","RALGAPA1"
6.98191940499815e-255,1.26044030998749,0.591,0.334,1.70721893291015e-250,"5","CDK17"
8.86539042317569e-248,0.970912764066968,0.76,0.508,2.16776526627492e-243,"5","TNFRSF1B"
1.38313787822972e-247,0.942187073849508,0.76,0.557,3.38204873984731e-243,"5","EIF4G2"
8.82472378671686e-232,1.20853232883214,0.58,0.336,2.15782146032801e-227,"5","SMARCA5"
1.13754923725026e-228,1.21285308576917,0.607,0.364,2.78153539492433e-224,"5","CHD1"
4.39137085127059e-225,1.58577750409438,0.404,0.184,1.07377800055268e-220,"5","P2RY8"
8.29013582267604e-222,1.28404205673049,0.496,0.25,2.02710401136075e-217,"5","DDX3Y"
2.07741273726338e-221,1.45147505808414,0.447,0.216,5.07968962515641e-217,"5","GPCPD1"
3.34819631315964e-219,1.17847923200979,0.588,0.355,8.18700962493796e-215,"5","SKIL"
2.930950732759e-218,1.5405427326499,0.494,0.268,7.16676073174229e-214,"5","SYNE2"
5.73506307485213e-216,1.12772427221326,0.63,0.393,1.40233762306284e-211,"5","IQGAP1"
1.49322662985959e-212,1.16910403722242,0.634,0.411,3.65123775533267e-208,"5","ITGA4"
3.41831921034057e-212,1.21809395603092,0.598,0.363,8.35847413312477e-208,"5","AC016831.7"
4.40832935756408e-211,0.959617475169533,0.756,0.555,1.07792469451157e-206,"5","CD44"
3.29116519998378e-199,0.634171633300951,0.957,0.755,8.04755714700035e-195,"5","CXCR4"
3.49408866956991e-197,0.793253306494734,0.764,0.538,8.54374561483234e-193,"5","TENT5C"
4.69205103992788e-197,1.07288470626484,0.563,0.329,1.14730032028316e-192,"5","ZBTB1"
1.14235824171069e-193,0.801230393648478,0.774,0.59,2.79329437263097e-189,"5","STK17B"
2.69090073416027e-193,1.15905427946012,0.511,0.285,6.57979047516869e-189,"5","PPP1R16B"
2.73163225536355e-189,1.00637904513872,0.619,0.404,6.67938719081495e-185,"5","DDX6"
8.44203025600908e-189,1.29052613089813,0.441,0.227,2.06424523819934e-184,"5","RFTN1"
8.13735665902975e-186,0.936121779308741,0.78,0.609,1.98974645026596e-181,"5","PIK3R1"
1.86812586100949e-183,0.86902953466636,0.75,0.553,4.5679413553404e-179,"5","RNF213"
1.12218485416932e-181,1.29079740431755,0.471,0.259,2.74396640541481e-177,"5","MACF1"
1.27614496211569e-181,1.12215183699503,0.58,0.365,3.12042966136528e-177,"5","PTGER4"
1.43857610979958e-181,0.492068277423029,0.976,0.903,3.51760630368194e-177,"5","SARAF"
3.01739865005325e-181,1.71061415550565,0.228,0.077,7.37814317911021e-177,"5","UTY"
3.39703028459427e-181,1.16485070989126,0.524,0.308,8.30641845188992e-177,"5","CANX"
1.71165734225694e-180,1.12795591280718,0.48,0.263,4.18534453328667e-176,"5","PLEKHA2"
2.18945125696714e-180,0.942614908546273,0.771,0.58,5.35364621353604e-176,"5","SLC2A3"
1.74523431497141e-176,0.89237298102293,0.706,0.51,4.26744694696809e-172,"5","AKAP13"
1.7755400349451e-176,1.16462873233464,0.498,0.28,4.34155049344776e-172,"5","PBXIP1"
2.45021345376511e-173,0.957377883727271,0.635,0.429,5.99126193714645e-169,"5","IDS"
1.04124660247706e-172,1.26824475994332,0.433,0.227,2.54605619237691e-168,"5","VPS13C"
4.09643911993171e-170,0.972483841814127,0.621,0.416,1.0016612936057e-165,"5","NR4A3"
1.28140021692149e-166,1.12605480860213,0.509,0.302,3.13327981041642e-162,"5","EMB"
2.09852217010659e-166,1.26415886628138,0.413,0.213,5.13130641034463e-162,"5","PDE4D"
2.71177566362471e-162,1.49877491636248,0.356,0.175,6.63083385269515e-158,"5","AUTS2"
1.42840340618736e-161,1.06426944807221,0.541,0.334,3.49273200880934e-157,"5","CCND2"
5.21558565021651e-161,1.10307665957014,0.529,0.322,1.27531500319094e-156,"5","SLC38A2"
7.96536184407347e-161,1.0377654289775,0.583,0.383,1.94769027811284e-156,"5","SMCHD1"
2.56038190500822e-158,0.65229309174997,0.853,0.718,6.26064583412609e-154,"5","FYN"
6.05780582208014e-157,1.03920454461913,0.541,0.33,1.48125467961504e-152,"5","KIAA1551"
8.03405387605809e-157,0.967328630661982,0.601,0.397,1.96448685377373e-152,"5","RNF149"
9.3845807964634e-157,0.811135674119146,0.735,0.569,2.29471769635123e-152,"5","MBNL1"
2.26001501192536e-156,1.07416554418767,0.473,0.269,5.52618870715988e-152,"5","NUP98"
5.84240897355313e-155,1.08747497873502,0.487,0.286,1.42858584221321e-150,"5","UTRN"
9.5357840661981e-152,1.02483274169181,0.599,0.41,2.33168991986676e-147,"5","CD96"
5.29550402645983e-151,0.827662585722536,0.662,0.47,1.29485664454996e-146,"5","G3BP2"
4.27747525254373e-150,1.20179924448043,0.415,0.225,1.04592824875199e-145,"5","LBR"
8.97877644825603e-150,1.06165084821738,0.58,0.388,2.19549041712756e-145,"5","AHNAK"
2.03842352667793e-146,0.846015635556628,0.614,0.409,4.98435320743288e-142,"5","DDX17"
1.81928437651869e-145,1.14076814938648,0.474,0.28,4.44851415746351e-141,"5","TIPARP"
2.84123496670969e-145,1.16761572667046,0.44,0.249,6.94738774059852e-141,"5","LNPEP"
3.22321000376311e-145,0.739180279494811,0.768,0.615,7.88139310120155e-141,"5","PDIA3"
8.7059338990653e-145,0.804005736997465,0.727,0.545,2.12877495699945e-140,"5","REL"
2.19966025882016e-144,1.24471804993947,0.374,0.194,5.37860926486705e-140,"5","FBXO34"
4.46256284716845e-143,1.15857948474366,0.381,0.198,1.09118586738963e-138,"5","GGA2"
5.28748169505212e-143,1.41025281391457,0.35,0.179,1.29289502407414e-138,"5","GOLGB1"
7.5474267153148e-143,0.933010006148925,0.59,0.396,1.84549678042877e-138,"5","CNOT6L"
1.49647956784507e-142,0.985222474270731,0.538,0.344,3.65919183929477e-138,"5","SRPRA"
2.13939427319857e-142,1.79410722846872,0.206,0.077,5.23124687682515e-138,"5","HIST1H1D"
2.45922729171201e-140,0.747541504732836,0.712,0.54,6.0133025736942e-136,"5","STK4"
1.09093244923846e-139,0.920010084558939,0.563,0.365,2.66754802487788e-135,"5","SERINC1"
1.2191206215447e-139,0.886271849527613,0.643,0.457,2.9809937438011e-135,"5","SPOCK2"
2.54494058257609e-139,1.15562635669081,0.432,0.249,6.22288871251505e-135,"5","GPRIN3"
2.54017675220238e-138,1.06878672172578,0.496,0.308,6.21124019448525e-134,"5","ARAP2"
3.02191412361134e-137,1.15109083750837,0.424,0.241,7.38918441505445e-133,"5","ATP8A1"
1.23626215041736e-134,1.48617109136953,0.292,0.138,3.02290821020053e-130,"5","TGFBR3"
9.82360698655795e-130,0.82707969119245,0.649,0.471,2.40206838035315e-125,"5","SAMSN1"
4.01987701256062e-129,1.47675462083173,0.237,0.1,9.82940327111322e-125,"5","MTMR6"
5.53099205915676e-128,0.803063550043569,0.704,0.551,1.35243817830501e-123,"5","PRRC2C"
1.19415198113701e-127,1.55826159496135,0.218,0.088,2.91994042427621e-123,"5","RELL1"
8.75107762222838e-127,1.43762171278651,0.24,0.102,2.13981350018728e-122,"5","SPTBN1"
5.08569470223875e-125,0.982317964536966,0.489,0.306,1.24355406859142e-120,"5","SLC7A5"
2.09773341009056e-124,1.17661294695564,0.333,0.17,5.12937773435343e-120,"5","TM9SF3"
3.37131175733488e-122,1.14075070351455,0.39,0.221,8.24353150903525e-118,"5","NIPBL"
7.30420521075918e-120,1.22839445720166,0.291,0.14,1.78602425813483e-115,"5","MAP3K2"
9.71974253970575e-120,1.11768786291048,0.367,0.201,2.37667144580885e-115,"5","RNF168"
5.18634392055097e-119,1.24491848242228,0.338,0.18,1.26816481545312e-114,"5","SACM1L"
1.50646077497705e-118,0.664387800664571,0.713,0.553,3.68359788697389e-114,"5","HNRNPU"
1.93428300150191e-118,1.15420868299918,0.355,0.194,4.72970879527248e-114,"5","DOCK10"
3.74669164734276e-118,1.0350186574398,0.468,0.293,9.16141041608252e-114,"5","IL10RA"
7.59149285380109e-118,0.809804854198165,0.707,0.561,1.85627183261144e-113,"5","ADGRE5"
1.5490955850012e-117,1.08699364647823,0.429,0.257,3.78784852444494e-113,"5","SERPINB9"
3.07896943012559e-117,0.766960440705294,0.67,0.493,7.5286960505431e-113,"5","NR3C1"
2.83947310189788e-116,1.0713331768686,0.423,0.254,6.94307962876068e-112,"5","ATF7IP"
3.24364995708648e-116,1.27305128724038,0.321,0.167,7.93137287506787e-112,"5","CEP350"
9.97373855589858e-116,1.05307032070111,0.418,0.248,2.43877855168832e-111,"5","IL21R"
1.13373864763319e-115,1.60010082211324,0.214,0.09,2.77221774119268e-111,"5","PDE3B"
1.42604256698697e-114,1.22113045327616,0.293,0.144,3.48695928479654e-110,"5","HUWE1"
3.33405187463282e-114,0.890196053344998,0.54,0.363,8.15242364385217e-110,"5","CDKN1B"
4.91695398402488e-114,0.747314062365003,0.583,0.41,1.20229358817376e-109,"5","ACTR2"
3.22774177428504e-113,1.10792726083602,0.345,0.185,7.89247418648177e-109,"5","BIRC6"
4.99543688952728e-113,0.796711494004783,0.585,0.413,1.22148422822721e-108,"5","USP36"
1.47279095008418e-112,1.15724508051493,0.346,0.19,3.60126843114584e-108,"5","ELL2"
6.43529343464325e-112,1.00169819555849,0.542,0.386,1.57355795063897e-107,"5","ZEB2"
1.12502727562725e-111,0.778383560966628,0.547,0.368,2.75091669436376e-107,"5","MATR3-1"
3.01545371471788e-111,0.357767282647615,0.994,0.997,7.37338742322816e-107,"5","HLA-A"
7.38361442674948e-111,1.3409226682432,0.261,0.124,1.80544139962878e-106,"5","CYP51A1"
1.13665098423312e-110,1.47671019784203,0.223,0.098,2.77933898664684e-106,"5","HSPA13"
4.36000277891435e-110,1.18805139331535,0.365,0.207,1.06610787950014e-105,"5","ENC1"
7.84255717780258e-110,1.10549977542819,0.362,0.202,1.91766208111629e-105,"5","ATP2B4"
4.00169822245118e-108,0.794181058925115,0.679,0.529,9.78495249353763e-104,"5","HSP90B1"
7.32568189377533e-108,1.05407364033483,0.368,0.208,1.79127573666594e-103,"5","CD46"
1.45708769406367e-107,0.836970712724463,0.486,0.309,3.56287082952449e-103,"5","SPTAN1"
2.91540734704873e-107,0.872063797699295,0.581,0.421,7.12875404500355e-103,"5","CLEC2D"
2.3657586014703e-106,1.14828345357305,0.322,0.173,5.78475293231517e-102,"5","CCDC47"
2.47445235763031e-106,1.05142012494651,0.384,0.225,6.05053090487763e-102,"5","HCG18"
2.68974896474157e-106,1.00439925567413,0.379,0.218,6.57697416858609e-102,"5","GLG1"
4.45859787306809e-106,1.24423147838658,0.259,0.125,1.09021635192261e-101,"5","SPAG9"
7.78247118423489e-106,0.599743901522643,0.721,0.572,1.90296985396911e-101,"5","MYH9"
1.12024154866068e-105,1.01855617757299,0.41,0.249,2.73921463478508e-101,"5","CRYBG1"
1.17137623181979e-105,0.869463345335111,0.52,0.354,2.86424916204574e-101,"5","RAB8B"
6.53871677191269e-105,0.806710875233614,0.562,0.399,1.59884702506809e-100,"5","SF3B1"
1.18143074437355e-103,0.940661985233058,0.513,0.35,2.8888344561422e-99,"5","CBLB"
1.38139083325339e-103,0.714531823300254,0.662,0.496,3.3777768654712e-99,"5","ATP1B3"
4.34603911272711e-103,0.947972688366107,0.45,0.29,1.06269348384403e-98,"5","CYTH1"
4.86746400651637e-103,0.681483721022015,0.685,0.543,1.19019229887338e-98,"5","ETS1"
1.08985504133981e-102,0.930153511790398,0.393,0.234,2.66491354708411e-98,"5","JOSD1"
1.47724746960533e-102,1.14588952476403,0.373,0.222,3.61216551267895e-98,"5","CAMK4"
4.85906276744616e-102,1.25596151901716,0.308,0.165,1.18813802789593e-97,"5","BRAF"
5.1760605730349e-102,1.30251018420745,0.262,0.13,1.26565033131849e-97,"5","SUCO"
2.77464143269036e-101,0.689812112065509,0.613,0.448,6.78455323121447e-97,"5","DDX3X"
4.16205293022546e-101,0.560263407561076,0.779,0.635,1.01770518249873e-96,"5","FUS"
5.62144341067191e-101,0.441660873583298,0.911,0.804,1.37455534277749e-96,"5","SRSF7"
2.31835501487986e-100,0.933625676545224,0.407,0.247,5.66884168238424e-96,"5","PRPF8"
2.34735929402725e-100,0.986782601427772,0.437,0.279,5.73976294575543e-96,"5","USP15"
3.90447995163671e-100,1.10163955909149,0.294,0.153,9.54723437774208e-96,"5","MSL2"
4.84298938830718e-99,0.926980699073555,0.411,0.252,1.18420776522887e-94,"5","PAFAH1B1"
2.95457549417631e-98,1.19132350602075,0.278,0.143,7.22452799835991e-94,"5","CYP20A1"
5.78600402994013e-98,1.18876902820704,0.265,0.133,1.41479370540096e-93,"5","SEL1L"
1.78273070881335e-97,0.622216667502422,0.675,0.526,4.3591331291904e-93,"5","MSN"
4.13754026384421e-97,1.21737332491036,0.243,0.117,1.01171134531519e-92,"5","ARFGEF1"
4.82850753159074e-97,1.25588444818958,0.235,0.111,1.18066666162457e-92,"5","RCOR1"
5.0274916209445e-97,0.96878331038412,0.369,0.216,1.22932225115335e-92,"5","PTBP3"
2.30096767172866e-96,0.916544190154843,0.516,0.362,5.62632615091092e-92,"5","TC2N"
6.11791293918184e-96,0.654075483928572,0.702,0.561,1.49595207188874e-91,"5","KMT2E"
4.36897824505688e-95,1.16121593352105,0.329,0.188,1.06830256048131e-90,"5","HECTD1"
6.5547862573374e-95,1.02425358843442,0.331,0.188,1.60277633564414e-90,"5","COPA"
7.62576816019738e-95,1.13482488899098,0.31,0.17,1.86465283053146e-90,"5","SLC20A1"
1.15840596997764e-94,0.98302683504348,0.413,0.259,2.83253427778932e-90,"5","APOL6"
3.67111950526463e-94,0.773629667200119,0.59,0.445,8.97662141427308e-90,"5","AKNA"
6.95702285760978e-94,1.06056178846425,0.36,0.214,1.70113122914274e-89,"5","GOLGA4"
2.40598540381583e-93,0.953381096964783,0.432,0.282,5.88311550941047e-89,"5","ITK"
3.13315363628052e-93,1.08632309999312,0.354,0.206,7.66118727143312e-89,"5","ABLIM1"
9.32970269832135e-93,1.11085706837954,0.294,0.158,2.28129890379354e-88,"5","GFPT1"
1.37234980772744e-92,0.739241554199664,0.592,0.439,3.35566974985514e-88,"5","ARID4B"
1.83230009289102e-92,1.09431342714491,0.397,0.246,4.48034018713713e-88,"5","NFKB1"
2.66687964857926e-92,0.799842567953514,0.483,0.327,6.521054116706e-88,"5","NAA50"
4.53916936464659e-92,0.591438296340967,0.694,0.545,1.10991769304339e-87,"5","BTG2"
9.99130856639538e-92,0.340450196981934,0.976,0.964,2.443074770655e-87,"5","HLA-E"
1.39738989970772e-91,1.223211915513,0.244,0.121,3.41689778276532e-87,"5","TMEM30A"
1.86114750215954e-91,1.19680808517977,0.249,0.124,4.55087787228051e-87,"5","KAT6A"
1.01041981291702e-90,0.995145802308799,0.352,0.205,2.47067852654471e-86,"5","TGFBR2"
3.05772107483447e-90,1.28418215895808,0.292,0.161,7.47673957218525e-86,"5","ATP2B1"
1.16915057558371e-89,1.39934559920111,0.203,0.093,2.8588069874173e-85,"5","ITPR1"
1.58693828167001e-89,0.694083802304965,0.563,0.408,3.88038148633951e-85,"5","STAT3"
3.02127504926668e-89,0.973266929886237,0.39,0.243,7.38762175046688e-85,"5","TMF1"
6.69876012086855e-89,0.612424631049191,0.683,0.558,1.63798082475478e-84,"5","JAK1"
9.71385890333013e-89,1.09102266478435,0.511,0.369,2.37523277904228e-84,"5","NEAT1"
1.03460668429051e-88,0.908060830601152,0.4,0.249,2.52982026442714e-84,"5","GLS"
1.42567882041644e-88,1.06962379308788,0.306,0.171,3.48606985168227e-84,"5","DHX9"
1.48064829607406e-88,1.17411873300206,0.244,0.122,3.62048121356028e-84,"5","RAP2B"
3.69523326332286e-87,0.692042750369599,0.578,0.427,9.03558437547706e-83,"5","FNBP1"
1.47622617878329e-86,1.0964509303854,0.243,0.121,3.6096682523609e-82,"5","AP1G1"
3.36624870418091e-86,0.851219032363599,0.434,0.283,8.23115133146315e-82,"5","DYNC1H1"
4.04226125488726e-86,1.21287399455879,0.243,0.123,9.88413722045034e-82,"5","HAUS3"
5.3451451364016e-86,1.15338757613672,0.35,0.212,1.30699488875292e-81,"5","ITGB1"
8.16526855948162e-86,0.694315937534967,0.581,0.439,1.99657146816445e-81,"5","CDC42SE2"
3.21026855435859e-85,1.12397553518854,0.262,0.138,7.84974866911762e-81,"5","ADAM10"
5.41394029019243e-85,0.992629074671581,0.325,0.188,1.32381667975785e-80,"5","FAM13B"
9.86060614310595e-85,0.82399799042236,0.486,0.341,2.41111541411227e-80,"5","SCAF11"
3.48192294815363e-83,0.920622103015216,0.483,0.344,8.51399799282526e-79,"5","AOAH"
3.64067359810816e-83,0.922634873458019,0.333,0.194,8.90217508209406e-79,"5","TNKS2"
4.27981944174754e-83,0.836224315186184,0.433,0.285,1.04650144989611e-78,"5","WNK1"
6.43490826563081e-83,0.842706889100516,0.412,0.265,1.57346376911205e-78,"5","SEMA4D"
8.69510050248447e-83,0.469882975020293,0.808,0.699,2.1261259748675e-78,"5","NCL"
9.36332149156492e-83,1.0287677198214,0.3,0.169,2.28951937111746e-78,"5","CLTC"
1.29403602782837e-82,0.912570063212375,0.338,0.198,3.16417689524593e-78,"5","HIST1H1E"
1.29894333318145e-82,0.512066462786325,0.77,0.676,3.17617623829527e-78,"5","SFPQ"
1.50235666448258e-82,1.03073234816646,0.354,0.218,3.67356251599281e-78,"5","JMJD1C"
2.23814837863709e-82,0.956596937901046,0.369,0.229,5.47272041544341e-78,"5","PCM1"
1.05823662653165e-81,1.08644257060321,0.28,0.154,2.58760019919519e-77,"5","KMT2C"
2.3194396481143e-81,1.23642062214089,0.211,0.103,5.67149382756909e-77,"5","BTAF1"
9.0161431654056e-81,0.527472777909529,0.711,0.558,2.20462732680498e-76,"5","VPS37B"
1.05904648713808e-80,1.01308354606061,0.319,0.186,2.58958047035003e-76,"5","SC5D"
1.13718609892807e-80,0.928899746799238,0.369,0.23,2.78064744909892e-76,"5","CCNT1"
6.63693708890426e-80,1.17657272474479,0.227,0.115,1.62286385697887e-75,"5","COL4A3BP"
1.17034690901817e-79,0.969903853675067,0.307,0.176,2.86173226193123e-75,"5","TRPC4AP"
1.23493094061699e-79,1.05023858067256,0.255,0.134,3.01965313599667e-75,"5","TLK1"
2.30487971005875e-79,1.13636379053348,0.264,0.143,5.63589186703565e-75,"5","ETV3"
2.35114967154194e-79,1.03986399885556,0.334,0.203,5.74903117685434e-75,"5","CD28"
5.73316567281858e-79,0.873997648802154,0.366,0.226,1.4018736703176e-74,"5","PFKFB3"
7.22723160768606e-79,1.11432118091264,0.312,0.185,1.7672026727114e-74,"5","BHLHE40"
1.32079006100711e-78,0.998360670151887,0.335,0.202,3.22959585717459e-74,"5","PHF3"
1.42700934976481e-78,1.26255592790781,0.203,0.098,3.48932326204491e-74,"5","KIAA1109"
2.36022344498752e-78,1.16623708337904,0.22,0.11,5.77121836768347e-74,"5","EP300"
2.45278039214892e-78,0.497075545757443,0.784,0.656,5.99753861488255e-74,"5","LEPROTL1"
3.18016552208133e-78,0.682090053339688,0.511,0.358,7.77614073459328e-74,"5","TLN1"
5.37816677239274e-78,0.806141656632053,0.429,0.286,1.31506933918547e-73,"5","PPP1R10"
1.11365964555337e-77,1.41859030693098,0.217,0.111,2.7231205653071e-73,"5","PBX4"
1.67064422232253e-77,1.08370710995115,0.235,0.121,4.08505925242306e-73,"5","ASCC3"
2.13080228399826e-77,1.22869011922778,0.221,0.113,5.21023774483255e-73,"5","HGSNAT"
4.09337162161521e-77,1.14816269151174,0.214,0.106,1.00091122891735e-72,"5","MON2"
4.88503632959129e-77,0.9540738101125,0.335,0.201,1.19448908331166e-72,"5","SYNE1"
1.96749512493092e-76,0.8184122072232,0.441,0.299,4.8109190794811e-72,"5","IVNS1ABP"
2.50657027959995e-76,0.799487360053103,0.444,0.3,6.12906564767779e-72,"5","DOCK8"
5.63285154166897e-76,0.775300259894868,0.485,0.348,1.3773448589689e-71,"5","GPBP1"
1.49466493334193e-75,1.01247294392161,0.324,0.197,3.6547546950077e-71,"5","ASXL2"
7.40845094420265e-75,0.848205608010633,0.376,0.24,1.81151442487643e-70,"5","PPP4R3A"
1.48547350497799e-74,0.978445653195185,0.31,0.184,3.63227981437217e-70,"5","DNAJC3"
3.73455385983554e-74,1.06491665858366,0.329,0.201,9.13173109806987e-70,"5","ICOS"
1.40708333270081e-73,1.25309392015616,0.2,0.098,3.44060016512002e-69,"5","TRPM7"
1.45727202659639e-73,1.08247489363443,0.283,0.163,3.5633215594335e-69,"5","BORCS5"
2.27038062401714e-73,1.06132594202781,0.241,0.129,5.55153470184671e-69,"5","ZC3H18"
3.15195654953897e-73,0.803189593849503,0.419,0.282,7.70716415493269e-69,"5","DIAPH1"
3.24413019032232e-73,1.06456959603781,0.239,0.126,7.93254714137613e-69,"5","RLF"
4.3459646363456e-73,1.03960262263642,0.258,0.142,1.06267527287923e-68,"5","USP47"
9.42251198286492e-73,0.758163280306149,0.426,0.286,2.30399263005013e-68,"5","ADAR"
1.46271402514945e-72,1.08843483783595,0.236,0.126,3.57662833429544e-68,"5","ZNF217"
2.58247858223166e-72,0.837396438482749,0.437,0.302,6.31467662927287e-68,"5","CD5"
3.33070494157745e-72,1.01244628507144,0.267,0.149,8.14423972314519e-68,"5","BCL2L11"
4.0341041666539e-72,0.962300667360422,0.295,0.174,9.86419150830211e-68,"5","HELZ"
5.58874278334907e-72,0.584172457980972,0.619,0.479,1.36655938538452e-67,"5","RSRP1"
7.49014717076828e-72,1.06836903626875,0.274,0.157,1.83149078619626e-67,"5","TUT4"
1.26744392329093e-71,1.16308472440219,0.214,0.11,3.09915388123097e-67,"5","KDM2B"
1.96911324392185e-71,0.761773704530775,0.445,0.307,4.81487570403771e-67,"5","ATP1A1"
2.7715423016697e-71,0.989957279138423,0.433,0.301,6.77697523604274e-67,"5","BIRC3"
3.98167732659665e-71,1.1237827863711,0.222,0.116,9.73599739899413e-67,"5","LMBR1"
6.92624887944883e-71,1.18731499868975,0.205,0.104,1.69360637600283e-66,"5","KCTD20"
1.24828197282955e-70,1.06923999632944,0.216,0.111,3.05229907996282e-66,"5","TRIP12"
1.38665813259559e-70,0.974343832459996,0.304,0.182,3.39065646582273e-66,"5","XRN1"
1.23315626074429e-69,1.07350058455406,0.249,0.138,3.01531368877193e-65,"5","CCDC93"
2.96175880036474e-69,0.99148498812457,0.286,0.168,7.24209261865187e-65,"5","PRKDC"
5.90368343747737e-69,0.925111740618832,0.292,0.172,1.44356867413197e-64,"5","NRDC"
6.57941436098807e-69,1.01546035095769,0.263,0.149,1.6087983995488e-64,"5","MARCH6"
7.35927664739558e-69,0.449062157266186,0.773,0.636,1.79949032582117e-64,"5","ZNF331"
9.17340260470062e-69,1.02848533077104,0.271,0.156,2.24308040490139e-64,"5","FAM118A"
9.32182783171552e-69,1.12265771778519,0.211,0.109,2.27937334141108e-64,"5","CCNT2"
1.22376268041427e-68,0.943930540061989,0.286,0.166,2.99234450614897e-64,"5","POM121C"
1.70645927499511e-68,1.01234659299286,0.275,0.159,4.17263421921805e-64,"5","ASH1L"
3.49119128965065e-68,0.681629790827008,0.482,0.349,8.53666094145377e-64,"5","PAK2"
6.82221572997226e-68,0.92423618079055,0.326,0.204,1.66816819029282e-63,"5","STAG2"
6.86166588773699e-68,0.920204788483468,0.272,0.156,1.67781454286945e-63,"5","TRAPPC10"
9.62255841208225e-68,0.879185490563017,0.349,0.226,2.35290798292235e-63,"5","PHF20L1"
1.58649268084234e-67,0.763321236921523,0.448,0.32,3.87929190319569e-63,"5","IQGAP2"
1.84121153224726e-67,0.705007044551705,0.501,0.371,4.50213043865101e-63,"5","BCLAF1"
4.36552790433609e-67,1.07957444067163,0.25,0.141,1.06745888316826e-62,"5","MIA3"
5.38555571693094e-67,0.703397704468799,0.454,0.318,1.31687608390395e-62,"5","POLR2A"
9.66432573102369e-67,0.942976794293663,0.291,0.174,2.36312092774991e-62,"5","ZNF292"
2.05813024697491e-66,1.10378316087125,0.238,0.132,5.03254007990305e-62,"5","DENND4A"
2.36342914578703e-66,0.940262235570362,0.276,0.161,5.77905694727845e-62,"5","CAND1"
2.36979770267619e-66,1.05037916749778,0.229,0.124,5.79462934258381e-62,"5","IPO7"
6.13858176460975e-66,1.00196343070102,0.247,0.138,1.50100601308238e-61,"5","ITCH"
7.20008929524081e-66,1.09621165884998,0.252,0.143,1.76056583447228e-61,"5","SYTL2"
1.37407126468219e-65,0.885423862573218,0.318,0.198,3.35987905640088e-61,"5","PRKAR2A"
2.02568603629894e-65,1.0682556011455,0.235,0.13,4.95320749595816e-61,"5","ACSL3"
2.04949266875261e-65,0.792106362365177,0.417,0.288,5.01141947363388e-61,"5","ROCK1"
8.42016995436758e-65,0.836133651360777,0.437,0.314,2.05889995724196e-60,"5","ATRX"
8.81943429194663e-65,1.06165446582634,0.243,0.137,2.15652807306679e-60,"5","SSH2"
9.38043753808751e-65,0.7691973239659,0.463,0.336,2.29370458681316e-60,"5","CD6"
1.30595332240038e-64,0.591216878761175,0.409,0.267,3.19331706393342e-60,"5","DUSP4"
2.36766707721061e-64,0.625982984161563,0.546,0.416,5.78941953719537e-60,"5","SLA"
6.13682977105493e-64,0.534737529824367,0.591,0.462,1.50057761561835e-59,"5","GSPT1"
1.28208910122856e-63,0.884275135384348,0.383,0.256,3.13496427032407e-59,"5","CD55"
1.62911448598136e-63,0.615485755849217,0.533,0.403,3.98351074112163e-59,"5","CCNL1"
1.71131434929116e-63,0.561166936263894,0.597,0.471,4.18450584688674e-59,"5","TAPBP"
1.97662379883399e-63,0.983147533417238,0.26,0.151,4.83324051290888e-59,"5","SETX"
2.0158395545053e-63,0.676539772060395,0.443,0.314,4.92913087867636e-59,"5","G3BP1"
2.9784426065189e-63,1.19805554324188,0.205,0.109,7.28288786146001e-59,"5","GALNT11"
6.65725739364707e-63,0.848394016251131,0.323,0.204,1.62783257789458e-58,"5","TM9SF2"
1.08949946864518e-62,0.687698123548006,0.466,0.335,2.66404410073119e-58,"5","TRAM1"
1.27111619376411e-62,0.95304642611963,0.27,0.159,3.10813331699201e-58,"5","LRBA"
2.32547224257706e-62,1.02706331337554,0.233,0.13,5.68624472754943e-58,"5","KANSL1"
2.34068805380494e-62,0.77125670976026,0.408,0.285,5.72345042916383e-58,"5","SERINC3"
3.23370621966728e-62,0.807554852057406,0.365,0.243,7.90705844833043e-58,"5","TACC1"
4.71375860154316e-62,0.424500861509527,0.811,0.722,1.15260825324933e-57,"5","CALR"
1.02401117589242e-61,1.08429884945176,0.242,0.138,2.50391212729214e-57,"5","BIRC2"
1.26481438516432e-61,0.796269391556865,0.438,0.316,3.09272413460381e-57,"5","IFRD1"
2.63729752744235e-61,0.741441696664452,0.441,0.316,6.44871991410203e-57,"5","CHD2"
3.46120956240248e-61,0.813062979907446,0.386,0.262,8.46334962198655e-57,"5","PDE7A"
3.81206143561738e-61,0.695183364896771,0.478,0.35,9.32125262237163e-57,"5","PARP8"
4.33288969263304e-61,0.877500789288413,0.292,0.178,1.05947818764263e-56,"5","PJA2"
5.84169630327128e-61,0.438249727596104,0.787,0.692,1.42841158007589e-56,"5","TMBIM6"
1.51646310396204e-60,0.60433464035752,0.495,0.363,3.70805558180798e-56,"5","ZC3HAV1"
2.83359032131361e-60,1.07267772857241,0.241,0.138,6.92869505367603e-56,"5","DTHD1"
3.05531189307882e-60,1.03021564165569,0.215,0.117,7.47084864095633e-56,"5","ADIPOR2"
6.30505988227662e-60,1.06885976365473,0.222,0.123,1.54171324241428e-55,"5","SLC16A7"
6.31666434036426e-60,0.978864644463251,0.264,0.157,1.54455076450587e-55,"5","RIOK3"
6.57091263346147e-60,0.745712378810526,0.4,0.277,1.606719557134e-55,"5","NAMPT"
1.13302925490017e-59,1.00346054004688,0.211,0.113,2.7704831340819e-55,"5","MORC3"
1.95845484165212e-59,0.953849200591517,0.259,0.153,4.78881377880777e-55,"5","TOR1AIP1"
3.21987994278166e-59,0.293121901504522,0.919,0.862,7.8732504360897e-55,"5","DDX5"
6.63280001490765e-59,0.86837220650909,0.304,0.191,1.62185225964522e-54,"5","PDCD6IP"
8.55215857742143e-59,0.292581790673244,0.937,0.862,2.09117381535109e-54,"5","ZFP36L2"
1.04088058739845e-58,0.690182450116492,0.425,0.302,2.5451612123067e-54,"5","PPP1CB"
1.89960159383101e-58,0.474028578635427,0.694,0.603,4.64490581723559e-54,"5","WIPF1"
1.98647881322768e-58,1.11819871277291,0.216,0.119,4.85733799410432e-54,"5","GPR183"
2.0721811122685e-58,0.883304610317197,0.448,0.332,5.06689725571893e-54,"5","RORA"
7.21498180084855e-58,0.692369365173744,0.4,0.279,1.76420734994349e-53,"5","GRB2"
7.26523696164561e-58,1.04512969698348,0.207,0.113,1.77649574186158e-53,"5","CLIP1"
1.1944176368074e-57,0.61024985019361,0.483,0.357,2.92059000552145e-53,"5","HP1BP3"
1.43570280614215e-57,0.877624660236423,0.287,0.177,3.51058050157879e-53,"5","FRYL"
1.63741120778702e-57,0.983657830574957,0.235,0.135,4.00379788528083e-53,"5","PARP14"
2.30494148767776e-57,0.949101982632811,0.283,0.176,5.63604292566966e-53,"5","HIF1A"
2.86114358442621e-57,0.939305625407427,0.25,0.147,6.99606829263896e-53,"5","RUNX1"
3.0913895397029e-57,0.90775719395863,0.277,0.169,7.55906570248154e-53,"5","NUP58"
8.05197465761959e-57,0.899739919741408,0.269,0.162,1.96886884328114e-52,"5","SENP6"
9.15301886642223e-57,0.835060293842674,0.354,0.238,2.23809617321756e-52,"5","CTR9"
1.12932205124505e-56,0.469383011386075,0.66,0.548,2.76141827970439e-52,"5","SF1"
2.09142371105619e-56,0.834898230247696,0.294,0.184,5.11394925827459e-52,"5","SMU1"
2.13294521793616e-56,0.596399426603929,0.566,0.452,5.2154776468975e-52,"5","PRKCH"
2.33067207630817e-56,0.646009480858342,0.426,0.302,5.69895936098873e-52,"5","STK10"
3.25898203496806e-56,0.835289831702688,0.335,0.223,7.96886287190391e-52,"5","PNPLA8"
4.57951735414059e-56,0.888201505170786,0.261,0.156,1.11978358343446e-51,"5","PAG1"
6.70636359514971e-56,0.984872515287687,0.245,0.145,1.63984002628601e-51,"5","TMEM39A"
8.95128049687041e-56,0.847393747777519,0.306,0.195,2.18876710709475e-51,"5","LPCAT1"
1.19132200281951e-55,0.880115614624366,0.255,0.152,2.91302056129427e-51,"5","SNRK"
1.56183142485883e-55,0.902296691116227,0.301,0.193,3.81899020006481e-51,"5","P2RY10"
1.95381277162989e-55,0.482017333940616,0.649,0.542,4.77746298918941e-51,"5","ARL6IP1"
3.99530027934218e-55,0.757256971301868,0.4,0.28,9.76930824304749e-51,"5","EIF3A"
4.14693551595191e-55,0.957130874187303,0.254,0.152,1.01400867236056e-50,"5","IRF4"
5.12792732213419e-55,0.782084556058046,0.338,0.225,1.25388078880825e-50,"5","NIN"
5.81316580969387e-55,1.01104075164818,0.208,0.115,1.42143530378634e-50,"5","MAN2A1"
7.50135090393967e-55,0.928859549196632,0.291,0.185,1.83423032303133e-50,"5","B3GNT2"
7.73467401506133e-55,0.883779632856101,0.305,0.198,1.8912824901628e-50,"5","SPPL2A"
9.37300445809807e-55,0.961845496413358,0.257,0.155,2.29188705009414e-50,"5","CCPG1"
1.54976661152848e-54,0.867644357842521,0.289,0.182,3.78948931850943e-50,"5","STT3B"
3.08574292584904e-54,1.09818998168282,0.214,0.122,7.54525860228607e-50,"5","FAM129A"
4.57376445675191e-54,0.926980347539076,0.219,0.124,1.11837688496498e-49,"5","ZNF10"
7.99187924297224e-54,0.6623207094934,0.421,0.304,1.95417431249157e-49,"5","ANKRD44"
9.25610052697481e-54,0.807159555793046,0.373,0.263,2.26330170085588e-49,"5","MYCBP2"
1.09493600758261e-53,0.992767319854786,0.227,0.132,2.67733752574101e-49,"5","TMEM43"
2.66278234552342e-53,0.273302811901647,0.973,0.944,6.51103539127388e-49,"5","SRGN"
3.58103781188723e-53,0.900247180023494,0.223,0.128,8.75635365762667e-49,"5","SPG7"
4.12018679511944e-53,0.867379269200748,0.313,0.204,1.00746807514261e-48,"5","BDP1"
6.45423608578224e-53,0.789164973010889,0.309,0.201,1.57818980769547e-48,"5","ACIN1"
1.76589003673382e-52,0.530263636109274,0.526,0.405,4.31795431782154e-48,"5","SURF4"
1.79559980114595e-52,0.753961773773351,0.299,0.191,4.39060063376207e-48,"5","UHMK1"
2.01150292359719e-52,0.702006119017325,0.353,0.239,4.91852694877986e-48,"5","CCSER2"
2.03402338474849e-52,0.55226515487412,0.517,0.398,4.97359398038701e-48,"5","HSPA9"
2.21822913746984e-52,0.898049587218044,0.301,0.196,5.42401388694126e-48,"5","FOXP1"
2.58156085536105e-52,0.698854154534327,0.359,0.244,6.31243260352885e-48,"5","FNBP4"
3.25864099188991e-52,0.931949676339193,0.248,0.15,7.9680289533692e-48,"5","MFSD14A"
6.54206403594136e-52,0.886444065885887,0.237,0.14,1.59966549806838e-47,"5","CNOT4"
1.55459971619776e-51,0.800822748614536,0.301,0.195,3.80130722604677e-47,"5","EPB41"
1.68099926294014e-51,0.720813258461325,0.278,0.172,4.11037939774122e-47,"5","NUFIP2"
2.76249880307127e-51,0.844634810938467,0.282,0.179,6.75486207326987e-47,"5","BTN3A1"
3.71246243740884e-51,0.685278912955518,0.423,0.309,9.07771315195209e-47,"5","GCC2"
5.07218467245421e-51,0.801215530041893,0.3,0.196,1.2402505961085e-46,"5","OS9"
6.65418724341942e-51,0.706709626935346,0.373,0.261,1.62708186476092e-46,"5","TAF15"
1.75840246741167e-50,0.784394664609671,0.319,0.211,4.29964571331502e-46,"5","KDM5A"
2.00191872793957e-50,0.62881265134927,0.569,0.448,4.89509167355783e-46,"5","MYADM"
2.16208756688023e-50,0.731833581548029,0.486,0.372,5.28673651853553e-46,"5","TSPYL2"
2.49017555336526e-50,0.877276050035057,0.299,0.197,6.08897726308874e-46,"5","F2R"
2.92403050409779e-50,0.825206834380746,0.265,0.164,7.14983938861992e-46,"5","ANKHD1"
3.67663327687752e-50,0.963680391308849,0.236,0.141,8.99010368862091e-46,"5","HERC1"
3.84166498225176e-50,0.870154199122504,0.327,0.223,9.39363921460199e-46,"5","ARID5B"
4.01775430808891e-50,0.63642741566524,0.46,0.344,9.82421283413901e-46,"5","N4BP2L2"
4.80319912987719e-50,0.542985465830922,0.536,0.429,1.17447825123757e-45,"5","APMAP"
4.88108161646628e-50,0.897499189677733,0.239,0.144,1.19352207685833e-45,"5","PUM2"
7.27716813513279e-50,0.95338231820258,0.231,0.138,1.77941315240267e-45,"5","RBM6"
8.41026129110102e-50,0.83451268944103,0.31,0.205,2.05647709090002e-45,"5","NKTR"
1.23780985015456e-49,0.790783790797907,0.326,0.22,3.02669264559793e-45,"5","OGA"
1.38701684279092e-49,0.790322235951748,0.311,0.207,3.39153358399236e-45,"5","SNRNP200"
1.48907070986245e-49,0.873533227422053,0.23,0.136,3.64107569975566e-45,"5","POM121"
2.5946070179515e-49,0.940866226580115,0.209,0.121,6.344333080295e-45,"5","RTN3"
2.79562506084946e-49,0.73356376772189,0.307,0.2,6.8358623987891e-45,"5","SMG1"
3.07442864389516e-49,0.713797615645978,0.343,0.233,7.51759292005245e-45,"5","SMARCA2"
4.34940840291763e-49,0.940718182929724,0.21,0.12,1.06351734268142e-44,"5","AGO2"
8.95645079633568e-49,0.305395732093719,0.871,0.83,2.19003134872e-44,"5","YWHAZ"
1.05526118132734e-48,0.806056072356713,0.293,0.191,2.58032464058162e-44,"5","USP14"
1.11667630733394e-48,0.986098572623185,0.2,0.114,2.73049690669295e-44,"5","UBR2"
1.23977431014988e-48,0.859897392682265,0.265,0.168,3.03149614317849e-44,"5","RC3H1"
1.32991192002846e-48,0.970401921676842,0.218,0.129,3.2519006268536e-44,"5","SIK3"
1.36950296438346e-48,1.03803192778497,0.261,0.166,3.34870864851044e-44,"5","AHI1"
1.68188367926781e-48,0.932550810986855,0.234,0.141,4.11254197254564e-44,"5","DIP2A"
2.44131366808725e-48,0.665325584956224,0.438,0.327,5.96950018120695e-44,"5","NFATC2"
2.55617990749263e-48,0.772103665122021,0.244,0.147,6.25037110980097e-44,"5","ARCN1"
3.4505503492014e-48,0.889029531785165,0.366,0.265,8.43728571386725e-44,"5","AKAP9"
3.61470644966209e-48,0.561816878345911,0.503,0.394,8.83868021071373e-44,"5","CAPZA1"
4.30051781886153e-48,0.747238216943356,0.311,0.207,1.05156261706802e-43,"5","TMEM165"
4.62670142844122e-48,0.767798042227728,0.325,0.22,1.13132103328245e-43,"5","CENPC"
5.06320374193875e-48,0.992606052934681,0.205,0.119,1.23805457897886e-43,"5","SMC5"
6.55567354128373e-48,0.31636448081681,0.851,0.803,1.6029932943147e-43,"5","HNRNPA2B1"
1.12339817075333e-47,0.881083137815984,0.226,0.135,2.74693320712604e-43,"5","ATP11B"
1.59535738002891e-47,0.412790733377678,0.753,0.667,3.9009678656467e-43,"5","LDHA"
3.05562851548275e-47,0.623681988318776,0.505,0.395,7.47162284605842e-43,"5","GPR65"
6.22614205700802e-47,0.876515340592613,0.234,0.143,1.5224162557796e-42,"5","SEC31A"
1.49773715913933e-46,0.712804554920579,0.397,0.292,3.6622669015275e-42,"5","COPB1"
3.64424010719149e-46,0.785672303874149,0.273,0.176,8.91089591010463e-42,"5","MAP4"
6.18176419958167e-46,0.881862592555994,0.232,0.142,1.51156498208171e-41,"5","PRKCQ"
6.6699785468068e-46,0.413424621467763,0.68,0.591,1.6309431542652e-41,"5","RBM39"
1.10388542071788e-45,0.887145300291986,0.25,0.159,2.69922063073936e-41,"5","TMEM87A"
1.66804917458872e-45,0.69503637443465,0.367,0.265,4.07871384170433e-41,"5","ITSN2"
4.15321597667517e-45,0.58682127258064,0.411,0.303,1.01554437061661e-40,"5","PRKAR1A"
4.92762653416486e-45,0.785732578426985,0.331,0.232,1.20490324013399e-40,"5","CTSS"
5.51552028624536e-45,0.374416944478102,0.76,0.669,1.34865502039272e-40,"5","DDX24"
7.56182539792891e-45,0.872602625653207,0.206,0.121,1.84901754630158e-40,"5","CCNL2"
7.82761632555833e-45,0.843191212462695,0.271,0.177,1.91400874392552e-40,"5","PRKX"
8.46192358703241e-45,0.788707316067545,0.269,0.174,2.06910955550116e-40,"5","SLFN12L"
9.08902565248262e-45,0.573974976344346,0.48,0.373,2.22244855254505e-40,"5","GABARAPL1"
1.53138138769399e-44,0.846380389179093,0.235,0.145,3.74453376918935e-40,"5","IL6ST"
1.91236780154893e-44,0.693562957282101,0.293,0.193,4.67612174834744e-40,"5","GNA13"
2.36797108340391e-44,0.734182930511699,0.301,0.201,5.79016289313924e-40,"5","RBM5"
2.89659282740265e-44,0.902741686085587,0.219,0.132,7.08274878156497e-40,"5","ERO1B"
5.54885982582626e-44,0.933119859273055,0.218,0.133,1.35680720461104e-39,"5","ELMSAN1"
7.02094316369011e-44,0.435799915698354,0.624,0.543,1.71676102238551e-39,"5","CDC42"
1.06026571423812e-43,0.842713934539002,0.211,0.125,2.59256172445506e-39,"5","NUMA1"
1.07261675402314e-43,0.814730080559799,0.258,0.165,2.62276248693739e-39,"5","INPP5D"
2.71419970289189e-43,0.432490964104813,0.674,0.582,6.63676111351126e-39,"5","ELF1"
3.17829269606979e-43,0.820825519337935,0.243,0.153,7.77156130042984e-39,"5","API5"
3.98169223994151e-43,0.726120283237667,0.302,0.204,9.73603386510498e-39,"5","BCL11B"
4.5833190989818e-43,0.707764198691501,0.316,0.217,1.12071318608303e-38,"5","SRP54"
6.30813591389294e-43,0.547932979999226,0.498,0.393,1.5424653936651e-38,"5","FLNA"
8.15948756815531e-43,0.719244093803003,0.297,0.198,1.99515790016534e-38,"5","OGT"
1.10055890600651e-42,0.387666190184827,0.665,0.571,2.69108663696712e-38,"5","HSPD1"
1.492818996806e-42,0.690509871830547,0.409,0.308,3.65024101099003e-38,"5","CAST"
1.99703842038004e-42,0.646744166604448,0.397,0.295,4.88315834551327e-38,"5","ADSS"
3.74365117126935e-42,0.851850616321342,0.227,0.14,9.1539758439878e-38,"5","CCDC186"
4.22032372637809e-42,0.809842063877696,0.244,0.155,1.03195355757397e-37,"5","EFCAB14"
5.72709357330491e-42,0.859752144347943,0.232,0.146,1.40038892054452e-37,"5","PRDM2"
6.21503935075259e-42,0.559902724534278,0.409,0.302,1.51970142204602e-37,"5","USP11"
7.16237499580763e-42,0.776442236474685,0.254,0.162,1.75134393397488e-37,"5","CUL3"
7.88399417669005e-42,0.717419770850158,0.34,0.242,1.92779425608425e-37,"5","RNMT"
9.97320531557208e-42,0.439455765660826,0.711,0.622,2.43864816376368e-37,"5","MCL1"
1.42573044837999e-41,0.529541176724825,0.497,0.395,3.48619609237876e-37,"5","NOP58"
3.88552603556539e-41,0.857651006818511,0.213,0.13,9.50088826216448e-37,"5","UBE4A"
9.18429681959021e-41,0.769880111787417,0.252,0.162,2.2457442583262e-36,"5","DOCK2"
1.40793410559117e-40,0.549638635086011,0.48,0.381,3.44268047499154e-36,"5","TAX1BP1"
2.858062012504e-40,0.525360821774852,0.489,0.389,6.98853323297477e-36,"5","THRAP3"
3.93670433729575e-40,0.602376668912936,0.464,0.369,9.62602944555557e-36,"5","ELOVL5"
4.3321480373218e-40,0.833344210098192,0.241,0.155,1.05929683808593e-35,"5","ERCC5"
8.66626000038872e-40,0.503390591499039,0.5,0.396,2.11907389529505e-35,"5","WSB1"
1.20258038057814e-39,0.717056650233235,0.269,0.178,2.94054954658966e-35,"5","CTNNB1"
1.32867076560584e-39,0.86648651117809,0.206,0.126,3.24886575605941e-35,"5","RCAN3"
2.11151448442981e-39,0.813630332040472,0.206,0.126,5.16307521732777e-35,"5","PHF12"
2.27542999048138e-39,0.587891506108085,0.383,0.285,5.56388141272506e-35,"5","ETF1"
3.79744062982953e-39,0.823124007152785,0.206,0.125,9.28550182805917e-35,"5","OXCT1"
3.93947187262189e-39,0.837895397240524,0.226,0.142,9.63279662293505e-35,"5","IGF2R"
4.59652933896661e-39,0.275122560004255,0.91,0.823,1.12394335396412e-34,"5","ZFP36"
5.92580292179426e-39,0.627568440186797,0.396,0.301,1.44897733043713e-34,"5","TPR"
6.30764391480319e-39,0.58649573531697,0.423,0.324,1.54234509004768e-34,"5","RBL2"
8.19569916911828e-39,0.819445031138974,0.243,0.157,2.0040123608328e-34,"5","TNIK"
9.18462510974006e-39,0.775192015094418,0.219,0.136,2.24582453183364e-34,"5","NCOA2"
9.19614728324107e-39,0.645571534151748,0.341,0.245,2.24864193369811e-34,"5","CYLD"
1.55018552242263e-38,0.694103304113004,0.265,0.176,3.79051363942781e-34,"5","EFR3A"
3.15014812001414e-38,0.76811432678626,0.21,0.129,7.70274218305856e-34,"5","ELMO1"
4.41561167183639e-38,0.744412814242751,0.242,0.156,1.07970536599743e-33,"5","JADE2"
6.07266427741402e-38,0.803391372575701,0.231,0.148,1.48488786911328e-33,"5","OTULIN"
9.88187819685441e-38,0.654330140022387,0.292,0.2,2.41631685669484e-33,"5","LUC7L2"
1.02397107379099e-37,0.756136505919503,0.232,0.148,2.50381406963374e-33,"5","MARCH7"
1.21492268752622e-37,0.841032515118448,0.209,0.13,2.97072895553912e-33,"5","PPP6R3"
1.57342779418811e-37,0.629105245632627,0.317,0.222,3.84734564234877e-33,"5","SLFN5"
2.67116360552867e-37,0.810732634571882,0.202,0.124,6.53152924823871e-33,"5","CLK4"
3.50139269811984e-37,0.598896750541222,0.387,0.29,8.56160542544264e-33,"5","SPCS3"
4.090122696659e-37,0.614496798111571,0.324,0.229,1.00011680178706e-32,"5","AFF4"
7.9403799386249e-37,0.727790993030894,0.286,0.198,1.94158170259256e-32,"5","CASP3"
1.18360579287131e-36,0.784324663909412,0.223,0.141,2.89415288472893e-32,"5","RBM33"
1.80035339502812e-36,0.6219214148145,0.41,0.317,4.40222412152277e-32,"5","BAZ1A"
4.16561017698733e-36,0.647624118747303,0.307,0.216,1.01857500047694e-31,"5","ANKRD11"
5.61472033735954e-36,0.63121897784158,0.334,0.241,1.37291141689115e-31,"5","SELPLG"
6.25455882744258e-36,0.801051809231323,0.228,0.148,1.52936472448626e-31,"5","ATXN1"
7.21086837537037e-36,0.570239355399636,0.401,0.304,1.76320153514556e-31,"5","TMED10"
7.57823038830608e-36,0.550163776378705,0.407,0.313,1.8530288945486e-31,"5","AAK1"
8.24109953071965e-36,0.748536233959613,0.208,0.13,2.01511365725157e-31,"5","STK38"
8.76087834727486e-36,0.753962898259536,0.229,0.148,2.14220997347565e-31,"5","NSD1"
1.06683894714371e-35,0.388844815105779,0.545,0.443,2.60863459355581e-31,"5","SYAP1"
1.33624595793695e-35,0.550427608135043,0.436,0.341,3.26738861634742e-31,"5","DHX36"
1.34119659285302e-35,0.398739766917409,0.533,0.426,3.27949390884419e-31,"5","FOSL2"
1.7511057892994e-35,0.777869539584574,0.223,0.144,4.28180387599488e-31,"5","SUPT16H"
1.78424528435973e-35,0.820166087264998,0.21,0.134,4.36283656931642e-31,"5","OTULINL"
1.91722004534264e-35,0.820456549842872,0.217,0.139,4.68798645487182e-31,"5","USP34"
3.0627705245594e-35,0.840914009846374,0.212,0.135,7.48908648665263e-31,"5","NFAT5"
3.51112003978183e-35,0.54226957696493,0.472,0.38,8.58539072127453e-31,"5","IL2RB"
4.30751139303791e-35,0.656951838738014,0.279,0.193,1.05327268582563e-30,"5","SUPT5H"
4.48959274083403e-35,0.742330813574284,0.21,0.132,1.09779521698874e-30,"5","NORAD"
6.73806810864557e-35,0.6559190342945,0.268,0.182,1.64759241392601e-30,"5","SEC23B"
7.27850457896219e-35,0.538628214822023,0.4,0.306,1.77973993964783e-30,"5","IKZF3"
7.51718290297612e-35,0.627850116991939,0.359,0.268,1.83810156343572e-30,"5","RABGAP1L"
8.67878152995106e-35,0.896259476312676,0.202,0.127,2.12213565970363e-30,"5","CDK6"
1.111421159273e-34,0.53161287135346,0.467,0.376,2.71764701865433e-30,"5","SRSF11"
1.14215745177062e-34,0.687098391836325,0.302,0.216,2.79280340106952e-30,"5","RASA2"
1.50754017982414e-34,0.501664732931409,0.424,0.329,3.68623724770598e-30,"5","CSNK1D"
1.51444652393873e-34,0.797650872789242,0.296,0.21,3.70312464033497e-30,"5","SATB1"
1.61825420562013e-34,0.740234502378387,0.232,0.152,3.95695518358234e-30,"5","CDK12"
1.73479738726804e-34,0.760791322028089,0.272,0.189,4.24192657134781e-30,"5","NFKB2"
1.85600394779591e-34,0.668935731084407,0.268,0.184,4.53830085315056e-30,"5","PRRC2B"
3.0697644907334e-34,0.827753927655489,0.2,0.125,7.50618813274132e-30,"5","KAT6B"
4.03068191762742e-34,0.508276797802957,0.459,0.366,9.85582342498257e-30,"5","PSAP"
4.0534016977658e-34,0.777212913076355,0.241,0.162,9.91137783137695e-30,"5","SECISBP2L"
6.70037971445492e-34,0.526485436244166,0.388,0.294,1.63837684777852e-29,"5","TRA2A"
7.00428489016425e-34,0.686611648022832,0.243,0.161,1.71268774134296e-29,"5","FYTTD1"
1.03079569487009e-33,0.501759705287642,0.471,0.38,2.52050163309635e-29,"5","CD164"
1.05667312531651e-33,0.781610991121885,0.202,0.128,2.58377712602392e-29,"5","GTF3C1"
1.16126301610329e-33,0.757946736286293,0.228,0.149,2.83952032697576e-29,"5","NR1D2"
2.07139068432766e-33,0.518930519522232,0.351,0.259,5.06496450131799e-29,"5","YME1L1"
2.64937600202014e-33,0.616519402338337,0.307,0.221,6.47825420013964e-29,"5","TMED5"
2.90947337678816e-33,0.812082135524353,0.207,0.133,7.1142443009224e-29,"5","SETD2"
2.92687462444456e-33,0.311351826016041,0.744,0.655,7.15679383169184e-29,"5","CD69"
4.38085513391558e-33,0.802348899176091,0.204,0.131,1.07120669734504e-28,"5","ZNF131"
5.34848423980228e-33,0.833375828949292,0.401,0.321,1.30781136631645e-28,"5","CXCR6"
6.217619558122e-33,0.583678512407471,0.326,0.237,1.52033233435199e-28,"5","VPS4B"
6.36295830167378e-33,0.831422816984461,0.201,0.128,1.55587056392527e-28,"5","PGRMC2"
9.76315694043169e-33,0.565824611785512,0.411,0.32,2.38728713507436e-28,"5","SLA2"
1.07437310894091e-32,0.777834022304785,0.2,0.127,2.6270571259823e-28,"5","XPC"
1.09322091558107e-32,0.773846025091292,0.24,0.163,2.67314378277884e-28,"5","DHCR7"
1.38395118146599e-32,0.859789403973297,0.2,0.128,3.38403742892063e-28,"5","AP3B1"
1.68637391553557e-32,0.824626477810715,0.207,0.133,4.12352149826757e-28,"5","MAF"
2.08826310804124e-32,0.806610528169587,0.22,0.145,5.10622095178244e-28,"5","RAB11FIP1"
2.44841470426139e-32,0.674422804078166,0.235,0.156,5.98686363485995e-28,"5","SP3"
2.56907254238985e-32,0.700075984850045,0.237,0.158,6.28189618065165e-28,"5","CHD3"
2.97269961920811e-32,0.645253752617661,0.297,0.213,7.26884510888766e-28,"5","NFKBIZ"
3.89477221265939e-32,0.708017020733703,0.277,0.196,9.52349701439473e-28,"5","TNRC6B"
4.03446297519953e-32,0.764944943724409,0.209,0.136,9.86506886695789e-28,"5","DCTN4"
4.24740277110595e-32,0.683984904683521,0.275,0.193,1.03857492559083e-27,"5","DNAJB14"
5.13933920486828e-32,0.54017134276587,0.46,0.375,1.25667122237439e-27,"5","MBP"
5.69166212026161e-32,0.734755093429687,0.262,0.183,1.39172522164637e-27,"5","YIPF5"
8.32253485963726e-32,0.580837692888319,0.436,0.351,2.0350262238785e-27,"5","PITPNC1"
9.22468847105194e-32,0.605964477036161,0.396,0.302,2.25562082494162e-27,"5","IFNGR1"
1.007966207534e-31,0.493790929210521,0.467,0.38,2.46467897066213e-27,"5","NCOR1"
1.2599358976914e-31,0.581179082439974,0.272,0.188,3.08079525703502e-27,"5","NCKAP1L"
1.28529866177386e-31,0.660366541688245,0.224,0.148,3.14281228776944e-27,"5","JMY"
1.34287988134966e-31,0.326967738407024,0.683,0.603,3.28360988587619e-27,"5","PDCD4"
1.35480623048427e-31,0.678235642044642,0.219,0.143,3.31277219478015e-27,"5","NEK7"
1.41484059506841e-31,0.61837919618525,0.271,0.189,3.45956822306127e-27,"5","THUMPD1"
2.5527019039397e-31,0.591034512643896,0.302,0.217,6.24186669551335e-27,"5","EPS15"
2.67366909302691e-31,0.412723876550895,0.549,0.465,6.5376556662694e-27,"5","SRRM2"
3.23418278529544e-31,0.593859317252995,0.332,0.246,7.90822374660442e-27,"5","ILF3"
6.11688774142898e-31,0.688427717820168,0.232,0.156,1.49570139053421e-26,"5","RASGRP1"
7.0598787855491e-31,0.803769243850339,0.206,0.134,1.72628156064247e-26,"5","TLE4"
9.02848509466268e-31,0.590164773870193,0.311,0.227,2.20764517534692e-26,"5","TGOLN2"
1.08203893673509e-30,0.545151650411119,0.453,0.366,2.64580160810465e-26,"5","LYST"
1.2916138494663e-30,0.634196202632159,0.279,0.199,3.15825418471499e-26,"5","PPP4R3B"
1.55097596800627e-30,0.453922948801932,0.553,0.47,3.79244643696893e-26,"5","CCNH"
1.72130930709289e-30,0.569904401291506,0.329,0.246,4.20894551770354e-26,"5","ACAP2"
2.40397793885476e-30,0.593816742953932,0.348,0.266,5.87820685608767e-26,"5","ATP6AP2"
2.64259547947862e-30,0.614061544488678,0.261,0.182,6.46167446642113e-26,"5","WAPL"
4.98222036433853e-30,0.778945093772365,0.203,0.133,1.21825252348806e-25,"5","ZNF638"
6.13016495052353e-30,0.61637581017021,0.287,0.207,1.49894793370201e-25,"5","XRN2"
8.47358685500143e-30,0.695319407309554,0.233,0.159,2.07196145778495e-25,"5","SEC61A1"
9.61285699397943e-30,0.642349262476867,0.275,0.197,2.35053579216785e-25,"5","RAB10"
9.81134489850954e-30,0.75612003463877,0.202,0.133,2.39907005458355e-25,"5","TTC17"
2.0255412780585e-29,0.529346268932097,0.347,0.263,4.95285353310863e-25,"5","SEPT2"
2.04955651316235e-29,0.739705511349817,0.215,0.144,5.01157558598458e-25,"5","ARFGAP3"
2.18351690565891e-29,0.642691981122903,0.259,0.181,5.33913553771718e-25,"5","TMOD3"
2.29452099587604e-29,0.613545317561584,0.22,0.146,5.6105627391161e-25,"5","JAK3"
3.88337791968043e-29,0.663778814016442,0.241,0.166,9.4956356892026e-25,"5","SAFB"
4.05295524977792e-29,0.609913137662704,0.299,0.218,9.91028617675698e-25,"5","SAFB2"
4.83034247305763e-29,0.652065202326457,0.233,0.159,1.18111534151205e-24,"5","POLR2B"
5.45727345700045e-29,0.646428213511776,0.243,0.168,1.33441250570575e-24,"5","ARL8B"
8.45363206476414e-29,0.711831570141675,0.206,0.136,2.06708211247613e-24,"5","PPIL4"
8.45591327696854e-29,0.604611904684846,0.285,0.206,2.06763991448435e-24,"5","WAC"
8.76429256713004e-29,0.429190925915943,0.519,0.44,2.14304481851464e-24,"5","ARHGAP9"
1.12471410196338e-28,0.685549246883312,0.256,0.179,2.75015092212085e-24,"5","PIK3IP1"
1.22895269820449e-28,0.457382119144426,0.54,0.461,3.00503513764963e-24,"5","ANKRD12"
1.31946231543824e-28,0.734223752264252,0.245,0.172,3.22634925370959e-24,"5","RB1CC1"
1.70371274973511e-28,0.481968726013988,0.434,0.348,4.16591841565229e-24,"5","RBM25"
2.5911259975335e-28,0.406381768528038,0.533,0.449,6.33582128916891e-24,"5","IDI1"
6.1024978224736e-28,0.699337049539039,0.219,0.148,1.49218276755125e-23,"5","CASP8"
1.68158756853334e-27,0.711296786999892,0.213,0.144,4.11181792257773e-23,"5","NEPRO"
2.27831931177314e-27,0.633432667399335,0.225,0.154,5.57094638114769e-23,"5","RB1"
2.46368514453488e-27,0.562470194792182,0.308,0.229,6.02420291541668e-23,"5","HNRNPH1"
3.45296794060826e-27,0.844810867218382,0.207,0.141,8.44319720837531e-23,"5","PRDM1"
3.69549934973943e-27,0.576799508403007,0.244,0.17,9.03623500998286e-23,"5","PER1"
4.17215365575093e-27,0.638915640376172,0.229,0.158,1.02017501190422e-22,"5","DDB1"
4.52194177793775e-27,0.745388289392834,0.271,0.199,1.10570520354134e-22,"5","BPTF"
4.93733156150812e-27,0.680781678546287,0.227,0.156,1.20727631341996e-22,"5","PIK3AP1"
8.74545318246672e-27,0.482018780122394,0.362,0.279,2.13843821217676e-22,"5","TMX4"
9.89689030188132e-27,0.447999735315258,0.471,0.384,2.41998761661602e-22,"5","STAT1"
1.0059920013943e-26,0.658277458483743,0.236,0.165,2.45985164180934e-22,"5","NEDD9"
1.03364008103702e-26,0.615415811869271,0.229,0.158,2.52745672615172e-22,"5","UBQLN1"
1.79998839601737e-26,0.655185875723499,0.232,0.162,4.40133162594168e-22,"5","SUPT6H"
1.82816744590201e-26,0.670736952714669,0.214,0.146,4.4702350387196e-22,"5","KANSL2"
4.59948832998089e-26,0.377806011907581,0.479,0.395,1.12466688644693e-21,"5","NFE2L2"
4.80303445634655e-26,0.544843790867195,0.32,0.243,1.17443798526586e-21,"5","STAU1"
4.86807928597163e-26,0.697230433220412,0.202,0.135,1.19034274700578e-21,"5","SETD5"
5.87080365800032e-26,0.713174098252555,0.234,0.166,1.43552891045424e-21,"5","KMT2A"
6.35453812474978e-26,0.458325995226382,0.402,0.323,1.55381166226382e-21,"5","SLC3A2"
7.77188964681842e-26,0.463625742393095,0.397,0.319,1.90038245644004e-21,"5","PRPF38B"
9.2241540373356e-26,0.711701987341785,0.269,0.2,2.2554901452093e-21,"5","EVI2A"
9.65585973068674e-26,0.613582414957179,0.269,0.196,2.36105082134752e-21,"5","PTPRA"
1.45705201028021e-25,0.545073349700727,0.361,0.285,3.56278357553717e-21,"5","M6PR"
2.36560146140812e-25,0.3551636229889,0.605,0.536,5.78436869343513e-21,"5","GNG2"
2.69645431978674e-25,0.663316857289189,0.233,0.166,6.59337010274254e-21,"5","AP2B1"
2.95024026377803e-25,0.495009140795221,0.361,0.281,7.21392749299004e-21,"5","ARHGAP15"
4.51949541426156e-25,0.574803607222376,0.282,0.208,1.10510701869524e-20,"5","ATM"
4.83779589821945e-25,0.627304306538934,0.254,0.185,1.18293785303262e-20,"5","OSBPL8"
5.39837171664025e-25,0.684701992937936,0.216,0.149,1.32000985215287e-20,"5","KIF21A"
5.53536913945518e-25,0.642074235228504,0.228,0.161,1.35350846197958e-20,"5","USP8"
8.91313138780298e-25,0.550824448312228,0.314,0.239,2.17943888694558e-20,"5","INPP4B"
9.58660637814671e-25,0.67164420714834,0.243,0.176,2.34411699158443e-20,"5","KDM2A"
1.29192153000285e-24,0.442873075204245,0.407,0.328,3.15900652516298e-20,"5","RAD21"
1.73499995276226e-24,0.365340277297185,0.634,0.565,4.24242188449427e-20,"5","CD3G"
1.83227030674012e-24,0.557898291379729,0.272,0.2,4.48026735404095e-20,"5","RAB6A"
1.94548939581122e-24,0.644504314612369,0.269,0.199,4.75711067063758e-20,"5","TTC3"
2.05015367559617e-24,0.559576042558776,0.247,0.176,5.01303576756775e-20,"5","ARIH1"
2.458347261786e-24,0.584981231573895,0.201,0.136,6.01115072451913e-20,"5","CAB39"
2.68469192730057e-24,0.508355599239205,0.351,0.275,6.56460870063534e-20,"5","CLDND1"
3.17369176931126e-24,0.559144050268004,0.288,0.216,7.7603111143199e-20,"5","KDM6B"
3.21217907965382e-24,0.568210122583799,0.22,0.152,7.85442028556952e-20,"5","ATP2A3"
4.38171548753617e-24,0.637358232858912,0.248,0.18,1.07141707101235e-19,"5","ZNF644"
4.84978217609128e-24,0.607398490998289,0.25,0.182,1.18586873769784e-19,"5","DNAJB11"
5.89601158622207e-24,0.631402887623969,0.233,0.167,1.44169275306302e-19,"5","DEGS1"
7.06742689913762e-24,0.585544920472236,0.288,0.218,1.72812722537713e-19,"5","RNF115"
7.78261249537534e-24,0.713054248356812,0.214,0.149,1.90300440736918e-19,"5","RIPOR2"
7.85697429062777e-24,0.574443437612226,0.26,0.19,1.9211873535443e-19,"5","UBE3A"
8.13509253095914e-24,0.565931359777622,0.228,0.161,1.98919282567013e-19,"5","GTF2I"
9.88056384263415e-24,0.57307855448785,0.258,0.188,2.4159954708009e-19,"5","TTC14"
9.91587343681188e-24,0.538924009399698,0.316,0.244,2.42462937276924e-19,"5","DERL1"
1.03014897446053e-23,0.710330958368989,0.2,0.138,2.5189202723509e-19,"5","PBRM1"
1.25239676303976e-23,0.611087471482349,0.229,0.163,3.06236056498482e-19,"5","NIPA2"
1.35283102721509e-23,0.485352858486708,0.344,0.269,3.30794242774634e-19,"5","CSNK1A1"
1.84679860759929e-23,0.318633353085762,0.722,0.658,4.51579195530178e-19,"5","SON"
1.93287482229993e-23,0.615960116872203,0.202,0.138,4.7262655154878e-19,"5","CLINT1"
2.13874232541296e-23,0.566145381433772,0.25,0.182,5.22965273409978e-19,"5","RNF10"
2.48026836228126e-23,0.413048792884514,0.381,0.299,6.06475219945014e-19,"5","PDCD1"
3.22890492988115e-23,0.422094370962771,0.402,0.326,7.8953183345454e-19,"5","ITGAL"
3.6799679740318e-23,0.597583906510048,0.262,0.193,8.99825769010255e-19,"5","PRNP"
4.29701594127111e-23,0.490164445878273,0.362,0.288,1.05070633795961e-18,"5","LAPTM4A"
4.52815467239293e-23,0.661229076725998,0.203,0.142,1.10722438049352e-18,"5","MCM6"
4.949195650051e-23,0.471173763753004,0.368,0.294,1.21017732035047e-18,"5","YTHDC1"
5.11359043547604e-23,0.565357997741778,0.254,0.186,1.2503751332826e-18,"5","EIF4G1"
5.74484463354858e-23,0.448542398561441,0.361,0.285,1.4047294097953e-18,"5","INSIG1"
7.39848445415576e-23,0.639353033553583,0.235,0.171,1.80907741873017e-18,"5","LMBRD1"
7.59419127288959e-23,0.567400413117163,0.244,0.176,1.85693165004696e-18,"5","ETNK1"
8.15595183660405e-23,0.487302196322416,0.382,0.311,1.99429334308642e-18,"5","DNTTIP2"
1.07758822329572e-22,0.529104607792831,0.266,0.196,2.63491872360269e-18,"5","PTPN1"
1.44853267597791e-22,0.565802993402529,0.281,0.213,3.54195209930119e-18,"5","SRSF4"
1.90241451458288e-22,0.628523060681653,0.227,0.163,4.65178397105807e-18,"5","TMEM123"
2.59049062394119e-22,0.574564623856467,0.205,0.143,6.33426767366099e-18,"5","SND1"
2.61843118641623e-22,0.54942894137621,0.261,0.194,6.40258793702497e-18,"5","NDEL1"
3.07550380305688e-22,0.540134678817193,0.242,0.175,7.52022189923467e-18,"5","NUDT4"
4.74561365235246e-22,0.393576829929639,0.462,0.39,1.16039745027322e-17,"5","SUN2"
4.98408111031696e-22,0.587935822970634,0.201,0.139,1.2187075130947e-17,"5","PSPC1"
5.78901794653876e-22,0.499453583458289,0.374,0.305,1.41553066828766e-17,"5","SPN"
6.24477431491711e-22,0.371055476557859,0.523,0.443,1.52697221548353e-17,"5","RHOH"
8.07940342532585e-22,0.551149426668117,0.245,0.18,1.97557572556068e-17,"5","PLEKHB2"
8.82433887140114e-22,0.459002405743904,0.415,0.345,2.15772734083501e-17,"5","UBXN4"
9.08738145430027e-22,0.433160735587501,0.468,0.4,2.2220465132055e-17,"5","PPP2R5C"
9.77692756685443e-22,0.519419459077727,0.284,0.215,2.39065432864725e-17,"5","THEMIS"
1.4075067705701e-21,0.639771615731524,0.241,0.178,3.44163555539801e-17,"5","VMP1"
1.44487298498726e-21,0.609627700954721,0.221,0.159,3.53300342289086e-17,"5","SPTY2D1"
1.77131595432533e-21,0.572737034405735,0.253,0.186,4.33122177151629e-17,"5","LMNB1"
3.6022489879142e-21,0.317599160064864,0.591,0.53,8.80821922524779e-17,"5","BZW1"
4.56055248956681e-21,0.504657974972119,0.306,0.236,1.11514629474888e-16,"5","PNN"
6.71014751371736e-21,0.398699535152062,0.417,0.345,1.64076527005417e-16,"5","MAPRE2"
7.71039002878192e-21,0.588359798104743,0.211,0.15,1.88534456983775e-16,"5","DCP2"
9.25251641782447e-21,0.551521225435966,0.248,0.184,2.26242531448644e-16,"5","PHYKPL"
9.75100835773998e-21,0.43089026049802,0.417,0.347,2.38431656363458e-16,"5","TOP1"
1.69561953610964e-20,0.310331167107579,0.58,0.512,4.14612888969529e-16,"5","LBH"
1.83727109711669e-20,0.584059532942977,0.22,0.16,4.49249528666974e-16,"5","DHX15"
2.36938380096528e-20,0.516496086277415,0.273,0.209,5.7936172701203e-16,"5","TIAL1"
3.3472798771089e-20,0.547156113709973,0.234,0.172,8.18476875550669e-16,"5","NOLC1"
3.39385673843833e-20,0.564251457489761,0.214,0.152,8.29865849682939e-16,"5","INTS6"
3.63879846899738e-20,0.329834942905156,0.471,0.393,8.89759001639238e-16,"5","SRRT"
5.72388425913706e-20,0.583870298154265,0.221,0.161,1.39960417904419e-15,"5","CDC73"
7.32944884946789e-20,0.280186175803169,0.579,0.515,1.79219683267189e-15,"5","HNRNPA3"
7.61359708429218e-20,0.572664851008494,0.214,0.155,1.86167675905112e-15,"5","SBNO1"
1.06396600493154e-19,0.452327550637069,0.38,0.314,2.6016096752586e-15,"5","PPP1R12A"
1.0793688499423e-19,0.680130208025474,0.206,0.149,2.63927271187892e-15,"5","MGAT4A"
1.13718988414578e-19,0.460122938933555,0.331,0.265,2.78065670471327e-15,"5","WBP11"
1.31671594472341e-19,0.583611706286217,0.305,0.236,3.21963382803767e-15,"5","LMNA"
2.01920691760475e-19,0.515749575455403,0.226,0.165,4.93736475492714e-15,"5","UBTF"
2.03403471740235e-19,0.500715592536739,0.294,0.228,4.97362169099223e-15,"5","MIER1"
2.48485381624219e-19,0.528318506141313,0.265,0.202,6.07596455147541e-15,"5","PIAS1"
2.77881263603712e-19,0.516192999783738,0.219,0.16,6.79475265763796e-15,"5","PPM1B"
3.35674288384862e-19,0.524337097241157,0.356,0.289,8.20790769958664e-15,"5","MAP3K8"
3.77532825149634e-19,0.583930017056575,0.201,0.144,9.23143264055886e-15,"5","SMC1A"
4.03243486736944e-19,0.574552125411674,0.229,0.17,9.86010973769176e-15,"5","SMARCC1"
5.36397210907446e-19,0.60049102769653,0.229,0.17,1.31159846011089e-14,"5","GBP4"
6.54435868787626e-19,0.444825845352734,0.285,0.219,1.6002265863595e-14,"5","TMED4"
7.06422630320838e-19,0.542118671184346,0.263,0.203,1.72734461566051e-14,"5","PTPN2"
8.14695372091642e-19,0.587280323453685,0.215,0.157,1.99209312383848e-14,"5","LUC7L"
8.79630049520969e-19,0.568887527414777,0.214,0.157,2.15087139708867e-14,"5","TMEM50B"
1.19971297349249e-18,0.509077487694422,0.222,0.163,2.93353816278384e-14,"5","CAPRIN1"
1.78513657096932e-18,0.694248448727933,0.214,0.158,4.36501594333419e-14,"5","CD38"
2.27809671425121e-18,0.537110900377853,0.258,0.198,5.57040208568705e-14,"5","FOXN3"
2.37432469414318e-18,0.508343968000232,0.244,0.184,5.80569874211889e-14,"5","ZFR"
3.58276536337045e-18,0.597618086221296,0.269,0.211,8.76057786651343e-14,"5","HNRNPLL"
7.39236459815739e-18,0.470031522296777,0.393,0.334,1.80758099154145e-13,"5","KTN1"
7.9848978824721e-18,0.29640849799657,0.571,0.51,1.95246723022208e-13,"5","TMEM50A"
8.60324892707321e-18,0.395615168476712,0.402,0.34,2.10366642764794e-13,"5","FMNL1"
8.84102165658389e-18,0.559470585735175,0.206,0.151,2.16180661546789e-13,"5","RRP1B"
8.93104674773113e-18,0.458709975617023,0.348,0.285,2.18381955075522e-13,"5","SLTM"
6.70493006841251e-17,0.600283104594633,0.202,0.149,1.63948950032823e-12,"5","PLK3"
7.05207219151125e-17,0.532716520940203,0.223,0.168,1.72437269226833e-12,"5","CCNK"
9.18802728794879e-17,0.376911854793948,0.365,0.301,2.24665643244924e-12,"5","NDFIP1"
9.33358765550987e-17,0.434873774959526,0.315,0.253,2.28224885352527e-12,"5","PRPF4B"
9.6835577882603e-17,0.468715526934898,0.268,0.21,2.36782355038541e-12,"5","ANAPC5"
1.01492239836705e-16,0.31709525752721,0.439,0.372,2.48168824848712e-12,"5","ARGLU1"
1.4028821622873e-16,0.571175002845649,0.218,0.164,3.4303274632249e-12,"5","PABPC4"
2.00579592827263e-16,0.533845645418989,0.25,0.194,4.90457220381223e-12,"5","SNRNP70"
3.12354270847303e-16,0.40876066398626,0.389,0.33,7.63768663075826e-12,"5","PDIA6"
4.43424824150338e-16,0.340953817453353,0.49,0.433,1.08426238001241e-11,"5","CYTIP"
4.72707238506025e-16,0.530013789261814,0.202,0.15,1.15586373959493e-11,"5","FBXL5"
6.25365164758332e-16,0.390033637203391,0.413,0.354,1.52914290086707e-11,"5","RPN1"
7.50940064699974e-16,0.369879075235628,0.42,0.36,1.83619864620438e-11,"5","DDX21"
7.99978362914921e-16,0.511704156342576,0.212,0.159,1.95610709299957e-11,"5","SLC1A5"
1.04634942985995e-15,0.348810339941849,0.401,0.339,2.55853362589356e-11,"5","NSD3"
1.12529376850557e-15,0.359633475170817,0.454,0.397,2.75156832274983e-11,"5","RUNX3"
1.27911525521193e-15,0.475105932955847,0.316,0.261,3.12769262204421e-11,"5","CMTM6"
1.30945743630037e-15,0.31836031785127,0.481,0.42,3.20188532324167e-11,"5","SRSF10"
1.618392046907e-15,0.359606233351048,0.355,0.294,3.95729223309699e-11,"5","IKZF1"
1.66502890262128e-15,0.392140430330217,0.379,0.323,4.07132867268956e-11,"5","RPN2"
2.59920965481131e-15,0.525447023030193,0.246,0.193,6.35558744794462e-11,"5","MLEC"
2.93388754977643e-15,0.448874946084039,0.302,0.246,7.17394183671333e-11,"5","RAB14"
3.07574304943792e-15,0.49929313999304,0.309,0.255,7.52080690448561e-11,"5","TRAT1"
3.21774317230407e-15,0.37277864287988,0.444,0.386,7.86802560491791e-11,"5","CELF2"
3.8424755348035e-15,0.275428718434546,0.497,0.434,9.39562117770152e-11,"5","SF3B2"
4.27200295025359e-15,0.389616002544375,0.328,0.272,1.04459016139601e-10,"5","KIF5B"
5.68095976451552e-15,0.262509992604675,0.631,0.57,1.38910828161934e-10,"5","ITM2A"
6.92704258488516e-15,0.361418984060623,0.359,0.301,1.69380045285612e-10,"5","ZNF207"
7.72121952031189e-15,0.279232671383829,0.471,0.407,1.88799259710666e-10,"5","HERPUD1"
7.81547661548926e-15,0.476529352574884,0.24,0.187,1.91104034201943e-10,"5","SYNCRIP"
9.37826623083654e-15,0.532407584867901,0.217,0.167,2.29317365876415e-10,"5","SMNDC1"
9.5191791836666e-15,0.330569839262095,0.486,0.433,2.32762969399016e-10,"5","TAP1"
1.11692316498247e-14,0.52072817699139,0.21,0.16,2.73110052301512e-10,"5","SLC16A3"
1.16370471284658e-14,0.311662922192456,0.428,0.367,2.84549076385246e-10,"5","TPM4"
1.18737561070894e-14,0.447671803847561,0.241,0.188,2.90337084330551e-10,"5","FUBP1"
1.23662006851252e-14,0.453345209395979,0.223,0.171,3.02378339152681e-10,"5","CNOT1"
1.7677598046405e-14,0.425633898315452,0.29,0.236,4.32252627430694e-10,"5","WDR33"
3.20849414930398e-14,0.541107844497114,0.207,0.158,7.84540989387808e-10,"5","ARHGAP25"
3.229365866981e-14,0.450306825582181,0.215,0.165,7.89644541794195e-10,"5","DBF4"
3.80800035522907e-14,0.484212480593577,0.227,0.176,9.31132246860612e-10,"5","ERN1"
4.81101608079594e-14,0.451293532005934,0.29,0.237,1.17638965207622e-09,"5","MECP2"
5.91752338734205e-14,0.40029236581579,0.234,0.181,1.44695281867288e-09,"5","PTPN4"
6.80022994135976e-14,0.316087326018512,0.444,0.388,1.66279222526129e-09,"5","SH3KBP1"
1.06616968456596e-13,0.417018031831112,0.278,0.224,2.6069981127007e-09,"5","PHF1"
3.19056578665926e-13,0.420607239279543,0.267,0.215,7.80157146153922e-09,"5","GNAI3"
3.40252100405426e-13,0.410749007234901,0.288,0.235,8.31984435911347e-09,"5","PSIP1"
3.75254027417908e-13,0.371165142756189,0.357,0.303,9.17571147842269e-09,"5","CEBPZ"
4.64508033886379e-13,0.490928999196298,0.222,0.175,1.13581504445897e-08,"5","TGS1"
4.68582816313118e-13,0.413823410844135,0.262,0.211,1.14577870244884e-08,"5","ZNF800"
4.971407580437e-13,0.379021308469648,0.266,0.214,1.21560858156846e-08,"5","BNIP2"
5.25122122512387e-13,0.25984590673373,0.594,0.542,1.28402861396729e-08,"5","CD53"
6.82886432263055e-13,0.328814339768821,0.356,0.301,1.66979390416962e-08,"5","JMJD6"
7.05669011063259e-13,0.29690014554737,0.363,0.308,1.72550186585188e-08,"5","AKIRIN1"
1.12668361619795e-12,0.427901576674309,0.601,0.552,2.75496677832724e-08,"5","SAT1"
1.44157274216417e-12,0.3300407538633,0.347,0.294,3.52493366913982e-08,"5","NASP"
1.65482787628771e-12,0.481307536805911,0.202,0.156,4.04638512309871e-08,"5","LPIN2"
1.90523837302725e-12,0.269605709261269,0.534,0.48,4.65868886972623e-08,"5","SRRM1"
2.19086500645809e-12,0.334480240824429,0.285,0.232,5.35710311379132e-08,"5","MTPN"
2.43456081120877e-12,0.440736611547949,0.266,0.218,5.95298809556768e-08,"5","SSR1"
2.50024317887318e-12,0.401803224653205,0.215,0.168,6.11359462098069e-08,"5","UBN1"
2.69488923501913e-12,0.340128634331592,0.332,0.279,6.58954315746879e-08,"5","ZFAND5"
3.1585494589301e-12,0.455265048039377,0.21,0.164,7.72328513697587e-08,"5","AZIN1"
3.29586381394386e-12,0.38478418916934,0.222,0.174,8.05904619785552e-08,"5","TSPYL1"
3.6654220821055e-12,0.372099112324252,0.254,0.204,8.96269007516438e-08,"5","FXR1"
3.84310663636106e-12,0.482141240002264,0.205,0.161,9.39716434723006e-08,"5","NT5C3A"
3.93867719157164e-12,0.43473337929183,0.242,0.194,9.63085346883098e-08,"5","ERP44"
4.4329360278622e-12,0.318551913416646,0.333,0.277,1.08394151753287e-07,"5","SYNRG"
4.59436508755631e-12,0.495904300201731,0.217,0.172,1.12341415120927e-07,"5","BRD7"
5.02016905643539e-12,0.47095558275521,0.228,0.183,1.22753173767958e-07,"5","ARMCX3"
6.21094892038403e-12,0.443777991827176,0.251,0.205,1.5187012300123e-07,"5","LMAN1"
8.25849349271926e-12,0.436412050947549,0.202,0.157,2.01936682883971e-07,"5","SMC3"
8.69385511334764e-12,0.256884337901694,0.405,0.35,2.12582145231576e-07,"5","SF3A1"
1.20416942189171e-11,0.383215185852305,0.241,0.194,2.94443507040962e-07,"5","SDHA"
1.21684673492954e-11,0.31513772252934,0.566,0.516,2.97543363624971e-07,"5","PRF1"
1.3133059008873e-11,0.379160263470687,0.316,0.267,3.21129558884963e-07,"5","U2SURP"
1.44172053077563e-11,0.467863371589922,0.223,0.179,3.52529504185257e-07,"5","ANP32E"
2.28425856669498e-11,1.01763781091023,0.205,0.164,5.58546904728258e-07,"5","IL7R"
2.38561205003637e-11,0.327248875764802,0.354,0.306,5.83329858474892e-07,"5","HNRNPR"
2.61866830611918e-11,0.274420887387046,0.382,0.331,6.40316774212262e-07,"5","RASSF5"
3.10049675024306e-11,0.398985892707662,0.234,0.187,7.58133465369433e-07,"5","PPM1K"
3.17230244837602e-11,0.420166219550873,0.2,0.156,7.75691394676904e-07,"5","CDS2"
3.22777170900918e-11,0.455184750130278,0.225,0.182,7.89254738286925e-07,"5","TMX1"
3.52519746500176e-11,0.488948190648064,0.202,0.161,8.6198128414223e-07,"5","CDK5RAP3"
3.63038098894209e-11,0.424610998579976,0.205,0.162,8.87700759416119e-07,"5","NCOA4"
5.86350498284142e-11,0.288774820879699,0.466,0.422,1.43374423840439e-06,"5","EPC1"
6.76720483815701e-11,0.266758682584593,0.543,0.501,1.65471692702615e-06,"5","LRRFIP1"
8.11632186332972e-11,0.25141562183817,0.591,0.556,1.98460302202138e-06,"5","SEPT7"
1.03103086370321e-10,0.310588444154525,0.301,0.251,2.52107666792709e-06,"5","CAPN2"
1.34800267679671e-10,0.328115743897238,0.228,0.182,3.29613614530331e-06,"5","DNM2"
1.37736804778345e-10,0.46932139296258,0.215,0.173,3.3679403504401e-06,"5","TTC39C"
1.46384231526168e-10,0.436426058705555,0.215,0.173,3.57938722927786e-06,"5","ASXL1"
2.13899326304909e-10,0.466637414503143,0.266,0.225,5.23026632680763e-06,"5","FASLG"
2.81968701003243e-10,0.359439136177703,0.28,0.235,6.8946986769313e-06,"5","DDX27"
2.86329742899633e-10,0.420612665737404,0.214,0.174,7.00133487338184e-06,"5","CDV3"
3.26862710906596e-10,0.399390875938072,0.259,0.216,7.99244700708809e-06,"5","TMEM259"
3.35853034126021e-10,0.295018287501965,0.386,0.341,8.21227839044946e-06,"5","CD47"
4.89520529698563e-10,0.274732191515765,0.385,0.339,1.19697559921893e-05,"5","TRIM22"
5.68599913116299e-10,0.376177183337068,0.241,0.196,1.39034050755197e-05,"5","KIF2A"
7.47504670417456e-10,0.263721085853998,0.417,0.372,1.82779842010476e-05,"5","XRCC5"
7.52833971179554e-10,0.446770118297847,0.237,0.197,1.84082962632825e-05,"5","ZRANB2"
8.05114206453035e-10,0.296440091863543,0.312,0.265,1.96866525761896e-05,"5","DNAJB9"
9.76621623973048e-10,0.33194511835366,0.376,0.331,2.3880351949389e-05,"5","STOM"
1.04807563860139e-09,0.374071726818149,0.254,0.212,2.56275455150812e-05,"5","LRPAP1"
1.41171319914035e-09,0.284330490153022,0.318,0.274,3.45192111453798e-05,"5","OASL"
1.46965625580303e-09,0.338779171586581,0.211,0.17,3.59360347668957e-05,"5","SOD2"
1.55917732298154e-09,0.390301623540568,0.279,0.239,3.81250039015446e-05,"5","BBX"
1.82689633879428e-09,0.379240674030539,0.259,0.217,4.46712692761978e-05,"5","TNFRSF9"
2.06575705735593e-09,0.379123865696945,0.239,0.198,5.05118915664672e-05,"5","SAP30BP"
2.13497908558285e-09,0.390969565417419,0.211,0.171,5.22045086006719e-05,"5","CHST11"
2.16280126929037e-09,0.287012282396002,0.358,0.313,5.28848166366881e-05,"5","IK"
2.47126743431772e-09,0.308372541726398,0.255,0.213,6.04274313039369e-05,"5","TOX4"
2.97994471025148e-09,0.393898284469579,0.206,0.166,7.28656080550691e-05,"5","RBM23"
3.19544183570532e-09,0.302222742104819,0.27,0.227,7.81349437666665e-05,"5","TMEM248"
3.28848822472501e-09,0.438173556417609,0.2,0.163,8.04101140709759e-05,"5","SHOC2"
4.02785956281118e-09,0.308445583088257,0.313,0.271,9.8489222029859e-05,"5","EMC7"
4.86830359097823e-09,0.436057357963057,0.201,0.163,0.0001190397594066,"5","FIP1L1"
5.19212248218784e-09,0.314780301158813,0.298,0.257,0.000126957778934457,"5","SCAMP2"
5.24512402828011e-09,0.346622935167058,0.224,0.183,0.000128253772739505,"5","URI1"
5.40709616431014e-09,0.381083301065954,0.22,0.181,0.000132214315409711,"5","CWC25"
6.23816906116175e-09,0.261782133502245,0.528,0.493,0.000152535709883527,"5","IL2RG"
7.15362039414928e-09,0.268338095812485,0.311,0.267,0.000174920325877738,"5","HERPUD2"
7.89121842511813e-09,0.354869168061979,0.308,0.266,0.000192956072930988,"5","CNOT2"
8.06477867358551e-09,0.286426502232442,0.352,0.309,0.000197199968126513,"5","LAMP1"
8.21275586741742e-09,0.311734767897056,0.288,0.247,0.000200818306470091,"5","GPR174"
8.83728810533344e-09,0.293959084783566,0.281,0.238,0.000216089368751613,"5","PAF1"
1.03124777511659e-08,0.280471999656007,0.377,0.334,0.000252160705971509,"5","SMAP2"
1.05964568989432e-08,0.342410398118998,0.288,0.247,0.00025910456409296,"5","DDX46"
1.08024969117174e-08,0.34416859117044,0.252,0.212,0.000264142654485315,"5","ABI1"
1.24705375506649e-08,0.36057904192624,0.22,0.182,0.000304929584188859,"5","CCAR1"
1.25168877708187e-08,0.298693127421471,0.323,0.282,0.000306062939772059,"5","PRPF40A"
1.71646043701254e-08,0.284253294459611,0.318,0.277,0.000419708906058306,"5","DDOST"
2.45946682893796e-08,0.325002280892359,0.211,0.173,0.000601388829011909,"5","ADD1"
2.7504979500773e-08,0.32363071818745,0.283,0.244,0.000672551758752902,"5","HBP1"
3.3996050186449e-08,0.273687811872581,0.461,0.423,0.000831271419159051,"5","CD247"
3.53039911258155e-08,0.3555385013648,0.241,0.204,0.000863253191008441,"5","EMC3"
4.07210807429058e-08,0.306035306222863,0.302,0.262,0.000995711866325533,"5","PHF20"
4.90253819315115e-08,0.335489543616375,0.242,0.205,0.00119876863898932,"5","PPP4R2"
6.16031484097711e-08,0.333811282780132,0.237,0.2,0.00150632018491572,"5","THUMPD3-AS1"
1.12891252488278e-07,0.29196640531995,0.227,0.192,0.00276041690584337,"5","SAR1B"
1.32535959324744e-07,0.260664719141575,0.383,0.347,0.00324076927740864,"5","OPTN"
1.52172997518681e-07,0.325656956112875,0.245,0.21,0.00372093413532679,"5","SAR1A"
1.54065736837732e-07,0.318959837777276,0.228,0.192,0.00376721539715623,"5","GPR18"
1.59359074642483e-07,0.388890401614821,0.248,0.215,0.00389664809315799,"5","MESD"
2.1617602290586e-07,0.286766666108768,0.255,0.216,0.00528593611209409,"5","ARHGAP30"
2.59889811712092e-07,0.336482376732417,0.277,0.242,0.00635482567598408,"5","HM13"
6.85142392810236e-07,0.340720511398257,0.205,0.172,0.0167531017889959,"5","SNX2"
8.48127832367605e-07,0.369129187073502,0.229,0.198,0.0207384217570527,"5","ST3GAL1"
8.8838006343679e-07,0.341600022128934,0.2,0.168,0.0217226693111564,"5","NEMF"
1.19343573838558e-06,0.292365506079741,0.237,0.203,0.0291818906750041,"5","TAOK3"
1.79587922042273e-06,0.321154948156622,0.2,0.169,0.0439128386977765,"5","SF3A3"
1.87813465380441e-06,0.339676760801963,0.208,0.177,0.0459241485548254,"5","RAB22A"
2.34306117316507e-06,0.273076839111462,0.219,0.186,0.0572925318062324,"5","SLC25A32"
3.14538510969082e-06,0.267764691421745,0.203,0.171,0.07691095670216,"5","CCDC88C"
3.54191804760429e-06,0.333508388099245,0.203,0.173,0.0866069801000201,"5","CEP57"
3.67506367757342e-06,0.299138412700111,0.353,0.322,0.0898626570440252,"5","GLIPR1"
4.2996254929367e-06,0.259621687708272,0.325,0.29,0.105134442553288,"5","SP100"
5.24843022283758e-06,0.362162803320152,0.205,0.179,0.128334615808825,"5","ATP6AP1"
6.28656950490272e-06,0.283948933201001,0.249,0.219,0.153719197533881,"5","RNF138"
6.95060180693324e-06,0.307926550059562,0.201,0.172,0.169956115383132,"5","RNF4"
7.79879270397277e-06,0.310208070144038,0.263,0.233,0.190696079197542,"5","GLUD1"
9.3942912134262e-06,0.336448130762418,0.216,0.187,0.229709208750697,"5","TCIRG1"
9.51333741958012e-06,0.342459219803522,0.247,0.219,0.232620126583573,"5","FAM133B"
9.68500251482227e-06,0.293852071843525,0.248,0.218,0.236817681492434,"5","GGNBP2"
1.17530731147799e-05,0.297853911609574,0.304,0.276,0.287386143802598,"5","IFI16"
1.51187954506787e-05,0.270792165782411,0.261,0.232,0.369684786359995,"5","PLIN2"
1.52652342856613e-05,0.264319613471315,0.232,0.203,0.37326550875299,"5","ARHGAP4"
1.58517496152643e-05,0.31882697519184,0.2,0.173,0.387606981592443,"5","DCAF7"
1.8572286871346e-05,0.254482564473019,0.211,0.181,0.454129558578152,"5","DR1"
2.42102239192918e-05,0.258622778057946,0.278,0.249,0.591988395274524,"5","USP16"
3.11923210080898e-05,0.307523027707624,0.239,0.211,0.762714633289811,"5","PHIP"
3.24119681186417e-05,0.267146655884217,0.21,0.182,0.792537444437028,"5","RAB1A"
4.70646663244533e-05,0.252858190021877,0.226,0.199,1,"5","PSMD2"
4.9811393320312e-05,0.258008311613129,0.25,0.221,1,"5","ISG20L2"
5.08347718183889e-05,0.271122527461126,0.236,0.209,1,"5","EMC10"
5.82711939480551e-05,0.256561567268815,0.231,0.205,1,"5","PRPF6"
6.25442685218925e-05,0.252540519576911,0.202,0.176,1,"5","SYPL1"
6.3831878225688e-05,0.256999275595629,0.229,0.201,1,"5","ADD3"
6.70157489082463e-05,0.257955644232449,0.231,0.205,1,"5","NOP56"
7.659760907699e-05,0.287766847484984,0.21,0.184,1,"5","ABCF1"
0.000131033151814713,0.308082306984225,0.24,0.215,1,"5","IL27RA"
0.000184480883847339,0.299594736238884,0.235,0.212,1,"5","GATA3"
0.00037860404471427,0.2569366944917,0.23,0.207,1,"5","TROVE2"
0.000456537250711401,0.271071485838971,0.219,0.197,1,"5","DERL2"
0.000526339329398626,0.27421601605253,0.205,0.183,1,"5","PSMC6"
0.00457142496045008,0.301129218208332,0.203,0.188,1,"5","TANK"
0,2.49238550350183,0.527,0.109,0,"6","TYROBP"
0,3.0833921260534,0.405,0.059,0,"6","KLRF1"
0,2.20663360364913,0.303,0.052,0,"6","TRDC"
0,3.2119069831244,0.275,0.034,0,"6","KIR2DL3"
0,3.07913142717374,0.217,0.034,0,"6","KRT86"
8.70543667972276e-321,2.0434693575239,0.364,0.092,2.12865337692581e-316,"6","FCGR3A"
5.55215378304292e-294,2.91209263771782,0.204,0.034,1.35761264302966e-289,"6","KIR2DL4"
2.32259046421614e-293,1.88901470999017,0.408,0.119,5.67919820310132e-289,"6","S1PR5"
1.81002172013765e-277,2.50852871775594,0.251,0.053,4.42586511008059e-273,"6","KIR3DL2"
5.49165196901268e-270,1.6509271291099,0.411,0.126,1.34281873946298e-265,"6","KLRC3"
6.25889794136061e-269,1.25415664591193,0.72,0.345,1.5304257246215e-264,"6","CMC1"
2.09389507181613e-265,2.12880444542564,0.33,0.091,5.11999222960481e-261,"6","TRDV1"
4.03449262655264e-256,0.957684638668352,0.932,0.705,9.86514137044651e-252,"6","IFITM2"
1.67809529814281e-237,1.02973223896353,0.881,0.613,4.10327862301879e-233,"6","FAM177A1"
2.71281844290813e-228,2.08946202866563,0.349,0.112,6.63338365659895e-224,"6","TRGV9"
9.73312856238998e-226,2.09554309258783,0.266,0.068,2.3799445960756e-221,"6","LYN"
7.83031818186216e-217,0.886406346985935,0.888,0.609,1.91466940182894e-212,"6","PIK3R1"
3.42482659640432e-204,0.971245567764218,0.731,0.386,8.37438599352784e-200,"6","KLRB1"
3.1471632342825e-202,0.864907557162844,0.891,0.655,7.69544354046757e-198,"6","LITAF"
2.42484465217404e-194,0.702403405262435,0.957,0.841,5.92923014349597e-190,"6","PABPC1"
6.0150457926556e-176,1.26939858789902,0.577,0.296,1.47079899722015e-171,"6","IFNGR1"
1.08380679446567e-174,0.93146291623861,0.715,0.389,2.65012437382746e-170,"6","KLRD1"
2.46143534586756e-174,1.71513360846596,0.285,0.09,6.01870170771537e-170,"6","PLAC8"
5.2080311442189e-167,0.717050329448854,0.927,0.754,1.2734677753844e-162,"6","CD7"
1.65743378270565e-149,0.760065280542944,0.945,0.796,4.05275708547185e-145,"6","NR4A2"
5.93375158314924e-147,0.650798923276575,0.97,0.822,1.45092093711165e-142,"6","ZFP36"
8.7140562199839e-143,0.631526154335829,0.957,0.735,2.13076102691046e-138,"6","CREM"
2.0460828653256e-138,0.989472553005863,0.692,0.421,5.00308182229416e-134,"6","FOSL2"
8.75944374082751e-136,1.73118817557131,0.438,0.219,2.14185918350714e-131,"6","AREG"
1.72390072391629e-132,0.537161831921492,0.979,0.917,4.21528205012011e-128,"6","IFITM1"
2.65670049710567e-128,1.46609830852218,0.334,0.139,6.49616405552279e-124,"6","PRR7"
2.65090390461611e-123,0.793264833163444,0.783,0.582,6.4819902275673e-119,"6","GSTP1"
1.13678912912552e-122,0.660789974800821,0.876,0.675,2.77967677853773e-118,"6","SELENOK"
1.08154021983373e-116,0.77525249425054,0.794,0.579,2.64458214553743e-112,"6","SH2D2A"
1.45948031065005e-111,1.21942203381559,0.539,0.313,3.5687212556015e-107,"6","XCL1"
7.16348834175439e-111,1.41961697957053,0.281,0.111,1.75161616932578e-106,"6","PDE4A"
7.10385421199368e-109,0.956188978253629,0.412,0.197,1.73703443191669e-104,"6","CD160"
5.55263455836944e-108,1.58046929914046,0.229,0.083,1.3577302022125e-103,"6","IFITM3"
2.89039544324287e-106,0.591854995065016,0.874,0.671,7.06759493781747e-102,"6","YPEL5"
1.87602781938231e-105,0.708383231932149,0.765,0.569,4.58726322395361e-101,"6","HSPD1"
3.05156279353097e-104,0.816024301529004,0.61,0.375,7.46168134274192e-100,"6","TRBC1"
2.67299598846324e-103,0.664309120785033,0.86,0.681,6.53600979099031e-99,"6","TUBA4A"
2.78793592560939e-103,0.690647302206925,0.777,0.559,6.81706092530007e-99,"6","VPS37B"
2.89618552097298e-101,0.328666332343023,0.998,0.983,7.08175283588312e-97,"6","PTMA"
4.28220224691675e-101,0.280184292921571,1,0.996,1.04708409341608e-96,"6","EEF1A1"
8.39381801387846e-101,0.670662572954666,0.821,0.638,2.05245638075356e-96,"6","ZNF331"
1.11430463179867e-98,0.600683035839064,0.872,0.733,2.7246976856741e-94,"6","HSPE1"
2.3384878358178e-97,0.947593408448912,0.59,0.377,5.71807045614169e-93,"6","IL2RB"
2.28611197723285e-87,1.2800446998913,0.261,0.111,5.59000100672976e-83,"6","CYSTM1"
1.55379685883928e-85,0.889356087437265,0.447,0.247,3.79934407923382e-81,"6","CDKN1A"
3.47210892914027e-85,0.745358020971032,0.639,0.421,8.49000075353378e-81,"6","NR4A3"
4.04393999851476e-85,0.502247317890788,0.889,0.774,9.88824208436829e-81,"6","CALM2"
1.1132945459329e-83,0.846035755645945,0.634,0.447,2.72222782371513e-79,"6","IDI1"
1.85967561962312e-83,0.347465206514373,0.99,0.945,4.54727882510245e-79,"6","SRGN"
4.01872411268721e-83,0.601786980128051,0.762,0.556,9.82658420034275e-79,"6","SYTL3"
1.14253541671653e-79,1.28890618981379,0.207,0.081,2.79372760095526e-75,"6","PLCG2"
4.88636165547833e-79,0.364514224949113,0.978,0.936,1.19481315199756e-74,"6","CST7"
2.79564494016283e-78,0.882669392787261,0.524,0.328,6.83591100768614e-74,"6","MOB4"
4.05114278713189e-78,1.04370008290116,0.345,0.176,9.90585434309491e-74,"6","METRNL"
1.85964911745865e-75,1.3980478030571,0.216,0.09,4.5472140220099e-71,"6","CHPT1"
9.23664292811058e-72,1.29325015001751,0.233,0.103,2.2585439287816e-67,"6","BLVRB"
2.36091152103326e-71,0.757078155679834,0.547,0.353,5.77290085123053e-67,"6","CD63"
7.25256423499755e-70,0.871690022363647,0.548,0.37,1.7733970067416e-65,"6","PTP4A1"
1.91218831167051e-68,1.12663726405245,0.279,0.136,4.67568285969673e-64,"6","UPP1"
1.66395103646624e-67,0.754051791829137,0.503,0.314,4.06869307436724e-63,"6","ISCA1"
8.5183930812498e-66,0.597687016498588,0.775,0.606,2.0829174762272e-61,"6","DDIT4"
2.02903154338925e-65,0.37447546731851,0.968,0.923,4.96138792989539e-61,"6","MT-ATP8"
1.14095313181051e-63,0.937672644752057,0.358,0.2,2.78985859790305e-59,"6","FBXO34"
1.85105666038339e-62,0.560777423983642,0.717,0.55,4.52620374596948e-58,"6","REL"
5.92740087960725e-61,0.97562870995211,0.347,0.194,1.44936806308156e-56,"6","ELL2"
7.77801256759444e-61,0.31875887086907,0.967,0.934,1.90187963302819e-56,"6","CALM1"
1.6483323259465e-58,1.12708638348218,0.254,0.128,4.03050220340438e-54,"6","PGRMC2"
3.05693507498556e-57,1.25890175207965,0.213,0.1,7.47481764535469e-53,"6","MAFF"
5.28287858759039e-57,0.551835106469133,0.699,0.527,1.2917694722376e-52,"6","BZW1"
3.17670582263155e-56,0.689029297675553,0.441,0.271,7.76768107749866e-52,"6","LINC01871"
7.06247562438513e-56,0.434936521177346,0.827,0.666,1.72691653967465e-51,"6","LDHA"
1.8105254108927e-55,0.321369105808458,0.985,0.865,4.42709673471482e-51,"6","DUSP2"
2.85758118308552e-55,0.614730690627041,0.66,0.501,6.98735750888071e-51,"6","ATP1B3"
2.90346159959737e-55,0.679583370850708,0.488,0.316,7.09954430333549e-51,"6","SERTAD1"
7.46378439417764e-55,0.590316632527244,0.622,0.442,1.82504456006432e-50,"6","SYAP1"
8.96089619790829e-55,0.722445830919573,0.452,0.287,2.19111833831253e-50,"6","MAP3K8"
2.21348144038254e-54,0.438567252692101,0.823,0.701,5.4124048180234e-50,"6","NCL"
1.16494389407889e-53,0.860673459724461,0.489,0.331,2.84852080980171e-49,"6","XCL2"
1.52634508857541e-53,1.12355863098605,0.204,0.095,3.7322190105846e-49,"6","CD300A"
2.1525423777353e-53,0.812979634865556,0.426,0.271,5.26339662203835e-49,"6","ALG13"
2.84628607685784e-53,0.556511920421857,0.453,0.279,6.95973871513278e-49,"6","HOPX"
3.55315872099507e-53,0.260382393438463,0.995,0.981,8.68818370457714e-49,"6","MT-CO3"
6.04828802435374e-53,0.673248251508228,0.563,0.401,1.47892738771498e-48,"6","MAT2A"
1.11236458608619e-51,0.647601671515024,0.362,0.21,2.71995388589795e-47,"6","SATB1"
4.12935212711792e-51,0.731214028159232,0.569,0.419,1.00970918212288e-46,"6","CD247"
5.18232175333669e-51,0.570673706139155,0.66,0.511,1.26718131512589e-46,"6","SRSF3"
1.80159906002863e-50,0.560525687029739,0.671,0.512,4.40527002158201e-46,"6","ARF6"
2.35004678452696e-50,0.725626307136559,0.477,0.319,5.74633439752532e-46,"6","SLA2"
9.85042626114813e-50,1.02720161454731,0.235,0.12,2.40862622937594e-45,"6","TENT4B"
1.69649307924693e-48,0.319118681209992,0.909,0.829,4.14826487737459e-44,"6","YWHAZ"
1.02503515515056e-47,0.431543093170718,0.757,0.601,2.50641596137414e-43,"6","PDCD4"
2.40241468773506e-46,0.585822297259788,0.556,0.396,5.87438439444977e-42,"6","GPR65"
2.47293201943238e-46,0.478591086491673,0.735,0.598,6.04681337391605e-42,"6","NDUFS5"
3.46772212541413e-46,0.525299030104271,0.559,0.39,8.47927414106263e-42,"6","ZEB2"
7.15530004577545e-46,0.655931763729511,0.545,0.394,1.74961396719301e-41,"6","RUNX3"
7.67210900002498e-46,0.569345209058211,0.536,0.374,1.87598409268611e-41,"6","CHD1"
9.01148865580619e-46,0.455834922572041,0.738,0.598,2.20348920611773e-41,"6","POLR2L"
1.50701313367301e-45,0.488928913625547,0.383,0.234,3.68494851445723e-41,"6","LMNA"
1.0436017387719e-44,0.773810779614011,0.331,0.197,2.55181497164504e-40,"6","LPCAT1"
7.6243868802328e-43,1.08158696337759,0.239,0.131,1.86431507995453e-38,"6","TERF1"
1.11942977407906e-42,0.38125074679892,0.846,0.741,2.73722968357812e-38,"6","SUB1"
1.99094755748963e-42,0.486077600378943,0.693,0.548,4.86826496757365e-38,"6","EMD"
2.31434618252471e-42,0.653976933483625,0.508,0.365,5.65903928550943e-38,"6","TPM4"
3.06045027237361e-42,0.532483635911316,0.652,0.514,7.48341300600794e-38,"6","PRF1"
4.54047320512289e-42,0.373933939838394,0.841,0.737,1.11023650811665e-37,"6","SKP1"
1.64140350259245e-41,0.365142319332531,0.809,0.692,4.01355984453906e-37,"6","GZMM"
4.12145654326681e-41,0.386158358052243,0.798,0.676,1.0077785539596e-36,"6","HSPA5"
4.28607698428786e-41,0.426072556259998,0.693,0.532,1.04803154419807e-36,"6","CEMIP2"
7.56610306788673e-41,0.365434349988901,0.796,0.67,1.85006352215966e-36,"6","DDX24"
1.00058710560004e-39,0.535504563953749,0.576,0.43,2.44663559061321e-35,"6","APMAP"
1.76538057020647e-39,0.762254355229986,0.313,0.192,4.31670857026886e-35,"6","GZMB"
2.39038465908086e-39,0.488963326648511,0.633,0.493,5.84496856838451e-35,"6","HNRNPA0"
3.76346801128423e-39,0.385170915113572,0.748,0.63,9.20243198119219e-35,"6","HIST1H4C"
6.05403351117353e-39,0.255339056859137,0.994,0.931,1.48033227415215e-34,"6","BTG1"
7.00887656817265e-39,0.312430893109942,0.657,0.505,1.71381049844958e-34,"6","TUBB4B"
9.42125315627925e-39,0.6310327677153,0.56,0.422,2.3036848217734e-34,"6","RANBP2"
3.48825440116462e-38,0.938515810309452,0.222,0.122,8.52947966172774e-34,"6","GLUL"
8.2053868971607e-38,0.772723394211215,0.21,0.111,2.00638120409373e-33,"6","NCR3"
2.11194794658827e-37,0.408071678011906,0.668,0.52,5.16413511899764e-33,"6","TNFRSF1B"
6.38684828100263e-37,0.635279949669182,0.37,0.239,1.56171214167076e-32,"6","OAT"
1.27201473427742e-36,0.569045491215241,0.392,0.26,3.11033042825516e-32,"6","CD55"
3.37557688732685e-36,0.708930431761914,0.32,0.199,8.25396060489161e-32,"6","UBE2J1"
3.74218466441073e-36,0.442654639742195,0.677,0.536,9.15038994141712e-32,"6","CYCS"
1.73063415374617e-35,0.362074267751052,0.788,0.676,4.23174663274014e-31,"6","SRSF2"
2.35096669582362e-35,0.672943571123991,0.349,0.226,5.74858376462791e-31,"6","RHOC"
2.47987940808303e-35,0.400590825375381,0.779,0.66,6.06380112864463e-31,"6","TAGLN2"
7.41571917615838e-35,0.502940570583138,0.518,0.374,1.81329165295425e-30,"6","GABARAPL1"
5.22311651028965e-34,0.378417536459027,0.784,0.672,1.27715644909602e-29,"6","GUK1"
9.51307131160957e-34,0.757732254684869,0.22,0.122,2.32613619711477e-29,"6","FLOT1"
1.28208578224549e-33,0.338490782638769,0.761,0.624,3.13495615474668e-29,"6","BRD2"
2.52590617090995e-33,0.35581094998656,0.79,0.677,6.17634576910901e-29,"6","SLC25A3"
4.79179996936081e-33,0.390383225778033,0.496,0.347,1.1716909285081e-28,"6","AOAH"
1.50923263827563e-32,0.579550739348565,0.419,0.289,3.69037564711157e-28,"6","TIPARP"
3.47779401793245e-32,0.512002725643027,0.552,0.416,8.50390193264843e-28,"6","JUND"
1.71600413039876e-31,0.788040753960289,0.264,0.163,4.19597329965105e-27,"6","PABPC4"
5.7639135651609e-31,0.641713917715354,0.261,0.157,1.40939214495314e-26,"6","PIK3AP1"
8.45735464662765e-31,0.457039900887387,0.531,0.394,2.06799235819339e-26,"6","NFE2L2"
1.18229353231775e-30,0.723089874634428,0.274,0.17,2.89094414522337e-26,"6","H2AFJ"
1.58920092839684e-29,0.384014584953277,0.619,0.484,3.88591411011594e-25,"6","TUBA1B"
1.85350511998219e-29,0.550055724349301,0.377,0.256,4.53219071938046e-25,"6","CRYBG1"
3.69646096703669e-29,0.495808696252004,0.398,0.274,9.0385863565981e-25,"6","CSRNP1"
7.81281767380167e-29,0.578355399312907,0.348,0.235,1.91039017759798e-24,"6","ANKRD37"
2.43754800113905e-28,0.404620851029905,0.578,0.443,5.96029237238521e-24,"6","JPT1"
2.91973638926113e-28,0.332360329570418,0.672,0.548,7.13933941902132e-24,"6","SQSTM1"
6.26050976256333e-28,0.301050667418656,0.802,0.677,1.53081984714198e-23,"6","SFPQ"
6.9356843902714e-28,0.737702121417165,0.216,0.128,1.69591354710916e-23,"6","GNPTAB"
7.15503069044e-28,0.512857157036275,0.369,0.252,1.74954810442639e-23,"6","H2AFX"
7.68043141467321e-28,0.493661423232946,0.458,0.33,1.87801908951589e-23,"6","CSNK1D"
8.88681518130217e-28,0.282764493607274,0.79,0.668,2.17300404813201e-23,"6","EZR"
1.06339010739347e-27,0.477621787037637,0.484,0.356,2.6002014905985e-23,"6","KPNA2"
2.89483808013595e-27,0.269321000017495,0.827,0.723,7.07845807354843e-23,"6","FYN"
4.6732281984837e-27,0.622319775802691,0.333,0.229,1.14269775909323e-22,"6","PLIN2"
8.00852369991343e-27,0.269882694465348,0.586,0.455,1.95824421510283e-22,"6","GADD45B"
1.13215496745336e-26,0.375030112964254,0.518,0.384,2.76834532641696e-22,"6","RGS2"
2.05246847102223e-26,0.496141748379848,0.487,0.37,5.01869590534355e-22,"6","EIF1AX"
2.7846214582963e-26,0.4183704494412,0.578,0.457,6.80895638982612e-22,"6","SDCBP"
4.57956691357973e-26,0.329381846673225,0.731,0.615,1.11979570170852e-21,"6","ATP6V0C"
5.31267690681177e-26,0.612609371210316,0.26,0.164,1.29905575725361e-21,"6","DHCR7"
6.1931313415767e-26,0.519731100348857,0.5,0.383,1.51434447564233e-21,"6","RSL24D1"
1.3193480794898e-25,0.405057987949693,0.545,0.417,3.22606992396846e-21,"6","MAGOH"
1.82891070921454e-25,0.461189522986015,0.476,0.354,4.47205246617139e-21,"6","EIF4A1"
5.06455801999599e-25,0.495974637590227,0.388,0.274,1.23838572704942e-20,"6","PLEKHA2"
1.18489187377414e-24,0.496793336884856,0.413,0.298,2.89729760975253e-20,"6","ADSS"
1.43007293521725e-24,0.614417199962178,0.298,0.199,3.49681434119322e-20,"6","TINF2"
1.52531342510395e-24,0.590082901756221,0.279,0.182,3.72969638706417e-20,"6","ARMCX3"
2.55780634489733e-24,0.346490036526139,0.497,0.366,6.25434807454295e-20,"6","TIGIT"
3.5586667311253e-24,1.16205718013684,0.222,0.144,8.70165189094758e-20,"6","VCAM1"
3.95049080282388e-24,0.43147641054722,0.475,0.359,9.65974011106495e-20,"6","BCL3"
4.27767809471235e-24,0.524632393935797,0.46,0.351,1.04597784771906e-19,"6","VAPA"
5.396308780027e-24,0.33069431504838,0.685,0.576,1.3195054228922e-19,"6","TPI1"
1.10114969555266e-23,0.535096625591281,0.301,0.204,2.69253123556536e-19,"6","STMN1"
1.33888641438988e-23,0.348764747853596,0.57,0.439,3.27384506046615e-19,"6","RNF125"
1.40687369989457e-23,0.592793893361214,0.206,0.125,3.44008757098219e-19,"6","MYBL1"
1.6047330544042e-23,0.610809641661815,0.263,0.171,3.92389326462915e-19,"6","SLC10A3"
1.60816864446092e-23,0.658713696044854,0.212,0.13,3.93229396943585e-19,"6","CYP51A1"
1.9110903403379e-23,0.353503085362512,0.666,0.536,4.67299810019424e-19,"6","ATP6V1G1"
3.10318249723848e-23,0.340454835725476,0.637,0.515,7.58790184224752e-19,"6","DNAJB6"
3.2274842389396e-23,0.470221367907385,0.453,0.336,7.89184446105512e-19,"6","CDC42SE1"
3.263778029027e-23,0.396523543892759,0.567,0.443,7.98059003657682e-19,"6","POMP"
4.05072063500479e-23,0.335396815044922,0.605,0.487,9.90482209671372e-19,"6","MT-ND6"
4.88971828973231e-23,0.3143444544415,0.71,0.597,1.19563391620534e-18,"6","RBM8A"
1.05707983445415e-22,0.32082069481141,0.66,0.535,2.58477161120729e-18,"6","MORF4L1"
1.26420753806406e-22,0.691266953850232,0.213,0.132,3.09124027207423e-18,"6","TRGC2"
1.60357981572595e-22,0.608771632439198,0.277,0.187,3.92107336541309e-18,"6","LMNB1"
2.53830703664449e-22,0.477758951937753,0.444,0.332,6.20666836600311e-18,"6","SS18L2"
3.99791466407021e-22,0.373038477293001,0.58,0.457,9.77570093658447e-18,"6","GPX4"
4.21366481042032e-22,0.253124004516269,0.751,0.665,1.03032531944398e-17,"6","CTSW"
5.44656723391306e-22,0.553087523668829,0.257,0.168,1.33179462003642e-17,"6","BORCS5"
8.04541865249228e-22,0.638271939230779,0.301,0.211,1.96726576890741e-17,"6","RNF139"
1.64778274985425e-21,0.257510528904552,0.689,0.566,4.02915837994361e-17,"6","S100A10"
1.95858665905116e-21,0.593193627066272,0.227,0.147,4.78913609871188e-17,"6","RAB11FIP1"
2.75593288693887e-21,0.547688851352651,0.256,0.168,6.73880709514292e-17,"6","SIRT2"
3.14590226214488e-21,0.275125709635228,0.717,0.6,7.69236021139667e-17,"6","SAP18"
5.14623490620959e-21,0.633406955715821,0.218,0.139,1.25835735926637e-16,"6","UAP1"
5.7535568977993e-21,0.377486524254783,0.556,0.441,1.40685973264989e-16,"6","ARHGAP9"
7.80718547844188e-21,0.393107631625693,0.492,0.382,1.90901299318861e-16,"6","CD164"
8.26464696210147e-21,0.413988178462092,0.425,0.32,2.02087147517305e-16,"6","IFRD1"
8.73814579081522e-21,0.457392964308314,0.274,0.184,2.13665140877014e-16,"6","AUTS2"
1.04962461946655e-20,0.681279021097862,0.223,0.145,2.56654211951962e-16,"6","STARD3NL"
1.07034578579135e-20,0.481180596385468,0.462,0.36,2.61720951541701e-16,"6","DDX21"
1.09482184385564e-20,0.402197290647314,0.467,0.352,2.67705837259581e-16,"6","PITPNC1"
1.12243740305948e-20,0.381729049139015,0.51,0.401,2.74458393796104e-16,"6","STRAP"
1.99653069224757e-20,0.425201629144419,0.436,0.324,4.88191684868376e-16,"6","IQGAP2"
2.34054119072023e-20,0.320960659572271,0.629,0.51,5.7230913195491e-16,"6","SNU13"
3.87881129692383e-20,0.48235405249464,0.415,0.313,9.48446938323815e-16,"6","EIF1B"
4.17518397033972e-20,0.465928255206282,0.419,0.322,1.02091598442747e-15,"6","HMGB2"
5.15930831859983e-20,0.507583390125728,0.342,0.246,1.26155407006403e-15,"6","FBL"
6.88715786171818e-20,0.63560320211524,0.23,0.151,1.68404784034733e-15,"6","ICAM2"
1.57322206275848e-19,0.455862413389407,0.429,0.326,3.84684258785705e-15,"6","DCXR"
1.88723195492589e-19,0.541691491796847,0.28,0.194,4.61465957618479e-15,"6","HECTD1"
1.98101528195211e-19,0.360652293395338,0.604,0.486,4.8439785674293e-15,"6","RBM3"
2.98488321604613e-19,0.5344097698893,0.296,0.209,7.298636439876e-15,"6","TBX21"
5.9576108637759e-19,0.529985717095374,0.257,0.174,1.45675500841048e-14,"6","G6PD"
5.9882962435863e-19,0.526642154567135,0.305,0.217,1.46425819748172e-14,"6","RNF138"
6.94224321699495e-19,0.383998078768009,0.407,0.302,1.69751731141961e-14,"6","CEBPZ"
7.53707797349498e-19,0.392178834005704,0.429,0.324,1.84296630607899e-14,"6","MRPL20"
7.86505850582486e-19,0.398357085250572,0.505,0.402,1.92316410584429e-14,"6","RBMX"
9.62128372589688e-19,0.452594273027888,0.278,0.19,2.35259629665631e-14,"6","STX11"
2.05881505823685e-18,0.33500827966505,0.634,0.526,5.03421458040075e-14,"6","ISG20"
2.20110650977508e-18,0.566872130970685,0.264,0.182,5.38214563770203e-14,"6","NARF"
3.8340350689383e-18,0.293414330194392,0.57,0.461,9.37498255056793e-14,"6","DUSP5"
1.432046577558e-17,0.342212803860584,0.451,0.35,3.50164029144481e-13,"6","AMD1"
1.97645155463504e-17,0.376186134058856,0.383,0.288,4.83281934139359e-13,"6","ETF1"
3.20980312237235e-17,0.314702854890959,0.574,0.466,7.84861059482488e-13,"6","RBM38"
5.84159975746706e-17,0.535586966723033,0.302,0.219,1.42838797269584e-12,"6","ISG20L2"
5.85245053239467e-17,0.321890432711812,0.449,0.342,1.43104120418115e-12,"6","RALGAPA1"
6.59561841861498e-17,0.302523641352649,0.656,0.546,1.61276061571974e-12,"6","SEC61B"
9.27413772893426e-17,0.30906290438389,0.608,0.501,2.267712157479e-12,"6","UQCRH"
1.01148934923362e-16,0.324401992826236,0.521,0.417,2.47329375674605e-12,"6","FAM49B"
1.20342980203313e-16,0.495753574916366,0.292,0.209,2.9426265519314e-12,"6","SAR1A"
1.3936130587593e-16,0.378486244092486,0.338,0.248,3.40766265127824e-12,"6","CKS2"
1.56089656779808e-16,0.363838276429847,0.298,0.211,3.81670428757985e-12,"6","LYAR"
1.77932980593637e-16,0.382620621228723,0.592,0.5,4.35081724147561e-12,"6","EIF3G"
2.09483032109755e-16,0.679226031644101,0.206,0.139,5.12227910114774e-12,"6","TWISTNB"
2.3682353091391e-16,0.442546061399725,0.318,0.233,5.79080897790693e-12,"6","HCG18"
2.42467848449336e-16,0.326584318172527,0.423,0.318,5.92882383028317e-12,"6","MATK"
2.92774240765806e-16,0.383777344729626,0.393,0.296,7.15891573520548e-12,"6","ELOC"
3.53722146386065e-16,0.305319559858718,0.607,0.508,8.64921392343206e-12,"6","ARHGDIA"
4.44191350141405e-16,0.612299514187645,0.209,0.141,1.08613668936576e-11,"6","GNL3"
6.2567887527105e-16,0.336002618460195,0.284,0.198,1.52990998581277e-11,"6","FCRL6"
8.39600472967426e-16,0.342146137643208,0.503,0.409,2.05299107649995e-11,"6","CDK2AP2"
1.06223508831285e-15,0.278775342909098,0.507,0.402,2.59737723794257e-11,"6","STAT4"
1.08987095355244e-15,0.611098980992739,0.231,0.16,2.66495245562642e-11,"6","MSL2"
1.15700453866981e-15,0.407725697316753,0.376,0.286,2.82910749795543e-11,"6","MLF2"
1.91586931675179e-15,0.3755609287608,0.349,0.26,4.68468365332147e-11,"6","HMGN3"
3.26945712882565e-15,0.464745003851016,0.262,0.185,7.99447657140448e-11,"6","PLA2G16"
4.00694216912784e-15,0.365022229747579,0.256,0.179,9.79777499195139e-11,"6","RBKS"
4.08163699934454e-15,0.461880807000477,0.226,0.155,9.98041879079728e-11,"6","GCH1"
4.37642576763669e-15,0.405798331749999,0.355,0.268,1.07012362870252e-10,"6","YWHAE"
5.19324477183501e-15,0.411043127696426,0.365,0.278,1.2698522116091e-10,"6","SERPINB1"
5.44613110719334e-15,0.486631401810376,0.214,0.146,1.33168797833091e-10,"6","NFU1"
7.84624633019606e-15,0.354920250697172,0.373,0.287,1.91856415265954e-10,"6","INSIG1"
1.16832089250358e-14,0.343108022042109,0.517,0.423,2.85677824634976e-10,"6","SEC61G"
1.9653276267813e-14,0.296654684508942,0.54,0.445,4.80561911300564e-10,"6","ARF4"
2.268941529716e-14,0.49205330322728,0.246,0.175,5.54801582846155e-10,"6","RAB9A"
2.72244056178029e-14,0.383676951094693,0.467,0.383,6.65691166166516e-10,"6","NSMCE3"
3.29506657690411e-14,0.41571240685918,0.295,0.217,8.05709679384593e-10,"6","KDM6B"
3.73684073486702e-14,0.327900912349039,0.442,0.356,9.13732296489684e-10,"6","SOCS1"
4.25091435177412e-14,0.347068580912453,0.307,0.228,1.03943357729581e-09,"6","PNPLA8"
5.53522938364349e-14,0.357176156428672,0.402,0.313,1.35347428888851e-09,"6","DNTTIP2"
5.67955847010978e-14,0.575407466085291,0.214,0.15,1.38876563711124e-09,"6","JMY"
7.35608763737266e-14,0.428609280349866,0.268,0.194,1.79871054909036e-09,"6","ZFAND6"
7.53591988451105e-14,0.497229526965418,0.246,0.176,1.84268313016064e-09,"6","UBE2D1"
7.86909051918617e-14,0.410007952975523,0.314,0.236,1.9241500137514e-09,"6","SLIRP"
1.02800896643365e-13,0.453762610200419,0.346,0.268,2.51368752472356e-09,"6","CRTAM"
1.0730948173995e-13,0.373435737130874,0.383,0.296,2.62393144750526e-09,"6","TMED2"
1.08043041429526e-13,0.335919650027261,0.394,0.307,2.64186844903478e-09,"6","PPP1CB"
1.25379590184579e-13,0.439722196794043,0.269,0.197,3.06578173919332e-09,"6","DCTN6"
1.28734037223862e-13,0.364180477808235,0.304,0.222,3.14780467819788e-09,"6","ABT1"
1.59252633321919e-13,0.264045336383366,0.742,0.656,3.89404538998757e-09,"6","TGFB1"
1.77248488656605e-13,0.358533584022765,0.377,0.29,4.3340800446313e-09,"6","SERINC3"
1.85419898896083e-13,0.419995214132961,0.322,0.243,4.53388736780703e-09,"6","JOSD1"
3.67380901121985e-13,0.437300062657836,0.304,0.23,8.98319779423478e-09,"6","EOMES"
3.86737521484196e-13,0.277506265062309,0.451,0.36,9.45650587533157e-09,"6","XBP1"
4.65306577017899e-13,0.50532446797737,0.223,0.158,1.13776764212417e-08,"6","ERCC5"
4.74349910660911e-13,0.300437051469127,0.54,0.452,1.15988040154806e-08,"6","AKNA"
5.12042052646782e-13,0.343418982773224,0.391,0.31,1.25204522713191e-08,"6","POLR2K"
5.46026845177133e-13,0.405730120859369,0.347,0.27,1.33514484182712e-08,"6","CHMP1B"
5.54274028240008e-13,0.47180410883138,0.23,0.165,1.35531085385247e-08,"6","ARL4A"
5.89426552497378e-13,0.262538048943381,0.606,0.507,1.44126580616659e-08,"6","SERBP1"
7.17821134440844e-13,0.377929600022862,0.333,0.252,1.75521623793475e-08,"6","PITHD1"
7.50062554388547e-13,0.494314557042834,0.218,0.154,1.83405295799088e-08,"6","CDC34"
9.02430912707911e-13,0.371829062861686,0.291,0.216,2.20662406775338e-08,"6","MANF"
9.71497340290811e-13,0.317313470765614,0.344,0.266,2.37550529647909e-08,"6","SERPINB9"
1.03239878653554e-12,0.319266601648897,0.503,0.416,2.52442151283671e-08,"6","DDX6"
1.0694936747944e-12,0.404527823504407,0.337,0.261,2.61512593360726e-08,"6","PHF20"
1.0726065784849e-12,0.339234962640504,0.332,0.252,2.62273760571128e-08,"6","MTHFD2"
1.19643548695676e-12,0.255518622622428,0.637,0.547,2.92552405270667e-08,"6","H2AFZ"
1.22285396669364e-12,0.316011845730333,0.423,0.332,2.9901225193593e-08,"6","PPP2CA"
1.24644243272934e-12,0.257547101817823,0.514,0.422,3.04780103650979e-08,"6","USP36"
1.28043408835147e-12,0.389861747510884,0.299,0.225,3.13091743283701e-08,"6","UFM1"
1.57571874541685e-12,0.30195105124413,0.364,0.282,3.85294747629327e-08,"6","NAMPT"
1.94069363192222e-12,0.271345427300133,0.614,0.538,4.7453840687762e-08,"6","GNG2"
1.97987369611511e-12,0.307297854403681,0.416,0.329,4.84118716174066e-08,"6","UBE2A"
2.22008324346335e-12,0.354176650270471,0.343,0.262,5.42854754691658e-08,"6","RPP21"
2.24032376797867e-12,0.396959827059297,0.277,0.207,5.47803967746145e-08,"6","CHCHD7"
2.59926459739713e-12,0.312644567903094,0.373,0.289,6.35572179355546e-08,"6","GYG1"
2.68929449119836e-12,0.36589056828614,0.415,0.334,6.57586288987824e-08,"6","SMAP2"
3.54805829816672e-12,0.281422532543891,0.56,0.48,8.67571215067727e-08,"6","SRRM1"
3.85080316478783e-12,0.301505016587929,0.457,0.366,9.41598389853919e-08,"6","SELENOW"
4.13850113925163e-12,0.452791770539888,0.211,0.15,1.01194629856981e-07,"6","TMEM39A"
4.69035893119158e-12,0.345671601965354,0.384,0.307,1.14688656585497e-07,"6","USP11"
4.84291040704567e-12,0.41151779727549,0.221,0.159,1.18418845273081e-07,"6","MRPL21"
6.08144042455907e-12,0.323725977997495,0.396,0.31,1.48703381261318e-07,"6","ENY2"
7.21747202230027e-12,0.506006876406567,0.201,0.143,1.76481625889286e-07,"6","CCDC93"
7.54374550285735e-12,0.366608933283411,0.273,0.203,1.84459665035868e-07,"6","PRKAR2A"
8.03438559903776e-12,0.4644397823876,0.221,0.161,1.96456796667671e-07,"6","SLC16A3"
8.34388924628661e-12,0.350305318526081,0.302,0.23,2.040247798502e-07,"6","GPCPD1"
9.126225412994e-12,0.351810491368997,0.393,0.312,2.23154463798529e-07,"6","OSTF1"
1.01951263988915e-11,0.401588094022649,0.204,0.144,2.49291230705694e-07,"6","SVIP"
1.55136479902492e-11,0.291744880748255,0.455,0.366,3.79339720657574e-07,"6","SELENOT"
1.94737057686183e-11,0.471689989680969,0.218,0.158,4.76171053454256e-07,"6","RNF11"
2.02443662840843e-11,0.327669295898944,0.413,0.331,4.95015244378429e-07,"6","UBE2N"
2.13475386610622e-11,0.403760555462996,0.294,0.225,5.21990015340292e-07,"6","FUNDC2"
3.97898651540748e-11,0.380050317229724,0.326,0.252,9.72941782747438e-07,"6","MAPK1"
4.14493607252488e-11,0.378946885692519,0.253,0.189,1.01351976845378e-06,"6","SACM1L"
4.71041026505604e-11,0.395688535971424,0.285,0.219,1.1517895180115e-06,"6","RTN4"
5.24966148099243e-11,0.31618656833772,0.392,0.317,1.28364722533227e-06,"6","ABHD17A"
5.35698501696556e-11,0.27338384669346,0.588,0.506,1.30988997634842e-06,"6","DBI"
5.98379036486106e-11,0.38538238683061,0.226,0.164,1.46315642001583e-06,"6","MAP1LC3A"
6.23697020621989e-11,0.392923148008908,0.277,0.212,1.52506395482489e-06,"6","EIF3J"
6.38109664217053e-11,0.481770989475937,0.219,0.161,1.56030575094354e-06,"6","PPM1B"
7.36011997198512e-11,0.319008230153712,0.341,0.266,1.7996965355498e-06,"6","WBP11"
8.14181808464902e-11,0.324729352358015,0.426,0.352,1.99083735805838e-06,"6","RNF7"
8.72855160412982e-11,0.379331775975825,0.214,0.155,2.13430543824182e-06,"6","MFSD14A"
9.06427507062626e-11,0.315052793762591,0.379,0.3,2.21639654026953e-06,"6","BUD31"
9.12853705652219e-11,0.302759470960275,0.385,0.306,2.23210988106081e-06,"6","SPN"
9.23425878427005e-11,0.381727163772405,0.219,0.16,2.25796095792971e-06,"6","ARL2BP"
1.05881472310627e-10,0.457450165438604,0.246,0.186,2.58901376093945e-06,"6","TRIM28"
1.34204080105432e-10,0.338616921307591,0.294,0.223,3.28155816673803e-06,"6","MED4"
1.39358788550709e-10,0.428519151073383,0.202,0.147,3.40760109764194e-06,"6","ARFGAP3"
1.47561979070939e-10,0.420895911607965,0.216,0.159,3.60818551224259e-06,"6","GLTP"
1.51428637180293e-10,0.408103988693816,0.222,0.165,3.70273303633253e-06,"6","FYTTD1"
1.56832687159031e-10,0.373898952658129,0.276,0.208,3.83487286641263e-06,"6","POLR2F"
1.6376425677946e-10,0.266631635351765,0.354,0.277,4.00436360677136e-06,"6","CLDND1"
1.91657104380006e-10,0.28465788248093,0.395,0.315,4.68639951629991e-06,"6","HNRNPAB"
1.9683011077493e-10,0.322052483438124,0.364,0.291,4.8128898686686e-06,"6","LAPTM4A"
2.09519057914843e-10,0.329474809624003,0.332,0.26,5.12316000413374e-06,"6","PYURF"
2.84808774143396e-10,0.276876492703319,0.424,0.344,6.96414414535432e-06,"6","RBM4"
3.59689391077601e-10,0.384267220178825,0.299,0.233,8.7951249906295e-06,"6","RHEB"
4.43672253504595e-10,0.258712014508448,0.457,0.375,1.08486739426943e-05,"6","WTAP"
7.69212214779741e-10,0.490046891566819,0.203,0.151,1.88087770757942e-05,"6","MED29"
8.39601578539094e-10,0.353159789827273,0.223,0.165,2.05299377984379e-05,"6","GFPT1"
8.92899835827414e-10,0.253529430709331,0.397,0.32,2.18331867856519e-05,"6","G3BP1"
1.04877949717302e-09,0.294457759594027,0.299,0.234,2.56447562648747e-05,"6","PFKFB3"
1.06047452557747e-09,0.30172880249435,0.439,0.364,2.59307230994204e-05,"6","LMAN2"
1.09838249979271e-09,0.344649735455826,0.258,0.197,2.68576488849313e-05,"6","ST3GAL1"
2.83021459279874e-09,0.288920251897088,0.349,0.28,6.92044072231147e-05,"6","ZFAND5"
2.91857913947513e-09,0.410184611302737,0.245,0.189,7.1365097118446e-05,"6","SIPA1"
4.30360870249984e-09,0.361017789852502,0.274,0.214,0.000105231839993526,"6","PCNP"
4.56229430714905e-09,0.281651609688393,0.264,0.203,0.000111557220398408,"6","SURF2"
6.5683740238163e-09,0.365064108939334,0.252,0.197,0.000160609881630356,"6","MAP2K3"
7.4406149013173e-09,0.350499235642659,0.206,0.153,0.000181937915567011,"6","IER3IP1"
7.44840658375195e-09,0.31738993691864,0.238,0.182,0.000182128437785903,"6","PLEKHB2"
1.08976600320431e-08,0.263353115370153,0.371,0.301,0.000266469583103518,"6","SRP9"
1.09306452488032e-08,0.252924395284701,0.322,0.253,0.000267276137623735,"6","NR1H2"
1.11657615691753e-08,0.301579489089205,0.305,0.243,0.000273025201889474,"6","CTR9"
1.21402097020738e-08,0.270964546976461,0.319,0.254,0.00029685240763511,"6","NDUFA5"
1.35922149033931e-08,0.356647248179954,0.25,0.192,0.000332356838817768,"6","MORF4L2"
1.62578607848864e-08,0.317709647813053,0.258,0.2,0.000397537211912042,"6","C14orf119"
2.59063745018838e-08,0.337586918875139,0.296,0.236,0.000633462669320063,"6","MYDGF"
3.71617640176077e-08,0.294783229217906,0.295,0.236,0.000908679453758543,"6","DDX27"
4.29316917971341e-08,0.334459739369845,0.296,0.237,0.00104976572782352,"6","PFDN2"
6.0888517093632e-08,0.313065962158466,0.236,0.183,0.00148884601997349,"6","CTNNB1"
6.22797002421964e-08,0.321011590000407,0.235,0.182,0.00152286323032219,"6","BLOC1S2"
6.45351516706381e-08,0.369088529858667,0.245,0.19,0.00157801352865044,"6","MIDN"
7.24639635537567e-08,0.287272475422008,0.297,0.238,0.00177188883681646,"6","PAF1"
7.41390638073956e-08,0.384387759161984,0.226,0.175,0.00181284838821844,"6","TSPYL1"
8.10418513645799e-08,0.394313190740954,0.208,0.16,0.00198163534956671,"6","BAG1"
8.41228693263196e-08,0.322156001578076,0.224,0.173,0.00205697240076717,"6","BRAF"
8.41699168157985e-08,0.30504318225326,0.24,0.186,0.00205812280597991,"6","PRELID3B"
1.32702873504266e-07,0.261592292584368,0.313,0.255,0.00324485066292632,"6","STARD7"
1.50176633328537e-07,0.28017874903913,0.227,0.175,0.00367211903814939,"6","CDC26"
1.50309732151711e-07,0.271848196921032,0.325,0.264,0.00367537357057364,"6","NDUFB1"
2.03198306082478e-07,0.340917339603097,0.226,0.175,0.00496860498032875,"6","SYPL1"
2.44053338125273e-07,0.295140360755225,0.307,0.25,0.00596759222383916,"6","SELENOS"
2.71273402539949e-07,0.290519576874119,0.325,0.268,0.00663317723890682,"6","PDE7A"
2.85307209140285e-07,0.316965928139687,0.202,0.156,0.00697633187789826,"6","DDIT3"
2.96427178757287e-07,0.291867262972325,0.25,0.197,0.00724823737497318,"6","PRPF38A"
3.49890523894595e-07,0.284404552360216,0.299,0.244,0.00855552309027064,"6","NDUFB6"
3.80135778245203e-07,0.274385175770931,0.208,0.161,0.0092950800496517,"6","CCPG1"
3.83685719395401e-07,0.357410472430763,0.222,0.174,0.00938188321065635,"6","RAMMET"
5.62339993202547e-07,0.251496127405592,0.257,0.204,0.0137503375137887,"6","NOP56"
5.8985710275802e-07,0.305276514530848,0.291,0.238,0.0144231858766391,"6","MECP2"
5.96040881686543e-07,0.336071074213142,0.231,0.183,0.0145743916389993,"6","GNL1"
5.99173633600998e-07,0.283427319543239,0.297,0.24,0.0146509936888116,"6","YTHDF2"
6.23083883506632e-07,0.332511252592378,0.219,0.172,0.0152356471195042,"6","TNFSF14"
6.3656021407256e-07,0.251778329051662,0.267,0.211,0.0155651703545022,"6","RNF168"
6.76033852702803e-07,0.290415408748139,0.24,0.19,0.0165303797662889,"6","FUBP1"
7.39179340110931e-07,0.262445139416071,0.342,0.283,0.0180744132243925,"6","SNRPD1"
8.588033882376e-07,0.337769001781008,0.208,0.162,0.0209994604491858,"6","TGIF1"
9.23253664541737e-07,0.323843884223131,0.241,0.192,0.0225753986053745,"6","GPR18"
9.96446958050026e-07,0.27115651978975,0.252,0.201,0.0243651210182392,"6","RIC8A"
1.17597311515421e-06,0.285604482988806,0.242,0.192,0.0287548946117508,"6","SAR1B"
1.23392537734057e-06,0.301038585693547,0.217,0.173,0.0301719433267315,"6","GPR171"
1.38321767537599e-06,0.253930895324337,0.318,0.262,0.0338224385982936,"6","CMTM6"
1.53616554462364e-06,0.275234875164854,0.229,0.182,0.0375623198971372,"6","ZPR1"
1.57266164247249e-06,0.294094415263566,0.239,0.192,0.0384547224817373,"6","BHLHE40"
1.61267080975225e-06,0.261402716704989,0.22,0.173,0.039433026640062,"6","PPP2R2B"
1.88111171638021e-06,0.287663084472277,0.319,0.266,0.045996943688929,"6","DNAJB9"
2.05105434982668e-06,0.25263451520994,0.209,0.163,0.050152380961962,"6","SHOC2"
2.74654892230513e-06,0.275366026956309,0.278,0.226,0.0671586142482049,"6","CCDC59"
2.75649549608004e-06,0.277100083941789,0.23,0.182,0.0674018278701491,"6","RAB1A"
3.43065791336964e-06,0.252439714503174,0.243,0.194,0.0838864472977144,"6","BUD23"
4.07413574619007e-06,0.348998099901152,0.214,0.171,0.0996207672658397,"6","COPS8"
4.79222073251682e-06,0.260369835689972,0.266,0.219,0.117179381351501,"6","FAM133B"
4.82588740182788e-06,0.271404440085787,0.211,0.168,0.118002598749495,"6","HSBP1"
5.74765786730252e-06,0.252303151139115,0.259,0.211,0.140541730171281,"6","YBX3"
5.91492101594037e-06,0.259114570139786,0.223,0.179,0.144631648681774,"6","PSMC1"
6.28243087563415e-06,0.282584078033351,0.274,0.226,0.153617999771006,"6","PHF1"
6.34423613477341e-06,0.298790823328388,0.222,0.178,0.155129261967479,"6","LSM1"
8.75008332330893e-06,0.284351368004002,0.216,0.175,0.21395703742155,"6","CDV3"
9.60069664021422e-06,0.292463703669172,0.263,0.217,0.234756234246518,"6","AKIRIN2"
1.12468523630737e-05,0.256868879801542,0.278,0.231,0.275008033981879,"6","METTL9"
1.15158339389429e-05,0.26522345739769,0.231,0.187,0.281585171475031,"6","SEC23B"
2.01179005787881e-05,0.296579076331133,0.208,0.167,0.491922904952528,"6","DBF4"
4.12366760500943e-05,0.252667922128117,0.202,0.163,1,"6","C1orf52"
6.90888179124202e-05,0.264224249522734,0.237,0.196,1,"6","CMTM7"
0.000100811546064105,0.257264676793009,0.289,0.246,1,"6","STAU1"
0.000111827522355678,0.250961337016079,0.228,0.188,1,"6","AP3S1"
0.000136280064996473,0.317926946825457,0.216,0.182,1,"6","WDR74"
0.000195797684000814,0.250467042155844,0.217,0.18,1,"6","PSMB4"
0.00182431659909175,0.266259087029162,0.208,0.18,1,"6","CPSF6"
0,5.92369706907689,0.944,0.016,0,"11","TRDV2"
0,3.20504334128438,0.874,0.105,0,"11","TRGV9"
0,2.63279762105344,0.788,0.153,0,"11","IL7R"
0,2.55387675417284,0.48,0.054,0,"11","TRDC"
0,3.44857400787317,0.42,0.042,0,"11","IL12RB2"
0,2.86483950940298,0.408,0.064,0,"11","CEBPD"
0,2.5156987330776,0.375,0.048,0,"11","KLRC1"
0,3.65000879543004,0.346,0.031,0,"11","FEZ1"
2.96989811216046e-309,2.20987903417244,0.684,0.206,7.26199486385477e-305,"11","SATB1"
2.98069095273944e-266,2.83200168873082,0.258,0.035,7.28838551763848e-262,"11","SELL"
1.56181785124184e-252,2.21702567964961,0.469,0.111,3.81895700985655e-248,"11","PBX4"
1.04057840127474e-204,1.96633354469922,0.527,0.16,2.54442230679701e-200,"11","NINJ1"
1.55841368571358e-201,2.44580779976974,0.244,0.039,3.81063314430685e-197,"11","TRGC1"
4.67926555230691e-200,1.72287205088907,0.614,0.212,1.14417401285008e-195,"11","KDM6B"
1.51223542374098e-197,1.44254712929132,0.694,0.256,3.69771805813145e-193,"11","CD55"
1.79780746463521e-195,1.82545501099551,0.647,0.248,4.39599881252602e-191,"11","NFKB1"
3.98178984907511e-183,0.985767688274133,0.984,0.843,9.73627253895846e-179,"11","PABPC1"
1.69315789676924e-181,0.654159394432944,1,0.996,4.14010968918015e-177,"11","EEF1A1"
1.9162204049619e-175,1.33750602631579,0.892,0.55,4.68554213421284e-171,"11","REL"
6.71288835826538e-162,1.57488476203476,0.986,0.947,1.64143546136305e-157,"11","FTH1"
8.72808088255412e-156,1.33022052173058,0.781,0.392,2.13419033740213e-151,"11","NFE2L2"
1.17453870070425e-155,2.26030474256119,0.329,0.082,2.87198203096202e-151,"11","CD83"
4.33267597467261e-151,1.34964146612853,0.685,0.3,1.05942592932695e-146,"11","IFNGR1"
9.92647458248823e-144,1.00436975082825,0.813,0.392,2.42722156491002e-139,"11","KLRB1"
2.41497600814436e-143,2.19248578791822,0.238,0.049,5.90509933511458e-139,"11","GPR35"
7.20401600861342e-135,0.596018938695457,0.992,0.976,1.76152599442615e-130,"11","TPT1"
3.73731933140092e-130,1.72008187832076,0.337,0.095,9.13849322914152e-126,"11","CD300A"
1.76232627068612e-123,1.22025449736643,0.634,0.282,4.30924019708171e-119,"11","RELB"
2.73448795314363e-118,1.22293461802266,0.619,0.273,6.68636994302681e-114,"11","LTB"
5.50617224710769e-111,2.34541410111229,0.326,0.104,1.34636923786277e-106,"11","BCL2A1"
9.54774052770276e-111,1.5062744112941,0.45,0.172,2.33461351383388e-106,"11","ZC3H12A"
1.45419624891152e-102,0.991039334063151,0.767,0.426,3.55580066783845e-98,"11","FOSL2"
1.97233715718847e-102,1.02689995623586,0.727,0.378,4.82275881675725e-98,"11","TRBC1"
1.66914484233561e-99,1.13124853370421,0.691,0.369,4.08139296847903e-95,"11","NFKBIA"
3.01300834506572e-97,0.858274795178689,0.916,0.633,7.3674080053547e-93,"11","TNFAIP3"
5.14935209014456e-97,1.27411593928391,0.467,0.189,1.25911957308215e-92,"11","NFKB2"
8.1449518695641e-94,0.667665313050724,0.953,0.827,1.99160363114581e-89,"11","EEF1B2"
2.20724556057971e-92,1.38415369640478,0.299,0.094,5.39715684472951e-88,"11","PLAC8"
5.02394594046032e-90,0.594998023135087,0.994,0.972,1.22845526136136e-85,"11","MT-ND4L"
1.14712329273112e-86,0.864441285861258,0.775,0.464,2.80494587538613e-82,"11","SPOCK2"
5.67261295041242e-84,0.736561821205817,0.901,0.66,1.38706731863485e-79,"11","LITAF"
6.69293403129986e-83,1.67987510145427,0.43,0.192,1.63655622933344e-78,"11","GZMB"
1.20858423497304e-81,0.932129646987106,0.662,0.358,2.95523017135607e-77,"11","BCL3"
1.58735633831369e-80,1.12498786197756,0.569,0.288,3.88140371844464e-76,"11","MAP3K8"
2.3249881084882e-76,1.39360543010895,0.325,0.122,5.68506092287534e-72,"11","GPR183"
2.67025023911378e-75,0.362366771481158,1,0.998,6.52929588468102e-71,"11","MT-CO1"
9.82036213707008e-75,1.10979662740972,0.442,0.192,2.40127494975638e-70,"11","PRNP"
1.76770061066589e-74,0.478346357713527,0.998,0.982,4.32238153320024e-70,"11","MT-CO3"
1.29612229253012e-73,0.92165540883652,0.683,0.396,3.16927822969465e-69,"11","GPR65"
7.88822355182869e-72,0.862202650200543,0.606,0.313,1.92882842289315e-67,"11","SLC7A5"
6.36216220854297e-70,0.933222401281211,0.614,0.334,1.55567590323293e-65,"11","RORA"
2.35018353813881e-69,0.606135151149428,0.852,0.535,5.74666878745703e-65,"11","ANXA1"
4.79064544371372e-65,0.893398152115278,0.456,0.207,1.17140862389688e-60,"11","CD28"
9.82866183532715e-63,0.493138680528981,0.996,0.974,2.40330439197419e-58,"11","MT-CYB"
3.87764860448276e-62,0.738907755462602,0.796,0.548,9.48162636768125e-58,"11","SQSTM1"
7.88408068560348e-62,1.11351523252881,0.442,0.214,1.92781540924376e-57,"11","NFKBIZ"
1.88859151518991e-60,0.68029386816057,0.828,0.565,4.61798397294237e-56,"11","S100A10"
4.25712665005616e-60,0.54719146710298,0.985,0.923,1.04095260847173e-55,"11","MT-ATP8"
4.5603229213118e-60,1.29506663108507,0.328,0.138,1.11509016071916e-55,"11","TWISTNB"
5.76634566940204e-60,0.885630343362947,0.431,0.202,1.40998684308219e-55,"11","CD160"
2.43455482643582e-59,0.877251514227607,0.47,0.231,5.95297346160086e-55,"11","PFKFB3"
3.53893780937814e-59,0.822590089776326,0.724,0.46,8.65341073149142e-55,"11","DUSP5"
1.39771962072634e-58,1.16516062080601,0.294,0.117,3.41770401660005e-54,"11","KLF3"
1.91299265901858e-57,0.962100973523088,0.487,0.251,4.67764964983223e-53,"11","CDKN1A"
4.06237909691699e-56,0.937547338383776,0.379,0.17,9.93332936778144e-52,"11","SOCS3"
2.89284597789036e-55,0.926177021719834,0.413,0.196,7.07358698513751e-51,"11","ELL2"
1.20954097357016e-54,0.970443306537391,0.544,0.306,2.95756958857377e-50,"11","BIRC3"
2.52909289853569e-54,0.688504029612539,0.538,0.278,6.18413795549946e-50,"11","KLRG1"
2.70782812369353e-54,0.558943361583962,0.707,0.397,6.62118132805541e-50,"11","KLRD1"
6.59914289146749e-54,1.19696456097394,0.257,0.099,1.61362241982163e-49,"11","EI24"
8.15407678121588e-54,1.04716206196452,0.28,0.112,1.99383485454291e-49,"11","NCR3"
8.990047692089e-54,1.0939053476828,0.485,0.266,2.1982464616696e-49,"11","PIM3"
1.7724718052358e-53,0.431939852564339,0.986,0.956,4.33404805816258e-49,"11","MT-ND3"
2.21987514474496e-53,0.460953964367347,0.945,0.758,5.42803870393037e-49,"11","CD7"
4.40143511491926e-53,0.688936842373383,0.644,0.375,1.07623891430006e-48,"11","PTGER4"
5.6925445611435e-53,0.736932613118785,0.734,0.487,1.39194099609081e-48,"11","MT-ND6"
7.09727358252237e-53,1.39273170464651,0.714,0.516,1.73542533639837e-48,"11","MT2A"
1.27518121520257e-52,0.83583612592301,0.609,0.359,3.11807310741333e-48,"11","DDX21"
2.40491542251756e-50,1.00010233786209,0.349,0.16,5.88049919113995e-46,"11","SLC16A3"
3.39094754899848e-50,0.609163776051283,0.705,0.432,8.29154494681108e-46,"11","PDE4B"
1.04535688898344e-49,0.746969212733967,0.578,0.332,2.55610666494231e-45,"11","SMAP2"
3.16083361771657e-49,0.841715478162126,0.491,0.263,7.72887036204055e-45,"11","DNAJB9"
3.6691152287058e-49,0.679615441771908,0.613,0.359,8.97172055723141e-45,"11","XBP1"
2.16754978058771e-48,0.790595448795736,0.433,0.216,5.30009272349306e-44,"11","FKBP2"
4.76922459666479e-48,0.963979980531575,0.483,0.265,1.16617079837648e-43,"11","SERPINB9"
5.80465101518019e-48,1.05932574259023,0.29,0.125,1.41935326623186e-43,"11","MYBL1"
9.21006179517585e-47,0.386349048324554,0.999,0.993,2.2520443101564e-42,"11","MT-CO2"
1.32431388396451e-46,0.543724130477409,0.88,0.728,3.23821230907002e-42,"11","EEF1G"
2.01870668786574e-46,0.752311977495734,0.595,0.358,4.93614159316932e-42,"11","EIF5A"
2.5697675318388e-45,0.973045812005609,0.436,0.237,6.28359556885223e-41,"11","LMNA"
1.17321101349857e-44,0.578632471479297,0.728,0.485,2.8687355702067e-40,"11","EMP3"
1.43554138666186e-44,0.947413596629452,0.315,0.144,3.51018579866557e-40,"11","PRR7"
1.474485045569e-44,0.617457096667115,0.686,0.456,3.60541083342532e-40,"11","GADD45B"
1.47585402113458e-43,0.974091103646357,0.329,0.156,3.60875825247828e-39,"11","PHLDA1"
1.94873516047173e-43,0.437631122933017,0.973,0.901,4.76504721438548e-39,"11","MT-ND5"
2.24991938031988e-43,0.602059625042568,0.857,0.656,5.50150286875817e-39,"11","TGFB1"
3.09766610639449e-43,1.21465506812352,0.208,0.081,7.5744131633558e-39,"11","HES4"
2.08286021063783e-42,0.746324250507271,0.491,0.275,5.09300978705161e-38,"11","CSRNP1"
3.88753738797151e-41,1.57506604004362,0.414,0.239,9.50580642106794e-37,"11","IFNG"
4.29489901687356e-41,0.845594211519851,0.423,0.225,1.05018870760592e-36,"11","NOSIP"
1.03640084206743e-40,0.6807663578504,0.523,0.302,2.53420733902327e-36,"11","EFHD2"
1.15632800528622e-39,0.589480924658081,0.653,0.421,2.82745323852587e-35,"11","CD247"
1.69206059114049e-39,0.733027611457889,0.526,0.31,4.13742655745672e-35,"11","CAST"
2.5885746460083e-39,0.50594199172063,0.875,0.661,6.3295827244195e-35,"11","TAGLN2"
4.2255229758433e-39,0.458662931094775,0.89,0.669,1.0332248780532e-34,"11","EZR"
1.08943762601702e-38,0.666542831840479,0.489,0.273,2.66389288313683e-34,"11","PRDX2"
3.81480273861376e-38,0.697557568971646,0.73,0.537,9.32795565645837e-34,"11","GNG2"
6.32265281014425e-38,0.770657759947406,0.362,0.185,1.54601506513647e-33,"11","AUTS2"
2.48867830081982e-37,0.713636719299483,0.587,0.371,6.08531618116463e-33,"11","ELOVL5"
5.26586110131238e-37,0.971147307224168,0.263,0.121,1.2876083564929e-32,"11","TRAF4"
7.71621704379442e-37,0.444490307713253,0.886,0.68,1.88676939154861e-32,"11","SELENOK"
8.53247641171461e-37,1.05248895777315,0.266,0.124,2.08636113219246e-32,"11","TRAF1"
9.65107849362629e-37,0.499432756388671,0.801,0.564,2.3598817132615e-32,"11","VPS37B"
1.36115690393096e-36,0.538731800874578,0.749,0.546,3.32830086149197e-32,"11","SEC61B"
2.00580682232525e-36,0.763445173228766,0.47,0.271,4.90459884194971e-32,"11","FAM107B"
2.39458980450583e-36,0.332350832514805,0.99,0.868,5.85525098997765e-32,"11","DUSP2"
6.93929973535788e-36,0.544922120045644,0.653,0.417,1.69679757128971e-31,"11","JUND"
1.2312731465499e-35,0.506099689095919,0.806,0.589,3.0107090979438e-31,"11","SLC2A3"
1.45667199681007e-34,0.770638641983264,0.352,0.188,3.56185436659999e-30,"11","LMNB1"
1.74814412413279e-34,0.791141108125897,0.323,0.165,4.27456201232949e-30,"11","TMEM123"
3.61314044695781e-34,0.740522764384773,0.276,0.13,8.83485102090124e-30,"11","S1PR5"
4.71889070754429e-34,0.82189144380534,0.27,0.128,1.15386315580873e-29,"11","MRPL14"
6.30763656855088e-34,0.477505395410078,0.84,0.621,1.54234329374206e-29,"11","FAM177A1"
7.0383380431418e-34,0.803607042237141,0.301,0.148,1.72101441830903e-29,"11","NXT1"
7.60929392097869e-34,0.849860585562404,0.353,0.191,1.86062454955771e-29,"11","BHLHE40"
1.03554535520554e-33,0.543992720545508,0.627,0.401,2.5321155025486e-29,"11","STAT4"
1.69032525539008e-33,0.818653677888701,0.285,0.139,4.13318331447981e-29,"11","UPP1"
2.7227734593489e-33,0.746616052468791,0.857,0.712,6.65772566279992e-29,"11","VIM"
5.70976343964063e-33,0.908008451622301,0.329,0.174,1.39615135626093e-28,"11","RAB9A"
6.57193567320571e-33,0.58207432508583,0.57,0.353,1.60696971081226e-28,"11","GPBP1"
2.25701571960148e-32,0.624204784065357,0.622,0.423,5.51885483756953e-28,"11","SEC61G"
2.33966923956315e-32,0.501280990953156,0.485,0.283,5.72095922457983e-28,"11","HOPX"
3.42731347994183e-32,0.767014114639105,0.3,0.151,8.38046692115377e-28,"11","RIPOR2"
4.04817854621698e-32,0.537953844464765,0.811,0.609,9.89860618120976e-28,"11","DDIT4"
4.10308018803314e-32,0.323813186242147,0.936,0.787,1.00328516757786e-27,"11","S100A4"
6.17525716141579e-32,0.422906191019148,0.812,0.617,1.50997388110939e-27,"11","PIK3R1"
1.54039592977009e-31,0.425692239727111,0.818,0.624,3.76657612747381e-27,"11","FXYD5"
5.3030066422414e-31,0.827636449507299,0.264,0.129,1.29669118416087e-26,"11","RARA"
9.68200794520956e-31,0.581129070733178,0.465,0.274,2.36744458276264e-26,"11","LINC01871"
1.97680370673315e-30,0.699873408726329,0.367,0.204,4.83368042370391e-26,"11","FBXO34"
2.13971830891731e-30,0.794502135174692,0.272,0.135,5.2320392089646e-26,"11","FLT3LG"
4.75763084833359e-30,0.379903552376547,0.925,0.785,1.16333589503453e-25,"11","HNRNPA1"
7.41494139539757e-30,0.337758888379668,0.972,0.865,1.81310147000261e-25,"11","ZFP36L2"
1.2237127517081e-29,0.325510450100408,0.986,0.933,2.99222242047665e-25,"11","MT-ND1"
1.23397100795187e-29,0.609949368016711,0.38,0.213,3.01730590864391e-25,"11","IL27RA"
3.6104760301762e-29,0.460123632191596,0.648,0.426,8.82833598898685e-25,"11","NR4A3"
9.37201502423789e-29,0.529568666717313,0.601,0.397,2.29164511372665e-24,"11","EIF3E"
1.48512343785849e-28,0.517348135815866,0.57,0.368,3.63142383025159e-24,"11","ARL4C"
2.41137590966589e-28,0.849208154957021,0.219,0.103,5.89629637431503e-24,"11","GLRX"
2.56525605672676e-28,0.562158020876955,0.465,0.28,6.27256410990827e-24,"11","SYNE2"
3.68677486339132e-28,0.659582328178248,0.322,0.173,9.01490189596447e-24,"11","TTC39C"
4.06386993633121e-28,0.632996196479924,0.494,0.309,9.93697476831708e-24,"11","POLR2K"
5.69137992194244e-28,0.688620491401227,0.251,0.125,1.39165621851337e-23,"11","TYROBP"
3.0594894969577e-27,0.697413747745463,0.277,0.142,7.48106371796097e-23,"11","NFKBIB"
3.60530693875642e-27,0.443429727400006,0.757,0.567,8.81569652664721e-23,"11","KMT2E"
8.55385399809285e-27,0.780510781026251,0.233,0.114,2.09158837961366e-22,"11","TCF7"
5.4944776147871e-26,0.255657202702171,0.999,0.945,1.34350966636774e-21,"11","SRGN"
8.45424888248954e-26,0.456860901785747,0.753,0.536,2.06723293674634e-21,"11","HSP90B1"
1.15563237083109e-25,0.637599678056594,0.265,0.137,2.82575227315618e-21,"11","DENND4A"
1.22955106932621e-25,1.07327121374747,0.262,0.142,3.00649827471645e-21,"11","MT1E"
1.3365631768425e-25,0.463669027334331,0.576,0.373,3.26816428001529e-21,"11","GABARAPL2"
2.19031925559987e-25,0.41644196193933,0.732,0.533,5.3557686437928e-21,"11","NOP53"
1.25558346460465e-24,0.878587520599462,0.214,0.107,3.07015268765129e-20,"11","BIK"
1.28694795870503e-24,0.482910251320087,0.555,0.367,3.14684514862554e-20,"11","TPM4"
2.04139176565035e-24,0.289491745528694,0.959,0.902,4.99161114536823e-20,"11","NACA"
5.84873874844872e-24,0.763166220788226,0.231,0.118,1.43013359877068e-19,"11","COMMD5"
6.30403910156766e-24,0.398563533688813,0.592,0.398,1.54146364111533e-19,"11","AHNAK"
4.33035252061631e-23,0.440637953428679,0.556,0.367,1.0588577983411e-18,"11","NME2"
4.33046601882095e-23,0.626722400199608,0.333,0.193,1.0588855509221e-18,"11","SC5D"
5.2801646144479e-23,0.41365487219651,0.78,0.6,1.2911058515248e-18,"11","NDUFS5"
7.99911869871116e-23,0.313560083433867,0.884,0.751,1.95594450420885e-18,"11","HINT1"
9.3303930722173e-23,0.748335710676975,0.269,0.147,2.28146771401857e-18,"11","TGFBR3"
1.03304595472806e-22,0.709098840947695,0.254,0.136,2.52600396850105e-18,"11","DYNLT3"
1.17949940777737e-22,0.774056865169371,0.225,0.117,2.88411195189723e-18,"11","PDE4A"
1.30067751183431e-22,0.319364367334548,0.377,0.226,3.18041665193725e-18,"11","AREG"
1.95323965045338e-22,0.337295494204763,0.891,0.789,4.77606159328859e-18,"11","EEF2"
2.86910667501436e-22,0.491128128660225,0.313,0.176,7.01553964174512e-18,"11","ERN1"
5.22828533777976e-22,0.530026600923473,0.381,0.23,1.27842033079391e-17,"11","PLIN2"
6.50571436345525e-22,0.377233071234065,0.697,0.495,1.59077727615208e-17,"11","HNRNPA0"
1.72742563555068e-21,0.390988747870861,0.69,0.496,4.22390116404852e-17,"11","TERF2IP"
1.76370347121676e-21,0.536648473661371,0.354,0.212,4.31260772781923e-17,"11","LYAR"
1.93354442102765e-21,0.815261865218542,0.201,0.103,4.7279028182968e-17,"11","MAFF"
2.57452129055212e-21,0.362510826302706,0.802,0.625,6.29521945965804e-17,"11","MCL1"
2.79727154836519e-21,0.400051674327545,0.562,0.377,6.83988839006255e-17,"11","GABARAPL1"
3.16138196369821e-21,0.364365563593584,0.419,0.256,7.73021117763487e-17,"11","TRAT1"
3.17626309739122e-21,0.581328808059087,0.273,0.152,7.76659852574102e-17,"11","ICAM2"
3.65376222065687e-21,0.6784543908517,0.445,0.292,8.93417938195019e-17,"11","MT1X"
6.13967040248146e-21,0.28977511117661,0.877,0.733,1.50127220681477e-16,"11","COX7C"
7.11589408928229e-21,0.283547017329938,0.926,0.832,1.73997842271131e-16,"11","MT-ND4"
9.50421314989393e-21,0.66811021152549,0.257,0.141,2.32397019941206e-16,"11","GNL3"
9.83234473366399e-21,0.517378317730497,0.253,0.136,2.40420493427552e-16,"11","ITPRIP"
1.30534158371302e-20,0.635309418806049,0.287,0.165,3.19182124049508e-16,"11","ARL4A"
1.34228321810136e-20,0.62239367120742,0.263,0.147,3.28215092490144e-16,"11","ARFGAP3"
1.36994416160149e-20,0.366738789940702,0.683,0.476,3.34978746394796e-16,"11","SNRPG"
2.56588354696455e-20,0.365543140157744,0.628,0.441,6.27409844903771e-16,"11","HNRNPUL1"
2.74415171202563e-20,0.524179021576377,0.3,0.173,6.70999976624506e-16,"11","PER1"
3.43522977946248e-20,0.261362098397345,0.954,0.74,8.39982385674167e-16,"11","CREM"
3.57512832113571e-20,0.387202451366878,0.603,0.42,8.74190377084104e-16,"11","H2AFV"
4.48012444600236e-20,0.443970400398028,0.449,0.291,1.0954800295365e-15,"11","TIPARP"
1.08595683273922e-19,0.272651037013703,0.874,0.693,2.65538164741395e-15,"11","GZMM"
1.52814012722937e-19,0.671333720420019,0.236,0.13,3.73660823910127e-15,"11","TGIF2"
2.07836061880294e-19,0.356085741986618,0.496,0.319,5.08200738509694e-15,"11","MATK"
2.44362785665399e-19,0.376184031868259,0.594,0.407,5.97515883509035e-15,"11","PRDX1"
2.47108533113516e-19,0.37271120631502,0.53,0.36,6.04229785169169e-15,"11","S100A11"
3.78613552385937e-19,0.3961623949393,0.733,0.568,9.25785858294094e-15,"11","ADGRE5"
4.77503961980193e-19,0.429482890964731,0.446,0.286,1.16759268783397e-14,"11","OSTC"
4.91368042556017e-19,0.339717092349417,0.643,0.462,1.20149313765797e-14,"11","AES"
5.38354381006992e-19,0.262295882360047,0.941,0.842,1.3163841324383e-14,"11","MT-ND2"
6.15051023855513e-19,0.506780826345415,0.347,0.212,1.5039227635315e-14,"11","RELA"
6.79634720413774e-19,0.438665058712615,0.527,0.363,1.66184281835576e-14,"11","RAB8B"
1.04774246493498e-18,0.386772131441831,0.49,0.326,2.56193987525901e-14,"11","NAP1L1"
1.29911701209309e-18,0.515059474522072,0.318,0.192,3.17660091797001e-14,"11","MORF4L2"
1.31415503747094e-18,0.488450397509336,0.284,0.163,3.21337189762395e-14,"11","TRMT10C"
1.99193611512494e-18,0.578632490880022,0.276,0.161,4.8706821887035e-14,"11","S1PR4"
2.18823253753354e-18,0.416806117349505,0.266,0.15,5.35066620077701e-14,"11","MGAT4A"
2.40034456361451e-18,0.563534309067278,0.308,0.186,5.86932252695021e-14,"11","SEC23B"
3.14134322858354e-18,0.332115784554402,0.718,0.53,7.68121246253246e-14,"11","BZW1"
3.36116588942144e-18,0.594125478561832,0.276,0.162,8.2187228328133e-14,"11","DSTN"
3.49454297705757e-18,0.368263681219993,0.689,0.528,8.54485648750116e-14,"11","ISG20"
4.2324739379402e-18,0.401660431016913,0.513,0.35,1.03492452730514e-13,"11","CDK17"
5.59175387607053e-18,0.437272637162239,0.403,0.258,1.36729565777677e-13,"11","IL21R"
5.96559185365958e-18,0.33373035240536,0.642,0.458,1.45870652005684e-13,"11","SDCBP"
6.37859432191327e-18,0.555576153092559,0.215,0.116,1.55969388359423e-13,"11","MGAT2"
9.64190228385829e-18,0.387479383914899,0.692,0.52,2.35763794644903e-13,"11","CDC37"
1.241790444073e-17,0.507904833143828,0.267,0.155,3.0364259938473e-13,"11","IRF2BP2"
1.2548701027092e-17,0.533876778263023,0.231,0.128,3.06840837514454e-13,"11","CRELD2"
1.66049007899614e-17,0.408900316082895,0.499,0.341,4.06023034116137e-13,"11","RSL1D1"
1.69987069700686e-17,0.663974060996033,0.204,0.11,4.15652382832117e-13,"11","TMEM71"
2.41883176030929e-17,0.460622509300299,0.325,0.198,5.91452742030827e-13,"11","P2RY8"
2.46484838132417e-17,0.479807452674798,0.307,0.187,6.02704726201385e-13,"11","TANK"
2.59348321569236e-17,0.427647197068749,0.405,0.262,6.34158515901095e-13,"11","SSR3"
3.56221701926777e-17,0.362727627503276,0.458,0.298,8.71033305551356e-13,"11","CYTH1"
6.24672438804935e-17,0.593256704366266,0.302,0.186,1.52744904736583e-12,"11","YIPF5"
1.06547748739078e-16,0.313686274483489,0.511,0.357,2.60530555216793e-12,"11","SOCS1"
1.12978697744797e-16,0.439085056636086,0.444,0.298,2.76255511725578e-12,"11","B4GALT1"
1.62125403171401e-16,0.336008403122811,0.587,0.414,3.96429035834711e-12,"11","EIF4B"
1.76555066783178e-16,0.437045292536467,0.347,0.219,4.31712449298227e-12,"11","SEC11C"
2.8637168142634e-16,0.66762429370341,0.206,0.115,7.00236035423686e-12,"11","SEC14L1"
2.87463688334855e-16,0.394599996470006,0.354,0.225,7.02906210716387e-12,"11","PDE4D"
2.89836039927788e-16,0.283897325530786,0.852,0.717,7.08707084831427e-12,"11","PPIB"
3.53334564033288e-16,0.477818543328958,0.412,0.277,8.63973675974195e-12,"11","CLDND1"
3.64470788307744e-16,0.353485235920315,0.564,0.397,8.91203971570095e-12,"11","RUNX3"
3.74843673887755e-16,0.347975401680231,0.617,0.446,9.16567751390338e-12,"11","SYAP1"
4.1979374653512e-16,0.417792204124923,0.34,0.212,1.02647966902768e-11,"11","CCDC107"
4.66404686711895e-16,0.312290730978209,0.482,0.321,1.14045273994793e-11,"11","GLIPR1"
7.25093623744006e-16,0.310784929296844,0.51,0.344,1.77299892877884e-11,"11","ILF2"
7.69753288400481e-16,0.344232105241888,0.659,0.48,1.88220074079686e-11,"11","G3BP2"
7.87368108043242e-16,0.416738405626388,0.323,0.201,1.92527249778734e-11,"11","TNIP1"
1.07275537577698e-15,0.317790309255377,0.787,0.608,2.62310144484986e-11,"11","SERP1"
1.2547349656141e-15,0.324790305944903,0.562,0.397,3.06807793791959e-11,"11","FLNA"
2.12395375449891e-15,0.363940203010897,0.547,0.39,5.19349172050074e-11,"11","EIF3L"
2.15667984145454e-15,0.406625116723626,0.382,0.247,5.27351354832463e-11,"11","FBL"
2.67483132266684e-15,0.408225019112558,0.503,0.356,6.54049755018497e-11,"11","EIF4A1"
3.06600788709056e-15,0.351051247686636,0.316,0.197,7.49700248551383e-11,"11","PTMS"
5.19369505090286e-15,0.325999958366516,0.489,0.333,1.26996231384677e-10,"11","CSNK1D"
5.71480689758388e-15,0.53057769490913,0.277,0.172,1.39738458259721e-10,"11","TNFSF14"
8.51249422571629e-15,0.423583162357402,0.473,0.334,2.08147508807215e-10,"11","MOB4"
1.48155048065478e-14,0.456141177842212,0.258,0.156,3.62268723529706e-10,"11","GCH1"
1.62714627746321e-14,0.431859313258768,0.285,0.177,3.97869807765303e-10,"11","RAB22A"
1.85082564104043e-14,0.375050803196657,0.36,0.235,4.52563885747205e-10,"11","MYDGF"
2.04203980143924e-14,0.295960667727178,0.686,0.514,4.99319572247923e-10,"11","SRSF3"
2.22033606742787e-14,0.254739633362012,0.949,0.826,5.42916575207464e-10,"11","ZFP36"
2.30790584331055e-14,0.331805012575521,0.525,0.375,5.64329136806295e-10,"11","PTP4A1"
2.63853966588441e-14,0.513444699785177,0.222,0.131,6.45175719102055e-10,"11","CHD4"
3.34628885854293e-14,0.429798626031115,0.392,0.27,8.18234551690917e-10,"11","CHMP1B"
5.12855872865949e-14,0.345853501476747,0.397,0.267,1.25403518033182e-09,"11","GTF3A"
5.65860424222232e-14,0.275946184142636,0.675,0.512,1.3836419093082e-09,"11","SNU13"
5.96072358881552e-14,0.266992077196967,0.693,0.535,1.45751613193717e-09,"11","EML4"
9.34714475450137e-14,0.465460514803838,0.3,0.191,2.28556383537068e-09,"11","MTFP1"
1.43799764889545e-13,0.364871662695014,0.309,0.197,3.51619185107915e-09,"11","MAP2K3"
1.48240178879429e-13,0.350742418801095,0.312,0.198,3.62476885395979e-09,"11","PRMT1"
1.55555465496999e-13,0.384931857119496,0.432,0.301,3.80364224233263e-09,"11","BIN2"
1.75300290081498e-13,0.269699839061679,0.425,0.284,4.2864426930728e-09,"11","SNRPF"
1.83749742134623e-13,0.264694705891803,0.382,0.252,4.49304869467579e-09,"11","FKBP11"
2.56997871352588e-13,0.437366305669927,0.215,0.127,6.28411195031348e-09,"11","ASNSD1"
3.36531117931086e-13,0.432155817642418,0.22,0.132,8.22885889565091e-09,"11","AKAP17A"
3.95346772215154e-13,0.345401105488121,0.267,0.166,9.66701927420495e-09,"11","DHCR7"
4.12009018869778e-13,0.365578217960192,0.29,0.185,1.00744445294038e-08,"11","EIF2S3"
4.13992095094963e-13,0.272407386085904,0.547,0.385,1.0122934709262e-08,"11","RSL24D1"
5.47918184533433e-13,0.286828703783791,0.54,0.385,1.33976954482115e-08,"11","HNRNPM"
7.45453904543191e-13,0.285325495604136,0.543,0.383,1.82278388738901e-08,"11","P4HB"
7.99488264838237e-13,0.448542314587162,0.243,0.151,1.95490870518246e-08,"11","NRBF2"
9.63779975796697e-13,0.454444506039833,0.244,0.152,2.35663479681808e-08,"11","OTULIN"
1.06378993397107e-12,0.322928347183256,0.289,0.184,2.60117914654607e-08,"11","ABCF1"
1.69917681730142e-12,0.335847312496129,0.31,0.201,4.15482715366542e-08,"11","TINF2"
1.74652584288841e-12,0.746273739431197,0.206,0.127,4.27060499103074e-08,"11","ZNF267"
2.83588184313577e-12,0.296387578322548,0.642,0.493,6.93429828283559e-08,"11","RGCC"
3.2849126650295e-12,0.337583834593898,0.509,0.373,8.03226844853014e-08,"11","YWHAQ"
3.58975887552502e-12,0.359754005811807,0.269,0.173,8.77767840243377e-08,"11","GPR171"
3.68576881976971e-12,0.35008701103579,0.316,0.208,9.01244191810089e-08,"11","METAP2"
3.97908906889283e-12,0.370948038184713,0.385,0.266,9.72966859125676e-08,"11","PSMD13"
4.57447812127657e-12,0.271434597036267,0.465,0.326,1.11855139021455e-07,"11","SLC3A2"
5.46101528452168e-12,0.37492742652258,0.268,0.173,1.33532745737124e-07,"11","H2AFJ"
6.30931675237466e-12,0.271735323391133,0.589,0.454,1.54275413229065e-07,"11","MYADM"
7.96067077433514e-12,0.277865805381535,0.691,0.539,1.94654321774043e-07,"11","CYCS"
8.98300012203485e-12,0.254770672700741,0.51,0.363,2.19652318983996e-07,"11","DHRS7"
1.35576800351664e-11,0.33199224174746,0.263,0.169,3.31512392219888e-07,"11","ATP2B1"
1.49003852728003e-11,0.526926880092221,0.236,0.15,3.64344220690513e-07,"11","ETV3"
1.55515045758006e-11,0.352890942707725,0.302,0.199,3.80265389887477e-07,"11","GORASP2"
1.63192985463306e-11,0.259326387688396,0.328,0.217,3.99039488054876e-07,"11","CHCHD10"
1.69925441611814e-11,0.354904566891726,0.304,0.201,4.15501689829206e-07,"11","RIC8A"
2.1104761138771e-11,0.334968030958036,0.268,0.173,5.16053619365229e-07,"11","MKNK2"
2.11964854500131e-11,0.278669262767649,0.476,0.342,5.18296462223721e-07,"11","TRAM1"
3.66232608624245e-11,0.265425251733277,0.238,0.149,8.95511974608004e-07,"11","SYTL2"
3.87950283050466e-11,0.430310834820229,0.229,0.145,9.48616032114999e-07,"11","SVIP"
4.10284785101891e-11,0.316278650789729,0.255,0.163,1.00322835653114e-06,"11","SEC61A1"
4.27043868181358e-11,0.289748478416497,0.373,0.259,1.04420766647706e-06,"11","CRYBG1"
4.48881271883453e-11,0.34655309152057,0.252,0.161,1.09760448600942e-06,"11","SPTY2D1"
6.63493544676613e-11,0.457701168474832,0.225,0.144,1.62237441544325e-06,"11","BIRC2"
6.86269902918228e-11,0.264287201570992,0.299,0.198,1.67806716661565e-06,"11","TPST2"
7.15638847290445e-11,0.294397173722564,0.279,0.182,1.7498801093946e-06,"11","METRNL"
7.92957541982064e-11,0.390897487230873,0.233,0.149,1.93893978165454e-06,"11","IER5"
8.15328766464664e-11,0.421981947399066,0.27,0.18,1.9936418997594e-06,"11","CEBPB"
8.57958489038686e-11,0.391252208333135,0.235,0.151,2.0978800973974e-06,"11","POLE4"
1.17354422197103e-10,0.303435502742059,0.286,0.188,2.86955033156357e-06,"11","STT3B"
1.19952660995789e-10,0.267520529640621,0.423,0.297,2.93308246666903e-06,"11","TMED2"
1.20019023932367e-10,0.279166599487718,0.257,0.166,2.93470517319424e-06,"11","TES"
1.7945983232668e-10,0.454879327529131,0.224,0.144,4.38815182005197e-06,"11","EIF2S1"
2.14302687683721e-10,0.253619851350796,0.438,0.313,5.24012931924234e-06,"11","NSA2"
2.22000085217002e-10,0.311784942068359,0.228,0.144,5.42834608372613e-06,"11","GLIPR2"
2.28808225837374e-10,0.290790081001308,0.411,0.295,5.59481873817547e-06,"11","SPCS3"
2.36028785895629e-10,0.282036654021553,0.258,0.167,5.77137587271993e-06,"11","LSM5"
2.57509666850339e-10,0.335269742172669,0.223,0.142,6.29662637382448e-06,"11","SMIM12"
3.28908618717982e-10,0.276827654501575,0.363,0.254,8.0424735448921e-06,"11","NR1H2"
3.33780390031425e-10,0.291814894015788,0.386,0.276,8.1615980970484e-06,"11","ALG13"
3.55686721972699e-10,0.270696062554766,0.384,0.269,8.69725172567643e-06,"11","VDAC1"
4.02132666666795e-10,0.295328440716611,0.285,0.191,9.83294796533648e-06,"11","B3GNT2"
4.82454412260821e-10,0.308216763145499,0.265,0.176,1.17969752886016e-05,"11","CDC26"
5.21032439109426e-10,0.252658542874648,0.477,0.345,1.27402852011037e-05,"11","DHX36"
6.22839311093082e-10,0.290136958094805,0.426,0.31,1.5229666834848e-05,"11","LPXN"
6.25131904685379e-10,0.26110486006764,0.271,0.183,1.52857253333669e-05,"11","NR4A1"
6.45058172232422e-10,0.292889635600396,0.35,0.244,1.57729624274272e-05,"11","JOSD1"
6.89825227908107e-10,0.326523403894687,0.261,0.174,1.6867606472809e-05,"11","BRAF"
7.2834655777252e-10,0.250721598142347,0.314,0.213,1.78095300306537e-05,"11","RNF139"
9.13396040285911e-10,0.28442827657156,0.295,0.201,2.23343599770711e-05,"11","ADD3"
1.17501636321361e-09,0.257722713193373,0.346,0.242,2.87315001132992e-05,"11","HM13"
1.38697778214537e-09,0.330510994837434,0.27,0.183,3.39143807290185e-05,"11","GNL1"
1.57954350372575e-09,0.271792907389049,0.265,0.177,3.8622997753102e-05,"11","RAB18"
1.73696887446933e-09,0.369462575394721,0.223,0.147,4.24723629185241e-05,"11","TUBA1C"
1.99133574802593e-09,0.328398583508772,0.221,0.144,4.869214171073e-05,"11","ITCH"
2.6145921356054e-09,0.373590412420322,0.218,0.143,6.39320068998233e-05,"11","BET1L"
3.10631439623223e-09,0.380154957905859,0.214,0.141,7.59555996166706e-05,"11","UAP1"
3.39195167482874e-09,0.348751775071262,0.208,0.134,8.29400023529123e-05,"11","STK38"
3.43996338548772e-09,0.310082878690622,0.258,0.174,8.41139847019457e-05,"11","NIFK"
3.88639731814045e-09,0.271102485551941,0.323,0.226,9.50301872231702e-05,"11","PHF1"
4.48216543944011e-09,0.275079369234519,0.213,0.138,0.000109597909325189,"11","TLE4"
5.61671934301664e-09,0.258584024258978,0.238,0.157,0.000137340021375443,"11","CCDC174"
6.84903564104235e-09,0.257445649786873,0.399,0.29,0.000167472619494768,"11","ETF1"
6.8754615309687e-09,0.299348213955554,0.335,0.239,0.000168118785355247,"11","PAF1"
6.9511705477563e-09,0.30602013857366,0.22,0.144,0.000169970022233737,"11","APEX1"
1.57180486723265e-08,0.321518112901036,0.246,0.167,0.000384337726135727,"11","STX5"
1.73844423406929e-08,0.265304721054023,0.26,0.175,0.000425084384114624,"11","TSPYL1"
2.18173799871296e-08,0.277910255301074,0.277,0.192,0.000533478575445292,"11","STX11"
6.26657475190962e-08,0.30160257925566,0.264,0.184,0.00153230285833694,"11","SNRPE"
6.90319505000406e-08,0.254385330264857,0.203,0.135,0.00168796925362699,"11","ITM2C"
7.66099872255327e-08,0.250546587727262,0.237,0.16,0.00187326740763873,"11","LRRC59"
9.79815412521431e-08,0.283668726625687,0.23,0.158,0.0023958446466974,"11","SNRK"
1.6905553336955e-07,0.26066246273563,0.245,0.171,0.00413374590195223,"11","BORCS5"
6.86357623796972e-07,0.25697072815039,0.217,0.151,0.0167828166170836,"11","CRNKL1"
7.2318749107286e-07,0.276929749284292,0.214,0.149,0.0176833805317136,"11","SRSF6"
1.22683084916614e-06,0.250708708283439,0.241,0.171,0.0299984679238104,"11","SOD2"
0,2.12657106222407,0.527,0.124,0,"8","KLRC3"
0,2.37955612527871,0.427,0.088,0,"8","LINC02446"
0,3.4329103948535,0.384,0.062,0,"8","GNLY"
0,2.58758284622718,0.205,0.025,0,"8","ZNF683"
0,1.13292882216797,0.99,0.863,0,"8","ZFP36L2"
8.96213293090325e-286,1.96209378693103,0.429,0.117,2.19142074426446e-281,"8","TYROBP"
7.03920538905407e-280,2.41016702308611,0.236,0.039,1.7212265017315e-275,"8","KLRC2"
1.514515755903e-268,1.02856615834132,0.976,0.754,3.70329392633403e-264,"8","CD7"
8.64014012951068e-262,1.45262847283332,0.667,0.273,2.11268706446795e-257,"8","HOPX"
1.53371054512274e-253,2.19518447469242,0.269,0.054,3.75022902493412e-249,"8","KIR3DL2"
1.94302789113367e-253,1.02132052789552,0.989,0.823,4.75109179940004e-249,"8","ZFP36"
1.57590830409367e-246,0.901917429147221,0.987,0.841,3.85341098516984e-242,"8","PABPC1"
1.70967549900892e-240,2.53711901277353,0.218,0.039,4.1804985301766e-236,"8","KIR2DL3"
5.41386653898327e-234,1.95779908168567,0.348,0.091,1.32379864611219e-229,"8","CD300A"
6.54588359717398e-222,1.4235290517415,0.788,0.454,1.60059945718098e-217,"8","DUSP5"
6.33793629890692e-216,1.75028536228005,0.664,0.31,1.54975218380872e-211,"8","XCL1"
6.33171128935861e-213,1.28617338804132,0.617,0.252,1.54823004447397e-208,"8","CD55"
6.90083332188955e-205,1.70340040003391,0.365,0.106,1.68739176386843e-200,"8","NCR3"
7.1151225947661e-183,1.07121967169284,0.827,0.484,1.73978977687221e-178,"8","RGCC"
9.73720124510028e-178,1.06981779697462,0.782,0.445,2.38094044845192e-173,"8","MYADM"
1.66652790849919e-172,1.05271030545219,0.764,0.421,4.07499404186222e-168,"8","FOSL2"
1.20583189241865e-158,0.877912039628405,0.904,0.656,2.94850014334208e-154,"8","TAGLN2"
2.46579045821735e-157,0.89549820749072,0.756,0.391,6.02935082843307e-153,"8","KLRD1"
3.75580139957336e-153,0.76681653549921,0.908,0.659,9.18368558223679e-149,"8","CTSW"
7.4432407487027e-144,0.878331274948898,0.832,0.532,1.82002122787279e-139,"8","ANXA1"
2.14321888425876e-136,0.877567086512438,0.861,0.62,5.24059881578953e-132,"8","MCL1"
5.62480652465876e-133,1.13696924530008,0.556,0.268,1.37537769140956e-128,"8","LINC01871"
2.86236720455819e-128,1.61803132882536,0.241,0.071,6.99906028858569e-124,"8","LYN"
2.98319803107866e-122,0.795786050076581,0.824,0.548,7.29451582559354e-118,"8","REL"
7.68261240243244e-121,1.90628755126718,0.274,0.096,1.87855238464278e-116,"8","TRDV1"
5.89498961937892e-116,0.906877677432767,0.648,0.354,1.44144286173053e-111,"8","BCL3"
1.22005146736479e-115,0.966636281583252,0.892,0.716,2.98326984800038e-111,"8","CRIP1"
1.33928542422439e-115,1.37467574991862,0.309,0.112,3.27482071931348e-111,"8","PDE4A"
3.33757456534269e-115,0.593617404295366,0.976,0.797,8.16103732717594e-111,"8","NR4A2"
1.16115484409053e-114,0.745192245619694,0.831,0.559,2.83925582477016e-110,"8","VPS37B"
1.63881765628368e-112,0.754114255711611,0.867,0.652,4.00723693314486e-108,"8","TGFB1"
7.72437175015455e-110,1.13654410473712,0.501,0.247,1.88876338034779e-105,"8","CDKN1A"
8.69706878806076e-108,1.18123379096553,0.409,0.18,2.12660726005662e-103,"8","AUTS2"
1.07578690346785e-106,0.636375215647951,0.887,0.616,2.63051413635958e-102,"8","FAM177A1"
2.11503404206986e-106,0.841541581674824,0.837,0.605,5.17168123966923e-102,"8","DDIT4"
5.63659050491146e-105,0.718567444338126,0.863,0.613,1.37825911026095e-100,"8","PIK3R1"
3.84443254726578e-103,0.891412167761819,0.64,0.368,9.40040646457429e-99,"8","PTP4A1"
1.06680704616696e-101,0.941958934677095,0.625,0.362,2.60855658928746e-97,"8","TPM4"
3.50190827591494e-99,0.872079635573473,0.662,0.391,8.5628661162672e-95,"8","NFE2L2"
4.88093308971688e-99,0.927677188932786,0.434,0.199,1.19348575909757e-94,"8","CD160"
2.24740795547824e-98,1.31373302635416,0.258,0.091,5.49536193273539e-94,"8","DGKD"
2.45242780150655e-94,1.52169965806348,0.238,0.084,5.99667646024383e-90,"8","IFITM3"
1.9046198978602e-90,1.37319199883797,0.262,0.099,4.65717657424777e-86,"8","MAFF"
2.21981203780377e-89,1.31154580244967,0.234,0.082,5.42788439483778e-85,"8","CDIP1"
1.63711786896988e-87,0.68961445246737,0.831,0.612,4.00308061320516e-83,"8","PGK1"
1.65111106766236e-86,0.801063907992137,0.518,0.271,4.03729678264801e-82,"8","CSRNP1"
1.04747878177699e-85,1.04708146492798,0.45,0.233,2.56129511720111e-81,"8","LMNA"
4.31956824008014e-85,0.693384863528552,0.74,0.474,1.0562208260644e-80,"8","SAMSN1"
3.44298054201012e-84,0.705278713233971,0.805,0.586,8.41877602132316e-80,"8","SLC2A3"
5.49841019347386e-84,0.769990547823861,0.633,0.378,1.34447126050823e-79,"8","IL2RB"
3.43913942097318e-83,1.08159896884716,0.353,0.161,8.40938371216362e-79,"8","ARL4A"
1.57084984045028e-82,0.573804115418414,0.882,0.63,3.84104202986902e-78,"8","TNFAIP3"
2.77925560278211e-82,0.599578905278711,0.874,0.638,6.79583579992283e-78,"8","ZNF331"
4.78994168789589e-80,1.18964738458358,0.221,0.079,1.1712365415243e-75,"8","IKZF2"
1.04041781802617e-79,0.936278262912155,0.406,0.2,2.54402964863758e-75,"8","FBXO34"
1.98996922579571e-79,0.446670594390253,0.987,0.866,4.86587275091566e-75,"8","DUSP2"
4.87802584325229e-79,1.36410258136414,0.201,0.07,1.19277487919205e-74,"8","RRAS2"
2.84532713143265e-77,1.21576094234765,0.331,0.154,6.95739390177911e-73,"8","PHLDA1"
4.39793471391212e-77,0.902103480810139,0.415,0.206,1.07538299624579e-72,"8","TBX21"
1.43856756192222e-74,0.882123656247426,0.42,0.213,3.51758540241221e-70,"8","KDM6B"
2.36312178972585e-74,0.718888745247127,0.616,0.372,5.77830540023765e-70,"8","PTGER4"
1.659855439933e-73,0.612544850489846,0.684,0.429,4.05867852172417e-69,"8","PDE4B"
5.54907663789478e-73,0.631306708988984,0.691,0.452,1.35686021949803e-68,"8","GADD45B"
6.77674353977696e-73,1.08745316957291,0.316,0.144,1.65704933034626e-68,"8","RAB11FIP1"
1.42045571591663e-72,1.02668545940271,0.369,0.181,3.47329831655935e-68,"8","LGALS1"
2.82427802890106e-72,0.936267338305415,0.497,0.283,6.90592463626888e-68,"8","INSIG1"
1.43956197783042e-71,0.629795094676455,0.672,0.422,3.52001694819094e-67,"8","NR4A3"
2.97617426119607e-71,1.05107188587607,0.326,0.153,7.27734130347664e-67,"8","IRF4"
7.72153518294993e-70,0.843616860516975,0.501,0.287,1.88806978293492e-65,"8","TIPARP"
1.08769859426905e-69,1.10983184420838,0.329,0.158,2.65964060270668e-65,"8","SLC16A3"
9.28283458651647e-69,0.845009370064251,0.481,0.27,2.26983871309501e-64,"8","OASL"
3.21482039268769e-68,0.387497544280842,0.997,0.932,7.86087882419995e-64,"8","BTG1"
1.59541794745395e-67,0.721267337644156,0.877,0.709,3.90111596511441e-63,"8","VIM"
9.53126919018451e-67,0.516524238199667,0.792,0.546,2.33058594238392e-62,"8","TENT5C"
9.82941156373346e-67,0.625465640084925,0.7,0.462,2.40348771556411e-62,"8","RBM38"
1.04764251027648e-65,1.13623398409184,0.212,0.082,2.56169546612804e-61,"8","PLCG2"
4.08210747154051e-64,0.938122581480832,0.277,0.123,9.98156918941086e-60,"8","FAM129A"
6.86077279510716e-64,0.527946027604901,0.504,0.29,1.6775961638596e-59,"8","FOSB"
3.41857348576531e-62,1.1391837107629,0.268,0.121,8.35909588739333e-58,"8","GLUL"
7.21725287228373e-62,0.894311455915126,0.452,0.263,1.76476267233082e-57,"8","SERPINB9"
1.90133620280888e-59,0.638990322820125,0.533,0.319,4.64914728310828e-55,"8","SLA2"
1.94336356479436e-59,0.448970559187339,0.878,0.666,4.75191258863517e-55,"8","LDHA"
1.68226049188573e-58,0.568980467581743,0.838,0.659,4.113463354759e-54,"8","LITAF"
2.14506001900863e-58,0.532212033313077,0.697,0.463,5.24510075847991e-54,"8","GSPT1"
5.20251986158392e-58,0.83402206123528,0.372,0.195,1.2721201565545e-53,"8","ELL2"
5.7115467106289e-58,0.87426515337699,0.275,0.125,1.39658740168298e-53,"8","ADAM8"
1.33358362122206e-57,1.06860716367129,0.224,0.095,3.26087867061217e-53,"8","HIC1"
1.40061826163644e-57,0.44405819814983,0.892,0.672,3.42479177335343e-53,"8","YPEL5"
1.57940377465293e-57,0.428801672785768,0.893,0.676,3.86195810978135e-53,"8","SELENOK"
1.68238311620702e-57,0.838255377347578,0.359,0.188,4.11376319574942e-53,"8","BHLHE40"
2.85741159617295e-57,0.728447429027805,0.487,0.287,6.98694283496211e-53,"8","MAP3K8"
2.61697769062624e-55,0.869097336312229,0.318,0.159,6.39903384911927e-51,"8","DSTN"
2.11289679842397e-54,0.640847749548586,0.605,0.395,5.16645525150629e-50,"8","GPR65"
3.48746301324998e-54,0.712592053505591,0.374,0.195,8.52754455999886e-50,"8","FCRL6"
1.32348477879553e-53,0.60329265885193,0.559,0.353,3.23618498111082e-49,"8","SOCS1"
2.58246447450393e-53,1.03819879449651,0.22,0.097,6.31464213305701e-49,"8","SEPT11"
7.60994943274249e-53,0.811495488332935,0.492,0.304,1.86078483529419e-48,"8","BIRC3"
1.39752855458836e-52,0.791310295531627,0.341,0.178,3.41723682167947e-48,"8","METRNL"
2.30232531001961e-52,0.558438746026177,0.565,0.354,5.62964584805995e-48,"8","CD63"
3.58816646417943e-52,0.869778040793736,0.308,0.156,8.77378463821155e-48,"8","PIK3AP1"
6.88675430560216e-51,0.4285852246824,0.667,0.454,1.68394916280584e-46,"8","UBE2S"
1.91611619840463e-50,0.760032255361569,0.365,0.199,4.685287328339e-46,"8","UBE2J1"
5.39708587714041e-50,0.353012757365969,0.946,0.828,1.31969543867837e-45,"8","YWHAZ"
1.80697152872139e-49,0.552498449865524,0.513,0.312,4.41840678202954e-45,"8","SLC7A5"
3.17257721720374e-49,0.637029204160728,0.592,0.393,7.7575858115066e-45,"8","RUNX3"
7.37393607540386e-49,0.56879195671183,0.652,0.443,1.80307484915775e-44,"8","SYAP1"
8.17908693232352e-49,1.03697591356207,0.207,0.092,1.99995033669175e-44,"8","CHPT1"
1.07361049475033e-48,0.4380089238742,0.856,0.675,2.6251923817635e-44,"8","HSPA5"
2.08122744120508e-48,0.579529623152667,0.514,0.316,5.08901733923466e-44,"8","MATK"
9.23676266732409e-48,0.778871689812046,0.322,0.17,2.25857320741409e-43,"8","PER1"
1.40070415623768e-47,0.422609086263811,0.872,0.709,3.42500180283238e-43,"8","IFITM2"
4.69439745848785e-47,0.500763740498197,0.72,0.517,1.14787406654945e-42,"8","AKAP13"
1.94058050462302e-46,0.800960439131499,0.345,0.192,4.7451074499042e-42,"8","PRNP"
5.25817321288049e-45,0.404869923676227,0.763,0.558,1.28572851401354e-40,"8","SYTL3"
1.34850717270232e-44,0.63985448729644,0.488,0.309,3.29736973869172e-40,"8","CAST"
2.10723899481131e-44,0.819220120924863,0.229,0.108,5.15262079011261e-40,"8","RIN3"
4.29315152889275e-44,0.458564504589553,0.852,0.683,1.04976141184485e-39,"8","TUBA4A"
7.58359615907694e-43,0.867158053492158,0.23,0.111,1.85434093281749e-38,"8","AAED1"
8.42830489126572e-43,0.597554405209194,0.407,0.238,2.06088911201229e-38,"8","SCML4"
2.70631524747467e-41,0.670398282217309,0.273,0.142,6.61748204312507e-37,"8","RASGEF1B"
1.35935792238974e-40,0.308245388550048,0.816,0.613,3.32390199182738e-36,"8","CD52"
1.4431531070979e-40,0.35347360801206,0.857,0.676,3.52879797747578e-36,"8","SFPQ"
1.62072581058974e-40,0.680013420408434,0.302,0.163,3.96299875205402e-36,"8","TMEM123"
1.80894596520757e-40,0.482844451428385,0.615,0.415,4.42323467412556e-36,"8","JUND"
2.27042000911294e-40,0.991552173660172,0.203,0.097,5.55163100628297e-36,"8","LGALS3"
2.55298294585408e-40,0.487754312700982,0.669,0.477,6.24255389920239e-36,"8","G3BP2"
3.90341999609494e-40,0.525774858775083,0.446,0.273,9.54464257445134e-36,"8","PLEKHA2"
8.44131361396009e-40,0.425156007740967,0.737,0.547,2.06407000488552e-35,"8","SQSTM1"
5.23522275060151e-39,0.485046413893864,0.569,0.374,1.28011666697708e-34,"8","GABARAPL1"
6.85611419298011e-39,0.554274990229102,0.493,0.316,1.6764570424675e-34,"8","ISCA1"
1.82417644615889e-38,0.761449569596768,0.351,0.208,4.46047624614772e-34,"8","GATA3"
3.7353402392856e-38,0.452633839846151,0.633,0.438,9.13365395310114e-34,"8","RNF125"
9.15117155816229e-38,0.420402507042315,0.654,0.455,2.23764446940184e-33,"8","SDCBP"
9.38185742017108e-38,0.421091566314802,0.724,0.527,2.29405177638023e-33,"8","BZW1"
1.19376697471569e-37,0.443342688024153,0.618,0.421,2.91899900657481e-33,"8","RANBP2"
2.0262825540259e-37,0.681996974426345,0.267,0.142,4.95466610110414e-33,"8","GLIPR2"
1.46450862860015e-36,0.494304420468999,0.74,0.565,3.58101649865309e-32,"8","S100A10"
2.93246656899266e-36,0.29705611467782,0.912,0.775,7.17046725450085e-32,"8","CALM2"
5.28644375078434e-36,0.528716097156153,0.505,0.331,1.29264122594179e-31,"8","SMAP2"
5.66265874302576e-36,0.706947115467347,0.244,0.128,1.38463331584466e-31,"8","RARA"
8.22734158495361e-36,0.696839235628384,0.351,0.21,2.01174956435286e-31,"8","RNF139"
9.55250396632914e-36,0.361459558408148,0.665,0.474,2.3357782698468e-31,"8","PTPN22"
1.04571179579084e-35,0.893514849622193,0.358,0.224,2.55697448306775e-31,"8","AREG"
1.22646526415789e-35,0.569596502271275,0.433,0.273,2.99895286391887e-31,"8","ALG13"
1.80816864394467e-35,0.495586033383293,0.47,0.304,4.4213339681735e-31,"8","IVNS1ABP"
2.66411872279387e-35,0.596473640178312,0.314,0.179,6.51430310097557e-31,"8","PRKX"
3.08213683139654e-35,0.366070065373782,0.765,0.571,7.53644098013083e-31,"8","HSPD1"
3.86582564076325e-35,0.334287916370052,0.756,0.565,9.4527168567943e-31,"8","ADGRE5"
4.5154411984283e-35,0.405406681588453,0.748,0.583,1.10411568183969e-30,"8","ELF1"
6.49595235150003e-35,0.430091938037171,0.435,0.272,1.58839026898879e-30,"8","DUSP4"
1.06037870117166e-34,0.708134346820203,0.242,0.128,2.59283800010495e-30,"8","GNPTAB"
1.29701900302339e-34,0.496302181762403,0.47,0.305,3.17147086619279e-30,"8","PPP1CB"
3.54110668737949e-34,0.503075439986058,0.509,0.341,8.65871407198034e-30,"8","ACTN4"
3.61336376063934e-34,0.441685163376363,0.381,0.228,8.83539706751531e-30,"8","CAMK4"
2.82524547167247e-33,0.459750033328319,0.517,0.347,6.90829022733351e-29,"8","CDK17"
3.04493967589876e-33,0.321683066388172,0.778,0.582,7.44548649550766e-29,"8","SH2D2A"
3.21813612057806e-33,0.501659451399195,0.467,0.305,7.86898644203746e-29,"8","PRKAR1A"
5.24417957210694e-33,0.549968009880043,0.381,0.234,1.28230678897159e-28,"8","ANKRD37"
8.0157794458603e-33,0.487152007083232,0.979,0.947,1.96001839010176e-28,"8","FTH1"
1.07696853623058e-32,0.517293684527703,0.414,0.261,2.63340346479101e-28,"8","PLP2"
9.75273720078714e-31,0.344221791370027,0.7,0.512,2.38473930033647e-26,"8","ARF6"
1.18452946732208e-30,0.641462239093079,0.263,0.148,2.89641145349596e-26,"8","NXT1"
1.47368724818356e-30,0.452720854201715,0.455,0.297,3.60346005925843e-26,"8","ADSS"
2.28289377244467e-30,0.613845221556825,0.249,0.138,5.58213185238171e-26,"8","UPP1"
5.99528005469382e-30,0.531951310822606,0.412,0.266,1.46596587897373e-25,"8","PIM3"
8.08733045625683e-30,0.375690349061008,0.578,0.4,1.97751404316392e-25,"8","HSPA9"
3.33104687886335e-29,0.432419258882669,0.353,0.218,8.14507582819667e-25,"8","ITGB1"
3.81535430712078e-29,0.697324280471726,0.213,0.115,9.32930435177174e-25,"8","PBX4"
5.83387477400903e-29,0.303586289466539,0.786,0.602,1.42649905974069e-24,"8","PDCD4"
7.20552655684128e-29,0.678865439188178,0.259,0.149,1.76189535367883e-24,"8","JMY"
1.27312985178568e-28,0.47870129562432,0.397,0.256,3.11305711358634e-24,"8","IL21R"
1.4384231998305e-28,0.450240825320557,0.469,0.319,3.51723240822553e-24,"8","GLIPR1"
4.08180588517404e-28,0.596096113569478,0.305,0.184,9.98083175042757e-24,"8","TRIM28"
4.58026690776252e-28,0.452859522684258,0.416,0.271,1.11996686428609e-23,"8","SEMA4D"
4.70326942270895e-28,0.325921807867021,0.803,0.622,1.15004343924079e-23,"8","FXYD5"
1.00496899754781e-27,0.441998860533203,0.286,0.169,2.4573501928039e-23,"8","AHI1"
1.19160474293616e-27,0.408236369608962,0.439,0.287,2.91371191742749e-23,"8","ETF1"
1.19427519358414e-27,0.454245805527955,0.442,0.296,2.92024170335193e-23,"8","B4GALT1"
1.44680684004152e-27,0.329359493787407,0.752,0.574,3.53773208526953e-23,"8","TPI1"
1.92243149835231e-27,0.369674501277978,0.505,0.341,4.70072949977106e-23,"8","RALGAPA1"
2.02030747574204e-27,0.459451232822323,0.32,0.195,4.94005583968443e-23,"8","PTMS"
2.45419442861076e-27,0.680021876599899,0.211,0.115,6.00099621683902e-23,"8","CYSTM1"
3.27605042475667e-27,0.388461522747202,0.487,0.331,8.01059849861502e-23,"8","CSNK1D"
9.10961334281621e-27,0.421627994744725,0.39,0.25,2.22748265458542e-22,"8","MAPK1"
1.88322828009334e-26,0.509547603297008,0.256,0.147,4.60486979048422e-22,"8","SYTL2"
2.55026378879299e-26,0.286496546288963,0.838,0.668,6.23590501635662e-22,"8","EZR"
3.08958870296546e-26,0.262150680189236,0.808,0.624,7.55466229649115e-22,"8","BRD2"
3.18396450234304e-26,0.696727910573407,0.287,0.178,7.78543000112919e-22,"8","CEBPB"
1.5883643795247e-25,0.312797775646418,0.763,0.598,3.88386858081378e-21,"8","NDUFS5"
5.059641939914e-25,0.544228822039718,0.236,0.136,1.23718364714777e-20,"8","DENND4A"
5.53433577428848e-25,0.353332107926693,0.457,0.307,1.35325578352902e-20,"8","PDCL3"
7.44301435647135e-25,0.589873725862587,0.233,0.135,1.81996587044437e-20,"8","TUBB2A"
1.49624180013512e-24,0.381562753669447,0.512,0.359,3.65861044969039e-20,"8","XBP1"
2.10208941530839e-24,0.32913752413986,0.671,0.498,5.14002903831208e-20,"8","LRRFIP1"
2.67248622695715e-24,0.65759472784777,0.248,0.149,6.53476332215563e-20,"8","ETV3"
6.10248573833648e-24,0.252119529656054,0.708,0.532,1.49217981273804e-19,"8","EML4"
6.92662983331392e-24,0.41644715644162,0.232,0.132,1.69369952684192e-19,"8","TRGC2"
8.8078303909583e-24,0.335016019817189,0.716,0.565,2.15369068719712e-19,"8","TSC22D3"
1.58976239768142e-23,0.520468929694155,0.216,0.123,3.8872870148106e-19,"8","ESYT1"
1.60915180764815e-23,0.33114838201168,0.516,0.361,3.93469800006126e-19,"8","DHRS7"
2.19515791962717e-23,0.507998385752722,0.257,0.154,5.36760014507237e-19,"8","IRF2BP2"
4.78245421767275e-23,0.335721053010359,0.542,0.397,1.16940570530534e-18,"8","AHNAK"
5.42781791583555e-23,0.649745862607447,0.303,0.194,1.32721003678011e-18,"8","GZMB"
5.79035520055595e-23,0.438894984767117,0.329,0.211,1.41585765363994e-18,"8","EIF3J"
6.13207021184221e-23,0.357305000876533,0.456,0.311,1.49941380819966e-18,"8","DNTTIP2"
6.70592969677487e-23,0.655657284607175,0.239,0.143,1.63973392945539e-18,"8","CTSA"
6.84621250200487e-23,0.441568518005767,0.279,0.172,1.67403588099023e-18,"8","BRAF"
7.22349571267057e-23,0.352628510853079,0.521,0.37,1.76628917166221e-18,"8","APOBEC3G"
7.29035565170929e-23,0.429527181651128,0.344,0.223,1.78263776395595e-18,"8","FASLG"
7.89493755498385e-23,0.27029367433551,0.507,0.349,1.93047013094465e-18,"8","AOAH"
8.27478658092118e-23,0.407258094707824,0.329,0.212,2.02335081476685e-18,"8","SATB1"
9.54115505651047e-23,0.628418561093372,0.264,0.164,2.33300323441794e-18,"8","NINJ1"
1.10209507793445e-22,0.366338356204027,0.476,0.332,2.69484288456533e-18,"8","MOB4"
1.37172308718657e-22,0.359681300937331,0.453,0.312,3.35413729278861e-18,"8","ATP1A1"
2.60567255497674e-22,0.45433697582853,0.309,0.196,6.37139053142912e-18,"8","ST3GAL1"
3.75876929596739e-22,0.391500491757521,0.534,0.392,9.19094268249947e-18,"8","ZEB2"
3.87268758371348e-22,0.351052845562145,0.485,0.343,9.46949567969621e-18,"8","DHX36"
4.56699082959962e-22,0.324292480134508,0.505,0.354,1.1167205976537e-17,"8","PARP8"
4.77629382413055e-22,0.513624812116744,0.37,0.253,1.1678993658764e-17,"8","NFKB1"
4.86783657270437e-22,0.251334228631024,0.69,0.514,1.19028339875767e-17,"8","DNAJB6"
5.71422953383001e-22,0.259157791122167,0.708,0.535,1.39724340561211e-17,"8","MORF4L1"
5.95790261950175e-22,0.302905096957204,0.563,0.406,1.45682634852057e-17,"8","HERPUD1"
9.01601245355644e-22,0.498417850925587,0.223,0.132,2.20459536514362e-17,"8","SIK3"
9.68816453479099e-22,0.320788833936825,0.395,0.264,2.36894999204709e-17,"8","DDX3Y"
9.79031761571842e-22,0.362470791834137,0.552,0.4,2.39392846339547e-17,"8","STRAP"
1.02243127673432e-21,0.424217113747393,0.32,0.21,2.50004895787076e-17,"8","YBX3"
1.15781592603154e-21,0.313716199941818,0.652,0.485,2.83109150233233e-17,"8","HMGN1"
2.23664383892717e-21,0.397940035603474,0.35,0.233,5.46904151494472e-17,"8","HCG18"
6.15718893414283e-21,0.447691642499622,0.263,0.164,1.5055558381766e-16,"8","PABPC4"
7.17818491828612e-21,0.310772484695223,0.456,0.313,1.75520977621932e-16,"8","HNRNPAB"
8.93073472624519e-21,0.451133725821676,0.284,0.179,2.18374325526147e-16,"8","MAP4"
1.54365333561408e-20,0.409734898316211,0.415,0.288,3.77454113624354e-16,"8","GYG1"
1.79884474097663e-20,0.364923458814711,0.356,0.235,4.39853516063606e-16,"8","PRKACB"
2.65182632927395e-20,0.41169153747407,0.647,0.515,6.48424574034067e-16,"8","PRF1"
2.69196933261484e-20,0.427057559330414,0.35,0.237,6.5824034121098e-16,"8","PAF1"
3.56658813329009e-20,0.5254230441751,0.235,0.144,8.72102130352093e-16,"8","PRR7"
3.97464549162776e-20,0.411870465955571,0.381,0.26,9.7188031561282e-16,"8","PHF20"
6.29137137167801e-20,0.383271700997955,0.229,0.137,1.53836612780271e-15,"8","RALGDS"
8.53101933671575e-20,0.354292574297033,0.34,0.224,2.08600484821374e-15,"8","PHF1"
9.1707098141226e-20,0.534461587399313,0.452,0.334,2.24242196374926e-15,"8","XCL2"
1.42538465743092e-19,0.40808677662543,0.302,0.196,3.48535056435009e-15,"8","TPST2"
2.00234312516057e-19,0.410590711830192,0.271,0.172,4.89612940964262e-15,"8","PPP2R2B"
2.75670547966509e-19,0.266436976747836,0.71,0.55,6.74069623887709e-15,"8","BTG2"
2.95738683524759e-19,0.341260448784798,0.348,0.232,7.23140228954742e-15,"8","RHEB"
3.28999063879002e-19,0.589194758146643,0.267,0.175,8.04468510996936e-15,"8","ZC3H12A"
5.98901142057251e-19,0.430638432660745,0.252,0.159,1.46443307255839e-14,"8","SLC1A5"
7.89961839028878e-19,0.469358734386019,0.227,0.139,1.93161468879341e-14,"8","RBPJ"
7.98082114318317e-19,0.444841698309395,0.233,0.144,1.95147038593115e-14,"8","SVIP"
8.46998601746253e-19,0.307517283716124,0.417,0.291,2.07108098098994e-14,"8","CHST12"
9.56677600892762e-19,0.304716343368312,0.521,0.376,2.33926806970298e-14,"8","BCAS2"
1.08035180247122e-18,0.298551175201563,0.561,0.419,2.64167622740262e-14,"8","CD96"
1.95885821158795e-18,0.272775152963063,0.495,0.354,4.78980009897485e-14,"8","EIF4A1"
2.39346923800179e-18,0.597557804574272,0.218,0.136,5.85251098076198e-14,"8","ELMSAN1"
2.97733646996385e-18,0.270690907763209,0.587,0.439,7.28018313635559e-14,"8","IDS"
3.78281837452684e-18,0.315053803881625,0.499,0.367,9.24974748939304e-14,"8","SKIL"
7.13553809251631e-18,0.367435623372818,0.361,0.248,1.74478177438209e-13,"8","CKS2"
8.46299091302116e-18,0.526888917822087,0.2,0.122,2.06937053805193e-13,"8","TRAF4"
9.13233084944245e-18,0.281695493753292,0.489,0.353,2.23303753930567e-13,"8","PITPNC1"
1.3737727929138e-17,0.281996835924129,0.403,0.282,3.35914923323283e-13,"8","NAMPT"
1.47230864277073e-17,0.315008701600948,0.621,0.488,3.60008909330298e-13,"8","MT-ND6"
1.62177895034783e-17,0.416376699238689,0.256,0.164,3.96557388939051e-13,"8","GFPT1"
2.20608252158185e-17,0.401523631984067,0.252,0.162,5.39431298177193e-13,"8","FAM118A"
3.97872013924507e-17,0.426964651688956,0.444,0.327,9.72876648448205e-13,"8","DCXR"
4.01073348792269e-17,0.26473890711019,0.517,0.382,9.80704552466856e-13,"8","NSMCE3"
5.8020820998843e-17,0.441220085887379,0.261,0.172,1.41872511506371e-12,"8","SOCS3"
6.3177942402361e-17,0.343650749026061,0.278,0.182,1.54482704762253e-12,"8","NARF"
6.42504895342501e-17,0.358536895489675,0.296,0.198,1.57105297009148e-12,"8","P2RY10"
7.3584611876519e-17,0.354333904160344,0.323,0.218,1.79929092960464e-12,"8","TRABD"
9.20220388146033e-17,0.327162695490018,0.285,0.188,2.25012289309468e-12,"8","SACM1L"
1.17283032380928e-16,0.294985768697186,0.456,0.334,2.86780470777845e-12,"8","NAA50"
2.66845791501633e-16,0.288329133446857,0.295,0.195,6.52491329379793e-12,"8","COPA"
2.89980454860974e-16,0.291121665069076,0.571,0.441,7.09060208226054e-12,"8","HNRNPUL1"
3.26490063937786e-16,0.340172008665378,0.255,0.165,7.98333504340674e-12,"8","PREX1"
3.33993656673145e-16,0.304238464375592,0.425,0.308,8.16681289297175e-12,"8","AKIRIN1"
4.43117471986111e-16,0.432531335962885,0.238,0.155,1.08351084250044e-11,"8","MFSD14A"
6.46796845772298e-16,0.284438311609513,0.257,0.166,1.58154764728242e-11,"8","AGTRAP"
7.71436264335781e-16,0.266050204781624,0.488,0.353,1.88631595355385e-11,"8","GPBP1"
8.97066821492698e-16,0.340619384353329,0.346,0.243,2.19350779191395e-11,"8","JOSD1"
8.97959814106189e-16,0.465123249258648,0.214,0.136,2.19569133745245e-11,"8","ITPRIP"
1.08995634662199e-15,0.271052240396208,0.421,0.303,2.6651612587601e-11,"8","CEBPZ"
1.13442871032037e-15,0.269686283416023,0.473,0.35,2.77390508247538e-11,"8","SF3A1"
1.73749626745312e-15,0.343037592116794,0.241,0.156,4.24852587317636e-11,"8","SNRK"
1.95857322308311e-15,0.370920949058388,0.219,0.139,4.78910324508282e-11,"8","UAP1"
2.53425257673186e-15,0.323621872657554,0.23,0.148,6.19675440062475e-11,"8","OXNAD1"
2.94039079452343e-15,0.264560670593645,0.494,0.366,7.1898435707687e-11,"8","MAPK1IP1L"
3.2415171688507e-15,0.295192100153523,0.348,0.242,7.92615778127372e-11,"8","CMC2"
3.8140002319669e-15,0.367236226003652,0.231,0.149,9.32599336720547e-11,"8","CRNKL1"
3.8548694116876e-15,0.425650865885627,0.218,0.14,9.42592668545853e-11,"8","UGP2"
4.68848515914409e-15,0.323963709235368,0.284,0.192,1.14642839111391e-10,"8","CYB5R3"
4.7853817706385e-15,0.375440847589588,0.205,0.129,1.17012155055653e-10,"8","PCMTD1"
5.93378394960632e-15,0.266774060722044,0.392,0.279,1.45092885135774e-10,"8","ZFAND5"
8.10954367524427e-15,0.338246311285487,0.242,0.165,1.98294561947073e-10,"8","IL7R"
1.2070106936012e-14,0.301497950011073,0.278,0.187,2.95138254799366e-10,"8","AP3S1"
1.27973259232113e-14,0.367025011574814,0.28,0.192,3.12920213474363e-10,"8","MORF4L2"
1.71136788458805e-14,0.313333804676676,0.205,0.13,4.18463675139469e-10,"8","CDK6"
1.98926673782832e-14,0.298861489883398,0.328,0.229,4.86415502733781e-10,"8","METTL9"
2.31464065042386e-14,0.313054816405179,0.352,0.252,5.65975931841643e-10,"8","MTHFD2"
2.62709223072643e-14,0.316973449330841,0.244,0.161,6.42376592257226e-10,"8","PPM1B"
2.94169823671979e-14,0.286229170027346,0.326,0.228,7.19304052842723e-10,"8","TM2D3"
3.81982852800322e-14,0.309482968692973,0.372,0.266,9.34024471667347e-10,"8","HERPUD2"
3.9361735938969e-14,0.294344027451622,0.295,0.203,9.6247316717967e-10,"8","ASXL2"
4.9068612465751e-14,0.356040132682823,0.261,0.177,1.19982571201254e-09,"8","FDX1"
5.02194998249481e-14,0.359589684384358,0.21,0.137,1.22796720971963e-09,"8","TMEM43"
6.87618482831948e-14,0.395013884838116,0.232,0.154,1.68136471422068e-09,"8","CDC34"
7.59631333860817e-14,0.35002134085394,0.24,0.161,1.85745053755647e-09,"8","MSL2"
8.90780633367674e-14,0.36228001470899,0.263,0.18,2.17813680471064e-09,"8","ZBTB7A"
1.33146616687885e-13,0.489976930004228,0.214,0.143,3.25570107125217e-09,"8","TRGV2"
1.3467836126537e-13,0.252737673007735,0.367,0.264,3.29315528966084e-09,"8","DNAJB9"
1.59572204776301e-13,0.258791221194734,0.446,0.33,3.90185955119011e-09,"8","STOM"
1.65280063989398e-13,0.261921316129911,0.356,0.258,4.04142812466876e-09,"8","CRYBG1"
1.95064112576207e-13,0.262681887772695,0.437,0.325,4.76970768071341e-09,"8","SLC3A2"
1.9850239319167e-13,0.253913755277123,0.275,0.187,4.85378051832272e-09,"8","PRRC2B"
2.01305655404748e-13,0.415873568710168,0.206,0.136,4.92232588595689e-09,"8","DYNLT3"
2.24465520465362e-13,0.326900706208758,0.253,0.171,5.48863090641904e-09,"8","CHST11"
2.2468611756681e-13,0.365332268725064,0.215,0.141,5.49402494674363e-09,"8","CHMP2B"
2.69563110599297e-13,0.361864922748321,0.203,0.132,6.59135718037402e-09,"8","RLF"
4.84084492204568e-13,0.270879436411737,0.324,0.233,1.18368340033861e-08,"8","PFKFB3"
7.20563293788736e-13,0.27794897992541,0.314,0.221,1.76192136597222e-08,"8","UBAC2"
7.52275497812101e-13,0.308489732835995,0.252,0.172,1.83946404725015e-08,"8","SLC10A3"
8.59256750555553e-13,0.333163061322965,0.275,0.193,2.10105460645844e-08,"8","NFKB2"
9.91422569386499e-13,0.348801813734078,0.226,0.153,2.42422646666387e-08,"8","NR1D2"
1.06386369458734e-12,0.259043960077196,0.344,0.247,2.60135950600496e-08,"8","PPP4R3A"
1.12583011739456e-12,0.265534761753636,0.301,0.212,2.75287980305319e-08,"8","LYAR"
1.31755225714629e-12,0.283513264627998,0.252,0.171,3.2216787791741e-08,"8","ACADVL"
1.48465295419996e-12,0.342128399463637,0.324,0.235,3.63027340360975e-08,"8","DDX27"
1.50651487315515e-12,0.307280633119332,0.284,0.2,3.68373016783897e-08,"8","LPCAT1"
1.51156335063373e-12,0.365083654363474,0.214,0.143,3.6960747049696e-08,"8","BIRC2"
1.5331795362074e-12,0.321531267013007,0.334,0.243,3.74893060193434e-08,"8","HBP1"
1.76281650739865e-12,0.277791389704224,0.333,0.237,4.31043892389118e-08,"8","MECP2"
2.56111056637615e-12,0.290705376113666,0.247,0.169,6.26242755690297e-08,"8","BORCS5"
3.95446418172915e-12,0.258466491739787,0.341,0.245,9.66945581716413e-08,"8","STAU1"
7.22177614160309e-12,0.262592673387071,0.333,0.242,1.76586870214479e-07,"8","OAT"
7.34479386106654e-12,0.3041780353742,0.26,0.182,1.79594899490799e-07,"8","CTNNB1"
1.61126743216884e-11,0.361296439933605,0.205,0.139,3.93987112513924e-07,"8","PPIL4"
1.76780117879703e-11,0.286645505378628,0.207,0.14,4.32262744239449e-07,"8","DNAJC21"
1.86493187296507e-11,0.256378943468399,0.276,0.195,4.56013141577418e-07,"8","FAM13B"
2.63661958049924e-11,0.305884284918731,0.237,0.164,6.44706219823675e-07,"8","RNF5"
3.14081352771212e-11,0.312806711885911,0.208,0.142,7.67991723796167e-07,"8","GNL3"
3.2453851854183e-11,0.299380682154864,0.252,0.176,7.93561585538482e-07,"8","BCCIP"
9.56184769376289e-11,0.277582895281914,0.216,0.15,2.3380629980789e-06,"8","PRDM2"
1.37582989064384e-10,0.296144681870875,0.216,0.149,3.36417924860231e-06,"8","ZNF622"
2.76884991624359e-10,0.309388543682954,0.212,0.147,6.77039181519884e-06,"8","NEPRO"
4.45545164865719e-10,0.325398567566755,0.228,0.162,1.08944703712966e-05,"8","TGIF1"
8.93422365600547e-10,0.257888741231298,0.235,0.166,2.18459636836646e-05,"8","DBF4"
9.67262111352863e-10,0.255706819450708,0.252,0.181,2.36514931468002e-05,"8","HIF1A"
1.68219640595578e-09,0.256491057261542,0.295,0.219,4.11330665184307e-05,"8","RTN4"
2.18066459142033e-09,0.289223010062368,0.222,0.159,5.33216105894098e-05,"8","ERCC5"
2.31862434336628e-09,0.253856470830676,0.228,0.162,5.66950024439922e-05,"8","NCOA4"
2.42347464946232e-09,0.255292195609633,0.273,0.201,5.92588021286526e-05,"8","TINF2"
2.60315909079242e-09,0.261042121123291,0.22,0.156,6.36524460880563e-05,"8","GCH1"
3.06972261861873e-09,0.254895067302,0.231,0.166,7.50608574704652e-05,"8","DHCR7"
5.26102026246984e-09,0.274751018572425,0.241,0.176,0.000128642467457913,"8","TESC"
6.57349487246502e-09,0.257697602677348,0.286,0.213,0.000160735096621515,"8","RELA"
1.6783957605481e-08,0.255350779150116,0.231,0.169,0.000410401331369222,"8","RAB5A"
2.33882660774544e-08,0.266618632345646,0.22,0.16,0.000571889882125916,"8","LRRC59"
0.0004871079474065,0.30752963139971,0.278,0.232,1,"8","GPCPD1"
0,2.19237260500015,0.671,0.245,0,"1","GIMAP4"
0,2.02681535609643,0.61,0.187,0,"1","TXNIP"
0,1.93093183361494,0.754,0.332,0,"1","GIMAP7"
0,1.23138913771316,0.611,0.261,0,"1","HSPA1A"
0,1.15115086803596,0.563,0.214,0,"1","HSPA1B"
0,2.01533210241125,0.553,0.212,0,"1","LINC00861"
0,2.43807595117727,0.466,0.129,0,"1","SIT1"
0,1.70545725343503,0.598,0.285,0,"1","CD27"
0,2.03229381869639,0.478,0.166,0,"1","RCSD1"
0,1.81964115949445,0.525,0.22,0,"1","TRAF3IP3"
0,2.08471871074,0.412,0.138,0,"1","GIMAP1"
0,1.54167671033795,0.53,0.272,0,"1","PPP1R18"
0,1.65723002872055,0.449,0.208,0,"1","DENND2D"
0,1.46574519714605,0.518,0.283,0,"1","TRAC"
0,1.79968227801093,0.387,0.157,0,"1","PYCARD"
0,1.35697622653781,0.813,0.587,0,"1","CD52"
0,1.34803726768252,0.505,0.279,0,"1","LCP2"
0,1.49507573032403,0.424,0.209,0,"1","SASH3"
0,1.33305253115731,0.508,0.295,0,"1","UBE2L6"
0,1.40945844040362,0.433,0.221,0,"1","ARPC5L"
0,1.16732140910474,0.645,0.442,0,"1","PSMB10"
0,1.12546035198551,0.719,0.518,0,"1","GMFG"
0,1.02282473951956,0.755,0.557,0,"1","CD2"
0,0.98702666505825,0.764,0.574,0,"1","TRBC2"
0,1.04427308611384,0.84,0.656,0,"1","PSMB9"
0,1.15837262856091,0.855,0.671,0,"1","ATP5MC2"
0,1.0023575922088,0.717,0.534,0,"1","CD8B"
0,0.777175075758347,0.825,0.642,0,"1","CTSW"
0,1.03854917440911,0.728,0.552,0,"1","EVL"
0,1.07086395983625,0.727,0.552,0,"1","LIMD2"
0,1.09792448527448,0.889,0.715,0,"1","CLIC1"
0,1.04062184926426,0.632,0.46,0,"1","GPSM3"
0,1.1139035433145,0.901,0.736,0,"1","RARRES3"
0,0.967508691415526,0.671,0.507,0,"1","RNASEK"
0,0.946812470262552,0.708,0.547,0,"1","COX6B1"
0,0.957265212619084,0.769,0.634,0,"1","PSME2"
0,0.968834015126594,0.952,0.82,0,"1","MYL12A"
0,0.842506656330665,0.893,0.772,0,"1","S100A4"
0,1.19544336266388,0.967,0.846,0,"1","PTPRCAP"
0,0.845992061976113,0.924,0.811,0,"1","CD3D"
0,1.03407461959427,0.951,0.842,0,"1","GZMA"
0,0.816076110241116,0.901,0.8,0,"1","RAC2"
0,0.702091619975062,0.83,0.735,0,"1","ATP5MG"
0,0.979264748380544,0.978,0.884,0,"1","SH3BGRL3"
0,0.772526255694715,0.899,0.807,0,"1","PSME1"
0,0.729550226355277,0.956,0.869,0,"1","SERF2"
0,0.826457807143653,0.922,0.836,0,"1","CORO1A"
0,0.738370235637611,0.944,0.861,0,"1","HCST"
0,0.550642652948577,0.967,0.886,0,"1","ATP5F1E"
0,0.684888868415386,0.964,0.906,0,"1","RACK1"
0,0.987935042830041,0.965,0.907,0,"1","ACTG1"
0,0.591556441416449,0.961,0.913,0,"1","IFITM1"
0,0.909483717382366,0.996,0.954,0,"1","TMSB10"
0,0.852462477613861,0.966,0.926,0,"1","NKG7"
0,0.767142704405548,0.982,0.944,0,"1","CD74"
0,0.923023709721034,0.996,0.963,0,"1","PFN1"
0,0.577986276618869,0.994,0.963,0,"1","FAU"
0,1.01643654228434,0.994,0.976,0,"1","CCL5"
0,0.581883745421007,0.985,0.968,0,"1","IL32"
0,0.448286704979413,0.999,0.99,0,"1","TMSB4X"
0,0.60646169828166,0.999,0.995,0,"1","ACTB"
1.97626258336499e-323,0.825806901541676,0.751,0.619,4.83235726884406e-319,"1","SNRPD2"
6.37413852325626e-319,1.5251307147861,0.375,0.183,1.55860435170662e-314,"1","PTPN6"
3.29466485231029e-314,2.01991618602787,0.214,0.068,8.05611449686912e-310,"1","GIMAP2"
3.9334234395366e-312,1.52633936414123,0.348,0.161,9.6180069943549e-308,"1","AC116366.3"
5.19991691673852e-310,1.03080098292835,0.611,0.441,1.2714836844809e-305,"1","AES"
1.62441047239773e-309,1.42998458278837,0.418,0.228,3.97200848710694e-305,"1","ZYX"
3.1273172081055e-307,1.81089145789788,0.355,0.173,7.64691603725957e-303,"1","PRMT9"
2.46295003624592e-303,0.554683794685938,0.962,0.893,6.02240542862852e-299,"1","FTL"
3.01687092631042e-291,0.857214959216527,0.717,0.565,7.37685278901424e-287,"1","C12orf57"
1.03088078539021e-289,1.00512471243454,0.605,0.444,2.52070969643614e-285,"1","HIGD2A"
5.87893632004534e-289,0.975309026301892,0.605,0.448,1.43751750897749e-284,"1","PSMB8"
4.20811014572308e-288,0.446920691202278,0.967,0.903,1.02896709283221e-283,"1","MT-ATP6"
3.51704478478908e-284,1.36762007971269,0.402,0.216,8.59987790776625e-280,"1","SIRPG"
3.77185980921788e-280,1.34840094929583,0.428,0.248,9.22295160549956e-276,"1","LIME1"
3.23053127215168e-278,0.651080857616365,0.806,0.723,7.89929506666529e-274,"1","ARPC3"
4.95671553550266e-274,1.33966259213575,0.394,0.213,1.21201608274111e-269,"1","POLD4"
3.37092931262957e-270,0.959413613508418,0.592,0.435,8.24259635524184e-266,"1","DRAP1"
6.99378571262029e-270,0.809134187310728,0.682,0.552,1.71012048244991e-265,"1","GABARAP"
2.84568581019287e-264,0.858790347938838,0.63,0.492,6.9582709430836e-260,"1","PPP1CA"
5.35739517533967e-260,1.75203875313785,0.213,0.076,1.30999026827406e-255,"1","GIMAP6"
1.28304527445784e-257,1.43453016104652,0.321,0.156,3.1373023051043e-253,"1","POLR2G"
1.44705749601953e-257,0.700910188610017,0.767,0.656,3.53834498926695e-253,"1","PPDPF"
8.06437595564897e-257,1.74116129671172,0.233,0.091,1.97190120867529e-252,"1","RGS19"
2.62605150667137e-256,0.951514740729435,0.588,0.438,6.42122114411283e-252,"1","ATP5F1D"
1.05185584967847e-253,1.1382201359415,0.478,0.307,2.5719979236338e-249,"1","TBC1D10C"
9.64099962244434e-252,0.664365840869175,0.799,0.684,2.35741722768009e-247,"1","OST4"
1.85065109504103e-247,1.19179992237863,0.429,0.253,4.52521205759432e-243,"1","HLA-DQB1"
9.78732997910008e-247,0.46898643414882,0.922,0.865,2.39319792648955e-242,"1","EEF1D"
4.43956724936987e-246,0.736995728610485,0.719,0.594,1.08556298381592e-241,"1","UQCR11"
3.44511730496558e-243,0.448678226689554,0.952,0.893,8.42400083410185e-239,"1","UBA52"
2.24995018567472e-242,0.716318808572341,0.722,0.617,5.50157819401183e-238,"1","ARPC1B"
4.76568077910489e-239,0.436215325124767,0.947,0.896,1.16530426410673e-234,"1","NACA"
6.87845974239105e-236,0.657573867600333,0.782,0.666,1.68192097620946e-231,"1","COMMD6"
2.8490954602901e-233,1.1684563903564,0.431,0.266,6.96660821950134e-229,"1","LAMTOR4"
6.77649140510913e-229,0.501369882470063,0.899,0.828,1.65698767837728e-224,"1","PFDN5"
4.07514030318211e-226,1.09878106620716,0.452,0.289,9.96453306934091e-222,"1","CSK"
4.1191740137181e-222,0.652209775900796,0.759,0.67,1.00722042983435e-217,"1","FYB1"
7.86242944083535e-222,1.67100421187395,0.232,0.097,1.92252124687306e-217,"1","TRG-AS1"
8.15425215214302e-222,0.621535950044989,0.813,0.708,1.99387773624201e-217,"1","S100A6"
9.06067379410577e-220,1.37473659270726,0.296,0.144,2.21551595613474e-215,"1","PLEKHF1"
1.809437231249e-218,0.708705438107875,0.701,0.592,4.42443591785005e-214,"1","ELOB"
6.13078605829992e-215,0.51421076995581,0.865,0.806,1.4990998069755e-210,"1","BTF3"
3.87821561918813e-214,0.501822718137667,0.899,0.798,9.48301283203881e-210,"1","TMA7"
3.66164599502582e-213,1.32954201277768,0.315,0.163,8.95345678703714e-209,"1","MRPS34"
7.18283923568461e-213,0.79373543255571,0.621,0.487,1.7563478499096e-208,"1","UQCR10"
1.53152866553122e-210,1.01529451858037,0.501,0.35,3.74489389295695e-206,"1","UCP2"
3.05003593597164e-207,0.903882638742362,0.627,0.478,7.45794787063786e-203,"1","GZMH"
2.28830794344737e-204,0.803627074217238,0.617,0.497,5.59537058331752e-200,"1","GYPC"
7.94035460080101e-204,0.569331672923694,0.81,0.745,1.94157550698786e-199,"1","HINT1"
2.81399083458364e-200,0.607317775830654,0.757,0.671,6.88077038872391e-196,"1","HLA-DPB1"
3.46839958100079e-200,0.79752803360726,0.621,0.502,8.48093065546313e-196,"1","LY6E"
4.74706649312797e-200,1.48315335433558,0.246,0.113,1.16075269889965e-195,"1","CISD3"
3.81552658874898e-199,1.35926106865751,0.26,0.122,9.329725614809e-195,"1","BATF"
6.93330783546355e-197,1.08531377075889,0.425,0.276,1.69533243192755e-192,"1","CHURC1"
2.83041837528822e-196,0.594663957792456,0.748,0.662,6.92093901125474e-192,"1","EIF3K"
2.89124696778847e-190,0.462359718064535,0.861,0.808,7.06967708563637e-186,"1","COX4I1"
2.10490585269345e-188,0.87411361485181,0.532,0.401,5.14691579100603e-184,"1","TRAPPC1"
8.61090574657433e-187,1.22295684798977,0.372,0.229,2.10553867315236e-182,"1","RGS10"
8.78376246198767e-187,0.645779660624964,0.692,0.606,2.14780559720523e-182,"1","LCK"
5.16890426188725e-186,1.2840019462235,0.312,0.172,1.26390047011667e-181,"1","C11orf98"
9.87462703954566e-183,1.28476135910319,0.313,0.173,2.4145438037097e-178,"1","PGLS"
1.57596402919512e-182,1.05768429390763,0.423,0.277,3.8535472441879e-178,"1","HSPB1"
8.57815856367748e-181,0.989227759275234,0.453,0.316,2.09753133199042e-176,"1","NDUFB10"
6.63377431163305e-179,0.976867197829998,0.412,0.263,1.62209049468051e-174,"1","CARD16"
3.22144604325389e-177,0.758998663843205,0.602,0.489,7.87707986496441e-173,"1","APRT"
2.64131829375264e-176,1.03075983921437,0.386,0.239,6.45855149188395e-172,"1","TAF10"
7.16671426290839e-176,1.157897278046,0.365,0.226,1.75240497156636e-171,"1","C8orf59"
2.03871766101948e-175,1.01418870276806,0.423,0.283,4.98507242472484e-171,"1","NOP10"
3.22096788020139e-175,0.834049087518876,0.539,0.41,7.87591066066844e-171,"1","C9orf16"
1.4246881466211e-173,0.91043536204486,0.47,0.336,3.48364745611792e-169,"1","PRELID1"
1.59883207431339e-170,1.45803362200707,0.238,0.116,3.90946418811111e-166,"1","AC243960.1"
2.29675107770774e-170,0.354699667271593,0.95,0.918,5.61601573521096e-166,"1","CD3E"
2.81175568932236e-170,0.386531914642724,0.943,0.912,6.87530501153102e-166,"1","CYBA"
7.38512802383913e-170,0.714205742402547,0.63,0.536,1.80581150438914e-165,"1","SEPT1"
7.97896264008305e-170,1.35057529482531,0.288,0.157,1.95101594475311e-165,"1","BLOC1S1"
4.22664601712028e-167,1.03407293940361,0.409,0.272,1.03349948410625e-162,"1","TSPO"
1.87586153204502e-165,0.724411379170932,0.594,0.488,4.58685661815647e-161,"1","MZT2B"
6.4359581342669e-165,0.807495838428408,0.594,0.472,1.57372048299094e-160,"1","EMP3"
3.43815074849576e-164,1.25297091796156,0.277,0.148,8.40696621022183e-160,"1","LSM2"
8.01764081433983e-164,0.995286722268952,0.46,0.329,1.96047353192237e-159,"1","CKLF"
2.41423739400939e-163,0.355181776174712,0.942,0.922,5.90329327583177e-159,"1","CFL1"
1.76442433212432e-162,0.745978971936656,0.598,0.495,4.31437037691039e-158,"1","GSTK1"
6.28577237573796e-160,1.17501811999593,0.334,0.2,1.53699706131545e-155,"1","PLEK"
7.26442829871975e-159,0.654587321483849,0.646,0.549,1.77629800760295e-154,"1","CNN2"
5.32492026868245e-157,0.69393050951995,0.622,0.523,1.30204950409823e-152,"1","KRTCAP2"
1.22661266903406e-156,0.914910564734156,0.451,0.324,2.99931329832207e-152,"1","MZT2A"
4.70249637798956e-156,1.27835995217662,0.292,0.167,1.14985441434601e-151,"1","NDUFB3"
4.22707933832091e-154,0.702165114737169,0.617,0.527,1.03360543980623e-149,"1","COX8A"
4.26528035166537e-151,1.08341590313053,0.269,0.143,1.04294635158922e-146,"1","GBP1"
8.37011858979437e-151,0.479776739887998,0.793,0.726,2.04666139757652e-146,"1","COX7C"
9.91397009699178e-151,0.779685142030087,0.539,0.432,2.42416396811643e-146,"1","TMEM258"
1.42370071084225e-150,1.07012560044642,0.358,0.23,3.48123297815146e-146,"1","PHB2"
8.66885332083986e-150,0.776088385940798,0.532,0.422,2.11970801401176e-145,"1","WDR83OS"
1.41979985129446e-149,0.542999431244685,0.827,0.749,3.47169459638521e-145,"1","GZMK"
3.29541015639852e-148,1.20877212941146,0.301,0.176,8.05793691442565e-144,"1","CORO1B"
8.3351920518652e-148,0.523106425087377,0.788,0.721,2.03812116052208e-143,"1","MIF"
3.97896498829922e-147,1.220220729761,0.267,0.147,9.72936518938926e-143,"1","GSTO1"
6.66172969123092e-147,1.25931549267001,0.26,0.141,1.62892614409978e-142,"1","PDLIM2"
8.55521594653094e-147,1.04081647771374,0.378,0.25,2.09192140324575e-142,"1","TUBB"
9.92012834565924e-147,1.34726244326122,0.213,0.103,2.4256697830806e-142,"1","DUSP23"
4.95718659677988e-146,0.906337240468736,0.447,0.327,1.21213126664462e-141,"1","SELENOH"
5.56225564384237e-146,0.505360644357856,0.781,0.704,1.36008275003234e-141,"1","IFITM2"
2.33235105018238e-145,0.715027430394555,0.583,0.494,5.70306478790596e-141,"1","LDHB"
8.06917021405057e-145,0.699803175380558,0.585,0.485,1.97307350073964e-140,"1","SLC9A3R1"
1.7879845978126e-144,0.953819956205928,0.4,0.274,4.37197993857136e-140,"1","IDH2"
2.28772686041961e-144,0.451935954445099,0.889,0.824,5.59394971909803e-140,"1","MT-ND4"
2.62683817925094e-144,0.905950522105994,0.435,0.311,6.42314471590439e-140,"1","BST2"
3.19206220592524e-144,0.987775402604241,0.347,0.214,7.8052305059284e-140,"1","CXCR3"
2.46370275344068e-142,0.559698293582775,0.729,0.657,6.02424597271314e-138,"1","HLA-DPA1"
1.79228886476832e-141,0.753289911989641,0.506,0.377,4.3825047321315e-137,"1","GBP5"
7.15851056245961e-136,0.820261802758447,0.47,0.363,1.75039900273262e-131,"1","COX5A"
1.21704013349356e-135,0.980059953914407,0.387,0.265,2.97590653441845e-131,"1","CASP4"
1.49921150140147e-135,0.666274113497651,0.604,0.527,3.66587196322687e-131,"1","EIF3F"
2.82279220156358e-134,0.440662894574233,0.807,0.746,6.90229149126327e-130,"1","MYL12B"
2.4865566375283e-133,0.811168869700756,0.461,0.344,6.08012829008421e-129,"1","LAT"
2.62962980620823e-131,0.657332861176759,0.577,0.473,6.42997080214036e-127,"1","CD48"
1.53448962353557e-130,1.05323977505355,0.333,0.216,3.75213402746917e-126,"1","TWF2"
1.6031493694446e-130,0.99551715850921,0.356,0.238,3.92002083816593e-126,"1","AIP"
3.01079232596948e-129,1.24231090693365,0.24,0.13,7.36198939546057e-125,"1","NT5C"
1.60067392115764e-128,0.665881525197039,0.558,0.459,3.91396787201466e-124,"1","ATP5IF1"
2.50629201085886e-128,0.512267851505456,0.73,0.666,6.12838522495208e-124,"1","UBL5"
5.8520181983877e-128,0.50699559073283,0.724,0.668,1.43093548986976e-123,"1","COX6A1"
6.89241664082239e-128,1.08553040001463,0.297,0.181,1.68533371701389e-123,"1","RSBN1L"
8.06954914185217e-128,0.753712195032822,0.512,0.414,1.97316615616569e-123,"1","DAD1"
1.3936960433196e-127,0.639023487587735,0.589,0.509,3.40786556512509e-123,"1","NDUFB11"
6.07387989744086e-125,0.529452966516616,0.663,0.579,1.48518511252224e-120,"1","GSTP1"
2.60836470144866e-124,1.16730525749211,0.239,0.131,6.37797336798226e-120,"1","SH3BP1"
3.98498152545631e-124,0.766792040340895,0.472,0.358,9.74407682604577e-120,"1","APOBEC3G"
6.01811599842916e-124,0.833615953530606,0.418,0.295,1.4715497239359e-119,"1","IKZF3"
1.0840917899871e-123,1.3732447649326,0.203,0.104,2.65082124487646e-119,"1","PTGDR"
1.49695185595516e-123,1.09007265934883,0.3,0.186,3.66034667818156e-119,"1","HMOX2"
1.72166607189315e-123,1.03629052950294,0.332,0.216,4.20981787899313e-119,"1","SAMD3"
3.58373995657659e-123,0.855062050648204,0.427,0.312,8.76296094182109e-119,"1","PNISR"
4.84671731624546e-123,0.848900540344805,0.404,0.282,1.18511931816834e-118,"1","IL16"
1.67168106530043e-122,0.793233435064418,0.44,0.319,4.08759454087262e-118,"1","CYTOR"
8.50813035096618e-122,0.826666951335008,0.45,0.347,2.08040803341825e-117,"1","NDUFB4"
1.05289886155912e-121,0.995373917528044,0.355,0.244,2.57454829628436e-117,"1","NDUFB7"
1.48651027906561e-121,1.02803502392645,0.35,0.238,3.63481493437122e-117,"1","IFI27L2"
1.80225330002022e-121,0.767225654239895,0.434,0.307,4.40686976920944e-117,"1","HLA-DRB5"
5.44975269322546e-119,1.07976414786478,0.281,0.171,1.33257352854749e-114,"1","MIEN1"
1.09668839039134e-118,0.98115826976973,0.361,0.248,2.68162245218492e-114,"1","SAMHD1"
1.78179932138362e-118,0.314369947562735,0.929,0.909,4.35685570064723e-114,"1","MYL6"
2.63812559060775e-116,1.01110432781664,0.321,0.209,6.45074469415408e-112,"1","VAMP5"
3.17793388585997e-116,1.01688272363957,0.324,0.213,7.77068393770479e-112,"1","RBCK1"
1.11967970339773e-115,1.00128314815547,0.341,0.231,2.73784081074813e-111,"1","NDUFA11"
3.1222578756131e-115,0.528083805476295,0.663,0.603,7.63454495744916e-111,"1","COX6C"
5.10828659746708e-114,0.898771695923937,0.376,0.265,1.24907823881265e-109,"1","SYNRG"
5.76057036214715e-114,1.1415039577926,0.282,0.176,1.40857466495222e-109,"1","TMEM256"
6.96211689714069e-113,0.585222790326518,0.615,0.551,1.70237682368884e-108,"1","SSR2"
7.26388144355747e-113,0.682770540091187,0.523,0.44,1.77616429057867e-108,"1","ATP5MC3"
1.34229655267366e-112,0.96891813002912,0.31,0.199,3.28218353059762e-108,"1","CCDC107"
2.59065981936126e-112,0.779691030423563,0.45,0.347,6.33468139030215e-108,"1","ABRACL"
1.86688916716726e-111,0.749679765586995,0.462,0.361,4.56491739155737e-107,"1","VAMP8"
4.04894541276071e-111,0.932809153235243,0.372,0.266,9.90048132328249e-107,"1","MRPS21"
4.92224989191474e-111,0.825637730767533,0.422,0.316,1.20358854357099e-106,"1","NUCB2"
5.84822290698275e-110,0.521848914379938,0.662,0.608,1.43000746521542e-105,"1","SLC25A6"
2.09169227292893e-109,0.665047111454768,0.534,0.459,5.11460594576583e-105,"1","ATP5MF"
8.32548972616112e-108,0.743125950563306,0.457,0.356,2.03574874784092e-103,"1","SELENOW"
1.66793262186044e-106,0.907336995257918,0.359,0.253,4.07842884697315e-102,"1","FIS1"
1.52933566850172e-105,0.883990740218692,0.36,0.25,3.7395315766204e-101,"1","PYHIN1"
1.72767210308613e-105,0.579234152483398,0.595,0.522,4.22450382646621e-101,"1","STK17A"
4.66989989326037e-105,1.03574073755545,0.292,0.189,1.14188392190003e-100,"1","NAA38"
6.41697551949859e-105,0.958788124553525,0.304,0.199,1.56907885402779e-100,"1","ZNRD1"
8.26570619169707e-105,0.560548207818026,0.586,0.51,2.02113047799377e-100,"1","PARK7"
8.91295538788896e-104,0.749827063181132,0.451,0.35,2.17939585144661e-99,"1","YPEL3"
5.99654601860583e-103,0.311630824265491,0.968,0.939,1.4662754324695e-98,"1","GAPDH"
9.70815716109282e-103,0.702339282989933,0.458,0.347,2.37383858903042e-98,"1","S100A11"
1.98357830904733e-102,0.474109926863442,0.687,0.636,4.85024568128253e-98,"1","EDF1"
2.1219464513534e-102,0.918896259931043,0.349,0.246,5.18858346284932e-98,"1","TNFRSF14"
8.98962565803755e-102,0.724271218645499,0.456,0.364,2.19814326590334e-97,"1","ATP5PF"
7.47275636518048e-101,0.478527466567758,0.706,0.658,1.82723838641393e-96,"1","SSR4"
7.98470879525677e-101,1.01193743093464,0.293,0.192,1.95242099461619e-96,"1","ZNHIT1"
2.17027588081014e-100,0.881880023556836,0.34,0.234,5.30675858375695e-96,"1","GPR174"
2.33521659655108e-100,1.06315513456852,0.264,0.165,5.71007162188671e-96,"1","ALKBH7"
3.25285456051303e-100,0.854875818608425,0.371,0.268,7.95387997136647e-96,"1","RNF167"
1.17360806391302e-99,0.80864014187966,0.323,0.213,2.86970643788012e-95,"1","SLFN5"
3.99052439245777e-99,0.665043626929847,0.506,0.419,9.75763024443773e-95,"1","ACAP1"
9.02175476534593e-99,0.375542689732717,0.804,0.765,2.20599947522239e-94,"1","SRP14"
9.1596756398364e-99,0.785912809141701,0.377,0.27,2.2397238874528e-94,"1","BTN3A2"
1.06413349270375e-98,1.05667645495514,0.27,0.172,2.60201921635922e-94,"1","DGCR6L"
6.39792534336137e-98,0.507571393571232,0.63,0.557,1.56442070495872e-93,"1","RNF213"
1.57047261522838e-97,0.514138425734214,0.621,0.555,3.84011963875643e-93,"1","COX5B"
2.6658538479877e-97,0.562757003334376,0.588,0.507,6.51854582909952e-93,"1","CTSC"
2.33519504752254e-96,0.509164473338901,0.648,0.608,5.71001893020211e-92,"1","CAPZB"
8.70710375112571e-96,0.73195442652061,0.441,0.351,2.12906100922526e-91,"1","NEDD8"
2.60085218242006e-95,0.420298806392376,0.752,0.712,6.35960375645353e-91,"1","ITGB2"
1.22501911241246e-94,0.81187256281064,0.382,0.287,2.99541673367094e-90,"1","DYNLRB1"
1.47913613619788e-94,0.820326263179687,0.389,0.297,3.61678368023107e-90,"1","COPS9"
5.31932791073424e-94,1.14083060247157,0.209,0.12,1.30068206073274e-89,"1","LAMTOR2"
8.94485038371039e-94,0.674628247421319,0.479,0.394,2.18719481582486e-89,"1","GNG5"
1.05779128517116e-93,1.13098572740907,0.209,0.119,2.58651125050053e-89,"1","HACD4"
1.10982611372074e-93,0.692764010437146,0.476,0.39,2.71374681326996e-89,"1","CUTA"
1.96233623300038e-93,0.307183095505324,0.92,0.905,4.79830455693254e-89,"1","PPIA"
5.639068879392e-93,0.548351948466513,0.568,0.493,1.37886512238893e-88,"1","EIF3G"
4.91102864678979e-92,0.657683007363969,0.492,0.41,1.20084472471304e-87,"1","PAXX"
4.43777876344831e-91,0.896658912084028,0.315,0.218,1.08512566323838e-86,"1","SSNA1"
5.00134399099843e-90,0.933662557551203,0.285,0.19,1.22292863267894e-85,"1","HSPB11"
6.09851636731585e-86,0.952857939980775,0.271,0.178,1.49120922213607e-81,"1","SLAMF7"
1.58765644193978e-85,0.324170024026108,0.791,0.719,3.88213753183116e-81,"1","HLA-DRB1"
1.95496477062178e-85,0.47064056995574,0.63,0.56,4.78027985712438e-81,"1","CD3G"
5.37336097757591e-85,1.02937192017472,0.221,0.134,1.31389422623686e-80,"1","MPG"
2.15570455213587e-84,1.09997735057414,0.209,0.124,5.27112877088262e-80,"1","RAB37"
6.07620033057321e-84,0.692297251609323,0.422,0.337,1.48575250483176e-79,"1","RBX1"
8.23921313873443e-81,0.660409726805543,0.47,0.395,2.01465239668334e-76,"1","C19orf53"
9.88686484251693e-79,0.870187632906732,0.277,0.186,2.41753619129224e-74,"1","PECAM1"
1.84101031571525e-78,0.985298837041588,0.249,0.162,4.50163842398693e-74,"1","CASP1"
5.11909455133315e-78,0.978716144598842,0.25,0.163,1.25172099969198e-73,"1","APOBEC3C"
8.27125756996426e-77,0.696242227128901,0.435,0.361,2.02248790100766e-72,"1","NME2"
1.03729483382161e-76,0.807816458602695,0.353,0.268,2.53639332766059e-72,"1","C12orf75"
1.6898063657023e-76,0.857750532890982,0.3,0.212,4.13191452541527e-72,"1","COX7A2L"
4.13688110202471e-76,0.904334353080351,0.265,0.178,1.01155016706708e-71,"1","TSC22D4"
6.83000628141981e-75,0.898530268721443,0.231,0.145,1.67007313593277e-70,"1","MIR4435-2HG"
3.15519961182184e-74,0.490303761734789,0.494,0.395,7.71509409082676e-70,"1","HLA-DRA"
3.81639108541246e-74,0.698868845128754,0.42,0.348,9.33183948205054e-70,"1","LSM7"
6.28723050596245e-74,0.349008483928417,0.76,0.749,1.53735360331794e-69,"1","LSP1"
7.04364140206527e-74,0.920519063155953,0.26,0.177,1.722311195633e-69,"1","COPZ1"
8.48044308366899e-74,0.458288321387187,0.63,0.586,2.07363794281874e-69,"1","NDUFA4"
1.6405098763566e-72,0.561749154771413,0.526,0.46,4.01137474966716e-68,"1","NDUFA3"
5.24695573043084e-72,0.97047101287308,0.239,0.157,1.28298561520495e-67,"1","AGTRAP"
6.75019870877152e-72,0.545534956271426,0.537,0.476,1.65055858826881e-67,"1","ATP5MD"
2.84105175689744e-71,1.04753334176735,0.261,0.176,6.94693975596562e-67,"1","LGALS1"
4.67062333034531e-70,0.861990398597629,0.296,0.215,1.14206081673603e-65,"1","MRPL51"
5.77959107466698e-70,0.741114351546731,0.347,0.257,1.41322560957757e-65,"1","H1FX"
1.37707201994117e-69,0.721294913513758,0.373,0.295,3.36721650316014e-65,"1","ATP5PD"
1.53701359205238e-69,0.616414900092837,0.468,0.4,3.75830563528649e-65,"1","ANAPC16"
7.04534694535663e-69,0.780526013928415,0.329,0.248,1.7227282350786e-64,"1","RNF181"
1.46708716915686e-68,0.649068887301063,0.435,0.365,3.58732154602235e-64,"1","VPS28"
2.19398533280185e-68,0.640644808088292,0.418,0.348,5.36473293576709e-64,"1","NDUFB9"
5.75101461198518e-67,0.781733923382536,0.307,0.226,1.40623809292262e-62,"1","CMTM3"
5.7559155841823e-67,0.950752753970786,0.23,0.152,1.40743647864426e-62,"1","OXA1L"
2.56896985532613e-66,0.644742151102329,0.397,0.319,6.28164509024346e-62,"1","CCND3"
3.17253824348151e-65,0.745759503648347,0.352,0.277,7.75749051296099e-61,"1","SF3B5"
6.12406653026613e-65,0.716626460565441,0.378,0.301,1.49745674798067e-60,"1","MRPL41"
4.4106086858984e-64,0.827149401307614,0.273,0.195,1.07848203587588e-59,"1","AP2S1"
8.70416455178029e-64,0.574311825998823,0.463,0.401,2.12834231620132e-59,"1","BRK1"
1.64795820017553e-63,0.954306420585366,0.217,0.143,4.02958739106919e-59,"1","IRF3"
1.78642347454321e-63,0.904153326222725,0.247,0.17,4.36816267995306e-59,"1","C19orf66"
5.45483046345473e-63,0.284189558569173,0.818,0.815,1.33381514492395e-58,"1","ARPC2"
1.89400763098311e-62,0.689504619904529,0.446,0.386,4.6312274592799e-58,"1","CCT4"
9.94657036164104e-62,0.515441760431104,0.459,0.379,2.43213538482847e-57,"1","STAT1"
1.46189962845279e-61,0.999938233748046,0.21,0.138,3.57463697149277e-57,"1","SNRPA"
1.47142191066277e-60,0.630717811309061,0.305,0.221,3.59792085595261e-56,"1","EOMES"
1.71601826783791e-60,0.824995765067242,0.279,0.204,4.19600786851727e-56,"1","MRPL52"
8.31938845812249e-60,0.942497164487754,0.203,0.131,2.03425686578011e-55,"1","RNASEH2B"
4.39408249257719e-59,0.873934481125595,0.257,0.183,1.07444105108498e-54,"1","BIN1"
7.08621990509464e-59,0.451985130907409,0.579,0.542,1.73272249119374e-54,"1","NDUFA1"
5.49579502938582e-58,0.644111886877421,0.363,0.292,1.34383180058542e-53,"1","MDH2"
5.83373280403805e-58,0.597148966193308,0.413,0.345,1.42646434524338e-53,"1","CCDC85B"
1.55667055481841e-57,0.528489898057466,0.496,0.442,3.80637084064198e-53,"1","SKAP1"
1.18599641589192e-56,0.636669427185885,0.394,0.333,2.89999843613893e-52,"1","PSMA5"
1.35909884535218e-56,0.384145743766863,0.666,0.622,3.32326849665514e-52,"1","FXYD5"
2.65718868229215e-56,0.641161982371576,0.37,0.301,6.49735776594076e-52,"1","NDUFS7"
3.72988353262325e-56,0.725483911590853,0.295,0.219,9.12031121397038e-52,"1","SP110"
3.92545335827148e-56,0.753614921533994,0.309,0.238,9.59851855164542e-52,"1","TALDO1"
6.53070512386843e-56,0.727278594128145,0.322,0.25,1.59688801688831e-51,"1","NDUFS8"
2.57045874622388e-55,0.649489545288449,0.34,0.267,6.28528572626662e-51,"1","PRDX2"
3.37649421904409e-55,0.368890296131254,0.693,0.676,8.25620366440661e-51,"1","CD37"
7.74760662944366e-55,0.699510953131908,0.31,0.237,1.89444477303156e-50,"1","CFLAR"
1.12722263969621e-54,0.533993884663451,0.451,0.401,2.75628479858516e-50,"1","PSMB3"
5.18968759583278e-54,0.756987975387061,0.297,0.226,1.26898241093303e-49,"1","C19orf70"
2.22098839671454e-53,0.778945589187285,0.272,0.201,5.4307608276464e-49,"1","DEF6"
3.47693721248305e-53,0.314553643902951,0.7,0.688,8.50180687196356e-49,"1","SUMO2"
5.96784373943989e-53,0.848512101478393,0.239,0.169,1.45925715116784e-48,"1","ATP5MC1"
3.18089442089439e-52,0.713439732581642,0.296,0.225,7.77792303797097e-48,"1","LUC7L3"
7.91714173538958e-52,0.564690244316643,0.418,0.362,1.93589949713746e-47,"1","CSNK2B"
1.37604226938134e-51,0.545397955098359,0.433,0.377,3.36469855709125e-47,"1","ARL6IP4"
1.53575652327475e-51,0.700543867133525,0.324,0.257,3.75523185071141e-47,"1","DDT"
3.03362022240702e-51,0.810856110635497,0.253,0.184,7.41780816782964e-47,"1","PIN1"
4.76488152339474e-51,0.850973384366508,0.224,0.157,1.16510883010048e-46,"1","DECR1"
6.41096364568083e-51,0.642874850740867,0.358,0.295,1.56760883064188e-46,"1","ATP6V1F"
4.98248735072631e-50,0.870912609006558,0.223,0.157,1.2183178069996e-45,"1","MYO1F"
5.80817759783442e-50,0.527176818804078,0.404,0.336,1.42021558622247e-45,"1","KIAA1551"
9.47996430981836e-50,0.810759697624006,0.271,0.204,2.31804087303679e-45,"1","POLR2J"
1.32576083752748e-49,0.843420944985382,0.213,0.147,3.24175039992218e-45,"1","CLPP"
6.6546725747694e-49,0.491368595790358,0.486,0.437,1.62720053798261e-44,"1","RABAC1"
1.16570537858856e-48,0.265907853106786,0.788,0.783,2.85038279172474e-44,"1","CD99"
1.4797504775859e-48,0.724745198996514,0.311,0.245,3.61828586779305e-44,"1","FKBP11"
1.9995427979678e-48,0.794001857415216,0.267,0.202,4.88928204959088e-44,"1","LAMTOR1"
2.29071428134151e-48,0.483595462912275,0.47,0.427,5.60125456073627e-44,"1","UBXN1"
4.76101777184501e-48,0.677044435487045,0.33,0.267,1.16416406557154e-43,"1","MAP2K2"
8.03366339701527e-48,0.82561644609228,0.247,0.182,1.96439137383817e-43,"1","MRPL43"
1.31797524641751e-47,0.843321578799441,0.209,0.145,3.2227130725401e-43,"1","METTL23"
5.99587711246076e-47,0.637824628732241,0.335,0.269,1.46611187153891e-42,"1","HLA-DMA"
9.38913051115025e-47,0.596999903024385,0.329,0.259,2.29583019258646e-42,"1","CD81"
1.15641866440484e-46,0.764590456605754,0.222,0.157,2.8276749182027e-42,"1","CYBC1"
3.96932183322564e-46,0.367079165691062,0.621,0.6,9.70578574660333e-42,"1","COX7A2"
4.21430293275108e-46,0.642348548068595,0.342,0.282,1.03048135311629e-41,"1","NDUFA2"
5.44745574300128e-46,0.534798484346996,0.459,0.414,1.33201187827867e-41,"1","ERP29"
6.84548281847559e-46,0.290420740245066,0.73,0.718,1.67385745877365e-41,"1","PPIB"
6.97004058668207e-46,0.754109217638023,0.259,0.194,1.7043143242555e-41,"1","FAAP20"
8.65231411501665e-46,0.54533866839501,0.41,0.356,2.11566384740387e-41,"1","GNB2"
2.50226025303517e-45,0.729351389918405,0.267,0.203,6.11852677072159e-41,"1","NAA10"
2.61871439578894e-45,0.293782616331245,0.789,0.746,6.40328044058312e-41,"1","TOMM7"
5.0662334564828e-45,0.739957911645184,0.25,0.186,1.23879540477917e-40,"1","RASSF1"
2.60973862668805e-44,0.661563290127525,0.302,0.241,6.38133288997761e-40,"1","BANF1"
1.13497143286467e-43,0.521158448661789,0.429,0.378,2.77523214764069e-39,"1","WAS"
1.25789086103114e-43,0.86059114553635,0.207,0.147,3.07579473339334e-39,"1","ARPC4"
1.92595016364664e-43,0.698457559941662,0.279,0.216,4.70933334014876e-39,"1","SSBP4"
2.61589284079609e-43,0.856698783922107,0.214,0.155,6.39638117431461e-39,"1","TNFSF12"
3.5966459614486e-43,0.782253541201512,0.234,0.171,8.79451870493412e-39,"1","IRF2"
1.86230865732195e-42,0.432214231096421,0.503,0.47,4.55371712888362e-38,"1","SPCS1"
2.37357207092317e-42,0.275680527656712,0.731,0.72,5.80385842782133e-38,"1","LAPTM5"
3.33606017945181e-42,0.739982988084197,0.253,0.192,8.15733435079556e-38,"1","TMBIM4"
3.86867800539479e-42,0.732709144413082,0.28,0.22,9.45969145879135e-38,"1","FERMT3"
4.12232884374568e-42,0.659608895660052,0.322,0.267,1.00799184887269e-37,"1","NDUFA12"
4.30799986626146e-42,0.78970682108843,0.212,0.152,1.05339212729825e-37,"1","MRPS24"
9.4579485277991e-42,0.586270867586077,0.337,0.277,2.31265757401744e-37,"1","RHOF"
9.72127062770697e-42,0.329650059502515,0.676,0.661,2.37704509388691e-37,"1","SON"
1.40827104469969e-41,0.761064386968936,0.244,0.185,3.44350435849968e-37,"1","NHP2"
2.07400765446222e-41,0.784243914717515,0.227,0.168,5.07136351669102e-37,"1","BCL7C"
6.49141535197286e-41,0.709358955653293,0.23,0.169,1.5872808818644e-36,"1","GRAP2"
1.31536426243507e-40,0.81693207002809,0.201,0.144,3.21632869450622e-36,"1","FBXW5"
2.57845041244069e-40,0.272755601999018,0.707,0.675,6.30482694849999e-36,"1","UQCRB"
2.76527119633178e-40,0.594123333525355,0.346,0.29,6.76164112927048e-36,"1","IKZF1"
6.446650650752e-40,0.77317304476518,0.224,0.165,1.57633501712188e-35,"1","GSDMD"
7.18174894995236e-40,0.73064187541189,0.23,0.17,1.75608125324235e-35,"1","IFI35"
8.72341633711259e-40,0.632739241201353,0.271,0.21,2.13304976275077e-35,"1","ARHGAP30"
4.63130382309836e-39,0.641389594902409,0.317,0.263,1.13244641082401e-34,"1","MINOS1"
1.77250826084672e-38,0.5408924100253,0.384,0.334,4.3341371994224e-34,"1","SHISA5"
3.52964805421495e-38,0.685059840109024,0.255,0.198,8.63069542216641e-34,"1","MEA1"
8.85460403455126e-38,0.427791591704576,0.52,0.491,2.16512777852847e-33,"1","IL2RG"
1.30139972975088e-37,0.561031613243186,0.366,0.319,3.18218261918684e-33,"1","ATP5F1C"
4.17913301606511e-37,0.474946881354031,0.439,0.405,1.02188160508824e-32,"1","SEM1"
6.97746366894202e-37,0.699295632379539,0.265,0.21,1.7061294163297e-32,"1","TMEM219"
7.42998019169154e-37,0.403537102654193,0.526,0.503,1.81677875647241e-32,"1","UQCRH"
8.85373470224754e-37,0.724556705298402,0.213,0.157,2.16491520939357e-32,"1","LSM6"
1.05297114300455e-36,0.732738031282794,0.218,0.162,2.57472503887473e-32,"1","PPP1R7"
4.21960447335061e-36,0.685797059486628,0.268,0.214,1.03177768582369e-31,"1","TMEM160"
4.39815427876653e-36,0.731678723134797,0.22,0.165,1.07543668424399e-31,"1","MRPS18C"
4.79884948507646e-36,0.451457519647411,0.46,0.428,1.1734146760909e-31,"1","COPE"
5.40487556006805e-36,0.751750134511843,0.206,0.151,1.32160017194784e-31,"1","CARHSP1"
9.54765086856291e-36,0.514436028226835,0.4,0.357,2.334591590381e-31,"1","TBCA"
1.4222533266915e-35,0.602220554889347,0.345,0.299,3.47769383442606e-31,"1","RAB1B"
2.85422217488652e-35,0.473201497838608,0.381,0.329,6.97914406203253e-31,"1","ABI3"
3.39423525783213e-35,0.527602088200495,0.374,0.324,8.29958405245113e-31,"1","ITGAL"
9.57266311182272e-35,0.403060272267985,0.505,0.481,2.34070758410289e-30,"1","PRR13"
1.27127470167295e-34,0.50957931476853,0.398,0.356,3.10852090053069e-30,"1","KRT10"
2.08550291319869e-34,0.525228349652307,0.393,0.357,5.09947172335343e-30,"1","ATP5PB"
7.97382361344171e-34,0.345221491956247,0.544,0.516,1.94975934995877e-29,"1","ARL6IP5"
1.70000495451264e-33,0.684355869520112,0.242,0.189,4.1568521147743e-29,"1","SNX17"
3.0926005032863e-33,0.38748870216078,0.5,0.471,7.56202675063566e-29,"1","NDUFB2"
6.50452551234057e-33,0.620051878447267,0.291,0.241,1.59048657827751e-28,"1","POLR2E"
1.0622578347139e-32,0.742718177210175,0.22,0.169,2.59743285744243e-28,"1","SRM"
1.14165168199258e-32,0.463142368690524,0.421,0.388,2.79156669280826e-28,"1","ARF5"
1.50023373797402e-32,0.406573807091201,0.468,0.434,3.66837153609408e-28,"1","C4orf3"
1.50226189699562e-32,0.619685927869811,0.221,0.167,3.67333079053369e-28,"1","GBP4"
1.92413468348723e-32,0.649328688885859,0.281,0.231,4.70489412806298e-28,"1","GRK6"
2.23738514145991e-32,0.742190539190006,0.2,0.149,5.47085414789778e-28,"1","CHMP4A"
5.02410283945782e-32,0.540506926063682,0.344,0.299,1.22849362630423e-27,"1","ECH1"
7.51992095105168e-32,0.801642437252882,0.213,0.164,1.83877107095116e-27,"1","OTUD6B-AS1"
8.63201129703309e-32,0.657950738780536,0.258,0.207,2.11069940235053e-27,"1","ARRB2"
2.04345661215974e-31,0.607635628283982,0.242,0.189,4.996660108053e-27,"1","PCED1B"
5.28717479316655e-31,0.733173767115436,0.238,0.19,1.29281998042509e-26,"1","NME3"
9.9909994391927e-31,0.467507537212619,0.406,0.37,2.4429991828714e-26,"1","ATP5MPL"
1.87197082175847e-30,0.531144469298371,0.355,0.314,4.57734305336382e-26,"1","TBCB"
1.92430270762288e-30,0.32491079477838,0.635,0.626,4.70530498067948e-26,"1","COTL1"
5.0172877203093e-30,0.538480387986383,0.334,0.289,1.22682719337003e-25,"1","RASAL3"
5.22125690344151e-30,0.537128447089844,0.331,0.29,1.27670173802952e-25,"1","ANAPC11"
7.59503891657645e-30,0.674276060090354,0.216,0.166,1.85713891588127e-25,"1","CCDC88C"
7.73307035432428e-30,0.486678475641733,0.386,0.347,1.89089036303937e-25,"1","N4BP2L2"
5.0228622928714e-29,0.581790150417299,0.312,0.267,1.22819028785291e-24,"1","TSTD1"
9.91110832189116e-29,0.549711660635894,0.264,0.212,2.42346420686883e-24,"1","THEMIS"
1.13710417053421e-28,0.408040053895892,0.422,0.388,2.78044711779026e-24,"1","GNAI2"
1.30414469973587e-28,0.619912044697901,0.234,0.184,3.18889461979416e-24,"1","SP140"
1.42006484978416e-28,0.403021228311179,0.488,0.468,3.47234257069222e-24,"1","SEPT6"
2.39612090222534e-28,0.33581075451012,0.425,0.378,5.85899483012141e-24,"1","ISG15"
3.44378962025504e-28,0.518703602446563,0.362,0.325,8.42075437944763e-24,"1","REX1BD"
4.17035363680358e-28,0.445389075436575,0.42,0.39,1.01973487127121e-23,"1","FKBP8"
6.73487031863874e-28,0.517129213962923,0.341,0.298,1.64681049031354e-23,"1","BIN2"
1.16667752090196e-27,0.607523379060192,0.285,0.241,2.85275987410948e-23,"1","METTL26"
4.22866517090158e-27,0.517132857476108,0.326,0.285,1.03399320758885e-22,"1","NDUFS6"
3.12877963693689e-26,0.570994891936941,0.283,0.24,7.65049196823808e-22,"1","OCIAD2"
7.19284516909715e-26,0.716767918764035,0.206,0.162,1.75879450074763e-21,"1","VPS36"
7.71512741162539e-26,0.587192786378142,0.275,0.233,1.88650295469064e-21,"1","COX14"
1.15343810572299e-25,0.597551530750804,0.277,0.236,2.82038685611385e-21,"1","DCTN3"
1.28491068284426e-25,0.662552530701186,0.221,0.177,3.14186360169077e-21,"1","ATRAID"
1.59968817687956e-25,0.512494028154628,0.318,0.278,3.91155753010591e-21,"1","MRPL54"
1.90589217209935e-25,0.380534561514779,0.454,0.433,4.66028753921732e-21,"1","EIF3H"
5.9639814779714e-25,0.595983406302941,0.269,0.228,1.45831275099357e-20,"1","SF3A2"
1.13887675233464e-24,0.548686984564143,0.298,0.258,2.78478143480866e-20,"1","SEC11A"
1.49572626772804e-24,0.611093954838693,0.232,0.188,3.65734986984859e-20,"1","POLR3GL"
2.63966123615219e-24,0.470089646350321,0.368,0.341,6.45449965463933e-20,"1","RTRAF"
4.32071040960418e-24,0.654380099552021,0.206,0.162,1.05650010935641e-19,"1","PREX1"
5.18602263271933e-24,0.264256871158497,0.524,0.507,1.26808625415253e-19,"1","DBI"
6.46947049942236e-24,0.636744845697831,0.201,0.158,1.58191492651875e-19,"1","IGBP1"
1.07882267630765e-23,0.584416562767873,0.271,0.231,2.63793720810747e-19,"1","TMEM14B"
1.57013007455106e-23,0.548567638409102,0.31,0.273,3.83928205829226e-19,"1","POLR1D"
2.32041873388427e-23,0.422369042630055,0.41,0.385,5.67388788809382e-19,"1","ZAP70"
5.19043896485127e-23,0.421914240343795,0.412,0.392,1.26916613568543e-18,"1","PSMD8"
6.00035011416315e-23,0.60848720385055,0.214,0.172,1.46720560991517e-18,"1","ACAA2"
1.83079339476626e-22,0.653906995279223,0.216,0.176,4.47665600888245e-18,"1","NAXE"
3.03792161629984e-22,0.433232302158021,0.512,0.505,7.42832593617636e-18,"1","HMGN2"
4.22075352571102e-22,0.2990260145258,0.204,0.155,1.03205865210686e-17,"1","CD38"
4.25403792379597e-22,0.508079308995198,0.307,0.272,1.04019735312659e-17,"1","SRI"
5.98149629947098e-22,0.603367687727311,0.228,0.187,1.46259547514664e-17,"1","NDUFC2"
8.0416024148332e-22,0.283023509597093,0.553,0.55,1.96633262247501e-17,"1","SEC61B"
1.07979025056275e-21,0.576659475555986,0.313,0.275,2.64030312067604e-17,"1","LTB"
4.53066702683295e-21,0.512414412347916,0.291,0.254,1.10783870140119e-16,"1","PSTPIP1"
4.94672307282642e-21,0.432075729344997,0.279,0.237,1.20957272576752e-16,"1","GBP2"
2.64563841665958e-20,0.488111669094021,0.345,0.316,6.46911505641601e-16,"1","AAK1"
3.64463155257891e-20,0.449842326122732,0.349,0.322,8.91185307236594e-16,"1","EIF3M"
5.27798993005906e-20,0.607600433022129,0.21,0.173,1.29057409769804e-15,"1","TMC8"
8.90078090895143e-20,0.62475408881043,0.26,0.227,2.1764189478568e-15,"1","RHOC"
2.00405830574043e-19,0.538742864404982,0.26,0.223,4.90032336919651e-15,"1","ZBTB38"
2.44762661280673e-19,0.265822086097125,0.409,0.375,5.98493659363502e-15,"1","NEAT1"
3.48406102309174e-19,0.5803112924028,0.204,0.167,8.51922601366393e-15,"1","ASNA1"
4.20553356295118e-19,0.359777192117446,0.442,0.429,1.02833706681282e-14,"1","SRSF9"
4.63719226426431e-19,0.485171268608535,0.299,0.268,1.13388625245791e-14,"1","MDH1"
5.81663726145061e-19,0.562322364882069,0.223,0.187,1.4222841431699e-14,"1","PSMD4"
6.28779570242537e-19,0.553139226905962,0.233,0.197,1.53749180515705e-14,"1","PHPT1"
8.31149659179117e-19,0.34265219135779,0.448,0.429,2.03232714662478e-14,"1","ZFAS1"
1.04878563292492e-18,0.483154384190869,0.256,0.219,2.56449062962802e-14,"1","PARP1"
1.35340435445167e-18,0.523938232407613,0.25,0.214,3.30934432750523e-14,"1","REST"
1.40342608346007e-18,0.600856498978186,0.217,0.182,3.43165745927656e-14,"1","NDUFAF8"
1.51928260055254e-18,0.420687691641012,0.325,0.292,3.71494981487106e-14,"1","DOK2"
4.27126659252314e-18,0.526317634833707,0.295,0.266,1.04441010720376e-13,"1","GTF3A"
4.92980598077424e-18,0.30772401407027,0.448,0.431,1.20543615841892e-13,"1","APBB1IP"
2.076177116065e-17,0.268241760668876,0.539,0.543,5.07666828420214e-13,"1","CAP1"
3.75749817648833e-17,0.54004817293464,0.243,0.21,9.18783454114925e-13,"1","C4orf48"
5.92501626531711e-17,0.290946139184365,0.5,0.497,1.44878497719534e-12,"1","ICAM3"
8.52967354300135e-17,0.537588440519209,0.222,0.187,2.08567577473469e-12,"1","TNFAIP8"
1.0369354567988e-16,0.597303891674883,0.2,0.166,2.53551457896441e-12,"1","KDELR1"
1.08993330471627e-16,0.590699288820374,0.225,0.194,2.66510491669222e-12,"1","PHB"
1.56845694003023e-16,0.403191682928252,0.345,0.321,3.83519090976192e-12,"1","UFC1"
3.6450507654481e-16,0.572840524499102,0.206,0.173,8.9128781316737e-12,"1","DBNL"
6.36215983128251e-16,0.493914828239381,0.234,0.201,1.5556753219452e-11,"1","CHMP2A"
6.63807374510242e-16,0.582385862704287,0.219,0.186,1.62314179215244e-11,"1","PRKCB"
6.97493873584692e-16,0.286775738418797,0.468,0.459,1.70551201968929e-11,"1","CIB1"
8.60163272157945e-16,0.533770110224144,0.247,0.217,2.10327123308061e-11,"1","COPS6"
9.62761187915495e-16,0.515672547499986,0.251,0.221,2.35414365669097e-11,"1","ACP1"
1.07373983394056e-15,0.403000865858395,0.341,0.315,2.62550864195147e-11,"1","SMDT1"
1.60313467597521e-15,0.495288419421962,0.259,0.229,3.91998490969458e-11,"1","SMIM26"
4.36825723199177e-15,0.527356756890831,0.226,0.195,1.06812625836663e-10,"1","ZRANB2"
6.01622352184279e-15,0.547820726000531,0.216,0.185,1.471086975561e-10,"1","NENF"
7.47841781325073e-15,0.469196648013809,0.281,0.254,1.82862272369607e-10,"1","KRAS"
1.10435550839777e-14,0.514777770184434,0.225,0.196,2.70037008913424e-10,"1","ZNF428"
1.13752021619513e-14,0.53511626222927,0.227,0.197,2.78146443264034e-10,"1","PSMA4"
1.71399001049379e-14,0.358218275145135,0.419,0.408,4.19104837365942e-10,"1","SEPT9"
2.90887996138648e-14,0.536908638288382,0.211,0.181,7.11279328158223e-10,"1","PTPN4"
3.88625659886827e-14,0.344113634856813,0.399,0.39,9.50267463555268e-10,"1","UQCRQ"
4.06523246966983e-14,0.538447777339882,0.235,0.207,9.94030643483668e-10,"1","CBX3"
7.01567660127361e-14,0.434341076702274,0.257,0.229,1.71547324254342e-09,"1","ANP32A"
7.74858379140584e-14,0.521140505443496,0.205,0.174,1.89468370867456e-09,"1","DNMT1"
1.17816122988657e-13,0.466762777260469,0.241,0.213,2.88083983931863e-09,"1","DGUOK"
1.42406381561533e-13,0.440751212272395,0.301,0.278,3.4821208419426e-09,"1","NDUFAF3"
2.34239682308358e-13,0.351461970571248,0.407,0.403,5.72762871180397e-09,"1","NDUFA13"
3.986800686434e-13,0.423154131166583,0.309,0.289,9.74852503846842e-09,"1","LSM8"
4.31489714456915e-13,0.354149748308065,0.374,0.36,1.05507864979005e-08,"1","FCMR"
4.42795915739725e-13,0.425446819839751,0.318,0.3,1.08272457316678e-08,"1","DPP7"
4.43238322809548e-13,0.490587051225053,0.239,0.214,1.08380634693391e-08,"1","SNRPC"
4.61336765332086e-13,0.486274147875956,0.242,0.216,1.12806065859002e-08,"1","CHCHD10"
6.35159093599073e-13,0.455325755164583,0.284,0.26,1.55309101566845e-08,"1","HMGN3"
6.62956400737709e-13,0.451684460673103,0.256,0.229,1.62106099108385e-08,"1","TGOLN2"
1.00662307434733e-12,0.554243310234575,0.202,0.174,2.4613947413941e-08,"1","CTDSP1"
1.06088593648628e-12,0.263460717667198,0.5,0.51,2.59407829189625e-08,"1","ENO1"
1.073093152756e-12,0.483243096880545,0.237,0.211,2.62392737711897e-08,"1","VPS29"
1.11587195878101e-12,0.379086524931222,0.342,0.327,2.72853011361132e-08,"1","SIGIRR"
1.80742424848363e-12,0.382481769935359,0.333,0.317,4.41951377239217e-08,"1","OTUB1"
2.20555528587982e-12,0.292604744746919,0.421,0.412,5.39302378503334e-08,"1","CDK2AP2"
2.21464598293783e-12,0.367946102038186,0.34,0.327,5.41525235747957e-08,"1","PSMA6"
2.91150897088374e-12,0.332294544938682,0.317,0.292,7.11922173560491e-08,"1","CHST12"
5.26845074508089e-12,0.474357532970404,0.22,0.193,1.28824157618718e-07,"1","ARHGAP45"
5.8799886937151e-12,0.508385578344903,0.215,0.189,1.43777483538722e-07,"1","UFD1"
6.7878289926305e-12,0.399019358775545,0.273,0.25,1.65975994527801e-07,"1","PDCD6"
7.01144771372899e-12,0.373087853243556,0.333,0.317,1.71443919496101e-07,"1","SSBP1"
1.23202036108552e-11,0.417194715123195,0.299,0.28,3.01253618692631e-07,"1","MRPL57"
1.30991460244662e-11,0.279904999517783,0.478,0.481,3.20300318590247e-07,"1","TAPBP"
1.43960841881299e-11,0.475556534806297,0.235,0.211,3.52013050568152e-07,"1","MAP4K1"
2.58974031245081e-11,0.432646130619064,0.256,0.232,6.33243301200471e-07,"1","AC004687.1"
2.68450781931605e-11,0.449904816695427,0.24,0.215,6.5641585197916e-07,"1","PSMF1"
6.35329649606612e-11,0.478011890887678,0.216,0.192,1.55350805921809e-06,"1","STMP1"
6.51228957104596e-11,0.446592076483319,0.227,0.202,1.59238504591216e-06,"1","WASF2"
8.13371220902104e-11,0.473571436847424,0.351,0.342,1.98885530934982e-06,"1","SNHG8"
1.18298185947182e-10,0.45778795136357,0.221,0.198,2.89262724278049e-06,"1","SDF2L1"
1.96682031910047e-10,0.402486813503659,0.269,0.249,4.80926904426446e-06,"1","TMEM179B"
2.45361608473394e-10,0.439347637752373,0.227,0.204,5.99958205039143e-06,"1","MYO1G"
2.46474020906754e-10,0.308564353060194,0.397,0.39,6.02678275921194e-06,"1","CELF2"
3.67349215151784e-10,0.262742159119963,0.381,0.368,8.98242300889142e-06,"1","TLN1"
3.86250320895922e-10,0.251897912439863,0.365,0.349,9.4445928465471e-06,"1","BAX"
4.46296530181234e-10,0.406426443587547,0.297,0.284,1.09128427559915e-05,"1","PSMB2"
4.7155705258572e-10,0.402681591081408,0.301,0.287,1.1530513049826e-05,"1","STUB1"
7.27943619564755e-10,0.54535158140531,0.202,0.179,1.77996773855974e-05,"1","RBKS"
8.30052638966477e-10,0.287270171792056,0.44,0.446,2.02964471280083e-05,"1","CALM3"
1.007595442009e-09,0.469631385792084,0.222,0.201,2.46377237480042e-05,"1","LY9"
1.10471510017615e-09,0.320265313860858,0.391,0.386,2.70124936295073e-05,"1","ATP5ME"
1.24392182568083e-09,0.468137019069991,0.246,0.229,3.04163764815476e-05,"1","SYTL1"
1.45112661727194e-09,0.419171771572175,0.275,0.26,3.54829480455335e-05,"1","RAB11B"
2.14294911029828e-09,0.431533455974796,0.232,0.211,5.23993916450135e-05,"1","ATM"
2.22327424924618e-09,0.442384404880541,0.245,0.226,5.43635019425675e-05,"1","VAMP2"
3.20571007690048e-09,0.325823330074405,0.367,0.361,7.83860228003706e-05,"1","CD63"
3.36040400071094e-09,0.30953224581407,0.662,0.742,8.2168598625384e-05,"1","DNAJB1"
3.373452827165e-09,0.316326568368582,0.326,0.311,8.24876685298385e-05,"1","ANKRD44"
4.46708320750976e-09,0.455698169675003,0.221,0.202,0.000109229118590029,"1","COX16"
5.75612034077871e-09,0.426149242861176,0.234,0.214,0.000140748654572721,"1","NUCB1"
9.06008732690689e-09,0.496954631625042,0.204,0.185,0.000221537255317527,"1","ABHD14B"
9.85017710821227e-09,0.271859228751731,0.43,0.437,0.000240856530650007,"1","WDR1"
9.96675176488474e-09,0.414229708087027,0.217,0.196,0.000243707014154962,"1","PDCD5"
1.06620167234328e-08,0.373439299063809,0.281,0.266,0.000260707632921378,"1","CNPY3"
1.46040305849662e-08,0.280173647047511,0.295,0.275,0.000357097755863593,"1","IFI16"
3.50624796551011e-08,0.433743926069896,0.215,0.195,0.000857347752526532,"1","CDC42EP3"
5.21724511428083e-08,0.305817179696351,0.364,0.356,0.00127572077534395,"1","LAG3"
1.31128441200463e-07,0.416712226260131,0.205,0.186,0.00320635264423372,"1","SHKBP1"
1.91614259003157e-07,0.321340370713049,0.328,0.323,0.0046853518611452,"1","MATK"
2.0310951128768e-07,0.380702450439089,0.267,0.254,0.00496643377000636,"1","RER1"
2.08733396474035e-07,0.280845470171373,0.352,0.349,0.0051039490105831,"1","PRDX5"
2.50131779706177e-07,0.406747986471655,0.218,0.202,0.00611622227737543,"1","UQCRC1"
2.9676828815614e-07,0.381416397866824,0.242,0.228,0.00725657818199395,"1","NOSIP"
3.62531671882112e-07,0.395278067381593,0.225,0.208,0.0088646244408614,"1","DGKZ"
7.03462890653752e-07,0.285321077659332,0.4,0.401,0.0172010746022655,"1","FLNA"
9.3119245021341e-07,0.386902742575153,0.245,0.232,0.0227695177926183,"1","PUF60"
1.3186844007053e-06,0.403938856827915,0.202,0.186,0.0322444709660459,"1","PDAP1"
2.12622807086781e-06,0.389071408186297,0.234,0.222,0.0519905287888596,"1","LSM3"
2.20766404468388e-06,0.392774290845503,0.37,0.361,0.0539818012206102,"1","CMC1"
3.9356470467104e-06,0.425684440030394,0.229,0.217,0.0962344415861628,"1","RNASEH2C"
4.19231476272087e-06,0.349357892519396,0.263,0.254,0.102510480578051,"1","HAX1"
4.37469063465777e-06,0.330282984063533,0.28,0.273,0.106969935398652,"1","PSMC5"
5.21276220344958e-06,0.434582758565854,0.212,0.2,0.127462461398749,"1","FCRL6"
7.60796581364077e-06,0.343445108294817,0.254,0.243,0.186029980075144,"1","RSF1"
1.02380210682873e-05,0.350676372629864,0.234,0.222,0.250340091161761,"1","VASP"
1.67561402608703e-05,0.316467442316037,0.256,0.246,0.4097211416588,"1","ITGB7"
1.68897962457537e-05,0.258602181968732,0.55,0.586,0.41298929780117,"1","IER2"
1.90887518821538e-05,0.287288398152348,0.275,0.266,0.466758161022426,"1","NAP1L4"
3.55890953293905e-05,0.432867018277177,0.223,0.215,0.870224558994256,"1","MFSD10"
5.15343616847997e-05,0.389190717171463,0.25,0.244,1,"1","INPP4B"
5.56812130286093e-05,0.332801440678905,0.253,0.245,1,"1","RBBP4"
5.95338509294599e-05,0.257478463330928,0.349,0.356,1,"1","NDUFA6"
6.12138394343443e-05,0.370133216937864,0.27,0.266,1,"1","NDUFB1"
7.11530968221183e-05,0.317937415078861,0.298,0.297,1,"1","EIF3D"
7.95137202915039e-05,0.408125297574523,0.22,0.211,1,"1","ORMDL1"
8.47759186930628e-05,0.346575915922868,0.246,0.24,1,"1","GTF2A2"
0.000104543344620439,0.391748831983699,0.208,0.199,1,"1","TPST2"
0.000104844694126774,0.32391987813565,0.258,0.251,1,"1","KPNB1"
0.000106708069568572,0.256376589631883,0.328,0.33,1,"1","TXNL4A"
0.000145593110785029,0.397352559475034,0.211,0.202,1,"1","PARVG"
0.000205456971401453,0.261343906660219,0.349,0.358,1,"1","SNRPD3"
0.000333882750032048,0.304155332482636,0.22,0.21,1,"1","SYNE1"
0.000390702656326021,0.370586404004259,0.254,0.252,1,"1","DUT"
0.00040455107854608,0.330772265963712,0.202,0.192,1,"1","TTC14"
0.00057530406959184,0.27863902854828,0.267,0.263,1,"1","NUCKS1"
0.000617269917506537,0.337680575612231,0.27,0.272,1,"1","MGST3"
0.000659803738749921,0.326926508168112,0.223,0.217,1,"1","PSMG2"
0.000892327976244314,0.320752532909411,0.205,0.197,1,"1","SNRNP70"
0.0012479818755918,0.256677762078634,0.28,0.279,1,"1","PSMA1"
0.00186729628094592,0.311186739882965,0.205,0.198,1,"1","DNAJC15"
0.00230885375237162,0.3089928144767,0.214,0.209,1,"1","C19orf24"
0.00248537296405975,0.470446678340564,0.21,0.207,1,"1","CD160"
0.00302842542424084,0.318368406266299,0.205,0.198,1,"1","PTMS"
0.00370434960435899,0.291029691114365,0.259,0.26,1,"1","SCAMP2"
0.0044277111659815,0.262608826826257,0.287,0.294,1,"1","ATP6V0B"
0.0044978223172911,0.271430970789197,0.212,0.206,1,"1","EVI2B"
0.00533413827568018,0.356445897097342,0.209,0.206,1,"1","DDX39A"
0.00580251395926502,0.273620167751595,0.217,0.212,1,"1","NKTR"
0.00624435636802287,0.291890222216748,0.245,0.245,1,"1","HM13"
0.00849373275953017,0.274386749620332,0.262,0.265,1,"1","GADD45GIP1"
0,2.92127161398411,0.714,0.259,0,"3","FOSB"
0,3.06798204944997,0.662,0.228,0,"3","HSPA1B"
0,2.25594905288121,0.696,0.297,0,"3","PPP1R15A"
0,2.54676281739769,0.836,0.463,0,"3","FOS"
0,2.61641146140569,0.614,0.284,0,"3","HSPA1A"
0,2.72333035391085,0.453,0.16,0,"3","NR4A1"
0,2.51335453458456,0.744,0.452,0,"3","JUN"
0,1.91302542461955,0.795,0.508,0,"3","KLF6"
0,2.14956581821072,0.482,0.196,0,"3","NEU1"
0,3.5124192845184,0.341,0.073,0,"3","EGR1"
0,1.49686903478105,0.675,0.409,0,"3","TAGAP"
0,1.98562780816471,0.878,0.636,0,"3","DUSP1"
0,3.61097607187073,0.262,0.062,0,"3","TNF"
0,1.4748488075571,0.816,0.647,0,"3","CD69"
0,1.58058180756123,0.819,0.659,0,"3","DNAJA1"
0,2.05481361995243,0.861,0.718,0,"3","DNAJB1"
3.06320700421573e-322,2.19072942399378,0.831,0.747,7.4901537667083e-318,"3","CCL4"
3.45845952088873e-322,2.18319288889699,0.472,0.221,8.45662522047711e-318,"3","IFNG"
1.88436637323851e-320,3.037289544285,0.259,0.074,4.60765265584282e-316,"3","ATF3"
1.38334367105073e-304,1.75359343474772,0.542,0.295,3.38255194445323e-300,"3","CITED2"
7.94487951967532e-302,1.26215676748881,0.883,0.818,1.94268194015101e-297,"3","HSP90AB1"
1.32037711540593e-298,1.34842483418049,0.925,0.901,3.22858612259059e-294,"3","HSP90AA1"
2.01894851720362e-284,3.10020470301059,0.487,0.262,4.9367329142663e-280,"3","CCL4L2"
1.58296473282105e-269,1.91956714057186,0.334,0.13,3.87066536469402e-265,"3","RASGEF1B"
2.87900856311785e-261,2.20470245511562,0.232,0.069,7.03975173853578e-257,"3","AC020916.1"
1.10758740067967e-245,0.625513204764871,1,0.999,2.70827271214192e-241,"3","MALAT1"
3.39197653826878e-245,1.15758943147904,0.671,0.472,8.29406103137482e-241,"3","RSRP1"
4.14804412927276e-242,1.31625417566728,0.469,0.229,1.01427975048978e-237,"3","TXNIP"
3.33737580613392e-224,1.63220612254656,0.53,0.306,8.16055132115866e-220,"3","KLF2"
2.69882530593793e-223,1.2346627994662,0.724,0.561,6.59916763807943e-219,"3","ZFP36L1"
1.24418888685743e-216,1.22638042935898,0.709,0.557,3.04229066614378e-212,"3","TSC22D3"
2.51268489526733e-205,0.890410467591843,0.953,0.953,6.14401710590768e-201,"3","HSPA8"
3.02588653194534e-182,1.02224720151899,0.612,0.43,7.39889774791275e-178,"3","EIF4A2"
2.63119131889908e-179,1.51550624645188,0.606,0.449,6.43378901297202e-175,"3","UBE2S"
3.27704916997455e-179,1.56917747067114,0.637,0.501,8.01304063042178e-175,"3","TUBB4B"
1.23288894789839e-177,1.55190867788686,0.61,0.447,3.01466005540116e-173,"3","GADD45B"
4.19520851379475e-170,0.794828124062133,0.868,0.797,1.02581238579309e-165,"3","NR4A2"
2.23126842164641e-169,1.04919976496623,0.708,0.569,5.45589754460981e-165,"3","IER2"
1.15252618783718e-163,1.50935677124796,0.588,0.436,2.81815703449948e-159,"3","HSPH1"
8.98394527553201e-158,0.814295837911365,0.894,0.89,2.19675429877309e-153,"3","UBB"
1.69755352151613e-153,1.3462711144988,0.48,0.309,4.15085787081124e-149,"3","SERTAD1"
4.31875821828699e-147,1.34970927981567,0.532,0.362,1.05602275953554e-142,"3","NFKBIA"
4.07984753614609e-139,0.512524835403117,0.91,0.862,9.97604319538441e-135,"3","DDX5"
4.98281842294062e-135,0.955703462138717,0.473,0.297,1.21839876077744e-130,"3","LCP2"
5.11627628698823e-131,1.57580131353069,0.27,0.131,1.25103187769436e-126,"3","ZFAND2A"
4.30868695017457e-128,1.40418830992839,0.379,0.225,1.05356013305668e-123,"3","SNHG12"
3.28797353777938e-117,1.49371533514032,0.2,0.085,8.03975289457813e-113,"3","KCNA3"
1.17365001367349e-106,2.58254606311208,0.239,0.122,2.86980901343442e-102,"3","CCL3"
1.49791919351533e-106,1.45009349366077,0.268,0.14,3.66271201198369e-102,"3","IER5"
8.03265007463402e-98,1.47104698700614,0.287,0.163,1.96414359624951e-93,"3","TNFSF9"
1.95547225096505e-96,1.00033403389276,0.506,0.368,4.78152074805974e-92,"3","NEAT1"
1.42441864611355e-90,0.846377212780003,0.646,0.548,3.48298847347684e-86,"3","BTG2"
1.55442248753508e-85,0.654434164431051,0.721,0.639,3.80087386652077e-81,"3","FUS"
9.17496561800594e-85,1.22604036749791,0.367,0.247,2.24346259291481e-80,"3","H2AFX"
4.37366971289124e-84,0.990666607890935,0.349,0.221,1.06944971819617e-79,"3","MYLIP"
1.7217227320593e-83,0.977486595838333,0.536,0.425,4.2099564244314e-79,"3","TUBA1A"
3.43691011278793e-83,1.1486406062101,0.216,0.109,8.40393260778905e-79,"3","PTGDR"
5.6458294458817e-80,0.637414849874029,0.818,0.764,1.38051821610699e-75,"3","JUNB"
3.16500200389251e-79,0.756485746864294,0.525,0.402,7.73906289991797e-75,"3","CCNL1"
1.24777195604933e-77,1.19480070537902,0.268,0.156,3.05105198693182e-73,"3","MRPL18"
2.44660450191617e-77,0.901631966439943,0.393,0.27,5.98243732808542e-73,"3","CSRNP1"
4.49686649591736e-74,0.718768188757034,0.583,0.481,1.09957379558171e-69,"3","TUBA1B"
5.49249152216523e-74,0.884676599074998,0.446,0.328,1.34302402699984e-69,"3","SLC38A2"
7.52910995727025e-74,1.02812673004939,0.452,0.34,1.84101796675172e-69,"3","ODC1"
3.7193611229607e-72,0.400325490986888,0.859,0.805,9.09458181786349e-68,"3","PNRC1"
4.72293807833319e-71,0.675672038019246,0.691,0.625,1.15485281891403e-66,"3","BRD2"
7.47216567307015e-68,0.7469672753315,0.436,0.318,1.82709395037911e-63,"3","CLK1"
4.96072733325874e-65,0.577513342761725,0.575,0.446,1.21299704752843e-60,"3","MYADM"
6.46991263139287e-65,0.938513142832556,0.296,0.188,1.58202303662819e-60,"3","ATF4"
2.08204510853485e-62,0.691824723516828,0.474,0.368,5.09101669938943e-58,"3","ARGLU1"
3.39455610575413e-61,1.15421114806791,0.235,0.138,8.30036858978999e-57,"3","RHOB"
4.69665312719428e-61,1.00762498627143,0.449,0.352,1.14842562266154e-56,"3","SOCS1"
9.92217198782259e-61,0.7828310102109,0.54,0.453,2.42616949446238e-56,"3","DDX3X"
4.69568757253703e-60,0.406265213604942,0.867,0.842,1.14818952523675e-55,"3","MT-ND2"
2.68995324114012e-58,1.1242765904036,0.243,0.15,6.57747366523581e-54,"3","FAM53C"
1.23089996465898e-57,0.746884351449224,0.466,0.364,3.00979659358413e-53,"3","ZC3HAV1"
4.35677423540621e-56,1.05558636627577,0.295,0.198,1.06531843604153e-51,"3","PNP"
5.18535810782147e-55,0.757322514393652,0.438,0.337,1.26792376452451e-50,"3","KIAA1551"
5.76999775218836e-55,0.684697110763056,0.639,0.582,1.4108798503651e-50,"3","DYNLL1"
1.40318940417112e-50,1.00612520133283,0.207,0.123,3.43107873107923e-46,"3","ARHGEF3"
1.12681374291711e-49,0.956260602351798,0.324,0.232,2.75528496418093e-45,"3","ANKRD37"
2.56096102230325e-49,1.01822624018605,0.259,0.169,6.2620618917359e-45,"3","TOB1"
5.024813581174e-48,0.488175302846872,0.604,0.527,1.22866741686867e-43,"3","STK17A"
4.23021409744374e-47,1.03882304400799,0.338,0.249,1.03437195110694e-42,"3","MARCKSL1"
1.10207585168877e-46,0.637124191257239,0.508,0.425,2.69479587254938e-42,"3","ZFAS1"
2.37042237066951e-46,0.811143953884425,0.251,0.162,5.79615678076109e-42,"3","PIM2"
1.19231251608256e-45,0.366359593003245,0.968,0.975,2.91544256432507e-41,"3","H3F3B"
1.2553078466918e-45,0.419229610338294,0.654,0.571,3.0694787467308e-41,"3","EVL"
1.66596650831225e-43,0.859407515346036,0.331,0.244,4.07362130612512e-39,"3","CHORDC1"
4.6839517763186e-42,0.870742079406159,0.223,0.143,1.14531988834542e-37,"3","PPP3CC"
6.61482493808081e-42,1.17270253131257,0.402,0.316,1.61745699385952e-37,"3","XCL1"
4.01723949655893e-39,0.73188768132551,0.361,0.277,9.82295401698591e-35,"3","KLRG1"
1.08282074094135e-38,0.762143775534747,0.409,0.331,2.64771327574978e-34,"3","CACYBP"
1.53402729671218e-38,0.927541315775033,0.217,0.143,3.75100354592062e-34,"3","TUBA1C"
1.46602491478333e-37,0.633097936926168,0.323,0.236,3.5847241216282e-33,"3","DENND2D"
1.80017378116754e-37,0.92253392208643,0.206,0.134,4.40178492971086e-33,"3","TLE4"
2.70711567123457e-37,0.433333380655358,0.556,0.482,6.61943923930278e-33,"3","CD48"
3.74351125738388e-37,0.799955891800352,0.258,0.179,9.15363372655506e-33,"3","SNHG7"
1.93348471761311e-36,0.632101331903658,0.417,0.336,4.72775683150758e-32,"3","SNHG8"
2.12067605469764e-36,0.257609123214904,0.929,0.924,5.18547708894668e-32,"3","MT-ATP8"
3.1709176244089e-36,0.35523412778453,0.828,0.805,7.75352777520464e-32,"3","HNRNPA2B1"
1.44346944658371e-35,0.89355057128417,0.29,0.212,3.52957149078649e-31,"3","NFKBIZ"
3.97786638749053e-34,0.686365105644815,0.322,0.243,9.72667889069184e-30,"3","GPR174"
3.94599323791226e-33,0.661209757677638,0.353,0.278,9.64874266534305e-29,"3","RSRC2"
3.3312831375716e-32,0.887708003600402,0.248,0.177,8.14565352799008e-28,"3","RBKS"
9.0794461146055e-32,0.637703294382815,0.304,0.227,2.22010616394334e-27,"3","SAMD3"
1.07408805039464e-31,0.563599538575601,0.533,0.467,2.62636010082498e-27,"3","ID2"
5.7173389622865e-31,0.831245793391493,0.276,0.205,1.3980037230583e-26,"3","ICOS"
5.64025022736927e-30,0.6642673563816,0.355,0.286,1.37915398559633e-25,"3","TCP1"
1.04526305369202e-28,0.660765358223591,0.308,0.238,2.55587721888773e-24,"3","SCML4"
6.34966359099867e-28,0.618096977178039,0.322,0.254,1.55261974127099e-23,"3","RBMS1"
1.16851996243498e-27,0.744691616327518,0.446,0.403,2.85726501214602e-23,"3","EIF4A3"
1.31472111672182e-27,0.659302344521492,0.254,0.187,3.2147560746082e-23,"3","TNFAIP8"
2.46546727748537e-27,0.732242038270852,0.241,0.175,6.02856058690724e-23,"3","SLC20A1"
3.02372056395955e-27,0.724251740028816,0.359,0.293,7.39360152299389e-23,"3","HSPB1"
1.04261691168394e-26,0.690170015102952,0.28,0.214,2.54940687244956e-22,"3","THEMIS"
1.56600403318438e-26,0.641605296519297,0.259,0.192,3.82919306194244e-22,"3","CDC42EP3"
5.4863892129408e-26,0.66427752077905,0.232,0.168,1.34153189034828e-21,"3","CCDC88C"
5.38569377608788e-24,0.537815856251443,0.42,0.366,1.31690984212901e-19,"3","TRA2B"
1.08785786819219e-23,0.642077324581376,0.378,0.32,2.66003005930353e-19,"3","IFRD1"
1.4658761351687e-23,0.744340827905011,0.29,0.23,3.58436032571452e-19,"3","GLUD1"
4.34476354939935e-23,0.615703333142326,0.296,0.235,1.06238158309913e-18,"3","AHSA1"
2.58350246481772e-22,0.463569309846513,0.313,0.247,6.31718022697228e-18,"3","ARPC5L"
5.0721610562752e-22,0.574431014600772,0.236,0.176,1.24024482148041e-17,"3","C19orf66"
1.50025795474075e-21,0.689417130315496,0.303,0.248,3.66843075093208e-17,"3","CKS2"
3.68727698581225e-21,0.767913203480667,0.201,0.149,9.01612968570812e-17,"3","PLK3"
1.03195624995913e-20,1.14526226505409,0.386,0.334,2.52333942240007e-16,"3","XCL2"
3.31481316000277e-20,0.421414838241312,0.325,0.259,8.10538113883877e-16,"3","TRAF3IP3"
1.13677185602949e-19,0.545709836550207,0.286,0.23,2.77963454236331e-15,"3","HNRNPH1"
1.3483499555678e-19,0.436428065300805,0.457,0.408,3.29698531135438e-15,"3","HERPUD1"
2.12305660688429e-17,0.46789623430257,0.458,0.421,5.19129801515347e-13,"3","DDX17"
2.2059056952615e-17,0.629945043431856,0.225,0.174,5.39388060605341e-13,"3","ZC3H12A"
1.58524196944303e-16,0.586300619024825,0.214,0.166,3.8762336636821e-12,"3","NEDD9"
3.34236041598734e-16,0.279105835999736,0.597,0.552,8.17273968917223e-12,"3","SAT1"
8.49037170458686e-16,0.471774382835169,0.243,0.191,2.07606568920558e-11,"3","RASSF1"
1.27840914125212e-15,0.391745392971144,0.467,0.429,3.12596603218969e-11,"3","ACAP1"
5.18340576082244e-15,0.360481741940595,0.262,0.208,1.2674463766363e-10,"3","RCSD1"
8.16213804670412e-15,0.517344147490746,0.256,0.209,1.99580599518009e-10,"3","NKTR"
1.16478399874197e-14,0.420233055308914,0.542,0.493,2.84812983372387e-10,"3","RGCC"
2.66224078407235e-14,0.387973174578309,0.428,0.387,6.50971116521371e-10,"3","CELF2"
4.08245580113359e-14,0.299271266726271,0.503,0.468,9.98242092493185e-10,"3","PTP4A2"
5.01691469661076e-14,0.3167640169749,0.613,0.596,1.22673598161526e-09,"3","RBM39"
7.25490543612329e-14,0.429742692994209,0.264,0.216,1.77396947724087e-09,"3","PLEK"
7.59985400453995e-14,0.41562940159088,0.324,0.279,1.85831630119011e-09,"3","ZFAND5"
7.729443400882e-14,0.392270131913182,0.394,0.35,1.89000350038367e-09,"3","RBM25"
8.01258023744776e-14,0.457656370866355,0.272,0.225,1.95923611966073e-09,"3","ZBTB38"
8.55992896459439e-14,0.499200056186503,0.282,0.238,2.09307383042262e-09,"3","PNN"
8.82235088597875e-14,0.30403832161444,0.317,0.265,2.15724123863952e-09,"3","TUBB"
9.82946931346368e-14,0.69260068960897,0.236,0.195,2.40350183652814e-09,"3","RILPL2"
3.12561041964957e-13,0.439076394153613,0.308,0.263,7.64274259812712e-09,"3","PYHIN1"
4.71286783437653e-13,0.569532918510964,0.201,0.159,1.15239044286175e-08,"3","SLC1A5"
8.2215461185493e-13,0.478380480639072,0.238,0.195,2.01033245690768e-08,"3","DNAJB14"
9.0657298842483e-13,0.544471987566099,0.217,0.175,2.21675227129639e-08,"3","TMC8"
1.25846123371383e-12,0.457226380771206,0.385,0.347,3.07718940867707e-08,"3","MAPRE2"
1.487337615519e-12,0.52434024496915,0.298,0.257,3.63683793746706e-08,"3","GLS"
1.82604695888323e-12,0.419741089674307,0.566,0.55,4.46505002386128e-08,"3","H2AFZ"
2.80369641247088e-12,0.524281167066462,0.236,0.196,6.85559846777379e-08,"3","KIF2A"
4.17875257636303e-12,0.390005616290583,0.299,0.256,1.02178857997229e-07,"3","PSTPIP1"
4.65756604075937e-12,0.567114620534621,0.203,0.165,1.13886804828648e-07,"3","ASH1L"
5.74497225830959e-12,0.276430972175436,0.606,0.579,1.40476061660186e-07,"3","MBNL1"
9.16125466301934e-12,0.484161242314194,0.342,0.307,2.24010999020149e-07,"3","IVNS1ABP"
1.05200761619194e-11,0.408317353464913,0.283,0.241,2.57236902311253e-07,"3","RSF1"
2.39770064882436e-11,0.489444206668144,0.244,0.204,5.86285762650533e-07,"3","SMG1"
3.37718731358612e-11,0.569794926277825,0.306,0.27,8.25789841918079e-07,"3","CHMP1B"
7.51612461538294e-11,0.268152314434829,0.584,0.569,1.83784279095344e-06,"3","SRSF5"
1.02453075409324e-10,0.379489576277587,0.316,0.278,2.50518259990878e-06,"3","SYNRG"
1.09079439597297e-10,0.451088862623549,0.327,0.292,2.66721045703312e-06,"3","TIPARP"
1.35466855929482e-10,0.381926282233781,0.34,0.302,3.3124355611877e-06,"3","TAF1D"
1.4318596755038e-10,0.411974452618345,0.41,0.378,3.5011832785419e-06,"3","PTGER4"
1.54425072733385e-10,0.445929582068586,0.254,0.217,3.77600187847673e-06,"3","CD46"
2.48072311045254e-10,0.446684667047669,0.417,0.388,6.06586414967856e-06,"3","RGS2"
3.87507136466021e-10,0.379978726767793,0.347,0.313,9.47532450086715e-06,"3","RBBP6"
5.5174592941561e-10,0.544245276001988,0.204,0.17,1.34912914660705e-05,"3","SOD2"
5.881305041399e-10,0.434550193585939,0.277,0.242,1.43809670872288e-05,"3","INPP4B"
6.63346099354375e-10,0.412982450816354,0.431,0.416,1.62201388214132e-05,"3","GTF2B"
9.9899145649547e-10,0.398199389335738,0.239,0.201,2.44273390942272e-05,"3","LY9"
1.13996048951334e-09,0.43718627437618,0.269,0.233,2.78743138895803e-05,"3","LUC7L3"
1.14540249708455e-09,0.380046798321732,0.253,0.216,2.80073818587114e-05,"3","TMEM259"
2.863370696944e-09,0.446766864452297,0.276,0.244,7.00151402816748e-05,"3","TAF7"
3.6265879474959e-09,0.314402526080374,0.343,0.31,8.86773284921696e-05,"3","CSK"
3.9976103030333e-09,0.492916826596054,0.321,0.294,9.77495671297703e-05,"3","PPP1R10"
4.61680110502105e-09,0.292768438697482,0.362,0.328,0.000112890020619975,"3","CCND3"
5.57643132694431e-09,0.425971387476187,0.231,0.197,0.000136354898806442,"3","ST3GAL1"
6.83347891290331e-09,0.427359900291993,0.306,0.273,0.000167092226378312,"3","FAM107B"
8.46191503539881e-09,0.488357100082796,0.209,0.177,0.000206910746445572,"3","NUFIP2"
8.48429131821641e-09,0.747346577945725,0.257,0.226,0.000207457891313028,"3","AREG"
1.02294938409573e-08,0.448629841372361,0.244,0.211,0.000250131583399088,"3","ATM"
1.41376172093056e-08,0.316281269971154,0.298,0.259,0.000345693016001939,"3","LINC00861"
2.8611063320561e-08,0.374524963386348,0.258,0.225,0.000699597720314358,"3","TMED5"
3.09722500416054e-08,0.371081407022263,0.344,0.315,0.000757333458017335,"3","ATP1A1"
4.34533749095434e-08,0.291754342487065,0.407,0.381,0.00106252192328816,"3","ARHGEF1"
9.44843226286477e-08,0.346441718572195,0.243,0.213,0.00231033065691569,"3","ABI1"
1.21600668775269e-07,0.398079953182776,0.24,0.211,0.00297337955289287,"3","TIAL1"
1.28916046905035e-07,0.386036574629388,0.221,0.189,0.00315225517892192,"3","SLAMF7"
2.37505987363738e-07,0.313653247876955,0.326,0.299,0.00580749640301813,"3","FGFR1OP2"
2.11683598367032e-06,0.379262965521331,0.23,0.205,0.0517608734727067,"3","LUC7L2"
2.97743930246543e-06,0.411121886465514,0.225,0.2,0.0728043458238847,"3","TNRC6B"
3.38534978565869e-06,0.35195767089394,0.21,0.183,0.0827785729589263,"3","PTPN4"
4.29788955544982e-06,0.297606328938544,0.282,0.257,0.105091995409859,"3","SBDS"
5.8692755527371e-06,0.361204962176884,0.238,0.214,0.143515525815528,"3","RNF139"
7.17792537898707e-06,0.361099927568697,0.222,0.196,0.175514631366992,"3","SNRNP70"
8.22186192716427e-06,0.396606558438828,0.202,0.177,0.201040967843021,"3","ERN1"
8.80864679130408e-06,0.426546608335476,0.252,0.229,0.215389031340967,"3","ARID5B"
9.6725753677217e-06,0.356395285822044,0.21,0.185,0.236513812891531,"3","RNF10"
1.18369431811519e-05,0.286975651935274,0.223,0.198,0.289436934665525,"3","TPST2"
1.4180440924815e-05,0.389929794016223,0.222,0.198,0.346740141493575,"3","ZRANB2"
1.58820596788594e-05,0.300185902273374,0.331,0.311,0.388348123267471,"3","ANKRD44"
2.59492693319882e-05,0.336568028143665,0.365,0.353,0.634511533705776,"3","AMD1"
3.23314017901227e-05,0.27999597312922,0.261,0.238,0.79056743657208,"3","PRKACB"
4.00832268128891e-05,0.270405910378275,0.394,0.379,0.980115062028764,"3","AC016831.7"
4.0976364815339e-05,0.319236817392719,0.223,0.201,1,"3","ATG12"
5.191197973221e-05,0.25244265856124,0.264,0.242,1,"3","TMC6"
5.88399617872942e-05,0.291751363953531,0.235,0.213,1,"3","VPS29"
6.71808238978825e-05,0.315994435082129,0.303,0.286,1,"3","ARHGAP15"
8.07204262121412e-05,0.376581521485644,0.289,0.273,1,"3","MACF1"
0.000144746238783456,0.295625199173585,0.337,0.324,1,"3","PRPF38B"
0.000158592715259553,0.274487785853244,0.375,0.361,1,"3","CBLB"
0.000159462265069138,0.335290743009207,0.232,0.213,1,"3","ATP2B4"
0.000194145346934546,0.309956457489759,0.225,0.206,1,"3","MTCH1"
0.000242555049325482,0.376082702110737,0.2,0.181,1,"3","VMP1"
0.00026628963703737,0.38824394271621,0.202,0.184,1,"3","FRYL"
0.000395736678401416,0.34600855295055,0.232,0.215,1,"3","TGFBR2"
0.000507024292987369,0.31724763584727,0.251,0.235,1,"3","AFF4"
0.000536208806596451,0.275548737177156,0.339,0.328,1,"3","PNISR"
0.00061699659632676,0.255928954145649,0.267,0.251,1,"3","PTBP1"
0.000714802468797121,0.366382798225456,0.244,0.228,1,"3","SLFN5"
0.000746902530551994,0.269759900390677,0.219,0.2,1,"3","FCRL6"
0.000897374991823543,0.259083694946601,0.367,0.359,1,"3","EIF4A1"
0.00103850925116206,0.317027294258388,0.209,0.192,1,"3","TTC14"
0.00110487118913788,0.313739653273313,0.201,0.185,1,"3","URI1"
0.0012546892381567,0.271060504623211,0.247,0.232,1,"3","MIER1"
0.00150916501185911,0.269166788337318,0.221,0.205,1,"3","EVI2B"
0.00187382204905995,0.287646398428078,0.204,0.188,1,"3","TCIRG1"
0.00212164385552089,0.279847205741346,0.24,0.226,1,"3","COQ10B"
0.00223248852640215,0.305979512020237,0.53,0.582,1,"3","HSPD1"
0.00280200571569795,0.274463992393616,0.232,0.218,1,"3","ARHGAP30"
0.00315202512593715,0.302217106285472,0.219,0.206,1,"3","PTPN2"
0.00330489091340365,0.302908259288054,0.205,0.19,1,"3","GOLGB1"
0.00393313662434739,0.316195999206363,0.233,0.22,1,"3","OFD1"
0.00398799955788415,0.315383038300968,0.217,0.204,1,"3","ARHGAP4"
0.00453379120321393,0.307110860395383,0.215,0.202,1,"3","FOXN3"
0.00557474424689006,0.293757381212518,0.213,0.2,1,"3","VSIR"
0.00594653611454359,0.265530858009714,0.234,0.223,1,"3","UBAC2"
0.00856228312749492,0.277599524659314,0.576,0.609,1,"3","SAP18"
3.10470851846639e-320,2.67515840148191,0.396,0.065,7.59163326935402e-316,"12","HAVCR2"
9.05874953345774e-240,2.62543083734286,0.235,0.03,2.21504543592109e-235,"12","MYO1E"
9.03986976953758e-219,0.588163846937464,1,0.997,2.21042895604733e-214,"12","HLA-A"
9.87542820021392e-187,1.91010546831638,0.354,0.078,2.41473970351631e-182,"12","AKAP5"
7.00456759724206e-177,1.47437756269054,0.74,0.317,1.71275686887763e-172,"12","CXCR6"
7.3656744326454e-174,1.59240639519021,0.406,0.102,1.80105471227045e-169,"12","CTLA4"
6.32953834661848e-162,2.16040153826676,0.221,0.037,1.54769871651515e-157,"12","ENTPD1"
1.62492805955766e-159,1.68678448839908,0.506,0.166,3.9732740912304e-155,"12","AHI1"
3.7742826744396e-158,1.50315476266657,0.656,0.27,9.22887599553971e-154,"12","LINC01871"
1.80878023357817e-152,0.53786636929354,0.999,0.995,4.42282942714534e-148,"12","HLA-B"
4.87513945505985e-144,1.62315231348862,0.468,0.151,1.19206909955123e-139,"12","MIR4435-2HG"
7.13708960031537e-133,0.970070072113677,0.912,0.55,1.74516114906911e-128,"12","RGS1"
6.48856502734437e-130,0.821796190703352,0.993,0.74,1.58658392048624e-125,"12","CREM"
1.25505689209263e-128,0.883952567411359,0.955,0.756,3.0688651125449e-124,"12","RARRES3"
1.58198542477419e-128,1.00233457276073,0.901,0.553,3.86827076065784e-124,"12","CD8B"
1.03598536657539e-127,0.903261297499776,0.949,0.659,2.53319141835014e-123,"12","LEPROTL1"
2.96193168228513e-119,1.47859892743696,0.332,0.094,7.24251534952361e-115,"12","PDE3B"
1.04518528828692e-116,1.16638740057613,0.658,0.297,2.55568706691917e-112,"12","PDCD1"
9.55170539406694e-115,1.0172965756793,0.834,0.476,2.33558300295725e-110,"12","SAMSN1"
9.78177288141403e-113,0.695691985146046,0.978,0.856,2.39183910496336e-108,"12","GZMA"
1.69148639682021e-112,0.389593159744703,1,0.994,4.13602253750478e-108,"12","HLA-C"
1.40748311593151e-107,1.18355103590199,0.443,0.156,3.44157771507574e-103,"12","CD38"
1.54901130318382e-100,1.05373099641435,0.724,0.391,3.78764243854507e-96,"12","SRRT"
2.15737646309347e-96,1.06563974384487,0.664,0.329,5.27521692755616e-92,"12","CYTOR"
7.59069650587019e-88,0.597494871251169,0.975,0.824,1.85607710961538e-83,"12","CD3D"
5.6882922248537e-86,0.904399671969493,0.752,0.426,1.39090121482123e-81,"12","CLEC2D"
8.07144644772969e-84,1.69254469685749,0.247,0.073,1.97363008539886e-79,"12","POLR1E"
2.54481287721539e-82,1.44251556713125,0.217,0.059,6.22257644736706e-78,"12","LAYN"
4.93757838146065e-82,0.433964849963776,1,0.979,1.20733666583476e-77,"12","CCL5"
2.36675186818822e-80,0.960944894361719,0.671,0.366,5.78718166809383e-76,"12","LYST"
1.71012265005711e-77,0.475492933914586,0.997,0.907,4.18159190391964e-73,"12","SARAF"
1.97139663616118e-77,1.36409764737234,0.366,0.143,4.82045905474132e-73,"12","VCAM1"
3.35503840780764e-77,0.766804957193847,0.499,0.214,8.20373991477124e-73,"12","TNFRSF9"
9.87847784286802e-75,0.990389488467436,0.492,0.222,2.41548540213809e-70,"12","PDE4D"
2.6257840517258e-74,1.11329478176683,0.804,0.55,6.42056716327993e-70,"12","SAT1"
1.25610915368333e-72,1.20012908705751,0.429,0.193,3.07143810258649e-68,"12","GZMB"
2.21004236170048e-72,1.27086274523357,0.359,0.141,5.40399558283001e-68,"12","PRDM1"
3.33804242227295e-72,0.969772037119986,0.465,0.205,8.1621813309418e-68,"12","ICOS"
3.39098784855826e-72,1.4691590057708,0.24,0.075,8.29164348729465e-68,"12","AC243829.4"
3.75237522222052e-72,0.903758643509278,0.779,0.492,9.1753078933736e-68,"12","CLEC2B"
7.97556996491776e-72,0.709388018601253,0.649,0.324,1.95018636782169e-67,"12","CD27"
7.85677836097635e-70,1.43356254852024,0.22,0.066,1.92113944482594e-65,"12","MIR181A1HG"
8.75355751242925e-69,0.39337090105405,0.999,0.97,2.1404198829392e-64,"12","IL32"
3.2690739662345e-68,0.883111677771678,0.508,0.238,7.9935396622366e-64,"12","SIRPG"
1.60296176157978e-67,0.822779868648875,0.684,0.397,3.91956209941489e-63,"12","GPR65"
3.27820341114963e-67,0.453339039964485,0.998,0.933,8.01586298094308e-63,"12","BTG1"
8.18592593185194e-66,0.713329500171393,0.79,0.516,2.00162260885644e-61,"12","PARK7"
4.32887927491998e-64,0.41191899423636,0.993,0.921,1.05849756030343e-59,"12","CD3E"
4.86810246163177e-64,0.690034599423637,0.833,0.569,1.1903484139182e-59,"12","ITM2A"
1.70041620725085e-63,1.51814916564555,0.206,0.064,4.15785770996979e-59,"12","DUSP16"
3.19337366459796e-63,0.643835556586287,0.847,0.559,7.80843728467494e-59,"12","SYTL3"
3.52091426073544e-62,0.825783599985135,0.733,0.467,8.60933955035031e-58,"12","ID2"
4.34542958594343e-62,1.46268305689701,0.202,0.062,1.06254444235489e-57,"12","AGPAT5"
2.3201304060065e-60,0.845549065234334,0.643,0.366,5.6731828687671e-56,"12","TIGIT"
2.28727909112626e-59,0.680456998096092,0.815,0.565,5.59285483362194e-55,"12","CD3G"
1.4259378665072e-58,0.470720729114013,0.974,0.846,3.48670327118341e-54,"12","CORO1A"
3.55232499868085e-55,0.736264322741483,0.632,0.371,8.68614508677442e-51,"12","CDKN1B"
1.76329907513506e-54,0.602058789328052,0.744,0.456,4.31161889852024e-50,"12","SDCBP"
9.61275769254975e-54,0.624806209646245,0.699,0.422,2.35051151098227e-49,"12","ITGA4"
2.59921766246295e-52,0.448428066013145,0.541,0.272,6.35560702825442e-48,"12","DUSP4"
6.89293953125975e-52,0.580515083095257,0.865,0.627,1.68546157418363e-47,"12","ARPC1B"
1.92709348862045e-51,0.367605197624492,0.996,0.932,4.71212899837471e-47,"12","ARHGDIB"
2.84146386414079e-51,0.982570023308744,0.297,0.122,6.94794744059705e-47,"12","JAML"
2.95457459910571e-50,0.496196720360451,0.943,0.784,7.22452580973328e-46,"12","YWHAB"
1.4083945189593e-49,0.925827863533984,0.409,0.202,3.44380627775929e-45,"12","ASXL2"
1.04383674669535e-48,0.46381126529961,0.97,0.858,2.55238961301948e-44,"12","OAZ1"
5.68248831108458e-47,0.484213497794013,0.916,0.731,1.3894820418264e-42,"12","ARPC3"
1.4466232776454e-46,0.956908596657983,0.347,0.162,3.53728323849854e-42,"12","RGL4"
6.69444037945041e-46,0.552277793838957,0.837,0.614,1.63692456158321e-41,"12","LCK"
9.18481424966664e-46,0.770778222633165,0.517,0.286,2.24587078032849e-41,"12","M6PR"
2.32701880132987e-45,0.48983670924723,0.832,0.549,5.69002637301181e-41,"12","TENT5C"
1.09970444422114e-44,0.36271348116289,0.886,0.615,2.68899730700953e-40,"12","CD52"
2.49573346833367e-44,0.635112853479497,0.628,0.379,6.1025674767695e-40,"12","PET100"
5.97946334409752e-43,0.915285656455242,0.327,0.153,1.46209837689873e-38,"12","EIF1AY"
1.07206179573768e-42,0.582703033390493,0.735,0.495,2.62140550293776e-38,"12","GZMH"
1.98829448770769e-42,0.642241242623479,0.596,0.361,4.86177768134284e-38,"12","FKBP1A"
3.00137571319898e-42,0.699868943265228,0.581,0.351,7.33896389391414e-38,"12","RNF7"
4.65155418992548e-42,0.386591791154599,0.993,0.868,1.13739803052058e-37,"12","DUSP2"
1.1393976099366e-41,0.786771820994573,0.386,0.192,2.78605503581696e-37,"12","PCED1B"
1.15443729730066e-41,0.779213805149167,0.476,0.264,2.82283007935958e-37,"12","DYNLT1"
3.52211928110253e-41,1.03773560275386,0.255,0.109,8.61228606615192e-37,"12","BANP"
4.095057438656e-41,0.657993885842948,0.666,0.432,1.00132344490016e-36,"12","CYTIP"
4.18727316876097e-41,0.735593873451935,0.541,0.322,1.02387203522543e-36,"12","SLA2"
4.34275047337955e-41,0.637504741842395,0.617,0.385,1.06188934575077e-36,"12","RGS2"
1.39117893922995e-40,0.896354463838648,0.322,0.154,3.40171074220508e-36,"12","BCL2L11"
1.43031931722621e-40,1.18464572659364,0.203,0.079,3.49741679448152e-36,"12","CARS"
1.68657436430342e-40,0.690859555156484,0.582,0.357,4.12401163559473e-36,"12","KPNA2"
5.37117320179574e-40,0.826620624171464,0.456,0.255,1.31335927130309e-35,"12","TBCC"
9.93223201386646e-40,0.710755639684095,0.521,0.307,2.42862937203063e-35,"12","PDCL3"
1.61142888165379e-38,0.887079247107628,0.296,0.138,3.94026590141985e-34,"12","CLIC3"
1.74483876734824e-38,0.320935362259536,0.987,0.896,4.26647975391991e-34,"12","ATP5F1E"
5.06710994039082e-38,0.688926514807844,0.482,0.274,1.23900972262436e-33,"12","IFI16"
5.70551389798309e-38,0.795228100192399,0.485,0.28,1.39511225833482e-33,"12","CARD16"
8.78433486040048e-38,0.727984735664823,0.396,0.208,2.14794556006513e-33,"12","CD28"
3.31234047481112e-37,0.553295068500021,0.643,0.405,8.09933492900814e-33,"12","SEM1"
1.27537830029037e-36,0.408826290006258,0.959,0.808,3.11855501987002e-32,"12","SRSF7"
1.49356372268239e-36,0.412724498273328,0.891,0.679,3.65206201470299e-32,"12","PSMB9"
9.8343308329781e-36,0.353171260089702,0.986,0.767,2.4046905752798e-31,"12","CD8A"
1.87860984976315e-35,0.459285688958069,0.825,0.61,4.59357680464086e-31,"12","CAPZB"
2.38747040787013e-35,0.911452496833342,0.294,0.143,5.83784264132403e-31,"12","RHOB"
1.13906244180059e-34,0.332609234459285,0.972,0.766,2.78523548269081e-30,"12","CXCR4"
6.20724611775262e-34,0.5001302551356,0.784,0.575,1.51779582071287e-29,"12","HCLS1"
9.28854238747477e-34,0.724243461081731,0.334,0.171,2.27123438458533e-29,"12","GPR171"
2.72038257184854e-33,0.593684577997532,0.57,0.355,6.65187946468406e-29,"12","EID1"
4.9897871578996e-33,0.431130218057759,0.719,0.476,1.22010275584961e-28,"12","PTPN22"
5.89593330709125e-33,0.94604779970807,0.216,0.094,1.44167361224995e-28,"12","ASB2"
7.75107625063608e-33,0.608686763471992,0.412,0.23,1.89529316480553e-28,"12","CAMK4"
8.99380960956141e-33,0.463455616101839,0.705,0.466,2.19916632572996e-28,"12","PSMB8"
1.37823222805022e-32,0.312203749012463,0.962,0.758,3.37005344402839e-28,"12","CD7"
3.4045109093357e-32,0.611948418954225,0.368,0.195,8.32471007550765e-28,"12","DNAJC15"
3.69116962260918e-32,0.69478783724982,0.512,0.321,9.02564796120396e-28,"12","ANXA5"
9.24500048703294e-32,0.271445466596372,0.892,0.634,2.26058751908929e-27,"12","TNFAIP3"
1.91295638715761e-31,1.05757177398009,0.214,0.096,4.67756095787778e-27,"12","TCTN3"
2.11512681405282e-31,0.678333527038846,0.255,0.12,5.17190808572196e-27,"12","SNX9"
4.22154388895447e-31,0.60270087612197,0.474,0.282,1.03225191172715e-26,"12","NAMPT"
4.56250368725768e-31,0.838324054331859,0.226,0.102,1.11562340160825e-26,"12","ACP5"
2.27743710401972e-30,0.622018517114752,0.45,0.27,5.56878920674902e-26,"12","EMC7"
3.98169821744594e-30,0.899409646195938,0.202,0.088,9.73604848129881e-26,"12","U2AF1L4"
5.61666560026532e-30,0.608553278006649,0.461,0.275,1.37338707257688e-25,"12","PSMA1"
1.25041577509028e-29,0.418427382957735,0.604,0.392,3.05751665325075e-25,"12","GBP5"
1.28792867113065e-29,0.586871264290046,0.486,0.302,3.14924318664866e-25,"12","JMJD6"
1.45374614418637e-29,0.389912669028408,0.831,0.599,3.55470007176451e-25,"12","NDUFS5"
2.83491398804161e-29,0.383733806163217,0.876,0.675,6.93193168355934e-25,"12","UQCRB"
3.07331096700798e-29,0.855038433756932,0.254,0.125,7.5148599765279e-25,"12","PDHB"
3.27923787683907e-29,0.394298104668577,0.766,0.543,8.01839245644689e-25,"12","GMFG"
3.91422691974164e-29,0.357769186995215,0.903,0.748,9.57106766415225e-25,"12","LSP1"
6.90557493335172e-29,0.449487683002973,0.723,0.502,1.68855118270316e-24,"12","LDHB"
7.65027048564472e-29,0.640833612091787,0.358,0.197,1.87064413914985e-24,"12","DCTN6"
2.52033093363554e-28,0.50194735030816,0.522,0.321,6.16271319892563e-24,"12","RNASET2"
4.43906450638478e-28,0.557094711395296,0.532,0.344,1.08544005310121e-23,"12","MAT2B"
6.9330120524935e-28,0.344919777094169,0.902,0.732,1.69526010707571e-23,"12","COX7C"
8.00845995749019e-28,0.712268409661691,0.32,0.174,1.9582286288055e-23,"12","BLOC1S1"
8.17882791197492e-28,0.435681423460143,0.666,0.444,1.99988700103611e-23,"12","POMP"
1.36332102321741e-27,0.537372563493739,0.475,0.288,3.33359256597122e-23,"12","IDH2"
1.63464589932988e-27,0.436548037498627,0.741,0.536,3.99703615304143e-23,"12","UBE2B"
2.58319794593275e-27,0.463287490081088,0.679,0.469,6.31643561739475e-23,"12","ATP5IF1"
5.96526970681493e-27,0.478431495669495,0.659,0.465,1.45862774871039e-22,"12","NDUFA3"
9.12238547083509e-27,0.295718456644359,0.942,0.817,2.2306056953286e-22,"12","PSME1"
1.31716994236382e-26,0.608362951258423,0.413,0.245,3.22074394306802e-22,"12","UQCRC2"
1.39210321498077e-26,0.669209344662826,0.354,0.202,3.40397078127098e-22,"12","EVI2A"
1.54807642051166e-26,0.568406779963214,0.425,0.255,3.7853564634351e-22,"12","HDAC1"
1.55275512865663e-26,0.413925595193309,0.678,0.466,3.7967968405912e-22,"12","ATP5MF"
1.82738083670924e-26,0.498703823051872,0.54,0.343,4.46831162192143e-22,"12","SUMO1"
1.94049048253963e-26,0.400337933380093,0.822,0.631,4.74488732790591e-22,"12","HIST1H4C"
2.33247263684953e-26,0.414767135027004,0.64,0.444,5.70336209162447e-22,"12","RNF19A"
6.76222281084583e-26,0.307633540721935,0.937,0.813,1.65349872170802e-21,"12","ARPC2"
6.79044799529156e-26,0.569063829328478,0.503,0.326,1.66040034380869e-21,"12","DNAJC8"
7.32693566646174e-26,0.674788342759731,0.345,0.198,1.79158230916322e-21,"12","P2RY10"
8.21454294957694e-26,0.342732501030761,0.825,0.65,2.00862004203055e-21,"12","PSME2"
1.74859138305027e-25,0.584546448755963,0.369,0.212,4.27565564983452e-21,"12","HNRNPLL"
2.15649662726043e-25,0.523439625714152,0.395,0.233,5.2730655529772e-21,"12","PFKFB3"
2.6016298572581e-25,0.512148484147727,0.469,0.292,6.3615053269675e-21,"12","CHST12"
3.72675950256278e-25,0.750094622306553,0.242,0.123,9.1126723356665e-21,"12","CFDP1"
4.15226740296146e-25,0.463619307584278,0.552,0.358,1.01531242537214e-20,"12","ABRACL"
4.4794220778762e-25,0.32428616061741,0.79,0.564,1.09530828648229e-20,"12","VPS37B"
5.79986931263476e-25,0.541933341675514,0.482,0.307,1.41818404432545e-20,"12","CCNDBP1"
7.92673885805839e-25,0.412072600437768,0.698,0.493,1.93824618557244e-20,"12","XRCC6"
8.28648523263873e-25,0.547741409852537,0.412,0.246,2.02621136908482e-20,"12","RGS10"
8.48335451896587e-25,0.311276825554192,0.913,0.745,2.07434984697753e-20,"12","ATP5MG"
1.15890653187903e-24,0.718901706724586,0.211,0.102,2.83375825175061e-20,"12","FCGR3A"
1.88231978223449e-24,0.410581984858302,0.798,0.616,4.60264833151978e-20,"12","PGK1"
2.07418995099357e-24,0.48797092475631,0.815,0.663,5.07180926816947e-20,"12","LITAF"
2.42530407369391e-24,0.34168274759051,0.907,0.726,5.93035352099634e-20,"12","HLA-DRB1"
3.11178250279173e-24,0.6828646223931,0.269,0.141,7.60893057582634e-20,"12","TRAPPC5"
4.59909507761149e-24,0.606916253023679,0.295,0.161,1.12457072837756e-19,"12","GPR137B"
9.73115279980508e-24,0.382340118378973,0.734,0.535,2.37946148260834e-19,"12","COX8A"
1.36840821661625e-23,0.594340129470615,0.343,0.2,3.34603177127006e-19,"12","PARVG"
1.49384640997143e-23,0.494212575384602,0.482,0.306,3.65275324166215e-19,"12","TOMM5"
2.37232432275014e-23,0.474694782120703,0.414,0.251,5.80080743398864e-19,"12","IFI27L2"
2.45751805547939e-23,0.283142116510566,0.958,0.863,6.00912314925819e-19,"12","H3F3A"
2.74326908731949e-23,0.388624485710258,0.741,0.551,6.70784157231361e-19,"12","EMD"
3.16466793608609e-23,0.689511827422531,0.273,0.148,7.73824603731771e-19,"12","MRPL1"
3.20866407627516e-23,0.285033543017897,0.903,0.68,7.84582539930803e-19,"12","SELENOK"
3.74538495573896e-23,0.369013376308462,0.662,0.467,9.15821529377291e-19,"12","PSMB10"
4.93650224724418e-23,0.337932648128031,0.85,0.686,1.20707352949615e-18,"12","SUMO2"
9.53591226706604e-23,0.335073582719916,0.839,0.621,2.33172126754299e-18,"12","FAM177A1"
1.16510204963716e-22,0.425451734654682,0.561,0.381,2.84890753177279e-18,"12","ISG15"
1.62278639985616e-22,0.474008208998121,0.536,0.359,3.96803730492828e-18,"12","EIF5A"
1.95087028413526e-22,0.408842905493718,0.462,0.289,4.77026801876753e-18,"12","ITK"
2.31022177757372e-22,0.749813039277887,0.266,0.147,5.64895429052326e-18,"12","NFU1"
2.33452922062454e-22,0.388199826854739,0.693,0.506,5.70839085027113e-18,"12","DBI"
2.75969370022371e-22,0.38027752033352,0.586,0.393,6.74800303578702e-18,"12","ZEB2"
2.76082363073655e-22,0.453672776463432,0.486,0.315,6.75076594187701e-18,"12","OTUB1"
4.35767945613941e-22,0.704247254425906,0.248,0.133,1.06553978061521e-17,"12","CRIPT"
4.88585792344287e-22,0.303620276783397,0.841,0.642,1.19468997944025e-17,"12","ZNF331"
1.03426749081014e-21,0.64879337700999,0.295,0.169,2.52899086852895e-17,"12","CD2BP2"
1.29888867672031e-21,0.428109514011489,0.627,0.442,3.17604259231651e-17,"12","ARHGAP9"
1.63336196399159e-21,0.571338092200805,0.379,0.234,3.99389667435225e-17,"12","TMEM14B"
1.6681258760707e-21,0.329984770059575,0.801,0.608,4.07890139216809e-17,"12","COX6C"
2.66803910751408e-21,0.461108047159679,0.493,0.322,6.52388922569343e-17,"12","ATP5F1C"
3.26608478381641e-21,0.400013444403385,0.687,0.516,7.9862305133879e-17,"12","PRF1"
3.44044759152699e-21,0.469871831500185,0.488,0.323,8.4125824508018e-17,"12","HMGB2"
3.84554570487148e-21,0.333723461722227,0.768,0.574,9.40312835755175e-17,"12","LIMD2"
5.49077932949033e-21,0.473979518516263,0.357,0.212,1.34260536164698e-16,"12","EAPP"
6.46184059921272e-21,0.539640548684017,0.382,0.236,1.58004926331949e-16,"12","CTSS"
7.4614618757993e-21,0.451270907632929,0.453,0.289,1.82447665787045e-16,"12","LSM8"
8.33009894265105e-21,0.387195208542976,0.504,0.329,2.03687579345703e-16,"12","TBC1D10C"
9.64485415449525e-21,0.536251556928969,0.3,0.172,2.35835973785718e-16,"12","GBP4"
1.08593746197824e-20,0.295647669953653,0.875,0.678,2.6553342820292e-16,"12","SLC25A3"
1.1951229871275e-20,0.460527253821865,0.482,0.312,2.92231472812416e-16,"12","ATP5F1A"
1.28331612474894e-20,0.625693162201007,0.317,0.189,3.13796458823612e-16,"12","LMNB1"
1.88971338281367e-20,0.373878430093037,0.672,0.487,4.62072716365598e-16,"12","HMGN1"
1.98922692414561e-20,0.414621861502972,0.575,0.399,4.86405767492084e-16,"12","GHITM"
2.14608332509319e-20,0.365513446567558,0.704,0.515,5.24760294651787e-16,"12","CTSC"
2.57898792381515e-20,0.58217514653374,0.326,0.197,6.30614127131281e-16,"12","PTMS"
4.43245418514373e-20,0.331976054997595,0.737,0.543,1.08382369735135e-15,"12","NDUFA1"
7.71349536397214e-20,0.466410216347843,0.423,0.271,1.88610388639847e-15,"12","CCT8"
7.72716504785381e-20,0.391625551302835,0.582,0.404,1.88944639750121e-15,"12","BUB3"
8.80620465361733e-20,0.420526729078151,0.532,0.363,2.15329316190251e-15,"12","UQCRFS1"
8.91834698071453e-20,0.310200835317317,0.652,0.447,2.18071420372432e-15,"12","ATP5MC3"
1.08074132584158e-19,0.395829916691332,0.636,0.457,2.64262868994783e-15,"12","C11orf58"
1.103722623387e-19,0.482445073597292,0.385,0.24,2.69882255870589e-15,"12","GBP2"
1.34369960860392e-19,0.316035250337221,0.457,0.292,3.2856142829583e-15,"12","MT1X"
1.35845697201561e-19,0.359159831414019,0.698,0.505,3.32169898797257e-15,"12","TMEM59"
1.55524577776952e-19,0.394086278130299,0.474,0.309,3.80288697580204e-15,"12","IKZF3"
1.56965534667212e-19,0.540952944995333,0.27,0.152,3.83812125368266e-15,"12","METTL23"
1.60628714648273e-19,0.346846602419196,0.643,0.446,3.92769333057956e-15,"12","SYAP1"
2.01378264002914e-19,0.509552251439644,0.385,0.243,4.92410131139925e-15,"12","NDUFB6"
2.32236710821973e-19,0.369172974212366,0.512,0.345,5.67865205301889e-15,"12","CKLF"
2.48622175570404e-19,0.318024836437311,0.767,0.582,6.07930943704751e-15,"12","CD2"
3.21283937112758e-19,0.495425681209891,0.365,0.228,7.85603483028116e-15,"12","ATP6V0D1"
3.84571696816995e-19,0.485724965599995,0.337,0.205,9.40354713056915e-15,"12","PSMC3"
5.53607014275905e-19,0.526348690274701,0.33,0.202,1.35367987130744e-14,"12","CALCOCO2"
7.34255793892034e-19,0.454850950468463,0.394,0.249,1.7954022672248e-14,"12","TMEM179B"
7.50751879538828e-19,0.468138635719434,0.377,0.238,1.83573849584834e-14,"12","NDUFV1"
7.70353330402139e-19,0.331105663600797,0.783,0.599,1.88366796349931e-14,"12","ATP5F1B"
8.96575142009547e-19,0.318369121462097,0.615,0.43,2.19230553724174e-14,"12","UBXN1"
1.03653489990754e-18,0.292846836894555,0.592,0.406,2.53453513725393e-14,"12","CNOT6L"
1.11254426298001e-18,0.4679232934956,0.408,0.262,2.72039323183871e-14,"12","ARIH2"
1.45319993869568e-18,0.589847857577105,0.23,0.125,3.55336449009867e-14,"12","CDK11A"
1.74298776524277e-18,0.44108907600426,0.45,0.297,4.26195368357163e-14,"12","CCT7"
1.91924091962202e-18,0.607845591175595,0.258,0.148,4.69292789665976e-14,"12","TSG101"
2.35206217450734e-18,0.439838042872063,0.509,0.348,5.75126242910535e-14,"12","SCAND1"
2.58542346816004e-18,0.367433418718336,0.522,0.359,6.32187746434492e-14,"12","CBLB"
2.59585279551697e-18,0.345904255899387,0.646,0.462,6.34737925559809e-14,"12","PSMB1"
2.76966733833264e-18,0.422689481322778,0.471,0.319,6.77239057569097e-14,"12","ISCA1"
2.84361845914825e-18,0.629622638898723,0.216,0.118,6.95321585630929e-14,"12","CDC37L1"
3.23922265044888e-18,0.286238212399674,0.779,0.585,7.9205472248776e-14,"12","SH2D2A"
3.93542538006481e-18,0.49969496965948,0.322,0.195,9.62290213933447e-14,"12","EMC6"
4.41960896929181e-18,0.928229209256194,0.219,0.123,1.08068278517123e-13,"12","TRGV10"
5.16470808061301e-18,0.486887920989244,0.262,0.149,1.26287441987149e-13,"12","SYTL2"
7.0028737059714e-18,0.584423779268288,0.269,0.157,1.71234267858413e-13,"12","CARHSP1"
7.51899776824257e-18,0.711368568790953,0.2,0.107,1.83854533429067e-13,"12","KLRK1"
7.79822511767478e-18,0.549716869359863,0.254,0.145,1.90682200577384e-13,"12","NDUFB5"
7.90814401796399e-18,0.659772596979014,0.213,0.116,1.93369937527255e-13,"12","DLD"
1.08335955402861e-17,0.558314017474815,0.276,0.162,2.64903078151076e-13,"12","MAD1L1"
1.16358448967835e-17,0.446345740541083,0.375,0.237,2.8451967941615e-13,"12","PFDN2"
1.19528614789643e-17,0.348077017236107,0.523,0.355,2.92271368883635e-13,"12","NDUFB9"
1.32174612809344e-17,0.343229398386508,0.576,0.404,3.23193363241408e-13,"12","PSMB3"
1.37492953605093e-17,0.402812637043512,0.465,0.311,3.36197770155174e-13,"12","SYF2"
1.74121576899845e-17,0.31870307902334,0.728,0.561,4.25762079835501e-13,"12","COX5B"
1.87695078161762e-17,0.681243389495343,0.2,0.108,4.58952005121139e-13,"12","HIGD1A"
2.01002502082129e-17,0.608996727498807,0.287,0.174,4.91491318091222e-13,"12","FRG1"
2.79990995517526e-17,0.276294533280186,0.887,0.755,6.84633982239454e-13,"12","HMGB1"
2.95702989945447e-17,0.453091593602651,0.422,0.28,7.23052951014606e-13,"12","NRBP1"
3.11932150316047e-17,0.469880909550457,0.295,0.176,7.62736493952799e-13,"12","IFI35"
3.63930759293739e-17,0.319232301260485,0.666,0.481,8.89883492625051e-13,"12","ATP5MD"
3.96107666357046e-17,0.371547315667943,0.534,0.374,9.68562465776249e-13,"12","ATP5PF"
4.35524718914772e-17,0.274025394730866,0.842,0.68,1.0649450426904e-12,"12","FYB1"
4.62570062382818e-17,0.383809803759532,0.409,0.265,1.13107631653847e-12,"12","FIS1"
4.8211360366841e-17,0.380524332926868,0.5,0.345,1.17886418369e-12,"12","DHX36"
5.27574060521322e-17,0.397028509394509,0.458,0.309,1.29002409278674e-12,"12","TCEA1"
5.6285711555483e-17,0.397564375917269,0.422,0.277,1.37629821895467e-12,"12","IMP3"
6.19012878451391e-17,0.324704299006187,0.536,0.369,1.51361029038934e-12,"12","UCP2"
6.55715801272262e-17,0.381673322298478,0.532,0.372,1.60335627727093e-12,"12","ATP5MPL"
7.23622068996027e-17,0.379053884588508,0.626,0.462,1.76940068310909e-12,"12","COX7B"
7.26309574281172e-17,0.424270473711169,0.519,0.364,1.77597217103232e-12,"12","RAB5IF"
7.63669432118271e-17,0.610961682011875,0.253,0.148,1.8673244954156e-12,"12","SFMBT2"
8.69880017499088e-17,0.345382570547583,0.46,0.307,2.12703061878877e-12,"12","NDUFS7"
9.08535836892113e-17,0.350709783653504,0.508,0.351,2.2215518283686e-12,"12","NDUFA6"
9.10549379888961e-17,0.534889713286511,0.267,0.158,2.22647534370449e-12,"12","SMC3"
9.38748438323169e-17,0.536057885178752,0.348,0.224,2.29542768138781e-12,"12","ABT1"
1.10248781678923e-16,0.337670451866645,0.577,0.406,2.69580320961303e-12,"12","BRK1"
1.1503893485231e-16,0.488282823589042,0.284,0.17,2.81293203500869e-12,"12","ASNA1"
1.30248151406369e-16,0.305356883914525,0.528,0.358,3.18482779818854e-12,"12","LAT"
1.34758396269419e-16,0.470691274327164,0.323,0.202,3.29511230557982e-12,"12","CASP3"
1.40909082668685e-16,0.361348660816591,0.561,0.4,3.4455088894147e-12,"12","NDUFA13"
1.4930677062937e-16,0.470885132710857,0.316,0.195,3.65084915542936e-12,"12","SDHA"
1.52474297979715e-16,0.393868120091095,0.422,0.28,3.7283015342e-12,"12","MRPL57"
1.61033279897787e-16,0.503343622120046,0.3,0.182,3.9375857600607e-12,"12","BTG3"
1.76706950094938e-16,0.482719249770037,0.751,0.599,4.32083834372143e-12,"12","TRBC2"
1.97917869031268e-16,0.254261330757507,0.872,0.725,4.83948773355256e-12,"12","FYN"
2.04987837204327e-16,0.553222229304194,0.298,0.186,5.0123625953202e-12,"12","SEC23B"
2.15443599774193e-16,0.262779123349167,0.565,0.39,5.26802690167857e-12,"12","GIMAP7"
2.17848193218818e-16,0.260818095172306,0.515,0.351,5.32682402058653e-12,"12","AOAH"
2.26188024387085e-16,0.508954958750099,0.258,0.152,5.530749572313e-12,"12","TIPRL"
2.39271565026595e-16,0.272756279820963,0.868,0.695,5.8506683080303e-12,"12","TMBIM6"
3.16223868019925e-16,0.517292289050304,0.267,0.159,7.73230602082322e-12,"12","RABIF"
3.23214271846509e-16,0.400383922912732,0.422,0.28,7.90323537519083e-12,"12","RNF167"
3.90250252485383e-16,0.371809932592326,0.419,0.282,9.54239917377259e-12,"12","TMX4"
4.41237698751471e-16,0.39902876110052,0.472,0.328,1.0789144209871e-11,"12","NUCB2"
5.56500442127899e-16,0.342299725056057,0.55,0.387,1.36075488109114e-11,"12","UQCRQ"
5.67288885625755e-16,0.481235953610325,0.35,0.225,1.3871347831321e-11,"12","COQ10B"
7.17986323205221e-16,0.409012501204156,0.405,0.27,1.75562015750141e-11,"12","MDH1"
7.60550065470931e-16,0.314264939491957,0.557,0.397,1.85969702008952e-11,"12","RUNX3"
8.98040525156177e-16,0.344644273822484,0.563,0.402,2.19588869211188e-11,"12","STRAP"
9.22748853218995e-16,0.511066308726285,0.296,0.184,2.25630549589109e-11,"12","ABCF1"
9.41028037546806e-16,0.458612047600779,0.288,0.177,2.30100175740945e-11,"12","LIMS1"
9.88036528688737e-16,0.438817739993539,0.318,0.199,2.4159469199497e-11,"12","PSMA4"
1.05055877054059e-15,0.384502874291148,0.311,0.192,2.56882630572585e-11,"12","NCKAP1L"
1.09489592515354e-15,0.40950444011307,0.383,0.249,2.67723951618543e-11,"12","C18orf32"
1.1590767733801e-15,0.328619736313645,0.539,0.381,2.83417452626902e-11,"12","ROMO1"
1.16533994551431e-15,0.308750239729775,0.621,0.465,2.8494892347716e-11,"12","HIGD2A"
1.18725822953849e-15,0.620964050607412,0.212,0.121,2.90308382286752e-11,"12","MT1F"
1.19141486208855e-15,0.560772974620741,0.224,0.129,2.91324762077893e-11,"12","BAK1"
1.36356007215395e-15,0.292741283281987,0.589,0.429,3.33417708843085e-11,"12","ACAP1"
1.37006086052287e-15,0.384608868174364,0.359,0.23,3.35007281615052e-11,"12","TWF2"
1.47045613481415e-15,0.346370132432434,0.412,0.274,3.59555934084755e-11,"12","PPM1G"
1.57803725357696e-15,0.386099143137306,0.395,0.261,3.85861669244637e-11,"12","HMGN3"
1.58570282649371e-15,0.255841323671345,0.79,0.609,3.87736055134243e-11,"12","UQCR11"
1.67146071779196e-15,0.482266065971226,0.308,0.192,4.0870557471449e-11,"12","CORO1B"
1.6797960702906e-15,0.277813650549172,0.721,0.549,4.10743735107458e-11,"12","STK4"
1.77902895664375e-15,0.486266474937116,0.306,0.192,4.35008160478531e-11,"12","GPR18"
2.2144011690253e-15,0.334555589025006,0.488,0.339,5.41465373850067e-11,"12","PSMA5"
2.47905602917559e-15,0.337964715017645,0.308,0.189,6.06178780254015e-11,"12","PYCARD"
2.5449601931657e-15,0.345258099999065,0.39,0.26,6.22293666432878e-11,"12","GPRIN3"
2.61691016320705e-15,0.587552081507753,0.204,0.116,6.39886873107388e-11,"12","SEC14L1"
3.0565115184776e-15,0.352969817456121,0.423,0.283,7.47378196498142e-11,"12","PSMB2"
5.35192292713408e-15,0.493766696611087,0.224,0.13,1.30865219414283e-10,"12","RCAN3"
5.47410016810527e-15,0.382030580247328,0.394,0.264,1.3385269731051e-10,"12","NDUFB1"
5.87214671701804e-15,0.331663526511253,0.262,0.158,1.43585731524525e-10,"12","IRF4"
6.90705455227906e-15,0.350212303402927,0.419,0.283,1.68891297912328e-10,"12","SNRPD1"
7.65139840386071e-15,0.478685370227533,0.257,0.155,1.87091993771202e-10,"12","EPSTI1"
7.72795607278736e-15,0.255206935385802,0.79,0.63,1.88963981891796e-10,"12","PSMA7"
7.82100995018533e-15,0.492542187942006,0.296,0.187,1.91239335301932e-10,"12","DUSP11"
7.97174217907875e-15,0.316716553396584,0.467,0.317,1.94925039762834e-10,"12","AAK1"
1.07331227826538e-14,0.302683529872685,0.585,0.429,2.62446318281451e-10,"12","COPE"
1.13151878746421e-14,0.445188102775518,0.249,0.149,2.7667897391075e-10,"12","OXNAD1"
1.15274453912066e-14,0.262016027233075,0.408,0.265,2.81869094705783e-10,"12","DDX3Y"
1.20697174760803e-14,0.465835166112648,0.328,0.212,2.95128731725116e-10,"12","SFT2D1"
1.24622540916097e-14,0.339802691418367,0.514,0.367,3.04727037048041e-10,"12","CSNK2B"
1.29938383102344e-14,0.340222596188066,0.414,0.279,3.17725334361851e-10,"12","ZNF706"
1.50625415693756e-14,0.32706001725111,0.443,0.301,3.68309266454373e-10,"12","NOP10"
1.60598071562382e-14,0.330418296380236,0.435,0.294,3.92694404584336e-10,"12","COX17"
1.71266750838203e-14,0.278157657242855,0.698,0.534,4.18781459149573e-10,"12","MSN"
1.71986232773716e-14,0.460458013879839,0.284,0.176,4.20540736378289e-10,"12","EIF4E2"
1.7296470650144e-14,0.448791381355068,0.357,0.235,4.22933300337322e-10,"12","GTF3C6"
1.86779102195387e-14,0.442331103562645,0.301,0.19,4.56712260688159e-10,"12","AKR1B1"
2.06579698321669e-14,0.316696105304405,0.568,0.413,5.05128678336144e-10,"12","RHOG"
2.10249620436496e-14,0.351335954306317,0.549,0.399,5.14102371891319e-10,"12","NOP58"
2.19609324295637e-14,0.260560159137965,0.684,0.502,5.36988719767691e-10,"12","UQCRH"
2.78035334757728e-14,0.520900713333327,0.256,0.157,6.79852000549597e-10,"12","CPNE3"
4.01323323681321e-14,0.292606502805751,0.613,0.455,9.81315791065566e-10,"12","DRAP1"
4.97078898176444e-14,0.66331205899921,0.201,0.117,1.21545732182104e-09,"12","HIST1H1C"
5.09205460522502e-14,0.485395225577791,0.212,0.123,1.24510919206962e-09,"12","ZNF831"
5.13171917236019e-14,0.363581963406489,0.401,0.27,1.25480797202551e-09,"12","RAB27A"
5.64274989587066e-14,0.374033884857081,0.294,0.183,1.37976520453829e-09,"12","NDUFB3"
6.78146811014534e-14,0.369783399400426,0.371,0.247,1.65820458229274e-09,"12","BANF1"
6.7989993827401e-14,0.395348391927566,0.296,0.188,1.66249132906761e-09,"12","OSBPL8"
6.88335920708278e-14,0.324650676769961,0.373,0.244,1.68311899331588e-09,"12","NDUFA11"
1.02653704733915e-13,0.274712487561602,0.766,0.599,2.51008838815368e-09,"12","COX7A2"
1.21672850288501e-13,0.335668500594866,0.437,0.304,2.97514453525443e-09,"12","ATP5PD"
1.23056819242914e-13,0.4812035861679,0.205,0.118,3.00898534412774e-09,"12","NDUFS2"
1.25273642452617e-13,0.355515997335065,0.345,0.228,3.0631911052514e-09,"12","ARID5B"
1.50644473433329e-13,0.26027716221837,0.723,0.546,3.68355866439176e-09,"12","SEPT1"
1.75847648915771e-13,0.287417034670824,0.512,0.363,4.29982671128844e-09,"12","RAB8B"
1.82527751162146e-13,0.38878034562494,0.36,0.244,4.46316857141678e-09,"12","CTR9"
2.01812165863403e-13,0.29001009410072,0.442,0.303,4.93471107969192e-09,"12","ECH1"
2.30929159393677e-13,0.315669499862516,0.379,0.252,5.64667980549419e-09,"12","AIP"
2.32932103459196e-13,0.303508874192401,0.532,0.383,5.69565579378425e-09,"12","ATP5ME"
2.80464850652027e-13,0.263803125397367,0.703,0.539,6.85792652814336e-09,"12","CAP1"
2.93051317868732e-13,0.368959045588859,0.328,0.216,7.16569082452623e-09,"12","RHBDD2"
3.00119316801414e-13,0.40300347118807,0.351,0.234,7.33851753442817e-09,"12","TMEM9B"
3.45581066065874e-13,0.284112280805324,0.543,0.394,8.45014822744275e-09,"12","TECR"
3.58246748259219e-13,0.256034287167791,0.723,0.555,8.75984948843443e-09,"12","SEPT7"
4.11345166433783e-13,0.396678878353935,0.243,0.147,1.00582120096389e-08,"12","ETFB"
4.15482267146368e-13,0.328228944465466,0.406,0.278,1.0159372396263e-08,"12","C1orf43"
4.36150449194334e-13,0.451231844736364,0.251,0.155,1.06647507836999e-08,"12","SNX1"
4.50997313957257e-13,0.47611062847586,0.226,0.137,1.10277863208829e-08,"12","NDUFA9"
5.26933227436612e-13,0.411587593781134,0.279,0.177,1.288457127728e-08,"12","DDX50"
5.28953370219053e-13,0.343990363956597,0.375,0.254,1.29339678085963e-08,"12","NDUFA5"
5.40863419751602e-13,0.355987408352772,0.341,0.229,1.32251923397662e-08,"12","TM2D3"
5.41798939984838e-13,0.3394270997838,0.443,0.313,1.32480676805093e-08,"12","OSTF1"
6.08003353392377e-13,0.301690063795819,0.422,0.293,1.48668979971504e-08,"12","ANAPC11"
6.57001485995503e-13,0.421765566713825,0.289,0.187,1.6065000335562e-08,"12","PLA2G16"
6.92857204537857e-13,0.332271074789454,0.439,0.306,1.69417443653597e-08,"12","HNRNPR"
6.94061400800734e-13,0.462711915400837,0.276,0.178,1.69711893723795e-08,"12","LSM1"
7.0658226873535e-13,0.300711830703639,0.438,0.304,1.72773496351168e-08,"12","CEBPZ"
7.32619025148889e-13,0.350170490510301,0.395,0.271,1.79140004029406e-08,"12","PSMC5"
7.58301409965948e-13,0.455491859121168,0.272,0.173,1.85419860764874e-08,"12","CEP57"
7.65196059394844e-13,0.496945860217403,0.219,0.132,1.87105740443227e-08,"12","PCIF1"
7.89776431380872e-13,0.38380284880602,0.334,0.224,1.93116133001251e-08,"12","MED4"
8.0402306939732e-13,0.344152830587863,0.354,0.238,1.96599720929033e-08,"12","WDR33"
9.36685350050267e-13,0.328600964646424,0.407,0.283,2.29038301794291e-08,"12","LAMTOR5"
9.94784326796138e-13,0.264678530255866,0.443,0.307,2.43244663588192e-08,"12","IVNS1ABP"
1.01596663763556e-12,0.262549261570697,0.532,0.383,2.48424162234647e-08,"12","NCOR1"
1.02228032384711e-12,0.408500298598181,0.313,0.205,2.49967984787094e-08,"12","PSMD6"
1.05247033447758e-12,0.446029551370281,0.232,0.142,2.57350046186457e-08,"12","ADH5"
1.54316847554932e-12,0.267327930856627,0.535,0.39,3.7733555564132e-08,"12","ARF5"
1.63487179520652e-12,0.329329290600857,0.586,0.448,3.99758851363897e-08,"12","PAIP2"
1.6493954387726e-12,0.371554588693497,0.345,0.232,4.03310172688676e-08,"12","NDUFC1"
1.80570878032461e-12,0.28182308055334,0.661,0.507,4.41531910964974e-08,"12","SLC25A5"
1.88106424349076e-12,0.277436122719485,0.499,0.357,4.59957828818361e-08,"12","EIF4A1"
2.05002769558071e-12,0.495772432881813,0.235,0.148,5.01272772123395e-08,"12","ARFGAP3"
2.0797410208348e-12,0.409383979043436,0.297,0.194,5.08538274414524e-08,"12","C1D"
2.09419947773732e-12,0.264835483417216,0.706,0.564,5.1207365629633e-08,"12","JAK1"
2.13735808163509e-12,0.279214902813592,0.385,0.264,5.22626798121413e-08,"12","PYHIN1"
2.19762113108678e-12,0.259559303783752,0.648,0.492,5.37362318973339e-08,"12","IL2RG"
2.24562969298732e-12,0.306806998376659,0.296,0.19,5.4910137252926e-08,"12","C11orf98"
2.2550240493478e-12,0.42455219852907,0.325,0.218,5.51398480546524e-08,"12","GOLGA7"
2.49048195327601e-12,0.290324726190166,0.412,0.288,6.0897264721505e-08,"12","MLF2"
2.59356651538813e-12,0.267633515322349,0.636,0.477,6.34178884342704e-08,"12","SNRPG"
4.06696557740195e-12,0.312103050095084,0.354,0.24,9.94454422986324e-08,"12","RFTN1"
4.12731851159871e-12,0.387118957712326,0.304,0.201,1.00921192245612e-07,"12","RTF2"
4.2800276798593e-12,0.376598395984975,0.246,0.154,1.04655236827919e-07,"12","CDC40"
4.5180442639961e-12,0.466362935682647,0.219,0.134,1.10475218343233e-07,"12","BLOC1S6"
4.70503219359849e-12,0.431317254989333,0.276,0.18,1.1504744719787e-07,"12","PSMB4"
4.7649590215724e-12,0.417396378680426,0.267,0.171,1.16512777995488e-07,"12","PQBP1"
5.01312587725161e-12,0.292920804414513,0.508,0.37,1.22580953950556e-07,"12","ARL4C"
5.31752000901735e-12,0.418691431490541,0.252,0.159,1.30023999260492e-07,"12","ARHGAP25"
5.65699806957657e-12,0.270899423763596,0.585,0.433,1.38324916797286e-07,"12","WDR1"
6.54531105325155e-12,0.296076364742514,0.411,0.29,1.60045945874107e-07,"12","ETF1"
6.55403341318561e-12,0.266432176973849,0.555,0.411,1.60259225019215e-07,"12","FAM96B"
6.63618088738811e-12,0.376379411144064,0.313,0.208,1.62267895058414e-07,"12","SDHC"
8.12189461866334e-12,0.287927161243993,0.5,0.363,1.98596567215556e-07,"12","PRDX6"
8.48074184278066e-12,0.283096060499749,0.43,0.303,2.07371099539673e-07,"12","RAB1B"
8.74186197599619e-12,0.382075454875338,0.288,0.19,2.13756009037059e-07,"12","PSMD4"
8.79427632412263e-12,0.339218010793569,0.27,0.173,2.15037644677447e-07,"12","MVP"
9.13854061698144e-12,0.43363208107742,0.242,0.153,2.2345559516643e-07,"12","AASDHPPT"
9.95619161996745e-12,0.26582650179985,0.593,0.447,2.43448797491444e-07,"12","SKAP1"
1.15592221840708e-11,0.326687630791672,0.315,0.209,2.826461008449e-07,"12","BCL11B"
1.1755570084159e-11,0.333406929505381,0.38,0.265,2.87447199697856e-07,"12","NAP1L4"
1.26926613058268e-11,0.283516817606238,0.472,0.342,3.10360954250078e-07,"12","RSL1D1"
1.30800201492494e-11,0.432261104478548,0.277,0.182,3.19832652689447e-07,"12","METRNL"
1.37980043809066e-11,0.354780193916685,0.276,0.179,3.37388803121927e-07,"12","NRDC"
1.52484182329981e-11,0.253004294877581,0.535,0.393,3.72854322633269e-07,"12","THRAP3"
1.64500512498889e-11,0.422164897890876,0.248,0.16,4.02236653162283e-07,"12","MRPL21"
1.65268042969983e-11,0.312579576750255,0.338,0.229,4.04113418670202e-07,"12","FBXO7"
1.75076508581041e-11,0.34120612377501,0.304,0.202,4.28097078782361e-07,"12","LY9"
1.82745223353477e-11,0.307182674301052,0.306,0.203,4.46848620143921e-07,"12","SURF2"
1.83315988189407e-11,0.302265859708617,0.365,0.253,4.48244254320739e-07,"12","MAPRE1"
1.91359751723067e-11,0.331983637989025,0.37,0.258,4.67912864913244e-07,"12","NDUFS8"
2.17766295263152e-11,0.258697059753568,0.619,0.472,5.32482145177459e-07,"12","NDUFB2"
2.1875435411317e-11,0.319027565825357,0.438,0.315,5.34898146677524e-07,"12","TSEN54"
2.32212219973796e-11,0.384190174900699,0.251,0.16,5.67805320279927e-07,"12","BECN1"
2.70752512062671e-11,0.414540621916359,0.222,0.138,6.62044042495642e-07,"12","CCS"
2.91272831068926e-11,0.395113626437312,0.287,0.191,7.12220326529737e-07,"12","UFD1"
3.15287625194253e-11,0.440164300590092,0.249,0.161,7.70941301124987e-07,"12","THOC7"
3.54283208358551e-11,0.328075888060195,0.404,0.287,8.66293301078328e-07,"12","EIF3I"
4.11988574365533e-11,0.431150394779941,0.219,0.136,1.0073944620386e-06,"12","HPRT1"
4.63815160987518e-11,0.384924063676085,0.298,0.202,1.13412083164668e-06,"12","UQCRC1"
4.77517472031103e-11,0.375664457365594,0.232,0.147,1.16762572261045e-06,"12","PRKCQ"
4.85440214076354e-11,0.392128348361399,0.299,0.204,1.1869984114595e-06,"12","CHMP2A"
5.21257167600805e-11,0.275619518719557,0.478,0.348,1.27457802621749e-06,"12","ARPC5"
5.46370229076819e-11,0.299053594299006,0.396,0.281,1.33598448413864e-06,"12","MRPL54"
5.61187085029683e-11,0.285368335943461,0.381,0.265,1.37221466031458e-06,"12","CNPY3"
5.86788956324466e-11,0.251696438936265,0.272,0.176,1.43481635600458e-06,"12","GRAP2"
5.88237425524734e-11,0.32483000743893,0.299,0.201,1.43835815289308e-06,"12","MRPL47"
8.38928880255414e-11,0.275597192107994,0.404,0.289,2.05134889800054e-06,"12","NDUFS6"
9.11010671622001e-11,0.410683972090157,0.244,0.158,2.22760329425012e-06,"12","ERLEC1"
1.14545083687355e-10,0.370534582920938,0.343,0.241,2.80085638632321e-06,"12","RTF1"
1.24944340443949e-10,0.301706853882447,0.375,0.265,3.05513901253543e-06,"12","DNAJA2"
1.26240540888244e-10,0.273920723271358,0.422,0.301,3.08683370579935e-06,"12","NDUFV2"
1.27511537648739e-10,0.307082443084058,0.311,0.212,3.11791211858697e-06,"12","ANAPC5"
1.32611310168136e-10,0.354376012291369,0.264,0.173,3.24261175623127e-06,"12","LMBRD1"
1.61953390932832e-10,0.292289128042632,0.352,0.244,3.9600843150896e-06,"12","HBP1"
1.68289350850892e-10,0.382006284097131,0.202,0.125,4.11501120700602e-06,"12","SPAG7"
1.73227158742557e-10,0.328518534888385,0.323,0.223,4.23575048557301e-06,"12","EIF6"
1.88182318870416e-10,0.395984281674006,0.217,0.137,4.60143406101941e-06,"12","SMIM7"
2.03754449223851e-10,0.370410045509441,0.279,0.189,4.98220379242161e-06,"12","MRPL10"
2.23790309191658e-10,0.280791357239583,0.336,0.231,5.47212064035443e-06,"12","SMIM26"
2.40577089663382e-10,0.361591891875859,0.22,0.139,5.88259099644902e-06,"12","PIK3CD"
2.42339254113227e-10,0.264710953155259,0.421,0.304,5.92567944157663e-06,"12","SNRPN"
2.62296147340963e-10,0.339910162687632,0.363,0.255,6.41366539478122e-06,"12","KRAS"
2.71266903112969e-10,0.25684187647226,0.424,0.308,6.63301831491833e-06,"12","DOCK8"
2.73968124322566e-10,0.439666448018507,0.248,0.165,6.69906857593539e-06,"12","CDC123"
3.12605146266173e-10,0.284699240270683,0.358,0.251,7.64382103650045e-06,"12","EIF2S2"
3.23489116635969e-10,0.325427043680367,0.316,0.219,7.9099558799827e-06,"12","RBM17"
3.46868912483098e-10,0.330411126209472,0.266,0.177,8.48163864803672e-06,"12","ACAA2"
3.52071776944325e-10,0.260423771504609,0.321,0.22,8.60885908984262e-06,"12","TRABD"
3.67977402496965e-10,0.313180644060242,0.244,0.158,8.9977834458558e-06,"12","LPIN2"
4.21757120944982e-10,0.384188650299917,0.252,0.168,1.03128051213467e-05,"12","RBM23"
4.615473067461e-10,0.282757485911152,0.416,0.3,1.12857547445556e-05,"12","MDH2"
5.39501266822055e-10,0.299651844711355,0.331,0.231,1.31918849763329e-05,"12","ANP32A"
5.49627291572285e-10,0.25605302894416,0.591,0.46,1.34394865335255e-05,"12","SNRPB"
5.51014378910362e-10,0.392365749542276,0.223,0.144,1.34734035931162e-05,"12","CCDC91"
5.91613841779715e-10,0.358203080332997,0.259,0.174,1.44661416591976e-05,"12","PER1"
6.13438314841885e-10,0.317671846576693,0.274,0.184,1.49997936745138e-05,"12","TRPC4AP"
6.14136343352766e-10,0.384473006753819,0.263,0.177,1.50168618676618e-05,"12","BCCIP"
6.14959248171888e-10,0.278760574971865,0.298,0.202,1.5036983536299e-05,"12","NAA38"
6.79941244747625e-10,0.308850603056485,0.263,0.174,1.66259233165689e-05,"12","NELFCD"
7.83191185180179e-10,0.428549392081826,0.209,0.135,1.91505908600257e-05,"12","TERF1"
8.01540934432486e-10,0.261573528562993,0.429,0.314,1.95992789287431e-05,"12","CCT3"
8.52917591906721e-10,0.28415800356354,0.4,0.292,2.08555409573031e-05,"12","RAD23A"
9.10528639647071e-10,0.262643214615994,0.372,0.264,2.22642462966502e-05,"12","RPP21"
9.33236304309004e-10,0.304040320462544,0.375,0.27,2.28194941129638e-05,"12","MRPL33"
9.34906285402639e-10,0.339814361680977,0.266,0.179,2.28603284906653e-05,"12","ATP6AP1"
1.10997999075312e-09,0.309240476924852,0.245,0.162,2.71412307338952e-05,"12","PPM1B"
1.29882339383529e-09,0.390877777306465,0.231,0.153,3.17588296260604e-05,"12","PWP1"
1.48148507556755e-09,0.280030028007099,0.318,0.222,3.62252730677777e-05,"12","ZMAT2"
1.4959284375775e-09,0.328360896826009,0.233,0.153,3.65784421556451e-05,"12","MED30"
1.56147697286057e-09,0.264454701361865,0.32,0.222,3.81812349403867e-05,"12","UBAC2"
1.59497477634527e-09,0.265645884434038,0.373,0.267,3.90003232311947e-05,"12","PSMD13"
1.61752240160449e-09,0.423527622068528,0.213,0.139,3.95516577640331e-05,"12","TAF11"
1.66074898115275e-09,0.25926622070913,0.287,0.195,4.06086340871471e-05,"12","AATF"
1.6787309582109e-09,0.250316663275235,0.289,0.196,4.10483293901729e-05,"12","HECTD1"
1.73487046101098e-09,0.335742030450991,0.289,0.199,4.24210525126404e-05,"12","P2RY8"
1.73781912606993e-09,0.369554350218806,0.28,0.194,4.2493153270662e-05,"12","STMP1"
1.79808265550975e-09,0.333784106483181,0.272,0.185,4.39667170925243e-05,"12","OSER1"
1.85814117736193e-09,0.376546365840058,0.232,0.154,4.54352680688538e-05,"12","MPC1"
1.94887034669616e-09,0.266127043025476,0.451,0.335,4.76537777174145e-05,"12","SS18L2"
2.05472498664969e-09,0.297791562031977,0.289,0.199,5.02421353735583e-05,"12","PRMT1"
2.07215357876318e-09,0.280422933967449,0.501,0.377,5.06682993079172e-05,"12","ISCU"
2.26457614163978e-09,0.300392516631126,0.259,0.174,5.53734158153758e-05,"12","STXBP2"
2.46651459041314e-09,0.283517659524872,0.329,0.232,6.03112147647821e-05,"12","PUF60"
2.5617480382366e-09,0.405028445868749,0.205,0.133,6.26398630309614e-05,"12","SNRNP27"
2.58158800776732e-09,0.310383514979077,0.403,0.298,6.31249899659266e-05,"12","COPB1"
2.68144863949958e-09,0.281516764563657,0.302,0.209,6.55667821330436e-05,"12","CBX3"
2.75221453762395e-09,0.306991943745717,0.288,0.2,6.72971498739807e-05,"12","TRAPPC4"
2.78137943119618e-09,0.281839606159141,0.238,0.157,6.8010289851609e-05,"12","CCDC174"
2.78800029495082e-09,0.360661724838751,0.251,0.169,6.81721832121374e-05,"12","PPP1R7"
2.82689602374358e-09,0.335450603661778,0.312,0.221,6.91232615725779e-05,"12","ITGB1"
2.92007711196741e-09,0.29503771116617,0.259,0.174,7.14017255418272e-05,"12","RAMMET"
3.13135984618084e-09,0.374223236940138,0.209,0.136,7.65680109588139e-05,"12","CDK11B"
3.15526977070555e-09,0.250438648711002,0.419,0.308,7.71526564332921e-05,"12","COPS9"
3.21380873822065e-09,0.380277889488495,0.248,0.167,7.85840512669715e-05,"12","ZNHIT3"
3.29007042336003e-09,0.302148747229614,0.248,0.166,8.04488019919994e-05,"12","VPS36"
3.39549947273295e-09,0.413180305109087,0.233,0.156,8.30267531072661e-05,"12","OVCA2"
3.52703349410657e-09,0.32712971053918,0.238,0.16,8.62430229978939e-05,"12","RASGRP1"
3.55338787879143e-09,0.350794470003385,0.236,0.158,8.68874404122081e-05,"12","TIMM8B"
3.6889095233593e-09,0.332678559283155,0.204,0.131,9.02012156651817e-05,"12","C12orf65"
3.85381467856039e-09,0.285724604156685,0.319,0.224,9.42334765201586e-05,"12","TXNDC17"
4.02747455932924e-09,0.332989054961571,0.274,0.188,9.84798079247185e-05,"12","MRPS36"
4.99936095204432e-09,0.271816410530543,0.232,0.153,0.000122244373999388,"12","GARS"
5.43485628233746e-09,0.343589809145068,0.206,0.133,0.000132893105815716,"12","AIMP1"
5.73337828516525e-09,0.37861259814434,0.231,0.154,0.000140192565828861,"12","TMEM70"
7.37054692985448e-09,0.346930195386212,0.234,0.157,0.000180224613528802,"12","PMPCB"
8.58348105693508e-09,0.258825098977692,0.284,0.196,0.000209883278804176,"12","ZFAND6"
9.54367893505706e-09,0.322682050152769,0.244,0.165,0.000233362037320015,"12","DECR1"
1.10137850914838e-08,0.270672307138527,0.28,0.194,0.000269309073056962,"12","SRA1"
1.24368404697212e-08,0.304568480106587,0.266,0.183,0.000304105623165622,"12","TMX1"
1.25347104620492e-08,0.275075944778188,0.308,0.219,0.000306498740218027,"12","COPS6"
1.36455853658694e-08,0.265049365600416,0.393,0.289,0.000333661853366238,"12","PPP2R1A"
1.48586196676533e-08,0.422124365732808,0.232,0.159,0.000363322968113457,"12","PHLDA1"
1.68713301556161e-08,0.390736751161132,0.201,0.133,0.000412537764965124,"12","BFAR"
1.83139442574871e-08,0.30980925389091,0.22,0.146,0.000447812564984076,"12","PSMC2"
1.85353593906907e-08,0.343089989175629,0.252,0.174,0.000453226607821168,"12","SOCS3"
2.06565408208202e-08,0.285923920406983,0.268,0.187,0.000505093736150696,"12","COPZ1"
2.10136322664275e-08,0.302570879867809,0.286,0.202,0.000513825336178686,"12","TINF2"
2.24373789215692e-08,0.281944081441221,0.31,0.221,0.00054863878939021,"12","RNF115"
2.43131024590414e-08,0.312670703769117,0.256,0.178,0.00059450398132848,"12","ELOVL1"
2.55998104240023e-08,0.253281863983878,0.323,0.233,0.000625966564487703,"12","MMADHC"
2.78513257965499e-08,0.274203240584069,0.385,0.288,0.000681020618377237,"12","MRFAP1"
3.26034927100374e-08,0.284740121219153,0.291,0.206,0.000797220603745834,"12","PPP4R2"
3.45910676014928e-08,0.377561728369535,0.237,0.165,0.000845820784991702,"12","CWC15"
4.45923626986924e-08,0.269751235623656,0.238,0.162,0.00109037245270843,"12","ATXN10"
4.8473254463212e-08,0.264984773360922,0.331,0.24,0.00118526801813446,"12","RNF114"
4.88113977116726e-08,0.257747794493199,0.265,0.185,0.00119353629684582,"12","PPHLN1"
4.99366993169262e-08,0.421872544140234,0.209,0.141,0.00122105217169748,"12","CYB5B"
5.50095882064897e-08,0.312449492500652,0.216,0.146,0.00134509445082509,"12","HSD17B10"
5.9413711265542e-08,0.275832193188965,0.255,0.177,0.00145278406786503,"12","BNIP3L"
6.19198055616021e-08,0.280753863812533,0.264,0.184,0.00151406308559229,"12","SNRPE"
6.31650194969949e-08,0.340108741285036,0.235,0.162,0.00154451105674052,"12","RPA3"
6.34330544768133e-08,0.265191779895444,0.336,0.246,0.00155106504806704,"12","PPP1CC"
6.5082472199176e-08,0.26371728325262,0.272,0.192,0.00159139661021425,"12","H2AFY"
6.79134051784966e-08,0.256674983634724,0.331,0.241,0.0016606185834246,"12","APH1A"
6.98498909731706e-08,0.27602030564431,0.262,0.184,0.00170796953407597,"12","PTPN4"
7.16891342469588e-08,0.295931436334145,0.254,0.178,0.00175294271060664,"12","RAB18"
7.59496043490596e-08,0.281527253371386,0.287,0.205,0.0018571197255432,"12","CIR1"
7.85629644719915e-08,0.261960931087452,0.296,0.211,0.00192102160726914,"12","PCMT1"
8.5646246562453e-08,0.320939156522809,0.226,0.156,0.0020942220209451,"12","MFSD14A"
9.1316618800956e-08,0.290686884068484,0.233,0.16,0.00223287396292098,"12","TMEM50B"
1.04422943477717e-07,0.338567841728085,0.237,0.166,0.00255334981391713,"12","MAP1LC3A"
1.15918450707193e-07,0.271474242462358,0.338,0.248,0.00283443795669229,"12","DDX46"
1.2225472871543e-07,0.293426587984064,0.242,0.169,0.00298937262654969,"12","FDPS"
1.52951184850805e-07,0.345367559168698,0.216,0.15,0.00373996237197189,"12","CDC5L"
1.59944378901791e-07,0.250711543777676,0.249,0.174,0.00391095995290661,"12","PSMD9"
1.78196042364795e-07,0.270897534603749,0.247,0.172,0.00435724962790397,"12","TMEM167A"
1.83571313773373e-07,0.265659317951791,0.215,0.147,0.00448868576438652,"12","DIP2A"
2.04714937859404e-07,0.33204203348484,0.219,0.151,0.00500568966053814,"12","NRBF2"
2.22566472068591e-07,0.265546711686579,0.205,0.139,0.00544219537502118,"12","ZBTB8OS"
2.30519294215038e-07,0.286970735953454,0.217,0.15,0.00563665778214611,"12","ZNF622"
2.38005868927321e-07,0.382231477443421,0.219,0.153,0.00581971950701086,"12","TIMM17A"
2.76787657297033e-07,0.30151471290904,0.233,0.163,0.00676801179622706,"12","NT5C3A"
4.21217264937715e-07,0.33898286375435,0.217,0.152,0.010299604562257,"12","ATXN1"
4.33427043827327e-07,0.272532038681427,0.339,0.255,0.0105981580756658,"12","NR1H2"
5.73262888240531e-07,0.275704446414448,0.216,0.151,0.0140174241432575,"12","TMEM39A"
6.10497721404923e-07,0.281003033571866,0.208,0.143,0.0149278902837932,"12","LLPH"
6.62099502375318e-07,0.287646075790548,0.202,0.139,0.0161896570320813,"12","SMIM37"
6.63325608633776e-07,0.252000016429561,0.288,0.211,0.0162196377823131,"12","CNIH1"
6.69869392586054e-07,0.339367823819468,0.206,0.145,0.0163796463875142,"12","ACO2"
9.168108856789e-07,0.301401339498467,0.223,0.157,0.0224178597766205,"12","DDIT3"
9.50154335315887e-07,0.324749723861522,0.221,0.157,0.0232331738071441,"12","CCDC69"
1.04599141704372e-06,0.306428748894784,0.215,0.152,0.0255765821295529,"12","GID8"
1.33195575849751e-06,0.254984317455833,0.244,0.176,0.0325689822067811,"12","CDC26"
1.45660218168093e-06,0.286545810167233,0.266,0.196,0.0356168365464622,"12","ERP44"
1.84471665263672e-06,0.301542939652351,0.215,0.153,0.045107011590273,"12","GTF2F1"
2.5191115569593e-06,0.278673367100673,0.234,0.168,0.0615973157907689,"12","HSBP1"
2.70569224064983e-06,0.259966396076124,0.219,0.156,0.0661595866683697,"12","PSMB7"
3.3399463366051e-06,0.293201582581843,0.247,0.181,0.0816683678226679,"12","COPB2"
7.30230000517793e-06,0.25383395072239,0.209,0.15,0.178555839726611,"12","KANSL2"
1.35405605873263e-05,0.287564962043341,0.24,0.179,0.331093787481304,"12","CISD2"
2.00000322401427e-05,0.259679694235167,0.2,0.145,0.489040788335968,"12","ARL6IP6"
0,8.43594941404215,0.945,0.004,0,"7","TRBV12-2"
0,3.07475883127468,0.896,0.068,0,"7","TRDV1"
0,1.9924462337999,0.965,0.378,0,"7","KLRB1"
0,1.42196158324934,0.959,0.48,0,"7","GZMH"
0,1.34627349311802,0.814,0.343,0,"7","CMC1"
0,1.76672337132043,0.661,0.2,0,"7","ENC1"
0,2.27641288344354,0.55,0.115,0,"7","S1PR5"
0,1.43728779130149,0.52,0.13,0,"7","TRGV2"
2.33741439503976e-303,1.42206563745029,0.378,0.089,5.71544567875122e-299,"7","TRGV4"
2.14189382129923e-236,0.784780148854031,0.988,0.762,5.23735877184088e-232,"7","CD8A"
8.92164254177296e-230,1.47373645736046,0.503,0.185,2.18152003431433e-225,"7","GZMB"
1.0472396559721e-223,0.464288876478312,1,0.995,2.56071040678298e-219,"7","HLA-B"
8.38312258696307e-209,0.963689026442073,0.784,0.388,2.04984113496421e-204,"7","KLRD1"
1.13287316778492e-208,0.820179320583038,0.972,0.762,2.77010146986769e-204,"7","CXCR4"
8.33503639903512e-195,1.1729824173224,0.597,0.265,2.03808310029207e-190,"7","LINC01871"
4.14886953765512e-190,1.12991100200296,0.665,0.326,1.01448157934743e-185,"7","RORA"
7.97737635442888e-186,1.39667208543028,0.405,0.142,1.95062806618495e-181,"7","MGAT4A"
1.54471109736229e-179,1.22404058916493,0.395,0.137,3.77712757527028e-175,"7","VCAM1"
4.51235015144883e-170,0.833436115491605,0.89,0.624,1.10335985903227e-165,"7","HIST1H4C"
3.89615327969622e-166,0.7275939966515,0.942,0.687,9.52687399951319e-162,"7","GZMM"
2.2070512016911e-158,0.782053109724145,0.885,0.581,5.39668159837508e-154,"7","ALOX5AP"
2.93678764094588e-155,0.900319429418029,0.643,0.312,7.18103313964086e-151,"7","HLA-DRB5"
1.8387201624282e-153,1.22766689479822,0.501,0.222,4.49603854116943e-149,"7","EOMES"
2.0677096834113e-153,0.876312113621106,0.848,0.578,5.0559637178773e-149,"7","SH2D2A"
1.18551911232126e-151,1.08599690078763,0.595,0.297,2.89883133344794e-147,"7","IFNGR1"
4.18668456764548e-149,0.938842713555254,0.578,0.272,1.02372811048067e-144,"7","KLRG1"
5.2412924172001e-149,0.418903624577633,0.999,0.983,1.28160082185377e-144,"7","EIF1"
4.13350558125272e-148,0.9271287428425,0.72,0.413,1.01072478472792e-143,"7","USP36"
4.95737310438077e-145,0.336451488802969,1,0.996,1.21217687148319e-140,"7","EEF1A1"
8.98344371240584e-140,1.07613825221178,0.47,0.206,2.19663165655748e-135,"7","SATB1"
9.7190997726669e-140,0.479822882698818,0.996,0.935,2.37651427641251e-135,"7","CST7"
1.81269709143533e-139,1.36060499849078,0.236,0.068,4.43240692797768e-135,"7","KLRF1"
9.02097263394443e-139,0.483029850384828,0.994,0.933,2.20580822845209e-134,"7","CALM1"
1.71407983253374e-132,1.5216828337785,0.259,0.084,4.1912680065115e-128,"7","AP002387.2"
1.78312573115329e-122,1.454945417946,0.241,0.078,4.36009903781603e-118,"7","APBA2"
4.93595890538667e-118,0.62377910657307,0.908,0.655,1.20694067154515e-113,"7","LITAF"
1.2581916900069e-116,0.491056396204848,0.979,0.806,3.07653032040488e-112,"7","TMA7"
2.19194205589429e-116,0.711753436932694,0.731,0.426,5.35973671507273e-112,"7","PDE4B"
1.49160045384598e-113,1.62652233355965,0.2,0.06,3.6472614297442e-109,"7","PCNT"
1.70650468295503e-110,1.00600518299256,0.417,0.189,4.17274525076165e-106,"7","PRNP"
1.41170744155041e-109,1.19244783546903,0.297,0.114,3.45190703607907e-105,"7","SLC25A4"
2.14342392841594e-107,0.528103671104798,0.954,0.803,5.24110018976266e-103,"7","PNRC1"
1.22835218233423e-104,1.19482458378528,0.291,0.113,3.00356675624365e-100,"7","SPON2"
2.20853781005523e-104,1.37745552461834,0.24,0.084,5.40031665314705e-100,"7","TNIP3"
3.22404253732329e-104,0.918506722923347,0.42,0.192,7.88342881226291e-100,"7","FCRL6"
1.57427398861369e-103,0.685888662686601,0.779,0.508,3.8494147569582e-99,"7","ARF6"
1.58475460966326e-101,1.00799448804833,0.365,0.16,3.8750419715486e-97,"7","DHCR7"
6.29646989375641e-100,0.790186042128493,0.633,0.37,1.53961281842132e-95,"7","GABARAPL1"
5.57726384741029e-99,0.660184232651603,0.735,0.46,1.36375255596876e-94,"7","SPOCK2"
4.24588811462596e-97,0.388376468019794,0.994,0.894,1.03820456178834e-92,"7","ATP5F1E"
2.45028741679664e-95,1.10917847310874,0.285,0.114,5.99144279155116e-91,"7","KLF3"
3.39937147198768e-95,1.08066992573226,0.385,0.183,8.31214312330427e-91,"7","LMNB1"
1.33617538042761e-92,0.629917081882446,0.657,0.386,3.26721604022159e-88,"7","ZEB2"
1.26157049297482e-88,1.26434657699616,0.249,0.097,3.08479216942202e-84,"7","ADRB2"
3.1802235973244e-87,0.46749831990986,0.938,0.744,7.77628274017763e-83,"7","TOMM7"
3.12905731608854e-86,0.845051803544896,0.422,0.211,7.6511709492997e-82,"7","PLEK"
2.78248790560203e-84,0.702044881084647,0.681,0.435,6.80373942677808e-80,"7","HNRNPUL1"
2.87306750663963e-83,0.673175507586675,0.773,0.549,7.02522466723524e-79,"7","RGS1"
6.37067756306904e-83,0.256195228359889,0.999,0.929,1.55775807772164e-78,"7","NKG7"
1.10998828884452e-82,0.711710773478051,0.699,0.463,2.71414336388262e-78,"7","ID2"
4.2577868276452e-82,0.510615058480628,0.853,0.612,1.0411140350958e-77,"7","PIK3R1"
4.37748212363428e-82,0.65128752504523,0.679,0.426,1.07038192887105e-77,"7","APMAP"
2.90542773721742e-79,0.56917882592373,0.84,0.604,7.10435190304403e-75,"7","DDIT4"
3.45511834645682e-79,0.61599408481867,0.729,0.489,8.44845538075623e-75,"7","CLEC2B"
1.44581576383192e-78,0.416441950742497,0.992,0.932,3.53530870572182e-74,"7","BTG1"
3.3003090966153e-78,0.665112779446275,0.574,0.34,8.06991580304373e-74,"7","ODC1"
5.10824011866252e-75,0.299721271457909,0.996,0.964,1.24906687381536e-70,"7","HLA-E"
5.85333719779887e-75,0.423564697489326,0.965,0.867,1.43125801160578e-70,"7","DUSP2"
6.97531444440485e-75,0.766074187651549,0.5,0.284,1.70560388794587e-70,"7","GYG1"
9.12558453448119e-75,0.719100391537734,0.55,0.322,2.23138793037134e-70,"7","RBL2"
2.2072657090328e-71,0.555655121227232,0.747,0.509,5.397206111727e-67,"7","CTSC"
1.84107319396843e-70,0.776560001732176,0.384,0.197,4.50179217389161e-66,"7","F2R"
2.0007935345608e-70,0.713585807318666,0.508,0.292,4.89234035070807e-66,"7","ELOC"
4.10081904644759e-70,0.998381671829412,0.252,0.109,1.00273227323736e-65,"7","POP4"
1.00728435406468e-69,0.475379253818894,0.843,0.617,2.46301170255896e-65,"7","FAM177A1"
2.92042219634202e-69,0.524978164729227,0.857,0.653,7.14101635449551e-65,"7","CD69"
8.6731462705297e-69,0.324154111969157,0.998,0.944,2.12075772606992e-64,"7","SRGN"
1.63221102367701e-67,1.09826264018317,0.213,0.087,3.99108239509503e-63,"7","SKAP2"
1.80563653685548e-67,0.741550498933353,0.44,0.244,4.41514245991903e-63,"7","C18orf32"
1.12192791888538e-66,1.05692120287692,0.235,0.1,2.74333814725854e-62,"7","CDKN2D"
7.3931841253123e-66,0.399022577331992,0.91,0.698,1.80778138232136e-61,"7","NCL"
1.38616083786668e-64,0.707400980005661,0.356,0.181,3.38944048075161e-60,"7","AUTS2"
3.29968029668898e-64,0.323201860030399,0.988,0.931,8.06837826146389e-60,"7","ARHGDIB"
5.94339499584328e-64,0.523982447775643,0.769,0.546,1.4532789443836e-59,"7","EMD"
5.84572853946786e-62,0.903665238861212,0.264,0.123,1.42939754247068e-57,"7","MYBL1"
2.51927028498638e-61,0.87365376261278,0.252,0.115,6.16011970084871e-57,"7","ARNTL"
9.54681217394573e-61,0.412743610513604,0.877,0.673,2.33438651277321e-56,"7","HSPA5"
1.44888569060299e-60,0.764886602708557,0.345,0.179,3.54281529066244e-56,"7","MMP24OS"
1.8492671519421e-60,0.764028115190073,0.332,0.171,4.52182803992881e-56,"7","TOB1"
2.40319182347798e-60,0.720448959958672,0.423,0.237,5.87628464676837e-56,"7","OAT"
1.53720173292527e-58,0.515894952277077,0.707,0.489,3.75876567734886e-54,"7","RAP1B"
1.07475342754875e-57,0.395519860809691,0.933,0.773,2.62798708104219e-53,"7","CALM2"
2.81560060502787e-57,0.647663858213405,0.432,0.249,6.88470659941414e-53,"7","MARCKSL1"
1.17377402589832e-56,0.466221491200428,0.752,0.525,2.87011224812656e-52,"7","BZW1"
1.10848779587916e-55,0.472129168036434,0.684,0.468,2.71047435848373e-51,"7","CCNH"
5.3946122035211e-55,0.543571593760221,0.668,0.462,1.31909057600498e-50,"7","PTP4A2"
2.03873204590588e-54,0.473562535706945,0.903,0.747,4.98510759864905e-50,"7","CCL4"
5.11680952267356e-54,0.961863278031432,0.2,0.087,1.25116226448414e-49,"7","PDLIM1"
2.48055270441525e-53,0.558005309414873,0.437,0.254,6.06544747283617e-49,"7","CRYBG1"
3.16987129519917e-53,0.465267868544136,0.709,0.491,7.75096929102101e-49,"7","HNRNPA0"
3.87040029473651e-52,0.852458236285753,0.267,0.133,9.46390280068971e-48,"7","C16orf54"
5.45843413418592e-52,0.529524956684915,0.605,0.399,1.33469631449114e-47,"7","CSTB"
8.02157457607316e-52,0.838127272175735,0.267,0.133,1.96143541534141e-47,"7","DYNLT3"
9.00592009998738e-52,0.592362298548813,0.456,0.273,2.20212758284892e-47,"7","C12orf75"
2.32083534563043e-51,0.461747567140556,0.708,0.492,5.67490658713552e-47,"7","TERF2IP"
2.32352018724096e-51,0.48389375848382,0.703,0.505,5.68147156184159e-47,"7","ARHGDIA"
6.27881776053209e-51,0.296016768295824,0.968,0.841,1.53529651880531e-46,"7","PABPC1"
1.07755527392565e-50,0.367700772062173,0.939,0.737,2.634838155803e-46,"7","CREM"
5.57761432056653e-50,0.98269874827764,0.201,0.091,1.36383825366493e-45,"7","ARRDC3"
8.58345925656991e-50,0.556270750076486,0.414,0.239,2.09882745741647e-45,"7","TAF7"
2.31697110002205e-49,0.527909848803793,0.51,0.316,5.66545773377392e-45,"7","HNRNPL"
3.44230508528044e-49,0.65602118233686,0.292,0.151,8.41712439452772e-45,"7","EIF1AY"
1.01020959757627e-48,0.419056712464794,0.749,0.532,2.4701645079935e-44,"7","GNG2"
8.90733327738859e-48,0.555154324486293,0.437,0.262,2.17802113298706e-43,"7","WBP11"
9.45104843394623e-48,0.387993723955165,0.832,0.624,2.31097036306853e-43,"7","PCBP2"
1.02070241058548e-47,0.690812785175199,0.449,0.284,2.49582153436361e-43,"7","RELB"
1.49664807215711e-47,0.669039666546078,0.329,0.183,3.65960386603857e-43,"7","PRELID3B"
4.57903726353486e-47,0.583311684926522,0.383,0.221,1.11966619167954e-42,"7","FASLG"
5.28326838098273e-47,0.586329306021784,0.416,0.249,1.2918647845179e-42,"7","PITHD1"
3.6757414724659e-46,0.639264266929256,0.364,0.211,8.98792304847362e-42,"7","ADIPOR1"
4.64196560065581e-46,0.804476593489757,0.257,0.131,1.13505342867236e-41,"7","TERF1"
1.20249567333495e-45,0.799660008291186,0.243,0.122,2.94034242043861e-41,"7","FLOT1"
2.08381458494212e-45,0.429874280338838,0.57,0.373,5.09534342310046e-41,"7","PTGER4"
2.15592832133989e-44,0.48711562542331,0.541,0.357,5.27167593134031e-40,"7","BCL3"
4.04928681617857e-44,0.300918158153536,0.964,0.827,9.90131612291983e-40,"7","YWHAZ"
6.4855595675227e-44,0.3468343024443,0.901,0.739,1.58584902545065e-39,"7","SUB1"
7.79403823799862e-44,0.561322854822301,0.344,0.195,1.90579822995542e-39,"7","P2RY8"
1.2155691665084e-43,0.325947910560106,0.877,0.676,2.97230972594633e-39,"7","SELENOK"
1.62099596774043e-43,0.630311675745772,0.259,0.133,3.9636593403189e-39,"7","MAF"
6.43706340014164e-43,0.573692904876189,0.372,0.22,1.57399074260263e-38,"7","ABT1"
7.9901071730844e-43,0.453031367203039,0.661,0.468,1.9537410059626e-38,"7","SEC62"
8.00089078828722e-43,0.520684031488339,0.416,0.252,1.95637781555199e-38,"7","HDAC1"
8.91717904543913e-43,0.314603927578276,0.785,0.586,2.18042862019078e-38,"7","SLC2A3"
8.99554937913178e-43,0.408327213119446,0.733,0.535,2.1995917341853e-38,"7","CYCS"
1.78350659626107e-42,0.603651017938103,0.271,0.144,4.36103032917758e-38,"7","TGFBR3"
4.32216658285985e-42,0.450987171510425,0.591,0.398,1.05685617284089e-37,"7","STRAP"
9.38388913951972e-42,0.514925503776989,0.484,0.31,2.29454857239536e-37,"7","TSEN54"
9.54971441483307e-42,0.622089566946109,0.339,0.197,2.33509616871498e-37,"7","C14orf119"
1.47455041389674e-41,0.46224832752268,0.487,0.309,3.60557067206031e-37,"7","NSA2"
1.91753089934094e-41,0.564044413131298,0.39,0.236,4.68874655506848e-37,"7","YTHDF2"
2.77526810492844e-41,0.639103065625404,0.245,0.127,6.78608557017102e-37,"7","CCL3"
8.12862533332455e-41,0.352550923465798,0.595,0.398,1.98761146650452e-36,"7","STAT4"
2.72371091684469e-40,0.721737434911324,0.261,0.141,6.66001793386863e-36,"7","TFIP11"
5.42841052381537e-40,0.697615513910269,0.216,0.108,1.32735494128333e-35,"7","TMEM71"
1.81903569368728e-39,0.619198553929888,0.335,0.198,4.44790607820414e-35,"7","TINF2"
3.19843280489168e-39,0.609109374064002,0.349,0.21,7.82080789452112e-35,"7","RELA"
3.80303027867541e-39,0.55056359536344,0.361,0.217,9.29916963741712e-35,"7","ISG20L2"
5.47647871164571e-39,0.268649437793885,0.968,0.863,1.33910857457161e-34,"7","ZFP36L2"
7.07672245710175e-39,0.309590873087896,0.895,0.725,1.73040017521052e-34,"7","CCNI"
9.48060840088694e-39,0.459247979962651,0.538,0.363,2.31819836618487e-34,"7","MAPK1IP1L"
1.55133466287903e-38,0.555675536942672,0.315,0.18,3.7933235176718e-34,"7","SNHG7"
2.46508152088746e-38,0.634609227632575,0.269,0.148,6.02761733487402e-34,"7","NRBF2"
2.88222020366473e-38,0.256979998860134,0.971,0.856,7.04760484200101e-34,"7","OAZ1"
7.2120175336724e-38,0.520482957659801,0.394,0.246,1.76348252733358e-33,"7","KDELR2"
1.57692066313361e-37,0.357030657848245,0.67,0.462,3.85588640549431e-33,"7","RBM38"
1.63008926211977e-37,0.595887016988349,0.331,0.196,3.98589426373527e-33,"7","TRAPPC4"
1.99609269593664e-37,0.335819345486027,0.799,0.601,4.88084586010428e-33,"7","PDCD4"
2.39511438595914e-37,0.351103441448139,0.81,0.622,5.85653369654729e-33,"7","DAZAP2"
2.70820029619103e-37,0.277846080478565,0.758,0.546,6.62209136424631e-33,"7","TENT5C"
5.56670001123986e-37,0.449959130380355,0.511,0.341,1.36116948674837e-32,"7","ILF2"
6.15242543011561e-37,0.578702875509632,0.26,0.142,1.50439106617187e-32,"7","IFI6"
7.23780646531604e-37,0.315239674900921,0.806,0.619,1.76978843689908e-32,"7","PDIA3"
7.40921498395437e-37,0.668412935601913,0.267,0.148,1.81170124787652e-32,"7","TBPL1"
7.66332308754018e-37,0.321198166891618,0.854,0.672,1.87383576136533e-32,"7","UQCRB"
8.77473707236477e-37,0.325025757910008,0.804,0.608,2.14559870893463e-32,"7","SLC25A6"
9.03333558073377e-37,0.587548768169285,0.314,0.183,2.20883121620102e-32,"7","SEC23B"
9.6542123515217e-37,0.306595612261436,0.707,0.512,2.36064800419409e-32,"7","PRF1"
1.58066699760102e-36,0.437259476198791,0.523,0.355,3.86504694253401e-32,"7","KRT10"
2.01562728983222e-36,0.472746511207826,0.459,0.301,4.92861184909774e-32,"7","CEBPZ"
3.66164945148528e-36,0.261553065816794,0.891,0.716,8.9534652387718e-32,"7","S100A6"
5.18383889924956e-36,0.41782310817915,0.525,0.351,1.2675522876445e-31,"7","RPN1"
6.42433921030884e-36,0.620082059728842,0.275,0.156,1.57087942370472e-31,"7","RNF11"
6.5507473458245e-36,0.440994047803057,0.398,0.248,1.60178874100101e-31,"7","FKBP11"
1.42353350872686e-35,0.335253419587362,0.732,0.533,3.48082413553892e-31,"7","MORF4L1"
1.50098093346901e-35,0.43693957486524,0.496,0.33,3.67019857851842e-31,"7","SS18L2"
1.61293867977591e-35,0.496548345294353,0.415,0.268,3.94395765978807e-31,"7","PRMT2"
1.7796560877645e-35,0.453337376167053,0.469,0.307,4.35161506580176e-31,"7","POLR2K"
3.42046955171445e-35,0.491463993949299,0.416,0.268,8.36373214785217e-31,"7","EMC7"
4.18662354377169e-35,0.358437762782189,0.676,0.48,1.02371318892305e-30,"7","CD48"
9.20992384420707e-35,0.470425680477559,0.428,0.277,2.25201057838551e-30,"7","SSB"
1.21303111732709e-34,0.47583766763967,0.375,0.233,2.96610368808821e-30,"7","DDX27"
1.27136929498523e-34,0.619041211163613,0.254,0.142,3.10875220009789e-30,"7","UBE2E3"
1.5297398484236e-34,0.801437905585396,0.201,0.105,3.7405198773654e-30,"7","ST3GAL5"
1.84731578523451e-34,0.608040882311505,0.262,0.148,4.51705655805543e-30,"7","TMEM39A"
2.13657074102098e-34,0.415056092374721,0.429,0.274,5.2243427759445e-30,"7","IMP3"
2.35215228725739e-34,0.297935425160428,0.906,0.748,5.75148277280177e-30,"7","MYL12B"
3.06507069560789e-34,0.632853986639085,0.235,0.128,7.4947108649004e-30,"7","RCE1"
3.20953429518915e-34,0.610267503029901,0.274,0.158,7.84795325859651e-30,"7","ARL2BP"
7.26711720048695e-34,0.481248189754163,0.392,0.25,1.77695549786307e-29,"7","MAPRE1"
1.31066196435798e-33,0.295552097226742,0.928,0.807,3.20483063524813e-29,"7","SRSF7"
1.57612358476565e-33,0.546675564648772,0.274,0.157,3.85393738946897e-29,"7","GLTP"
1.82341068433357e-33,0.665029289091318,0.287,0.17,4.45860380533245e-29,"7","SLC10A3"
3.35927441786611e-33,0.497095419908496,0.336,0.206,8.2140978065662e-29,"7","PPP1R11"
3.40833568713583e-33,0.499855308423872,0.304,0.18,8.33406242218452e-29,"7","CTNNB1"
4.11626213481392e-33,0.380222285766014,0.465,0.306,1.0065084172047e-28,"7","AKIRIN1"
6.46940907810057e-33,0.71694559283153,0.205,0.109,1.58189990777715e-28,"7","GLO1"
6.51871133586191e-33,0.316542553646361,0.803,0.612,1.59395529584495e-28,"7","ATP6V0C"
6.77339934133238e-33,0.361622970468412,0.599,0.416,1.65623160694259e-28,"7","MAGOH"
7.71294918867608e-33,0.471493250058048,0.455,0.304,1.88597033561507e-28,"7","SPN"
8.31037304310338e-33,0.481247910050356,0.349,0.216,2.03205241649964e-28,"7","RNF138"
1.06123900029639e-32,0.601501583724155,0.234,0.128,2.59494160352474e-28,"7","XAB2"
1.21917153621468e-32,0.391442099937286,0.51,0.348,2.98111824035214e-28,"7","SF3A1"
1.59107999967592e-32,0.400496008784908,0.469,0.308,3.89050881520755e-28,"7","SYF2"
1.73975277697209e-32,0.336397117089121,0.78,0.604,4.25404349025217e-28,"7","SERP1"
3.28612693878373e-32,0.462440872621585,0.371,0.234,8.03523759071398e-28,"7","SLIRP"
3.31897172501977e-32,0.299038514478626,0.809,0.623,8.11554966201834e-28,"7","BRD2"
3.34067085677338e-32,0.398971242627739,0.568,0.402,8.16860837898228e-28,"7","MAT2A"
4.38692584119018e-32,0.457058405892521,0.365,0.229,1.07269110668782e-27,"7","NDUFC1"
4.72865660940322e-32,0.329925562165503,0.576,0.396,1.15625111413128e-27,"7","GPR65"
1.06246422694052e-31,0.302154911566162,0.578,0.4,2.59793752771496e-27,"7","EIF4A3"
1.12147577085671e-31,0.496308542861036,0.389,0.251,2.74223255489883e-27,"7","NR1H2"
1.21984539011752e-31,0.613264439995232,0.247,0.14,2.98276594791537e-27,"7","LLPH"
1.59268490271012e-31,0.352315324156963,0.545,0.38,3.8944331241068e-27,"7","ATP5ME"
1.61107996503918e-31,0.320342950649594,0.666,0.484,3.9394127305138e-27,"7","RBM3"
1.63386048400406e-31,0.513299661640455,0.323,0.198,3.99511565548673e-27,"7","LPCAT1"
1.66835455872598e-31,0.548449047914081,0.312,0.189,4.07946056699677e-27,"7","MTFP1"
1.69434017192219e-31,0.269204875753863,0.87,0.723,4.14300058838414e-27,"7","CALR"
2.0141082656184e-31,0.410317489239483,0.386,0.245,4.92489753109011e-27,"7","RAB14"
2.4093399019752e-31,0.375527673531905,0.591,0.417,5.89131792830976e-27,"7","H2AFV"
2.52278586096357e-31,0.512021955899966,0.315,0.194,6.16871598722812e-27,"7","PRPF38A"
2.88713207988523e-31,0.45562262986927,0.402,0.263,7.05961536173537e-27,"7","SF3B4"
3.18021885851719e-31,0.387598657894439,0.534,0.371,7.77627115284622e-27,"7","GABARAPL2"
4.02674562778258e-31,0.45036268512664,0.377,0.241,9.84619840905396e-27,"7","CTR9"
5.67104444303257e-31,0.415761636783121,0.419,0.275,1.38668378721032e-26,"7","MED10"
5.69532460592015e-31,0.337791144664424,0.581,0.408,1.39262077263959e-26,"7","CSDE1"
6.69571788727921e-31,0.303867003243885,0.83,0.669,1.63723693779751e-26,"7","DDX24"
8.54490223064982e-31,0.485762017248054,0.367,0.236,2.08939949343849e-26,"7","MECP2"
9.7364156650826e-31,0.333094865659473,0.639,0.462,2.380748358426e-26,"7","NDUFA3"
1.08408096037842e-30,0.425151858138683,0.395,0.255,2.65079476431731e-26,"7","GOLPH3"
1.13147008449804e-30,0.455497851346102,0.337,0.209,2.76667065061461e-26,"7","ARRB2"
1.52051649495656e-30,0.330924681099916,0.658,0.479,3.71796693346778e-26,"7","MAP1LC3B"
2.06022237559136e-30,0.3896611103268,0.542,0.38,5.03765575279599e-26,"7","P4HB"
2.97378017815994e-30,0.455542515580919,0.344,0.214,7.27148729163668e-26,"7","GNAI3"
3.003008867821e-30,0.529206816008096,0.229,0.126,7.34295728359591e-26,"7","ANXA2R"
3.07373062401499e-30,0.314051208489856,0.811,0.624,7.51588612184146e-26,"7","HNRNPK"
4.48634700828051e-30,0.410911756170123,0.486,0.33,1.09700157046475e-25,"7","ABI3"
5.32083238435349e-30,0.254028183896622,0.874,0.694,1.30104993462211e-25,"7","OST4"
5.90854814755691e-30,0.420275866323454,0.477,0.33,1.44475819304061e-25,"7","CSNK1D"
6.43976526512684e-30,0.320165239828531,0.719,0.535,1.57465140262882e-25,"7","ATP6V1G1"
6.56284932378271e-30,0.501667183830479,0.288,0.172,1.60474791665135e-25,"7","ERVK3-1"
1.10959216840314e-29,0.296758672216153,0.788,0.594,2.71317477017936e-25,"7","RBM8A"
1.37830665658517e-29,0.521549735999599,0.287,0.174,3.37023543668205e-25,"7","TGS1"
1.41490416033545e-29,0.305331070452078,0.659,0.477,3.45972365285225e-25,"7","ATP5MD"
1.45747668979582e-29,0.556278912864936,0.271,0.162,3.56382200188874e-25,"7","CWC15"
1.48850088741289e-29,0.375203354386689,0.469,0.314,3.63968236990199e-25,"7","SNRPB2"
2.13846465787509e-29,0.564362625120737,0.264,0.158,5.22897378143618e-25,"7","LRRC59"
2.14811703415867e-29,0.510363073082242,0.271,0.161,5.25257577192479e-25,"7","FAM118A"
2.72805980268272e-29,0.322462729406559,0.713,0.53,6.67065182951978e-25,"7","NOP53"
3.01737094491437e-29,0.402951887766143,0.395,0.258,7.37807543450462e-25,"7","PYURF"
3.45650570688123e-29,0.290555644341296,0.783,0.598,8.45184775446599e-25,"7","SAP18"
3.74898456156319e-29,0.440773771274138,0.287,0.171,9.1670170499343e-25,"7","PPP2R2B"
4.47187405367865e-29,0.596726161452903,0.218,0.122,1.0934626436055e-24,"7","GLUL"
5.30826708704441e-29,0.481527298686599,0.328,0.206,1.2979774681241e-24,"7","EMC10"
6.94225141679181e-29,0.560433907480535,0.22,0.123,1.69751931643393e-24,"7","NUTM2A-AS1"
7.54073681784088e-29,0.298022295222134,0.671,0.499,1.84386096669845e-24,"7","HMGN2"
8.02109204631188e-29,0.532721159528823,0.251,0.146,1.96131742716418e-24,"7","U2AF1"
1.07184320497101e-28,0.412189797937421,0.361,0.231,2.6208710047951e-24,"7","RHEB"
1.07751420765312e-28,0.436414255106051,0.332,0.208,2.63473774055341e-24,"7","SAR1A"
1.28292291829569e-28,0.349418567353829,0.456,0.304,3.13700311981661e-24,"7","COPS9"
1.51609118025451e-28,0.324589571859222,0.519,0.36,3.70714615395832e-24,"7","UQCRFS1"
1.68364063420657e-28,0.31574723297962,0.611,0.443,4.1168380787619e-24,"7","SYAP1"
1.71141290167389e-28,0.374451377873352,0.45,0.306,4.184746827173e-24,"7","PDCL3"
1.74797974331298e-28,0.538196682797808,0.278,0.168,4.27416006834889e-24,"7","SIRT2"
2.01179946702613e-28,0.275814842386572,0.691,0.513,4.91925205677229e-24,"7","DNAJB6"
2.29871927281456e-28,0.492255227178597,0.346,0.223,5.62082836588616e-24,"7","PHF1"
2.3563934709958e-28,0.345036686590135,0.405,0.265,5.76185331527894e-24,"7","HERPUD2"
2.67201560683221e-28,0.430376003683395,0.366,0.237,6.53361256182613e-24,"7","APH1A"
3.02888324036097e-28,0.390259593056546,0.427,0.288,7.40622529933065e-24,"7","SERINC3"
3.43527903349438e-28,0.485587043851014,0.327,0.207,8.39994429270045e-24,"7","COX20"
4.30199864719949e-28,0.454663804192797,0.345,0.221,1.05192470921322e-23,"7","MED4"
4.55317244987244e-28,0.614648933982762,0.247,0.147,1.11334172744281e-23,"7","MRPL1"
4.7642129381116e-28,0.421175234992186,0.353,0.224,1.16494534762705e-23,"7","VAMP2"
5.07451572432659e-28,0.268644742040996,0.896,0.735,1.24082058491234e-23,"7","SKP1"
5.56737136506414e-28,0.366739069807166,0.439,0.294,1.36133364618548e-23,"7","TMED2"
6.26258058891926e-28,0.468835080549827,0.293,0.18,1.53132620560254e-23,"7","KRR1"
8.19046924380331e-28,0.284346415709638,0.768,0.59,2.00273353949479e-23,"7","ARF1"
9.3072941568237e-28,0.474011370118665,0.332,0.214,2.27581956722653e-23,"7","AKIRIN2"
9.3952186398025e-28,0.253220781822542,0.709,0.531,2.29731886180451e-23,"7","EML4"
1.02775136934423e-27,0.335141829428619,0.561,0.396,2.51305764832051e-23,"7","GHITM"
2.36070418834004e-27,0.362086969328724,0.477,0.329,5.77239388132906e-23,"7","RASSF5"
3.26911404443691e-27,0.48133527078775,0.293,0.182,7.99363766145713e-23,"7","OSER1"
3.70278534486755e-27,0.534417606609903,0.261,0.158,9.05405072527012e-23,"7","COPS3"
3.83337203202547e-27,0.392163524315896,0.422,0.285,9.37336129270868e-23,"7","MLF2"
3.97361191592506e-27,0.273497783555936,0.828,0.647,9.71627585681996e-23,"7","CNBP"
4.53701007529725e-27,0.379603604638802,0.414,0.274,1.10938970361168e-22,"7","ANXA2"
5.70471030816229e-27,0.368278318060504,0.533,0.378,1.39491576455184e-22,"7","PET100"
6.40622022504727e-27,0.291602375236068,0.723,0.54,1.56644896942856e-22,"7","NDUFA1"
8.88699082526333e-27,0.339608466397108,0.531,0.374,2.17304699659339e-22,"7","BCAS2"
9.13431482146555e-27,0.450165374717127,0.348,0.225,2.23352266014476e-22,"7","MAZ"
1.29006408608049e-26,0.252217418562965,0.861,0.692,3.15446470328401e-22,"7","TMBIM6"
1.61461497451865e-26,0.282766973679166,0.746,0.564,3.94805653569299e-22,"7","KMT2E"
1.72799029047174e-26,0.352202358483934,0.504,0.353,4.2252818582615e-22,"7","EIF4A1"
1.76053454990978e-26,0.469052314848532,0.272,0.166,4.3048590814394e-22,"7","RAB29"
2.11108400484168e-26,0.376214531795553,0.422,0.286,5.16202260863888e-22,"7","NOL7"
3.21648057673484e-26,0.447917595268426,0.34,0.222,7.86493830623204e-22,"7","ARPP19"
3.54294987470772e-26,0.47451542975928,0.288,0.179,8.66322103363532e-22,"7","CWC25"
4.25982035006837e-26,0.272362881534699,0.804,0.626,1.04161127199872e-21,"7","PCBP1"
8.80061488394712e-26,0.386678064238844,0.403,0.271,2.15192635142275e-21,"7","DNAJC1"
1.36877275856128e-25,0.301255546777835,0.642,0.473,3.34692314923405e-21,"7","TAPBP"
1.6641743702475e-25,0.281546442709159,0.452,0.306,4.06923917012918e-21,"7","CD5"
1.67319686998809e-25,0.321364555669591,0.534,0.382,4.09130098649487e-21,"7","RSL24D1"
1.85528089714535e-25,0.462915249747716,0.287,0.18,4.53653284969981e-21,"7","BLOC1S2"
1.95687208654595e-25,0.287076980205403,0.644,0.474,4.78494362602215e-21,"7","SNRPG"
2.26758740386893e-25,0.469630423856174,0.249,0.15,5.54470471994031e-21,"7","MED30"
2.31331285294081e-25,0.58654669990906,0.204,0.117,5.65651258801086e-21,"7","TMEM263"
2.37120723276988e-25,0.416306219250317,0.324,0.208,5.7980759255689e-21,"7","ORMDL1"
2.43406562604791e-25,0.474885367159368,0.301,0.192,5.95177726881234e-21,"7","C1D"
2.58988868877966e-25,0.262805774761421,0.782,0.597,6.33279582180403e-21,"7","POLR2L"
2.60260671907669e-25,0.302112789411004,0.542,0.384,6.36389394948633e-21,"7","UQCRQ"
2.79811699269356e-25,0.335516963633037,0.462,0.321,6.84195567053428e-21,"7","HMGB2"
2.81665112061945e-25,0.421177355405321,0.331,0.216,6.88727532013868e-21,"7","GGNBP2"
4.5778407111768e-25,0.343807857627982,0.486,0.342,1.11937361069695e-20,"7","MAT2B"
5.14043901332269e-25,0.524693791018365,0.207,0.12,1.25694014753767e-20,"7","CWC22"
5.32626411910056e-25,0.552132430117408,0.212,0.123,1.30237810240247e-20,"7","CDK11A"
6.35288408232582e-25,0.364841787163263,0.45,0.315,1.55340721581031e-20,"7","SLBP"
7.14810147372194e-25,0.545559382108278,0.227,0.135,1.74785377235449e-20,"7","TUBB2A"
8.70514670920276e-25,0.322243557298441,0.501,0.353,2.12858247333426e-20,"7","SRPRA"
8.91274196587228e-25,0.348360985080035,0.442,0.306,2.17934366549509e-20,"7","RAB5C"
1.10511658207429e-24,0.291943413962432,0.595,0.433,2.70223106648804e-20,"7","C4orf3"
1.23139738977619e-24,0.471241103304822,0.25,0.151,3.01101289748075e-20,"7","NR1D2"
1.26047313485979e-24,0.586453485862109,0.215,0.127,3.08210890935916e-20,"7","RRAGA"
1.29865842895034e-24,0.462813201539546,0.276,0.173,3.17547959046937e-20,"7","TSPYL1"
1.35083701350851e-24,0.29035422854426,0.733,0.565,3.30306666543102e-20,"7","ADGRE5"
1.41650861338943e-24,0.570289327957148,0.223,0.132,3.46364686145984e-20,"7","CRIPT"
1.42343847187009e-24,0.29964978565321,0.575,0.419,3.48059175141675e-20,"7","SLA"
1.57259069852884e-24,0.435679659360276,0.332,0.219,3.84529877604272e-20,"7","RNF115"
1.72613660263379e-24,0.397102550670065,0.428,0.299,4.22074922076014e-20,"7","PNRC2"
1.75615074635932e-24,0.308203104574276,0.491,0.348,4.29413980499781e-20,"7","AMD1"
1.92641047023191e-24,0.451582008988304,0.27,0.167,4.71045888181106e-20,"7","CD2BP2"
2.02243882737771e-24,0.256719199831706,0.778,0.595,4.94526742070398e-20,"7","ATP5F1B"
2.33609979719885e-24,0.304245880548511,0.439,0.301,5.71223122411063e-20,"7","EFHD2"
2.51707300538995e-24,0.43084848946358,0.326,0.215,6.1547469127795e-20,"7","RNASEH2C"
2.73251015505147e-24,0.383107704640265,0.444,0.311,6.68153383113185e-20,"7","OSTF1"
4.0879501239767e-24,0.504982898465599,0.24,0.145,9.99585564314782e-20,"7","SYS1"
4.34008683654793e-24,0.401797823210735,0.372,0.252,1.0612380332727e-19,"7","NDUFA5"
4.56930268101271e-24,0.554051850258798,0.207,0.121,1.11728589156123e-19,"7","TFG"
5.2754385555473e-24,0.378484725494706,0.432,0.3,1.28995023560243e-19,"7","RWDD1"
6.33236761590598e-24,0.295134665276088,0.518,0.368,1.54839052944133e-19,"7","TOMM20"
7.3636526665869e-24,0.508111172904456,0.21,0.123,1.80056035003383e-19,"7","ACSL5"
9.07363443657559e-24,0.356246277760692,0.393,0.267,2.21868509243146e-19,"7","MRPL33"
9.89649184624834e-24,0.503399564284944,0.224,0.134,2.41989018624465e-19,"7","ACSL3"
1.15172380574159e-23,0.437298899552478,0.298,0.191,2.81619504979933e-19,"7","CYB5R3"
1.20140653847025e-23,0.251923912428476,0.563,0.403,2.93767926786744e-19,"7","BRK1"
1.298643524591e-23,0.263858382295116,0.711,0.543,3.17544314632991e-19,"7","ARL6IP1"
1.86624620497409e-23,0.287304861690241,0.592,0.439,4.56334522040265e-19,"7","CALM3"
2.25658157166133e-23,0.283459621232488,0.614,0.456,5.5177932590263e-19,"7","SNRPB"
2.47222083521847e-23,0.410559096891613,0.304,0.197,6.04507438627621e-19,"7","GORASP2"
2.74371147187781e-23,0.566393738302824,0.202,0.119,6.70892329103562e-19,"7","MTMR14"
3.22193540155131e-23,0.528457215857467,0.225,0.137,7.87827644387326e-19,"7","TAF11"
3.29757628066689e-23,0.413820973325937,0.288,0.184,8.06323352148667e-19,"7","POLR2C"
5.35784334513982e-23,0.311466086717458,0.481,0.342,1.31009985475359e-18,"7","RNPS1"
7.94357873549644e-23,0.497210342052556,0.208,0.123,1.94236387240359e-18,"7","DPH3"
8.21857952228189e-23,0.359917107878919,0.353,0.238,2.00960706478837e-18,"7","EIF5B"
8.44406829760211e-23,0.269661491654557,0.661,0.503,2.06474358012967e-18,"7","TMEM59"
8.94740449260787e-23,0.316939994111643,0.445,0.311,2.18781934653248e-18,"7","DNTTIP2"
9.23843702649969e-23,0.393459589428221,0.341,0.228,2.2589826217197e-18,"7","SMIM26"
9.59294525670505e-23,0.27259330363915,0.514,0.367,2.34566697416952e-18,"7","PSAP"
1.05564495247818e-22,0.321516809655603,0.457,0.322,2.58126303779965e-18,"7","RPN2"
1.09425357364913e-22,0.308525713943287,0.483,0.347,2.67566883828685e-18,"7","TOP1"
1.20790598658572e-22,0.394121292880434,0.335,0.224,2.9535717183994e-18,"7","CCDC59"
1.35749671512002e-22,0.385509689683017,0.3,0.194,3.31935096781147e-18,"7","USP14"
1.45165589165942e-22,0.278934121399599,0.496,0.348,3.5495889862856e-18,"7","SF3B6"
1.51937387565178e-22,0.328387539975148,0.435,0.307,3.71517300074374e-18,"7","LAMP1"
1.5998587551159e-22,0.275556858081204,0.482,0.339,3.91197462800941e-18,"7","TRAM1"
1.88001955189053e-22,0.300172826478024,0.534,0.389,4.59702380828274e-18,"7","FKBP8"
2.09190321583997e-22,0.476984461993438,0.25,0.157,5.1151217433719e-18,"7","HMGN4"
2.14327184018044e-22,0.268372451198281,0.675,0.509,5.24072830360921e-18,"7","SNU13"
2.22242180812296e-22,0.394165950776713,0.279,0.179,5.43426580522226e-18,"7","EFR3A"
2.42288853347938e-22,0.271490396366464,0.586,0.433,5.92444704206377e-18,"7","VCP"
2.67462275862446e-22,0.447731485610636,0.244,0.151,6.53998756938852e-18,"7","KIAA1191"
2.72525886607022e-22,0.506680631497224,0.209,0.125,6.66380297931491e-18,"7","SIKE1"
2.83776919670144e-22,0.390271898279468,0.272,0.172,6.93891323977436e-18,"7","NELFCD"
3.09145883913611e-22,0.341029971643406,0.397,0.275,7.55923515345563e-18,"7","C1orf43"
3.15810635408306e-22,0.323741441356603,0.281,0.179,7.7222016570039e-18,"7","RBKS"
3.22894428908777e-22,0.376533065056919,0.399,0.278,7.89541457567741e-18,"7","MRPL57"
3.818202319245e-22,0.400266832949142,0.321,0.214,9.33626831101787e-18,"7","CNOT7"
4.85494314554252e-22,0.445565350399967,0.268,0.17,1.18713069794806e-17,"7","TNFSF14"
5.81533846146285e-22,0.497702827154543,0.227,0.14,1.42196656059689e-17,"7","SMIM12"
7.01957094377932e-22,0.342411283222064,0.409,0.286,1.71642548717292e-17,"7","PPP2R1A"
7.33779454069699e-22,0.277362832361966,0.428,0.296,1.79423752109123e-17,"7","CYTH1"
7.48970931194991e-22,0.388633320885017,0.286,0.185,1.83138372095799e-17,"7","DUSP11"
7.68433737718477e-22,0.362768831009811,0.348,0.235,1.87897417546922e-17,"7","SH3GLB1"
8.5175320450793e-22,0.327843934865634,0.372,0.254,2.08270693566279e-17,"7","SBDS"
9.54165171925088e-22,0.447725200216936,0.232,0.142,2.33312467839122e-17,"7","SELENOM"
1.03171435858349e-21,0.418609144270345,0.325,0.219,2.52274794960836e-17,"7","TMEM109"
1.06104991778033e-21,0.367998084057114,0.272,0.174,2.59447925895647e-17,"7","GRAP2"
1.11326302778391e-21,0.44812551247812,0.245,0.153,2.72215075553721e-17,"7","SNX1"
1.12341914681553e-21,0.305140864659303,0.381,0.26,2.74698449779333e-17,"7","ARIH2"
1.54703790301713e-21,0.290083150839374,0.417,0.289,3.78281708045749e-17,"7","LAPTM4A"
1.65713705017198e-21,0.278818238556243,0.466,0.328,4.05203151508053e-17,"7","RAD21"
2.19504642341192e-21,0.306421554663576,0.336,0.223,5.36732751452683e-17,"7","FUNDC2"
2.49565809114787e-21,0.357106744264847,0.325,0.216,6.10238316447477e-17,"7","FAM133B"
3.05419113783597e-21,0.367679422964363,0.308,0.203,7.46810817023651e-17,"7","ZNF655"
3.48892835481162e-21,0.269890301935361,0.335,0.223,8.53112761318537e-17,"7","CENPC"
3.64713909648759e-21,0.268867788623293,0.548,0.401,8.91798451873145e-17,"7","HSPA9"
3.76093444070674e-21,0.312141862962766,0.365,0.247,9.19623689441611e-17,"7","PTBP1"
3.82265129818423e-21,0.476054670544193,0.214,0.13,9.34714695432007e-17,"7","C22orf39"
4.07250908868282e-21,0.371803774788923,0.278,0.18,9.95809922364724e-17,"7","CCDC47"
5.81449601446446e-21,0.254126947661482,0.492,0.352,1.42176056545685e-16,"7","PITPNC1"
5.94766973512353e-21,0.404215533059386,0.266,0.171,1.45432420363241e-16,"7","H2AFJ"
6.08030005168863e-21,0.385165882479867,0.264,0.168,1.4867549686389e-16,"7","CCNK"
7.25614855427972e-21,0.250008140977916,0.608,0.454,1.77427344449248e-16,"7","C11orf58"
7.52779744009617e-21,0.407609900016557,0.281,0.184,1.84069703005231e-16,"7","WAPL"
8.40544563538219e-21,0.353909525586034,0.291,0.19,2.05529956676365e-16,"7","BHLHE40"
9.58854015363828e-21,0.391960163071696,0.232,0.143,2.34458983836763e-16,"7","CCDC186"
9.67201970624634e-21,0.424107785564679,0.289,0.192,2.36500225857135e-16,"7","NFKB2"
1.04191620711145e-20,0.284240144140256,0.36,0.244,2.54769350962891e-16,"7","STAU1"
1.36383333658311e-20,0.40894910368198,0.26,0.167,3.33484527461302e-16,"7","RBM22"
1.36864989909642e-20,0.42504870374305,0.225,0.139,3.34662273327057e-16,"7","SIRT7"
1.452897890554e-20,0.250650863034521,0.726,0.574,3.55262592198265e-16,"7","HLA-F"
1.61012921401187e-20,0.318721423786847,0.385,0.268,3.93708795410183e-16,"7","ATP6AP2"
1.6966981964798e-20,0.4068620759146,0.293,0.195,4.1487664300324e-16,"7","NDEL1"
1.74617519135614e-20,0.38219166072484,0.249,0.157,4.26974757790404e-16,"7","TMEM50B"
1.985933192449e-20,0.416371905509336,0.252,0.161,4.8560038421763e-16,"7","C1orf52"
2.425611172982e-20,0.332931957604218,0.318,0.213,5.93110444017559e-16,"7","VOPP1"
2.68444362654922e-20,0.305241014508814,0.459,0.331,6.56400155563815e-16,"7","PPIG"
2.8241997457794e-20,0.418661455350823,0.289,0.192,6.90573321837978e-16,"7","SZRD1"
3.5218304844264e-20,0.419283526383321,0.307,0.207,8.61157990051942e-16,"7","METAP2"
4.73774446685584e-20,0.304421188487521,0.405,0.286,1.15847327703559e-15,"7","MRFAP1"
4.93714305397237e-20,0.26291583981429,0.419,0.292,1.20723021955732e-15,"7","EMC4"
5.16356496828203e-20,0.359880892462651,0.372,0.259,1.26259490604432e-15,"7","NUCKS1"
6.05743889202659e-20,0.266436957688788,0.501,0.364,1.48116495787834e-15,"7","SELENOT"
6.21028913723466e-20,0.500686308505563,0.23,0.146,1.51853989983662e-15,"7","ARFGAP3"
7.56279800391127e-20,0.257771325145699,0.509,0.373,1.84925536791638e-15,"7","TCF25"
7.5745870227321e-20,0.312055007178823,0.334,0.227,1.85213801879845e-15,"7","PNPLA8"
7.5969967023308e-20,0.368665385293075,0.285,0.189,1.85761763365393e-15,"7","AKR1B1"
7.70375022204992e-20,0.279327226662744,0.38,0.262,1.88372100429565e-15,"7","DNAJA2"
8.55257435042043e-20,0.279892179045004,0.591,0.445,2.0912754801648e-15,"7","PAIP2"
9.55921315585064e-20,0.424940655347762,0.21,0.128,2.3374188008686e-15,"7","MED21"
1.00816386048198e-19,0.372834025065399,0.292,0.195,2.46516227165053e-15,"7","DERL2"
1.03075634770509e-19,0.338162716983733,0.304,0.204,2.52040542140848e-15,"7","PSMD6"
1.15771248746042e-19,0.367184413056236,0.231,0.145,2.83083857433822e-15,"7","STARD3NL"
1.20097071772607e-19,0.366660219689423,0.231,0.144,2.93661359898379e-15,"7","DIP2A"
1.32779679439463e-19,0.281397954714961,0.468,0.342,3.24672872165376e-15,"7","RBM4"
1.3486707827667e-19,0.250673101081633,0.5,0.362,3.29776979802115e-15,"7","LMAN2"
1.63575851204503e-19,0.393827920915229,0.267,0.175,3.9997567136525e-15,"7","BCCIP"
2.51199131933529e-19,0.408581026820938,0.251,0.162,6.14232117403864e-15,"7","TRMT10C"
2.77955625673615e-19,0.393167367859018,0.252,0.162,6.79657095897124e-15,"7","RGL4"
2.89517523025687e-19,0.39182111908568,0.249,0.161,7.0792824730241e-15,"7","SEC61A1"
2.97408620648882e-19,0.267489852482833,0.211,0.129,7.27223559210646e-15,"7","MX1"
3.14753959761442e-19,0.352782256769717,0.334,0.228,7.69636382408677e-15,"7","RNF166"
3.36006825992691e-19,0.251392477910357,0.477,0.344,8.21603890917328e-15,"7","OPTN"
4.3282423041273e-19,0.275769390900807,0.397,0.279,1.05834180820521e-14,"7","SNX6"
5.16235829470805e-19,0.259336616087885,0.533,0.395,1.26229985022201e-14,"7","NFE2L2"
6.76463393805286e-19,0.258159390531306,0.359,0.247,1.65408829053268e-14,"7","ILF3"
8.85318282716151e-19,0.265742373436805,0.404,0.286,2.16478026489753e-14,"7","INSIG1"
8.90225354147964e-19,0.325561350522546,0.332,0.229,2.1767790359626e-14,"7","METTL9"
9.36358704670393e-19,0.289471289616099,0.366,0.254,2.28958430466004e-14,"7","MAX"
1.16678215208183e-18,0.379892264835116,0.271,0.18,2.85301571827049e-14,"7","ZPR1"
1.45512864520736e-18,0.328461767243069,0.312,0.212,3.55808056326104e-14,"7","MFSD10"
2.56326765621168e-18,0.427789030210745,0.223,0.142,6.2677020729688e-14,"7","BET1L"
2.61409612221952e-18,0.282430485412922,0.454,0.331,6.39198783805118e-14,"7","PPP2CA"
2.65835937755098e-18,0.259728577092896,0.435,0.312,6.50022034998764e-14,"7","ATP1A1"
3.11380466669501e-18,0.283460861533555,0.429,0.314,7.61387517100265e-14,"7","HNRNPAB"
3.1569127258383e-18,0.285028146404506,0.358,0.25,7.71928299721981e-14,"7","CAPN2"
3.84497736965093e-18,0.268180282601399,0.42,0.301,9.40173866427045e-14,"7","ZNF207"
4.4365551345806e-18,0.355297148876343,0.252,0.165,1.08482646150765e-13,"7","NGRN"
4.8653292553501e-18,0.399102395383078,0.202,0.126,1.18967030951821e-13,"7","TRIM26"
4.94913846370688e-18,0.346520458121562,0.258,0.17,1.21016333714561e-13,"7","RNF4"
5.26256919930046e-18,0.270620686105878,0.361,0.253,1.28680342061295e-13,"7","STARD7"
7.4388738895491e-18,0.353813670772978,0.257,0.169,1.81895344347255e-13,"7","DENND1C"
7.61626546809192e-18,0.351477698775031,0.261,0.173,1.86232923225784e-13,"7","RAMMET"
8.0798391099899e-18,0.351843029308059,0.248,0.163,1.97568225917473e-13,"7","TMEM87A"
9.1908901825375e-18,0.272291719034457,0.373,0.262,2.24735646743407e-13,"7","SUPT4H1"
9.63152740814858e-18,0.255158133489734,0.373,0.262,2.35510108184049e-13,"7","NDUFB1"
9.93394251357509e-18,0.28693156815135,0.381,0.271,2.42904762341938e-13,"7","KIF5B"
1.00814687404547e-17,0.503816495681971,0.203,0.129,2.46512073641598e-13,"7","HTATSF1"
1.16952989366203e-17,0.3415315218719,0.301,0.206,2.85973449598239e-13,"7","CHCHD7"
1.20921438253108e-17,0.256884869763339,0.449,0.325,2.95677100816501e-13,"7","ORAI1"
1.22849085737906e-17,0.357479869171707,0.217,0.138,3.00390584446327e-13,"7","PRPS1"
1.26937482325679e-17,0.439827543393491,0.206,0.13,3.10387531782749e-13,"7","MPHOSPH10"
1.34063277401695e-17,0.325230956491658,0.269,0.179,3.27811525902625e-13,"7","ATG3"
1.49525313228888e-17,0.352931753791956,0.272,0.183,3.65619295907278e-13,"7","ARMCX3"
1.5067834144287e-17,0.274013480359677,0.443,0.322,3.68438680496106e-13,"7","ZC3H15"
1.60880180148543e-17,0.272345036672491,0.648,0.504,3.93384216499218e-13,"7","DBI"
2.03685245698658e-17,0.272334277658402,0.333,0.231,4.98051162782357e-13,"7","PHF20L1"
2.13729900635615e-17,0.327618280141731,0.352,0.248,5.22612353034207e-13,"7","SELENOS"
2.39566640603152e-17,0.365876046681872,0.268,0.18,5.85788349602826e-13,"7","RAB1A"
2.55048016970596e-17,0.285443623808794,0.338,0.236,6.23643411096502e-13,"7","PFDN2"
2.85351091030617e-17,0.253491160371628,0.413,0.296,6.97740487788064e-13,"7","FGFR1OP2"
3.83740834057271e-17,0.327182115675245,0.337,0.238,9.38323087436839e-13,"7","RNF114"
4.38469969260709e-17,0.346882797183592,0.257,0.171,1.07214676883628e-12,"7","SNX2"
4.83562721706448e-17,0.322990161041155,0.285,0.194,1.18240756711661e-12,"7","BCL7B"
5.28051624066335e-17,0.388540401642251,0.204,0.129,1.291191831167e-12,"7","GOLT1B"
5.43177543502597e-17,0.255749162164804,0.445,0.328,1.32817772937255e-12,"7","UBE2A"
5.51437244311513e-17,0.301323856148479,0.33,0.23,1.34837434979051e-12,"7","SF3A2"
5.52542436083945e-17,0.386451775142469,0.228,0.148,1.35107676471246e-12,"7","NCK1"
6.20726456041492e-17,0.301846988314393,0.338,0.238,1.51780033031266e-12,"7","BBX"
6.8212316757499e-17,0.336111254540244,0.248,0.165,1.66792756935437e-12,"7","NIPA2"
8.5810898812349e-17,0.271120134774773,0.333,0.233,2.09824809775956e-12,"7","TMEM9B"
9.05082049772786e-17,0.251552222236528,0.511,0.383,2.21310662810442e-12,"7","HNRNPM"
1.03850122931992e-16,0.339709535133402,0.312,0.218,2.53934320593308e-12,"7","RTN4"
1.17746499928953e-16,0.278754713971878,0.341,0.239,2.87913741626275e-12,"7","VPS4B"
1.34630630427357e-16,0.391973920271709,0.209,0.134,3.29198817520974e-12,"7","CNOT8"
1.38658262752814e-16,0.392220272515512,0.219,0.142,3.39047184083181e-12,"7","CD244"
1.46531843875522e-16,0.306981647381605,0.296,0.204,3.58299664644427e-12,"7","MTCH1"
1.59636149999166e-16,0.273916112419386,0.324,0.227,3.9034231397796e-12,"7","ATP6V0D1"
1.7479138651043e-16,0.27990164866678,0.344,0.244,4.27399898295304e-12,"7","UQCRC2"
1.76541036962799e-16,0.395841721183523,0.236,0.157,4.31678143581436e-12,"7","SRSF1"
1.8072074239239e-16,0.251129474103693,0.394,0.283,4.41898359297872e-12,"7","UBE2L3"
2.04831634701365e-16,0.383621937364763,0.221,0.145,5.00854313171777e-12,"7","PSMC2"
2.09344064593295e-16,0.323493469930494,0.28,0.191,5.11888106743524e-12,"7","IST1"
2.51512385994088e-16,0.298784863527315,0.289,0.197,6.14998086232744e-12,"7","VSIR"
2.65311845170461e-16,0.317678452480885,0.235,0.154,6.48740523810812e-12,"7","MFSD14A"
2.75405655540548e-16,0.278708366474511,0.368,0.263,6.73421908927749e-12,"7","PSMD7"
3.18571913291339e-16,0.370454439865416,0.228,0.15,7.78972042379981e-12,"7","GID8"
3.20163050449947e-16,0.325903476770894,0.285,0.196,7.82862690960211e-12,"7","MAP2K3"
3.79700694646232e-16,0.361698124905384,0.226,0.149,9.28444138548967e-12,"7","TAF9"
5.1943979564026e-16,0.300472166694104,0.282,0.194,1.27013418829956e-11,"7","AATF"
7.71053401330305e-16,0.374461531798322,0.203,0.13,1.88537977693286e-11,"7","NKAP"
8.89109223615619e-16,0.288121936539865,0.305,0.212,2.17404987358491e-11,"7","TOX4"
9.43269348334931e-16,0.316357924442413,0.319,0.227,2.30648221054857e-11,"7","FBXO7"
1.02843964974199e-15,0.265892734040404,0.293,0.203,2.51474063154912e-11,"7","SPPL2A"
1.30060245041256e-15,0.354499399295365,0.225,0.149,3.1802331117488e-11,"7","CRNKL1"
1.32640883641229e-15,0.307700575834752,0.283,0.196,3.24333488679534e-11,"7","PHF5A"
1.54850504680522e-15,0.306390634906252,0.224,0.148,3.78640454044812e-11,"7","KANSL2"
1.54911814014481e-15,0.343946465755272,0.232,0.155,3.7879036762821e-11,"7","OVCA2"
1.67972770171523e-15,0.296780965541413,0.273,0.187,4.10727017623409e-11,"7","TSC22D4"
1.72688330378985e-15,0.328741982113728,0.22,0.144,4.22257505442694e-11,"7","SVIP"
1.75885509096337e-15,0.26574994254807,0.371,0.27,4.30075246842363e-11,"7","CMPK1"
1.99782549926834e-15,0.32787400493372,0.221,0.145,4.88508291081094e-11,"7","CDKN2AIP"
2.06364401730566e-15,0.310736796894805,0.265,0.181,5.0460223511158e-11,"7","PSMC6"
2.15030340667727e-15,0.298402922621166,0.26,0.177,5.25792189000726e-11,"7","ATP6AP1"
2.22153669450582e-15,0.310251008404377,0.258,0.176,5.43210152540562e-11,"7","DDX50"
2.36832890946245e-15,0.277644090794404,0.325,0.229,5.79103784941759e-11,"7","TXNL1"
2.43888664524152e-15,0.321547472864059,0.242,0.163,5.96356562494456e-11,"7","MED28"
2.48209550334071e-15,0.398404928781034,0.211,0.139,6.06921992476871e-11,"7","TUSC2"
2.66639961816996e-15,0.272524597927663,0.31,0.217,6.51988034634918e-11,"7","MRFAP1L1"
3.02687350318272e-15,0.29970144091067,0.26,0.177,7.40131108998239e-11,"7","PSMD11"
3.37215487645881e-15,0.293147184920417,0.315,0.224,8.24559310391708e-11,"7","UFM1"
3.50635275611297e-15,0.300358512990225,0.28,0.194,8.57373375924744e-11,"7","ZFAND6"
3.75061159620082e-15,0.288539727293646,0.259,0.176,9.17099547503025e-11,"7","LSM1"
4.28084644456857e-15,0.265520124255501,0.278,0.192,1.04675257262591e-10,"7","MORF4L2"
4.8202104550127e-15,0.327718210270571,0.281,0.197,1.1786378604597e-10,"7","GRPEL1"
4.83879798544684e-15,0.257675071403479,0.301,0.211,1.18318288340146e-10,"7","RAB8A"
7.84813884280989e-15,0.351418569006585,0.202,0.131,1.91902690984387e-10,"7","PCIF1"
8.35468605524008e-15,0.319962490830824,0.225,0.15,2.04288783422731e-10,"7","CYP20A1"
1.22596010407188e-14,0.270616406106581,0.247,0.168,2.99771764647656e-10,"7","RAB5A"
1.57341721021926e-14,0.387344044694296,0.214,0.144,3.84731976242814e-10,"7","MCM6"
1.63191035427688e-14,0.306064227763194,0.255,0.176,3.99034719827782e-10,"7","UBE2D1"
1.74075477435769e-14,0.268136942175012,0.299,0.211,4.25649357425943e-10,"7","TMEM165"
3.24395189846444e-14,0.361559157357594,0.252,0.176,7.93211118212526e-10,"7","FAM32A"
3.45778674968437e-14,0.378961235505345,0.2,0.132,8.45498016032823e-10,"7","E2F4"
4.15085771661755e-14,0.358429278348869,0.245,0.17,1.01496772886732e-09,"7","COPS8"
4.23705312961982e-14,0.267038951605717,0.253,0.174,1.03604423125464e-09,"7","BCL7C"
5.69933241775388e-14,0.313761618673715,0.248,0.172,1.39360076278918e-09,"7","PDCD2"
5.71088850774721e-14,0.303150332932654,0.23,0.156,1.39642645791435e-09,"7","PIGT"
5.76358526162934e-14,0.286128617082076,0.214,0.143,1.40931186817361e-09,"7","RRP7A"
6.7955870961405e-14,0.273399132776227,0.252,0.175,1.66165695674828e-09,"7","DNAJC19"
6.86749027124545e-14,0.287483369672737,0.214,0.143,1.67923872112494e-09,"7","CCDC93"
7.08682348317315e-14,0.277792402100523,0.264,0.185,1.7328700781055e-09,"7","NELFE"
7.84912025738268e-14,0.388058082772793,0.201,0.134,1.91926688533521e-09,"7","FLOT2"
8.79409198620174e-14,0.274583733110423,0.224,0.151,2.15033137246605e-09,"7","FBXL5"
9.29461472068352e-14,0.322993620535032,0.245,0.169,2.27271919150154e-09,"7","DEGS1"
9.42650567204083e-14,0.255296335928592,0.274,0.192,2.30496916692742e-09,"7","UBE3A"
1.11251924732885e-13,0.270625926354139,0.205,0.136,2.72033206356851e-09,"7","TNIP2"
1.25029543649715e-13,0.267898812326551,0.231,0.157,3.05722240132283e-09,"7","PPP2R2A"
1.62163814770212e-13,0.31708377447135,0.219,0.148,3.96522959876122e-09,"7","CDC5L"
1.63214817937021e-13,0.342572098663325,0.22,0.15,3.99092872819605e-09,"7","POLE4"
1.79219770041137e-13,0.30502190170198,0.231,0.159,4.38228181704587e-09,"7","DCP1A"
1.81737064307436e-13,0.287220368291788,0.282,0.2,4.44383469644544e-09,"7","TNIP1"
1.96597418312159e-13,0.27467932404153,0.321,0.234,4.80720007256892e-09,"7","GTF3C6"
2.07325729447485e-13,0.370537332991862,0.206,0.139,5.0695287364499e-09,"7","DNAJC9"
2.20029740533816e-13,0.288300154478083,0.26,0.181,5.38016721553288e-09,"7","PLEKHB2"
2.41104621052228e-13,0.253554796877638,0.267,0.187,5.89549019396907e-09,"7","NENF"
3.0318531736266e-13,0.321428019237719,0.221,0.152,7.41348738015176e-09,"7","PWP1"
3.08593420197554e-13,0.26570218948023,0.206,0.137,7.54572631067058e-09,"7","TLE4"
3.40821261022137e-13,0.271388900360357,0.265,0.186,8.33376147451329e-09,"7","TCIRG1"
3.46052823493391e-13,0.265191318156019,0.278,0.198,8.4616836400604e-09,"7","PSMD2"
3.83096639344436e-13,0.302421286496278,0.23,0.158,9.36747902525015e-09,"7","ARHGAP25"
4.3453446071409e-13,0.298878443039376,0.206,0.138,1.06252366333809e-08,"7","NUDT16L1"
4.46433448779607e-13,0.368016824754382,0.21,0.144,1.0916190689559e-08,"7","ACO2"
4.71379768741833e-13,0.274752495843156,0.25,0.175,1.15261781052753e-08,"7","SUMO3"
4.95214824947487e-13,0.271419262555618,0.251,0.175,1.2108992899616e-08,"7","BNIP3L"
5.3343106525102e-13,0.260056956671767,0.249,0.174,1.30434564075179e-08,"7","NOLC1"
8.97052956771414e-13,0.300947525477736,0.202,0.136,2.19347388989746e-08,"7","NSFL1C"
1.22433867840518e-12,0.250211596950102,0.28,0.2,2.99375293643636e-08,"7","RIC8A"
1.39170005202005e-12,0.283126501975601,0.227,0.157,3.40298496719941e-08,"7","SBNO1"
1.56244373064727e-12,0.260450767115191,0.25,0.175,3.8204874101787e-08,"7","RAB9A"
2.08404790802923e-12,0.29804270990595,0.206,0.14,5.09591394471306e-08,"7","UGP2"
2.10449378575055e-12,0.296612970732873,0.22,0.152,5.14590820491725e-08,"7","AASDHPPT"
2.15489428851254e-12,0.328135296618959,0.227,0.158,5.26914751427085e-08,"7","RABIF"
3.12119886884836e-12,0.283951275854896,0.245,0.173,7.631955474108e-08,"7","OGFR"
3.14797966119223e-12,0.253156415038333,0.226,0.156,7.69743986754725e-08,"7","AAMP"
3.28077505668408e-12,0.315564475261775,0.203,0.139,8.02215116860392e-08,"7","PAGR1"
3.79874670843687e-12,0.250760941296769,0.291,0.212,9.28869545146983e-08,"7","EIF3J"
5.23619206126632e-12,0.27970154088111,0.237,0.168,1.28035368282084e-07,"7","SMNDC1"
6.1060446346045e-12,0.273175273781082,0.224,0.157,1.49305003405349e-07,"7","CDS2"
8.53367456289866e-12,0.259518115530539,0.206,0.142,2.08665410411998e-07,"7","TMEM183A"
1.13397561005502e-11,0.261279300892979,0.247,0.176,2.77279716170653e-07,"7","RAB18"
1.28491000306279e-11,0.36364990193434,0.2,0.139,3.14186193948913e-07,"7","ZNF410"
1.36742883196915e-11,0.271808485669322,0.218,0.152,3.34363697993096e-07,"7","GARS"
1.48402986488612e-11,0.279644386576051,0.22,0.153,3.62874982561955e-07,"7","POLE3"
1.48938888900283e-11,0.258494971519255,0.205,0.141,3.64185371138972e-07,"7","RMND5A"
1.74857473208154e-11,0.26445165323135,0.209,0.145,4.27561493488578e-07,"7","SND1"
2.6073213235404e-11,0.254630148292591,0.228,0.161,6.37542210032099e-07,"7","CDK5RAP3"
2.61578776119524e-11,0.294386012318163,0.243,0.175,6.39612423367461e-07,"7","ZNF394"
3.79552676039321e-11,0.271836145713235,0.207,0.145,9.28082203451348e-07,"7","ZNF430"
4.38628300668163e-11,0.300427463902301,0.201,0.141,1.07253392079379e-06,"7","CCNG1"
8.13160646152988e-11,0.250688508742061,0.202,0.141,1.98834041197329e-06,"7","CNIH4"
8.32480549095665e-11,0.271523275612471,0.237,0.171,2.03558143864872e-06,"7","COPS2"
1.0349916835423e-10,0.29685250537698,0.222,0.159,2.53076166459762e-06,"7","MRPL21"
1.06091378531112e-10,0.263065218731921,0.201,0.14,2.59414638784275e-06,"7","WIPI2"
1.07040401581025e-10,0.292609408500251,0.206,0.145,2.61735189945923e-06,"7","PRR7"
1.12363375620831e-10,0.285139766429211,0.241,0.175,2.74750926068055e-06,"7","G6PD"
1.31095074827245e-10,0.274305517740403,0.213,0.152,3.2055367696758e-06,"7","PSMD12"
1.55787093494905e-10,0.251183022916024,0.204,0.143,3.80930601013742e-06,"7","CHTOP"
3.48049011918104e-10,0.269287289279911,0.204,0.145,8.51049443942148e-06,"7","ZC3H13"
6.34834429164931e-10,0.262047951267499,0.244,0.179,1.55229714619409e-05,"7","PSMB4"
7.90189985755554e-10,0.325339657803246,0.548,0.453,1.93217255316948e-05,"7","MYADM"
1.41735352261051e-09,0.253264824740463,0.22,0.16,3.46571283348723e-05,"7","SLC1A5"
0,2.90103869878881,0.559,0.118,0,"10","TYROBP"
0,2.99522477386405,0.495,0.091,0,"10","LINC02446"
0,3.79768193756167,0.447,0.065,0,"10","GNLY"
0,3.61695073068799,0.382,0.056,0,"10","TRDC"
0,4.43841822236644,0.285,0.026,0,"10","ZNF683"
0,1.76119770796799,0.962,0.709,0,"10","IFITM2"
7.44490058603805e-276,1.85297859257163,0.698,0.239,1.82042709129802e-271,"10","TXNIP"
1.76625634366663e-258,2.67553814004159,0.306,0.051,4.31885001153364e-254,"10","AC004832.6"
6.17531576692472e-221,2.34609125593661,0.425,0.111,1.50998821132843e-216,"10","PTGDR"
8.06148737576414e-215,1.01357854384831,0.99,0.919,1.97119489312185e-210,"10","IFITM1"
8.53142733657865e-213,1.9781408423648,0.657,0.278,2.08610461234021e-208,"10","HOPX"
9.08888368538716e-212,1.29007778358341,0.923,0.662,2.22241383875087e-207,"10","CTSW"
6.00690648799756e-194,0.984505060005672,0.979,0.871,1.46880877444516e-189,"10","HCST"
7.16017924912073e-179,1.64221117713306,0.677,0.304,1.750807029995e-174,"10","HSPA1A"
2.69480732779075e-176,1.06725217024186,0.953,0.831,6.58934287791393e-172,"10","MT-ND4"
1.29657519094771e-173,1.86057555364814,0.53,0.199,3.17038565690535e-169,"10","CD160"
2.50582715559984e-161,0.671025133647003,0.998,0.96,6.12724856087273e-157,"10","TMSB10"
1.9751494116093e-158,2.44888250099308,0.321,0.084,4.82963534126706e-154,"10","IFITM3"
7.40571592923597e-154,0.893610925144688,0.961,0.836,1.81084565901678e-149,"10","MYL12A"
3.47716075143991e-153,2.24139471692181,0.366,0.11,8.50235346942086e-149,"10","NCR3"
1.00308459149206e-151,1.514666433449,0.603,0.257,2.45274244311639e-147,"10","HSPA1B"
2.42496652618653e-151,0.64295284980407,0.985,0.979,5.92952814983129e-147,"10","CCL5"
9.71853487966282e-144,2.25533361210477,0.252,0.057,2.37637614877515e-139,"10","HSPA6"
1.66536868390478e-143,0.77862628880642,0.98,0.911,4.07215950588397e-139,"10","MT-ATP6"
5.72289816400797e-142,0.712931620647794,0.992,0.956,1.39936305906323e-137,"10","MT-ND3"
7.84218330040397e-136,0.771403951251099,0.986,0.901,1.91757066061478e-131,"10","FTL"
2.17970922749965e-132,2.42582797462731,0.322,0.097,5.32982500308214e-128,"10","TRDV1"
1.38366758464565e-131,1.4997669803827,0.643,0.355,3.38334397797555e-127,"10","CD63"
2.92153446333441e-131,1.88082397841505,0.392,0.133,7.14373606974531e-127,"10","KLRC3"
1.42290732256737e-130,1.02657636014567,0.917,0.758,3.47929298514172e-126,"10","CD7"
1.29331994285394e-126,1.22004758776881,0.713,0.397,3.16242592426645e-122,"10","KLRD1"
1.70100236639347e-122,0.887509910107021,0.937,0.842,4.15929098630531e-118,"10","MT-ND2"
1.21334741755223e-120,0.632545293652858,0.982,0.914,2.96687710539872e-116,"10","ACTG1"
2.19561186399196e-116,0.821520147300789,0.912,0.736,5.36871012983314e-112,"10","CLIC1"
2.62987510106769e-115,0.789951075922935,0.645,0.315,6.43057059713072e-111,"10","XCL1"
1.8049990646864e-112,2.26979552246182,0.209,0.049,4.41358371297119e-108,"10","CISH"
9.69309353933865e-112,1.48355001069897,0.479,0.206,2.37015523223909e-107,"10","RCSD1"
6.8482133582245e-111,0.441252647663272,1,0.996,1.67452513035305e-106,"10","ACTB"
2.35383676551283e-109,0.852412244303928,0.936,0.787,5.75560165903197e-105,"10","S100A4"
1.2005321465969e-104,1.83180984624169,0.439,0.194,2.93554120485875e-100,"10","PRMT9"
6.99113594115094e-103,0.542624046043581,0.985,0.982,1.70947256033023e-98,"10","MT-CO3"
2.48482942700782e-101,1.08032745873473,0.789,0.586,6.07590491491953e-97,"10","GSTP1"
6.21462825378224e-97,1.14246023006621,0.583,0.301,1.51960090061483e-92,"10","GIMAP4"
8.2197952596122e-96,0.397782733039146,1,0.991,2.00990433688037e-91,"10","TMSB4X"
1.52620863536079e-91,2.12713693802845,0.208,0.056,3.7318853551842e-87,"10","PTGER2"
4.51111793459945e-85,1.71590146473052,0.405,0.183,1.10305855736826e-80,"10","LGALS1"
1.64774013180497e-84,0.613388745590565,0.97,0.933,4.02905417028951e-80,"10","MT-ND1"
1.71615098848112e-83,1.08601420943187,0.763,0.617,4.19633239703404e-79,"10","CD52"
2.64753807661382e-82,0.719280708467779,0.608,0.332,6.47376010493611e-78,"10","XCL2"
6.07096591184623e-78,1.71555304776937,0.297,0.113,1.48447258476464e-73,"10","TRG-AS1"
1.29361404099202e-75,0.422159898105928,0.991,0.967,3.16314505303368e-71,"10","PFN1"
9.91854306364376e-74,0.430899485117362,0.997,0.967,2.42528214992217e-69,"10","FAU"
2.21475886602455e-73,0.993828150296123,0.629,0.388,5.41552837920323e-69,"10","GIMAP7"
7.22966773809703e-73,0.353344019277452,0.994,0.993,1.76779835531948e-68,"10","MT-CO2"
1.18275530182414e-72,1.79015855652179,0.237,0.081,2.89207326402038e-68,"10","IKZF2"
1.16569949729421e-69,1.36592618069016,0.507,0.294,2.8503684107838e-65,"10","HSPB1"
1.61131627775828e-68,2.04323084991334,0.214,0.071,3.93999056237454e-64,"10","KLRF1"
2.43176157601703e-68,0.479118746665536,0.949,0.862,5.94614340567685e-64,"10","PTPRCAP"
1.07553055867733e-66,1.44565207606486,0.356,0.165,2.62988732207781e-62,"10","AGTRAP"
1.01092798151563e-64,0.686136763702279,0.857,0.728,2.47192110040201e-60,"10","MIF"
1.33705614238046e-64,1.29427999377886,0.371,0.174,3.2693696793487e-60,"10","GIMAP1"
9.66457287716264e-64,1.09702197849092,0.522,0.313,2.36318135992381e-59,"10","TRAC"
1.21135221558886e-63,1.96279971979378,0.209,0.072,2.96199843755788e-59,"10","SERPINB6"
2.95285037701732e-61,1.16897631665873,0.466,0.257,7.22030974188274e-57,"10","LINC00861"
2.52618439879029e-60,1.13612369746617,0.452,0.247,6.17702609192202e-56,"10","ARPC5L"
3.02627983390006e-60,0.533477072909611,0.974,0.931,7.39985944985243e-56,"10","NKG7"
1.01680145557729e-59,0.493753197418418,0.966,0.896,2.48628291917758e-55,"10","SH3BGRL3"
1.56469867677943e-59,1.08783253251033,0.466,0.26,3.82600120446106e-55,"10","TRAF3IP3"
1.05018149732843e-58,1.49670411570985,0.296,0.13,2.56790379726747e-54,"10","AC243960.1"
1.24532719075378e-58,1.08827798279543,0.539,0.344,3.04507404683113e-54,"10","CKLF"
9.64368554170551e-55,0.401899617714488,0.985,0.974,2.35807398865783e-50,"10","MT-CYB"
2.16673071744046e-52,0.614854033156459,0.853,0.72,5.29808995028542e-48,"10","S100A6"
1.52017815344779e-50,1.24715508695166,0.368,0.198,3.71713962081054e-46,"10","FCRL6"
4.25829919076812e-50,0.516310183818169,0.93,0.836,1.04123931812662e-45,"10","PFDN5"
1.76444083932577e-49,0.458287503853041,0.978,0.896,4.31441074031937e-45,"10","ATP5F1E"
9.72782103890012e-49,0.944830333386922,0.493,0.308,2.37864680043186e-44,"10","LCP2"
3.8875320623202e-46,0.435625928349991,0.936,0.902,9.50579339878536e-42,"10","MT-ND5"
3.89162632132566e-46,0.58728079933814,0.827,0.695,9.51580468090551e-42,"10","ATP5MC2"
4.84482050040625e-46,0.648712536767537,0.787,0.67,1.18465550875934e-41,"10","PPDPF"
9.6631860136225e-46,0.970111321633999,0.481,0.306,2.36284224405097e-41,"10","PPP1R18"
1.71463953124171e-45,1.0701746133638,0.455,0.286,4.19263658179223e-41,"10","LAMTOR4"
4.87975178880788e-45,1.36285244673573,0.246,0.108,1.1931969073993e-40,"10","RGS19"
5.55390299638971e-45,1.17485026615079,0.374,0.207,1.35804036067721e-40,"10","PTPN6"
6.23085371444685e-45,0.422466614548311,0.956,0.88,1.52356835025654e-40,"10","SERF2"
1.24907825237416e-44,0.678012318597068,0.706,0.575,3.0542461427053e-40,"10","EVL"
2.63195657853219e-44,0.434145038895545,0.897,0.813,6.43566022582692e-40,"10","RAC2"
8.43652811025445e-43,1.10665162482445,0.348,0.187,2.06289985351942e-38,"10","PYCARD"
7.91366034258596e-42,0.698397631886557,0.657,0.516,1.93504822696912e-37,"10","LY6E"
4.69687600420929e-41,1.42997726904497,0.269,0.133,1.14848012054925e-36,"10","TRGC2"
5.71918106161481e-41,0.637857792428896,0.742,0.599,1.39845415318605e-36,"10","TRBC2"
8.43135372300291e-41,0.913120739058138,0.509,0.352,2.06163461234867e-36,"10","PRELID1"
1.10888540346213e-40,0.811914010988426,0.573,0.425,2.71144658854559e-36,"10","DAD1"
3.90235402492552e-40,0.554017662382547,0.807,0.699,9.54203606174787e-36,"10","OST4"
2.17582977075281e-39,1.23735517007314,0.303,0.159,5.32033895544477e-35,"10","FAM173A"
2.54127512907772e-39,1.59748558321039,0.209,0.091,6.21392594562084e-35,"10","DNAJB4"
1.55161474139788e-38,1.07762528632626,0.393,0.24,3.79400836566611e-34,"10","SCML4"
1.84318283695581e-38,1.29808398319322,0.214,0.094,4.50695067292436e-34,"10","GIMAP6"
2.17790972921702e-38,0.910473590196402,0.518,0.372,5.32542486988147e-34,"10","VAMP8"
3.23263426238122e-38,1.12347927781206,0.377,0.229,7.90443729837456e-34,"10","RHOC"
4.43108376857597e-38,1.07926347556223,0.341,0.192,1.0834886030922e-33,"10","RASSF1"
1.04704505156144e-36,1.00257100876118,0.462,0.32,2.56023456007803e-32,"10","MATK"
6.16477072507427e-35,0.526680700274492,0.792,0.68,1.50740973769516e-30,"10","COMMD6"
6.89842859650211e-35,0.756967654049267,0.519,0.36,1.6868037604167e-30,"10","S100A11"
1.3479603614733e-34,0.588283005445495,0.728,0.61,3.2960326758745e-30,"10","UQCR11"
1.94157152309973e-33,0.584580454802885,0.723,0.605,4.74753068828347e-29,"10","ELOB"
2.63313325672957e-33,1.01550787554806,0.378,0.236,6.43853743935514e-29,"10","POLD4"
5.72459671235349e-33,0.564589701187009,0.695,0.568,1.39977838810467e-28,"10","GABARAP"
4.86394452521264e-32,1.14689586915697,0.269,0.144,1.18933171530499e-27,"10","SH3BP1"
1.06525276486383e-31,0.466495840467319,0.792,0.681,2.60475606064505e-27,"10","PSMB9"
1.2293620593909e-31,0.419231063781401,0.913,0.811,3.00603610762263e-27,"10","TMA7"
6.26359797393968e-31,0.392920843421519,0.85,0.758,1.53157497658773e-26,"10","RARRES3"
8.04961084547453e-31,0.985231787348039,0.321,0.185,1.96829084393543e-26,"10","AC116366.3"
8.82040079378894e-31,0.823311298643185,0.404,0.266,2.15676440209727e-26,"10","TUBB"
1.78736868255121e-29,0.679010249654876,0.615,0.492,4.37047390257422e-25,"10","FOS"
5.94176935960671e-29,1.12027204120119,0.294,0.174,1.45288144381103e-24,"10","BLOC1S1"
9.21515432561714e-29,0.6221067665829,0.639,0.535,2.2532895356999e-24,"10","KRTCAP2"
1.46890412366873e-28,0.343931998174634,0.957,0.901,3.59176436319478e-24,"10","UBA52"
1.61489334643052e-28,0.489270233067763,0.748,0.636,3.94873721069191e-24,"10","SNRPD2"
2.16320920415895e-28,1.02836595294887,0.306,0.182,5.28947914600946e-24,"10","MRPS34"
3.27732834936258e-28,0.385341330358973,0.881,0.819,8.01372327986139e-24,"10","PSME1"
2.78159271996654e-27,0.412982485611789,0.835,0.753,6.80155051886219e-23,"10","MYL12B"
5.24277577515141e-27,0.528419889625658,0.67,0.568,1.28196353254002e-22,"10","COX6B1"
5.44753454573355e-27,0.700489238852858,0.548,0.436,1.33203114712277e-22,"10","WDR83OS"
7.7164836329651e-27,1.16141341218508,0.241,0.132,1.88683457793263e-22,"10","KMT2E-AS1"
8.85400169876009e-27,0.605937672050504,0.639,0.529,2.16498049538082e-22,"10","RNASEK"
9.78963444255713e-27,1.06597008779056,0.473,0.36,2.39376141389407e-22,"10","CMC1"
1.27025829451181e-26,0.619462153776306,0.61,0.503,3.10603558174028e-22,"10","APRT"
2.02029365826847e-26,0.665792097676063,0.538,0.418,4.94002205319805e-22,"10","TRAPPC1"
7.17842085586888e-26,0.661524256321758,0.525,0.407,1.75526746767706e-21,"10","ANAPC16"
1.85884615042211e-25,0.649643933187946,0.537,0.419,4.54525060701213e-21,"10","PAXX"
3.59667986214568e-25,0.281824551935438,0.953,0.914,8.79460159891861e-21,"10","RACK1"
4.33388381677827e-25,0.990174633310863,0.279,0.164,1.05972127087862e-20,"10","LSM2"
6.21515132008278e-25,0.74619703984954,0.474,0.352,1.51972880078664e-20,"10","CCDC85B"
3.95576405948464e-24,0.76673648004726,0.442,0.326,9.67263427825185e-20,"10","BST2"
4.61859421649166e-24,0.70276777980174,0.463,0.341,1.12933865781654e-19,"10","SELENOH"
5.23025188140291e-24,1.03248083981183,0.278,0.168,1.27890119004064e-19,"10","OTUD6B-AS1"
1.03068738914951e-23,0.920450171162769,0.29,0.177,2.52023680394838e-19,"10","POLR2G"
1.7462690607017e-23,1.49045236865155,0.212,0.117,4.26997710722781e-19,"10","TRGV3"
2.07944389486479e-23,1.23769603007145,0.287,0.18,5.08465621172339e-19,"10","RBKS"
3.08029191388627e-23,1.0773002650123,0.201,0.106,7.53192978783472e-19,"10","DAXX"
4.72505304714319e-23,1.10828708780634,0.222,0.123,1.15536997108745e-18,"10","NCF1"
6.35568623205386e-23,0.842446436035563,0.371,0.258,1.55409239746181e-18,"10","NDUFB7"
6.87935819346487e-23,0.99114944434268,0.248,0.144,1.68214066546603e-18,"10","NT5C"
8.31126658071315e-23,0.333169940874637,0.894,0.828,2.03227090431598e-18,"10","EEF1B2"
8.32785895927174e-23,0.990768123761216,0.231,0.13,2.03632807272112e-18,"10","CISD3"
1.71542559083391e-22,0.658040979168004,0.48,0.368,4.19455865470708e-18,"10","SELENOW"
2.97457217594298e-22,0.543288851009812,0.595,0.485,7.27342388461577e-18,"10","CD48"
5.62752156354299e-22,0.958320974052721,0.27,0.164,1.37604157271753e-17,"10","PLEKHF1"
6.06431610145229e-22,0.561107550501847,0.602,0.488,1.48284657312711e-17,"10","EMP3"
7.86982665114957e-22,0.84068354360128,0.366,0.253,1.92433001273909e-17,"10","ZYX"
1.01171081846797e-21,0.835714496576361,0.381,0.271,2.47383529331787e-17,"10","TSTD1"
2.01639888175666e-21,0.905887405768636,0.441,0.341,4.93049854567139e-17,"10","SNHG8"
2.44418964903715e-21,0.666923744568935,0.504,0.404,5.97653252982564e-17,"10","GNG5"
2.47326557980599e-21,0.520504049762813,0.591,0.498,6.0476289957416e-17,"10","SLC9A3R1"
3.93714328293142e-21,0.714559332812199,0.469,0.369,9.6271027554239e-17,"10","NME2"
4.6672618704626e-21,0.723684487657514,0.393,0.278,1.14123887256551e-16,"10","SYNRG"
4.83709656775732e-21,0.251062075791492,0.951,0.924,1.18276685274802e-16,"10","CFL1"
7.96636539688893e-21,0.838817377347331,0.298,0.19,1.94793566684728e-16,"10","SLAMF7"
9.89201585083097e-21,0.539505710674328,0.567,0.483,2.41879571584519e-16,"10","GPSM3"
1.24155634373892e-20,0.547604582426348,0.593,0.502,3.03585357171041e-16,"10","EIF3G"
1.31777889661193e-20,0.876004504192703,0.325,0.217,3.2222329579955e-16,"10","CHCHD10"
1.82980104449101e-20,0.540119656837357,0.56,0.458,4.47422951398942e-16,"10","ATP5F1D"
2.12264994941661e-20,0.297384165273146,0.929,0.872,5.19030365631349e-16,"10","EEF1D"
2.22376711694353e-20,0.911194885556885,0.293,0.191,5.43755535435033e-16,"10","PGLS"
2.25885573426883e-20,0.40356100415369,0.68,0.569,5.52335404143415e-16,"10","S100A10"
2.9647234560506e-20,0.703626618993109,0.443,0.333,7.24934179473492e-16,"10","NDUFB10"
1.0114307312291e-19,0.683982647035486,0.639,0.579,2.47315042400139e-15,"10","IER2"
1.24646204100408e-19,0.367026658512062,0.824,0.782,3.04784898266319e-15,"10","CD99"
1.28124945843317e-19,0.391219348134566,0.825,0.75,3.13291117576078e-15,"10","TOMM7"
1.36989199429379e-19,0.273409883627069,0.935,0.916,3.34965990444718e-15,"10","CYBA"
2.82383220852295e-19,0.453579906970718,0.693,0.627,6.90483451628031e-15,"10","FXYD5"
4.39518552441774e-19,0.689307134040245,0.431,0.326,1.07471076443063e-14,"10","PNISR"
8.63023211052042e-19,0.89431940137541,0.299,0.202,2.11026435566445e-14,"10","NAA38"
1.14974599527803e-18,1.07652488202041,0.233,0.144,2.81135890765385e-14,"10","GLIPR2"
1.43468604072928e-18,0.580645388417748,0.569,0.483,3.50809430679122e-14,"10","ATP5MD"
3.26276666250971e-18,0.524409263036344,0.541,0.445,7.97811704316873e-14,"10","TMEM258"
6.74383694083394e-18,0.555018118371451,0.52,0.43,1.64900300877271e-13,"10","ACAP1"
7.72630541013168e-18,0.898163219218664,0.275,0.184,1.8892361988854e-13,"10","NDUFB3"
1.26233547259029e-17,1.02165006734379,0.232,0.145,3.08666269757777e-13,"10","CTSA"
1.50067140521812e-17,0.607891179845025,0.46,0.362,3.66944172003935e-13,"10","NEDD8"
1.6806358177374e-17,0.866807459825897,0.308,0.213,4.10949070153148e-13,"10","LYAR"
1.74125717871989e-17,0.868054019490503,0.269,0.177,4.25772205340587e-13,"10","ATP5MC1"
1.86586864046024e-17,0.461759295589083,0.662,0.586,4.56242199965337e-13,"10","C12orf57"
5.73187429875469e-17,0.712505348964662,0.361,0.268,1.4015579035315e-12,"10","MINOS1"
8.96966637812601e-17,0.598880376962192,0.425,0.324,2.19326282277937e-12,"10","UBE2L6"
1.03703416932105e-16,0.860135945043355,0.263,0.173,2.53575595082383e-12,"10","CASP1"
3.30967118841341e-16,0.797328418589686,0.307,0.216,8.09280798990847e-12,"10","TMEM219"
4.18298917618019e-16,0.646415707107515,0.332,0.232,1.02282451335958e-11,"10","CXCR3"
4.35190325998026e-16,0.461868796949534,0.583,0.501,1.06412738513037e-11,"10","MZT2B"
5.30040503686791e-16,0.492527059370043,0.577,0.508,1.29605503961494e-11,"10","GSTK1"
7.93534183024374e-16,1.01717659767162,0.203,0.124,1.9403497843312e-11,"10","RGS14"
1.0128503299547e-15,0.543898211380877,0.513,0.427,2.47662162680522e-11,"10","C9orf16"
1.01916730639387e-15,0.657041072426884,0.336,0.238,2.4920678975943e-11,"10","SASH3"
2.82492373262002e-15,0.7865102342064,0.316,0.227,6.90750351100247e-11,"10","ZBTB38"
3.51155777395903e-15,0.841856685617167,0.241,0.157,8.58646106888462e-11,"10","PDLIM2"
4.1466964223683e-15,0.724033094550196,0.313,0.225,1.0139502091975e-10,"10","MRPL51"
4.43382458983946e-15,0.454521900206083,0.581,0.511,1.08415878870755e-10,"10","PPP1CA"
4.6462238093076e-15,0.445875039792849,0.577,0.505,1.1360946458519e-10,"10","UQCR10"
8.35491944457796e-15,0.471324118138682,0.546,0.47,2.0429449025882e-10,"10","PSMB10"
9.47835539761235e-15,0.732742648159831,0.331,0.245,2.31764746182417e-10,"10","NDUFA11"
1.05629162466653e-14,0.98407178716769,0.208,0.131,2.5828442806346e-10,"10","LAMTOR2"
2.30103814106845e-14,0.50107330317652,0.544,0.468,5.62649846254058e-10,"10","NDUFA3"
1.65074932453782e-13,0.598185009466353,0.445,0.363,4.03641224835989e-09,"10","XBP1"
1.8919767648676e-13,0.304666590769906,0.828,0.769,4.62626158545425e-09,"10","SRP14"
1.95936583063525e-13,0.783085499771959,0.28,0.201,4.79104132906931e-09,"10","HMOX2"
2.02181167024704e-13,0.894084071885415,0.203,0.129,4.94373389608807e-09,"10","MDFIC"
3.06515033944148e-13,0.838584114073872,0.218,0.143,7.49490561000232e-09,"10","CD244"
3.29653699782893e-13,0.645171654982601,0.359,0.28,8.06069226709131e-09,"10","NDUFAF3"
3.62938537456093e-13,0.510487673968277,0.478,0.384,8.87457311787640e-09,"10","TRBC1"
5.36606623822231e-13,0.26824816956723,0.797,0.747,1.31211051657012e-08,"10","ATP5MG"
7.73103581374037e-13,0.81171799975516,0.267,0.192,1.8903928771758e-08,"10","NHP2"
8.26670135681862e-13,0.770316644113112,0.275,0.196,2.02137381576929e-08,"10","CDC42EP3"
8.57907744370499e-13,0.72821213825101,0.322,0.245,2.09775601653474e-08,"10","C8orf59"
9.38043612651606e-13,0.337183470994942,0.727,0.674,2.29370424165571e-08,"10","UBL5"
1.35394934539835e-12,0.750736992523194,0.271,0.195,3.31067693936805e-08,"10","NME3"
1.65307814111374e-12,0.601085693032188,0.376,0.296,4.04210667065132e-08,"10","CHURC1"
1.66237044162911e-12,0.660808029661619,0.347,0.268,4.06482820387149e-08,"10","GTF3A"
1.75545761430731e-12,0.61720718645205,0.301,0.22,4.29244495850424e-08,"10","OFD1"
1.85485927109552e-12,0.506382772457103,0.427,0.35,4.53550188968277e-08,"10","N4BP2L2"
2.05935684980802e-12,0.36717024820022,0.658,0.611,5.03553936915057e-08,"10","COX6C"
2.38195509823868e-12,0.528577507751429,0.447,0.376,5.82435660621322e-08,"10","ATP5PF"
2.68962306716961e-12,0.512736568323739,0.468,0.401,6.57666632384313e-08,"10","CUTA"
4.05526047940608e-12,0.361181901795872,0.593,0.532,9.91592292424374e-08,"10","STK17A"
4.10333774760062e-12,0.339276580729013,0.704,0.664,1.0033481460433e-07,"10","SSR4"
4.27121714933583e-12,0.675673451432838,0.275,0.196,1.0443980173556e-07,"10","RSBN1L"
4.4525065798773e-12,0.675532268809601,0.299,0.224,1.0887269089116e-07,"10","SSBP4"
4.99055911868830e-12,0.706078595587855,0.264,0.189,1.22029151570166e-07,"10","TSC22D4"
5.0999297586964e-12,0.611516385022865,0.371,0.299,1.24703482459644e-07,"10","DYNLRB1"
6.30187195954392e-12,0.555435723801529,0.426,0.357,1.54093373154768e-07,"10","LSM7"
9.66143351264652e-12,0.506829722408476,0.416,0.341,2.36241372251233e-07,"10","MZT2A"
1.05879137469677e-11,0.649168963480785,0.341,0.265,2.58895666940855e-07,"10","PLP2"
1.34848062648562e-11,0.356828027490759,0.646,0.591,3.29730482788263e-07,"10","NDUFA4"
1.57350113494771e-11,0.669831670690064,0.34,0.27,3.84752497517414e-07,"10","MGST3"
1.60646523431071e-11,0.884621884715963,0.208,0.141,3.92812879093654e-07,"10","RBPJ"
2.17833899491645e-11,0.308145481844666,0.674,0.632,5.32647451036971e-07,"10","ARPC1B"
2.27690394006915e-11,0.354510404775523,0.603,0.546,5.56748551425709e-07,"10","GMFG"
2.63296878025048e-11,0.566923519072513,0.397,0.329,6.43813526146848e-07,"10","REX1BD"
2.81555571364438e-11,0.259798378475419,0.781,0.734,6.88459683100323e-07,"10","ARPC3"
2.94503243697739e-11,0.54402278935202,0.429,0.361,7.20119331489712e-07,"10","KRT10"
3.04572812504218e-11,0.508553233038,0.402,0.331,7.44741441135315e-07,"10","TBC1D10C"
3.60467547488625e-11,0.741423415531051,0.281,0.213,8.81415247119185e-07,"10","C4orf48"
4.57232395629351e-11,0.63648946214502,0.374,0.309,1.11802465379289e-06,"10","COPS9"
4.93254153897236e-11,0.717115735629534,0.254,0.184,1.20610505710952e-06,"10","DGCR6L"
7.76794292009695e-11,0.285961356609715,0.713,0.675,1.89941740282211e-06,"10","COX6A1"
8.50720001501115e-11,0.497204208906469,0.499,0.443,2.08018054767053e-06,"10","RABAC1"
8.60132125798779e-11,0.623749421603197,0.319,0.246,2.10319507400317e-06,"10","CFLAR"
8.94848031077652e-11,0.58376039153278,0.356,0.287,2.18808240559108e-06,"10","SF3B5"
9.1156263519318e-11,0.365159913816358,0.526,0.457,2.22895295557436e-06,"10","DRAP1"
1.11098681025624e-10,0.291507748064782,0.64,0.579,2.71658494843856e-06,"10","TPI1"
1.11935016614245e-10,0.702708828252506,0.249,0.179,2.73703502625153e-06,"10","IRF2"
1.34682934121466e-10,0.481738330116824,0.365,0.284,3.29326710513809e-06,"10","BTN3A2"
1.67842241095872e-10,0.750316059620945,0.26,0.192,4.10407847927627e-06,"10","PIN1"
2.80236876746927e-10,0.716377927830755,0.279,0.213,6.85235211021585e-06,"10","VPS29"
3.17201413070032e-10,0.660520274221259,0.307,0.238,7.75620895238843e-06,"10","PRKACB"
3.28620442175717e-10,0.419911679128451,0.498,0.438,8.03542705208064e-06,"10","C4orf3"
5.04491546052741e-10,0.587568573809864,0.342,0.276,1.23358272840816e-05,"10","SRI"
5.31923682837708e-10,0.386358145297395,0.612,0.567,1.30065978927476e-05,"10","TRMT112"
6.73514060602147e-10,0.623777847538693,0.318,0.248,1.64687658098437e-05,"10","GPR174"
8.12622680359317e-10,0.670232248874646,0.278,0.212,1.9870249780146e-05,"10","ATM"
8.15079006936672e-10,0.598471829023744,0.318,0.248,1.99303118776155e-05,"10","BANF1"
9.83349664734314e-10,0.49109132489436,0.408,0.348,2.40448660020835e-05,"10","RBX1"
1.1323506275365e-09,0.56204820994054,0.331,0.263,2.76882375445224e-05,"10","SAMHD1"
1.19564020459976e-09,0.644573941106327,0.294,0.231,2.92357942828732e-05,"10","SSNA1"
1.22107337564805e-09,0.331421754926688,0.61,0.564,2.98576861813462e-05,"10","COX5B"
1.25944548279043e-09,0.548694232567698,0.327,0.259,3.07959609451915e-05,"10","NDUFS8"
1.37428221484616e-09,0.349741988548693,0.588,0.539,3.36039487174183e-05,"10","COX8A"
1.39625183999364e-09,0.270443691414951,0.792,0.735,3.41411499915245e-05,"10","COX7C"
1.50565870882173e-09,0.602213417281015,0.303,0.235,3.6816366748109e-05,"10","C19orf70"
1.81818509779965e-09,0.692533087374212,0.253,0.19,4.4458262011397e-05,"10","MRPL43"
1.84287913539084e-09,0.726977343392674,0.2,0.139,4.50620806185769e-05,"10","DHPS"
2.30977584726383e-09,0.516200402041561,0.35,0.283,5.64786390172952e-05,"10","CARD16"
3.96279872697636e-09,0.608844814073291,0.301,0.237,9.68983544720259e-05,"10","CMTM3"
3.96659424618862e-09,0.579198075101155,0.299,0.234,9.69911625078041e-05,"10","LUC7L3"
4.35882516185569e-09,0.397370723058355,0.423,0.353,0.000106581992857695,"10","AOAH"
4.69557056216824e-09,0.664011309614004,0.251,0.19,0.000114816091386138,"10","TMEM256"
4.89502806111934e-09,0.463213783718554,0.418,0.361,0.00011969322615049,"10","NDUFB4"
5.82608532878675e-09,0.585546182449904,0.324,0.262,0.000142459438459494,"10","HMGN3"
5.92383162457687e-09,0.586249843711302,0.682,0.732,0.000144849530884154,"10","DNAJB1"
6.67540930389393e-09,0.635504922906193,0.228,0.165,0.000163227108298814,"10","CYBC1"
6.73282094391056e-09,0.470705073774679,0.343,0.276,0.000164630937720501,"10","PRDX2"
6.75637663706454e-09,0.488827758898268,0.311,0.242,0.000165206921529502,"10","DENND2D"
7.40942390241473e-09,0.385720853544674,0.492,0.445,0.000181175233261845,"10","EIF4A2"
9.52606982710629e-09,0.285288334664812,0.689,0.662,0.000232931459412403,"10","SON"
9.99803294127011e-09,0.610370791110565,0.308,0.248,0.000244471901479937,"10","PHB2"
1.25545139029751e-08,0.659422191927166,0.2,0.14,0.000306982973955546,"10","CLIC3"
1.27742168484604e-08,0.677700744948972,0.269,0.211,0.000312355150378554,"10","LAMTOR1"
1.34936740601391e-08,0.397214023273622,0.519,0.474,0.00032994731811852,"10","SPCS1"
1.42950836121577e-08,0.422913229071244,0.378,0.311,0.000349543384484479,"10","CSK"
1.60425232034377e-08,0.482319891037995,0.415,0.365,0.000392271777370458,"10","DHRS7"
1.79200884174206e-08,0.706932670244744,0.278,0.219,0.000438182001982768,"10","PLEK"
1.84570473341852e-08,0.462995802607327,0.391,0.329,0.000451311721415497,"10","CCND3"
2.21016589406995e-08,0.439641600531635,0.428,0.378,0.000540429764417984,"10","COX5A"
2.58511478091646e-08,0.50681274738971,0.324,0.259,0.000632112266229693,"10","TAF10"
2.67847880940656e-08,0.477797861168387,0.391,0.333,0.000654941638476091,"10","STOM"
2.82767010747627e-08,0.420026324370527,0.296,0.227,0.000691421894680098,"10","SLFN5"
2.89204423887242e-08,0.499929971554836,0.364,0.305,0.000707162657289084,"10","ATP5PD"
2.97730752618534e-08,0.626531095054964,0.272,0.215,0.000728011236302839,"10","MFSD10"
3.38710754228171e-08,0.534470397314958,0.435,0.394,0.000828215536238723,"10","CCT4"
4.36803453163587e-08,0.404407611591276,0.356,0.291,0.0010680718036756,"10","IDH2"
5.39993971854104e-08,0.523026837861392,0.361,0.305,0.00132039325997765,"10","EFHD2"
5.85960677021651e-08,0.683741596139155,0.2,0.145,0.00143279104745334,"10","ERICH1"
6.02094416090363e-08,0.380556587861431,0.511,0.469,0.00147224126622415,"10","ATP5MF"
9.24758518012787e-08,0.566155465448973,0.229,0.172,0.00226121952824487,"10","CCDC88C"
1.05984976397295e-07,0.657446611224488,0.236,0.181,0.00259154464286666,"10","ZBTB7A"
1.08299857603875e-07,0.49212764639887,0.358,0.303,0.00264814811812995,"10","NOP10"
1.09314794873452e-07,0.430157485352896,0.441,0.39,0.00267296536424565,"10","UQCRQ"
1.10327020848237e-07,0.32518056632445,0.532,0.483,0.00269771631378108,"10","PRR13"
1.11342776025568e-07,0.676064915648711,0.252,0.199,0.00272255355937718,"10","TPST2"
1.14434336085743e-07,0.359226289432059,0.307,0.241,0.0027981483859686,"10","IFNG"
1.1648155457408e-07,0.621062625264205,0.248,0.193,0.0028482069724454,"10","POLR3GL"
1.51639600566227e-07,0.708092837214785,0.201,0.149,0.00370789151304538,"10","PPP3CC"
1.66684854397337e-07,0.552545486304993,0.269,0.214,0.00407577805972368,"10","MRPL52"
1.67554499215361e-07,0.298337050695102,0.642,0.603,0.004097042614814,"10","POLR2L"
1.79274815839734e-07,0.556854193270902,0.303,0.247,0.00438362779691317,"10","POLR2E"
2.59245170291608e-07,0.595541889639335,0.216,0.162,0.00633906290397039,"10","POLR2I"
2.97504051839516e-07,0.533192470276381,0.331,0.28,0.00727456907557986,"10","MRPS21"
3.26312691521213e-07,0.348801537396314,0.43,0.374,0.0079789979330767,"10","APOBEC3G"
3.93122745481473e-07,0.594813775820889,0.507,0.477,0.00961263737251298,"10","JUN"
4.66482439632561e-07,0.650734938453176,0.213,0.163,0.0114064286138954,"10","TNFSF12"
4.74593366199047e-07,0.50793026959396,0.277,0.224,0.0116047569902991,"10","COX7A2L"
4.78965697082795e-07,0.498487944606344,0.282,0.228,0.0117116692250685,"10","RBCK1"
5.9351960099294e-07,0.67951561322823,0.202,0.151,0.0145127412834794,"10","PSMB8-AS1"
6.20280623620596e-07,0.299709859557216,0.521,0.47,0.0151671018087708,"10","PSMB8"
6.28292421798003e-07,0.29206671729229,0.625,0.602,0.0153630062978048,"10","COX7A2"
7.71308060316133e-07,0.395492853707089,0.445,0.405,0.0188600246908501,"10","C19orf53"
7.91723358663237e-07,0.425347197527677,0.362,0.311,0.0193592195660335,"10","MRPL41"
8.63103176420713e-07,0.745501418395573,0.2,0.153,0.0211045988698393,"10","IRF3"
8.84959957237688e-07,0.469949997400509,0.337,0.288,0.0216390408743759,"10","STUB1"
9.63710435401734e-07,0.464717042837402,0.311,0.258,0.0235646475664432,"10","PSTPIP1"
9.75270573824206e-07,0.685663669783272,0.205,0.157,0.0238473160711495,"10","CCDC69"
1.09675901130368e-06,0.686056571157017,0.235,0.188,0.0268179513443977,"10","PLA2G16"
1.11656323721114e-06,0.54443504678402,0.263,0.213,0.0273022042762867,"10","ZNRD1"
1.1173965919178e-06,0.493865104315719,0.342,0.295,0.027322581465574,"10","ANAPC11"
1.14266295369236e-06,0.543087664763348,0.286,0.234,0.0279403945436857,"10","AC004687.1"
1.44970665859221e-06,0.346480265227037,0.484,0.449,0.0354482272158967,"10","SKAP1"
1.89938409450854e-06,0.365765199796405,0.386,0.341,0.0464437398789228,"10","PSMA5"
1.98230939982715e-06,0.58827690751243,0.23,0.18,0.0484714294445735,"10","C19orf66"
1.98772588304201e-06,0.560520919525261,0.281,0.232,0.0486038732921431,"10","SAMD3"
2.14007050900526e-06,0.341565939165525,0.237,0.184,0.0523290040861966,"10","NR4A1"
2.52612845766595e-06,0.354318171401111,0.471,0.431,0.0617688930468479,"10","ZFAS1"
2.74636420611322e-06,0.330183877029846,0.514,0.475,0.0671540975678804,"10","NDUFB2"
2.93416256859004e-06,0.444980488579245,0.37,0.323,0.0717461431271637,"10","GLIPR1"
3.1399039918763e-06,0.303718122432848,0.555,0.519,0.0767769324093592,"10","ARL6IP5"
3.77244488840257e-06,0.302369030227888,0.498,0.467,0.0922438224112195,"10","HIGD2A"
4.16702887123271e-06,0.587713066556007,0.25,0.205,0.101892189959382,"10","MEA1"
4.77925244130681e-06,0.530342013036273,0.309,0.266,0.116862280694834,"10","DDT"
4.81364153911627e-06,0.557455977881978,0.24,0.193,0.117703162914471,"10","BIN1"
5.15524080657708e-06,0.472059722229848,0.337,0.291,0.126055948202423,"10","TSPO"
6.28982215498355e-06,0.594672407193143,0.231,0.186,0.153798731333658,"10","NDUFAF8"
6.88417293883001e-06,0.409291180021352,0.384,0.349,0.168331796700271,"10","PRDX5"
7.61213402885552e-06,0.451304168435479,0.342,0.297,0.186131901273575,"10","IKZF1"
7.85062500350151e-06,0.442330618345348,0.347,0.31,0.191963482585619,"10","NDUFS7"
8.14417543007509e-06,0.643844013784592,0.206,0.164,0.199141377616196,"10","LSM6"
9.25312302478628e-06,0.381186180311488,0.43,0.398,0.226257364202074,"10","ANXA11"
1.02979720329329e-05,0.273953485089422,0.564,0.538,0.251806012149276,"10","EIF3F"
1.03498554128714e-05,0.447167956306471,0.298,0.254,0.253074664555533,"10","AIP"
1.08499616183316e-05,0.631613256684479,0.206,0.164,0.265303261491445,"10","DSTN"
1.12125929137807e-05,0.485182854579104,0.249,0.203,0.274170321927766,"10","HSPB11"
1.54854229630322e-05,0.504445155641052,0.28,0.238,0.378649562292064,"10","COX14"
1.57874262296528e-05,0.50179442336945,0.225,0.181,0.38603414616747,"10","NAXE"
1.9952001608022e-05,0.505774259846761,0.296,0.252,0.487866343319355,"10","DUT"
2.11168304376163e-05,0.444748682415907,0.306,0.262,0.516348737860593,"10","NUCKS1"
2.25340234535537e-05,0.559170357638103,0.224,0.182,0.551001941486294,"10","ATRAID"
2.38970609271388e-05,0.433268203756278,0.215,0.169,0.584330933790397,"10","PIM2"
2.58396167690032e-05,0.547168284059542,0.252,0.212,0.631830309235665,"10","NAA10"
2.59405418237806e-05,0.446346499110989,0.276,0.229,0.634298128675083,"10","SP110"
2.65623851634867e-05,0.446284683113263,0.337,0.296,0.649503442017577,"10","DOK2"
2.67900807100659e-05,0.34759751808878,0.347,0.299,0.65507105352253,"10","IL16"
2.78589838909089e-05,0.416290272878488,0.491,0.46,0.681207874100506,"10","GADD45B"
2.80342294295468e-05,0.447339899452335,0.34,0.303,0.68549297801128,"10","ATP6V1F"
3.37520887595599e-05,0.556088421467864,0.217,0.177,0.825306074348758,"10","DNAJC19"
3.42753774127199e-05,0.360356172657222,0.406,0.375,0.838101528495828,"10","VPS28"
3.512048710674e-05,0.464680795916065,0.231,0.189,0.858766150734006,"10","NENF"
3.67200065648163e-05,0.611064334751135,0.215,0.174,0.897877600522888,"10","H2AFJ"
3.9963479398051e-05,0.401842610457044,0.317,0.274,0.977186998241143,"10","LIME1"
4.73439158827776e-05,0.308890979560053,0.519,0.497,1,"10","ICAM3"
4.98542676285843e-05,0.572868551133525,0.248,0.213,1,"10","POLR2J"
5.49304684779203e-05,0.418896052141834,0.308,0.267,1,"10","FIS1"
6.05659408207709e-05,0.475202599310642,0.285,0.247,1,"10","METTL26"
6.07166138384292e-05,0.261595808036117,0.562,0.551,1,"10","SEC61B"
6.68948460446618e-05,0.556365619851571,0.254,0.216,1,"10","DGUOK"
8.07312138971033e-05,0.503957344150969,0.245,0.206,1,"10","ZNHIT1"
0.000104368223449118,0.336776019282743,0.416,0.388,1,"10","ZAP70"
0.000113419569958468,0.263805934979414,0.523,0.506,1,"10","UQCRH"
0.000114442388308154,0.289340754592686,0.37,0.33,1,"10","NUCB2"
0.000115050154285279,0.50200462096464,0.242,0.204,1,"10","SDF2"
0.000115387838220131,0.494908873527369,0.216,0.178,1,"10","DNMT1"
0.000154015947785547,0.458539095235547,0.237,0.199,1,"10","ZRANB2"
0.000172137749867323,0.591193931368003,0.215,0.179,1,"10","NUFIP2"
0.000201693301675273,0.458025007429416,0.305,0.274,1,"10","NDUFA12"
0.000206210995376068,0.373155265545076,0.214,0.174,1,"10","TNFSF14"
0.000223276005586236,0.456739925244321,0.201,0.164,1,"10","GSTO1"
0.000248057252658569,0.299331683439116,0.437,0.42,1,"10","ERP29"
0.00029989760980215,0.385897087565504,0.298,0.263,1,"10","SEC11A"
0.000314280925538936,0.379022346253124,0.351,0.319,1,"10","TBCB"
0.000315353177050664,0.466746985881866,0.264,0.231,1,"10","SYTL1"
0.000404745963067676,0.437500274408863,0.259,0.225,1,"10","VAMP5"
0.000441159102937711,0.422268699495215,0.247,0.212,1,"10","ORMDL1"
0.000441167793249457,0.384725486646019,0.332,0.302,1,"10","MDH2"
0.00047688140830529,0.466239722367375,0.22,0.187,1,"10","MIEN1"
0.000502825302509862,0.321926219600722,0.353,0.323,1,"10","DDX18"
0.000670147045900339,0.387923090577099,0.298,0.266,1,"10","PYHIN1"
0.000671362031213962,0.337978020711593,0.421,0.403,1,"10","NDUFA13"
0.000699231428679651,0.375365710751294,0.405,0.386,1,"10","ATP5ME"
0.000787683404847218,0.471220345249149,0.204,0.172,1,"10","MRPS18C"
0.00084244521525304,0.263484610941596,0.533,0.521,1,"10","NDUFB11"
0.000991448906020762,0.516768820503729,0.21,0.179,1,"10","ALKBH7"
0.00102943327740696,0.380311666284872,0.288,0.259,1,"10","RBMS1"
0.00105379369919757,0.302498139069615,0.359,0.331,1,"10","ITGAL"
0.00119421990647067,0.445401003070171,0.222,0.192,1,"10","C11orf98"
0.00121473599488828,0.378833763455399,0.203,0.17,1,"10","NEMF"
0.0013031531541058,0.391315081090546,0.283,0.255,1,"10","MAPK1"
0.00131234047394473,0.415801159860677,0.263,0.233,1,"10","SF3A2"
0.00134137461273712,0.367084019441025,0.328,0.305,1,"10","ECH1"
0.00142349794966298,0.405559440689021,0.246,0.217,1,"10","SNRPC"
0.00142769142673122,0.358032433286364,0.329,0.305,1,"10","RAB1B"
0.00156241340896982,0.26020777862967,0.405,0.385,1,"10","ARL6IP4"
0.00161481223448758,0.330769137001941,0.283,0.255,1,"10","HAX1"
0.00161673203082797,0.322465065935033,0.304,0.269,1,"10","H1FX"
0.00165338901754589,0.269054930000044,0.416,0.398,1,"10","PEBP1"
0.00179629672351998,0.359110092790867,0.314,0.29,1,"10","NDUFA2"
0.00209230400850525,0.280394818386685,0.411,0.387,1,"10","IL2RB"
0.00239911206195074,0.366342153525553,0.263,0.237,1,"10","TMEM14B"
0.00255963824544975,0.258483052387585,0.425,0.407,1,"10","CSTB"
0.00264198258931726,0.45966619236148,0.256,0.232,1,"10","SMIM26"
0.00273172770352994,0.365116106743589,0.326,0.306,1,"10","SNRPN"
0.00274400538745753,0.263893297148526,0.638,0.772,1,"10","JUNB"
0.00410131240146334,0.407692045672502,0.228,0.201,1,"10","TMBIM4"
0.00419794819411724,0.355377663768744,0.25,0.225,1,"10","ACP1"
0.00452275249879443,0.322205258888848,0.303,0.279,1,"10","ANXA2"
0.00479918891979866,0.273338224176358,0.385,0.364,1,"10","YPEL3"
0.00480384199810476,0.337351937964231,0.228,0.199,1,"10","ST3GAL1"
0.00512987844719625,0.320733246872969,0.313,0.28,1,"10","LTB"
0.00546991069562812,0.298622261406491,0.419,0.42,1,"10","BCAP31"
0.00646541824474884,0.325665794513914,0.374,0.364,1,"10","GNB2"
0.0065013286891388,0.41421213237102,0.244,0.223,1,"10","VASP"
0.00708404769314147,0.331195413673895,0.257,0.232,1,"10","TGOLN2"
0.00721627685867013,0.394932523699965,0.227,0.202,1,"10","ADD3"
0.00794191715761635,0.363909039702549,0.25,0.229,1,"10","VAMP2"
0.00798324873887343,0.463105938711722,0.282,0.266,1,"10","NDUFB1"
0.00851666068520533,0.260495694389298,0.359,0.341,1,"10","SHISA5"
0.00860796096780009,0.398907412147985,0.408,0.402,1,"10","KLRB1"
0,5.62412275502382,0.95,0.03,0,"15","TRDV2"
0,3.21210175221057,0.814,0.118,0,"15","TRGV9"
0,4.37329428181435,0.688,0.059,0,"15","TRDC"
2.23730034795295e-177,4.1050531732423,0.218,0.015,5.47064681081456e-173,"15","CD40LG"
3.62426037605886e-117,3.07679643657861,0.347,0.054,8.86204147153911e-113,"15","KLRC1"
1.39384234519909e-102,1.96550075414474,0.729,0.246,3.40822330248082e-98,"15","TXNIP"
1.73318311648657e-78,2.97074043164108,0.256,0.042,4.23797935643295e-74,"15","TRGC1"
1.60064884368444e-77,1.61824748994148,0.555,0.164,3.91390655257719e-73,"15","IL7R"
3.99537563127055e-77,2.66535383700262,0.334,0.07,9.76949249358274e-73,"15","CEBPD"
5.46692936307403e-73,1.91165335311101,0.662,0.282,1.33677356785886e-68,"15","KLRG1"
1.98868456224568e-64,1.18214139530687,0.956,0.789,4.86273149160313e-60,"15","S100A4"
4.31004655251352e-60,2.30988197314533,0.268,0.055,1.05389258302061e-55,"15","AC004832.6"
1.03546772322881e-57,0.961361883782219,0.984,0.838,2.53192567683908e-53,"15","MYL12A"
9.26853188736106e-57,1.35592892235508,0.792,0.399,2.26634141709753e-52,"15","KLRB1"
1.9125156146279e-54,1.61570701124875,0.659,0.315,4.67648318088814e-50,"15","TRAC"
2.32549162911095e-51,0.677996992158486,0.997,0.96,5.68629213150209e-47,"15","TMSB10"
6.68542887835445e-51,1.85751985123986,0.511,0.205,1.63472106933523e-46,"15","CD160"
1.51167533925269e-46,0.814263735392181,0.987,0.902,3.69634853954069e-42,"15","FTL"
4.76751044678783e-45,1.25499550436089,0.716,0.392,1.16575165444856e-40,"15","GIMAP7"
1.08999028812279e-43,0.923796276298375,0.943,0.714,2.66524425251784e-39,"15","IFITM2"
2.07984141620054e-43,1.16546480618592,0.64,0.31,5.08562823089355e-39,"15","HSPA1A"
2.98710373113645e-42,1.26345634249886,0.577,0.263,7.30406604337485e-38,"15","HSPA1B"
3.14524185968364e-40,1.8982332784995,0.375,0.136,7.69074539529843e-36,"15","FLT3LG"
1.13000089777546e-37,0.684703758894758,0.984,0.931,2.76307819524056e-33,"15","NKG7"
6.23538212190718e-37,1.23486961043118,0.599,0.305,1.52467563644874e-32,"15","GIMAP4"
5.59418323036085e-36,1.43875128930369,0.533,0.26,1.36788968348783e-31,"15","LINC00861"
4.90812050341862e-35,2.05490965725869,0.322,0.114,1.20013362549592e-30,"15","NCR3"
2.21929646569875e-34,0.556823247180108,0.994,0.967,5.42662371792659e-30,"15","FAU"
9.88044890404757e-34,2.44210505910145,0.208,0.055,2.41596736601771e-29,"15","SESN1"
1.73560701141496e-33,0.794210280254683,0.937,0.833,4.24390626431186e-29,"15","MT-ND4"
3.06976501890016e-33,0.656431881956775,0.987,0.957,7.50618942421467e-29,"15","MT-ND3"
3.42739538288304e-33,1.30853571121837,0.549,0.285,8.38066719022561e-29,"15","HOPX"
7.60925951203438e-33,0.537034796751742,1,0.976,1.86061613588265e-28,"15","TPT1"
2.00393090710393e-32,0.692347293367055,0.953,0.873,4.90001185405052e-28,"15","HCST"
6.25517155104279e-32,1.06521287860967,0.675,0.402,1.52951454766098e-27,"15","KLRD1"
3.97589020360155e-31,0.649809500326235,0.975,0.897,9.72184672584651e-27,"15","SH3BGRL3"
4.36264805168258e-30,1.47939587060911,0.53,0.279,1.06675470159743e-25,"15","LTB"
2.90489777027485e-29,0.813298897170718,0.861,0.722,7.10305602787607e-25,"15","S100A6"
1.29405542307788e-28,1.03699108254615,0.621,0.362,3.16422432051003e-24,"15","S100A11"
1.50576689980491e-28,0.585265479340223,0.965,0.912,3.68190122340295e-24,"15","MT-ATP6"
1.34081343240723e-27,1.53372144023142,0.208,0.06,3.27855700492215e-23,"15","HSPA6"
1.71954359526892e-27,1.70527911446403,0.293,0.11,4.20462799915157e-23,"15","RGS19"
2.88555676693708e-27,1.33257100220368,0.401,0.177,7.05576340651454e-23,"15","GIMAP1"
3.05399338822925e-27,0.548145566555713,0.965,0.915,7.46762463289816e-23,"15","ACTG1"
4.73703035347203e-27,0.693690443608567,0.946,0.759,1.15829866203098e-22,"15","GZMK"
2.48073860664843e-25,0.530722369704479,0.956,0.863,6.06590204097673e-21,"15","PTPRCAP"
3.14833588087349e-25,0.699381956819588,0.88,0.739,7.69831089591186e-21,"15","CLIC1"
5.05152479701922e-25,0.583908893639216,0.934,0.902,1.23519884336714e-20,"15","UBA52"
3.5464930250849e-24,1.03619067798783,0.685,0.489,8.6718847449376e-20,"15","EMP3"
3.73474271460572e-24,0.526359915739143,0.959,0.914,9.13219288575392e-20,"15","RACK1"
9.8321325783121e-24,0.575160626750791,0.94,0.873,2.40415305804887e-19,"15","EEF1D"
1.28563792245206e-23,1.22445940986479,0.467,0.251,3.14364184797977e-19,"15","ARPC5L"
4.61544405993752e-23,1.19734975295656,0.429,0.218,1.12856838153592e-18,"15","PLEK"
5.64835077628306e-23,1.66052796399463,0.259,0.099,1.38113473181673e-18,"15","CD300A"
4.35682086080392e-22,1.09043067006335,0.476,0.263,1.06532983688377e-17,"15","TRAF3IP3"
8.36000817048549e-22,0.682526857161069,0.836,0.667,2.04418919784711e-17,"15","CTSW"
9.1544514744247e-22,1.16390562801952,0.492,0.289,2.23844647452633e-17,"15","LAMTOR4"
2.8448350926602e-21,0.417048809567413,0.994,0.982,6.95619076857272e-17,"15","MT-CO3"
3.89028072639456e-21,1.74179893410185,0.404,0.228,9.51251443217998e-17,"15","NOSIP"
3.91042362070661e-21,0.90266089455384,0.681,0.504,9.5617678373518e-17,"15","APRT"
7.88866414199672e-21,0.894546698300877,0.782,0.619,1.92893615600104e-16,"15","CD52"
1.32456531812728e-20,0.584490667067775,0.921,0.843,3.23882711588484e-16,"15","MT-ND2"
1.34761273387391e-20,0.346819318925354,1,0.996,3.29518265686848e-16,"15","ACTB"
1.72733111371761e-20,1.75157769174113,0.215,0.078,4.22367003926231e-16,"15","TNF"
1.82132521110289e-20,0.590182324171026,0.868,0.697,4.45350440618878e-16,"15","ATP5MC2"
4.61505191818789e-20,1.28708543859788,0.404,0.211,1.1284724950353e-15,"15","RCSD1"
1.61368743566777e-19,1.64102735325158,0.252,0.105,3.94578851769483e-15,"15","GLRX"
1.85491620252142e-19,0.627900288570614,0.877,0.751,4.53564109840537e-15,"15","TOMM7"
2.16993658321317e-19,0.759328530752201,0.757,0.637,5.30592893327285e-15,"15","SNRPD2"
2.66546632334606e-19,0.686126240099953,0.886,0.73,6.51759825384578e-15,"15","MIF"
5.01344555015327e-19,0.369323707766491,0.994,0.967,1.22588770592348e-14,"15","PFN1"
8.54032526164331e-19,1.60436529726587,0.259,0.11,2.08828033297702e-14,"15","PIM1"
1.50413574010578e-18,0.433778413871417,0.981,0.92,3.67791271170665e-14,"15","IFITM1"
9.16130064259771e-18,0.502616795552883,0.931,0.812,2.24012123312799e-13,"15","TMA7"
3.04992708148017e-17,0.700741278912365,0.741,0.612,7.45768169963532e-13,"15","UQCR11"
4.71312314471402e-17,0.984375808489373,0.536,0.363,1.15245287134547e-12,"15","XBP1"
4.74654105055187e-17,1.3320664482108,0.309,0.153,1.16062421768094e-12,"15","RIPOR2"
5.51367607931115e-17,0.962159054513831,0.577,0.428,1.34820407491316e-12,"15","DAD1"
6.40577978347211e-17,1.23611916561752,0.36,0.197,1.5663412726546e-12,"15","CDC42EP3"
1.82213499817051e-16,0.697299716145862,0.76,0.627,4.45548449752652e-12,"15","FXYD5"
2.2650185771953e-16,0.6036897357936,0.83,0.735,5.53842342495795e-12,"15","COX7C"
2.83708440815179e-16,0.713728498232728,0.672,0.537,6.93723879481275e-12,"15","KRTCAP2"
2.18479188243447e-15,0.674734834551821,0.691,0.559,5.34225311092878e-11,"15","SSR2"
2.19445997718876e-15,1.29836917630505,0.325,0.174,5.36589353622196e-11,"15","CASP1"
2.4076852894815e-15,0.517920096734028,0.896,0.829,5.88727206984015e-11,"15","EEF1B2"
3.46946511403799e-15,0.881032062664112,0.486,0.311,8.4835360968457e-11,"15","LCP2"
4.41752911871767e-15,1.06172545020211,0.435,0.276,1.08017422010884e-10,"15","PRDX2"
4.88041961439739e-15,0.429160843456545,0.934,0.881,1.19336020411245e-10,"15","SERF2"
5.55322982943037e-15,0.520020235771254,0.902,0.82,1.35787575789231e-10,"15","PSME1"
7.97343350532093e-15,1.13753472815152,0.454,0.306,1.94966396072107e-10,"15","EFHD2"
9.08126464858896e-15,0.633673429045078,0.785,0.701,2.22055083187297e-10,"15","OST4"
1.24303926183212e-14,0.3906713771875,0.975,0.934,3.0394796030319e-10,"15","MT-ND1"
1.42635481064093e-14,1.4116799125577,0.347,0.199,3.4877227829792e-10,"15","PRMT9"
4.57095460295938e-14,1.07147923903258,0.366,0.21,1.11768981951563e-09,"15","PTPN6"
6.86543673798262e-14,1.46652037773984,0.218,0.098,1.67873659117151e-09,"15","PLAC8"
7.54118717618172e-14,0.90432382297942,0.479,0.322,1.84397108831995e-09,"15","MATK"
9.48082358446925e-14,1.43757073372191,0.262,0.133,2.31825098287442e-09,"15","AC243960.1"
1.54983717579385e-13,0.654122472055667,0.691,0.57,3.78966186225113e-09,"15","COX6B1"
1.78826159170279e-13,0.276757840770283,0.997,0.993,4.37265724403165e-09,"15","MT-CO2"
1.99199200987123e-13,0.478925272672356,0.896,0.838,4.87081886253713e-09,"15","PFDN5"
2.43974237664395e-13,0.388739551580436,0.962,0.903,5.96565805936978e-09,"15","NACA"
4.08113936462901e-13,1.06450461916385,0.401,0.254,9.97920197439086e-09,"15","FKBP11"
4.70116606589356e-13,0.401580700034496,0.965,0.898,1.14952912643229e-08,"15","ATP5F1E"
4.99742710375846e-13,0.418009466165511,0.89,0.814,1.22197087541102e-08,"15","RAC2"
6.51144274936322e-13,0.666639565183337,0.565,0.384,1.5921779810743e-08,"15","TRBC1"
1.56807608142692e-12,0.417047139107999,0.946,0.903,3.83425963430509e-08,"15","MT-ND5"
2.224774861059e-12,0.474825737555653,0.845,0.748,5.44001949026147e-08,"15","ATP5MG"
2.30098346417559e-12,0.937867232885162,0.41,0.268,5.62636476660216e-08,"15","TUBB"
3.49333083810003e-12,0.87483838489305,0.502,0.371,8.5418925653222e-08,"15","NME2"
3.74137040039028e-12,0.543259555615577,0.776,0.682,9.14839890303432e-08,"15","COMMD6"
5.07853776016634e-12,0.433946920485808,0.874,0.815,1.24180405311587e-07,"15","BTF3"
6.25254894952924e-12,0.502000914310578,0.798,0.696,1.52887326913889e-07,"15","GZMM"
7.28782617062328e-12,0.474300772816451,0.738,0.601,1.7820192552408e-07,"15","TRBC2"
7.9551049853742e-12,1.12098832104451,0.35,0.214,1.9451822710237e-07,"15","CCDC107"
2.1142401646188e-11,1.20269041936452,0.309,0.179,5.16974005052589e-07,"15","ERN1"
2.99272200517302e-11,0.717959720890151,0.543,0.421,7.31780384704907e-07,"15","PAXX"
3.23973185472309e-11,0.591712684526508,0.618,0.484,7.9217923311689e-07,"15","GPSM3"
3.79944163808824e-11,0.753572772433233,0.58,0.465,9.29039469345336e-07,"15","AES"
4.80961916797739e-11,1.03523365953591,0.297,0.169,1.17604807895383e-06,"15","AGTRAP"
7.55804443763354e-11,0.834190474009884,0.476,0.348,1.84809302589015e-06,"15","CKLF"
7.94833299056186e-11,1.09150403147809,0.306,0.179,1.94352638285219e-06,"15","POLR2G"
8.16498718543725e-11,0.560070826399979,0.716,0.607,1.99650266658312e-06,"15","ELOB"
9.39327508046688e-11,0.303457633764609,0.959,0.858,2.29684362267576e-06,"15","GZMA"
9.78744812413213e-11,0.873294665866402,0.416,0.284,2.39322681531279e-06,"15","CARD16"
1.75068523439797e-10,0.662073691738343,0.606,0.503,4.28077553514991e-06,"15","MZT2B"
1.98998345071029e-10,1.00203089147004,0.35,0.224,4.86590753367681e-06,"15","COX7A2L"
2.0964746545092e-10,0.767034047206989,0.385,0.242,5.12629982520589e-06,"15","DENND2D"
2.11370871315479e-10,0.659450362318865,0.587,0.468,5.16844054540609e-06,"15","NDUFA3"
2.47239722266091e-10,0.762264427633794,0.53,0.425,6.04550568885046e-06,"15","CD247"
2.98436033061702e-10,0.510580039860712,0.662,0.547,7.29735788042475e-06,"15","GMFG"
3.66764298465523e-10,0.359383795864993,0.861,0.76,8.96812062607897e-06,"15","RARRES3"
4.22834555002002e-10,0.487179275228493,0.748,0.674,1.0339150538909e-05,"15","EIF3K"
6.64924789642271e-10,0.885384619852189,0.303,0.178,1.62587409563328e-05,"15","SIT1"
7.1645626281211e-10,0.791487276598752,0.457,0.328,1.75187885382817e-05,"15","PNISR"
8.34274966297759e-10,0.677962362707992,0.593,0.487,2.03996914759128e-05,"15","CD48"
9.07612297025334e-10,1.05165797954029,0.303,0.184,2.21929358868635e-05,"15","MRPS34"
9.22948963132161e-10,0.919467025679737,0.397,0.281,2.25679480465076e-05,"15","NDUFAF3"
1.80986986653655e-09,0.542802659454293,0.738,0.664,4.42549379765517e-05,"15","SSR4"
1.99512133625541e-09,0.679175489753817,0.498,0.371,4.87847069141173e-05,"15","UCP2"
2.00482490775863e-09,0.774037527646814,0.476,0.37,4.9021978644514e-05,"15","SELENOW"
2.04409657432683e-09,0.75877274566786,0.388,0.264,4.99822494354397e-05,"15","SAMHD1"
2.07706025037714e-09,0.659097214410703,0.549,0.428,5.07882772422218e-05,"15","C9orf16"
2.25932966245717e-09,0.608041558708432,0.631,0.519,5.52451289064028e-05,"15","LY6E"
2.42318914089573e-09,1.22755483923236,0.211,0.112,5.92518208731825e-05,"15","POP5"
2.47193447488895e-09,0.507935959261533,0.678,0.577,6.04437417799846e-05,"15","EVL"
2.53279654242091e-09,1.31639768056886,0.233,0.127,6.1931941055276e-05,"15","TYROBP"
2.80091389449359e-09,0.657183396290344,0.511,0.409,6.84879465481573e-05,"15","ANAPC16"
2.98794375363663e-09,0.51230805753451,0.681,0.612,7.3061200663923e-05,"15","COX6C"
8.52858549168998e-09,0.715548259804289,0.508,0.402,0.000208540972442803,"15","CUTA"
1.09676417201068e-08,0.673230491128002,0.423,0.298,0.00026818077534005,"15","HSPB1"
1.21371293287489e-08,0.685081980509424,0.546,0.447,0.000296777086346569,"15","TMEM258"
2.23642959630858e-08,0.537239445231512,0.625,0.531,0.000546851764889373,"15","RNASEK"
3.20607226760716e-08,0.91280566319414,0.372,0.269,0.000783948790875302,"15","GTF3A"
4.40940799781273e-08,0.938014039349752,0.338,0.235,0.00107818844362517,"15","LUC7L3"
5.00344086865957e-08,0.715289055463427,0.467,0.362,0.00122344136120464,"15","KRT10"
5.11001390840129e-08,0.30735481498031,0.88,0.849,0.00124950060088228,"15","CORO1A"
5.74190519651259e-08,0.60200895201948,0.558,0.467,0.00140401065865126,"15","HIGD2A"
5.76048081327503e-08,0.661994988363456,0.356,0.239,0.00140855276846201,"15","POLD4"
6.55060222803797e-08,0.70459514269995,0.404,0.297,0.00160175325679985,"15","CHURC1"
6.7023268557986e-08,0.61513773717794,0.47,0.361,0.00163885296277987,"15","ABRACL"
6.83878702729131e-08,0.913705765062504,0.287,0.185,0.00167222020391327,"15","NDUFB3"
6.95977771652104e-08,1.15947673302156,0.218,0.126,0.00170180484724372,"15","FLOT1"
7.04812562643241e-08,0.619880947633193,0.464,0.355,0.00172340767817525,"15","PRELID1"
9.50629787758036e-08,1.11421983810375,0.315,0.215,0.00232447995702595,"15","LYAR"
9.93436466113547e-08,0.601545998910606,0.659,0.587,0.00242915084694084,"15","C12orf57"
1.08651067405585e-07,0.435825273639777,0.688,0.571,0.00265673590020136,"15","S100A10"
1.18858399441384e-07,0.95972822906619,0.224,0.13,0.00290632558314072,"15","MDFIC"
1.19222520514921e-07,0.462280704861899,0.735,0.672,0.00291522907163085,"15","PPDPF"
1.38737054859421e-07,0.801914285314194,0.338,0.232,0.00339239846542257,"15","SAMD3"
1.47034230749589e-07,0.72376093518539,0.461,0.375,0.00359528101028895,"15","VAMP8"
2.35712341932317e-07,1.20392496646866,0.221,0.132,0.00576363818492902,"15","CISD3"
4.15253618360828e-07,0.334846246486851,0.76,0.683,0.010153781476159,"15","PSMB9"
4.74131774020239e-07,1.00329646970568,0.224,0.134,0.0115934701383429,"15","KMT2E-AS1"
5.08777018788161e-07,0.717442542838523,0.454,0.361,0.0124406156634081,"15","NDUFB4"
5.39031897804357e-07,0.750677119022036,0.435,0.343,0.0131804079651121,"15","SNHG8"
5.61156761878676e-07,1.13888723819051,0.202,0.118,0.0137214051414574,"15","DUSP23"
5.8382352133493e-07,0.457225547042301,0.77,0.731,0.0142756527436817,"15","EEF1G"
6.84410600179041e-07,0.69344998635585,0.356,0.26,0.0167352079955779,"15","NDUFB7"
7.26417927329789e-07,0.680293229840598,0.36,0.255,0.017762371159068,"15","ZYX"
7.57266209092661e-07,0.281618517370539,0.943,0.907,0.0185166733447337,"15","PPIA"
8.83554288632558e-07,0.52610974061936,0.625,0.571,0.0216046694656433,"15","GABARAP"
9.07267168547038e-07,0.446995386520844,0.685,0.615,0.0221844968053122,"15","SLC25A6"
1.06702507067898e-06,0.818634350446942,0.397,0.303,0.0260908970282424,"15","BIN2"
1.0710143295406e-06,1.01596456792498,0.227,0.141,0.0261884423859268,"15","RPA2"
1.09486901835841e-06,0.629513727164306,0.42,0.324,0.0267717372368998,"15","UFC1"
1.47566036240855e-06,0.528270582648267,0.612,0.55,0.0360828471816139,"15","SEC61B"
1.8267251352921e-06,0.606947867946571,0.41,0.318,0.0446670830081625,"15","SMDT1"
1.90193294202039e-06,0.72153871304272,0.391,0.291,0.0465060642982825,"15","TSPO"
2.20668231032209e-06,0.371559349487313,0.656,0.592,0.0539577958519958,"15","NDUFA4"
2.24252587994688e-06,0.893859411046548,0.265,0.176,0.0548342428164612,"15","SRM"
2.80278935465689e-06,0.679336313512233,0.42,0.33,0.0685338053000704,"15","CCND3"
3.00437882276546e-06,0.900129869494059,0.29,0.204,0.0734630709742611,"15","NAA38"
3.23056279982236e-06,0.77470865969857,0.281,0.19,0.0789937215812563,"15","TSC22D4"
3.35126513859669e-06,0.538743033729703,0.574,0.506,0.0819451351689663,"15","UQCR10"
3.62337034277586e-06,0.327191963104795,0.748,0.678,0.0885986516215553,"15","CD37"
3.66213415076689e-06,0.713040080437358,0.379,0.288,0.0895465042545521,"15","SF3B5"
3.85568895449123e-06,0.955597150788416,0.243,0.158,0.0942793063152195,"15","PDLIM2"
3.86617556387633e-06,0.849930099554551,0.303,0.214,0.0945357248879039,"15","VPS29"
4.3046699752473e-06,0.723907109420356,0.325,0.236,0.105257790234747,"15","C19orf70"
4.57020790468629e-06,0.752099665551241,0.29,0.202,0.111750723685389,"15","HMOX2"
4.80776348916822e-06,0.590181201914359,0.451,0.375,0.117559432837141,"15","VPS28"
4.92364804701219e-06,0.442025083463838,0.625,0.563,0.120393042045542,"15","CNN2"
5.87712024212107e-06,0.874357872388215,0.281,0.191,0.143707344160344,"15","PYCARD"
6.01839839549626e-06,0.896057675829751,0.227,0.146,0.147161877566675,"15","MPG"
6.73135829064124e-06,0.339832694758384,0.842,0.816,0.16459517292276,"15","COX4I1"
7.50053500021498e-06,0.526634035920156,0.546,0.484,0.183403081825257,"15","ATP5MD"
7.51878304462372e-06,0.50333352940237,0.58,0.509,0.183849283007139,"15","GSTK1"
7.62705727846126e-06,0.553338984365951,0.467,0.386,0.186496804572935,"15","P4HB"
7.77507199681469e-06,0.796756641799959,0.259,0.174,0.190116060466113,"15","TNFSF14"
7.87123021189849e-06,0.447635947514711,0.442,0.331,0.192467321141342,"15","CD27"
8.93419711329427e-06,0.513685916756259,0.53,0.46,0.218458987814271,"15","ATP5F1D"
1.05371055969653e-05,0.431195106000467,0.615,0.546,0.257653306056994,"15","CD53"
1.22125855898678e-05,0.950991878095108,0.23,0.151,0.298622142843446,"15","PSMB8-AS1"
1.36853970401843e-05,0.681487437676086,0.322,0.238,0.334635328426586,"15","CMTM3"
1.44074446832516e-05,0.791833653623587,0.202,0.125,0.352290837394867,"15","NCF1"
1.46980777474143e-05,0.840479392747632,0.205,0.128,0.359397397079774,"15","MYBL1"
1.4855366118785e-05,0.468246356909361,0.511,0.444,0.36324341233653,"15","RABAC1"
1.7107166839681e-05,0.694572818188251,0.274,0.193,0.418304443563881,"15","PIN1"
1.90571703577375e-05,0.528841115039818,0.505,0.431,0.465985929587398,"15","ZFAS1"
2.36304433605326e-05,0.861738409140873,0.243,0.167,0.577811601051742,"15","LSM2"
2.37323693195238e-05,0.758663955908488,0.243,0.162,0.580303894600995,"15","FAM173A"
2.48979729304357e-05,0.535746477377723,0.492,0.427,0.608805234095014,"15","SEC61G"
2.60215099439332e-05,0.793729463571031,0.29,0.214,0.636277961149055,"15","POLR2J"
2.7627661636344e-05,0.584588792313408,0.385,0.31,0.675551582331884,"15","COPS9"
2.81705023580661e-05,0.922211661793647,0.221,0.148,0.688825123659431,"15","CLNS1A"
3.00073198576769e-05,0.69592957322287,0.35,0.273,0.733738985159917,"15","PRMT2"
3.80246445776609e-05,0.770364178701685,0.271,0.193,0.929778609212963,"15","NHP2"
3.80470919588901e-05,0.293546505207477,0.823,0.806,0.930327492578781,"15","ITM2B"
4.27003499708907e-05,0.951345286290694,0.24,0.17,1,"15","RAB29"
4.31221165274801e-05,0.79128999108639,0.256,0.178,1,"15","TMC8"
4.32429049542402e-05,0.949787000149234,0.565,0.495,1,"15","FOS"
4.98533247809736e-05,0.894715254165533,0.246,0.17,1,"15","OTUD6B-AS1"
5.16616227210274e-05,0.66637137393051,0.401,0.326,1,"15","UBE2L6"
5.3950330939862e-05,0.624131517593027,0.413,0.342,1,"15","MZT2A"
7.08568485323229e-05,0.555879011949243,0.35,0.268,1,"15","FIS1"
7.70859253190842e-05,0.726511671780133,0.287,0.213,1,"15","ATM"
7.81931557534217e-05,0.601966262423739,0.36,0.283,1,"15","RNF167"
8.15161509257532e-05,0.438876788075791,0.397,0.309,1,"15","PPP1R18"
0.000102539881473712,0.745784790297428,0.259,0.185,1,"15","DGCR6L"
0.000106701104918116,0.8535143304708,0.23,0.163,1,"15","POLR2I"
0.00010832318346373,0.739172502125414,0.265,0.194,1,"15","BIN1"
0.000110147264386961,0.545479925320547,0.426,0.364,1,"15","NEDD8"
0.000111859711970596,0.334626785405066,0.703,0.663,1,"15","SON"
0.000127267147745383,0.712685924628163,0.249,0.177,1,"15","GRAP2"
0.000132082674678087,0.772245495342784,0.319,0.248,1,"15","POLR2E"
0.000133797138940893,0.335021600329756,0.697,0.654,1,"15","PSME2"
0.000141234460737018,0.372424067704871,0.634,0.591,1,"15","GSTP1"
0.000142333817351403,0.576830341604471,0.401,0.344,1,"15","SELENOH"
0.00015842735644424,0.586685460999798,0.303,0.225,1,"15","VAMP5"
0.000161202399329521,0.563579115709046,0.426,0.354,1,"15","CCDC85B"
0.000164278784653464,0.806198342028885,0.259,0.191,1,"15","TMEM256"
0.000164891917340687,0.825033357460481,0.218,0.15,1,"15","OXNAD1"
0.00016599846487652,0.540328414982629,0.36,0.285,1,"15","BTN3A2"
0.000168921107578307,0.636386370416416,0.334,0.263,1,"15","HMGN3"
0.000185745390042822,0.316417644037575,0.599,0.549,1,"15","SEPT1"
0.000201011402115837,0.383356047132105,0.596,0.538,1,"15","EIF3F"
0.000203884535946243,0.565942829085593,0.353,0.281,1,"15","MRPS21"
0.000209964876123394,0.394521185855437,0.543,0.504,1,"15","EIF3G"
0.000244126364813987,0.601058704737776,0.363,0.28,1,"15","CCL4L2"
0.000249392177266664,0.376551882104394,0.438,0.361,1,"15","LAT"
0.000249841560386335,0.484733732193411,0.312,0.233,1,"15","CXCR3"
0.000257035360463676,0.655887876869209,0.312,0.24,1,"15","SASH3"
0.000274589807267109,0.632555422223175,0.252,0.181,1,"15","C19orf66"
0.000287190129161949,0.846739053679862,0.208,0.145,1,"15","APEX1"
0.000294754512509457,0.470095593409836,0.486,0.438,1,"15","WDR83OS"
0.000308838149836809,0.626936148167919,0.262,0.192,1,"15","SLAMF7"
0.000337884730216527,0.726591820957914,0.297,0.232,1,"15","RHOC"
0.000367388651207595,0.616311494360324,0.287,0.219,1,"15","CHCHD10"
0.000389682498411146,0.747330808514164,0.233,0.168,1,"15","VPS36"
0.000468625653427398,0.706397184931591,0.312,0.247,1,"15","NDUFA11"
0.000472824874750386,0.583530358882886,0.385,0.329,1,"15","BST2"
0.000489615020806111,0.731209636024251,0.24,0.179,1,"15","ATP5MC1"
0.000490191787558927,0.709681548112913,0.256,0.192,1,"15","TNFAIP8"
0.000503896523929957,0.365944992960691,0.558,0.507,1,"15","LDHB"
0.000509349691453869,0.391579152981719,0.521,0.484,1,"15","PRR13"
0.000513055364682629,0.641226097100061,0.334,0.274,1,"15","LIME1"
0.000567019097088256,0.29022536621734,0.694,0.676,1,"15","COX6A1"
0.000573461634710844,0.63081617101843,0.312,0.248,1,"15","PHB2"
0.000603151982157579,0.477991184376109,0.397,0.335,1,"15","NDUFB10"
0.00061018962742759,0.313577662548091,0.562,0.512,1,"15","PPP1CA"
0.000613141403236686,0.418701805451032,0.517,0.471,1,"15","PSMB10"
0.000649298511475389,0.25172785251332,0.593,0.514,1,"15","GYPC"
0.000666607361014071,0.451095161729567,0.391,0.332,1,"15","TBC1D10C"
0.000674345950208884,0.493171159435211,0.35,0.281,1,"15","SYNRG"
0.000679299471896306,0.31103386684342,0.644,0.619,1,"15","LCK"
0.000686511039047673,0.65957288800178,0.265,0.203,1,"15","HSPB11"
0.000732987037937216,0.375095385669765,0.672,0.675,1,"15","UBL5"
0.000765333177317255,0.565639059873689,0.451,0.405,1,"15","C19orf53"
0.000799870127588723,0.590161166744371,0.363,0.305,1,"15","ECH1"
0.000838769587266763,0.624511553965377,0.347,0.291,1,"15","NDUFA2"
0.000953589744400306,0.673571106355202,0.306,0.246,1,"15","C8orf59"
0.00102590693303104,0.651191043789087,0.306,0.25,1,"15","C1QBP"
0.00104647943670042,0.522788157590664,0.297,0.237,1,"15","TMEM14B"
0.00109549318988269,0.649411466910213,0.237,0.176,1,"15","TTC39C"
0.00109746882554172,0.760601595165232,0.268,0.214,1,"15","C4orf48"
0.00120094903150821,0.436542705605021,0.473,0.432,1,"15","ACAP1"
0.00123544668821249,0.52221755990828,0.59,0.58,1,"15","IER2"
0.0012729881715044,0.612708915970172,0.369,0.32,1,"15","AAK1"
0.00128099799324619,0.578033058328623,0.3,0.244,1,"15","HM13"
0.00143232454059444,0.457406726383413,0.372,0.312,1,"15","MRPL41"
0.00147172937559602,0.36432026344501,0.574,0.54,1,"15","COX8A"
0.0015974492386876,0.604929674239784,0.287,0.232,1,"15","SSNA1"
0.00164624884878239,0.648146087277616,0.205,0.15,1,"15","PPP3CC"
0.00178485213237909,0.492382895207495,0.309,0.243,1,"15","SCML4"
0.00189995013310919,0.366551667867916,0.479,0.436,1,"15","EIF3H"
0.00205654561304868,0.445877832133602,0.423,0.377,1,"15","GABARAPL2"
0.00217942617809236,0.518948631805752,0.315,0.26,1,"15","TAF10"
0.00220547985808083,0.503642546245859,0.306,0.252,1,"15","DUT"
0.00232213969620994,0.475928553729146,0.397,0.358,1,"15","LSM7"
0.00241747994562206,0.584343120514262,0.252,0.195,1,"15","RASSF1"
0.00248678950461515,0.665825698129231,0.284,0.233,1,"15","SMIM26"
0.00260936861199062,0.747989348037825,0.265,0.219,1,"15","SDHD"
0.00262060745832857,0.371261692206898,0.423,0.379,1,"15","COX5A"
0.00271429801372143,0.650494319650934,0.205,0.153,1,"15","MFF"
0.00279471822017188,0.551967011947557,0.211,0.157,1,"15","CLPP"
0.0028641311862503,0.445988410637426,0.366,0.312,1,"15","CSK"
0.00289027071536732,0.616637032614868,0.243,0.188,1,"15","AC116366.3"
0.00299912524413821,0.576891559284617,0.24,0.187,1,"15","MIEN1"
0.00311963606560452,0.684285380720404,0.252,0.204,1,"15","COX16"
0.00320406706211799,0.677778607217547,0.265,0.214,1,"15","ARRB2"
0.0032149137192314,0.613994923876306,0.246,0.192,1,"15","C11orf98"
0.00321584491499445,0.662473536067657,0.265,0.214,1,"15","ZNRD1"
0.00336024391066801,0.770608924379371,0.205,0.156,1,"15","MRPS12"
0.0038066391983665,0.782331853588898,0.202,0.153,1,"15","ODF2L"
0.00384786513649539,0.762743305369761,0.237,0.182,1,"15","RBKS"
0.0043277650536418,0.353063903584882,0.328,0.266,1,"15","PYHIN1"
0.00446246236758944,0.431864369092319,0.451,0.407,1,"15","CSTB"
0.00452409133230413,0.266110036008822,0.628,0.586,1,"15","CD2"
0.00461353324205971,0.459735296302472,0.35,0.306,1,"15","RAB1B"
0.00463731965452987,0.44178587578426,0.287,0.229,1,"15","SLFN5"
0.00476828487159124,0.517031238425468,0.287,0.238,1,"15","GRK6"
0.00477130971336635,0.524892643566564,0.397,0.362,1,"15","ATP5PB"
0.0047851428932094,0.514500215678624,0.372,0.33,1,"15","REX1BD"
0.00493219206415433,0.580969058912158,0.252,0.199,1,"15","KIF2A"
0.00499064411874366,0.517602585707966,0.407,0.375,1,"15","ATP5MPL"
0.00500379842856576,0.664972530025491,0.224,0.178,1,"15","CTDSP1"
0.00516594452559045,0.395483788316024,0.429,0.393,1,"15","EIF3L"
0.0056826000895616,0.313783315457916,0.486,0.445,1,"15","EIF4A2"
0.00572872464189213,0.366988057170361,0.47,0.439,1,"15","C4orf3"
0.00584528016721329,0.27759884911001,0.546,0.519,1,"15","CTSC"
0.0060682893908671,0.311932551676013,0.571,0.568,1,"15","TRMT112"
0.00607483169759269,0.676055966587544,0.249,0.204,1,"15","LY9"
0.00614935697106826,0.575083070905515,0.24,0.188,1,"15","LGALS1"
0.00615200934167178,0.294578138373855,0.612,0.578,1,"15","LIMD2"
0.00655185983525081,0.427428532914854,0.347,0.304,1,"15","NOP10"
0.00698024039699689,0.538782536117352,0.341,0.298,1,"15","IKZF1"
0.00740674268631136,0.629153517570858,0.202,0.154,1,"15","IRF3"
0.00741307400804387,0.281547998347303,0.495,0.458,1,"15","DRAP1"
0.00793907380189097,0.639959558096106,0.211,0.166,1,"15","PHF11"
0.00816181859188323,0.310837228673099,0.448,0.396,1,"15","GBP5"
0.0088576787356804,0.366861506695701,0.442,0.41,1,"15","BRK1"
0.00922121980408192,0.306805323344437,0.502,0.471,1,"15","PSMB8"
0,2.75177872681424,0.93,0.118,0,"14","TYROBP"
0,3.59636180756009,0.599,0.038,0,"14","KIR2DL3"
0,2.84315811233497,0.616,0.061,0,"14","TRGV5"
0,4.89018072225139,0.52,0.021,0,"14","TRBV5-6"
0,4.39744576395455,0.52,0.03,0,"14","TRAV3"
0,3.71902161210514,0.432,0.042,0,"14","TRAV21"
0,2.29268983618593,0.401,0.04,0,"14","TRBV19"
1.41632898631078e-307,2.31223615356527,0.702,0.132,3.46320763732711e-303,"14","KLRC3"
2.78160024527526e-260,2.70665608147616,0.358,0.042,6.80156891974705e-256,"14","KLRC2"
1.46192230140916e-219,2.6868221445979,0.298,0.034,3.57469241140568e-215,"14","AC068775.1"
3.94284042888898e-182,2.33137702833046,0.362,0.058,9.64103341671933e-178,"14","KIR3DL2"
2.38823508644494e-131,1.54629624831529,0.779,0.303,5.83971243337516e-127,"14","IFNGR1"
2.98648503046656e-124,1.757564148822,0.388,0.086,7.30255319649684e-120,"14","IFITM3"
5.0020098589721e-118,1.83696714550283,0.404,0.096,1.22309145071586e-113,"14","CD300A"
1.48130526837506e-116,1.64810848110782,0.443,0.111,3.62208764223069e-112,"14","NCR3"
2.33769206252711e-114,0.995382042782922,0.983,0.664,5.71612463129129e-110,"14","CTSW"
1.2596140906279e-108,1.70499606790482,0.743,0.318,3.08000837440334e-104,"14","XCL1"
1.06871611150536e-106,1.12486209288768,0.875,0.398,2.61322463585291e-102,"14","KLRD1"
1.40328284698764e-106,1.89689147131678,0.369,0.089,3.43130721745417e-102,"14","AC027290.1"
3.79033567006282e-98,1.33895076167883,0.59,0.202,9.2681287804376e-94,"14","CD160"
1.34124711082439e-97,0.819174552418158,0.996,0.844,3.27961743538779e-93,"14","PABPC1"
1.68039583902992e-96,1.53348236767343,0.478,0.143,4.10890390559596e-92,"14","PRR7"
8.10927072752637e-87,0.948070968514363,0.945,0.618,1.98287887829475e-82,"14","PIK3R1"
1.48436586072004e-84,1.90763478082033,0.235,0.048,3.62957140263265e-80,"14","IL12RB2"
6.08504783344683e-84,1.04851331865511,0.917,0.564,1.48791589623442e-79,"14","VPS37B"
1.20941030060082e-74,0.712641323142275,0.978,0.712,2.95725006702913e-70,"14","IFITM2"
1.02506555308282e-72,1.15722035562047,0.283,0.071,2.50649029039812e-68,"14","CCL3L1"
4.71220005528773e-72,0.60152190199379,1,0.919,1.15222715751896e-67,"14","IFITM1"
4.6643895821847e-70,1.07309378882986,0.809,0.462,1.1405365406358e-65,"14","DUSP5"
5.67388102891164e-62,1.02679157575721,0.531,0.213,1.38737738918947e-57,"14","SATB1"
2.71555711062282e-59,1.07118853092123,0.515,0.204,6.64008024689493e-55,"14","FBXO34"
3.58251862484604e-57,1.74515534199772,0.274,0.081,8.75997454147355e-53,"14","HES4"
4.74871730184272e-55,0.828589231695364,0.818,0.466,1.16115635464658e-50,"14","RBM38"
1.43737550303897e-50,0.784630851751287,0.603,0.274,3.51467058003089e-46,"14","LINC01871"
1.60829843659329e-50,0.629790990934473,0.825,0.452,3.93261133715791e-46,"14","MYADM"
2.55026956116448e-50,0.904092939046352,0.621,0.29,6.23591913095938e-46,"14","MAP3K8"
4.02371165314343e-49,0.742110670191397,0.921,0.686,9.83877973426631e-45,"14","TUBA4A"
4.73921656491672e-48,1.24874221659192,0.289,0.094,1.15883323445344e-43,"14","CHPT1"
5.10471202646828e-48,1.02219671583888,0.362,0.13,1.24820418471202e-43,"14","S1PR5"
6.58700370283779e-48,1.03730721669604,0.445,0.18,1.6106541454179e-43,"14","PRKX"
5.38725155998951e-47,0.557120877197906,0.96,0.76,1.31729075144864e-42,"14","CD7"
6.32000646464398e-47,0.693957066447099,0.616,0.28,1.54536798073475e-42,"14","KLRG1"
9.7821049388676e-46,0.709117182395163,0.665,0.322,2.39192029965191e-41,"14","HLA-DRB5"
5.30840619351813e-45,0.927663804268226,0.469,0.198,1.29801148243905e-40,"14","FCRL6"
1.05560165189954e-44,0.529399278651062,0.974,0.865,2.58115715922476e-40,"14","DDX5"
3.80322119490992e-44,0.765630379630227,0.739,0.399,9.29963646579374e-40,"14","GPR65"
4.42097823118535e-44,0.571528843659038,0.989,0.801,1.08101759708944e-39,"14","NR4A2"
6.25910304520548e-44,0.531436401383822,0.998,0.827,1.53047587661364e-39,"14","ZFP36"
6.67842140231047e-44,0.614839777066141,0.95,0.678,1.63300760129296e-39,"14","HSPA5"
1.50316269590847e-43,0.713527786065266,0.866,0.574,3.67553342403539e-39,"14","HSPD1"
1.53147381796614e-43,1.18302844795383,0.331,0.124,3.74475977969081e-39,"14","GLUL"
2.10427393873019e-43,0.48480202126141,0.982,0.924,5.14537063498306e-39,"14","MT-ATP8"
2.33463445752113e-43,0.632094290748033,0.936,0.737,5.70864817553067e-39,"14","HSPE1"
2.6185062033868e-43,0.39325615371517,1,0.953,6.40277136852139e-39,"14","HSPA8"
2.65980081696929e-43,0.811370541180812,0.697,0.367,6.50374495765331e-39,"14","TPM4"
1.96664726069531e-42,0.438967439660912,0.882,0.538,4.80884588185217e-38,"14","ANXA1"
2.07004191045331e-42,0.32144258468384,1,0.996,5.06166647944043e-38,"14","ACTB"
1.06508702463825e-40,0.423694803589013,0.996,0.932,2.60435079264544e-36,"14","ARHGDIB"
6.49202074628576e-39,0.750899692111243,0.678,0.361,1.58742891288179e-34,"14","BCL3"
1.3823109499312e-38,0.641573079667327,0.881,0.567,3.38002673477177e-34,"14","S100A10"
1.73403421083933e-38,0.79790085812654,0.311,0.117,4.24006045234433e-34,"14","TRGV3"
3.32100662336014e-38,0.782132890720217,0.572,0.289,8.12052539544022e-34,"14","GYG1"
1.04082234692279e-37,0.470549262668158,0.998,0.869,2.5450188026956e-33,"14","DUSP2"
1.66930470371307e-37,0.60163798051458,0.757,0.427,4.08178386151919e-33,"14","NR4A3"
4.06469646598351e-37,0.518219137117426,0.915,0.622,9.93899579862288e-33,"14","FAM177A1"
5.32897535281079e-37,0.40253594088721,0.75,0.398,1.3030410532693e-32,"14","KLRB1"
7.9898328930841e-37,0.273644155742739,1,0.996,1.95367393901692e-32,"14","EEF1A1"
8.17436892974336e-37,0.736005713854705,0.533,0.258,1.99879669070085e-32,"14","CRYBG1"
2.13412152047064e-36,0.609787761946556,0.838,0.531,5.21835394185481e-32,"14","BZW1"
3.14392425167851e-34,0.549887558062766,0.897,0.663,7.6875235802043e-30,"14","TAGLN2"
3.6139740417073e-34,0.690526032973999,0.754,0.451,8.8368893267827e-30,"14","IDI1"
4.72175256774012e-34,0.481706241980499,0.958,0.81,1.15456293786381e-29,"14","SRSF7"
5.26294527947026e-34,0.579163778943756,0.881,0.632,1.28689537973607e-29,"14","HIST1H4C"
1.12770514610657e-33,0.491131099734681,0.756,0.418,2.75746462325979e-29,"14","HLA-DQA1"
1.71115733578552e-33,1.04997307758474,0.25,0.09,4.18412191746276e-29,"14","SKAP2"
4.18017940108688e-33,0.425215262769749,0.987,0.831,1.02213746715376e-28,"14","YWHAZ"
5.44266652938075e-33,0.501531693824476,0.943,0.679,1.33084081976418e-28,"14","SFPQ"
5.70278140656225e-33,0.734880737354126,0.616,0.334,1.3944441095326e-28,"14","MOB4"
6.90934883796168e-33,0.489409812750623,0.941,0.694,1.68947397785839e-28,"14","GZMM"
7.5190041413169e-33,0.498992587787432,0.91,0.678,1.83854689263481e-28,"14","SRSF2"
9.74581915168751e-33,0.429652885341981,0.989,0.769,2.38304769897063e-28,"14","CD8A"
1.31513388310891e-32,0.565505243364749,0.741,0.43,3.2157653709779e-28,"14","FOSL2"
1.76145619261497e-32,0.613976978579146,0.811,0.515,4.30711268218212e-28,"14","ARF6"
1.89498359543259e-32,0.620642805706938,0.875,0.61,4.63361388755177e-28,"14","DDIT4"
2.64708417190493e-32,0.880033676073654,0.36,0.154,6.47265021714193e-28,"14","CDC34"
4.45567390733812e-32,0.549851917019987,0.886,0.643,1.08950138382232e-27,"14","ZNF331"
7.45671941776926e-32,0.572872249829657,0.869,0.588,1.82331703203294e-27,"14","GSTP1"
3.82625586460632e-31,0.967925374678554,0.29,0.117,9.35596084013537e-27,"14","PDE4A"
1.14566846233645e-30,0.752456722637762,0.673,0.397,2.80138852410509e-26,"14","NFE2L2"
1.86697294033525e-30,0.583337028830717,0.84,0.591,4.56512223370774e-26,"14","SLC2A3"
3.40503162940358e-30,0.778545887656123,0.373,0.166,8.32598334021762e-26,"14","DHCR7"
5.91879489862384e-30,0.754208260834408,0.417,0.196,1.4472637286115e-25,"14","PTMS"
8.39130357883095e-30,0.444304410594649,0.943,0.681,2.05184155109575e-25,"14","SELENOK"
1.18654677736224e-29,0.454760847372222,0.965,0.742,2.90134418000615e-25,"14","CREM"
1.86277067039909e-29,0.980772591870397,0.307,0.131,4.55484684325986e-25,"14","PGRMC2"
1.88654193603072e-29,0.697093077115472,0.562,0.307,4.61297234198231e-25,"14","SPN"
1.92969314500261e-29,0.543908443834926,0.772,0.486,4.71848567816038e-25,"14","TUBA1B"
2.43060981834624e-29,0.751579598005171,0.439,0.21,5.94332712782024e-25,"14","TBX21"
5.08442592890345e-29,0.422868772478544,0.866,0.561,1.24324382813547e-24,"14","SYTL3"
1.72306572791077e-28,0.578281463326184,0.632,0.343,4.21324031788741e-24,"14","GPI"
2.20175720415496e-28,0.601877833070964,0.733,0.447,5.38373671559971e-24,"14","SYAP1"
3.23515859450096e-28,0.518696779183729,0.864,0.59,7.91060979527376e-24,"14","ALOX5AP"
3.3319422376626e-28,0.492399784347174,0.882,0.623,8.14726515953258e-24,"14","PDIA3"
5.33406172357052e-28,0.273588918727428,1,0.974,1.30428477264746e-23,"14","H3F3B"
7.15944045328201e-28,0.950634456465684,0.349,0.161,1.75062637963652e-23,"14","SLC16A3"
1.45311089638089e-27,0.495921229935947,0.858,0.605,3.55314676383055e-23,"14","PDCD4"
2.42158831148245e-27,0.608644908423986,0.664,0.385,5.92126773923689e-23,"14","HNRNPM"
2.48222125102239e-27,0.739233645859792,0.478,0.254,6.06952740299995e-23,"14","CDKN1A"
2.55041766862348e-27,0.942718683600068,0.204,0.074,6.23628128331813e-23,"14","SERPINB6"
4.7473068454367e-27,0.903731173529831,0.278,0.116,1.16081146984618e-22,"14","CYSTM1"
4.9842550169157e-27,0.653455592644081,0.461,0.229,1.21875003673623e-22,"14","RHOC"
1.1019254590599e-26,0.928312162474633,0.204,0.075,2.69442813249327e-22,"14","FGR"
1.36759164546749e-26,0.648478633526443,0.607,0.359,3.3440350914971e-22,"14","KPNA2"
1.38643839553631e-26,0.547163124595881,0.783,0.514,3.39011916476539e-22,"14","SRSF3"
3.44803133530589e-26,0.949430595206593,0.241,0.097,8.43112622108995e-22,"14","ZNF184"
5.82201500390441e-26,0.453106160694547,0.908,0.673,1.42359910875471e-21,"14","DDX24"
1.08963924662913e-25,0.92398366231149,0.404,0.206,2.66438588585754e-21,"14","HIST1H1E"
1.10848455065971e-25,0.445809692055213,0.722,0.434,2.71046642327313e-21,"14","PDE4B"
1.56013159244663e-25,0.67384394277293,0.526,0.289,3.81483376985049e-21,"14","ETF1"
2.48701409712604e-25,0.467554390202665,0.767,0.467,6.0812468702926e-21,"14","GSPT1"
4.24818235998765e-25,0.438689304052578,0.938,0.778,1.03876555066418e-20,"14","CALM2"
6.27047467211263e-25,0.474780386381759,0.761,0.489,1.53325646682498e-20,"14","MT-ND6"
9.79956603456033e-25,0.800757505624312,0.327,0.152,2.39618988677069e-20,"14","ICAM2"
1.18879486487499e-24,0.471706744884755,0.688,0.403,2.90684120359232e-20,"14","EIF4A3"
1.29627495109025e-24,0.440902022771836,0.864,0.585,3.16965151040589e-20,"14","SH2D2A"
1.30470097543828e-24,0.294101458355686,1,0.946,3.19025482514169e-20,"14","SRGN"
1.71705215707862e-24,0.692154412743613,0.465,0.242,4.19853593448863e-20,"14","OAT"
1.97964828599197e-24,0.314243778278382,0.996,0.934,4.84063598890758e-20,"14","CALM1"
2.95095805688189e-24,0.579611581487229,0.631,0.372,7.2156826406876e-20,"14","ELOVL5"
1.25712281889189e-23,0.590703901092931,0.489,0.261,3.07391671675446e-19,"14","HMGN3"
2.69546710955509e-23,0.717779213903216,0.311,0.143,6.59095617628409e-19,"14","CD244"
4.70454243101786e-23,0.723873757876638,0.353,0.173,1.15035471523249e-18,"14","H2AFJ"
4.7862232099381e-23,0.912820950824506,0.221,0.09,1.17032729929406e-18,"14","PDLIM1"
5.9204679299069e-23,0.540250023910621,0.662,0.402,1.44767281822083e-18,"14","STRAP"
7.48834079959325e-23,0.550787072701344,0.608,0.356,1.83104909231654e-18,"14","EIF4A1"
9.14794713788805e-23,0.462000714599841,0.857,0.601,2.23685603415639e-18,"14","POLR2L"
1.00058006787516e-22,0.824271420073964,0.265,0.117,2.44661838196834e-18,"14","MX2"
1.67401803545538e-22,0.521693437688675,0.654,0.406,4.09330890029551e-18,"14","MAT2A"
2.01559410849449e-22,0.326550266356217,0.983,0.768,4.92853071409072e-18,"14","CXCR4"
2.6048509710771e-22,0.394969790688077,0.836,0.551,6.36938159447773e-18,"14","TENT5C"
2.71833533635157e-22,0.500145765440715,0.697,0.42,6.64687356444687e-18,"14","MAGOH"
3.89128004387672e-22,0.493301344386965,0.75,0.505,9.51495796328735e-18,"14","ATP1B3"
4.41569337388023e-22,0.295788732427403,0.985,0.866,1.07972534378119e-17,"14","ZFP36L2"
4.73322534603382e-22,0.271179640573073,0.767,0.509,1.15736826161219e-17,"14","TUBB4B"
1.00481446093737e-21,0.510810008974657,0.625,0.372,2.45697231988406e-17,"14","EIF1AX"
1.33001915315473e-21,0.704528529155721,0.263,0.116,3.25216283329394e-17,"14","MGAT2"
2.22065394051045e-21,0.645079569182251,0.369,0.186,5.42994301533616e-17,"14","PLA2G16"
3.72727537104897e-21,0.593358995669001,0.278,0.127,9.11393373728894e-17,"14","MYBL1"
4.13267107933903e-21,0.694755029930539,0.241,0.104,1.01052073231998e-16,"14","PGD"
4.3819272264254e-21,0.55619784626702,0.443,0.235,1.07146884540554e-16,"14","CMTM3"
5.12429772620034e-21,0.542919369028417,0.43,0.231,1.25299328001051e-16,"14","PLIN2"
1.22365121447495e-20,0.480923048813186,0.575,0.333,2.99207194963414e-16,"14","CSNK1D"
1.78783207947088e-20,0.56562975660292,0.353,0.176,4.37160700072219e-16,"14","G6PD"
2.56137236429667e-20,0.466513132849621,0.478,0.258,6.26306770517821e-16,"14","GOLPH3"
5.10832283226764e-20,0.700092915624586,0.278,0.131,1.24908709894608e-15,"14","STIM2"
1.18697461933444e-19,0.906188470013867,0.254,0.119,2.90239033919657e-15,"14","COMMD5"
1.62976468871899e-19,0.443590380921075,0.614,0.375,3.98510061685567e-15,"14","PTP4A1"
2.11769112965683e-19,0.386598890363071,0.892,0.629,5.17817835023688e-15,"14","PCBP1"
2.14141490434817e-19,0.706822480301152,0.289,0.141,5.23618772411214e-15,"14","UPP1"
2.35150653644489e-19,0.488086092329902,0.673,0.418,5.74990378291504e-15,"14","FAM49B"
5.51617570611587e-19,0.320467519271586,0.936,0.75,1.34881528365945e-14,"14","TOMM7"
6.18349412198223e-19,0.386198944576049,0.594,0.35,1.51198798270709e-14,"14","CDK17"
6.76048036792918e-19,0.49056148028829,0.281,0.132,1.65307265956604e-14,"14","CYP51A1"
7.55538358663791e-19,0.457293632536609,0.46,0.252,1.8474423946047e-14,"14","CAPN2"
9.65376576661804e-19,0.444644003563148,0.765,0.516,2.36053880525344e-14,"14","HNRNPF"
1.16900744275745e-18,0.369703586994857,0.614,0.359,2.85845699903052e-14,"14","CD63"
1.25004787180982e-18,0.255364808738385,0.996,0.937,3.05661705614937e-14,"14","CST7"
1.36382890582099e-18,0.464711242232379,0.491,0.277,3.33483444051349e-14,"14","CSRNP1"
1.3918375051845e-18,0.66258657342378,0.353,0.187,3.40332106767714e-14,"14","SEC23B"
1.62524224404936e-18,0.738975570824511,0.252,0.119,3.9740423351495e-14,"14","KLF3"
1.66281911581926e-18,0.552800074795464,0.401,0.217,4.06592530200125e-14,"14","MANF"
1.6952597488583e-18,0.422636367069259,0.853,0.653,4.14524913790833e-14,"14","IRF1"
1.7755462282046e-18,0.368608295619649,0.884,0.651,4.3415656372059e-14,"14","CNBP"
2.50387875022911e-18,0.670146439030964,0.316,0.161,6.12248432006022e-14,"14","RCN2"
3.25810171952823e-18,0.448615279001291,0.537,0.314,7.96671032459044e-14,"14","DNTTIP2"
3.62208678376713e-18,0.61539757335481,0.353,0.186,8.85672660366739e-14,"14","SLC25A32"
5.08603911773743e-18,0.541836885035929,0.342,0.175,1.24363828506916e-13,"14","SYPL1"
5.52185286037254e-18,0.555544993821961,0.417,0.23,1.35020346141829e-13,"14","METTL9"
5.62650211760468e-18,0.479293387143108,0.454,0.253,1.3757922977967e-13,"14","MAPK1"
9.7199551431326e-18,0.328133284392643,0.824,0.555,2.37672343159878e-13,"14","REL"
1.0534172494629e-17,0.38371581210676,0.623,0.378,2.57581585838668e-13,"14","GABARAPL1"
1.20547280977986e-17,0.337113121243702,0.886,0.643,2.94762211447372e-13,"14","FUS"
1.27325934041368e-17,0.460389982484322,0.373,0.199,3.11337373917953e-13,"14","ELL2"
1.55443076292236e-17,0.425166767602837,0.57,0.342,3.80089410149776e-13,"14","TRAM1"
1.6794322513759e-17,0.390300266039465,0.763,0.496,4.10654774106435e-13,"14","HNRNPA0"
2.08825922182116e-17,0.250157201932358,0.978,0.837,5.10621144919711e-13,"14","MYL12A"
2.09666133972084e-17,0.59183274614114,0.311,0.159,5.1267563078854e-13,"14","ERCC5"
2.34451121792096e-17,0.420669271228377,0.574,0.358,5.73279883006032e-13,"14","SOCS1"
2.61207622031078e-17,0.605432392642216,0.333,0.173,6.38704877390392e-13,"14","SLC10A3"
3.27858943898814e-17,0.359266549076901,0.79,0.545,8.01680689621381e-13,"14","CDC42"
3.61771908775378e-17,0.435260706108556,0.64,0.404,8.84604671337554e-13,"14","HSPA9"
4.37610470958977e-17,0.314827607388439,0.93,0.718,1.07004512358889e-12,"14","YBX1"
4.87018430936406e-17,0.36926621079914,0.798,0.539,1.1908574673257e-12,"14","CAP1"
5.19050998895685e-17,0.454824368822127,0.379,0.201,1.26918350249973e-12,"14","C14orf119"
5.849440227465e-17,0.779923937558151,0.21,0.095,1.43030512441974e-12,"14","LRRC47"
5.97757664204167e-17,0.418058764744594,0.607,0.377,1.46163704051203e-12,"14","SERINC1"
6.21898089167911e-17,0.484402327683543,0.539,0.33,1.52066520763338e-12,"14","UBE2A"
6.83419130926596e-17,0.408771526141313,0.533,0.315,1.67109645894171e-12,"14","EIF1B"
8.89849847441135e-17,0.401995779097082,0.621,0.384,2.17586084696306e-12,"14","CD164"
9.75425765015568e-17,0.577163078688865,0.294,0.148,2.38511108061607e-12,"14","SRSF6"
1.05419623766602e-16,0.277199459590788,0.998,0.943,2.57772064034095e-12,"14","GAPDH"
1.26711722648213e-16,0.282940747224232,0.972,0.811,3.0983550421941e-12,"14","TMA7"
1.27539695877852e-16,0.520871139103473,0.23,0.107,3.11860064360524e-12,"14","KLRK1"
1.60604462931461e-16,0.357953532355159,0.577,0.351,3.92710032760008e-12,"14","AMD1"
1.6909625626997e-16,0.411968614600251,0.798,0.568,4.1347416583133e-12,"14","SRSF5"
1.69976507487985e-16,0.346567552795127,0.864,0.629,4.15626556109622e-12,"14","HNRNPK"
1.85095635404846e-16,0.328597901354329,0.456,0.254,4.52595847691929e-12,"14","H2AFX"
3.09795483059392e-16,0.399972282401513,0.522,0.313,7.57511915176826e-12,"14","CAST"
3.13366479535215e-16,0.560817136953498,0.252,0.122,7.66243715759507e-12,"14","ARHGAP18"
3.3693364477627e-16,0.535229985993309,0.309,0.16,8.23870148206936e-12,"14","PIK3AP1"
3.44654362976658e-16,0.645400793374796,0.27,0.137,8.42748848350524e-12,"14","TUBB2A"
3.59653658431791e-16,0.474116813554425,0.469,0.276,8.79425125597415e-12,"14","ALG13"
3.80238806580924e-16,0.621887713480032,0.204,0.093,9.29759929851676e-12,"14","MED17"
4.95814848438213e-16,0.418583977753158,0.539,0.331,1.21236646740112e-11,"14","STOM"
6.09055825580606e-16,0.402087574231355,0.651,0.415,1.4892633047097e-11,"14","GTF2B"
6.46903299704351e-16,0.396179413723104,0.404,0.223,1.58180794843708e-11,"14","VAMP5"
7.14385069187409e-16,0.400952642219868,0.706,0.473,1.74681437117705e-11,"14","SEC62"
9.65370422611879e-16,0.542608524268454,0.298,0.154,2.36052375737057e-11,"14","POLE3"
1.07280166742252e-15,0.588574858147585,0.276,0.141,2.62321463718155e-11,"14","UGP2"
1.24391461812178e-15,0.408984139016857,0.708,0.481,3.04162002423138e-11,"14","SRRM1"
1.33335412796373e-15,0.616115765076326,0.261,0.132,3.2603175136969e-11,"14","PRCC"
1.43211234386546e-15,0.300209386832442,0.912,0.704,3.50180110321982e-11,"14","NCL"
1.91275310219118e-15,0.363237703198696,0.792,0.543,4.67706388547787e-11,"14","CD53"
1.97230768604594e-15,0.589483457165838,0.289,0.15,4.82268675391953e-11,"14","ETV3"
2.02780190890789e-15,0.381099657590866,0.583,0.353,4.95838122766158e-11,"14","VAPA"
2.24557275633862e-15,0.436090674517191,0.483,0.285,5.4908745037992e-11,"14","UBE2L3"
2.2619357259782e-15,0.42036612867619,0.504,0.298,5.53088523716188e-11,"14","TMED2"
2.51500364412651e-15,0.715637869016288,0.232,0.114,6.14968691061814e-11,"14","AAED1"
2.52187689495159e-15,0.54127445512702,0.32,0.173,6.16649338353563e-11,"14","GPR171"
3.23656087298346e-15,0.512024988235949,0.377,0.214,7.91403864661917e-11,"14","RNF139"
3.35192299026243e-15,0.410499799348029,0.568,0.362,8.19612209578969e-11,"14","DDX21"
3.49653117485387e-15,0.348869185972178,0.794,0.556,8.54971802875269e-11,"14","SEPT7"
3.88604406795541e-15,0.562472351529813,0.268,0.137,9.50215495496456e-11,"14","DYNLT3"
5.60471819469521e-15,0.387985861990816,0.513,0.309,1.37046569296687e-10,"14","PDCL3"
5.85753613404982e-15,0.38602443707214,0.612,0.393,1.43228473549786e-10,"14","TXN"
5.95270678253138e-15,0.413802857916219,0.57,0.356,1.45555586246457e-10,"14","SSU72"
6.13247474129626e-15,0.413307239381721,0.441,0.254,1.49951272374176e-10,"14","NR1H2"
6.60602551865338e-15,0.310321877381736,0.574,0.352,1.61530535982112e-10,"14","SMARCA5"
6.66418837003335e-15,0.43786638968472,0.366,0.203,1.62952734024055e-10,"14","SURF2"
6.72898075986976e-15,0.513789197211876,0.36,0.201,1.64537037540335e-10,"14","LPCAT1"
7.73891225498616e-15,0.363838000761575,0.528,0.321,1.89231882458922e-10,"14","CCT6A"
8.07383229600786e-15,0.477113513859404,0.206,0.097,1.97421347301984e-10,"14","PLAC8"
8.17025283397476e-15,0.286333237653324,0.888,0.663,1.99779022296351e-10,"14","LITAF"
9.39723148366497e-15,0.327365616549801,0.618,0.384,2.29781104238576e-10,"14","NSMCE3"
9.76107108883695e-15,0.615114446470753,0.248,0.125,2.38677710264241e-10,"14","FLOT1"
1.20105567254735e-14,0.324007241455877,0.463,0.277,2.93682133051277e-10,"14","PLEKHA2"
1.21295427883181e-14,0.388256078867612,0.476,0.28,2.96591580259953e-10,"14","UBE2V1"
1.3316319189531e-14,0.338923322601439,0.805,0.563,3.25610636822412e-10,"14","ATP6V0E1"
1.51944268243094e-14,0.354818326628494,0.699,0.446,3.71534124708013e-10,"14","POMP"
1.90661755248141e-14,0.358411253181232,0.684,0.451,4.66206123932753e-10,"14","KHDRBS1"
1.92189976127669e-14,0.338709601882125,0.575,0.355,4.69942929627375e-10,"14","PITPNC1"
2.02660556152942e-14,0.257611172685645,0.892,0.657,4.95545591905173e-10,"14","TGFB1"
2.07092344425486e-14,0.43937876373161,0.397,0.224,5.06382200589199e-10,"14","MED4"
2.20557017244619e-14,0.42885259254156,0.423,0.247,5.39306018566541e-10,"14","DERL1"
2.86114071975119e-14,0.331330136222037,0.91,0.696,6.99606128793561e-10,"14","TMBIM6"
3.33732851949376e-14,0.383609804595323,0.631,0.4,8.16043569586614e-10,"14","GHITM"
3.47643369010317e-14,0.39030320469738,0.511,0.311,8.50057565904027e-10,"14","POLR2K"
3.53349086480106e-14,0.446271749961412,0.408,0.236,8.64009186261156e-10,"14","GTF3C6"
3.78334030336435e-14,0.386541823565731,0.382,0.213,9.25102370978651e-10,"14","RELA"
3.82837491805141e-14,0.266566173631457,0.858,0.628,9.36114234961932e-10,"14","BRD2"
3.89432537305099e-14,0.325299315386293,0.697,0.449,9.52240440218428e-10,"14","ATP5MC3"
4.15699472167284e-14,0.378844246439941,0.471,0.278,1.01646834934344e-09,"14","C1orf43"
4.38585480703087e-14,0.334161830701097,0.789,0.553,1.07242921741519e-09,"14","PTGES3"
4.62301253399613e-14,0.481752059303937,0.276,0.145,1.13041902481273e-09,"14","SVIP"
5.535752627976e-14,0.399215985877605,0.566,0.356,1.35360223259269e-09,"14","RPN1"
5.69897665238971e-14,0.610133498703097,0.316,0.176,1.39351377104233e-09,"14","TESC"
6.26649726369981e-14,0.330652687027543,0.717,0.481,1.53228391091988e-09,"14","G3BP2"
6.62037423171884e-14,0.367944274156834,0.555,0.342,1.61881390713989e-09,"14","RSL1D1"
6.64710087152587e-14,0.322593461370559,0.869,0.671,1.62534910510551e-09,"14","LDHA"
6.89153629057119e-14,0.38785629514293,0.605,0.404,1.68511845377047e-09,"14","RBMX"
7.95769705234208e-14,0.405790480753535,0.452,0.267,1.94581608323869e-09,"14","WBP11"
7.99644550286921e-14,0.389652422575103,0.524,0.32,1.95529085436158e-09,"14","ISCA1"
8.43991914461615e-14,0.594500577156694,0.248,0.128,2.06372902924154e-09,"14","ASNSD1"
8.44511827791585e-14,0.431472299238669,0.362,0.205,2.06500032131598e-09,"14","NOP56"
9.10940599523304e-14,0.26349942103662,0.847,0.626,2.22743195395438e-09,"14","MCL1"
9.91323993898302e-14,0.329900665146094,0.586,0.37,2.42398542988013e-09,"14","PSAP"
1.08096376679676e-13,0.286903043841916,0.866,0.617,2.64317260257144e-09,"14","ATP6V0C"
1.16994498152523e-13,0.413032977931381,0.263,0.136,2.86074946882549e-09,"14","ACSL3"
1.21031819576075e-13,0.288244756051098,0.934,0.739,2.9594700522742e-09,"14","SKP1"
1.25926241642037e-13,0.378747869316841,0.344,0.19,3.07914846063108e-09,"14","FUBP1"
1.3657598076771e-13,0.316443557076668,0.561,0.341,3.33955588173204e-09,"14","CD47"
1.38974819471286e-13,0.36736325777051,0.347,0.197,3.39821228571188e-09,"14","RILPL2"
1.63199873311012e-13,0.405173280957709,0.529,0.332,3.99056330220088e-09,"14","PDIA6"
1.63671231706375e-13,0.657970560919839,0.248,0.13,4.00208895768429e-09,"14","TPGS1"
1.76646268691529e-13,0.357633062399104,0.713,0.498,4.31935456204528e-09,"14","TERF2IP"
1.83288334377723e-13,0.481114118486814,0.301,0.166,4.48176635220409e-09,"14","PABPC4"
1.83776377983254e-13,0.487187832535884,0.254,0.131,4.49369999444652e-09,"14","RCE1"
1.94796051758961e-13,0.361175406180258,0.454,0.27,4.7631530576101e-09,"14","MRPL33"
2.07001693013511e-13,0.406297672058853,0.384,0.226,5.06160539756637e-09,"14","FASLG"
2.1089319690665e-13,0.580891623387523,0.241,0.124,5.1567604507614e-09,"14","PDHA1"
2.16499224417226e-13,0.42834662562969,0.403,0.237,5.29383903545e-09,"14","SLIRP"
2.18279445633732e-13,0.476851555287382,0.289,0.154,5.33736900463602e-09,"14","TMEM70"
2.21313116401723e-13,0.380310310759493,0.3,0.162,5.41154832225493e-09,"14","ITGB1BP1"
2.39609272725955e-13,0.374365389474587,0.474,0.284,5.85892593669505e-09,"14","NDUFAB1"
2.54009023853789e-13,0.353229373515395,0.724,0.517,6.21102865127284e-09,"14","PRF1"
2.80737780097821e-13,0.357986055502061,0.577,0.365,6.86460019895192e-09,"14","RAB5IF"
3.07525609091798e-13,0.357188843699277,0.445,0.261,7.51961619351264e-09,"14","PYURF"
3.41890259973745e-13,0.311295289015807,0.463,0.277,8.359900636878e-09,"14","ANXA2"
3.43603188136884e-13,0.415409856147991,0.347,0.197,8.40178515632308e-09,"14","NDEL1"
3.44161953187823e-13,0.354554567464263,0.303,0.166,8.41544807934866e-09,"14","ARL4A"
3.66715149794119e-13,0.568321244770414,0.208,0.103,8.96691884276581e-09,"14","ALG2"
3.84026087055382e-13,0.359590552606565,0.564,0.356,9.3902058806782e-09,"14","ERH"
4.2892430902689e-13,0.331410411104907,0.581,0.365,1.04880572043255e-08,"14","LMAN2"
4.50125811943918e-13,0.321991634539945,0.647,0.416,1.10064763536527e-08,"14","BCAP31"
4.79605322909988e-13,0.410750567874891,0.438,0.266,1.1727309355795e-08,"14","SF3B4"
5.16581845467055e-13,0.268789238502776,0.787,0.562,1.26314592853604e-08,"14","HNRNPU"
5.32727017308967e-13,0.490316156527133,0.237,0.123,1.30262410272389e-08,"14","TSR3"
5.46532002603889e-13,0.356677373671727,0.616,0.411,1.33638005276703e-08,"14","SURF4"
5.94360208808768e-13,0.324070441798672,0.669,0.434,1.4533295825792e-08,"14","APMAP"
6.07663846319647e-13,0.309337255460559,0.699,0.46,1.4858596370208e-08,"14","SNRPB"
6.59396803265467e-13,0.420422051893557,0.344,0.196,1.61235706334472e-08,"14","VDAC3"
6.93990798479878e-13,0.355738729854997,0.506,0.321,1.696946300443e-08,"14","MATK"
7.46107622326686e-13,0.359944195056183,0.504,0.309,1.82438235811321e-08,"14","LAMP1"
7.61326774674791e-13,0.403404438790978,0.386,0.224,1.8615962294348e-08,"14","ABT1"
7.99889284329518e-13,0.305161572139014,0.881,0.675,1.95588927804254e-08,"14","GUK1"
8.49214765755887e-13,0.531553605393608,0.309,0.174,2.07649994522629e-08,"14","PSMD9"
9.94375541176592e-13,0.346046190301497,0.368,0.211,2.431447073285e-08,"14","TM9SF2"
1.04601360941609e-12,0.282921494936317,0.882,0.665,2.55771247774423e-08,"14","TPM3"
1.14975424990994e-12,0.41956085663657,0.272,0.147,2.81137909187979e-08,"14","TUBA1C"
1.21093204106895e-12,0.483179886684801,0.217,0.11,2.96097102682179e-08,"14","ZNF830"
1.26315321757784e-12,0.273038002201168,0.452,0.268,3.08866224762134e-08,"14","U2SURP"
1.31269127753015e-12,0.334522274783343,0.642,0.425,3.20979271181673e-08,"14","SEC61G"
1.32176569312927e-12,0.311010254424024,0.864,0.622,3.2319814728397e-08,"14","RAN"
1.32695481251528e-12,0.313888324352818,0.585,0.382,3.24466990756236e-08,"14","ISG15"
1.37048870241689e-12,0.327753579139426,0.478,0.292,3.35111897514978e-08,"14","LAPTM4A"
1.37945131162876e-12,0.361545819006861,0.303,0.167,3.37303434719465e-08,"14","CUL3"
1.55676270015124e-12,0.337737777109958,0.66,0.447,3.80659615440981e-08,"14","JPT1"
1.60007315408275e-12,0.384221026083672,0.276,0.148,3.91249887636314e-08,"14","NEPRO"
1.657223543891e-12,0.390781395063385,0.353,0.203,4.05224300952227e-08,"14","UBE2J1"
1.92508021744941e-12,0.290001481209175,0.415,0.24,4.7072061477073e-08,"14","APH1A"
2.23027199648864e-12,0.31024590150617,0.73,0.509,5.45346108581401e-08,"14","SERBP1"
2.3947318297291e-12,0.293366750274717,0.669,0.447,5.8555982700536e-08,"14","ARF4"
2.72815682183043e-12,0.399531139472854,0.397,0.24,6.67088906073977e-08,"14","YTHDF2"
2.77137124991418e-12,0.578036107873765,0.21,0.107,6.77655698029015e-08,"14","CSRP1"
2.80020680013711e-12,0.269331254989722,0.702,0.468,6.84706566769526e-08,"14","PTP4A2"
2.80718688384918e-12,0.340358261237246,0.344,0.195,6.86413336838801e-08,"14","MLEC"
2.95213119944492e-12,0.389749195648403,0.272,0.149,7.21855120888272e-08,"14","RAB11FIP1"
3.02480033128239e-12,0.525079155728311,0.228,0.12,7.3962417700517e-08,"14","TXLNG"
3.64495421416641e-12,0.406299076796712,0.298,0.165,8.91264204447969e-08,"14","RNF5"
3.67887906917381e-12,0.341554531900744,0.533,0.334,8.99559509994379e-08,"14","SS18L2"
3.86554413127735e-12,0.372270159241256,0.408,0.246,9.45202850979939e-08,"14","STAU1"
3.99295081002621e-12,0.265099184406985,0.831,0.6,9.76356332067609e-08,"14","ATP5F1B"
4.68103939409955e-12,0.39653023468705,0.34,0.197,1.14460775264522e-07,"14","PRPF38A"
4.79520731631099e-12,0.274458164885034,0.768,0.538,1.17252409298436e-07,"14","MORF4L1"
5.12678939777515e-12,0.329598271148086,0.244,0.131,1.25360254354398e-07,"14","MX1"
5.31104602866054e-12,0.487406283989245,0.237,0.125,1.29865697492807e-07,"14","DPH3"
5.38367924517645e-12,0.319021459489719,0.581,0.373,1.31641724903055e-07,"14","ENSA"
5.63230865524739e-12,0.471252860166182,0.279,0.156,1.37721211238109e-07,"14","OVCA2"
6.1260079714369e-12,0.349779032679056,0.417,0.25,1.49793146917575e-07,"14","SELENOS"
6.32135198070857e-12,0.403534975236607,0.208,0.106,1.54569698632286e-07,"14","TMEM14C"
6.81360377205689e-12,0.321302015602587,0.553,0.353,1.66606239434335e-07,"14","RNF7"
6.99678422602199e-12,0.573892279692794,0.217,0.114,1.7108536789469e-07,"14","LRRC41"
7.61718564558471e-12,0.439737529422714,0.331,0.192,1.86255423405837e-07,"14","STX11"
8.74979076954141e-12,0.42179586152866,0.336,0.196,2.13949883896826e-07,"14","BCL7B"
1.04090277503645e-11,0.305270775572455,0.722,0.503,2.54521546551912e-07,"14","UQCRH"
1.08134452200722e-11,0.441144497325442,0.27,0.151,2.64410362521206e-07,"14","PBDC1"
1.14966925644672e-11,0.350473939750757,0.478,0.301,2.81117126586351e-07,"14","ADSS"
1.1997718112602e-11,0.311711165461124,0.509,0.321,2.93368203289344e-07,"14","G3BP1"
1.23151172840881e-11,0.342333726162752,0.421,0.268,3.01129247830522e-07,"14","SERPINB9"
1.28526662984071e-11,0.40983813102802,0.29,0.163,3.1427339632865e-07,"14","DSTN"
1.34059768045225e-11,0.472374221909952,0.235,0.126,3.27802944824184e-07,"14","DPY30"
1.54784218109886e-11,0.426069130750918,0.285,0.161,3.78478370122294e-07,"14","LRRC59"
1.55501852231338e-11,0.319626332454419,0.373,0.22,3.80233129076067e-07,"14","RTN4"
1.55563019545482e-11,0.302356682064554,0.421,0.25,3.80382695392612e-07,"14","KDELR2"
1.57528534786395e-11,0.296247540300043,0.583,0.374,3.85188773259692e-07,"14","YWHAQ"
1.6337964180196e-11,0.265271548795523,0.539,0.342,3.99495900134152e-07,"14","SELENOH"
1.76022860251732e-11,0.360618007944539,0.408,0.251,4.30411097887536e-07,"14","DUT"
1.78419610062658e-11,0.347255991432949,0.384,0.229,4.36271630525212e-07,"14","FBXO7"
1.79359206129945e-11,0.491176834844881,0.268,0.151,4.38569130828942e-07,"14","NRBF2"
1.86852571584969e-11,0.374629611022485,0.336,0.199,4.56891908039566e-07,"14","DCTN6"
2.07253481671465e-11,0.375995489291343,0.324,0.185,5.06776213383067e-07,"14","DNAJB11"
2.08879379373433e-11,0.299766094947932,0.327,0.186,5.10751858443919e-07,"14","POLR2C"
2.09306876147783e-11,0.33959713961614,0.48,0.305,5.11797173556558e-07,"14","CEBPZ"
2.12698245416283e-11,0.316988356379465,0.588,0.384,5.20089749691896e-07,"14","P4HB"
2.42752251884392e-11,0.277191723456224,0.809,0.601,5.93577806307715e-07,"14","NDUFS5"
2.59033513499003e-11,0.336093104682494,0.335,0.196,6.33388747207763e-07,"14","HECTD1"
2.64900782900351e-11,0.289383982116154,0.546,0.348,6.47735394347938e-07,"14","ARPC5"
2.7742841371486e-11,0.251144092773881,0.893,0.679,6.78367957215575e-07,"14","SLC25A3"
2.78389553183233e-11,0.290093201581069,0.537,0.335,6.80718135443642e-07,"14","VDAC2"
2.86207797835332e-11,0.317390761882143,0.419,0.254,6.99835307266955e-07,"14","NDUFA5"
2.95956386717372e-11,0.337452650930333,0.357,0.209,7.23672556801318e-07,"14","PPP1R11"
3.00180110365107e-11,0.334931875270169,0.461,0.288,7.34000405864759e-07,"14","MLF2"
3.04436281399936e-11,0.365678979473015,0.314,0.181,7.44407595279124e-07,"14","EFR3A"
3.32047483665754e-11,0.301895927181371,0.287,0.16,8.11922507059501e-07,"14","PDIA4"
3.54847712515425e-11,0.273342401529437,0.559,0.36,8.67673626642716e-07,"14","EIF5A"
3.59598594363972e-11,0.390051118386224,0.256,0.14,8.79290482938785e-07,"14","PAGR1"
3.7580570811821e-11,0.280219862739063,0.528,0.333,9.18920117490647e-07,"14","UBE2N"
3.87251793568989e-11,0.282914087139755,0.607,0.398,9.46908085634891e-07,"14","RUNX3"
4.20772384016431e-11,0.382036833203605,0.331,0.193,1.02887263339698e-06,"14","CYB5R3"
5.21310078349625e-11,0.30725432135878,0.722,0.497,1.2747074035805e-06,"14","SLC9A3R1"
5.47666645548875e-11,0.280832704539474,0.381,0.226,1.33915448169611e-06,"14","TMED5"
5.48151255868263e-11,0.341843069534975,0.364,0.217,1.34033945084908e-06,"14","SDHD"
6.00286077004264e-11,0.277374880310706,0.625,0.418,1.46781951549083e-06,"14","DDX6"
6.26654268408582e-11,0.367850197214392,0.316,0.184,1.53229501711266e-06,"14","NARF"
6.31967125848666e-11,0.349850754716337,0.298,0.173,1.54528601612516e-06,"14","TNFSF14"
6.69907691122294e-11,0.314030876574897,0.415,0.254,1.63805828633223e-06,"14","HAX1"
6.78685753370548e-11,0.393888729534053,0.322,0.192,1.65952240414166e-06,"14","MTFP1"
7.04122421350612e-11,0.522837635886266,0.232,0.128,1.72172014468652e-06,"14","HADHB"
7.88760720544722e-11,0.260064075553139,0.586,0.379,1.92867771387596e-06,"14","MATR3-1"
8.18141653529041e-11,0.306297290523966,0.449,0.278,2.00051997120921e-06,"14","IMP3"
9.03486643108347e-11,0.308982882295917,0.305,0.176,2.20920553972853e-06,"14","TSPYL1"
1.02933858762375e-10,0.382380652656828,0.338,0.204,2.5169387144576e-06,"14","STIP1"
1.06922243449968e-10,0.267388765313808,0.789,0.577,2.61446269683861e-06,"14","HCLS1"
1.13917492528166e-10,0.274441999633472,0.724,0.51,2.78551052729871e-06,"14","ARHGDIA"
1.17087264622355e-10,0.282058135562989,0.493,0.314,2.86301779454583e-06,"14","IK"
1.17991484827632e-10,0.254698011821643,0.471,0.288,2.88512778700526e-06,"14","PPP2R1A"
1.20377782342576e-10,0.271893259429338,0.529,0.333,2.94347753384067e-06,"14","PPP2CA"
1.22927187351922e-10,0.376633747991264,0.441,0.28,3.0058155851292e-06,"14","SERPINB1"
1.25437780419705e-10,0.379748299743737,0.3,0.176,3.06720460682262e-06,"14","RAB9A"
1.29272893190637e-10,0.351248359173601,0.351,0.211,3.16098078429746e-06,"14","PCMT1"
1.35872315301254e-10,0.405173232681724,0.2,0.105,3.32234985374627e-06,"14","NSUN2"
1.37402226391231e-10,0.432542694283875,0.335,0.202,3.35975923971839e-06,"14","TINF2"
1.42734017337283e-10,0.325208722053402,0.421,0.266,3.49013219193123e-06,"14","DNAJB9"
1.48817087929862e-10,0.345922616763277,0.388,0.241,3.638875434061e-06,"14","BBX"
1.50572579795618e-10,0.37661938006845,0.265,0.15,3.68180072116246e-06,"14","ZNF622"
1.6134379683579e-10,0.262419701749661,0.329,0.194,3.94517852022875e-06,"14","SC5D"
1.66928321650783e-10,0.413592182248978,0.222,0.122,4.08173132100494e-06,"14","APPL1"
1.67923652352124e-10,0.378753414920753,0.252,0.141,4.10606914731413e-06,"14","GLRX5"
1.88882984456319e-10,0.262099163334484,0.649,0.433,4.61856673592592e-06,"14","WDR1"
2.22791877539332e-10,0.477058650825707,0.232,0.129,5.44770698959175e-06,"14","ADAM8"
2.28680698421295e-10,0.36289790596586,0.285,0.163,5.59170043779751e-06,"14","CDC73"
2.44992215214235e-10,0.402056629367613,0.278,0.161,5.99054964641847e-06,"14","ARL2BP"
2.45485792436453e-10,0.357485142692995,0.303,0.177,6.00261859665614e-06,"14","BCCIP"
2.48264278881033e-10,0.379029581570087,0.265,0.151,6.07055814719903e-06,"14","CRNKL1"
2.61291441722508e-10,0.313203413220377,0.542,0.345,6.38909833299876e-06,"14","ILF2"
2.66772458456584e-10,0.28982018474557,0.48,0.302,6.5231201541804e-06,"14","ADRM1"
2.87467000772767e-10,0.287983985681905,0.349,0.212,7.0291431028957e-06,"14","RNF168"
2.9543788326099e-10,0.269261435467124,0.564,0.364,7.22404712149774e-06,"14","DHRS7"
2.99556025983007e-10,0.373403002394748,0.364,0.222,7.32474394733649e-06,"14","SRP54"
3.04597770991901e-10,0.329611461615413,0.324,0.191,7.44802469629397e-06,"14","DNAJC3"
3.04797900940875e-10,0.276341828779912,0.439,0.272,7.45291827380628e-06,"14","EMC7"
3.17636918746739e-10,0.38441892583271,0.25,0.14,7.76685793719525e-06,"14","DNAJC9"
3.21134207752515e-10,0.276200965161854,0.5,0.317,7.8523736479645e-06,"14","SSBP1"
3.44765011877121e-10,0.299932808375664,0.504,0.326,8.43019407041935e-06,"14","SLC3A2"
4.07253306802649e-10,0.307427830368246,0.513,0.327,9.95815785793837e-06,"14","DNAJC8"
4.72517760886818e-10,0.301440794172536,0.601,0.409,1.15540042892045e-05,"14","HERPUD1"
4.73887096839419e-10,0.258053687708893,0.314,0.185,1.15874872919175e-05,"14","EIF2S3"
4.92093422262665e-10,0.256612866106401,0.54,0.349,1.20326683611667e-05,"14","UBE2I"
5.79599214820597e-10,0.30132737233651,0.274,0.157,1.41723600007932e-05,"14","PLEKHA3"
5.99402810177485e-10,0.393882078838465,0.25,0.143,1.46565975144599e-05,"14","PSPC1"
6.21636790584366e-10,0.293159066432849,0.472,0.298,1.52002628033689e-05,"14","CCT7"
6.69066013431773e-10,0.439451625445137,0.233,0.132,1.63600021604337e-05,"14","STX4"
7.27560542021481e-10,0.453793872194359,0.289,0.172,1.77903103735093e-05,"14","COPS8"
7.48428633768215e-10,0.289423150300725,0.445,0.279,1.83005769529004e-05,"14","OCIAD1"
7.79857726245259e-10,0.362596972502437,0.265,0.153,1.90690811221491e-05,"14","GARS"
7.81290720405106e-10,0.386375421149733,0.283,0.167,1.91041206953457e-05,"14","NIPA2"
7.89913606800998e-10,0.298781689292362,0.454,0.287,1.9314967513498e-05,"14","OSTC"
8.5592880819265e-10,0.321024832000212,0.726,0.507,2.09291712179267e-05,"14","DBI"
9.11293168541385e-10,0.376195541909897,0.23,0.128,2.2282940557174e-05,"14","C7orf50"
9.28332049684513e-10,0.377010191637665,0.232,0.13,2.26995752788857e-05,"14","PSME3"
9.8293213923024e-10,0.31410050696408,0.331,0.201,2.40346566684578e-05,"14","SUGT1"
9.99196399759797e-10,0.324919437286853,0.382,0.239,2.44323503669266e-05,"14","PAF1"
1.10097325966179e-09,0.396395802979201,0.263,0.153,2.692099814525e-05,"14","PSMD12"
1.14902727340803e-09,0.425314635969533,0.217,0.12,2.80960148893732e-05,"14","SLC25A4"
1.17996480245613e-09,0.321516982777193,0.357,0.221,2.88524993496573e-05,"14","TMEM109"
1.2038901332022e-09,0.337644498690931,0.309,0.185,2.94375215370602e-05,"14","ARMCX3"
1.2986922359083e-09,0.433790963348197,0.213,0.118,3.17556225524297e-05,"14","TARS"
1.30235242181437e-09,0.293639094782137,0.358,0.219,3.1845121418205e-05,"14","NGDN"
1.30836993460443e-09,0.275446772590606,0.599,0.408,3.19922616409475e-05,"14","SPCS2"
1.38054711223611e-09,0.268924397343491,0.237,0.134,3.37571379883974e-05,"14","MCOLN2"
1.46689988528612e-09,0.255156412972787,0.279,0.161,3.58686359950162e-05,"14","SLC1A5"
1.48687290837759e-09,0.26128889225701,0.395,0.248,3.63570163556489e-05,"14","RNMT"
1.51751760603052e-09,0.273235424224474,0.425,0.269,3.71063405026583e-05,"14","TMEM230"
1.54442012288471e-09,0.300514002034421,0.395,0.248,3.77641608447768e-05,"14","FBL"
1.5731161439504e-09,0.294040678717234,0.379,0.235,3.84658359518752e-05,"14","RHEB"
1.61596826383476e-09,0.367397246576371,0.233,0.132,3.95136559872875e-05,"14","TRPV2"
1.64483599251024e-09,0.308297427958736,0.327,0.198,4.02195296888604e-05,"14","PHF5A"
1.94371661911727e-09,0.268619759810116,0.472,0.307,4.75277587706555e-05,"14","GDI2"
1.97662729458825e-09,0.329022622535959,0.274,0.16,4.8332490607272e-05,"14","RNF11"
2.02569651176541e-09,0.45753439153593,0.358,0.241,4.95323311056877e-05,"14","IFNG"
2.02855009761039e-09,0.262226139600018,0.289,0.169,4.96021069867693e-05,"14","PSENEN"
2.06206205881829e-09,0.332905887653626,0.281,0.166,5.04215414622249e-05,"14","SECISBP2L"
2.15875160292957e-09,0.297778910279745,0.301,0.179,5.27857941948339e-05,"14","CPSF6"
2.18742975751182e-09,0.278406697178114,0.421,0.263,5.34870324306789e-05,"14","CMTM6"
2.21657141763787e-09,0.332056836034358,0.336,0.208,5.41996043040811e-05,"14","CHCHD7"
2.23864867563071e-09,0.449385475478151,0.211,0.118,5.47394374165221e-05,"14","RING1"
2.45530269162875e-09,0.349183739107284,0.296,0.178,6.00370614157062e-05,"14","LSM1"
2.57127910948553e-09,0.326735929088051,0.257,0.149,6.28729167851402e-05,"14","U2AF1"
2.77498296899881e-09,0.301550093153882,0.232,0.131,6.78538835579589e-05,"14","COMT"
3.15782848000922e-09,0.303334935624891,0.355,0.222,7.72152219931855e-05,"14","LSM3"
3.26627814327728e-09,0.272257098511192,0.29,0.173,7.9867033159416e-05,"14","RNF4"
3.3111325338027e-09,0.25545395305955,0.32,0.193,8.09638127165437e-05,"14","MORF4L2"
3.53575680477489e-09,0.315005714859138,0.303,0.185,8.64563253903557e-05,"14","URI1"
3.79883995336486e-09,0.277163735911069,0.526,0.35,9.28892345396775e-05,"14","MPHOSPH8"
3.83409245826629e-09,0.375611217796251,0.241,0.139,9.37512287895272e-05,"14","SMIM37"
3.9968197038309e-09,0.304805784405452,0.331,0.203,9.77302353980731e-05,"14","GDI1"
4.0661138476097e-09,0.374696763195312,0.235,0.136,9.94246158017525e-05,"14","FLOT2"
4.20855730562943e-09,0.308912240930243,0.432,0.284,0.000102907643237251,"14","SNRPD1"
4.38194392162377e-09,0.30288811070529,0.346,0.215,0.000107147292771544,"14","VOPP1"
4.40160991863336e-09,0.266262788223184,0.355,0.219,0.000107628165730423,"14","RNF138"
4.97041597147491e-09,0.367447530217509,0.228,0.131,0.000121536611334505,"14","CDK6"
4.9984964480328e-09,0.346403421559127,0.335,0.206,0.000122223235147298,"14","PSMC3"
5.35989760991143e-09,0.337108687111585,0.296,0.179,0.000131060216357554,"14","PSMC1"
5.45537196539902e-09,0.289881724281386,0.268,0.158,0.000133394755297937,"14","MAGED2"
5.55660419810535e-09,0.273691070680473,0.375,0.237,0.000135870085852072,"14","DDX27"
5.97188223207744e-09,0.28204028617835,0.324,0.197,0.000146024464338758,"14","PDCD5"
6.01752611403743e-09,0.337820399715757,0.226,0.129,0.000147140548540443,"14","MBD4"
7.53793330913852e-09,0.358490802088997,0.222,0.127,0.000184317545275055,"14","A1BG"
8.01730578065062e-09,0.269684809080693,0.29,0.174,0.000196039160948469,"14","NIFK"
8.54708872576653e-09,0.275883984227199,0.268,0.159,0.000208993413522443,"14","HMGN4"
9.13921477313364e-09,0.280271289076183,0.232,0.134,0.000223472079632664,"14","SIK3"
9.30657036926097e-09,0.302688621007883,0.252,0.148,0.000227564258669169,"14","NFU1"
1.01703370766638e-08,0.337210458519653,0.631,0.452,0.000248685082198583,"14","C9orf78"
1.09917822948631e-08,0.301090097154078,0.3,0.182,0.000268771060673992,"14","RAB1A"
1.1434696046439e-08,0.281038940260912,0.347,0.219,0.000279601187727527,"14","FAM133B"
1.17532943633618e-08,0.268611154753005,0.278,0.167,0.000287391553772922,"14","NINJ1"
1.29222363831845e-08,0.285926052667648,0.32,0.199,0.000315974524041628,"14","ST3GAL1"
1.2984755243486e-08,0.27933428468999,0.338,0.211,0.000317503235213721,"14","SAR1A"
1.48239831934857e-08,0.445114396416158,0.204,0.117,0.000362476037047113,"14","DLD"
1.55168655488923e-08,0.396003965284647,0.228,0.134,0.000379418396401516,"14","E2F4"
1.57602672323293e-08,0.286787564335963,0.272,0.164,0.000385370054364917,"14","RGL4"
1.63082950127201e-08,0.422716006254843,0.211,0.122,0.000398770429651031,"14","MRPS22"
2.12793292447261e-08,0.307604181738916,0.281,0.171,0.000520322158692044,"14","CCNK"
2.35600297824282e-08,0.335893243704157,0.296,0.183,0.000576089848239935,"14","ZPR1"
2.39539253664533e-08,0.279372516922587,0.292,0.179,0.000585721383060516,"14","CHMP4B"
2.97122020247745e-08,0.347282504295167,0.248,0.148,0.000726522763909785,"14","TSSC4"
3.30231848821651e-08,0.253715728775995,0.274,0.166,0.000807482916738701,"14","FYTTD1"
3.64027534303519e-08,0.290415010709979,0.246,0.147,0.000890120126878966,"14","USF2"
3.82205812710542e-08,0.283361995507753,0.318,0.2,0.000934569653239818,"14","HMCES"
3.90973371399935e-08,0.2712755757133,0.322,0.202,0.000956008087747122,"14","RIC8A"
4.27000293966377e-08,0.263743609771312,0.415,0.27,0.00104410111880659,"14","VDAC1"
4.75203040317693e-08,0.250105540639084,0.366,0.233,0.00116196647418482,"14","PPP6C"
5.09759138222421e-08,0.357050520793638,0.248,0.151,0.00124646304478146,"14","GPR108"
5.12570050531825e-08,0.297747935504335,0.316,0.198,0.00125333628756042,"14","GRPEL1"
5.49747678011882e-08,0.439687816740254,0.208,0.122,0.00134424302227465,"14","TARSL2"
6.84999982267452e-08,0.294401017797405,0.309,0.194,0.00167496195664037,"14","SZRD1"
7.18602665650845e-08,0.325258529031679,0.237,0.142,0.00175712723804945,"14","CHMP2B"
8.64167820102381e-08,0.28407614214405,0.215,0.126,0.00211306315371434,"14","RTN3"
9.05239113638319e-08,0.331265923060682,0.23,0.138,0.00221349068066842,"14","VBP1"
9.34630660285669e-08,0.268475628956296,0.333,0.214,0.00228535889053052,"14","EIF3J"
1.00517190877463e-07,0.317496514705823,0.307,0.197,0.00245784635133573,"14","PRNP"
1.00682665708463e-07,0.278237665216973,0.239,0.143,0.00246189254190333,"14","KLHL28"
1.04023869108883e-07,0.315691725552277,0.222,0.132,0.00254359164745041,"14","MPHOSPH10"
1.21242311995398e-07,0.382786237484346,0.233,0.142,0.00296461701291148,"14","SMIM12"
1.27085869994327e-07,0.330684158031742,0.21,0.124,0.00310750369310128,"14","RAP2C"
1.27139838357478e-07,0.324081676363654,0.276,0.172,0.00310882332751705,"14","COPS2"
1.41087988464112e-07,0.303676557924418,0.263,0.163,0.00344988349392446,"14","C1orf52"
1.75477317205814e-07,0.312967456496836,0.254,0.156,0.00429077136031656,"14","MFSD14A"
1.9436035245308e-07,0.251888894432113,0.732,0.54,0.0047524993381827,"14","ATP6V1G1"
1.9526737443839e-07,0.25321159482589,0.246,0.15,0.0047746778397675,"14","HEBP2"
2.24764415325769e-07,0.282897723494912,0.252,0.154,0.00549593948354569,"14","KIAA1191"
3.01206683426858e-07,0.2659305933617,0.324,0.21,0.00736510582315352,"14","EMC10"
3.39474105081974e-07,0.301831881678026,0.244,0.151,0.00830082081746442,"14","NXT1"
3.85296726915065e-07,0.305723376533979,0.331,0.22,0.00942127556652718,"14","RBM17"
3.94326246788682e-07,0.374976573829745,0.241,0.151,0.00964206538647686,"14","LYSMD2"
4.38035484222521e-07,0.268611281405085,0.29,0.185,0.0107108436602091,"14","MRPS7"
4.90858846769533e-07,0.283105583357534,0.239,0.147,0.0120024805212086,"14","PSMC2"
4.95638839815571e-07,0.25737011886277,0.233,0.144,0.0121193609111704,"14","MKRN1"
5.04168134130767e-07,0.331063845924659,0.296,0.193,0.0123279192157655,"14","GPR18"
5.26149602864773e-07,0.302885915562298,0.244,0.152,0.0128654100892494,"14","GID8"
5.79601000524841e-07,0.320706780282957,0.244,0.155,0.0141724036648334,"14","IER3IP1"
6.0999811455927e-07,0.285674738419707,0.261,0.167,0.0149156738972033,"14","GFPT1"
6.50998901409838e-07,0.263272423618696,0.254,0.16,0.0159182251372734,"14","MRPL21"
8.00986300854659e-07,0.347835336642701,0.202,0.123,0.0195857170284981,"14","TVP23B"
1.36613183228573e-06,0.312005786935036,0.206,0.127,0.0334046555630508,"14","ZNF267"
1.38611791560569e-06,0.262021390664405,0.232,0.145,0.0338933552723903,"14","UBE2E3"
1.56595794282963e-06,0.272334543086578,0.232,0.145,0.0382908036180701,"14","EIF2S1"
1.58365266351608e-06,0.353295723703147,0.208,0.129,0.0387234749282951,"14","CAPN1"
1.99100615016621e-06,0.252735629663842,0.261,0.168,0.0486840823838641,"14","ETFA"
2.03210492480465e-06,0.253919294704793,0.27,0.177,0.0496890296213233,"14","ZC3H12A"
3.37923839991337e-06,0.265418405143136,0.325,0.218,0.0826291373546817,"14","RNASEH2C"
4.64338832601259e-06,0.279390729134764,0.204,0.128,0.11354013134766,"14","SDAD1"
1.34237217348472e-05,0.265293647947615,0.206,0.132,0.328236843860484,"14","HPCAL1"
1.6714851428445e-05,0.30980209869537,0.215,0.142,0.408711547128336,"14","TWISTNB"
0,2.17861814866861,0.519,0.118,0,"9","TYROBP"
0,3.11996467225089,0.422,0.052,0,"9","KIR3DL2"
0,1.75286696689305,0.966,0.682,0,"9","TUBA4A"
8.18318218755707e-288,1.40213336682316,0.969,0.672,2.00095170850146e-283,"9","YPEL5"
5.8093860240467e-251,1.21696045796737,0.995,0.901,1.4205110705999e-246,"9","HSP90AA1"
1.66478345676334e-249,0.675256722653083,1,0.995,4.07072850847771e-245,"9","HLA-B"
5.13518022043306e-248,1.50622521945495,0.882,0.51,1.25565426750029e-243,"9","DNAJB6"
1.50326858037351e-226,1.30300435617736,0.927,0.621,3.67579233272932e-222,"9","MCL1"
2.57527488713467e-226,1.13080278750356,0.961,0.665,6.29706215402171e-222,"9","DNAJA1"
1.41645389433281e-224,0.864325736336858,0.998,0.952,3.46351306242259e-220,"9","HSPA8"
9.17197875767605e-214,1.40212421138117,0.867,0.522,2.24273224582695e-209,"9","ISG20"
2.30573548628801e-213,1.45725370883867,0.837,0.456,5.63798441107145e-209,"9","DUSP5"
1.16372527485449e-209,1.07603624726249,0.982,0.82,2.84554104207419e-205,"9","HSP90AB1"
2.05874636065787e-209,1.01131801971576,0.995,0.825,5.03404660108063e-205,"9","ZFP36"
3.31004343875986e-199,1.34010462420926,0.201,0.03,8.09371821645561e-195,"9","TRBV11-2"
3.73485279961399e-197,1.24600122670637,0.894,0.562,9.13246206561614e-193,"9","TSC22D3"
1.82110102803056e-191,1.10278354991074,0.934,0.659,4.45295623374031e-187,"9","LITAF"
1.13066372224301e-185,1.4052942875178,0.79,0.44,2.76469893362861e-181,"9","HSPH1"
6.96382798101045e-182,1.0823229589338,0.945,0.666,1.70279521791668e-177,"9","LDHA"
7.54650288416316e-175,1.14782394011409,0.829,0.447,1.84527088523558e-170,"9","MYADM"
7.60000537621899e-173,1.03657018439873,0.675,0.287,1.85835331459307e-168,"9","FOSB"
1.38156032543262e-167,0.654458106559554,1,0.945,3.37819130774785e-163,"9","SRGN"
3.06655494904494e-166,1.16678146339652,0.86,0.582,7.4983401614047e-162,"9","ELF1"
6.10571854822497e-165,1.78834672286913,0.402,0.126,1.49297029941197e-160,"9","S1PR5"
1.12109671704897e-157,0.775885599515807,1,0.867,2.74130569252815e-153,"9","DUSP2"
3.09741468523232e-151,1.40723259358029,0.637,0.3,7.57379838833008e-147,"9","IFNGR1"
3.95002011356978e-150,0.832121387703242,0.934,0.649,9.65858918170082e-146,"9","DUSP1"
4.13160657739355e-150,0.90923058365105,0.917,0.614,1.01026044030427e-145,"9","PIK3R1"
1.12206727813123e-149,0.999018283481017,0.91,0.618,2.74367890848649e-145,"9","FAM177A1"
1.13667798410961e-147,1.0590989164852,0.866,0.561,2.77940500674483e-143,"9","VPS37B"
9.31390884712887e-143,1.16991184032085,0.849,0.571,2.27743699129995e-138,"9","HSPD1"
4.49474871198129e-142,1.10456400332147,0.792,0.462,1.09905595505367e-137,"9","RBM38"
4.66983563049106e-139,1.2430634965317,0.695,0.372,1.14186820836767e-134,"9","GABARAPL1"
3.57271961149046e-137,2.0307378268425,0.315,0.094,8.73601399401646e-133,"9","HIC1"
1.10399613791771e-136,0.793827407012698,0.969,0.805,2.69949135643639e-132,"9","PNRC1"
5.98248031340586e-136,1.32399142245981,0.645,0.329,1.462836086234e-131,"9","SMAP2"
4.8548030138818e-135,0.885315602966104,0.865,0.557,1.18709643295438e-130,"9","SYTL3"
1.893657399862e-134,2.46051920771012,0.219,0.051,4.63037107414257e-130,"9","IRF8"
1.19014827504549e-132,0.936767423002748,0.814,0.504,2.91015056214124e-128,"9","TUBB4B"
1.2135029199604e-132,1.16922737617866,0.77,0.469,2.96725733988717e-128,"9","CCNH"
4.87587635445112e-131,0.954298634966596,0.896,0.67,1.19224928619039e-126,"9","DDX24"
9.20202648062304e-130,0.94049079224438,0.894,0.654,2.25007951504195e-125,"9","TGFB1"
5.79631319793399e-128,0.819547200528288,0.925,0.662,1.41731450315882e-123,"9","CTSW"
2.0995833467118e-125,0.788881907541428,0.955,0.775,5.1339011993797e-121,"9","CALM2"
1.76363998451456e-121,1.84602224368002,0.312,0.099,4.31245249013499e-117,"9","MAFF"
5.94953430635957e-121,0.48079144103032,0.998,0.983,1.45478012859104e-116,"9","EIF1"
5.44280854857077e-118,1.13036874601928,0.719,0.427,1.33087554629652e-113,"9","TUBA1A"
1.03292538939525e-117,0.92392269850156,0.884,0.649,2.52570916214927e-113,"9","IRF1"
3.78628560420739e-115,0.961355792257931,0.785,0.482,9.2582255594079e-111,"9","TUBA1B"
6.02557956602107e-115,0.931219727934366,0.842,0.565,1.47337471548347e-110,"9","ADGRE5"
6.00804150457788e-113,0.92251618947357,0.875,0.607,1.46908630869938e-108,"9","DDIT4"
1.16070882862502e-110,1.19972286537555,0.602,0.316,2.83816522775389e-106,"9","SERTAD1"
2.8514065030295e-109,0.632084527827857,0.979,0.843,6.97225918120773e-105,"9","PABPC1"
3.04206160575227e-109,1.17589980921823,0.599,0.317,7.43844903838545e-105,"9","HNRNPL"
1.2197492989764e-107,0.887441590270066,0.862,0.602,2.98253098585709e-103,"9","PDCD4"
4.74728375366969e-105,0.737144807559676,0.923,0.741,1.16080582344731e-100,"9","SUB1"
4.90822053511234e-103,0.859920145782698,0.75,0.454,1.20015808524567e-98,"9","UBE2S"
1.06863234538525e-101,1.04311068595102,0.757,0.514,2.61301981093602e-97,"9","PRF1"
2.1838446767383e-101,0.726460801868703,0.913,0.678,5.33993700356048e-97,"9","SELENOK"
5.01138399000951e-101,0.820050702886243,0.924,0.734,1.22538361323713e-96,"9","HSPE1"
1.57160758742115e-100,0.746123318292631,0.921,0.758,3.8428948727622e-96,"9","CD7"
6.08037589175702e-100,1.12174845786154,0.591,0.32,1.48677351305243e-95,"9","SLA2"
4.499448157527e-99,1.1618390642955,0.582,0.312,1.1002050634785e-94,"9","SLC7A5"
9.09859166935699e-99,1.19927968777329,0.562,0.299,2.22478763499117e-94,"9","JMJD6"
9.79010000283234e-99,1.15450062019297,0.597,0.33,2.39387525269256e-94,"9","CACYBP"
3.41753051143098e-98,0.891983207725703,0.786,0.528,8.35654560655102e-94,"9","BZW1"
1.76149876026121e-97,0.934045446981156,0.781,0.536,4.30721676859072e-93,"9","CYCS"
2.01330946115951e-95,1.44803094245001,0.38,0.157,4.92294429442723e-91,"9","SLC1A5"
3.4502560891386e-95,0.409663373652758,0.999,0.984,8.4365661891617e-91,"9","PTMA"
1.10012871069392e-94,1.29244127038749,0.424,0.185,2.69003472338878e-90,"9","LMNB1"
1.64143284139177e-94,1.20052756721459,0.531,0.273,4.01363158377116e-90,"9","CSRNP1"
9.33887158221294e-93,0.993273242178638,0.656,0.391,2.28354087928271e-88,"9","ZEB2"
7.12946081111983e-92,0.734100214261267,0.885,0.676,1.74329575753502e-87,"9","SLC25A3"
7.80062230973436e-91,1.51618782402959,0.351,0.142,1.90740816717625e-86,"9","PRR7"
8.35131362892067e-89,1.23138578116622,0.487,0.245,2.04206320854368e-84,"9","CHORDC1"
1.09918806288749e-87,1.04325684551247,0.787,0.549,2.68773465137248e-83,"9","SAT1"
1.10552126292185e-87,1.25950981700096,0.468,0.234,2.7032205920965e-83,"9","AHSA1"
1.29503154932236e-87,0.876143257803777,0.688,0.416,3.16661114440304e-83,"9","JUND"
9.0533172722725e-87,0.750546564680315,0.846,0.625,2.21371713941607e-82,"9","BRD2"
1.89182467354859e-86,0.591647196879962,0.978,0.829,4.625889691761e-82,"9","YWHAZ"
2.30852770636439e-85,0.898708108977503,0.772,0.548,5.64481194760221e-81,"9","SQSTM1"
1.24362824714227e-82,0.527533788735588,0.98,0.888,3.04091978991227e-78,"9","UBB"
1.43905073670346e-82,0.916952217904272,0.693,0.444,3.51876686138729e-78,"9","SYAP1"
8.51643714891404e-82,0.813155453971289,0.801,0.583,2.08243921165246e-77,"9","SH2D2A"
8.88625571493903e-82,1.03884794137502,0.569,0.322,2.17286724741689e-77,"9","CLK1"
6.30563032330972e-81,0.989134395473116,0.636,0.401,1.54185272665569e-76,"9","EIF4A3"
2.46404569347618e-79,0.738034422502357,0.867,0.66,6.02508452968797e-75,"9","TAGLN2"
2.88823785716306e-78,0.491645872464728,0.991,0.765,7.06231920833512e-74,"9","CXCR4"
3.3628293928911e-78,1.54987510760154,0.303,0.122,8.22279043149733e-74,"9","GLUL"
9.93448767026583e-78,0.758736008195469,0.675,0.395,2.4291809251334e-73,"9","KLRB1"
1.79113740558623e-75,0.613750266624586,0.907,0.701,4.37968918413944e-71,"9","NCL"
2.07068313925542e-75,0.60254732511959,0.962,0.799,5.06323441210735e-71,"9","NR4A2"
2.79532498943533e-74,1.17635889827286,0.393,0.183,6.83512866416726e-70,"9","AUTS2"
7.72972333561293e-74,0.390083501754184,1,0.973,1.89007195002407e-69,"9","H3F3B"
3.80170578636815e-73,0.592394133443834,0.912,0.737,9.2959309888274e-69,"9","SKP1"
5.76677370920185e-73,0.605110470420258,0.9,0.723,1.41009150737404e-68,"9","FYN"
1.15684174828218e-70,0.718518986691896,0.807,0.596,2.82870944289959e-66,"9","RBM8A"
1.14959507424205e-69,0.938443002551492,0.58,0.354,2.81098987553667e-65,"9","EIF4A1"
4.34303306869758e-69,0.608315553513507,0.884,0.676,1.06195844595793e-64,"9","HSPA5"
4.55236814970399e-69,0.924554125666541,0.577,0.352,1.11314505996562e-64,"9","PITPNC1"
6.65515092203491e-69,0.918283183204172,0.574,0.348,1.62731750345598e-64,"9","AMD1"
8.35317053609181e-69,0.865585686621294,0.72,0.493,2.04251725948517e-64,"9","CLEC2B"
2.49310434038157e-68,0.664750699364285,0.558,0.306,6.09613873310101e-64,"9","HSPA1A"
4.42525920910276e-68,1.14366029411565,0.32,0.134,1.08206438180981e-63,"9","KLRC3"
2.0278817960335e-67,1.6670090345763,0.224,0.08,4.95857656766112e-63,"9","ICAM1"
9.78578374328161e-67,1.05197062404625,0.452,0.236,2.39281984090722e-62,"9","LMNA"
1.34452887583968e-66,0.712319066137554,0.809,0.615,3.28764200720319e-62,"9","ATP6V0C"
2.50408358540525e-66,1.09724502929241,0.423,0.216,6.12298518303291e-62,"9","KDM6B"
6.51279057892333e-66,1.16833290539313,0.398,0.201,1.59250755235833e-61,"9","STIP1"
7.8128037528782e-66,0.739725707128538,0.75,0.535,1.91038677365378e-61,"9","MORF4L1"
1.96360498433305e-64,0.895554777891168,0.583,0.359,4.80140690769118e-60,"9","BCL3"
2.22674696960668e-64,0.658345921436771,0.611,0.356,5.44484169008224e-60,"9","CMC1"
1.32854307404673e-63,0.634946249092895,0.862,0.676,3.24855352465907e-59,"9","SRSF2"
1.62781627702633e-63,1.46602647778263,0.226,0.083,3.98033636058478e-59,"9","PLCG2"
2.1405431506195e-63,0.751883136608757,0.751,0.551,5.23405611189481e-59,"9","PTGES3"
6.36107732535747e-63,0.980270221695677,0.536,0.319,1.55541062759641e-58,"9","IFRD1"
1.02674251167131e-60,1.16828694953429,0.352,0.171,2.51059078953868e-56,"9","PER1"
8.70768968495773e-59,0.835537845087373,0.658,0.457,2.12920428176586e-54,"9","SDCBP"
1.22312531499356e-58,0.60069306735229,0.838,0.657,2.99078602022224e-54,"9","CD69"
1.33357851290183e-58,0.534000703027982,0.945,0.808,3.26086617974756e-54,"9","SRSF7"
1.10452459963479e-56,0.487431887136299,0.946,0.809,2.700783551027e-52,"9","NPM1"
1.68182600806993e-56,0.982274953194992,0.451,0.256,4.11240095493259e-52,"9","CRYBG1"
2.18789165602911e-56,0.962915171544185,0.44,0.247,5.34983267732238e-52,"9","CKS2"
2.4476024284963e-56,0.855525297526948,0.366,0.18,5.98487745815915e-52,"9","NR4A1"
1.56456038279759e-55,0.742117195335657,0.621,0.412,3.82566304801668e-51,"9","GTF2B"
1.91173728563204e-55,1.04187777643051,0.393,0.208,4.67458001082746e-51,"9","TBX21"
4.11827871240538e-55,0.799530732159793,0.638,0.444,1.00700151075736e-50,"9","ARF4"
7.26914077396519e-55,0.727185695894728,0.679,0.487,1.77745030204997e-50,"9","RBM3"
1.46723286164508e-54,0.381579447110071,0.993,0.906,3.58767779329456e-50,"9","SARAF"
1.58904349104107e-54,1.35305015986547,0.222,0.088,3.88552914429362e-50,"9","YES1"
2.58267181241271e-54,0.881262953025165,0.521,0.325,6.31514911571155e-50,"9","ORAI1"
4.80393222416397e-54,1.0330200695784,0.355,0.18,1.17465750745257e-49,"9","BTG3"
7.71791419005534e-54,0.799733104750521,0.579,0.383,1.88718437775233e-49,"9","RSL24D1"
1.74630340059225e-53,0.58673835717385,0.808,0.628,4.27006107512818e-49,"9","PCBP2"
8.0510933220735e-53,0.849729822541662,0.501,0.306,1.96865333911341e-48,"9","PPP1CB"
8.20051923680307e-53,1.07944652577264,0.345,0.174,2.00519096378309e-48,"9","ZC3H12A"
9.5800674164953e-52,1.38207259134542,0.218,0.088,2.34251808468143e-47,"9","CMIP"
1.55300558553594e-51,1.03099790069918,0.37,0.197,3.79740925775249e-47,"9","ELL2"
2.01694091982892e-51,1.25681230694102,0.268,0.122,4.93182393716567e-47,"9","TENT4B"
3.8777387011998e-51,0.868932581301441,0.568,0.371,9.48184667217375e-47,"9","NFKBIA"
9.17102049183234e-51,0.605318689622217,0.66,0.432,2.24249793066284e-46,"9","PDE4B"
9.44517566777465e-51,0.812258064301293,0.572,0.373,2.30953435428426e-46,"9","PTP4A1"
1.47263378592816e-50,0.814897105969186,0.501,0.305,3.60088413335153e-46,"9","IVNS1ABP"
1.69276786282846e-50,0.638345845737552,0.688,0.479,4.13915597818816e-46,"9","SAMSN1"
2.65900581434688e-50,0.798240410281482,0.523,0.331,6.501801017241e-46,"9","PPP2CA"
7.99755534673345e-50,0.774518252299816,0.461,0.263,1.95556223338326e-45,"9","DDX3Y"
1.1512332439845e-49,0.977239564053067,0.386,0.214,2.81499552819091e-45,"9","AKIRIN2"
1.41447431850726e-49,1.04504142873647,0.343,0.181,3.45867260361395e-45,"9","GNL1"
2.24588969947212e-49,0.426160841095709,0.965,0.739,5.49164949314924e-45,"9","CREM"
3.23745315524235e-49,0.908687299006402,0.422,0.242,7.9162204551986e-45,"9","HBP1"
3.8379862177818e-49,0.8979488661549,0.5,0.312,9.38464389972005e-45,"9","ATP1A1"
4.92154930759551e-49,1.15042296275755,0.324,0.164,1.20341723669326e-44,"9","ARL4A"
8.39875441194772e-49,0.824167290046964,0.473,0.287,2.05366342880946e-44,"9","TCP1"
1.74755647085888e-48,0.602456020375041,0.761,0.597,4.27312508254413e-44,"9","EIF5"
3.5710772676261e-48,1.07626399629166,0.386,0.218,8.73199813479934e-44,"9","ISG20L2"
1.70989939623969e-47,1.10729657601927,0.319,0.164,4.18104600368529e-43,"9","DHCR7"
3.46313907215445e-47,0.795414499986694,0.537,0.349,8.46806765923205e-43,"9","SF3A1"
3.71488184587866e-46,0.84933417260014,0.434,0.252,9.0836290895425e-42,"9","CDKN1A"
5.28870394471958e-46,1.14043869995292,0.293,0.147,1.29319388856283e-41,"9","U2AF1"
1.86987488686776e-45,1.15732386871726,0.296,0.149,4.57221807336905e-41,"9","TBPL1"
3.2046454608334e-45,0.856514440317981,0.386,0.216,7.83599908082984e-41,"9","NEU1"
5.04189425405431e-44,0.862151493414429,0.462,0.286,1.23284398300136e-39,"9","RELB"
7.56160820376698e-44,0.589193380366837,0.615,0.399,1.8489644379851e-39,"9","KLRD1"
1.3480746540534e-43,0.799755054518393,0.463,0.286,3.29631214409139e-39,"9","INSIG1"
2.54737617329042e-43,1.09973272288245,0.289,0.145,6.22884421892973e-39,"9","TUBA1C"
3.57139186938638e-43,0.489966314438805,0.837,0.641,8.73276739902357e-39,"9","ZNF331"
9.16933593173103e-43,1.23018827163027,0.234,0.107,2.24208602202687e-38,"9","DEDD2"
1.04592274766623e-42,0.924132314643187,0.382,0.218,2.55749030259346e-38,"9","RASA2"
2.31122455408777e-42,0.640106607537,0.664,0.493,5.65140627965541e-38,"9","RAP1B"
3.23425516102507e-42,0.547913136015007,0.725,0.55,7.9084007197385e-38,"9","EMD"
3.60458858685594e-42,1.31593931420363,0.212,0.093,8.81394001258014e-38,"9","CHPT1"
5.65272010485173e-42,0.958972268132512,0.343,0.19,1.38220312003835e-37,"9","STX11"
6.21083493676177e-42,0.60231382919772,0.669,0.495,1.51867335873699e-37,"9","HNRNPA0"
8.0232653949424e-42,0.525462184622485,0.796,0.627,1.96184885437132e-37,"9","UBE2D3"
1.79048215094683e-41,1.22742678298597,0.242,0.115,4.37808695549518e-37,"9","CYSTM1"
2.55954281536265e-41,0.697799031551911,0.55,0.376,6.25859409212474e-37,"9","BCAS2"
2.94952809187835e-41,0.630969651086752,0.624,0.445,7.21218609026095e-37,"9","JPT1"
1.37843536291579e-40,0.519492920094127,0.781,0.607,3.3705501494017e-36,"9","SERP1"
1.54784022061595e-40,0.956025394436633,0.328,0.18,3.78477890745012e-36,"9","METRNL"
2.99886219996054e-40,0.567199414570809,0.709,0.536,7.33281785134352e-36,"9","UBE2B"
4.75085207365723e-40,0.765944837596643,0.494,0.322,1.16167834905066e-35,"9","HMGB2"
5.45207879543811e-40,0.629842591921137,0.617,0.441,1.33314230706053e-35,"9","HNRNPUL1"
3.21022518443676e-39,0.738563376361929,0.537,0.371,7.84964262098477e-35,"9","ELOVL5"
4.78140437131921e-39,0.812655114488813,0.441,0.279,1.16914899687497e-34,"9","ZFAND5"
7.06433845500576e-39,0.868154735111712,0.411,0.253,1.72737203901801e-34,"9","STARD7"
8.37541762683425e-39,0.856644025251502,0.407,0.252,2.04795711811351e-34,"9","NR1H2"
1.29279359244277e-38,0.696747424492504,0.517,0.345,3.16113889224105e-34,"9","ODC1"
3.32043899963212e-38,0.950837484940112,0.332,0.187,8.11913744190047e-34,"9","SIPA1"
3.4954963303375e-38,0.37468678507941,0.949,0.858,8.54718762694126e-34,"9","OAZ1"
6.54977246872027e-38,1.13588338921707,0.228,0.108,1.60155036405148e-33,"9","TSC22D2"
8.22485596552352e-38,0.504701615201497,0.769,0.632,2.01114178068981e-33,"9","CIRBP"
1.56202050576386e-37,0.363759964129316,0.985,0.901,3.81945254069379e-33,"9","FTL"
2.09549960161712e-37,0.983766234721551,0.321,0.178,5.12391562587418e-33,"9","CEBPB"
3.15151905923863e-37,0.940206080462899,0.332,0.191,7.70609440365029e-33,"9","MORF4L2"
3.55005045511459e-37,0.76701170218227,0.476,0.316,8.6805833728462e-33,"9","SLBP"
3.57626146859172e-37,0.597399548461202,0.578,0.407,8.74467454300047e-33,"9","HERPUD1"
4.83504322683892e-37,0.613907670447102,0.568,0.396,1.18226476982665e-32,"9","RUNX3"
5.29591060645087e-37,0.358043239400022,0.916,0.788,1.29495606148937e-32,"9","EEF2"
1.06841009287019e-36,0.455123532582093,0.74,0.553,2.61247635908619e-32,"9","REL"
1.29168290891135e-36,0.644291598062405,0.565,0.401,3.15842304887005e-32,"9","STRAP"
5.28296202729152e-36,0.49982080974559,0.767,0.588,1.29178987491332e-31,"9","ALOX5AP"
6.70761808181371e-36,0.901475490206502,0.327,0.187,1.64014677336509e-31,"9","MRPL10"
6.902424680991e-36,0.443251120440577,0.83,0.679,1.68778088299592e-31,"9","SFPQ"
7.2848889117107e-36,0.767957701485281,0.418,0.266,1.7813010366915e-31,"9","WBP11"
1.78043797577262e-35,0.567987490751202,0.549,0.376,4.35352693835921e-31,"9","TSPYL2"
2.52577564992044e-35,0.545330747538245,0.602,0.421,6.17602661918546e-31,"9","SLA"
3.01539899296546e-35,1.06238185325926,0.308,0.174,7.37325361759915e-31,"9","RAB9A"
3.18260450410236e-35,0.63980372375539,0.504,0.343,7.78210453343109e-31,"9","PAPOLA"
8.10992371028433e-35,0.765287899559739,0.434,0.281,1.98303854563872e-30,"9","RSRC2"
3.36039425549948e-34,0.399539068749276,0.872,0.754,8.21683603354733e-30,"9","HMGB1"
3.49401701885485e-34,0.868134094445594,0.328,0.189,8.54357041450387e-30,"9","MIDN"
6.52816248111557e-34,1.23686044459963,0.233,0.117,1.59626628988238e-29,"9","SPON2"
8.55161250974406e-34,1.05307500744588,0.217,0.105,2.09104029088262e-29,"9","PSMA2"
1.49039857930505e-33,0.530382657775063,0.642,0.483,3.6443226061167e-29,"9","MAP1LC3B"
3.02941875723875e-33,0.682098795093692,0.492,0.343,7.4075347452002e-29,"9","RBM4"
3.18958597730081e-33,1.03855022800709,0.26,0.139,7.79917563169595e-29,"9","UAP1"
4.42783648128789e-33,0.780047976025114,0.401,0.255,1.08269457640452e-28,"9","SBDS"
4.57432540290687e-33,0.544186567941877,0.494,0.321,1.11851404751879e-28,"9","KLF2"
7.51164335750276e-33,0.823806593602501,0.335,0.198,1.83674703377657e-28,"9","HMCES"
9.94802393528093e-33,0.524080243362059,0.619,0.451,2.43249081265489e-28,"9","IDI1"
1.25373142797118e-32,0.997555017382253,0.25,0.13,3.06562408767513e-28,"9","PGRMC2"
1.2830592412459e-32,0.710637190382999,0.467,0.314,3.13733645669447e-28,"9","HNRNPAB"
2.45426957825534e-32,0.776869513068507,0.355,0.217,6.00117997274997e-28,"9","RNF138"
3.50443399257855e-32,0.490501095792863,0.798,0.72,8.56904199865307e-28,"9","CRIP1"
3.92708972818081e-32,0.768876888537082,0.38,0.236,9.60251980334772e-28,"9","ANKRD37"
4.89603219326633e-32,0.429472290663995,0.776,0.623,1.19717779189748e-27,"9","PDIA3"
1.32818117979449e-31,0.394405110127625,0.832,0.661,3.24766862083349e-27,"9","LEPROTL1"
2.08131993007619e-31,0.816978169454153,0.347,0.212,5.08924349302231e-27,"9","RNF139"
5.33261112765386e-31,0.36386709684332,0.743,0.576,1.30393007293392e-26,"9","IER2"
7.04659824092091e-31,0.794803619986341,0.342,0.209,1.72303420186998e-26,"9","SAR1A"
1.54661724691611e-30,0.59592036003416,0.676,0.548,3.78178849215928e-26,"9","H2AFZ"
1.734732455575e-30,0.779797822607862,0.401,0.261,4.24176780037198e-26,"9","PHF20"
3.02109150221987e-30,0.632527090835597,0.398,0.253,7.38717294122802e-26,"9","H2AFX"
6.15775715805796e-30,0.721298885077771,0.443,0.302,1.50569478028833e-25,"9","ARID5A"
8.62953952953588e-30,0.506545812082484,0.559,0.402,2.11009500576211e-25,"9","STAT4"
1.05839521114201e-29,0.529437037569795,0.563,0.406,2.58798797028444e-25,"9","CNOT6L"
1.95429922121551e-29,0.616302618610111,0.477,0.333,4.77865245571617e-25,"9","CSNK1D"
1.99236070654965e-29,0.658270317363018,0.397,0.253,4.87172039965519e-25,"9","NFKB1"
2.17077960583052e-29,0.736291250501786,0.333,0.2,5.3079902921768e-25,"9","LPCAT1"
2.88027993288084e-29,0.965386025732944,0.25,0.136,7.04286049188023e-25,"9","TUBB2A"
3.5768202984842e-29,0.63588818586925,0.441,0.299,8.74604099385357e-25,"9","ADSS"
4.91175854792311e-29,0.699642888901807,0.385,0.252,1.20102320013816e-24,"9","PITHD1"
6.69114743977001e-29,0.684386707671541,0.392,0.253,1.63611937197256e-24,"9","MARCKSL1"
1.36018102029104e-28,0.497888451547407,0.665,0.509,3.32591463081566e-24,"9","ARHGDIA"
1.74490408645067e-28,0.62378333610296,0.507,0.361,4.26663947218919e-24,"9","DDX21"
1.97567933856955e-28,0.794312717569437,0.359,0.233,4.83093111867026e-24,"9","RHEB"
3.85377010299085e-28,0.497868254099299,0.744,0.617,9.42323865583322e-24,"9","PGK1"
5.92984193900468e-28,0.499347438831958,0.602,0.452,1.44996495092542e-23,"9","AKNA"
6.75691277584321e-28,0.422817918205406,0.753,0.59,1.65220031194918e-23,"9","SLC2A3"
9.49689883512821e-28,0.250661069976187,0.984,0.934,2.32218170316555e-23,"9","CALM1"
1.04820594424507e-27,0.79082244005517,0.281,0.161,2.56307317486805e-23,"9","PTTG1"
1.06458133759759e-27,0.455379685350951,0.741,0.602,2.60311428669362e-23,"9","SAP18"
1.59636818117212e-27,0.789294279127194,0.352,0.228,3.90343947660208e-23,"9","PNPLA8"
1.74031675993287e-27,0.866509567133327,0.281,0.164,4.25542254138785e-23,"9","MAP1LC3A"
1.79144949983819e-27,0.969728316358905,0.26,0.149,4.38045231700435e-23,"9","NXT1"
1.88486941560992e-27,0.69434205388168,0.381,0.252,4.60888269504939e-23,"9","MAPRE1"
3.13672898672773e-27,0.766415336241767,0.346,0.22,7.66992971834664e-23,"9","RNF115"
3.88216174543593e-27,0.684880072326553,0.388,0.257,9.49266189993993e-23,"9","CHIC2"
1.39861855080611e-26,0.749276022645602,0.363,0.238,3.41990208043111e-22,"9","RNF114"
2.202607831499e-26,0.761193891769798,0.297,0.176,5.38581666958136e-22,"9","ERN1"
2.47478594610469e-26,0.499777939396125,0.588,0.442,6.05134659541518e-22,"9","ARHGAP9"
5.01014061137661e-26,0.443445704077427,0.67,0.515,1.22507958229381e-21,"9","ARF6"
6.13301416242381e-26,0.58330939259508,0.455,0.317,1.49964462299587e-21,"9","ABHD17A"
6.49558039535677e-26,0.498412657812205,0.583,0.447,1.58829931827264e-21,"9","PAIP2"
8.28210745007065e-26,0.418408122430192,0.632,0.486,2.02514091369128e-21,"9","RSRP1"
9.59571919511818e-26,0.873925807687341,0.274,0.161,2.3463452575903e-21,"9","TGIF1"
1.60954112814038e-25,0.485356199005299,0.548,0.403,3.93564996652885e-21,"9","RBMX"
1.70916550122596e-25,0.653204089113191,0.459,0.334,4.17925148359773e-21,"9","MOB4"
1.86708716301302e-25,0.336367273785481,0.945,0.864,4.56540153099943e-21,"9","DDX5"
1.96015571052136e-25,0.656610267650566,0.389,0.264,4.79297274336683e-21,"9","DNAJA2"
2.10151979513981e-25,0.431078840786512,0.681,0.537,5.13863620307587e-21,"9","GNG2"
2.1280183313452e-25,0.678132976823829,0.372,0.244,5.20343042380529e-21,"9","PPP1CC"
2.66764976512645e-25,0.476019817052905,0.524,0.378,6.5229372056872e-21,"9","CHD1"
3.26245427245895e-25,0.263607621540722,0.692,0.529,7.97735318701661e-21,"9","KLF6"
4.86649949767865e-25,0.876974001596166,0.249,0.143,1.18995645717238e-20,"9","CCDC93"
8.40619461374446e-25,0.553753872611341,0.49,0.355,2.0554827069528e-20,"9","GPBP1"
8.60951327897153e-25,1.13003887735044,0.201,0.107,2.10519818697412e-20,"9","BLVRB"
9.64475116812937e-25,0.413522085350118,0.587,0.427,2.35833455563099e-20,"9","TAGAP"
1.16871464514314e-24,0.705857069543772,0.363,0.242,2.85774105030402e-20,"9","CMC2"
1.18557849574616e-24,0.903358577672474,0.23,0.13,2.89897653779852e-20,"9","GOLT1B"
1.20739538751127e-24,0.529321747714928,0.505,0.377,2.95232320154255e-20,"9","SERINC1"
3.33938447374906e-24,0.411068461716513,0.764,0.628,8.16546291521119e-20,"9","HNRNPK"
1.02539578102756e-23,0.491737252223211,0.604,0.468,2.5072977637686e-19,"9","GSPT1"
1.86774136475206e-23,0.502995559830615,0.522,0.392,4.56700118509175e-19,"9","SUN2"
2.21025555564527e-23,0.392938585031184,0.725,0.594,5.40451688466382e-19,"9","ARF1"
6.31591513512889e-23,0.451679047926241,0.638,0.512,1.54436756884172e-18,"9","SNU13"
1.08394870273393e-22,0.494444745368112,0.485,0.352,2.65047136792501e-18,"9","VAPA"
1.36808397147537e-22,0.466788815959202,0.576,0.445,3.34523892705157e-18,"9","POMP"
2.44596987010553e-22,0.70160188351284,0.34,0.225,5.98088552638203e-18,"9","PHF1"
2.6739528751425e-22,0.510274931686475,0.491,0.367,6.53834957029843e-18,"9","MAPK1IP1L"
2.98400701736148e-22,0.898517505383465,0.281,0.177,7.29649395885228e-18,"9","FDX1"
3.16588529370743e-22,0.428917289177206,0.608,0.477,7.7412227201734e-18,"9","SNRPG"
3.41120973124277e-22,0.4184998991952,0.593,0.459,8.34109003483482e-18,"9","SNRPB"
3.64965136015998e-22,0.654556987260069,0.362,0.245,8.92412750586318e-18,"9","STAU1"
3.90627664728043e-22,0.675553606652847,0.529,0.423,9.55162765793011e-18,"9","CD247"
3.92941767171971e-22,0.311944915412173,0.843,0.729,9.60821209088904e-18,"9","CCNI"
5.21335151812939e-22,0.82628908005642,0.259,0.158,1.274768713213e-17,"9","RNF11"
5.30469492406668e-22,0.564797521018263,0.402,0.281,1.29710400283278e-17,"9","NUP98"
5.51115294657144e-22,0.646410882456531,0.373,0.257,1.34758711849565e-17,"9","GOLPH3"
5.67843565957163e-22,0.729147922593446,0.266,0.161,1.38849108747846e-17,"9","PPM1B"
6.64342418569709e-22,0.681403604001598,0.302,0.191,1.62445008188665e-17,"9","BHLHE40"
7.7841973549901e-22,0.478079771316659,0.494,0.367,1.90339193724218e-17,"9","TRA2B"
1.05503958148847e-21,0.490491855199915,0.478,0.351,2.5797827846556e-17,"9","RBM25"
1.15544675208475e-21,0.446697470222555,0.591,0.468,2.82529839819764e-17,"9","PTP4A2"
1.38729872832057e-21,0.776291900725565,0.268,0.165,3.39222285048946e-17,"9","AZIN1"
1.41558470999081e-21,0.389730535194236,0.64,0.507,3.46138773286953e-17,"9","SLC25A5"
1.46072804909498e-21,0.444883055921469,0.515,0.377,3.57177222564705e-17,"9","PTGER4"
1.5021477775977e-21,0.468367395954927,0.508,0.381,3.67305174578189e-17,"9","PET100"
1.64025952825589e-21,0.320339131708041,0.682,0.522,4.01076259849131e-17,"9","TNFRSF1B"
2.81999461162487e-21,0.482011534027435,0.482,0.356,6.89545082434513e-17,"9","PARP8"
3.59017315573208e-21,0.550407078317563,0.407,0.289,8.77869140039608e-17,"9","ETF1"
4.60131773767871e-21,0.777250495238876,0.243,0.146,1.1251142132172e-16,"9","STARD3NL"
5.39971521451253e-21,0.634241327800153,0.278,0.171,1.3203383642526e-16,"9","TNFSF9"
6.13647950057213e-21,0.550165559188819,0.434,0.315,1.5004919674799e-16,"9","EIF1B"
6.63044643105962e-21,0.586912034640012,0.364,0.249,1.6212767613227e-16,"9","PTBP1"
7.02360890820372e-21,0.459993262019525,0.528,0.397,1.71741285023397e-16,"9","NFE2L2"
1.06257765158496e-20,0.379411927167501,0.617,0.48,2.59821487365555e-16,"9","SRRM1"
2.18072969010726e-20,0.517979632203971,0.426,0.307,5.33232023825027e-16,"9","USP11"
2.27419682805942e-20,0.745644494301758,0.282,0.181,5.5608660839709e-16,"9","HIF1A"
2.29015588585266e-20,0.793191336920489,0.269,0.171,5.59988917208693e-16,"9","LAP3"
2.60823238732641e-20,0.5106132638846,0.496,0.378,6.37764983349053e-16,"9","BCLAF1"
2.64121494513314e-20,0.713168964041823,0.275,0.174,6.45829878383955e-16,"9","ERVK3-1"
2.93652664627106e-20,0.294944130524884,0.467,0.328,7.18039495546199e-16,"9","PPP1R15A"
4.75730196647517e-20,0.251900127250365,0.989,0.936,1.16325547684251e-15,"9","CST7"
4.77355680211116e-20,0.473066285380999,0.522,0.399,1.16723010925222e-15,"9","CAPZA1"
5.32755978932403e-20,0.572738138642851,0.325,0.214,1.30269491968551e-15,"9","SATB1"
6.10032548116225e-20,0.536815422057614,0.383,0.27,1.49165158665379e-15,"9","YWHAE"
6.85689777559993e-20,0.714447363228573,0.229,0.134,1.6766486440897e-15,"9","PMAIP1"
7.08861904800879e-20,0.701286352330451,0.284,0.184,1.73330912961911e-15,"9","ARMCX3"
7.11117307196889e-20,0.547685179662353,0.413,0.301,1.73882403955783e-15,"9","BUD31"
8.54982723264439e-20,0.717741742257847,0.284,0.186,2.09060375492621e-15,"9","PRELID3B"
9.64957705102538e-20,0.766457008912566,0.262,0.166,2.35951458051672e-15,"9","DBF4"
1.14222474186141e-19,0.553482755654919,0.372,0.261,2.79296793879952e-15,"9","PAFAH1B1"
2.53255951566271e-19,0.56662060682023,0.407,0.294,6.19261452769845e-15,"9","DOK2"
3.91472738578528e-19,0.549956185284995,0.381,0.268,9.57229140372217e-15,"9","PDE7A"
4.00939338456669e-19,0.850561330103243,0.313,0.211,9.80376870394247e-15,"9","YBX3"
4.11722965554655e-19,0.606708602936896,0.359,0.253,1.00674499537424e-14,"9","MTHFD2"
5.00029399882e-19,0.840795435419522,0.221,0.133,1.22267188859147e-14,"9","MCOLN2"
5.71413727323236e-19,0.813698543213579,0.228,0.139,1.39722084605078e-14,"9","PPP2R5A"
5.87174711236557e-19,0.453468235896595,0.383,0.263,1.43575960391563e-14,"9","CD55"
5.87591309798457e-19,0.83838025834575,0.217,0.13,1.43677827071919e-14,"9","RARA"
7.44061233753926e-19,0.460884937891515,0.488,0.376,1.8193785287751e-14,"9","WTAP"
8.00763577344916e-19,0.465381343547505,0.456,0.345,1.95802709932379e-14,"9","ILF2"
8.46023715851018e-19,0.399082198952263,0.532,0.412,2.06869718999891e-14,"9","CSDE1"
1.04281834167718e-18,0.624375341661577,0.342,0.238,2.54989940906903e-14,"9","PAF1"
1.29954525808518e-18,0.611861892744704,0.352,0.247,3.17764806506989e-14,"9","RNMT"
1.60735115193461e-18,0.691356086939786,0.301,0.195,3.93029503671052e-14,"9","GZMB"
2.0810304754983e-18,0.528380165840389,0.429,0.32,5.08853571868844e-14,"9","ISCA1"
2.42419463749463e-18,0.260457841407712,0.896,0.786,5.92764072760188e-14,"9","HNRNPA1"
2.84048822773408e-18,0.341419535872485,0.753,0.622,6.94556181445537e-14,"9","RAN"
3.08235906875641e-18,0.749577295430552,0.23,0.143,7.53698439492318e-14,"9","NFKBIB"
3.6223913572594e-18,0.301332142244713,0.833,0.717,8.85747134677069e-14,"9","YBX1"
3.80537246140373e-18,0.705407866913175,0.274,0.182,9.3048967426244e-14,"9","RAB1A"
4.5880250602654e-18,0.576479895217386,0.372,0.268,1.1218638877361e-13,"9","HERPUD2"
4.92455310582131e-18,0.564654609534563,0.392,0.283,1.20415172543543e-13,"9","NAMPT"
8.02362426302692e-18,0.749941583392936,0.214,0.13,1.96193660479534e-13,"9","MED21"
1.0160674745275e-17,0.768727957215854,0.222,0.136,2.48448818871463e-13,"9","C16orf54"
1.31597372920993e-17,0.670716260391508,0.277,0.183,3.21781896266411e-13,"9","NARF"
1.90503061812056e-17,0.757542127963697,0.221,0.136,4.65818086742839e-13,"9","FKBP4"
2.62861136333845e-17,0.373698107439047,0.566,0.441,6.42748050563518e-13,"9","IDS"
3.71805777929516e-17,0.543498869261533,0.342,0.242,9.09139488193254e-13,"9","OAT"
7.97457005665208e-17,0.31689126652065,0.671,0.553,1.94994187025257e-12,"9","SF1"
1.26908991629011e-16,0.375886351563417,0.578,0.457,3.10317866331258e-12,"9","DDX3X"
1.27467294641276e-16,0.569244929001242,0.319,0.224,3.11683028856847e-12,"9","ARPP19"
1.6165360502655e-16,0.432845033555686,0.489,0.379,3.95275395010921e-12,"9","MATR3-1"
1.80621769528612e-16,0.638661049713592,0.285,0.195,4.41656350851361e-12,"9","BCL7B"
2.06648215407753e-16,0.716766581335009,0.251,0.164,5.05296216315037e-12,"9","MRPL18"
2.28105395700679e-16,0.720056969989944,0.228,0.144,5.577633135673e-12,"9","BIRC2"
2.55885389095445e-16,0.42305127543365,0.449,0.342,6.25690953416182e-12,"9","TRAM1"
2.56268917764637e-16,0.318523691351999,0.557,0.431,6.26628757718091e-12,"9","FOSL2"
3.06828493795614e-16,0.748267902491068,0.237,0.153,7.50257033029034e-12,"9","NR1D2"
3.31849837239415e-16,0.455298115003459,0.41,0.304,8.11439222017817e-12,"9","EFHD2"
3.93734653329709e-16,0.32441571633017,0.697,0.595,9.62759974321803e-12,"9","RBM39"
4.62906417191497e-16,0.306184548566745,0.733,0.627,1.13189877131665e-11,"9","DAZAP2"
4.64322224145841e-16,0.65632132729976,0.238,0.152,1.13536070248141e-11,"9","KPNA4"
5.60966680304632e-16,0.488015611819478,0.404,0.303,1.37167572668089e-11,"9","ZNF207"
5.84829853121391e-16,0.338972396723405,0.648,0.53,1.43002595685242e-11,"9","STK17A"
5.99668588814763e-16,0.399237954615942,0.435,0.327,1.46630963336986e-11,"9","IQGAP2"
6.08074130730472e-16,0.493928602249049,0.332,0.233,1.48686286446215e-11,"9","AC004687.1"
6.08933640928813e-16,0.690532348384013,0.208,0.128,1.48896453879913e-11,"9","KIF22"
6.10999240655369e-16,0.377300004370469,0.41,0.299,1.49401534325051e-11,"9","PPP1R16B"
8.15154582964899e-16,0.757242866417559,0.217,0.137,1.99321598626577e-11,"9","ITPRIP"
8.29408463163327e-16,0.672777635553787,0.23,0.148,2.02806957412697e-11,"9","HAT1"
1.15629306930845e-15,0.628064469773342,0.21,0.13,2.82736781307302e-11,"9","HAUS3"
1.20951868667268e-15,0.265222462962377,0.791,0.674,2.95751509265202e-11,"9","GUK1"
1.41629689023974e-15,0.328010062248489,0.525,0.408,3.4631291560142e-11,"9","SF3B1"
1.9208601363003e-15,0.345536524122892,0.546,0.436,4.6968872052815e-11,"9","VCP"
2.82083798088086e-15,0.282891087073639,0.791,0.677,6.89751303084988e-11,"9","UQCRB"
2.92703680589703e-15,0.694470189816237,0.221,0.142,7.15719039777942e-11,"9","GNL3"
3.38212391764205e-15,0.648870219909231,0.37,0.275,8.26996940341835e-11,"9","OASL"
5.67989157635086e-15,0.377678965345502,0.439,0.323,1.38884708824931e-10,"9","HLA-DRB5"
5.84293264288362e-15,0.342491528392579,0.495,0.384,1.4287138898379e-10,"9","IL2RB"
6.08118958082382e-15,0.479169001310054,0.425,0.33,1.48697247630304e-10,"9","UBE2A"
6.14331658481759e-15,0.259311461826159,0.702,0.568,1.5021637713196e-10,"9","KMT2E"
6.44503431061625e-15,0.422524249343291,0.393,0.292,1.57593978963189e-10,"9","MAP3K8"
7.57164218215887e-15,0.421768079435998,0.382,0.286,1.85141794638149e-10,"9","EIF4H"
8.06283646490566e-15,0.721682824506047,0.21,0.134,1.97152477239873e-10,"9","CRIPT"
8.21314261003082e-15,0.527132156828171,0.272,0.183,2.00827763100474e-10,"9","MMP24OS"
8.46326955724633e-15,0.300168911173506,0.733,0.643,2.06943867213787e-10,"9","ALDOA"
8.94316517988688e-15,0.360916088071852,0.482,0.369,2.18678274978594e-10,"9","SKIL"
9.19752137031207e-15,0.76388436524331,0.201,0.128,2.24897792546871e-10,"9","NANS"
1.03779064734718e-14,0.519584989258261,0.322,0.232,2.53760569089332e-10,"9","PPP6C"
1.23109225799999e-14,0.488233295646594,0.347,0.252,3.01026678926157e-10,"9","FKBP11"
1.38094532030497e-14,0.66095733338974,0.219,0.141,3.37668749720972e-10,"9","CCNG1"
1.64923778713923e-14,0.475798112953563,0.295,0.205,4.03271623711284e-10,"9","ZNF655"
1.93612275414023e-14,0.332536435884883,0.478,0.37,4.73420735842368e-10,"9","ZC3HAV1"
1.94004554204787e-14,0.60144816236497,0.256,0.172,4.74379935941545e-10,"9","CNOT1"
1.99508601154378e-14,0.429760388384623,0.402,0.306,4.87838431542686e-10,"9","CCT2"
2.06106984668052e-14,0.288678837908936,0.76,0.651,5.03972798910322e-10,"9","CNBP"
2.06190969532284e-14,0.324807833491105,0.627,0.516,5.04178158700342e-10,"9","HNRNPF"
2.28217566599753e-14,0.511798193945815,0.302,0.211,5.58037593849717e-10,"9","GATA3"
2.95452801080338e-14,0.576092074683243,0.336,0.25,7.22441189201642e-10,"9","KDELR2"
3.59717573667571e-14,0.606690305258852,0.236,0.155,8.79581411131944e-10,"9","FAM53C"
3.7473601195557e-14,0.583541583228749,0.27,0.186,9.16304496433759e-10,"9","SLC25A32"
4.69503424700028e-14,0.273756026384064,0.716,0.6,1.14802977407651e-09,"9","ATP5F1B"
8.66973099334178e-14,0.432612239008537,0.329,0.238,2.11992262249193e-09,"9","PFDN2"
1.29990740906457e-13,0.615222783396224,0.223,0.145,3.17853359664469e-09,"9","RASGEF1B"
1.30456866356906e-13,0.377401979112164,0.391,0.292,3.18993129615906e-09,"9","TIPARP"
1.78223067594259e-13,0.590626639920213,0.24,0.162,4.35791044881483e-09,"9","DHX15"
1.84804067395723e-13,0.658775078944001,0.202,0.131,4.51882905596022e-09,"9","XAB2"
2.50253062999209e-13,0.499813957939868,0.364,0.271,6.11918789645666e-09,"9","CHMP1B"
2.96431039847849e-13,0.316673793882532,0.517,0.421,7.24833178635959e-09,"9","MAGOH"
3.63458712692483e-13,0.546886676035196,0.258,0.178,8.8872924427566e-09,"9","NUDT4"
3.85091827408799e-13,0.6564559668259,0.25,0.173,9.41626536379996e-09,"9","H2AFJ"
3.99738000015829e-13,0.539175571814913,0.278,0.198,9.77439357638704e-09,"9","GRPEL1"
4.24369009735444e-13,0.407859903468666,0.403,0.31,1.03766710260511e-08,"9","AKIRIN1"
4.41866149025917e-13,0.513975539351643,0.32,0.233,1.08045110759817e-08,"9","GLUD1"
5.77477192087063e-13,0.559774960316889,0.291,0.209,1.41204723009129e-08,"9","HSPA4"
8.30692993591391e-13,0.623599577674558,0.232,0.158,2.03121050792967e-08,"9","PPP2R2A"
9.22993163785247e-13,0.639606394164263,0.213,0.141,2.25690288408769e-08,"9","UPP1"
9.28891361821682e-13,0.338510792533231,0.515,0.418,2.27132515792638e-08,"9","DDX6"
9.64762344763966e-13,0.323422153234597,0.561,0.463,2.35903688541685e-08,"9","COX7B"
1.03920983217527e-12,0.555595618636483,0.291,0.213,2.54107588163498e-08,"9","EIF3J"
1.10671048930071e-12,0.593334134690081,0.215,0.143,2.70612848843809e-08,"9","MKRN1"
1.11730026572557e-12,0.306548685989466,0.597,0.498,2.73202260975215e-08,"9","TERF2IP"
1.13259195832278e-12,0.328858692814079,0.513,0.415,2.76941385649085e-08,"9","PPP1R2"
1.29600187984056e-12,0.422653931363211,0.337,0.252,3.16898379658613e-08,"9","TMF1"
1.39724655043079e-12,0.445231846558977,0.311,0.229,3.41654726511337e-08,"9","FBXO7"
1.98264831377232e-12,0.373067152952971,0.499,0.412,4.84797165683607e-08,"9","SURF4"
2.54326363847634e-12,0.451347380634074,0.375,0.29,6.21878824880235e-08,"9","GYG1"
2.94779570166826e-12,0.440587280338578,0.348,0.264,7.20795004971922e-08,"9","RPP21"
3.03372026856779e-12,0.332831915582758,0.404,0.309,7.41805280070195e-08,"9","BIRC3"
4.3726119333081e-12,0.587947828509002,0.273,0.199,1.0691910699325e-07,"9","DCTN6"
4.79990617485164e-12,0.324733676834687,0.444,0.348,1.17367305787472e-07,"9","MAPRE2"
4.8038245244493e-12,0.302187642207024,0.438,0.344,1.17463117271834e-07,"9","RALGAPA1"
6.45896037009009e-12,0.310566821942977,0.471,0.369,1.57934498969443e-07,"9","TPM4"
7.15251344622404e-12,0.502824712263605,0.271,0.196,1.7489325878707e-07,"9","ZFAND6"
7.57492122086945e-12,0.602539294901837,0.227,0.157,1.852219736927e-07,"9","GCH1"
9.68485379628991e-12,0.579821483950509,0.271,0.197,2.36814045026881e-07,"9","MAP2K3"
1.25045874427249e-11,0.258339837009245,0.488,0.393,3.05762172149509e-07,"9","CCT4"
1.35512894588381e-11,0.357311134141162,0.429,0.346,3.3135612984751e-07,"9","RNPS1"
1.36388375581245e-11,0.443057944349371,0.311,0.231,3.33496855971259e-07,"9","RNF166"
1.77249618795057e-11,0.495490704347226,0.253,0.179,4.33410767877673e-07,"9","SLC20A1"
2.03028846118654e-11,0.598217313521881,0.209,0.141,4.96446134529333e-07,"9","NCOA2"
2.59649684125311e-11,0.583143948934522,0.217,0.149,6.34895407623212e-07,"9","KANSL2"
2.90385350861772e-11,0.571848404244508,0.223,0.156,7.10050259927204e-07,"9","MFSD14A"
3.94637114991296e-11,0.386733307026575,0.38,0.298,9.64966673576717e-07,"9","ELOC"
4.48555593978605e-11,0.323562391230934,0.441,0.357,1.09680813839648e-06,"9","SRPRA"
5.14058666299751e-11,0.476786359995768,0.27,0.197,1.25697625083615e-06,"9","NDEL1"
6.08809954997438e-11,0.30925273173331,0.491,0.403,1.48866210195973e-06,"9","PPP2R5C"
6.47674490190038e-11,0.450465699463456,0.241,0.168,1.58369366341268e-06,"9","PIM2"
7.79273570492451e-11,0.419752663045339,0.298,0.219,1.90547973456814e-06,"9","OFD1"
8.09740188610815e-11,0.470031310589203,0.653,0.601,1.97997670919117e-06,"9","TRBC2"
9.60225561927362e-11,0.293071768911164,0.525,0.434,2.34794354402479e-06,"9","APMAP"
9.77590659197239e-11,0.389114175583021,0.429,0.35,2.39040467986909e-06,"9","TOP1"
1.00741924146754e-10,0.439532246468337,0.34,0.257,2.46334152923642e-06,"9","TRAT1"
1.03467542488689e-10,0.387707114863808,0.383,0.303,2.52998834893342e-06,"9","TAF1D"
1.30309273577764e-10,0.33662410162203,0.281,0.206,3.18632235752349e-06,"9","STMN1"
1.32632131050798e-10,0.486161932612956,0.218,0.15,3.24312086845411e-06,"9","SYTL2"
1.39850531232596e-10,0.462072955480559,0.321,0.247,3.41962518969943e-06,"9","DERL1"
1.42461662453177e-10,0.380185849909319,0.339,0.263,3.48347257030508e-06,"9","ARIH2"
1.46740161144654e-10,0.400385910030564,0.367,0.288,3.58809042030909e-06,"9","MRFAP1"
1.52063645706011e-10,0.283872275221947,0.485,0.401,3.71826026480339e-06,"9","GHITM"
1.56384388210671e-10,0.338506327775824,0.453,0.374,3.82391106052732e-06,"9","YWHAQ"
1.57232944297546e-10,0.370112768360927,0.359,0.281,3.84465995396359e-06,"9","PSMA3"
1.59422924507202e-10,0.47819058332038,0.277,0.205,3.8982093500501e-06,"9","LUC7L2"
1.59822586729516e-10,0.290556682881562,0.468,0.381,3.90798189071014e-06,"9","SRSF11"
1.77679558360793e-10,0.27021301267027,0.442,0.352,4.34462056103812e-06,"9","SMARCA5"
1.81870021038086e-10,0.396033582451136,0.303,0.226,4.44708575442328e-06,"9","FASLG"
2.71426168135686e-10,0.319776572412239,0.352,0.268,6.63691266325378e-06,"9","SERPINB9"
3.0544542342377e-10,0.480690638389629,0.244,0.177,7.46875149355802e-06,"9","BNIP3L"
3.37240878274363e-10,0.321722718181275,0.463,0.383,8.24621395556473e-06,"9","ROMO1"
3.62546622812988e-10,0.392190821703272,0.306,0.233,8.86499002102318e-06,"9","PHF20L1"
3.65929363010739e-10,0.278307590005562,0.514,0.425,8.94770478433858e-06,"9","SEC61G"
4.80230050199902e-10,0.277616244282173,0.447,0.36,1.1742585187488e-05,"9","KPNA2"
4.94106817417524e-10,0.472633213676562,0.234,0.167,1.20818998994933e-05,"9","CUL3"
4.96384505504258e-10,0.379318740196616,0.443,0.365,1.21375939285901e-05,"9","RAB5IF"
5.00159644302237e-10,0.43872913515221,0.25,0.182,1.22299036224783e-05,"9","ZPR1"
5.86312977121597e-10,0.472270734587844,0.237,0.171,1.43365249165773e-05,"9","DEGS1"
7.03457474361696e-10,0.418269186634846,0.24,0.174,1.72009421630922e-05,"9","BRAF"
7.59168981914746e-10,0.268129978462463,0.461,0.373,1.85631999457794e-05,"9","EIF1AX"
7.71100855264239e-10,0.281083357628612,0.494,0.413,1.88549581129212e-05,"9","EWSR1"
8.51327243280306e-10,0.425701350354674,0.304,0.234,2.081665375269e-05,"9","SIAH2"
9.37872350040915e-10,0.356126106006676,0.408,0.332,2.29328547032004e-05,"9","RAD21"
1.08149496710633e-09,0.251062276330037,0.558,0.473,2.6444714935684e-05,"9","SEC62"
1.13546241551549e-09,0.411178826332538,0.272,0.202,2.77643269841848e-05,"9","CASP3"
1.19326881720871e-09,0.329029208542356,0.403,0.325,2.91778091183874e-05,"9","ZC3H15"
1.35649361508775e-09,0.572248503045903,0.213,0.152,3.31689818761257e-05,"9","JMY"
1.38515220177215e-09,0.539303883709378,0.219,0.156,3.38697416377327e-05,"9","EIF4E"
1.79265789175145e-09,0.45872177713521,0.246,0.18,4.38340707691065e-05,"9","TM9SF3"
1.82724059446276e-09,0.455499496882632,0.291,0.224,4.46796870158033e-05,"9","MED4"
1.83502672844708e-09,0.434984748113527,0.341,0.27,4.4870073563988e-05,"9","PIM3"
2.05772765187928e-09,0.389695908404883,0.337,0.266,5.03155565437523e-05,"9","DNAJB9"
2.0974203421545e-09,0.304108420799865,0.428,0.349,5.12861222063618e-05,"9","SCAND1"
2.33168758007488e-09,0.415230407407438,0.271,0.203,5.7014424707991e-05,"9","F2R"
2.63813377327719e-09,0.386841728681452,0.271,0.203,6.45076470241738e-05,"9","UBE2J1"
2.67811073868e-09,0.451608931217557,0.301,0.227,6.54851637822034e-05,"9","AREG"
3.43349172172779e-09,0.255904985210756,0.444,0.36,8.3955739579688e-05,"9","CBLB"
4.96405547116028e-09,0.340275625283815,0.383,0.307,0.000121381084380811,"9","PTPN7"
6.31047207070623e-09,0.455669288918197,0.221,0.16,0.000154303663072909,"9","SP3"
6.58813835741809e-09,0.292942482130064,0.401,0.327,0.000161093159115587,"9","SLC3A2"
7.24590458539769e-09,0.350882476613015,0.369,0.302,0.000177176858922144,"9","ADRM1"
8.65280126540877e-09,0.427328843610981,0.21,0.15,0.000211578296541775,"9","IER5"
8.7383356355463e-09,0.365818628886365,0.366,0.296,0.000213669782960378,"9","NASP"
8.87733982525692e-09,0.332443273254302,0.35,0.282,0.000217068713407182,"9","NRBP1"
9.26814442116527e-09,0.421978080363121,0.288,0.221,0.000226624667386333,"9","EPS15"
1.17013336000497e-08,0.358575750350894,0.378,0.312,0.000286121009188415,"9","POLR2K"
1.22687454730183e-08,0.415469428645282,0.253,0.191,0.000299995364306244,"9","FUBP1"
1.43217983892272e-08,0.361683768596956,0.408,0.334,0.000350196614213383,"9","ABI3"
1.59227138487216e-08,0.268939062634513,0.516,0.435,0.00038934219902894,"9","CYTIP"
1.62181665153059e-08,0.324435040982611,0.36,0.292,0.000396566607632261,"9","LAPTM4A"
1.64097166782338e-08,0.505463166001521,0.201,0.145,0.000401250392216172,"9","MCM6"
1.88846196513863e-08,0.333296007175696,0.354,0.287,0.000461766719715697,"9","LSM14A"
2.2259840841133e-08,0.434836009128295,0.259,0.197,0.000544297628247384,"9","SUPT5H"
2.33706307049068e-08,0.45168472584044,0.23,0.171,0.000571458661996381,"9","SIRT2"
2.33749606178506e-08,0.515773597441001,0.213,0.155,0.000571564537027683,"9","EIF1AY"
2.349875111079e-08,0.485595477366656,0.218,0.16,0.000574591462161038,"9","BAG1"
2.37786379709315e-08,0.376196065894198,0.224,0.163,0.000581435255665217,"9","FAM118A"
2.41954692523482e-08,0.456208994036868,0.255,0.192,0.000591627614158418,"9","MTFP1"
2.47990155495628e-08,0.250133126583054,0.562,0.496,0.000606385528217911,"9","XRCC6"
2.91312739741099e-08,0.426165101838014,0.249,0.187,0.000712317911214934,"9","TRIM28"
2.92421071615044e-08,0.2670132807328,0.439,0.368,0.000715028004313107,"9","SELENOT"
3.16342466622424e-08,0.485114048129585,0.207,0.151,0.00077352059938515,"9","TMEM39A"
3.21100667758948e-08,0.362105032849315,0.237,0.176,0.000785155352804179,"9","TOB1"
3.25020175229311e-08,0.402969989540855,0.3,0.236,0.000794739332470711,"9","PNPLA2"
3.88404333731428e-08,0.266837040127817,0.347,0.279,0.000949726276840088,"9","CLDND1"
3.88456610599837e-08,0.425349638370886,0.22,0.163,0.000949854104238722,"9","C1orf52"
4.33435636702006e-08,0.259240316493526,0.47,0.4,0.00105983681886374,"9","EIF3E"
4.96138778846205e-08,0.260226502702414,0.387,0.314,0.00121315854203474,"9","RBBP6"
5.00028878818643e-08,0.382475479337844,0.242,0.181,0.00122267061448735,"9","ZBTB7A"
6.08271114500082e-08,0.262473224150878,0.473,0.4,0.0014873445291756,"9","NOP58"
6.49586620021937e-08,0.294357449201538,0.404,0.337,0.00158836920327764,"9","NAA50"
7.341738692262e-08,0.464810016219013,0.229,0.173,0.0017952019450319,"9","SNX2"
8.05790811650562e-08,0.263820452872024,0.477,0.407,0.00197031969264795,"9","MAT2A"
8.14713386446889e-08,0.307018333347065,0.396,0.334,0.00199213717253993,"9","UBE2N"
1.06233982662303e-07,0.325383875638339,0.298,0.234,0.00259763334405864,"9","SPSB3"
1.12818708527169e-07,0.270194816999883,0.312,0.246,0.00275864306090634,"9","CCSER2"
1.13299632059217e-07,0.466146759727493,0.208,0.155,0.00277040260311198,"9","TMEM70"
1.21656023604673e-07,0.278959608703352,0.332,0.266,0.00297473308918147,"9","CLTB"
1.34109666274184e-07,0.4858785608395,0.216,0.161,0.00327924955973635,"9","CCPG1"
1.45298335223309e-07,0.412254655419227,0.247,0.191,0.00355283489288036,"9","SMU1"
1.75270057209311e-07,0.254261408264798,0.344,0.277,0.00428570343888207,"9","PLEKHA2"
1.91719567093055e-07,0.360678989024746,0.339,0.277,0.00468792685455938,"9","ALG13"
2.03824840623354e-07,0.275474723797238,0.375,0.313,0.00498392500292224,"9","ENY2"
2.05249796319785e-07,0.290268540960281,0.373,0.313,0.00501876801961138,"9","SYF2"
2.2736026570727e-07,0.389797209033785,0.217,0.163,0.00555941321707417,"9","NT5C3A"
2.30217896691387e-07,0.292914730652062,0.364,0.302,0.00562928800989779,"9","PNRC2"
2.34664675939976e-07,0.405239582263153,0.232,0.177,0.00573802065608429,"9","G6PD"
2.47438885161287e-07,0.35608251495854,0.287,0.23,0.00605037561996378,"9","TM2D3"
2.5415027312282e-07,0.481867015698403,0.219,0.166,0.0062144824783992,"9","PABPC4"
2.81195158596324e-07,0.511699302616299,0.328,0.269,0.00687578401799731,"9","H1FX"
3.16529088926656e-07,0.536553251412739,0.201,0.152,0.00773976928243459,"9","GID8"
3.35434202121022e-07,0.336748107838036,0.261,0.204,0.00820203711026324,"9","SNHG15"
3.66727909054057e-07,0.430409063155156,0.234,0.181,0.00896723083218981,"9","PSMB4"
3.71381271905305e-07,0.257830759394099,0.36,0.296,0.00908101486062851,"9","SPCS3"
3.8331426590799e-07,0.395428476520232,0.281,0.226,0.00937280042998218,"9","FUNDC2"
4.26511330215167e-07,0.36892274773031,0.291,0.232,0.0104290550464213,"9","PLIN2"
4.4399945954588e-07,0.31451130751529,0.319,0.259,0.0108566747848159,"9","NUDC"
5.06322361351034e-07,0.343718851862434,0.811,0.752,0.0123805943797555,"9","CCL4"
5.50131544718425e-07,0.324144817624194,0.263,0.206,0.0134518165314549,"9","CIR1"
5.67417011653408e-07,0.32505959341253,0.29,0.229,0.0138744807689491,"9","MAZ"
7.24778266911174e-07,0.251994551681997,0.389,0.327,0.017722278182512,"9","POLR2A"
8.41969613172772e-07,0.290689172609103,0.342,0.285,0.0205878409813006,"9","LAMTOR5"
8.84458484719659e-07,0.342441127593091,0.26,0.205,0.0216267788683651,"9","PIAS1"
8.93953711229547e-07,0.37223622645685,0.228,0.174,0.0218589561469849,"9","BRD7"
9.56705524529369e-07,0.266173428493919,0.371,0.31,0.0233933634857921,"9","LAMP1"
1.01292527299713e-06,0.416772657038403,0.219,0.168,0.0247680487753259,"9","STX5"
1.06202119493747e-06,0.358529785723363,0.278,0.225,0.0259685422586109,"9","TXNDC17"
1.48607474997778e-06,0.259840314244704,0.323,0.266,0.0363374997864566,"9","PSMD7"
1.61298956072288e-06,0.250158545064461,0.372,0.314,0.0394408207387958,"9","PPP4C"
1.71994647579159e-06,0.358141554964955,0.302,0.25,0.0420561312260558,"9","USP16"
1.82570416122364e-06,0.337096356210028,0.276,0.223,0.0446421181502404,"9","SRP54"
1.95696534618918e-06,0.390474261543422,0.22,0.171,0.0478517166450178,"9","CCNK"
1.98402515880191e-06,0.376558145828932,0.23,0.18,0.0485133831830242,"9","DHX9"
2.15190932776627e-06,0.371017336667397,0.25,0.2,0.0526184868825408,"9","SAP30BP"
2.24205243761828e-06,0.356072489726578,0.258,0.207,0.0548226662046423,"9","FXR1"
2.25544110321893e-06,0.319618682505651,0.237,0.184,0.0551500458559092,"9","CNPPD1"
2.27311838069309e-06,0.361927618204623,0.21,0.16,0.0555822906447075,"9","PIK3AP1"
2.64334440188567e-06,0.426968510074241,0.212,0.164,0.0646350573149084,"9","EIF2A"
2.67472874644075e-06,0.400751330312202,0.212,0.165,0.0654024673079692,"9","MED28"
2.79898675695085e-06,0.323463972779338,0.25,0.197,0.0684408241809621,"9","USP14"
4.2207985174693e-06,0.293334340197749,0.293,0.24,0.103206965349159,"9","MECP2"
4.25360068902911e-06,0.423396754539125,0.213,0.166,0.10400904404814,"9","NUB1"
4.4041764654749e-06,0.295148051342341,0.291,0.239,0.107690922933792,"9","WDR33"
4.86546169442471e-06,0.252302774647506,0.352,0.299,0.118970269352073,"9","TMED2"
4.87462633848131e-06,0.355759781006044,0.2,0.154,0.119194363228545,"9","GARS"
4.95114383790529e-06,0.255949055491961,0.379,0.322,0.12106536912446,"9","G3BP1"
4.95168645939726e-06,0.300991276899494,0.342,0.284,0.121078637305182,"9","TMX4"
5.05015067768247e-06,0.358542197347006,0.229,0.182,0.123486284370692,"9","EFR3A"
5.313426070093e-06,0.358543876116399,0.28,0.227,0.129923894265914,"9","JMJD1C"
8.93963331642282e-06,0.335036829167778,0.248,0.201,0.218591913853171,"9","TRAPPC4"
1.06123131901215e-05,0.35461990917742,0.215,0.17,0.259492282124851,"9","RAB5A"
1.73502353088096e-05,0.393051841646499,0.226,0.182,0.424247953771011,"9","DR1"
1.81537951602361e-05,0.314443082611787,0.243,0.198,0.443896599258092,"9","PRPF38A"
1.86989821921956e-05,0.347762301150827,0.242,0.197,0.457227512563568,"9","COPA"
1.93444066634611e-05,0.291165354327067,0.256,0.209,0.47300943173495,"9","CHCHD7"
2.00800265788425e-05,0.324153857884276,0.222,0.179,0.490996809905857,"9","RAB22A"
2.0123703607189e-05,0.322206953693058,0.23,0.184,0.492064800602986,"9","HSD17B11"
2.13931359380732e-05,0.256162236843011,0.287,0.239,0.523104959957766,"9","SH3GLB1"
2.25401283407941e-05,0.266725673313646,0.242,0.195,0.551151218189098,"9","BUD23"
2.58245832640753e-05,0.329688368094614,0.229,0.184,0.63146270997317,"9","CTNNB1"
2.86772159717374e-05,0.291881379948224,0.271,0.226,0.701215284940922,"9","COQ10B"
3.37009725486014e-05,0.318055810414979,0.26,0.216,0.824056180758402,"9","ADIPOR1"
3.5670569631291e-05,0.287830296314059,0.258,0.214,0.872216768624328,"9","RELA"
3.65254866539189e-05,0.378707233511042,0.201,0.161,0.893121199661625,"9","LRRC59"
3.70645279231529e-05,0.292102112947457,0.3,0.255,0.906301836776936,"9","NDUFA5"
4.61757214903382e-05,0.361631134234757,0.219,0.179,1,"9","UBE2D1"
5.68508127444202e-05,0.316628594923192,0.261,0.218,1,"9","MANF"
6.4451936729334e-05,0.297948972048227,0.218,0.175,1,"9","SLU7"
7.28882719348191e-05,0.337960204168045,0.212,0.172,1,"9","COPS2"
8.99813429604657e-05,0.267053039592494,0.257,0.216,1,"9","PCNP"
9.48454900326926e-05,0.372754618018515,0.204,0.165,1,"9","TMEM87A"
0.00011585995547362,0.258724757270187,0.247,0.205,1,"9","SPPL2A"
0.000118804879926944,0.256997911087304,0.233,0.19,1,"9","SACM1L"
0.000124541352900388,0.286642252760057,0.223,0.183,1,"9","PLEKHB2"
0.000124818253662707,0.276793354834142,0.279,0.238,1,"9","DDX27"
0.000136090617721073,0.311821562301759,0.22,0.18,1,"9","KDM2A"
0.00015116906612427,0.294487380655129,0.216,0.176,1,"9","ZNF394"
0.000165256542212807,0.284499371530003,0.249,0.207,1,"9","FBXO34"
0.000183290640142763,0.329814394622395,0.222,0.183,1,"9","PRKX"
0.0001894946990284,0.275970367807854,0.223,0.185,1,"9","TRPC4AP"
0.000231870157243484,0.253117412751565,0.234,0.195,1,"9","NFKB2"
0.000319463721748772,0.266045644551048,0.252,0.214,1,"9","ABI1"
0.000387789778124498,0.308168503351468,0.214,0.18,1,"9","PSMD11"
0.000392747770032793,0.281320461941134,0.216,0.18,1,"9","DARS"
0.000498988386354647,0.261678225152722,0.221,0.186,1,"9","DNAJB11"
0.000499786347650424,0.25165182715717,0.265,0.227,1,"9","UFM1"
0.000530287671263346,0.270660659602345,0.244,0.206,1,"9","NOP56"
0.000586123996838112,0.255391807541817,0.241,0.206,1,"9","PRKAR2A"
0.00063917940364236,0.263757930342503,0.218,0.182,1,"9","WDR74"
0.000658087573539196,0.257048187198449,0.263,0.23,1,"9","ATP6V0D1"
0.000726238012952718,0.313001126544624,0.208,0.175,1,"9","LMBRD1"
0.000781978457073252,0.327979523428024,0.203,0.17,1,"9","RNF145"
0.000933897642069809,0.299513962208341,0.236,0.203,1,"9","TINF2"
0.00107616399361087,0.290386928916689,0.204,0.171,1,"9","ANKHD1"
0.00124331282880912,0.303411971896057,0.202,0.17,1,"9","RBM22"
0.00133246795174858,0.289933703420025,0.206,0.174,1,"9","SLC10A3"
0.0013556522546796,0.273502076929201,0.235,0.202,1,"9","SUGT1"
0.00140405273755082,0.272086931931753,0.297,0.266,1,"9","RAB2A"
0,4.56436785592897,0.928,0.033,0,"13","TRBV6-5"
0,5.76733131817003,0.684,0.012,0,"13","TRAV24"
0,3.94897057734504,0.743,0.074,0,"13","TRGV8"
0,3.53512313628666,0.458,0.049,0,"13","AC004832.6"
1.08865788389952e-298,1.72481144185453,0.982,0.71,2.66198625771111e-294,"13","IFITM2"
4.77235821636721e-233,1.11968050791103,1,0.919,1.16693703106611e-228,"13","IFITM1"
5.13822229227617e-217,1.07917652352558,0.999,0.931,1.25639811490737e-212,"13","NKG7"
1.63127493365213e-211,1.79868596595799,0.697,0.241,3.98879346776618e-207,"13","TXNIP"
1.22546757051718e-204,2.46037624326318,0.449,0.111,2.9965133034286e-200,"13","TRG-AS1"
1.44833190157465e-204,1.30830077590325,0.967,0.663,3.54146116573034e-200,"13","CTSW"
4.56308867447722e-195,2.52577268129109,0.312,0.057,1.11576644268317e-190,"13","HSPA6"
5.44979056363434e-195,1.77113828596627,0.744,0.304,1.33258278861987e-190,"13","HSPA1A"
2.21871291108989e-176,2.8629872401989,0.243,0.039,5.42519681019699e-172,"13","GCSAM"
5.7599830320314e-172,1.58098166875248,0.77,0.355,1.40843105099232e-167,"13","CMC1"
2.02381763450799e-166,2.09653932587828,0.56,0.201,4.94863887989895e-162,"13","CD160"
1.97268199579463e-154,1.50512218435587,0.649,0.258,4.82360201611704e-150,"13","HSPA1B"
4.79053012057296e-139,0.643610890845785,1,0.979,1.1713804250825e-134,"13","CCL5"
2.21288756200717e-134,2.02791612416328,0.392,0.113,5.41095266661994e-130,"13","PTGDR"
3.89446984906973e-131,1.30367180394475,0.774,0.397,9.52275767494531e-127,"13","KLRD1"
1.4445432096756e-128,2.04991782330894,0.36,0.099,3.53219705629879e-124,"13","FCGR3A"
3.56275355152712e-127,2.06401330211565,0.5,0.194,8.71164498419412e-123,"13","PRMT9"
1.87887909685414e-118,1.23916189923561,0.826,0.494,4.59423516762774e-114,"13","GZMH"
6.3024472661147e-112,0.836160541131141,0.982,0.902,1.54107440551037e-107,"13","FTL"
1.19847023598649e-107,0.582715774328854,0.996,0.967,2.93049942103418e-103,"13","PFN1"
4.91429915533353e-107,1.22369874357343,0.715,0.388,1.20164442946216e-102,"13","GIMAP7"
2.35657993012189e-105,0.825707217848921,0.941,0.837,5.76230924513404e-101,"13","MYL12A"
4.99898257531728e-105,0.587749233870743,0.997,0.96,1.22235121931658e-100,"13","TMSB10"
5.50705275754141e-101,2.30950760705858,0.27,0.073,1.34658454027403e-96,"13","FGR"
1.27250433724253e-100,1.04152315628392,0.383,0.118,3.11152760542544e-96,"13","TRGV9"
7.20489493288119e-98,1.36814525594437,0.59,0.281,1.76174090898811e-93,"13","HOPX"
2.18653476831025e-97,1.28280797157968,0.616,0.302,5.34651481547222e-93,"13","GIMAP4"
8.52420779955372e-89,0.606973910135118,0.983,0.914,2.08433929114688e-84,"13","ACTG1"
3.56082990836095e-82,0.474112518689549,0.999,0.97,8.70694129192419e-78,"13","IL32"
4.72856010754114e-82,0.86402387966297,0.842,0.556,1.15622751749596e-77,"13","CD8B"
4.7855685912265e-82,1.88695489720441,0.419,0.178,1.1701672319267e-77,"13","RBKS"
3.38272963873709e-81,0.867784846739333,0.861,0.669,8.27145051263993e-77,"13","PPDPF"
4.11684448080223e-81,1.44972766865347,0.51,0.247,1.00665081244576e-76,"13","ARPC5L"
1.68339046802689e-78,0.419496389702608,1,0.996,4.11622637241936e-74,"13","ACTB"
5.7132076938345e-76,1.46890939781555,0.464,0.215,1.39699354529641e-71,"13","PLEK"
1.07196986488908e-75,0.64818603600507,0.956,0.872,2.62118071362679e-71,"13","HCST"
8.69472700771936e-72,0.571717054597066,0.985,0.911,2.12603464792754e-67,"13","MT-ATP6"
5.44267435867324e-70,1.31488959524536,0.51,0.257,1.33084273418278e-65,"13","LINC00861"
1.97931057160212e-66,1.20681809061711,0.577,0.351,4.83981020968151e-62,"13","PRELID1"
3.38245904326309e-64,2.05647999363787,0.228,0.072,8.27078885258691e-60,"13","SERPINB6"
1.93545486591516e-62,1.7249860267902,0.246,0.082,4.73257423813575e-58,"13","IKZF2"
7.04904287069998e-61,0.665071336391383,0.883,0.738,1.72363196274356e-56,"13","CLIC1"
1.30422864531675e-60,0.539407918785152,0.95,0.862,3.18909988352853e-56,"13","PTPRCAP"
8.69678396489605e-59,1.42413623995767,0.393,0.185,2.12653761509638e-54,"13","AC116366.3"
1.28068231861232e-58,1.3755216996433,0.509,0.303,3.13152440547084e-54,"13","EFHD2"
2.21208404953113e-58,1.42518007609294,0.407,0.198,5.40898791791351e-54,"13","FCRL6"
2.23073650836638e-56,1.73177222643354,0.26,0.096,5.45459691025747e-52,"13","PLAC8"
1.77162128224247e-55,0.989236307569525,0.798,0.729,4.33196835933928e-51,"13","DNAJB1"
2.15678943694449e-55,1.22467911565605,0.383,0.175,5.27378153121667e-51,"13","SIT1"
1.76168266307945e-54,0.698399500510503,0.862,0.694,4.30766644776187e-50,"13","GZMM"
2.0438590583266e-54,0.524139547540751,0.967,0.896,4.9976441694202e-50,"13","SH3BGRL3"
1.12527240721382e-53,1.25759437365282,0.418,0.208,2.75151609011922e-49,"13","RCSD1"
1.19109645020015e-53,0.599099159094133,0.882,0.758,2.91246904002941e-49,"13","RARRES3"
1.67487144325261e-52,1.12607933358112,0.476,0.261,4.09539565304129e-48,"13","TRAF3IP3"
1.59944396233588e-51,1.35703627456567,0.319,0.136,3.91096037670369e-47,"13","KLRC3"
1.98158607027406e-49,0.374461582109533,0.999,0.982,4.84537425903413e-45,"13","MT-CO3"
2.84025778031131e-49,0.665374062022692,0.815,0.681,6.94499832441721e-45,"13","PSMB9"
9.67287528768289e-49,0.467040367999375,0.961,0.88,2.36521146534422e-44,"13","SERF2"
3.06793528173252e-48,0.603024901096216,0.927,0.832,7.50171535089236e-44,"13","MT-ND4"
5.39072245357453e-48,1.03581969947143,0.51,0.306,1.31813945434804e-43,"13","PPP1R18"
7.23107907648702e-48,1.32618604522238,0.347,0.163,1.76814345578261e-43,"13","PLEKHF1"
8.0480265765411e-48,0.89534434078122,0.302,0.129,1.96790345849583e-43,"13","CCL3"
8.86544560007353e-48,0.30139395632006,0.999,0.993,2.16777875812998e-43,"13","MT-CO2"
9.44566163002277e-48,1.48056940563926,0.302,0.133,2.30965318177317e-43,"13","TRGC2"
1.26118820938699e-47,1.38202128637638,0.377,0.192,3.08385740959308e-43,"13","RASSF1"
1.50363404463295e-46,0.310467732385678,1,0.991,3.6766859659365e-42,"13","TMSB4X"
1.63173955182446e-46,1.26308009258909,0.419,0.229,3.98992955212116e-42,"13","RHOC"
2.3616174783839e-45,1.17159660647428,0.431,0.237,5.77462705814431e-41,"13","SASH3"
1.15582047689041e-44,1.24497817316371,0.479,0.296,2.82621223009242e-40,"13","HSPB1"
1.928889571102e-44,0.377975505696209,0.99,0.967,4.71652077925862e-40,"13","FAU"
1.40259746288598e-43,1.11303663167495,0.69,0.578,3.4296313162488e-39,"13","IER2"
3.24689316057819e-43,1.35615483988926,0.246,0.098,7.93930315624579e-39,"13","LINC02446"
9.40905902148301e-43,0.665516259990689,0.74,0.575,2.30070311193302e-38,"13","EVL"
1.46572657666635e-42,1.19938545137412,0.353,0.175,3.58399462526456e-38,"13","GIMAP1"
1.59712263464808e-42,0.430142126264482,0.958,0.857,3.90528426624148e-38,"13","GZMA"
1.81646597271423e-42,1.49556514138365,0.289,0.132,4.44162259648084e-38,"13","KMT2E-AS1"
3.5565556297392e-42,0.951773463374561,0.505,0.314,8.69648982583829e-38,"13","TRAC"
4.6384503465696e-41,0.450475195429731,0.918,0.837,1.1341938787432e-36,"13","PFDN5"
1.26320421620844e-38,1.08895247396285,0.38,0.208,3.08878694947289e-34,"13","PTPN6"
7.59426569873006e-38,1.26964911495075,0.324,0.167,1.85694984865347e-33,"13","AGTRAP"
9.09228858782227e-38,0.878615271082436,0.531,0.351,2.2232464054943e-33,"13","AOAH"
1.82839798517349e-37,0.669102409296741,0.625,0.398,4.47079875334621e-33,"13","KLRB1"
5.23192841798091e-37,0.439946550284187,0.911,0.848,1.27931113676469e-32,"13","CORO1A"
2.05910342115228e-36,0.473506262390755,0.914,0.818,5.03491968540156e-32,"13","PSME1"
6.65146586627358e-36,0.617950491218244,0.742,0.61,1.62641643362122e-31,"13","UQCR11"
1.17749287821303e-35,1.10630114358203,0.392,0.226,2.8792055858065e-31,"13","ZBTB38"
2.65302155411131e-35,0.98116275149671,0.452,0.287,6.48716830411297e-31,"13","LAMTOR4"
3.90414643543925e-35,0.948370210590412,0.491,0.323,9.54641886393605e-31,"13","UBE2L6"
7.59591135853775e-35,0.526904259665906,0.825,0.696,1.85735224538965e-30,"13","ATP5MC2"
1.0105778268085e-34,1.29479702580761,0.319,0.168,2.47106490211215e-30,"13","OTUD6B-AS1"
1.11402788943567e-34,0.647606227883928,0.725,0.589,2.7240209952481e-30,"13","GSTP1"
2.57181187746583e-34,0.880584181382924,0.611,0.475,6.28859440277946e-30,"13","JUN"
3.59403100167269e-34,0.512738746671549,0.766,0.599,8.78812460529006e-30,"13","TRBC2"
1.15391384018923e-33,0.880740980391528,0.521,0.359,2.8215501220307e-29,"13","CD63"
2.30988779628504e-33,0.742736147539343,0.617,0.469,5.64813763947619e-29,"13","PSMB10"
3.59968569117168e-33,0.429009042129625,0.915,0.826,8.80195145205298e-29,"13","CD3D"
3.99736826154054e-33,0.435411121828424,0.904,0.759,9.77436487311894e-29,"13","CD7"
6.17496139779756e-33,0.66292454174888,0.692,0.569,1.50990156098946e-28,"13","GABARAP"
1.43176474524906e-32,1.36900035769255,0.207,0.087,3.500951155083e-28,"13","GIMAP2"
5.56274931324223e-32,1.15698555129679,0.485,0.341,1.36020346207399e-27,"13","SNHG8"
7.45073909626979e-32,1.30886144382215,0.267,0.131,1.82185472381989e-27,"13","AC243960.1"
1.09115857996097e-31,0.739600055651221,0.577,0.418,2.66810095972056e-27,"13","TRAPPC1"
2.44509262919039e-31,1.46281694259017,0.234,0.109,5.97874049689634e-27,"13","RGS19"
2.53387610701933e-31,1.49539069055342,0.21,0.092,6.19583385688367e-27,"13","DNAJB4"
4.16643448236175e-31,0.852681313405592,0.567,0.426,1.0187765596271e-26,"13","DAD1"
1.1860791475897e-30,0.657573888292899,0.806,0.738,2.90020073168634e-26,"13","HSPE1"
2.81534244010425e-30,0.980669907277563,0.438,0.283,6.88407533454291e-26,"13","BTN3A2"
8.87574384086041e-30,0.944771905738597,0.424,0.266,2.17029688396719e-25,"13","CD81"
4.0325476603122e-29,0.898291236528001,0.396,0.24,9.8603855389954e-25,"13","DENND2D"
1.00376990035225e-28,0.797588777609155,0.486,0.328,2.45441816034133e-24,"13","NUCB2"
1.06026747700024e-28,0.390337231578747,0.918,0.788,2.59256603476098e-24,"13","S100A4"
2.55232520003328e-28,0.679043189654251,0.63,0.501,6.24094557912137e-24,"13","MZT2B"
3.40009785697008e-28,1.33275109556641,0.247,0.124,8.31391927986324e-24,"13","RGS14"
6.35948964610159e-28,0.700241700094478,0.629,0.488,1.55502240826476e-23,"13","EMP3"
5.13692384034444e-27,0.547814376800853,0.789,0.681,1.25608061744102e-22,"13","COMMD6"
1.28700635734493e-26,0.850363075140529,0.41,0.266,3.14698794497982e-22,"13","TUBB"
1.78913535469259e-26,1.01448372868662,0.325,0.189,4.37479376929431e-22,"13","PYCARD"
2.29060649996913e-26,1.18366812250227,0.267,0.143,5.6009910137245e-22,"13","CD244"
5.72871356183463e-26,1.05808974929472,0.353,0.219,1.4007850401398e-21,"13","OFD1"
6.72867522439236e-26,0.763219809567662,0.506,0.373,1.64529566586842e-21,"13","VAMP8"
1.55500520375162e-25,0.919525744221131,0.4,0.258,3.80229872421346e-21,"13","TAF10"
1.86782368191305e-25,0.344257040559568,0.945,0.916,4.56720246701378e-21,"13","CYBA"
2.67646039559584e-25,0.73711255888607,0.46,0.309,6.54448095931094e-21,"13","LCP2"
9.60185580822323e-25,1.21240699289968,0.302,0.177,2.34784578222675e-20,"13","NUFIP2"
1.71879880247662e-24,0.420578936719584,0.819,0.722,4.20280683181582e-20,"13","S100A6"
2.04773987113193e-24,1.06180365590775,0.28,0.157,5.0071335328918e-20,"13","PDLIM2"
2.06132222023236e-24,0.812454337269773,0.492,0.368,5.04034509291218e-20,"13","SELENOW"
2.32753839686496e-24,0.340506866063068,0.946,0.901,5.69129688801421e-20,"13","UBA52"
2.50436701107772e-24,0.784352492196248,0.468,0.333,6.12367821548724e-20,"13","NDUFB10"
6.15763992120661e-24,0.883188654112321,0.509,0.393,1.50566611353344e-19,"13","CCT4"
9.20116571370501e-24,0.910811074442361,0.37,0.237,2.24986904031515e-19,"13","POLD4"
9.42873403812774e-24,0.835367944922282,0.373,0.23,2.30551404700299e-19,"13","EOMES"
1.41928846356272e-23,0.430398655251809,0.918,0.89,3.47044415110356e-19,"13","UBB"
2.2022355938308e-23,0.577748279688699,0.622,0.503,5.38490647403507e-19,"13","APRT"
3.61602226385222e-23,0.596567898595358,0.623,0.51,8.84189763957144e-19,"13","PPP1CA"
6.38450031292061e-23,0.80394769194024,0.485,0.364,1.56113801651535e-18,"13","DHRS7"
6.28015717133139e-22,1.08409563024592,0.243,0.131,1.53562403153395e-17,"13","S1PR5"
7.23240067561e-22,1.06603821298303,0.31,0.19,1.76846661320016e-17,"13","SLAMF7"
1.17810207999721e-21,0.578113300214691,0.629,0.53,2.88069520600917e-17,"13","RNASEK"
1.47504564517363e-21,0.515269124758887,0.688,0.586,3.60678161157856e-17,"13","C12orf57"
2.99868519819312e-21,0.293409084903107,0.972,0.914,7.33238504662181e-17,"13","RACK1"
3.61793090130678e-21,0.709523936882699,0.415,0.276,8.84656463987535e-17,"13","HLA-DQB1"
3.78603957771025e-21,0.760751914860355,0.526,0.42,9.25762397541712e-17,"13","PAXX"
5.63986457836958e-21,1.10847986611793,0.238,0.13,1.37905968670293e-16,"13","CISD3"
6.38162958065121e-21,0.473574148090121,0.631,0.493,1.56043606506083e-16,"13","FOS"
7.77483586403579e-21,0.397992930454035,0.85,0.75,1.90110286547403e-16,"13","TOMM7"
1.27594229948157e-20,1.09586922897673,0.254,0.145,3.11993411069234e-16,"13","SH3BP1"
1.87945667479715e-20,0.375581142689954,0.749,0.652,4.59564746121399e-16,"13","PSME2"
2.36338618388545e-20,0.9642157393163,0.312,0.196,5.77895189683669e-16,"13","RSBN1L"
7.90794460169033e-20,0.262482171176792,0.952,0.934,1.93365061400532e-15,"13","MT-ND1"
9.20687053528787e-20,1.0614987332353,0.284,0.175,2.25126398328859e-15,"13","BLOC1S1"
1.39678788878919e-19,0.912919999215019,0.297,0.183,3.41542574566734e-15,"13","MRPS34"
1.54357542361278e-19,0.741534064111425,0.431,0.31,3.77435062581797e-15,"13","CSK"
2.05213182671877e-19,0.285736706232878,0.955,0.906,5.01787274269275e-15,"13","PPIA"
3.48943646568734e-19,0.4352386519878,0.785,0.7,8.53237004589868e-15,"13","OST4"
4.03878714245122e-19,0.606522874138643,0.59,0.498,9.87564232072172e-15,"13","SLC9A3R1"
5.37167634863806e-19,0.443739479838931,0.729,0.631,1.31348230076898e-14,"13","ARPC1B"
5.70164356712609e-19,0.367647331420719,0.808,0.73,1.39416588503367e-14,"13","MIF"
8.04612527262647e-19,0.677066653268799,0.443,0.326,1.96743855166262e-14,"13","PNISR"
9.69595759186445e-19,1.02354881715356,0.208,0.112,2.37085555036269e-14,"13","AL157402.2"
1.30855466453549e-18,0.536236704186133,0.627,0.536,3.19967786572217e-14,"13","KRTCAP2"
1.62570500764503e-18,0.544719557694463,0.596,0.486,3.97517388469363e-14,"13","CD48"
1.8819189299765e-18,0.796868935344869,0.365,0.248,4.60166816757854e-14,"13","GPR174"
1.99412946990674e-18,0.473249805195364,0.733,0.664,4.87604537981597e-14,"13","SSR4"
2.08303306182149e-18,0.998863467111807,0.326,0.217,5.0934324427659e-14,"13","NFKBIZ"
2.742437921951e-18,0.907846442404466,0.347,0.234,6.70580920675459e-14,"13","AC004687.1"
3.47889631238478e-18,0.889060738761327,0.344,0.236,8.50659726304327e-14,"13","GRK6"
4.63414164838131e-18,0.256188303468639,0.956,0.897,1.1331403158622e-13,"13","ATP5F1E"
4.68870525580624e-18,0.597047363039545,0.488,0.378,1.14648220914974e-13,"13","NEAT1"
2.68830782185916e-17,0.73344601614609,0.458,0.363,6.57345028601003e-13,"13","NEDD8"
4.05682225755801e-17,0.57370094652659,0.576,0.483,9.91974178418085e-13,"13","PRR13"
4.42843564822716e-17,0.948797803236665,0.267,0.165,1.08284108470451e-12,"13","LSM2"
4.82361566940639e-17,1.18499452181424,0.202,0.114,1.17947050348325e-12,"13","ZNF22"
6.09075355414116e-17,0.847771601124235,0.35,0.245,1.4893110590586e-12,"13","C8orf59"
9.96366590870975e-17,0.342020646808612,0.802,0.754,2.43631558799771e-12,"13","MYL12B"
1.08678121920666e-16,0.304033422117776,0.874,0.814,2.65739743720412e-12,"13","RAC2"
1.9325741970008e-16,0.316738260228012,0.88,0.829,4.72553042650637e-12,"13","EEF1B2"
2.02491297521349e-16,0.678536647118805,0.49,0.399,4.95131720699202e-12,"13","FLNA"
2.60489891670439e-16,0.296342261758965,0.895,0.812,6.36949883112559e-12,"13","TMA7"
2.70309628013341e-16,0.979984400931743,0.258,0.162,6.60961102418223e-12,"13","TNFSF12"
2.7562792334873e-16,0.467962821498614,0.626,0.546,6.73965398172314e-12,"13","GMFG"
3.17720479997975e-16,0.541116986198871,0.555,0.47,7.76890117691048e-12,"13","SRRM2"
4.0899000770157e-16,0.56069326391896,0.568,0.484,1.00006236683188e-11,"13","GPSM3"
4.18979453871013e-16,0.511481964682321,0.566,0.469,1.0244885606054e-11,"13","PSMB8"
6.50551139610911e-16,0.522687820869397,0.612,0.532,1.5907276465766e-11,"13","STK17A"
9.51424104238338e-16,0.463414509860064,0.639,0.569,2.32642221968358e-11,"13","COX6B1"
9.7107890712506e-16,0.658494374002596,0.442,0.339,2.3744821437022e-11,"13","SHISA5"
1.45432157529425e-15,0.635220176241786,0.442,0.342,3.5561071159095e-11,"13","SELENOH"
2.5863426829543e-15,0.616729497397067,0.542,0.46,6.32412512835985e-11,"13","GADD45B"
3.13537783767096e-15,0.557876681897545,0.521,0.437,7.66662588867303e-11,"13","WDR83OS"
4.37190274617602e-15,0.380961213057086,0.733,0.636,1.06901765949496e-10,"13","SNRPD2"
4.72305132054499e-15,0.850531439460469,0.298,0.202,1.15488050889966e-10,"13","HSPB11"
6.89228940345932e-15,0.436076862084728,0.671,0.607,1.68530260493387e-10,"13","ELOB"
8.7068330470022e-15,0.825130074448013,0.28,0.184,2.12899481665298e-10,"13","PTPN4"
9.54366971725033e-15,0.860942940590102,0.319,0.224,2.33361811926205e-10,"13","VAMP5"
1.10484923400011e-14,0.287457985847897,0.887,0.843,2.70157734697707e-10,"13","MT-ND2"
1.88793640724266e-14,0.5900393832064,0.441,0.334,4.61638210298976e-10,"13","ABI3"
2.32057954603037e-14,0.626455639492892,0.397,0.296,5.67428110595347e-10,"13","CHURC1"
2.35438300350541e-14,0.872741776833351,0.294,0.202,5.75693732017142e-10,"13","FAAP20"
2.71122401694561e-14,0.93982500238304,0.251,0.161,6.62948496623541e-10,"13","FAM173A"
3.89924377513448e-14,0.616776732559976,0.425,0.327,9.53443087895883e-10,"13","BST2"
4.83506889050792e-14,0.817178370556693,0.285,0.192,1.182271045107e-09,"13","PGLS"
5.1730152174523e-14,0.884175258547282,0.267,0.178,1.26490568097144e-09,"13","ATP5MC1"
9.78407331392567e-14,0.713545341218207,0.346,0.253,2.3924016067211e-09,"13","AIP"
1.09928096335415e-13,0.725047863293239,0.389,0.302,2.68796181159357e-09,"13","BIN2"
1.28622899756945e-13,0.528281587592658,0.522,0.428,3.14508714485683e-09,"13","C9orf16"
1.36931336602704e-13,0.319541202946807,0.794,0.734,3.34824504260933e-09,"13","ARPC3"
1.49098502905641e-13,0.628681588355812,0.447,0.366,3.64575659304873e-09,"13","LMAN2"
1.52115409654508e-13,0.56288951436715,0.488,0.408,3.71952599687203e-09,"13","ANAPC16"
1.53225027215136e-13,0.927305721044532,0.226,0.14,3.74665836546452e-09,"13","CLIC3"
1.62721400021157e-13,0.885124257854936,0.269,0.182,3.97886367331733e-09,"13","ATRAID"
2.33204114163339e-13,0.659273433798339,0.411,0.322,5.70230699952197e-09,"13","MATK"
2.66251239429433e-13,0.666103149083784,0.377,0.279,6.51037530652849e-09,"13","SYNRG"
2.71781099831665e-13,0.80920249640257,0.279,0.19,6.64559145308388e-09,"13","TMEM256"
2.79136447799169e-13,0.603068794272323,0.398,0.298,6.82544442158528e-09,"13","IL16"
3.36599487951985e-13,0.343955004013338,0.808,0.77,8.23053067940194e-09,"13","SRP14"
4.15081316804352e-13,0.491908053837466,0.535,0.459,1.01495683585e-08,"13","ATP5F1D"
5.29594571838696e-13,0.276737270021562,0.91,0.872,1.29496464705998e-08,"13","EEF1D"
5.89682556747542e-13,0.369080180166989,0.749,0.683,1.44189178775909e-08,"13","HLA-DPB1"
5.9740744014894e-13,0.77384610339263,0.347,0.259,1.46078067265219e-08,"13","NDUFB7"
7.0156718851147e-13,0.446194297290768,0.582,0.509,1.71547208934825e-08,"13","GSTK1"
9.37280458365812e-13,0.86726721391531,0.234,0.151,2.29183817679608e-08,"13","PSMB8-AS1"
1.15622987980543e-12,0.708766364845493,0.409,0.329,2.82721330210024e-08,"13","CCND3"
2.47574385629777e-12,0.287954587360485,0.817,0.747,6.05368887741931e-08,"13","ATP5MG"
2.4920652844367e-12,1.12733318704795,0.219,0.141,6.09359803350461e-08,"13","ZFAND2A"
3.13830761031673e-12,0.445870177416351,0.587,0.505,7.67378976874646e-08,"13","UQCR10"
3.19360958785398e-12,0.511344170781444,0.535,0.465,7.80901416422055e-08,"13","AES"
3.50378450482118e-12,0.608049036583564,0.461,0.388,8.56745387118876e-08,"13","ZAP70"
4.22755895804715e-12,0.723697089891286,0.308,0.224,1.03372271642169e-07,"13","SSBP4"
4.49721465108965e-12,0.896377328028754,0.261,0.179,1.09965892648444e-07,"13","POLR2G"
4.9676630860295e-12,0.587953454471248,0.452,0.363,1.21469297779593e-07,"13","YPEL3"
7.08564465650161e-12,0.835704438425745,0.234,0.152,1.73258183140777e-07,"13","RIPOR2"
9.94754510162227e-12,0.92465700760295,0.231,0.152,2.43237372824868e-07,"13","IRF3"
1.10040311589427e-11,0.883744029177184,0.247,0.169,2.69070569898468e-07,"13","RAB29"
1.46885024493908e-11,0.370279450544367,0.64,0.577,3.59163261892505e-07,"13","LIMD2"
1.50300583892268e-11,0.280045496748404,0.846,0.815,3.67514987733375e-07,"13","COX4I1"
1.66392247784387e-11,0.443968267539048,0.562,0.503,4.06862324282383e-07,"13","EIF3G"
6.92444754217498e-11,0.304196611002479,0.719,0.666,1.69316591301263e-06,"13","HLA-DPA1"
7.86942100496272e-11,0.458197942542977,0.518,0.446,1.92423082413349e-06,"13","TMEM258"
7.98586550574897e-11,0.771363791085876,0.281,0.203,1.95270383346574e-06,"13","NAA38"
9.13335009076498e-11,0.775975306598604,0.279,0.201,2.23328676419385e-06,"13","HMOX2"
1.11377736105762e-10,0.688148270934608,0.343,0.269,2.72340840325809e-06,"13","GTF3A"
1.18768977346884e-10,0.456404597119282,0.505,0.431,2.904139034086e-06,"13","ZFAS1"
1.32124437987553e-10,0.646002933621878,0.319,0.237,3.23070675767166e-06,"13","CMTM3"
1.54882991298545e-10,0.36359291363082,0.587,0.518,3.78719890323201e-06,"13","LY6E"
1.61191521822757e-10,0.860024313399561,0.258,0.186,3.94145509161007e-06,"13","NDUFAF8"
1.79402079363365e-10,0.528139033056531,0.422,0.348,4.38673964459301e-06,"13","RBX1"
2.20879887862089e-10,0.667906669010403,0.314,0.232,5.40095501800379e-06,"13","SAMD3"
2.28498197159047e-10,0.350047747694803,0.713,0.674,5.58723791693301e-06,"13","EIF3K"
3.14757835688918e-10,0.666834059466955,0.328,0.251,7.69645859826543e-06,"13","DUT"
3.6240478480435e-10,0.764649782763408,0.284,0.211,8.86152179803597e-06,"13","LAMTOR1"
4.13352351460496e-10,0.623901669422435,0.328,0.246,1.0107291697912e-05,"13","CFLAR"
5.35657235122886e-10,0.662570756054775,0.306,0.228,1.30978907132248e-05,"13","RBCK1"
6.89016606257661e-10,0.754104496196592,0.258,0.185,1.68478340562123e-05,"13","DGCR6L"
8.15891122341226e-10,0.65624803026801,0.352,0.269,1.99501697234877e-05,"13","H1FX"
8.46374740379014e-10,0.672633254687548,0.33,0.253,2.06955551517477e-05,"13","FKBP11"
9.26865565067355e-10,0.562132346147056,0.308,0.228,2.2663716797027e-05,"13","SLFN5"
1.06907626141499e-09,0.528270485857159,0.416,0.347,2.61410527441195e-05,"13","CKLF"
1.29068547402466e-09,0.820985630693434,0.237,0.166,3.1559841210851e-05,"13","MYO1F"
1.41514534717507e-09,0.627954002048753,0.306,0.229,3.46031340291249e-05,"13","SP110"
1.53363978595625e-09,0.82622591333763,0.261,0.189,3.75005600462023e-05,"13","TSC22D4"
1.56593729847768e-09,0.669323937889045,0.338,0.27,3.82902988223762e-05,"13","MGST3"
1.61500030953188e-09,0.716678038384771,0.296,0.224,3.94899875686735e-05,"13","COX7A2L"
1.89897403437865e-09,0.61147702205361,0.339,0.263,4.64337130886266e-05,"13","SAMHD1"
2.07427184015689e-09,0.476431645738716,0.501,0.445,5.07200950355163e-05,"13","EIF4A2"
2.33414984626686e-09,0.432112034644593,0.429,0.357,5.70746320409173e-05,"13","NDUFB9"
2.41686957674729e-09,0.325532032301413,0.73,0.676,5.90972948906248e-05,"13","GUK1"
2.5248448537751e-09,0.705015960373935,0.285,0.213,6.17375063645088e-05,"13","ZNRD1"
3.21485134781276e-09,0.38926038841616,0.535,0.468,7.86095451567176e-05,"13","NDUFA3"
6.39237490300576e-09,0.509549064076528,0.401,0.331,0.000156306351128297,"13","TBC1D10C"
8.63429133183862e-09,0.538436308558015,0.353,0.287,0.000211125691646118,"13","SF3B5"
9.04581405551579e-09,0.755078783228189,0.256,0.186,0.000221188245285472,"13","MIEN1"
1.04499585243047e-08,0.619366703991431,0.344,0.28,0.0002555223858363,"13","C12orf75"
1.0873243002452e-08,0.724887727171888,0.283,0.213,0.000265872537895957,"13","ATM"
1.10841052930468e-08,0.791772929315829,0.204,0.14,0.00027102854262558,"13","RPA2"
1.17265392509608e-08,0.524173256289915,0.407,0.341,0.000286737337764494,"13","MZT2A"
1.72516300362358e-08,0.594293972516851,0.314,0.246,0.000421836857646037,"13","METTL26"
1.86657203006461e-08,0.534050321840092,0.395,0.33,0.000456414192791399,"13","ITGAL"
1.92497773667148e-08,0.410937807092443,0.469,0.405,0.00047069555617091,"13","GNG5"
2.04940438508323e-08,0.718619433699703,0.244,0.178,0.000501120360240551,"13","DNMT1"
2.19224008061976e-08,0.585688953355969,0.334,0.269,0.000536046544513144,"13","MINOS1"
2.28724920181948e-08,0.641912964906208,0.297,0.231,0.0005592781748289,"13","SSNA1"
2.34715108744109e-08,0.433070983987943,0.443,0.371,0.000573925383901095,"13","UCP2"
2.80220334606293e-08,0.571666688541748,0.281,0.213,0.000685194762179307,"13","ARRB2"
2.85063041837297e-08,0.698953677038328,0.267,0.205,0.000697036149900558,"13","MEA1"
2.95694053894025e-08,0.777223950035924,0.267,0.204,0.000723031100581671,"13","SNHG15"
3.36653879141841e-08,0.632220517354371,0.303,0.235,0.00082318606527763,"13","LUC7L3"
3.43069027149483e-08,0.60122506590167,0.326,0.263,0.000838872385185915,"13","HMGN3"
3.81719911807075e-08,0.512618588279781,0.337,0.265,0.000933381528350659,"13","PYHIN1"
4.27079402082693e-08,0.403098994362586,0.504,0.449,0.0010442945539726,"13","SKAP1"
4.32701910787825e-08,0.455303401093202,0.393,0.329,0.00105804271225839,"13","REX1BD"
4.54393291017659e-08,0.291181032524271,0.659,0.618,0.00111108247519638,"13","LCK"
4.58872156982014e-08,0.595487929929367,0.335,0.274,0.00112203419825242,"13","NDUFA12"
4.64044296626714e-08,0.741996248582712,0.276,0.214,0.00113468111411164,"13","MRPL52"
6.11222559274917e-08,0.706347320137001,0.234,0.17,0.00149456140193903,"13","KMT2A"
7.95108751642122e-08,0.725945785487835,0.23,0.169,0.00194419991951532,"13","PPP1R7"
8.36748865531107e-08,0.543567395127267,0.423,0.363,0.00204601832599666,"13","XBP1"
8.82395792231767e-08,0.450524743449367,0.443,0.384,0.00215763419116512,"13","WAS"
9.49096217366765e-08,0.362342688700729,0.604,0.564,0.00232073007070521,"13","COX5B"
9.63843055737421e-08,0.325013999756697,0.598,0.549,0.00235678903988914,"13","SEPT1"
1.09391770217776e-07,0.459658919755981,0.419,0.361,0.00267484756536506,"13","NDUFB4"
1.1180422066137e-07,0.661438988608388,0.254,0.191,0.00273383680361182,"13","C11orf98"
1.40009420980743e-07,0.274189044624092,0.65,0.604,0.00342351036182114,"13","POLR2L"
1.49088714111464e-07,0.443035524287221,0.415,0.351,0.00364551723745351,"13","N4BP2L2"
2.20077721743362e-07,0.403283146011441,0.456,0.405,0.00538134045206868,"13","C19orf53"
2.48174979395455e-07,0.46562774843678,0.389,0.328,0.00606837459617766,"13","SIGIRR"
2.87111863330005e-07,0.554836607118898,0.311,0.248,0.00702045928214529,"13","PHB2"
2.9363426797197e-07,0.751748119912172,0.239,0.18,0.00717994512045061,"13","ARIH1"
3.02774646898497e-07,0.492293616646047,0.356,0.291,0.00740344566596206,"13","IDH2"
3.21927354753473e-07,0.665719151582228,0.234,0.177,0.00787176767843191,"13","G6PD"
3.2726544981052e-07,0.686592927833382,0.248,0.19,0.00800229477876683,"13","PRKCB"
3.39843030208699e-07,0.259070982561987,0.703,0.678,0.0083098417746631,"13","CD37"
3.43738830969792e-07,0.34786415303267,0.512,0.467,0.00840510189487336,"13","HIGD2A"
4.31182637683604e-07,0.62612670055613,0.272,0.214,0.0105432778566395,"13","CCDC107"
4.52277418133325e-07,0.704177750054774,0.203,0.145,0.0110590874281961,"13","NT5C"
4.78723591779634e-07,0.518987494526415,0.334,0.276,0.0117057492661956,"13","SRI"
5.3717090013658e-07,0.553568393403789,0.303,0.246,0.0131349028501396,"13","NDUFA11"
5.58294285410258e-07,0.418208646717709,0.445,0.392,0.0136514118668516,"13","GNAI2"
5.77453856686115e-07,0.595225038681767,0.278,0.221,0.0141199017036889,"13","TMEM160"
5.88713475488479e-07,0.675780427514127,0.215,0.156,0.0143952219026443,"13","INTS6"
6.76291277537669e-07,0.303975528540373,0.629,0.591,0.0165366743183511,"13","NDUFA4"
7.1277396335192e-07,0.468892749794212,0.222,0.16,0.0174287489518811,"13","GBP1"
8.7107218490332e-07,0.630631301301552,0.308,0.255,0.021299457065256,"13","MAPK1"
1.00909403451219e-06,0.535216970523269,0.292,0.236,0.024674367331892,"13","C19orf70"
1.08905932912314e-06,0.598576909925572,0.243,0.187,0.0266296787157191,"13","PDAP1"
1.11433949135461e-06,0.758102134723018,0.203,0.149,0.027247829242603,"13","TMEM35B"
1.17909937337364e-06,0.385997225777328,0.476,0.431,0.0288313378777323,"13","ACAP1"
1.29434215974186e-06,0.610349503445671,0.299,0.249,0.031649254490008,"13","BANF1"
1.43671216187866e-06,0.324635883371052,0.596,0.551,0.035130485782257,"13","H2AFZ"
1.4875107257056e-06,0.678026483546047,0.256,0.202,0.0363726122649533,"13","ADD3"
1.6006889255551e-06,0.528063048238865,0.355,0.309,0.0391400456076733,"13","COPS9"
1.92646999852691e-06,0.500080521268834,0.353,0.296,0.04710604440398,"13","PPP1R10"
2.05089884331189e-06,0.679741518354512,0.23,0.174,0.0501485785166624,"13","CASP1"
2.14206411959973e-06,0.317887255200597,0.497,0.458,0.0523777518524526,"13","DRAP1"
2.17001054706864e-06,0.700484337751877,0.208,0.156,0.0530610978969224,"13","CLPP"
2.25532284335179e-06,0.659631316493544,0.219,0.166,0.055147154165638,"13","DECR1"
2.47107658574309e-06,0.379746830222889,0.523,0.489,0.0604227646745901,"13","RSRP1"
3.20325223370292e-06,0.448084371066233,0.365,0.312,0.0783259236185037,"13","MRPL41"
3.27189899768713e-06,0.507420880068416,0.324,0.273,0.0800044742914458,"13","TSTD1"
3.52344190688382e-06,0.483645387646075,0.35,0.3,0.0861552015071232,"13","DYNLRB1"
3.69447535672561e-06,0.577617235004511,0.253,0.197,0.0903373114226546,"13","CDC42EP3"
3.73563242147571e-06,0.520928536851335,0.27,0.214,0.0913436839699241,"13","LYAR"
3.79878653920123e-06,0.641510358010033,0.247,0.194,0.0928879284565486,"13","POLR3GL"
4.08485128946999e-06,0.337354150884332,0.488,0.451,0.0998827837301203,"13","ATP5MC3"
5.27866313428096e-06,0.492753736422631,0.267,0.212,0.129073870959438,"13","NAA10"
5.92416290730272e-06,0.515837151790664,0.33,0.281,0.144857631409366,"13","MRPS21"
6.32690186446403e-06,0.402775127648505,0.416,0.375,0.154705404389874,"13","VPS28"
6.38120962120995e-06,0.373806380325228,0.425,0.378,0.156033337657826,"13","COX5A"
7.08054993579983e-06,0.466266286930285,0.337,0.29,0.173133607030177,"13","NDUFA2"
8.64308078007266e-06,0.664270154873276,0.207,0.159,0.211340611234337,"13","TIMM17B"
9.30608582427707e-06,0.579989920279978,0.226,0.174,0.227552410575223,"13","MKNK2"
9.34181002495956e-06,0.617550635921685,0.215,0.164,0.228425938730311,"13","GSTO1"
1.00624761751444e-05,0.273642301140876,0.58,0.55,0.246047667434631,"13","SEC61B"
1.11468204176576e-05,0.581014403552837,0.263,0.214,0.272562052852563,"13","VPS29"
1.1993458543338e-05,0.538361751273089,0.216,0.165,0.293264048301701,"13","MRPL18"
1.51176375453209e-05,0.648756636785132,0.212,0.164,0.369656473258186,"13","LSM6"
1.7383862156367e-05,0.593754843634864,0.229,0.18,0.425070197447485,"13","C19orf66"
2.31812050055741e-05,0.308962664295893,0.587,0.566,0.566826824796299,"13","ATP6V0E1"
2.49749706130869e-05,0.274498666563149,0.504,0.47,0.6106879814312,"13","ATP5MF"
2.75875619613876e-05,0.281158169847958,0.586,0.567,0.674571065079849,"13","TRMT112"
2.86194053932726e-05,0.319204785562412,0.472,0.439,0.699801700676301,"13","C4orf3"
2.86338377117917e-05,0.707657384449205,0.225,0.18,0.70015459972873,"13","IRF2"
3.10719866738238e-05,0.602227949962455,0.238,0.193,0.759772218148339,"13","TTC14"
3.26603355550063e-05,0.480651244651115,0.328,0.283,0.798610524991013,"13","RNF167"
3.33116209480735e-05,0.606787944064727,0.258,0.211,0.814535755422292,"13","SYNE1"
3.50607378259085e-05,0.47219695208013,0.346,0.305,0.857305161319114,"13","RAB1B"
3.62848138309773e-05,0.575251763507908,0.207,0.16,0.887236267795057,"13","C6orf62"
3.65759780860554e-05,0.326115595623687,0.364,0.312,0.894355816160227,"13","IKZF3"
3.77617581455737e-05,0.517612810127405,0.249,0.201,0.923350510175568,"13","PHPT1"
4.30477929535952e-05,0.54242240036773,0.229,0.182,1,"13","ZBTB7A"
4.43456923657135e-05,0.587831477342999,0.219,0.173,1,"13","GSDMD"
4.47916858796006e-05,0.272484240127556,0.544,0.52,1,"13","ARL6IP5"
4.62976695798454e-05,0.426753313193051,0.371,0.333,1,"13","STOM"
4.63816721165765e-05,0.511578528849244,0.316,0.276,1,"13","MAP2K2"
4.66250758354026e-05,0.643067873313296,0.221,0.177,1,"13","DBNL"
4.80934876198495e-05,0.33788448463761,0.423,0.381,1,"13","MBP"
5.22161638667453e-05,0.479604573870065,0.285,0.239,1,"13","PRKACB"
5.30527277030867e-05,0.684896755245844,0.203,0.161,1,"13","NPC2"
7.13870943923034e-05,0.313392493274547,0.402,0.364,1,"13","GNB2"
7.59943327928904e-05,0.599369300595106,0.208,0.165,1,"13","PHF11"
7.74424567123452e-05,0.642812019100226,0.224,0.179,1,"13","ERN1"
8.6853839534327e-05,0.575659782020367,0.247,0.204,1,"13","SDF2"
9.6990100091316e-05,0.540652492848205,0.219,0.172,1,"13","CCDC88C"
0.000100996704442063,0.392399111237391,0.346,0.305,1,"13","SNRPN"
0.000105948542335927,0.491109744757384,0.317,0.281,1,"13","NDUFAF3"
0.000109603519687118,0.391570747530039,0.361,0.32,1,"13","ABHD17A"
0.000115801433161415,0.50224870276539,0.237,0.192,1,"13","TNFAIP8"
0.000127578308033261,0.40694746736823,0.302,0.255,1,"13","ZYX"
0.00013812386385344,0.343278667515752,0.41,0.377,1,"13","ATP5PF"
0.000152887447859468,0.496919115610727,0.262,0.219,1,"13","CHCHD10"
0.000158481368707016,0.590054443642875,0.213,0.172,1,"13","MRPS18C"
0.00015861628534063,0.496346008367398,0.323,0.289,1,"13","STUB1"
0.000163352660538944,0.436211701136383,0.337,0.296,1,"13","DOK2"
0.000183137970215145,0.490419229046906,0.222,0.179,1,"13","ALKBH7"
0.000186151952196197,0.442222279778648,0.219,0.174,1,"13","TNFSF14"
0.000205026362381134,0.262220012111834,0.575,0.56,1,"13","SSR2"
0.000234897597730246,0.618860215362758,0.233,0.194,1,"13","BIN1"
0.00023549895672251,0.408280542273787,0.387,0.361,1,"13","ATP5PB"
0.000255349578318864,0.489887415542847,0.276,0.238,1,"13","COX14"
0.000256394053740114,0.59362085276645,0.201,0.16,1,"13","MRPS24"
0.000261898378602329,0.417719833290945,0.371,0.342,1,"13","PSMA5"
0.000290226612736786,0.338003368975715,0.415,0.394,1,"13","FKBP8"
0.00029992838072749,0.252540600591697,0.566,0.546,1,"13","CD53"
0.000311897889566009,0.599984426697793,0.226,0.188,1,"13","SHKBP1"
0.000329546347725673,0.564875799338713,0.201,0.163,1,"13","ITGB1BP1"
0.000393102083777877,0.280914976305788,0.405,0.371,1,"13","NME2"
0.000396155355140592,0.556486554957992,0.249,0.212,1,"13","ORMDL1"
0.000424270018839925,0.477736489498731,0.211,0.169,1,"13","PIM2"
0.000463260077582295,0.398624074147364,0.297,0.26,1,"13","NDUFS8"
0.00052470795881458,0.516593472245787,0.243,0.207,1,"13","ZNHIT1"
0.000617433037659553,0.548027898101475,0.235,0.199,1,"13","ZRANB2"
0.000619448152653205,0.352520154401732,0.409,0.388,1,"13","NAPA"
0.000671820075637609,0.393053690741607,0.32,0.284,1,"13","CARD16"
0.000724081217859789,0.535830955174316,0.22,0.185,1,"13","NDUFB3"
0.000798298421938878,0.457978480050809,0.262,0.228,1,"13","FERMT3"
0.000882574594662441,0.508262219644073,0.224,0.189,1,"13","COPZ1"
0.000895630166023955,0.551321706071213,0.203,0.167,1,"13","TES"
0.000928087625553437,0.317775056834992,0.423,0.402,1,"13","CUTA"
0.000949531499635052,0.271054268694219,0.429,0.408,1,"13","PSMB3"
0.000992977742073891,0.489410625752131,0.225,0.19,1,"13","ZNF24"
0.00103551689627148,0.589928600127065,0.219,0.185,1,"13","MMP24OS"
0.00109945350685592,0.521263010485375,0.212,0.176,1,"13","BCL7C"
0.00110913977310354,0.526607992570258,0.211,0.177,1,"13","DNAJC19"
0.00112199842605385,0.521577880169152,0.225,0.191,1,"13","MRPL43"
0.00117495166312212,0.347454054567582,0.346,0.319,1,"13","TBCB"
0.00132815880856132,0.452933467418978,0.263,0.233,1,"13","SF3A2"
0.00135978619941204,0.281273876093495,0.485,0.475,1,"13","SPCS1"
0.00145154753343288,0.262251426101663,0.441,0.42,1,"13","ERP29"
0.00147025601552391,0.475822309762392,0.292,0.263,1,"13","NUCKS1"
0.00159844272008298,0.429374468440023,0.247,0.214,1,"13","C4orf48"
0.00161028908484224,0.421834595260877,0.27,0.24,1,"13","GTF2A2"
0.00169183282647218,0.436981559627293,0.267,0.238,1,"13","SNHG12"
0.00169451792103457,0.309347621532438,0.374,0.349,1,"13","PRDX5"
0.00170201428769843,0.325572374153311,0.328,0.295,1,"13","CHST12"
0.00173510757276949,0.336220002135814,0.377,0.358,1,"13","LSM7"
0.00180828318681944,0.482133358666244,0.254,0.223,1,"13","VASP"
0.00194189478953408,0.451732060843766,0.226,0.193,1,"13","PIN1"
0.00204716336387655,0.325883086713408,0.335,0.31,1,"13","NDUFS7"
0.00219202476601847,0.407523979934843,0.248,0.213,1,"13","POLR2J"
0.00249015828426463,0.399281016050138,0.29,0.26,1,"13","RNF181"
0.00312585529707209,0.376454958257419,0.289,0.264,1,"13","SEC11A"
0.00328484366674415,0.402956137708357,0.324,0.304,1,"13","ATP6V1F"
0.00332203864717623,0.627542086537411,0.707,0.77,1,"13","JUNB"
0.00336662571664669,0.277271926447803,0.42,0.41,1,"13","BRK1"
0.00359965345122143,0.337737434191946,0.332,0.304,1,"13","NOP10"
0.00394099981617393,0.412745812621828,0.267,0.242,1,"13","DCTN3"
0.00396836996006245,0.370841034896442,0.359,0.346,1,"13","GPI"
0.00399200380257205,0.289243037538111,0.342,0.316,1,"13","OSTF1"
0.00424233408729311,0.359257309479494,0.274,0.246,1,"13","OCIAD2"
0.00440814701709522,0.317378973538249,0.284,0.255,1,"13","HAX1"
0.00441730787403007,0.427601283576851,0.225,0.197,1,"13","SNX17"
0.00463673116882703,0.441589530630919,0.206,0.175,1,"13","APOBEC3C"
0.00468058519111873,0.364959314430446,0.248,0.216,1,"13","DGUOK"
0.00479084981933657,0.482820637351343,0.235,0.211,1,"13","PPP1R11"
0.00508566992336559,0.405461217435143,0.292,0.268,1,"13","FIS1"
0.00512111265193812,0.416363098763613,0.23,0.201,1,"13","SDF2L1"
0.0064834926061489,0.449150495563803,0.285,0.265,1,"13","YME1L1"
0.00663016522026426,0.360798648047686,0.252,0.226,1,"13","MRPL51"
0.00671897474013472,0.407963800532709,0.27,0.248,1,"13","POLR2E"
0.00696425904621818,0.327237389407712,0.225,0.194,1,"13","CORO1B"
0.00697143539833013,0.321204138603826,0.325,0.306,1,"13","ECH1"
0.00712408554729959,0.366784329396283,0.271,0.247,1,"13","ITGB7"
0.00742518992098802,0.257049813906437,0.383,0.362,1,"13","KRT10"
0.00751460745639921,0.395822448267564,0.231,0.204,1,"13","LY9"
0.00754878662010041,0.419469221806653,0.24,0.219,1,"13","PSMF1"
0.00769229410165742,0.375859255128678,0.292,0.271,1,"13","TMEM230"
0.00816212262574043,0.42585353361509,0.222,0.199,1,"13","PHB"
0.00861513472421482,0.379620467118873,0.319,0.303,1,"13","DPP7"
0.00932075029819928,0.421357889766274,0.239,0.217,1,"13","SNRPC"
0.00986599364128957,0.47460048756023,0.332,0.316,1,"13","CITED2"
