"p_val","avg_log2FC","pct.1","pct.2","p_val_adj","cluster","gene"
0,0.550060845981378,0.904,0.594,0,"0","SELENOK"
0,0.557195899403293,0.839,0.535,0,"0","FAM177A1"
0,0.523831647336088,0.894,0.594,0,"0","YPEL5"
0,0.467225970179329,0.966,0.667,0,"0","CREM"
0,0.506353797946665,0.987,0.693,0,"0","CXCR4"
0,0.677767997682342,0.692,0.421,0,"0","RGCC"
0,0.653450737101952,0.65,0.385,0,"0","SDCBP"
0,1.48877583608411,0.257,0.079,0,"0","GPR183"
2.29963692192752e-291,0.481717130628394,0.781,0.52,4.35206287474782e-287,"0","NDUFS5"
9.26795577384581e-291,0.486444471789684,0.802,0.548,1.75396063020032e-286,"0","HIST1H4C"
3.84418879441602e-285,0.707199661740569,0.456,0.252,7.27512729343232e-281,"0","PDCL3"
8.34970509244677e-283,0.4919359505897,0.76,0.474,1.58018168874555e-278,"0","TENT5C"
1.34930715744017e-280,0.506452204883747,0.733,0.484,2.55356379545552e-276,"0","RGS1"
7.74324762658734e-279,0.902834857588044,0.368,0.193,1.46540961333165e-274,"0","LMNA"
1.88236260135784e-277,0.537429135057473,0.66,0.414,3.56237122306972e-273,"0","SAMSN1"
4.05243671170665e-262,0.718323160974032,0.425,0.234,7.66923647690483e-258,"0","MT1X"
1.26491065033671e-251,0.416321600819683,0.846,0.588,2.39384340576223e-247,"0","LEPROTL1"
1.54361439737058e-245,0.438337451027754,0.854,0.604,2.92129024702383e-241,"0","LDHA"
4.01139813694276e-245,0.614981819444884,0.492,0.292,7.59157097416416e-241,"0","AMD1"
4.24701424748748e-244,0.536056117248647,0.619,0.396,8.03747446337006e-240,"0","RBM38"
6.37708591842037e-242,0.460557995772944,0.713,0.468,1.20686351006105e-237,"0","UBE2B"
2.75175451846516e-235,0.620943150723381,0.451,0.262,5.20769542619532e-231,"0","ISCA1"
4.77911839356202e-234,0.418287688639992,0.855,0.612,9.04448155981613e-230,"0","TUBA4A"
4.10997166666107e-229,0.530098315357352,0.611,0.398,7.77812137915608e-225,"0","MYADM"
6.37228117521453e-217,0.588758139142943,0.484,0.297,1.20595421240935e-212,"0","EIF4A1"
4.65277729964672e-214,0.503291546431532,0.558,0.355,8.80538103958141e-210,"0","GTF2B"
7.89833366391582e-214,0.5576568238261,0.491,0.3,1.49475964589607e-209,"0","KPNA2"
4.2650391430234e-212,0.459184298809625,0.662,0.437,8.07158657817178e-208,"0","ATP1B3"
1.04275150573791e-206,0.624745940984853,0.423,0.252,1.973407224609e-202,"0","JMJD6"
8.20918663548281e-199,0.454817898603587,0.674,0.497,1.55358857076512e-194,"0","ANXA1"
1.15496487489999e-193,0.537017871010453,0.438,0.259,2.18577102574823e-189,"0","CD5"
2.46376422183113e-191,0.503532634024489,0.505,0.319,4.66267378981542e-187,"0","BCAS2"
1.42711130187381e-188,0.455384553396158,0.59,0.383,2.70080813879619e-184,"0","SYAP1"
2.93445475304744e-186,0.331151165122761,0.929,0.712,5.55345562014227e-182,"0","CALM2"
6.55275647522092e-184,0.459259307035727,0.557,0.36,1.24010916293556e-179,"0","JUND"
7.63776877963036e-178,0.357011738295408,0.845,0.609,1.44544774154505e-173,"0","EZR"
1.01208257753856e-176,0.669334365609196,0.316,0.175,1.91536627799172e-172,"0","ENC1"
1.4913964023101e-174,0.509942478521701,0.448,0.28,2.82246769137186e-170,"0","SS18L2"
9.73335732393704e-172,0.599951035391072,0.31,0.168,1.84203787355508e-167,"0","CD28"
9.27186700454719e-170,0.440791811559614,0.545,0.36,1.75470083061056e-165,"0","MAGOH"
4.01803672765835e-167,0.568841703801928,0.382,0.231,7.60413450709343e-163,"0","ALG13"
4.26069398079837e-164,0.370972601655932,0.762,0.537,8.06336335866092e-160,"0","PDCD4"
7.39595045742229e-161,0.379804444368665,0.68,0.459,1.39968362406717e-156,"0","DNAJB6"
7.63987956610561e-161,0.664950129710532,0.284,0.158,1.44584720788549e-156,"0","DCTN6"
2.25091487833052e-160,0.463652453795935,0.497,0.324,4.2598564072405e-156,"0","GABARAPL1"
7.06755075799937e-160,0.447721268951,0.509,0.333,1.33753398095138e-155,"0","RSL24D1"
3.48773577387878e-159,0.393896686633888,0.611,0.414,6.6005399520656e-155,"0","SNRPG"
1.02863219094851e-158,0.408470277702827,0.583,0.383,1.94668642137005e-154,"0","PDE4B"
1.05566088098368e-157,0.310520584014846,0.887,0.68,1.99783821726162e-153,"0","GZMK"
3.95085148316245e-157,0.606656713319747,0.336,0.2,7.47698643188495e-153,"0","OAT"
5.10244453955009e-154,0.595576978981744,0.371,0.231,9.65637629109855e-150,"0","LINC01871"
1.29071756153437e-152,0.626789889873175,0.284,0.158,2.4426829852038e-148,"0","SC5D"
6.93578091183903e-150,0.424502588788404,0.5,0.329,1.31259653756554e-145,"0","NSMCE3"
1.99525166476554e-148,0.274524965514157,0.964,0.777,3.77601377556879e-144,"0","ZFP36"
6.91454886448822e-148,0.427429045143133,0.497,0.328,1.3085783726044e-143,"0","PET100"
2.32142795070281e-147,0.399407036984404,0.574,0.393,4.39330239670507e-143,"0","RHOH"
2.49062888722585e-145,0.355501594550088,0.646,0.448,4.71351516907492e-141,"0","SNU13"
4.474678906161e-144,0.505958528305448,0.402,0.256,8.46832982990969e-140,"0","ARID5A"
1.62283562023639e-143,0.356307039695384,0.679,0.479,3.07121641129737e-139,"0","MORF4L1"
6.91634541215027e-143,0.385771570757951,0.572,0.39,1.30891836924944e-138,"0","PAIP2"
1.81682849862702e-139,0.473123564720396,0.392,0.246,3.43834793365164e-135,"0","NAMPT"
1.47167547415572e-136,0.571582983896259,0.348,0.217,2.7851458348397e-132,"0","CDKN1A"
3.42664439706949e-136,0.330797291556261,0.764,0.553,6.48492452145401e-132,"0","ATP6V0C"
7.3207019680141e-135,0.391825150325095,0.518,0.349,1.38544284744667e-130,"0","STRAP"
2.17348631407658e-134,0.444862688051634,0.434,0.284,4.11332284938992e-130,"0","UBE2A"
3.45225411234197e-134,0.520616172754904,0.376,0.24,6.53339090760717e-130,"0","CSRNP1"
3.48191848689194e-134,0.530873813041923,0.345,0.214,6.589530736443e-130,"0","MARCKSL1"
6.69156749143586e-134,0.332353503061485,0.733,0.528,1.26637914775424e-129,"0","ELF1"
4.73303412958559e-133,0.376886450251775,0.535,0.363,8.95726709024073e-129,"0","HERPUD1"
4.85831343066747e-133,0.405017072684511,0.516,0.353,9.19435816753819e-129,"0","EIF4A3"
2.31806341695156e-131,0.681819628318372,0.255,0.147,4.38693501658084e-127,"0","METRNL"
2.91220703831147e-131,0.316056614577505,0.795,0.599,5.51135182000445e-127,"0","LITAF"
2.96057612616416e-131,0.313295852188693,0.726,0.516,5.60289031876567e-127,"0","TSC22D3"
1.19652573468211e-130,0.350038012113792,0.636,0.45,2.26442495288589e-126,"0","TUBB4B"
2.70389420462942e-130,0.402823991091314,0.507,0.344,5.11711978226118e-126,"0","RUNX3"
3.9202380168512e-128,0.380278494540916,0.492,0.328,7.41905044689089e-124,"0","ATP5ME"
4.59953330438494e-127,0.353225945246078,0.625,0.442,8.70461677854849e-123,"0","CLEC2B"
3.68724394416354e-125,0.358899544593371,0.57,0.395,6.97810916432951e-121,"0","ARF4"
1.32636650582786e-124,0.306971270894472,0.819,0.614,2.51014861227922e-120,"0","SRSF2"
3.88757743643427e-124,0.309245333446237,0.8,0.611,7.35724029845186e-120,"0","TAGLN2"
5.78743852688815e-124,0.458810185150931,0.39,0.252,1.09527274121358e-119,"0","INSIG1"
9.47483472951891e-122,0.344362450753747,0.615,0.438,1.79311247256145e-117,"0","HNRNPA0"
1.50459787348821e-121,0.386512740923393,0.452,0.303,2.84745147557643e-117,"0","RNF7"
8.64724785388075e-119,0.383515750420982,0.474,0.323,1.63649165634693e-114,"0","EIF1AX"
1.15986514262604e-117,0.576670301066916,0.259,0.153,2.19504478241978e-113,"0","OSER1"
4.96370169764479e-117,0.419444700661929,0.429,0.29,9.39380546279276e-113,"0","PPP2CA"
6.5261492789334e-117,0.440041499272132,0.379,0.247,1.23507375103815e-112,"0","ETF1"
1.80958304765484e-116,0.490602424344246,0.362,0.236,3.42463591768678e-112,"0","OASL"
5.25918420152266e-116,0.303404684223535,0.819,0.58,9.95300610138163e-112,"0","TNFAIP3"
5.02113151498283e-115,0.375871626949731,0.44,0.292,9.502491392105e-111,"0","NAA50"
2.33561945585287e-114,0.329972159933402,0.59,0.416,4.42015982020155e-110,"0","SEC62"
2.7866717242692e-114,0.521657036373519,0.302,0.189,5.27377623817946e-110,"0","MED4"
4.56968334499867e-114,0.330598215866981,0.563,0.393,8.64812573040999e-110,"0","JPT1"
7.96122066890253e-114,0.49528779813248,0.317,0.2,1.5066610115898e-109,"0","PAF1"
1.02363228275767e-113,0.322049077769485,0.665,0.479,1.93722409511889e-109,"0","CYCS"
2.74315527276183e-113,0.309583930730527,0.684,0.492,5.19142135370175e-109,"0","EMD"
6.35694287701656e-113,0.295215588002032,0.739,0.54,1.20305143947538e-108,"0","SAP18"
7.83304346735033e-113,0.488990887908127,0.31,0.195,1.48240347619605e-108,"0","SLIRP"
6.96105502891547e-110,0.617956382554898,0.277,0.174,1.31737966422225e-105,"0","YBX3"
7.36174419234143e-110,0.330846005169327,0.53,0.371,1.39321008840062e-105,"0","H2AFV"
1.60445095389457e-109,0.507401668036325,0.29,0.179,3.03642343024547e-105,"0","RNF139"
1.42797612366578e-108,0.292967692964345,0.818,0.611,2.70244481403748e-104,"0","DDX24"
1.94984839643712e-108,0.392126599768522,0.44,0.303,3.69008809025726e-104,"0","ODC1"
3.53461946250872e-108,0.343577010771596,0.56,0.4,6.68926733279776e-104,"0","IDI1"
5.73355612418924e-108,0.526660027201883,0.269,0.165,1.08507549650281e-103,"0","GRPEL1"
1.31473910577376e-107,0.38687997685016,0.42,0.284,2.48814375767684e-103,"0","SLC3A2"
1.94542918124614e-107,0.367362253689857,0.458,0.315,3.68172472550832e-103,"0","EIF5A"
3.61396896210296e-107,0.40058364718976,0.412,0.277,6.83943626077984e-103,"0","FABP5"
5.37936726116616e-107,0.290248966740129,0.736,0.535,1.0180452541757e-102,"0","POLR2L"
3.4077000396451e-106,0.383582577166844,0.41,0.275,6.44907232502834e-102,"0","SLBP"
7.77122786158893e-106,0.348578961242616,0.465,0.321,1.47070487280571e-101,"0","MAPK1IP1L"
8.0246990427865e-106,0.304593038012551,0.713,0.501,1.51867429384735e-101,"0","VPS37B"
1.21253638058711e-105,0.322761608598393,0.569,0.407,2.2947251002611e-101,"0","UBE2S"
3.31982304638201e-105,0.332288978399199,0.537,0.37,6.28276511527795e-101,"0","NR4A3"
7.76138488024603e-105,0.321921212932028,0.533,0.37,1.46884208858656e-100,"0","USP36"
3.63161831584935e-103,0.479036859177342,0.297,0.19,6.87283766274489e-99,"0","ABT1"
1.51684928504133e-102,0.297016103963938,0.682,0.488,2.87063727194071e-98,"0","CD8B"
1.76488725554541e-102,0.488947845863571,0.274,0.169,3.34004913111969e-98,"0","P2RY10"
8.3580700291821e-102,0.393976164146671,0.38,0.254,1.58176475302271e-97,"0","LAPTM4A"
9.15060853609474e-102,0.476758211526068,0.296,0.188,1.73175266545593e-97,"0","TXNDC17"
1.44700692038435e-101,0.387390963626396,0.395,0.267,2.73846059682738e-97,"0","POLR2K"
2.86800533433055e-101,0.280298416741853,0.665,0.483,5.42770009522057e-97,"0","ATP6V1G1"
2.22355050006534e-100,0.406527646704932,0.353,0.234,4.20806932137366e-96,"0","EMC7"
3.76845924156827e-100,0.337451339319662,0.487,0.343,7.13180911466794e-96,"0","SRRT"
4.62674850416726e-100,0.305571406563454,0.571,0.408,8.75612154413655e-96,"0","COX7B"
5.07028032298978e-100,0.423033590239107,0.331,0.215,9.59550551125815e-96,"0","NDUFA5"
5.32104795392346e-100,0.365336120094615,0.411,0.279,1.00700832528001e-95,"0","RAP1A"
1.77259781944255e-99,0.291847295310077,0.597,0.425,3.35464137329503e-95,"0","ATP5MD"
3.60971804890348e-97,0.427422772364621,0.328,0.215,6.83139140754984e-93,"0","PITHD1"
8.49546302822325e-97,0.360423009748885,0.395,0.268,1.60776637809125e-92,"0","AKIRIN1"
2.22172049520579e-96,0.266577554950133,0.817,0.616,4.20460603717696e-92,"0","UQCRB"
2.35301690973794e-96,0.286416548244865,0.792,0.574,4.45308450167905e-92,"0","ZNF331"
2.57698878618634e-96,0.273624446345657,0.734,0.539,4.87695127785764e-92,"0","RBM8A"
7.98567733167909e-96,0.401135403467746,0.34,0.224,1.51128943502027e-91,"0","NDUFB1"
8.37788298891714e-96,0.330164739555696,0.435,0.3,1.58551435565257e-91,"0","SUMO1"
1.29053676168435e-95,0.372823050446162,0.372,0.251,2.44234082148764e-91,"0","MRFAP1"
1.43778697219244e-95,0.294555769360935,0.515,0.357,2.7210118448742e-91,"0","CNOT6L"
1.43966904121545e-95,0.417540232889839,0.344,0.228,2.72457366050025e-91,"0","DNAJB9"
2.4389894058768e-94,0.343775354125581,0.457,0.318,4.61578745062184e-90,"0","BCL3"
6.98622392328194e-94,0.385991658420791,0.34,0.225,1.32214287748111e-89,"0","RPP21"
8.92270728318088e-94,0.37418764574633,0.399,0.276,1.68862235334198e-89,"0","HNRNPAB"
2.32023522166529e-93,0.43778961328638,0.286,0.182,4.39104515700156e-89,"0","HNRNPLL"
3.49523151331528e-93,0.317358099513202,0.505,0.355,6.61472563894916e-89,"0","NFE2L2"
8.91672227135332e-93,0.308191989967393,0.497,0.354,1.68748968985362e-88,"0","GHITM"
1.29225430086028e-92,0.430938123801967,0.349,0.236,2.44559126437809e-88,"0","CHMP1B"
1.69422718998559e-92,0.303726690043514,0.586,0.411,3.20632495704773e-88,"0","DUSP5"
4.1584852232153e-92,0.337353722475148,0.452,0.318,7.86993328493495e-88,"0","DDX21"
1.17281176783884e-91,0.462358066956246,0.266,0.166,2.21954627063501e-87,"0","P2RY8"
1.84719215923716e-91,0.397270342942737,0.334,0.221,3.49581116135632e-87,"0","TRAT1"
3.57793298036831e-90,0.405194654614375,0.3,0.195,6.77123816534702e-86,"0","NDUFC1"
2.01486407402537e-89,0.398588087022729,0.345,0.231,3.81313026009302e-85,"0","PIM3"
5.72987844543741e-89,0.406219998563755,0.332,0.223,1.08437949579903e-84,"0","SBDS"
7.39693761405516e-89,0.425068793855959,0.276,0.175,1.39987044345994e-84,"0","BCL11B"
1.05144540033387e-88,0.3998808518563,0.339,0.229,1.98986042013186e-84,"0","WBP11"
1.1282258072529e-88,0.326874744602293,0.428,0.301,2.13516734022611e-84,"0","RSL1D1"
1.25838732461856e-88,0.408785383956013,0.324,0.217,2.38149801184063e-84,"0","NR1H2"
3.39046695036441e-88,0.265003858237873,0.814,0.617,6.41645870356464e-84,"0","SLC25A3"
2.9304526518294e-87,0.347368541813551,0.346,0.231,5.54588164358713e-83,"0","DYNLT1"
1.08208020000101e-86,0.38214955991253,0.344,0.233,2.04783677850192e-82,"0","VDAC1"
1.38272407967781e-86,0.440526289268007,0.266,0.17,2.61680532079025e-82,"0","MCUB"
2.14282910491313e-86,0.276765623980211,0.626,0.459,4.05530408104811e-82,"0","NR3C1"
4.36682379094418e-86,0.364135026892126,0.343,0.228,8.26421402436187e-82,"0","DDX3Y"
7.99704095521009e-86,0.362316006171711,0.331,0.22,1.51344000077351e-81,"0","TBCC"
1.35061510300559e-85,0.394721719971323,0.322,0.215,2.55603908243808e-81,"0","HBP1"
1.70544245742596e-84,0.360170475752777,0.355,0.244,3.22754985067864e-80,"0","NRBP1"
4.07446232046739e-84,0.290167047120848,0.465,0.329,7.71091994148453e-80,"0","GABARAPL2"
6.81774987878512e-84,0.34603234690016,0.382,0.265,1.29025916456008e-79,"0","CEBPZ"
1.25198408489185e-83,0.395823444981697,0.272,0.174,2.36937988065783e-79,"0","EVI2A"
4.44182844434565e-83,0.268915709045941,0.594,0.436,8.40616033092415e-79,"0","MAP1LC3B"
3.94337909507563e-82,0.3374388726827,0.372,0.256,7.46284493743063e-78,"0","COX17"
9.54691094141058e-82,0.260402191799446,0.554,0.399,1.80675289566195e-77,"0","POMP"
9.56769053185612e-80,0.397277921655177,0.263,0.171,1.81068543315377e-75,"0","SURF2"
2.24890542985015e-79,0.259201615773424,0.489,0.347,4.2560535259914e-75,"0","TECR"
6.2051140643404e-79,0.332599481763044,0.376,0.263,1.17431783667642e-74,"0","TMED2"
1.46646619106862e-78,0.397624604769366,0.302,0.203,2.77528726659737e-74,"0","PLIN2"
2.62712634708142e-78,0.293664196786197,0.431,0.307,4.97183661185158e-74,"0","MAT2B"
5.02703929125687e-78,0.395951023536855,0.296,0.199,9.51367185870362e-74,"0","PNPLA8"
1.15860944926043e-77,0.257491435481638,0.559,0.41,2.19266838272536e-73,"0","SNRPB"
1.72380237410646e-77,0.44981940934553,0.253,0.165,3.26229599299648e-73,"0","MORF4L2"
2.64470360168619e-77,0.271602814335931,0.466,0.332,5.00510156619111e-73,"0","ISCU"
4.59910013357126e-77,0.25750873671669,0.553,0.404,8.70379700278362e-73,"0","CDC42SE2"
1.06112927361298e-76,0.299216333825864,0.365,0.241,2.00818715031257e-72,"0","DUSP4"
2.05023962860257e-75,0.268176233755653,0.446,0.321,3.88007849713037e-71,"0","UQCRFS1"
2.08702014297979e-75,0.269761221326853,0.46,0.328,3.94968562058924e-71,"0","ATP5MPL"
2.55339753025148e-75,0.2537373113845,0.598,0.444,4.83230482600092e-71,"0","MT-ND6"
3.85558456283869e-75,0.279347872728718,0.525,0.389,7.29669378517223e-71,"0","TUBA1A"
8.15558726892836e-75,0.283013584844831,0.434,0.312,1.54344489064469e-70,"0","SF3A1"
1.16474389517623e-74,0.259370728096647,0.47,0.336,2.20427782162102e-70,"0","CDKN1B"
1.18249154297397e-74,0.304417543730371,0.404,0.287,2.23786524507823e-70,"0","DCXR"
1.43071292533158e-74,0.414332062607585,0.275,0.184,2.70762421119002e-70,"0","EIF3J"
1.44813177784988e-73,0.251674818016823,0.627,0.464,2.7405893895809e-69,"0","ARF6"
2.17617204865269e-73,0.277133043100473,0.438,0.315,4.11840560207521e-69,"0","RPN1"
8.76329438410554e-73,0.272959323900613,0.446,0.319,1.65845346219197e-68,"0","SOCS1"
9.41768374848643e-73,0.304963501839137,0.409,0.293,1.78229664940106e-68,"0","ORAI1"
5.64846922019871e-72,0.328467006789406,0.335,0.233,1.06897279992261e-67,"0","DNAJA2"
6.52964182646945e-72,0.271253023625678,0.464,0.337,1.23573471565934e-67,"0","ROMO1"
5.08233730537558e-71,0.287774650791819,0.386,0.273,9.61832335042328e-67,"0","PPP1CB"
9.32226101312357e-71,0.27042413348988,0.453,0.331,1.76423789673364e-66,"0","ENSA"
1.72245173039126e-70,0.350902828859884,0.287,0.194,3.25973989976545e-66,"0","CCDC59"
2.29575875208876e-70,0.30225137336594,0.367,0.26,4.34472343832798e-66,"0","ELOC"
2.40940445837324e-70,0.355242765197726,0.308,0.212,4.55979793747136e-66,"0","FBL"
6.254892120569e-70,0.253048327338046,0.454,0.329,1.18373833381768e-65,"0","TOMM20"
7.03080890405691e-70,0.316321646811802,0.337,0.233,1.33058058509277e-65,"0","CD55"
8.02570727553018e-70,0.345083750085432,0.298,0.203,1.51886510189409e-65,"0","GTF3C6"
2.66431704868275e-69,0.272265022567855,0.381,0.263,5.0422200146321e-65,"0","PDCD1"
8.62782261537329e-69,0.295135054658758,0.395,0.281,1.6328154299594e-64,"0","BIRC3"
1.35957789165873e-68,0.359236819322404,0.296,0.204,2.57300115996415e-64,"0","RHEB"
1.83360861201427e-68,0.283807557089976,0.41,0.296,3.470104298237e-64,"0","MOB4"
3.65064487381699e-67,0.289608478661786,0.345,0.242,6.90884542369866e-63,"0","IMP3"
4.78134802736812e-67,0.376391237783471,0.253,0.169,9.04870114179418e-63,"0","RILPL2"
5.50552688911299e-67,0.386184130617301,0.262,0.176,1.04192096376463e-62,"0","STMN1"
5.7744615303461e-67,0.293707877649704,0.35,0.248,1.092816844618e-62,"0","LAMTOR5"
6.01185559249498e-67,0.260223847724483,0.465,0.344,1.13774367087968e-62,"0","HNRNPM"
6.24160044642598e-67,0.274531223187523,0.409,0.296,1.18122288448612e-62,"0","CSNK1D"
3.82148031523763e-66,0.306589657764205,0.363,0.259,7.23215149658721e-62,"0","TIPARP"
7.72930072963468e-66,0.290655599074682,0.384,0.278,1.46277016308336e-61,"0","DNTTIP2"
1.22991332163937e-65,0.265339048724805,0.425,0.31,2.32761096120251e-61,"0","TOP1"
1.49211702603474e-65,0.260071150598564,0.459,0.335,2.82383147177074e-61,"0","PTP4A1"
4.2761230293932e-65,0.37977544976941,0.251,0.169,8.09256283312663e-61,"0","NDEL1"
4.86842333009148e-65,0.251793960061688,0.457,0.336,9.21349115219812e-61,"0","YWHAQ"
4.95643224861835e-65,0.25961641684034,0.407,0.295,9.38004803051022e-61,"0","UBE2N"
6.35942163613517e-65,0.259141970300129,0.455,0.332,1.20352054463858e-60,"0","ARL4C"
8.64894929394335e-65,0.323717323492375,0.306,0.213,1.63681365387878e-60,"0","CMC2"
1.10824321488095e-64,0.325026781642145,0.313,0.22,2.09735028416219e-60,"0","MAPRE1"
1.15877298569199e-64,0.2977692970483,0.333,0.236,2.19297787542208e-60,"0","YWHAE"
4.0616588446212e-64,0.353233956579669,0.266,0.181,7.68668936344562e-60,"0","COX20"
1.50295238440365e-63,0.266267330365163,0.357,0.253,2.84433738748391e-59,"0","TOMM22"
2.73647217319421e-63,0.330755189267599,0.308,0.217,5.17877358777004e-59,"0","KDELR2"
6.36566916607996e-63,0.29206826351634,0.337,0.24,1.20470288968063e-58,"0","CMPK1"
8.99101284745869e-63,0.264076646680147,0.388,0.278,1.70154918138156e-58,"0","IVNS1ABP"
2.96956359941897e-62,0.285169513521933,0.331,0.234,5.6198991119004e-58,"0","MRPL33"
5.56911009330421e-62,0.253885874755669,0.387,0.278,1.05395408515782e-57,"0","EIF1B"
6.45473992100796e-62,0.370611049322807,0.262,0.18,1.22155953005076e-57,"0","CHCHD7"
7.42479585012352e-62,0.293392208568083,0.279,0.188,1.40514261463588e-57,"0","ICOS"
1.6436829615352e-61,0.260550409921821,0.379,0.275,3.11067000470536e-57,"0","RAB7A"
2.98534083577142e-60,0.27402099285957,0.347,0.249,5.64975753169741e-56,"0","SNRPF"
3.84506495522525e-60,0.261259350914506,0.367,0.265,7.27678542776379e-56,"0","BUD31"
4.70823329188126e-60,0.256954878589363,0.349,0.25,8.91033150488528e-56,"0","SNRPD1"
6.26053821434096e-60,0.332724529015293,0.288,0.202,1.18480685706403e-55,"0","SIAH2"
1.04111843055613e-59,0.285062165174027,0.358,0.261,1.97031662982747e-55,"0","NASP"
3.61711324852053e-59,0.316876268534967,0.286,0.201,6.8453868228251e-55,"0","ATP6V0D1"
6.10837050929991e-59,0.268447079060402,0.397,0.291,1.15600911888501e-54,"0","IFRD1"
7.47850271294047e-59,0.292881330722209,0.304,0.215,1.41530663842398e-54,"0","CTR9"
1.17974901775315e-58,0.314457678413514,0.278,0.194,2.23267501609783e-54,"0","ZMAT2"
1.21251833594638e-58,0.321837444594643,0.272,0.189,2.29469095077852e-54,"0","NGDN"
1.42017454781037e-58,0.287773176880505,0.319,0.226,2.68768033173113e-54,"0","IL21R"
1.6339558147372e-58,0.25273793317984,0.396,0.289,3.09226137939015e-54,"0","ANXA5"
3.70668162187579e-58,0.282845621317316,0.304,0.213,7.01489496939994e-54,"0","NDUFB6"
1.04002552219802e-57,0.29560755481212,0.296,0.209,1.96824830075976e-53,"0","YTHDF2"
6.70152982686037e-57,0.303739407617878,0.311,0.223,1.26826451973332e-52,"0","H2AFX"
1.00008584435626e-56,0.284825327801314,0.295,0.208,1.89266246044423e-52,"0","PFDN2"
1.06558574986306e-56,0.267913538002747,0.312,0.22,2.01662103161584e-52,"0","C18orf32"
1.21465696325854e-56,0.305913480768279,0.291,0.205,2.29873830296678e-52,"0","DDX27"
1.23028652242543e-56,0.31913494720944,0.269,0.187,2.32831724369012e-52,"0","MANF"
1.39206871904327e-56,0.252355308592619,0.389,0.284,2.63449005078938e-52,"0","DDX18"
3.273345624831e-56,0.296010366451248,0.283,0.199,6.19480659499267e-52,"0","COQ10B"
3.68380706236159e-56,0.285077741162746,0.289,0.204,6.97160486551932e-52,"0","TM2D3"
3.27112150884394e-55,0.290021061326573,0.303,0.217,6.19059745548716e-51,"0","STAU1"
4.0605270132765e-55,0.27621970494468,0.296,0.21,7.68454737262577e-51,"0","MECP2"
4.67541683774304e-55,0.26176779029052,0.344,0.25,8.84822636542871e-51,"0","CLDND1"
8.15469778792292e-54,0.252886475905387,0.381,0.277,1.54327655636441e-49,"0","IFNGR1"
1.54531679658094e-53,0.252820424643926,0.347,0.251,2.92451203752943e-49,"0","ANXA2"
3.83302335160098e-53,0.2504959806732,0.383,0.284,7.25399669290485e-49,"0","ATP1A1"
5.53732061586807e-52,0.324550383098815,0.252,0.177,1.04793792655303e-47,"0","NOP56"
8.59757583179559e-52,0.274161177036874,0.309,0.223,1.62709122616732e-47,"0","CKS2"
2.34702940075508e-51,0.296108135530914,0.271,0.193,4.44175314092899e-47,"0","RNF138"
2.57561967836402e-51,0.276691963881378,0.349,0.258,4.8743602413039e-47,"0","RELB"
9.83576974146093e-51,0.321262213529292,0.259,0.185,1.86141942357148e-46,"0","RELA"
1.31389690596146e-50,0.25478313435747,0.343,0.253,2.48654989453207e-46,"0","ZFAND5"
1.67806103043196e-50,0.332104510521099,0.257,0.182,3.17573050009247e-46,"0","PNP"
3.84019763597683e-50,0.263600437566277,0.285,0.205,7.26757402608614e-46,"0","PPP6C"
1.28995601488755e-49,0.276034244069663,0.264,0.187,2.44124175817469e-45,"0","ADIPOR1"
3.80702670217595e-49,0.280142769066421,0.25,0.176,7.20479803386799e-45,"0","MRPL47"
2.92329928151738e-48,0.275211585847564,0.271,0.194,5.53234389027164e-44,"0","RTN4"
9.97468301341656e-46,0.286357931695365,0.254,0.182,1.88770876028908e-41,"0","FBXO34"
6.05166828710825e-44,0.287012797809551,0.251,0.181,1.14527822333524e-39,"0","METAP2"
1.73787721898572e-42,0.270293772587578,0.265,0.194,3.28893263693048e-38,"0","ISG20L2"
5.06575158318358e-41,0.263360083952437,0.257,0.188,9.58693487117493e-37,"0","SAR1A"
7.46510920713462e-41,0.291119078043735,0.267,0.198,1.41277191745023e-36,"0","KDM6B"
3.91911613888411e-34,0.265890048907711,0.263,0.2,7.41692729283818e-30,"0","NEU1"
0,1.78848337439979,0.664,0.244,0,"1","GIMAP4"
0,1.53813480051209,0.75,0.332,0,"1","GIMAP7"
0,1.80148832057111,0.612,0.197,0,"1","TXNIP"
0,2.16268832452838,0.465,0.126,0,"1","SIT1"
0,1.67331261283157,0.548,0.212,0,"1","LINC00861"
0,1.31791936010261,0.557,0.224,0,"1","HSPA1B"
0,1.23589876755049,0.605,0.275,0,"1","HSPA1A"
0,1.4268853901801,0.586,0.266,0,"1","CD27"
0,1.78024392840487,0.474,0.166,0,"1","RCSD1"
0,1.51545941963145,0.521,0.218,0,"1","TRAF3IP3"
0,1.83388132505371,0.408,0.138,0,"1","GIMAP1"
0,1.26813713567152,0.523,0.265,0,"1","PPP1R18"
0,1.24908719503315,0.516,0.27,0,"1","TRAC"
0,1.37710132072659,0.438,0.203,0,"1","DENND2D"
0,1.12612063249517,0.504,0.276,0,"1","LCP2"
0,0.778227359639323,0.812,0.589,0,"1","CD52"
0,1.52591150323374,0.37,0.152,0,"1","PYCARD"
0,0.767821727768805,0.759,0.547,0,"1","CD2"
0,0.829057845976969,0.712,0.501,0,"1","GMFG"
0,1.05598706800332,0.497,0.287,0,"1","UBE2L6"
0,1.27070629244636,0.413,0.204,0,"1","SASH3"
0,1.24183730576368,0.421,0.212,0,"1","ARPC5L"
0,0.877724132332772,0.634,0.428,0,"1","PSMB10"
0,0.776628612732477,0.756,0.552,0,"1","TRBC2"
0,0.687781195890393,0.811,0.61,0,"1","CTSW"
0,0.787860391295586,0.701,0.503,0,"1","CD8B"
0,0.735924169232006,0.85,0.655,0,"1","ATP5MC2"
0,0.697408652567489,0.832,0.642,0,"1","PSMB9"
0,0.826339531537151,0.629,0.441,0,"1","GPSM3"
0,0.738260361431969,0.727,0.541,0,"1","EVL"
0,0.737825421216829,0.719,0.536,0,"1","LIMD2"
0,0.697376764585787,0.894,0.713,0,"1","RARRES3"
0,0.68913828664942,0.882,0.702,0,"1","CLIC1"
0,0.731195949074918,0.702,0.526,0,"1","COX6B1"
0,0.736054539673805,0.665,0.491,0,"1","RNASEK"
0,0.671325963763587,0.715,0.544,0,"1","C12orf57"
0,0.631471328477825,0.749,0.595,0,"1","SNRPD2"
0,0.623574790137098,0.764,0.617,0,"1","PSME2"
0,0.574724580230533,0.95,0.809,0,"1","MYL12A"
0,0.553002502711061,0.797,0.657,0,"1","OST4"
0,0.623482005801927,0.962,0.83,0,"1","PTPRCAP"
0,0.524306367159324,0.919,0.79,0,"1","CD3D"
0,0.483044494421576,0.893,0.769,0,"1","S100A4"
0,0.440566756656496,0.898,0.776,0,"1","TMA7"
0,0.541537915339612,0.943,0.824,0,"1","GZMA"
0,0.48824357955138,0.826,0.712,0,"1","ATP5MG"
0,0.494427917861469,0.895,0.786,0,"1","RAC2"
0,0.481555941620896,0.895,0.788,0,"1","PSME1"
0,0.504261067278637,0.976,0.872,0,"1","SH3BGRL3"
0,0.450868933332221,0.955,0.852,0,"1","SERF2"
0,0.405115221660544,0.969,0.867,0,"1","ATP5F1E"
0,0.452484123680813,0.942,0.841,0,"1","HCST"
0,0.465908014159988,0.916,0.822,0,"1","CORO1A"
0,0.384508306007699,0.9,0.809,0,"1","PFDN5"
0,0.338817857032612,0.959,0.881,0,"1","FTL"
0,0.321940780540666,0.95,0.878,0,"1","UBA52"
0,0.335926543204088,0.921,0.85,0,"1","EEF1D"
0,0.314418459111233,0.967,0.897,0,"1","MT-ATP6"
0,0.384532362784514,0.963,0.894,0,"1","RACK1"
0,0.446756893467982,0.964,0.897,0,"1","ACTG1"
0,0.301283296520872,0.945,0.883,0,"1","NACA"
0,0.318192227704949,0.961,0.907,0,"1","IFITM1"
0,0.388558160501784,0.996,0.946,0,"1","TMSB10"
0,0.365916956303872,0.979,0.93,0,"1","CD74"
0,0.336367139788552,0.947,0.902,0,"1","NKG7"
0,0.310890108065336,0.994,0.954,0,"1","FAU"
0,0.372636043121236,0.995,0.956,0,"1","PFN1"
0,0.37311804141177,0.992,0.954,0,"1","CCL5"
0,0.263111506856234,0.984,0.957,0,"1","IL32"
4.57070010280654e-319,1.41367048717556,0.351,0.165,8.65004994456138e-315,"1","PRMT9"
1.07119634057439e-308,0.449217425817641,0.801,0.703,2.02723907453703e-304,"1","ARPC3"
8.05148660202855e-307,0.612813013343124,0.719,0.57,1.5237438394339e-302,"1","UQCR11"
1.57253516286235e-306,1.19802649899369,0.396,0.202,2.976022795717e-302,"1","SIRPG"
1.20133062139037e-302,1.17486239754254,0.41,0.219,2.27351820098128e-298,"1","ZYX"
6.19269272829315e-300,0.527305045142101,0.778,0.645,1.17196709882948e-295,"1","COMMD6"
5.03777610377589e-295,1.31073372977991,0.341,0.16,9.53399127639586e-291,"1","AC116366.3"
1.20259761897315e-293,1.28404585074646,0.362,0.179,2.27591599390669e-289,"1","PTPN6"
1.43006646900342e-288,1.14575322577239,0.42,0.234,2.70640079258897e-284,"1","LIME1"
6.8318918204184e-288,0.362201919527515,0.862,0.789,1.29293552701418e-283,"1","BTF3"
1.79248195545391e-286,0.773239204071369,0.598,0.428,3.39227210069652e-282,"1","HIGD2A"
4.06959921675264e-286,0.762035623141176,0.601,0.424,7.70171651770438e-282,"1","AES"
2.57701138714737e-282,0.250962903182254,0.944,0.902,4.87699405017641e-278,"1","CD3E"
1.13189624272245e-281,0.513818792291253,0.763,0.635,2.14211363935223e-277,"1","PPDPF"
4.78004991770712e-280,1.16062733495151,0.391,0.206,9.04624446926072e-276,"1","POLD4"
7.48912963087342e-278,0.5903591838787,0.704,0.566,1.4173177826428e-273,"1","ELOB"
9.71821953535478e-277,0.455187984851303,0.829,0.708,1.83917304706589e-272,"1","GZMK"
1.80750787174254e-275,0.6197324498004,0.679,0.535,3.42070864727276e-271,"1","GABARAP"
1.10257510987214e-274,0.457936259422393,0.812,0.696,2.08662339543303e-270,"1","S100A6"
9.64240054566681e-268,0.761391238100052,0.587,0.418,1.82482430326744e-263,"1","DRAP1"
2.34911778985889e-261,0.728975804428084,0.592,0.432,4.44570541730794e-257,"1","PSMB8"
1.08260524295168e-259,0.46502680371152,0.755,0.651,2.04883042228605e-255,"1","FYB1"
8.64864981381979e-256,0.40178470458372,0.808,0.727,1.6367569772654e-251,"1","HINT1"
9.88333507106934e-254,1.27423622343537,0.315,0.151,1.87042116219987e-249,"1","POLR2G"
1.43169497537591e-253,0.749193653176873,0.581,0.42,2.7094827408989e-249,"1","ATP5F1D"
2.61296877608263e-247,0.688499818317931,0.618,0.464,4.94504340873639e-243,"1","UQCR10"
2.84164660637332e-247,0.932089708230155,0.473,0.299,5.37781620256151e-243,"1","TBC1D10C"
6.16815599118022e-242,1.03413755795475,0.413,0.24,1.16732352133086e-237,"1","HLA-DQB1"
3.04405349577735e-241,0.640905786852387,0.619,0.477,5.76087124075864e-237,"1","PPP1CA"
3.72250602113811e-240,0.326293644893205,0.855,0.791,7.04484264500387e-236,"1","COX4I1"
1.2127766701525e-237,1.00882039865978,0.427,0.255,2.29517984826361e-233,"1","LAMTOR4"
5.41869904622568e-235,0.495801688509476,0.714,0.605,1.02548879449821e-230,"1","ARPC1B"
3.07174731889204e-234,0.424428212879466,0.792,0.698,5.81328180100319e-230,"1","MIF"
7.42914355240658e-231,1.22103854204632,0.314,0.156,1.40596541729295e-226,"1","MRPS34"
5.6194265991381e-227,0.397839092971688,0.792,0.706,1.06347648388689e-222,"1","COX7C"
7.40585009747285e-225,0.920978714298187,0.443,0.276,1.40155713094674e-220,"1","CSK"
6.17982211282748e-224,0.455044081480372,0.742,0.64,1.1695313348526e-219,"1","EIF3K"
2.77302207898527e-219,0.443615602225647,0.74,0.646,5.24794428447963e-215,"1","HLA-DPB1"
5.50834289396943e-218,0.619920593916154,0.612,0.473,1.04245389268372e-213,"1","GYPC"
8.07768872994347e-212,0.638098975599655,0.604,0.468,1.5287025921418e-207,"1","APRT"
1.23728688459878e-207,0.363965130045463,0.804,0.725,2.3415654291032e-203,"1","MYL12B"
1.24803814205218e-207,1.04862935167488,0.37,0.215,2.36191218383374e-203,"1","RGS10"
1.94166895086797e-207,1.2328715843929,0.286,0.141,3.67460848951763e-203,"1","PLEKHF1"
3.63577710104454e-199,0.544250997408968,0.643,0.524,6.88070816372679e-195,"1","CNN2"
3.63857543513514e-198,0.477266586156248,0.682,0.585,6.88600401099325e-194,"1","LCK"
1.04369038653549e-197,0.922962235475356,0.421,0.266,1.97518405651841e-193,"1","CHURC1"
1.07732951372483e-196,0.437354912823571,0.732,0.641,2.03884610472424e-192,"1","UBL5"
6.84453418229635e-194,0.582001491259735,0.615,0.488,1.29532809399958e-189,"1","LY6E"
6.94872622658654e-194,0.724317939517517,0.525,0.384,1.3150464383815e-189,"1","TRAPPC1"
6.62668833368065e-193,0.890392670384205,0.423,0.268,1.25410076714906e-188,"1","HSPB1"
1.71933540796602e-191,0.304313439811858,0.887,0.817,3.25384225957569e-187,"1","MT-ND4"
2.62964827317037e-190,0.849644721830706,0.449,0.3,4.97660935697493e-186,"1","NDUFB10"
4.39243341391989e-190,1.01793759407178,0.353,0.202,8.3126802358434e-186,"1","CXCR3"
5.04746022211148e-188,0.554610347065979,0.625,0.515,9.55231847034598e-184,"1","SEPT1"
5.58393445745621e-188,1.13779817138616,0.306,0.165,1.05675959607359e-183,"1","PGLS"
4.50949056751975e-187,0.75316826113201,0.489,0.342,8.53421089903112e-183,"1","UCP2"
7.56523557228833e-186,0.688443184206385,0.533,0.393,1.43172083205557e-181,"1","C9orf16"
5.94251463117581e-184,0.839503319311065,0.458,0.318,1.12462089395002e-179,"1","CKLF"
1.32175964507654e-183,1.14591297768047,0.301,0.163,2.50143012830736e-179,"1","C11orf98"
3.80990325357621e-181,0.55970419463033,0.622,0.506,7.21024190739298e-177,"1","KRTCAP2"
3.38576416554384e-180,0.878151680921272,0.417,0.27,6.40755868329171e-176,"1","NOP10"
8.63013832608465e-180,1.01745200817497,0.358,0.216,1.63325367821152e-175,"1","C8orf59"
8.32065405368912e-176,0.58545438088997,0.601,0.473,1.57468377966067e-171,"1","GZMH"
1.4335940153187e-175,0.365421697575442,0.779,0.702,2.71307667399064e-171,"1","IFITM2"
4.49806248352762e-173,0.770430071368358,0.464,0.323,8.51258325007601e-169,"1","PRELID1"
7.03152735565272e-172,0.572081987138957,0.587,0.467,1.33071655205728e-167,"1","MZT2B"
4.79052995269188e-171,0.416317030335326,0.711,0.631,9.06607793546939e-167,"1","HLA-DPA1"
3.77513376777289e-170,1.14870356274401,0.253,0.125,7.1444406555102e-166,"1","BATF"
1.8572773551211e-169,0.870580508460615,0.406,0.263,3.51489739456668e-165,"1","TSPO"
5.50960246524756e-169,0.566349778944906,0.596,0.482,1.0426922665481e-164,"1","GSTK1"
5.22612310832186e-168,0.313362591963441,0.8,0.742,9.89043798249912e-164,"1","SRP14"
2.00399282872971e-167,0.783084513164968,0.448,0.309,3.79255642837098e-163,"1","MZT2A"
2.01536194282967e-167,1.0668804888923,0.306,0.171,3.81407247680515e-163,"1","CORO1B"
4.29580097577205e-167,0.650233496434454,0.536,0.412,8.1298033466486e-163,"1","TMEM258"
7.81315293348547e-165,0.868589578622605,0.373,0.228,1.47863919266213e-160,"1","TAF10"
5.67073164679496e-164,0.829559506583487,0.402,0.258,1.07318596415595e-159,"1","CARD16"
2.96237117956107e-163,0.531143439360918,0.61,0.506,5.60628745731933e-159,"1","COX8A"
5.20344469166334e-162,1.10738759238598,0.271,0.143,9.84751907897287e-158,"1","LSM2"
8.07812260992076e-161,0.387363036616537,0.72,0.647,1.5287847039275e-156,"1","COX6A1"
3.47622265791986e-160,1.16054474999564,0.258,0.135,6.57875138011334e-156,"1","PDLIM2"
4.30479224408987e-160,0.787900204312474,0.441,0.309,8.14681932194008e-156,"1","SELENOH"
6.86994445136874e-160,1.12377486210529,0.284,0.157,1.30013698742153e-155,"1","NDUFB3"
7.46461890148059e-160,0.648596859200904,0.528,0.405,1.4126791271052e-155,"1","WDR83OS"
8.05935842510644e-158,1.1430519171306,0.262,0.138,1.52523358195139e-153,"1","GSTO1"
6.39742448013358e-157,1.13936608387825,0.278,0.153,1.21071258286528e-152,"1","BLOC1S1"
3.54759906663164e-156,0.91728006127225,0.354,0.219,6.71383123360037e-152,"1","PHB2"
1.07296179390346e-155,0.461908714250889,0.654,0.554,2.0305801949623e-151,"1","GSTP1"
2.70336260953429e-154,0.567424498246223,0.587,0.47,5.11611373854364e-150,"1","EMP3"
3.01616275706352e-153,0.812134128202954,0.403,0.267,5.70808801774272e-149,"1","IL16"
2.34486992693144e-151,0.528894318474065,0.578,0.476,4.43766633671775e-147,"1","LDHB"
7.74442775471941e-150,0.553282446675828,0.573,0.458,1.46563295258065e-145,"1","CD48"
8.40734715256047e-149,0.640330987439361,0.515,0.4,1.59109044862207e-144,"1","DAD1"
2.29619238824625e-146,0.566579133884475,0.55,0.437,4.34554409475603e-142,"1","ATP5IF1"
4.69456711397779e-146,0.751528409342113,0.434,0.304,8.88446826320298e-142,"1","BST2"
2.54124955230922e-144,0.427118306692293,0.657,0.579,4.80931477774521e-140,"1","COX6C"
5.63587174210667e-142,0.832963433009413,0.373,0.243,1.06658872719369e-137,"1","TUBB"
6.16613076500673e-141,0.491144005864055,0.595,0.507,1.16694024727752e-136,"1","EIF3F"
3.87515736573598e-140,0.525522925840191,0.573,0.469,7.33373531465534e-136,"1","SLC9A3R1"
1.12102393483659e-138,0.676731133197379,0.459,0.332,2.12153779667825e-134,"1","LAT"
5.6386185781543e-138,0.406595141741959,0.66,0.586,1.0671085659157e-133,"1","SLC25A6"
7.30140216321344e-138,0.51281091269624,0.583,0.487,1.38179035938814e-133,"1","NDUFB11"
2.89306363091268e-135,0.781682753535911,0.388,0.263,5.47512292150225e-131,"1","IDH2"
2.02366943218731e-134,0.97749833732285,0.262,0.143,3.82979440041448e-130,"1","GBP1"
3.47532734933204e-132,0.314579098834424,0.791,0.723,6.57705700861089e-128,"1","TOMM7"
7.32269537946372e-132,0.972045942123101,0.294,0.176,1.38582010056351e-127,"1","RSBN1L"
2.82811791766494e-131,0.738112691771015,0.414,0.294,5.3522131591809e-127,"1","NUCB2"
2.85159657029085e-130,0.97579577022961,0.294,0.177,5.39664650927543e-126,"1","HMOX2"
2.89463316795553e-130,0.855519842833897,0.347,0.226,5.47809327035583e-126,"1","AIP"
3.29918789904371e-129,0.370774876550139,0.678,0.615,6.24371309894022e-125,"1","EDF1"
3.41968871589034e-129,0.362383469563086,0.701,0.638,6.47176089482247e-125,"1","SSR4"
3.36642076499119e-128,0.733410231283133,0.409,0.284,6.37095129774584e-124,"1","IKZF3"
7.54491212332418e-128,0.650753220088362,0.462,0.348,1.4278746193391e-123,"1","COX5A"
7.66247737294591e-128,0.322339289654897,0.771,0.69,1.45012384283001e-123,"1","HLA-DRB1"
9.92350509122557e-127,0.596475794719642,0.499,0.377,1.87802333851444e-122,"1","GBP5"
2.51932185721064e-126,0.449360441864262,0.61,0.533,4.76781661477113e-122,"1","SSR2"
5.64409035867877e-126,0.68934884819659,0.443,0.33,1.06814410037996e-121,"1","NDUFB4"
1.31354723217889e-125,0.679243693612056,0.432,0.307,2.48588813689855e-121,"1","CYTOR"
1.86136652747438e-125,0.713215494444215,0.421,0.3,3.52263615324526e-121,"1","PNISR"
1.03035429567048e-124,0.884154753295303,0.324,0.208,1.94994550455637e-120,"1","TWF2"
1.62339979358631e-124,0.780735205460554,0.379,0.26,3.07228410936209e-120,"1","CASP4"
1.35463455377401e-123,0.879279768483376,0.317,0.199,2.56364589301731e-119,"1","VAMP5"
1.53628688234086e-121,0.297914350683443,0.742,0.697,2.90742292483007e-117,"1","ITGB2"
1.70185417573979e-121,0.871833226802347,0.341,0.227,3.22075902758754e-117,"1","IFI27L2"
2.59089868346586e-121,0.882466926505525,0.318,0.203,4.90327575845913e-117,"1","RBCK1"
3.10865595952945e-121,0.961650016697731,0.276,0.164,5.88313140340949e-117,"1","MIEN1"
2.96479923543799e-120,0.798619737175195,0.358,0.241,5.61088255306639e-116,"1","SAMHD1"
4.31436595607194e-120,0.657377921469549,0.453,0.34,8.16493757186616e-116,"1","SELENOW"
6.84395318843536e-120,0.99054122875255,0.264,0.155,1.29521814091139e-115,"1","ALKBH7"
1.9453041549039e-119,0.811071075818613,0.366,0.251,3.68148811315562e-115,"1","MRPS21"
2.85205975660672e-119,0.464546244674323,0.579,0.488,5.39752308937821e-115,"1","PARK7"
3.76626999872368e-118,0.651097999723556,0.445,0.333,7.12766597258457e-114,"1","ABRACL"
3.05141748569561e-117,0.624097029831687,0.458,0.348,5.77480759167894e-113,"1","APOBEC3G"
2.78929821913172e-116,0.634812471835205,0.454,0.345,5.27874687970679e-112,"1","VAMP8"
3.80984625403809e-116,0.554197663441177,0.51,0.405,7.21013403576709e-112,"1","ACAP1"
7.69151943466714e-116,0.674737390566767,0.419,0.298,1.45562005301076e-111,"1","HLA-DRB5"
3.71127665481365e-115,0.980677980001442,0.274,0.167,7.02359106923483e-111,"1","TMEM256"
1.09919684460728e-114,0.446541709426068,0.588,0.506,2.08023002841927e-110,"1","STK17A"
5.93406466514524e-114,0.960198167485288,0.268,0.161,1.12302173787874e-109,"1","DGCR6L"
1.76052823494891e-113,0.830637628929635,0.338,0.226,3.33179968464081e-109,"1","NDUFA11"
2.37639238497253e-113,0.530094298709004,0.525,0.438,4.49732258856052e-109,"1","ATP5MF"
4.25967944728376e-113,0.756325352141765,0.371,0.256,8.06144335398452e-109,"1","SYNRG"
1.94414650877583e-112,0.887766318596416,0.311,0.202,3.67929726785827e-108,"1","PLEK"
2.87509669755368e-112,0.423108556823453,0.612,0.534,5.44112050012034e-108,"1","COX5B"
3.09815410120697e-112,0.924059361213747,0.286,0.178,5.86325663653419e-108,"1","NAA38"
5.38845731296016e-112,0.852016371337186,0.32,0.21,1.01976554647771e-107,"1","SAMD3"
1.59472622902306e-111,0.826381651629944,0.34,0.232,3.01801938842613e-107,"1","NDUFB7"
2.80527587918055e-111,0.548884734545426,0.523,0.431,5.3089846013492e-107,"1","NDUFA3"
8.29304372217027e-111,0.849463677364022,0.304,0.193,1.56945852442072e-106,"1","CCDC107"
1.22585808258401e-109,0.468153160265512,0.56,0.47,2.31993642129023e-105,"1","EIF3G"
1.41746143646656e-109,0.597626824100652,0.474,0.372,2.68254576851297e-105,"1","CUTA"
1.00867009448561e-108,0.773627820788559,0.352,0.242,1.90890815381401e-104,"1","FIS1"
1.27912016608543e-108,0.61958797238713,0.444,0.335,2.42073491431667e-104,"1","YPEL3"
1.75265913702026e-108,0.723659083607506,0.38,0.272,3.31690741681084e-104,"1","DYNLRB1"
1.76408253797789e-108,0.355317964918795,0.643,0.589,3.33852620312316e-104,"1","CAPZB"
1.76650280810341e-108,0.866092534379616,0.296,0.188,3.3431065643357e-104,"1","ZNRD1"
2.41270837843276e-108,0.591048350841229,0.466,0.35,4.56605060618401e-104,"1","S100A11"
1.95166576529467e-107,0.5200619397101,0.513,0.423,3.69352746082016e-103,"1","ATP5MC3"
3.30303557029932e-107,0.598175687314696,0.469,0.37,6.25099481679146e-103,"1","C19orf53"
3.37539945534452e-106,0.391724062072948,0.625,0.547,6.3879434692395e-102,"1","RNF213"
4.79550304464526e-105,0.612188244748044,0.448,0.348,9.07548951199116e-101,"1","ATP5PF"
7.52436294709428e-104,0.755219791493326,0.345,0.237,1.42398568773759e-99,"1","TNFRSF14"
1.9466015923433e-103,0.891132598723824,0.285,0.182,3.68394351350969e-99,"1","ZNHIT1"
3.22443609614213e-103,0.775301653996804,0.335,0.226,6.10224531194897e-99,"1","GPR174"
2.13112345724874e-102,0.395088761211665,0.62,0.541,4.03315114284324e-98,"1","CD3G"
4.05590983204311e-102,0.82242713115348,0.311,0.206,7.67580935714158e-98,"1","SSNA1"
1.97818050953719e-99,0.742189281875857,0.316,0.207,3.74370661429914e-95,"1","SLFN5"
2.5025484903009e-99,0.717003917430846,0.379,0.279,4.73607301789446e-95,"1","COPS9"
7.2413462809438e-99,0.565219889125478,0.472,0.379,1.37042478366861e-94,"1","GNG5"
6.54315431794631e-98,0.615734493756307,0.432,0.335,1.23829195467134e-93,"1","NEDD8"
7.88307254102019e-98,0.491832836903216,0.531,0.452,1.49187147838807e-93,"1","ATP5MD"
1.00895834957013e-97,0.536031683054304,0.488,0.397,1.90945367656148e-93,"1","PAXX"
8.8230802233215e-97,0.716669205201437,0.36,0.256,1.66976793226359e-92,"1","RNF167"
9.46537163511478e-97,0.370740975032833,0.626,0.564,1.79132158194547e-92,"1","NDUFA4"
1.51445714193242e-90,0.284613213426167,0.698,0.66,2.86611014110711e-86,"1","CD37"
9.47187823916875e-90,0.715993943994083,0.345,0.246,1.79255295676269e-85,"1","PYHIN1"
1.55746658278461e-88,0.615703510256136,0.417,0.329,2.94750550791988e-84,"1","LSM7"
3.04541453617565e-88,0.407247246616371,0.574,0.5,5.76344700971242e-84,"1","CTSC"
1.04268431881028e-87,0.403994405307661,0.575,0.516,1.97328007334845e-83,"1","NDUFA1"
2.29517214807068e-87,0.283395518592664,0.705,0.652,4.34361329022377e-83,"1","UQCRB"
6.34321221293708e-87,0.532026088897323,0.467,0.381,1.20045291129834e-82,"1","ANAPC16"
8.30112531384299e-86,0.798210916822103,0.277,0.182,1.57098796564479e-81,"1","HSPB11"
1.46125087588053e-84,0.625475317974838,0.369,0.269,2.7654172826039e-80,"1","BTN3A2"
4.65454262012636e-84,0.315628434770596,0.667,0.614,8.80872190858914e-80,"1","FXYD5"
1.0463306423906e-83,0.288166575452363,0.678,0.642,1.98018074072422e-79,"1","SON"
3.89958636036288e-83,0.759347325568884,0.296,0.202,7.37996718698676e-79,"1","COX7A2L"
7.33459937066128e-83,0.582563015529535,0.412,0.321,1.38807293089765e-78,"1","RBX1"
2.14771630689508e-79,0.793113105956251,0.264,0.175,4.06455311079895e-75,"1","PECAM1"
2.75602195295192e-79,0.768975552869881,0.292,0.202,5.2157715459615e-75,"1","MRPL51"
4.42563336205178e-79,0.69927283273729,0.326,0.236,8.375511137683e-75,"1","RNF181"
5.18116144211123e-79,0.545310889766784,0.429,0.344,9.8053480291955e-75,"1","NME2"
2.94644096674366e-78,0.801916077593257,0.26,0.171,5.57613952956237e-74,"1","TSC22D4"
1.87668140890606e-77,0.549528506483732,0.431,0.349,3.55161956635472e-73,"1","VPS28"
1.47374496298395e-76,0.810855938295822,0.258,0.171,2.78906234244712e-72,"1","SLAMF7"
1.46100822814939e-74,0.699233081353251,0.306,0.218,2.76495807177271e-70,"1","CMTM3"
7.90876150447812e-74,0.693910003736361,0.299,0.208,1.49673311472248e-69,"1","EOMES"
7.92843342685212e-74,0.453003111644519,0.475,0.381,1.50045602603176e-69,"1","HLA-DRA"
1.42223718518857e-73,0.546421741774679,0.41,0.325,2.69158387296937e-69,"1","CCDC85B"
4.16718847732311e-73,0.556984673962399,0.391,0.303,7.88640419333399e-69,"1","CCND3"
7.06701628441704e-72,0.639603336344817,0.347,0.263,1.33743283182593e-67,"1","SF3B5"
1.40457235884396e-71,0.794450675961358,0.252,0.169,2.65815318911219e-67,"1","COPZ1"
1.70318774873067e-71,0.760659992650102,0.267,0.183,3.2232828144728e-67,"1","AP2S1"
6.92759484567091e-71,0.605325101790207,0.364,0.281,1.31104732454322e-66,"1","ATP5PD"
4.01971583378543e-69,0.60193889872159,0.37,0.288,7.60731221543892e-65,"1","MRPL41"
1.2226043449482e-68,0.599749207956744,0.34,0.25,2.31377872281446e-64,"1","H1FX"
2.60074883185516e-68,0.535287879156593,0.408,0.331,4.92191716428588e-64,"1","NDUFB9"
7.17079958139113e-68,0.310200688695658,0.614,0.576,1.35707382077827e-63,"1","COX7A2"
1.27451115201474e-67,0.617446268435228,0.336,0.251,2.41201235518789e-63,"1","PRDX2"
2.07876499512887e-67,0.740636721243392,0.273,0.191,3.93406275328139e-63,"1","MRPL52"
2.4366858288395e-67,0.46717218888474,0.453,0.382,4.61142793107875e-63,"1","BRK1"
2.77618524136024e-64,0.482947936595371,0.431,0.358,5.25393056927425e-60,"1","ARL6IP4"
3.14683282189871e-64,0.566577021827203,0.366,0.286,5.9553811154433e-60,"1","NDUFS7"
6.03095222508697e-63,0.604808162341589,0.337,0.258,1.14135770859771e-58,"1","C12orf75"
2.41292008434446e-62,0.682583097194085,0.293,0.214,4.56645125962189e-58,"1","C19orf70"
4.16101667535689e-62,0.63417561586015,0.316,0.236,7.87472405811292e-58,"1","NDUFS8"
4.3506666100087e-62,0.7423194909806,0.251,0.173,8.23363655944147e-58,"1","PIN1"
2.91583908996723e-60,0.758307130596563,0.25,0.175,5.51822547776299e-56,"1","BIN1"
4.76366154611912e-60,0.402475080732343,0.491,0.43,9.01522947603044e-56,"1","SKAP1"
1.2434421849198e-58,0.414817724470985,0.48,0.419,2.35321433496073e-54,"1","RABAC1"
1.94639512338173e-58,0.565931701654875,0.323,0.24,3.68355277099993e-54,"1","CD81"
3.41047359449213e-58,0.55370579295071,0.354,0.278,6.45432127757635e-54,"1","MDH2"
3.63095923615809e-58,0.614855365642099,0.313,0.236,6.87159035442919e-54,"1","FKBP11"
9.73613747259705e-58,0.636073013195728,0.302,0.226,1.84256401668899e-53,"1","TALDO1"
2.68182095023528e-57,0.482977291963544,0.404,0.329,5.07534614832026e-53,"1","KIAA1551"
9.01393849705975e-57,0.588844392869626,0.336,0.263,1.70588786056856e-52,"1","NDUFA2"
4.80777618045229e-56,0.509784242885166,0.387,0.32,9.09871642150596e-52,"1","PSMA5"
5.37893251383614e-56,0.635351339220619,0.291,0.216,1.01796297824349e-51,"1","LUC7L3"
5.51426284277825e-56,0.557628937311265,0.352,0.281,1.04357424299578e-51,"1","ATP6V1F"
2.03705944208948e-55,0.706288237522927,0.265,0.193,3.85513499415433e-51,"1","POLR2J"
2.38453660372209e-55,0.672360609544606,0.268,0.194,4.51273552254406e-51,"1","NAA10"
2.39969672504424e-55,0.455011906312323,0.436,0.375,4.54142605214622e-51,"1","CCT4"
3.27468292680544e-54,0.391307117822596,0.466,0.408,6.1973374389793e-50,"1","UBXN1"
1.27240242453595e-53,0.404010286408785,0.452,0.378,2.40802158843429e-49,"1","STAT1"
2.09834471736973e-53,0.688910633409367,0.255,0.183,3.97111737762222e-49,"1","FAAP20"
2.51843900126963e-53,0.65365789062289,0.269,0.196,4.76614580990278e-49,"1","DEF6"
4.36200515169343e-53,0.610517094434208,0.315,0.245,8.25509474957982e-49,"1","DDT"
3.62597508031555e-52,0.460195826072974,0.409,0.346,6.86215783949717e-48,"1","CSNK2B"
6.20584647652886e-52,0.489389276414967,0.399,0.336,1.17445644568309e-47,"1","KRT10"
1.3459796475897e-51,0.60978290578766,0.299,0.228,2.54726648306351e-47,"1","BANF1"
2.14099331154719e-51,0.418891056037501,0.439,0.384,4.05182984210305e-47,"1","PSMB3"
7.02966068274449e-51,0.594770395555501,0.286,0.214,1.3303632842094e-46,"1","SP110"
1.75081802433013e-49,0.565529593042481,0.323,0.255,3.31342311104477e-45,"1","HLA-DMA"
2.75281017214827e-49,0.530281530562193,0.335,0.265,5.2096932507906e-45,"1","RHOF"
6.50516347765836e-49,0.670718413363226,0.26,0.193,1.23110218814684e-44,"1","LAMTOR1"
1.61544051564247e-48,0.550576177750508,0.321,0.253,3.05722117585337e-44,"1","MAP2K2"
7.67037427618059e-48,0.378747220435576,0.466,0.412,1.45161833176718e-43,"1","C4orf3"
3.08526819430688e-47,0.417908056102739,0.423,0.364,5.83887005772577e-43,"1","WAS"
3.5596558946211e-47,0.350523399962937,0.496,0.453,6.73664878057043e-43,"1","SPCS1"
5.48738163869862e-47,0.350941610137065,0.494,0.45,1.03848697512371e-42,"1","NDUFB2"
7.33760297179982e-47,0.397266145551396,0.45,0.397,1.38864136241312e-42,"1","ERP29"
1.66983435231446e-46,0.552433155961522,0.317,0.251,3.16016151175511e-42,"1","MINOS1"
1.67527352519672e-46,0.561607354934238,0.302,0.235,3.17045514643479e-42,"1","CFLAR"
2.94180785404326e-46,0.321822632999609,0.518,0.48,5.56737136377687e-42,"1","UQCRH"
3.82830781348761e-46,0.464824139750716,0.381,0.319,7.2450725370253e-42,"1","SHISA5"
5.53232264408792e-46,0.516273415711346,0.344,0.279,1.04699206039364e-41,"1","IKZF1"
7.1767130922474e-46,0.446439072585413,0.4,0.341,1.35819295270782e-41,"1","GNB2"
9.77729936756904e-45,0.506724730332908,0.34,0.275,1.85035390531244e-40,"1","LTB"
1.27287307076282e-44,0.326613503911827,0.501,0.461,2.40891228641864e-40,"1","PRR13"
8.06643495503012e-44,0.444082883081085,0.397,0.34,1.52657281523945e-39,"1","TBCA"
2.58671877061223e-43,0.619499780035623,0.264,0.2,4.89536527338364e-39,"1","TMEM160"
2.95535396555637e-43,0.60619107176148,0.262,0.198,5.59300737981544e-39,"1","TMEM219"
6.67118486086493e-43,0.288769202655058,0.543,0.506,1.26252173491869e-38,"1","ARL6IP5"
4.45475153965433e-41,0.598416411791819,0.272,0.211,8.43061728879583e-37,"1","FERMT3"
5.59746534049928e-41,0.471014733695801,0.364,0.308,1.05932031568949e-36,"1","REX1BD"
9.71884198071134e-41,0.364707403676687,0.452,0.408,1.83929084484962e-36,"1","COPE"
1.35620122862388e-40,0.543173039054528,0.312,0.252,2.5666108251707e-36,"1","TSTD1"
2.23365409658635e-40,0.430099107495344,0.391,0.34,4.22719037778966e-36,"1","ATP5PB"
2.87270162941427e-40,0.268443292073578,0.552,0.528,5.4365878336665e-36,"1","SEC61B"
3.83923204447213e-40,0.495984493565649,0.339,0.284,7.2657466441635e-36,"1","RAB1B"
4.79371818696851e-40,0.564672080648584,0.27,0.208,9.0721116688379e-36,"1","SSBP4"
1.13126219972826e-39,0.534969740961435,0.312,0.255,2.14091371298573e-35,"1","NDUFA12"
3.02829702982799e-39,0.379594671647133,0.429,0.386,5.73105212894948e-35,"1","SEM1"
6.41866387345112e-39,0.567040748658803,0.277,0.218,1.21473213805062e-34,"1","GRK6"
1.57953581860479e-38,0.313504378098706,0.487,0.449,2.98927153670956e-34,"1","SEPT6"
2.70581591860286e-38,0.482491064793559,0.341,0.286,5.12075662595591e-34,"1","ECH1"
5.19888556119614e-38,0.290142205594872,0.513,0.481,9.83889092456369e-34,"1","IL2RG"
1.20447864205112e-37,0.422333912268882,0.397,0.35,2.27947583008174e-33,"1","ATP5MPL"
5.75156637946837e-37,0.544544726504508,0.285,0.227,1.08848393731439e-32,"1","OCIAD2"
1.06416876278801e-36,0.550136891778615,0.284,0.228,2.01393938357631e-32,"1","POLR2E"
1.13202371644098e-36,0.376403755895484,0.416,0.37,2.14235488336455e-32,"1","FKBP8"
3.97801268268551e-36,0.520147720114625,0.264,0.205,7.52838900198233e-32,"1","ARHGAP30"
1.1797333271403e-35,0.471278445196889,0.329,0.276,2.23264532161302e-31,"1","RASAL3"
1.35132943742027e-35,0.530927079742769,0.262,0.203,2.55739096031787e-31,"1","THEMIS"
1.82926889471297e-35,0.434800082574086,0.356,0.305,3.4618913832443e-31,"1","ATP5F1C"
2.37595755697493e-35,0.275215707444562,0.516,0.484,4.49649967657505e-31,"1","DBI"
2.00321040962864e-34,0.474020279517651,0.324,0.273,3.7910757002222e-30,"1","ANAPC11"
2.96593809431882e-34,0.36249560405549,0.414,0.372,5.61303784349837e-30,"1","ARF5"
3.05858394645819e-34,0.544173115394782,0.273,0.219,5.78837011867213e-30,"1","COX14"
1.01911994787623e-33,0.422104798370124,0.365,0.316,1.92868450135576e-29,"1","ITGAL"
1.199874686029e-33,0.442322841242039,0.35,0.301,2.27076284330987e-29,"1","TBCB"
1.54500667706092e-33,0.394776525078698,0.385,0.338,2.92392513633779e-29,"1","N4BP2L2"
5.83644385207657e-33,0.535521099401121,0.278,0.226,1.10454699900549e-28,"1","METTL26"
1.74275901899191e-32,0.388029076689572,0.368,0.319,3.29817144344219e-28,"1","ABI3"
2.34821483517697e-30,0.306090126813406,0.414,0.363,4.44399657557242e-26,"1","ISG15"
2.5657321980124e-30,0.443794591515105,0.311,0.261,4.85564818473846e-26,"1","MRPL54"
3.09953707841582e-30,0.46717777062852,0.307,0.258,5.86587392090193e-26,"1","POLR1D"
1.29545073621053e-29,0.412933337895741,0.343,0.294,2.45164051827842e-25,"1","SMDT1"
1.41517044653484e-29,0.500916321908426,0.273,0.223,2.67821007006719e-25,"1","DCTN3"
2.63715629127668e-29,0.46124274665785,0.306,0.258,4.99081828124112e-25,"1","SRI"
9.49441968029812e-29,0.439770063138513,0.315,0.269,1.79681892449642e-24,"1","NDUFS6"
1.72271438064238e-28,0.512509976715756,0.267,0.218,3.26023696536571e-24,"1","TMEM14B"
4.50067902496485e-28,0.508201861925121,0.264,0.217,8.51753505474598e-24,"1","SF3A2"
6.33379875157689e-28,0.345555638246452,0.406,0.374,1.19867141373593e-23,"1","PSMD8"
2.59869864756141e-27,0.296797266272354,0.444,0.408,4.91803719050997e-23,"1","ZFAS1"
1.3544166272423e-26,0.419725332522066,0.343,0.302,2.56323346705604e-22,"1","AAK1"
7.08806268639276e-26,0.537907834557712,0.259,0.218,1.34141586339983e-21,"1","RHOC"
1.19891559106529e-25,0.442574934111367,0.287,0.241,2.26894775609106e-21,"1","PSTPIP1"
1.72466604847647e-25,0.292445772032242,0.411,0.373,3.26393049674172e-21,"1","GNAI2"
1.92082318886422e-25,0.458292391034151,0.294,0.251,3.63515788492553e-21,"1","GTF3A"
5.51578263215806e-25,0.319370872932195,0.406,0.374,1.04386186313591e-20,"1","ZAP70"
6.95962647977809e-25,0.360898436695636,0.39,0.359,1.317109311298e-20,"1","ATP5ME"
8.40234804134965e-25,0.274667168988914,0.442,0.415,1.59014436682542e-20,"1","EIF3H"
9.05471501227027e-25,0.365042658873872,0.361,0.326,1.71360481607215e-20,"1","RTRAF"
5.84589339994082e-24,0.338625857950782,0.396,0.367,1.1063353259388e-19,"1","UQCRQ"
8.05761833981229e-24,0.263329135475686,0.465,0.441,1.52490427080948e-19,"1","CIB1"
1.54549078496196e-23,0.428794337765144,0.292,0.25,2.92484131054051e-19,"1","SEC11A"
4.22519904940425e-23,0.364594476001956,0.344,0.308,7.99618920099755e-19,"1","EIF3M"
1.77825967763072e-22,0.476617241949418,0.255,0.213,3.36535643991613e-18,"1","SMIM26"
2.87927207334992e-22,0.466394611320377,0.257,0.216,5.44902239881473e-18,"1","ZBTB38"
4.57717496475176e-22,0.412983832240156,0.293,0.254,8.6623036207927e-18,"1","MDH1"
1.27073355013219e-21,0.422483683108842,0.299,0.261,2.40486324362517e-17,"1","MRPL57"
2.0095451825906e-21,0.362890714451955,0.33,0.292,3.80306425805271e-17,"1","BIN2"
7.81067985561482e-21,0.343434559816615,0.341,0.306,1.4781711626751e-16,"1","UFC1"
1.46062086473833e-20,0.414785651748193,0.251,0.209,2.76422498651728e-16,"1","PARP1"
1.83378452683695e-19,0.277565451225565,0.414,0.392,3.47043721703892e-15,"1","SEPT9"
6.76469865637999e-19,0.393701132810511,0.296,0.262,1.28021922071991e-14,"1","NDUFAF3"
1.72135007218427e-18,0.339949456827479,0.351,0.323,3.25765501160873e-14,"1","SNHG8"
3.07591758222356e-18,0.291533675317738,0.404,0.387,5.82117402435809e-14,"1","NDUFA13"
3.50086172141328e-18,0.30068683295995,0.369,0.342,6.62538080777463e-14,"1","FCMR"
6.52481842501646e-18,0.255714794372815,0.414,0.39,1.23482188693437e-13,"1","CDK2AP2"
9.62549523560305e-18,0.344264240725501,0.329,0.3,1.82162497333788e-13,"1","SSBP1"
1.1217984817136e-17,0.355709627463452,0.317,0.287,2.12300362664299e-13,"1","DPP7"
2.64164505482776e-17,0.334395868752489,0.315,0.283,4.99931326626153e-13,"1","DOK2"
4.70332821114246e-17,0.287880288846306,0.27,0.226,8.90104863958711e-13,"1","IFNG"
2.0847774494363e-16,0.363286549058291,0.305,0.276,3.94544132305819e-12,"1","LSM8"
2.26221384147697e-15,0.389487413567439,0.255,0.222,4.28123969499517e-11,"1","TGOLN2"
3.60893360220195e-15,0.308705915197387,0.337,0.313,6.82990684216719e-11,"1","PSMA6"
8.46241260786483e-15,0.299120121914787,0.268,0.232,1.60151158603842e-10,"1","GBP2"
9.96525622573006e-15,0.353303473112329,0.252,0.219,1.88592474071941e-10,"1","ANP32A"
1.61641826076969e-14,0.279646875913995,0.362,0.337,3.05907155850664e-10,"1","BAX"
1.89804623730483e-14,0.350995638307236,0.268,0.237,3.59205250409939e-10,"1","PDCD6"
2.50324760275257e-14,0.362878809858872,0.275,0.247,4.73739608820923e-10,"1","RAB11B"
4.5128944887603e-14,0.357456987447805,0.266,0.236,8.54065281997887e-10,"1","TMEM179B"
5.06657636280452e-14,0.358471226902538,0.271,0.242,9.58849576660755e-10,"1","KRAS"
7.84092593975582e-14,0.31908117863658,0.362,0.342,1.48389523409879e-09,"1","CMC1"
8.84650492052777e-14,0.358052243271781,0.295,0.271,1.67420105620988e-09,"1","STUB1"
1.20690003502698e-13,0.353423283348067,0.276,0.249,2.28405831628855e-09,"1","HMGN3"
1.83773464222003e-13,0.353611206346837,0.277,0.249,3.4779128104014e-09,"1","CNPY3"
3.66702077340863e-13,0.291220352428132,0.336,0.316,6.93983681367584e-09,"1","SIGIRR"
7.02318256932275e-13,0.3413287977979,0.254,0.224,1.32913730124433e-08,"1","AC004687.1"
2.98272598762606e-12,0.291570122926371,0.323,0.303,5.64480893158231e-08,"1","OTUB1"
3.24613117488996e-12,0.297665028614611,0.307,0.283,6.14330324847925e-08,"1","CHST12"
6.73192627120982e-12,0.374733216544152,0.268,0.246,1.27401704682646e-07,"1","NDUFB1"
1.03589108055722e-11,0.393573729925168,0.252,0.229,1.96042386995454e-07,"1","INPP4B"
4.77314279570274e-11,0.251363028288225,0.36,0.349,9.03317274086743e-07,"1","CD63"
1.05716621208376e-10,0.33400909726516,0.261,0.239,2.00068705636852e-06,"1","HAX1"
1.88604284506527e-10,0.268478951358669,0.32,0.303,3.56933608428602e-06,"1","MATK"
1.13950965118618e-08,0.293745852485182,0.286,0.272,0.000215652201486984,"1","PSMB2"
5.67798601197099e-08,0.295768467319072,0.25,0.232,0.00107455885276551,"1","RSF1"
8.39433844958099e-08,0.305222518718506,0.254,0.238,0.0015886285515832,"1","DUT"
1.26566981870785e-07,0.276947858857948,0.273,0.258,0.0023952801319046,"1","PSMC5"
5.15479581943014e-07,0.285295307604996,0.257,0.242,0.00975545108827155,"1","RER1"
7.87992077364388e-07,0.258041612463202,0.257,0.241,0.014912750064121,"1","KPNB1"
8.22385408065578e-07,0.305963357252599,0.264,0.255,0.0155636438476411,"1","MGST3"
6.18438486588803e-06,0.265345754506897,0.258,0.246,0.117039483586931,"1","GADD45GIP1"
0,0.6983119644613,0.909,0.735,0,"2","CXCR4"
0,0.764415605060436,0.877,0.711,0,"2","CREM"
0,0.579969951004892,0.943,0.843,0,"2","DUSP2"
0,0.255572026617886,0.818,0.912,0,"2","MYL6"
0,0.284069530614649,0.818,0.909,0,"2","PPIA"
0,0.26717064503305,0.814,0.903,0,"2","NACA"
0,0.279481718615367,0.83,0.915,0,"2","RACK1"
0,0.265039733651053,0.815,0.897,0,"2","SH3BGRL3"
0,0.620440827552175,0.811,0.731,0,"2","CD8A"
0,0.351168177601302,0.834,0.907,0,"2","HSP90AA1"
0,0.305818148094742,0.87,0.939,0,"2","PTPRC"
0,0.293609020470159,0.857,0.923,0,"2","IFITM1"
0,0.272864021229784,0.889,0.944,0,"2","CD74"
0,0.395752595682477,0.871,0.921,0,"2","MT-ATP8"
0,0.350598887314217,0.9,0.95,0,"2","FTH1"
0,0.347284994713558,0.885,0.933,0,"2","CALM1"
0,0.553341237966542,0.974,0.926,0,"2","BTG1"
0,0.255130060739382,0.929,0.977,0,"2","MT-ND4L"
0,0.336711029865005,0.882,0.927,0,"2","CST7"
0,0.531720149016738,0.891,0.851,0,"2","ZFP36L2"
0,0.367119219027514,0.889,0.929,0,"2","ARHGDIB"
0,0.296665168589212,0.876,0.913,0,"2","NKG7"
0,0.565635017890243,0.926,0.896,0,"2","SARAF"
0,0.415823526444667,0.968,0.938,0,"2","SRGN"
0,0.273481361012008,0.942,0.962,0,"2","FAU"
0,0.426045482882801,0.833,0.815,0,"2","ZFP36"
0,0.273248727623206,0.977,0.994,0,"2","MT-CO2"
0,0.371795248237452,0.935,0.952,0,"2","HSPA8"
0,0.326351847928346,0.949,0.964,0,"2","PFN1"
0,0.307578735274951,0.951,0.963,0,"2","IL32"
0,0.30991416016246,0.965,0.973,0,"2","TPT1"
0,0.300056917033444,0.973,0.981,0,"2","EIF1"
0,0.329875204752888,0.989,0.994,0,"2","HLA-C"
0,0.354359888266594,0.964,0.959,0,"2","CCL5"
0,0.307322719858329,0.991,0.995,0,"2","HLA-B"
0,0.363440462291419,0.992,0.988,0,"2","TMSB4X"
0,0.255274372552512,0.995,0.998,0,"2","MT-CO1"
0,0.384019198906812,0.983,0.981,0,"2","PTMA"
0,0.306011655305159,0.998,0.996,0,"2","EEF1A1"
0,0.347142974391302,0.969,0.971,0,"2","H3F3B"
0,0.321377740353451,0.996,0.995,0,"2","ACTB"
0,0.434828388629544,0.785,0.785,0,"2","NR4A2"
0,0.374442467091189,0.996,0.996,0,"2","HLA-A"
0,0.315238290132023,0.999,0.999,0,"2","MALAT1"
0,0.339648186327777,1,1,0,"2","B2M"
2.14449512933424e-308,0.623467130160356,0.637,0.645,4.05845703226505e-304,"2","LEPROTL1"
5.22000045239156e-270,0.330561378512443,0.741,0.829,9.87885085615103e-266,"2","HSP90AB1"
6.8441890356527e-270,0.270625580309583,0.727,0.836,1.29526277499727e-265,"2","YWHAZ"
4.4944404300463e-256,0.525602036649033,0.644,0.663,8.50572851386262e-252,"2","EZR"
1.88127691042426e-241,0.742465788681916,0.56,0.533,3.56031655297791e-237,"2","TENT5C"
1.00089909824021e-234,0.304707501933323,0.698,0.805,1.8942015434196e-230,"2","SRSF7"
3.65742531256744e-211,0.501799670279346,0.624,0.634,6.92167740403388e-207,"2","TNFAIP3"
4.11364044700826e-209,0.334039366568558,0.664,0.787,7.78506454596314e-205,"2","YWHAB"
1.57564691852964e-204,0.29215041567609,0.694,0.812,2.98191179331734e-200,"2","PNRC1"
3.54628296750534e-194,0.407807247151754,0.625,0.715,6.71134051600386e-190,"2","FYN"
1.48891958082409e-186,0.660755453969484,0.555,0.536,2.81778030670959e-182,"2","RGS1"
6.69969651229715e-162,0.510002783382741,0.569,0.609,1.26791756495224e-157,"2","COTL1"
6.86804580840079e-153,0.404611584323583,0.614,0.666,1.29977766923985e-148,"2","YPEL5"
2.38608091264763e-150,0.413022018538602,0.599,0.67,4.51565812718564e-146,"2","SELENOK"
4.32951665464926e-142,0.390731758833108,0.592,0.677,8.19361026892373e-138,"2","SFPQ"
1.22806570083723e-135,0.30026019006604,0.637,0.753,2.32411433883446e-131,"2","RARRES3"
5.66332149561254e-134,0.32733586836797,0.662,0.722,1.07178359304467e-129,"2","DNAJB1"
5.30758821872637e-126,0.447712021066945,0.559,0.605,1.00446107039397e-121,"2","PIK3R1"
1.98989427597312e-116,0.313929423623108,0.596,0.73,3.76587491727912e-112,"2","CALR"
2.51235025911645e-101,0.343075220669295,0.601,0.674,4.75462286537787e-97,"2","TUBA4A"
1.47411621958688e-100,0.28923353419561,0.589,0.723,2.78976494556817e-96,"2","LCP1"
2.21406427703847e-97,0.487643538618804,0.516,0.579,4.19011664429531e-93,"2","SH2D2A"
2.77706474150277e-95,0.365664865126472,0.563,0.63,5.25559502329398e-91,"2","ZNF331"
1.01574165926161e-92,0.350521993780268,0.585,0.672,1.92229109015259e-88,"2","DNAJA1"
5.08652030774252e-73,0.792957301755371,0.385,0.373,9.62623968240271e-69,"2","SRRT"
2.18912154152823e-70,0.253765173885197,0.561,0.71,4.14291251734217e-66,"2","NCL"
2.67487428795759e-70,0.448401455207184,0.493,0.555,5.06219958995974e-66,"2","SYTL3"
5.16838797767596e-70,0.326726740585414,0.547,0.655,9.78117424775176e-66,"2","IRF1"
5.83740529633293e-68,0.452239510777662,0.493,0.58,1.10472895233101e-63,"2","MYH9"
2.28114032182628e-59,0.430242396043539,0.51,0.569,4.31705805905624e-55,"2","TSC22D3"
5.71453496308928e-57,0.409405040306669,0.494,0.576,1.08147574176465e-52,"2","HSPD1"
1.61231342803625e-55,0.405266137517855,0.491,0.564,3.0513031625586e-51,"2","ITM2A"
1.25671759222824e-53,0.864134748827927,0.316,0.285,2.37833804329194e-49,"2","PDCD1"
1.05094812563488e-52,0.371080351004833,0.494,0.6,1.98891932776402e-48,"2","STK17B"
3.61973003704994e-52,0.488806874281396,0.459,0.522,6.85033909511701e-48,"2","ISG20"
5.75316244756843e-50,0.396749762351913,0.474,0.558,1.08878599320233e-45,"2","VPS37B"
5.91165376640933e-50,0.268389473201792,0.554,0.63,1.11878047529297e-45,"2","CD52"
1.73876791875972e-48,0.265569032023099,0.533,0.658,3.29061828625277e-44,"2","LITAF"
1.09729324740509e-40,0.394651564289408,0.456,0.531,2.07662747071414e-36,"2","CEMIP2"
3.12330473351434e-37,0.53648052743145,0.406,0.459,5.91085420817588e-33,"2","GSPT1"
3.27650192460982e-37,0.452547919162523,0.431,0.494,6.20077989232408e-33,"2","ATP1B3"
9.61563303981148e-36,0.410179071792321,0.453,0.552,1.81975855278432e-31,"2","ETS1"
7.67443867919582e-35,0.933700266762091,0.265,0.241,1.45238752003781e-30,"2","ATP8A1"
2.26361795137002e-34,0.305884036224801,0.485,0.593,4.28389697296777e-30,"2","ALOX5AP"
1.61413937299452e-29,0.672083294726875,0.35,0.373,3.05475876339212e-25,"2","ISG15"
4.64640392821971e-28,0.540936759335363,0.372,0.406,8.7933194341558e-24,"2","HLA-DQA1"
3.12766047185869e-23,0.301500098660104,0.464,0.588,5.91909744299256e-19,"2","ELF1"
1.02794179907888e-21,0.264796213179745,0.466,0.61,1.94537985475678e-17,"2","WIPF1"
1.24027149276504e-21,0.251237593600448,0.477,0.623,2.34721380005783e-17,"2","SOD1"
7.39896594915349e-21,0.342897786997213,0.439,0.551,1.4002543058773e-16,"2","STK4"
2.10145048231886e-20,0.355696769281385,0.455,0.557,3.97699503778845e-16,"2","SAT1"
1.77126725338132e-19,0.357807589574996,0.427,0.539,3.35212327702414e-15,"2","MSN"
9.29828981703753e-18,0.354046805496708,0.422,0.536,1.75970134787435e-13,"2","UBE2B"
1.4177560566317e-17,0.599805157702989,0.272,0.267,2.68310333717549e-13,"2","DUSP4"
2.83155934544522e-16,0.321441014944885,0.42,0.523,5.35872606125507e-12,"2","TNFRSF1B"
1.14601203426668e-14,0.467333608673393,0.361,0.425,2.16882777484969e-10,"2","FOSL2"
1.81932070516953e-14,0.36373201837621,0.403,0.494,3.44306443453334e-10,"2","CLEC2B"
5.23952781857522e-14,0.257834575571408,0.451,0.543,9.91580639665361e-10,"2","KLF6"
4.33755806303568e-13,0.394825982042311,0.387,0.476,8.20882863429502e-09,"2","PTPN22"
1.17884856290784e-11,0.393251159424325,0.369,0.442,2.23097090530309e-07,"2","RNF19A"
3.91364565801601e-10,0.273884160506022,0.42,0.489,7.4065744077953e-06,"2","RGCC"
5.76698232905868e-10,0.429490574860674,0.357,0.429,1.09140140577435e-05,"2","ITGA4"
1.11172796422339e-09,0.436902298939318,0.34,0.396,2.10394517229277e-05,"2","STAT1"
4.15765875295716e-09,0.497983921333257,0.322,0.371,7.86836918997143e-05,"2","TSPYL2"
4.30115184583825e-09,0.29961119171896,0.179,0.254,8.13992986824888e-05,"2","GOLPH3"
7.25284958680251e-09,0.615615256860362,0.266,0.288,0.000137260178430237,"2","ITK"
7.8169109996136e-09,0.448301979773046,0.342,0.415,0.000147935040667687,"2","USP36"
1.39680389941359e-08,0.294580337195258,0.405,0.522,0.000264345137964021,"2","DNAJB6"
1.94106633339469e-08,0.286032143468625,0.185,0.26,0.000367346803594946,"2","CHIC2"
2.6723194522918e-08,0.28902437844429,0.181,0.254,0.000505736456346224,"2","MTHFD2"
6.06705586016171e-08,0.259017402458943,0.227,0.323,0.0011481903215356,"2","CCT6A"
8.20614194575826e-08,0.467732016942517,0.332,0.4,0.00155301236323475,"2","CNOT6L"
8.41481884495921e-08,0.266290208488081,0.205,0.288,0.00159250446640853,"2","NAMPT"
9.05187448863991e-08,0.353274556075811,0.382,0.494,0.0017130672469751,"2","TERF2IP"
1.43715460778613e-07,0.253697506306849,0.22,0.309,0.00271981509523526,"2","PPP1CB"
3.87557070066803e-07,0.290237190779983,0.201,0.279,0.00733451755101424,"2","PPM1G"
4.78485245877843e-07,0.461316172996783,0.321,0.38,0.00905533327823817,"2","AC016831.7"
4.80657468450742e-07,0.264771940495212,0.251,0.363,0.0090964425904303,"2","UQCRFS1"
4.86231748632087e-07,0.265256544152716,0.197,0.27,0.00920193584286225,"2","PDE7A"
1.15446934865015e-06,0.560317482583083,0.286,0.33,0.021848332423204,"2","NAA50"
2.29006258669962e-06,0.497911790660063,0.312,0.374,0.0433394344532903,"2","NSMCE3"
6.08501395062338e-06,0.294862317436347,0.209,0.286,0.115158889015548,"2","TMX4"
9.03064745605971e-06,0.335506251857116,0.373,0.482,0.17090500310593,"2","SET"
1.1299789940694e-05,0.293209002735499,0.39,0.508,0.213848524627635,"2","GYPC"
1.39758302125329e-05,0.266053897979202,0.248,0.348,0.264492586772185,"2","RNF7"
4.21628359229419e-05,0.279998333357502,0.248,0.348,0.797931669841676,"2","SCAND1"
4.81312071627412e-05,0.281147966436034,0.227,0.31,0.910883095554877,"2","STK10"
5.29678892958425e-05,0.344520257607681,0.19,0.254,1,"2","IL21R"
6.29758812974262e-05,0.320844733042174,0.229,0.316,1,"2","NONO"
9.69451962490245e-05,0.278195836120815,0.197,0.261,1,"2","DDX3Y"
0.000160959750053313,0.269908093329081,0.239,0.325,1,"2","SPTAN1"
0.000168667251343117,0.278894462792919,0.26,0.365,1,"2","MAPK1IP1L"
0.00023228525932302,0.37779196965303,0.343,0.435,1,"2","RNF125"
0.000426003660673951,0.385878060374981,0.198,0.264,1,"2","DYNLT1"
0.000599450608744695,0.439427308208496,0.306,0.373,1,"2","CDKN1B"
0.000607990046256811,0.299111743363762,0.371,0.485,1,"2","G3BP2"
0.000612458062869876,0.337734759512691,0.204,0.269,1,"2","TAF15"
0.00062451935242858,0.284691038786522,0.199,0.26,1,"2","CD81"
0.00064104091726019,0.469903799511281,0.276,0.32,1,"2","HLA-DRB5"
0.00131410691802435,0.267009851620476,0.382,0.51,1,"2","SLC38A1"
0.00164630460745093,0.384279281197773,0.192,0.252,1,"2","TBCC"
0.00260704818163434,0.31192940669509,0.227,0.301,1,"2","B4GALT1"
0.00352038937833083,0.268241549740974,0.366,0.456,1,"2","HSPH1"
0.00636252346824481,0.272394618806966,0.378,0.511,1,"2","SERBP1"
0.00835149688579183,0.3816224632373,0.229,0.305,1,"2","AKIRIN1"
0.00843224807947428,0.258395278115659,0.294,0.412,1,"2","SURF4"
0,2.49313332083493,0.541,0.099,0,"3","TYROBP"
0,1.07693406539781,0.663,0.318,0,"3","CMC1"
0,0.741351895165344,0.888,0.574,0,"3","PIK3R1"
0,1.15615801655657,0.589,0.275,0,"3","IFNGR1"
0,0.72957355074997,0.869,0.578,0,"3","FAM177A1"
0,2.65043976518317,0.345,0.055,0,"3","KLRF1"
0,1.78541717713382,0.399,0.113,0,"3","KLRC3"
0,3.13410890637768,0.313,0.037,0,"3","KIR3DL2"
0,1.78846299480617,0.382,0.11,0,"3","S1PR5"
9.30580683056175e-310,0.908728513632522,0.725,0.371,1.76112394268381e-305,"3","KLRB1"
3.1251200375849e-309,0.664625519164944,0.885,0.622,5.91428967112941e-305,"3","LITAF"
5.83061095712757e-293,0.631385009898768,0.906,0.639,1.10344312363639e-288,"3","YPEL5"
1.21416354111478e-289,0.910122793203407,0.7,0.369,2.29780450155973e-285,"3","KLRD1"
2.38812552498687e-274,1.58238587956456,0.292,0.095,4.51952755603766e-270,"3","TRGV9"
4.28902067505046e-269,0.621986598319922,0.878,0.647,8.11697162753299e-265,"3","TUBA4A"
5.0738367864604e-266,1.4885136812334,0.332,0.121,9.6022361183763e-262,"3","PRR7"
1.64846693660973e-258,0.446780016567747,0.978,0.804,3.11972367753392e-254,"3","ZFP36"
7.88918011197849e-243,1.44118051701438,0.292,0.1,1.49302733619193e-238,"3","FCGR3A"
2.51252753764963e-230,0.671931357420716,0.797,0.526,4.75495836500192e-226,"3","VPS37B"
2.5797182112042e-223,1.47711349762613,0.256,0.085,4.88211671470396e-219,"3","PLAC8"
1.08339951482884e-217,1.60202660577693,0.251,0.086,2.05033358181357e-213,"3","MAFF"
6.28458227268392e-213,0.472986575986689,0.934,0.728,1.18935719510543e-208,"3","CD7"
1.01967391184576e-196,0.424375524659585,0.95,0.771,1.9297328781681e-192,"3","NR4A2"
2.06379975195771e-196,0.354488366665434,0.962,0.827,3.90574103057996e-192,"3","PABPC1"
6.1995193675675e-193,0.887692076063689,0.535,0.292,1.17325904031215e-188,"3","SERTAD1"
1.38434864525372e-183,0.516875033262855,0.879,0.643,2.61987981114266e-179,"3","SELENOK"
9.75886867077527e-181,0.598834942301831,0.779,0.547,1.84686589594422e-176,"3","HSPD1"
1.31794813643247e-169,0.564026676301979,0.816,0.58,2.49421684819844e-165,"3","DDIT4"
5.56093035605588e-166,0.709441858170978,0.641,0.398,1.05240606988358e-161,"3","FOSL2"
4.45350378085227e-165,1.11777448669955,0.396,0.205,8.42825590526292e-161,"3","AREG"
4.47929627589707e-163,0.619668540500775,0.716,0.472,8.4770682021352e-159,"3","TUBB4B"
6.53677614737404e-163,0.569950216168581,0.778,0.527,1.23708488589054e-158,"3","SYTL3"
8.08389001069015e-159,0.487602519970348,0.854,0.642,1.52987618452311e-154,"3","LDHA"
2.08134493999095e-157,0.894083112740793,0.438,0.229,3.93894529893288e-153,"3","CDKN1A"
1.02288163602975e-156,0.512948506538992,0.829,0.604,1.9358034961863e-152,"3","ZNF331"
2.75345320814e-154,0.551371636992875,0.777,0.553,5.21091019640494e-150,"3","SH2D2A"
1.10985582662992e-153,0.610054818351679,0.716,0.49,2.10040215189712e-149,"3","DNAJB6"
3.33739876382124e-153,1.25494493525451,0.251,0.102,6.31602716053169e-149,"3","PDE4A"
8.78790727338805e-149,0.740408499363194,0.559,0.345,1.66311145148869e-144,"3","PTP4A1"
2.26463659758927e-146,0.640411581911572,0.655,0.427,4.28582476093769e-142,"3","RBM38"
1.17007496962593e-145,1.06519652235914,0.328,0.157,2.21436688001707e-141,"3","METRNL"
6.0725033563393e-144,0.721556145117817,0.564,0.344,1.14922126018721e-139,"3","GABARAPL1"
8.10184685657682e-142,0.649130344775559,0.633,0.418,1.53327451760716e-137,"3","IDI1"
2.38951463339808e-137,0.555048590616732,0.725,0.502,4.52215644370587e-133,"3","BZW1"
2.77867298291079e-136,0.619839819097242,0.653,0.432,5.25863862015867e-132,"3","DUSP5"
9.66486710510644e-136,0.634097466762491,0.63,0.411,1.82907609964139e-131,"3","SYAP1"
2.05380662912073e-134,0.762920229142201,0.497,0.297,3.88682904561097e-130,"3","SLA2"
2.46521490545909e-134,0.802377876056635,0.451,0.254,4.66541920858134e-130,"3","CSRNP1"
4.65545374152654e-130,0.827125729428611,0.405,0.216,8.81044620583897e-126,"3","LMNA"
1.460697407758e-129,0.660321725967666,0.572,0.362,2.76436984418201e-125,"3","IL2RB"
1.5015238408653e-129,0.30325109187053,0.987,0.844,2.84163386883758e-125,"3","DUSP2"
1.53028372744302e-129,0.648025629087086,0.576,0.35,2.89606195418592e-125,"3","TRBC1"
7.56614816503784e-127,0.410106786962774,0.946,0.714,1.43189354023341e-122,"3","CREM"
1.18076142784937e-126,1.18411384416524,0.25,0.112,2.23459100220493e-122,"3","GLUL"
2.62606088361971e-125,0.630453000569209,0.605,0.389,4.96982022225031e-121,"3","NR4A3"
8.52713635734925e-124,0.936794007700992,0.345,0.179,1.61376055562835e-119,"3","ELL2"
1.08989729559968e-119,0.351255356262902,0.899,0.747,2.0626306319224e-115,"3","CALM2"
3.39057940601831e-117,0.417993795412553,0.817,0.623,6.41667152588965e-113,"3","CTSW"
3.50852920524211e-117,0.381682669869915,0.871,0.709,6.63989152092069e-113,"3","HSPE1"
1.43337119645105e-115,0.624328969586628,0.568,0.366,2.71265498928361e-111,"3","ZEB2"
5.57262133281277e-114,0.798955371820857,0.354,0.184,1.05461858723482e-109,"3","CD160"
5.23723448811958e-111,0.555683466666159,0.637,0.428,9.9114662687663e-107,"3","MYADM"
5.30967049196873e-110,0.512464559780771,0.7,0.504,1.00485514060508e-105,"3","CYCS"
1.93572981227232e-108,0.686143634338698,0.488,0.306,3.66336866972536e-104,"3","MOB4"
2.0301561063112e-108,0.533210016071001,0.664,0.46,3.84207043119394e-104,"3","TUBA1B"
5.7990656570306e-106,0.82023276778448,0.344,0.185,1.09747317559304e-101,"3","LPCAT1"
7.44962963102103e-106,0.399146185234684,0.831,0.628,1.40984240767073e-101,"3","DUSP1"
3.3100263185885e-104,0.638326722982208,0.511,0.323,6.26422480792874e-100,"3","EIF4A1"
3.3249198730577e-104,0.459239211729691,0.748,0.552,6.2924108597617e-100,"3","GSTP1"
1.41917975389473e-103,0.883000247405514,0.314,0.166,2.68579768424578e-99,"3","AUTS2"
2.6681190842052e-103,0.428338799879526,0.786,0.605,5.04941536685835e-99,"3","MCL1"
4.53563624966445e-102,0.443852298392607,0.77,0.571,8.58369160248998e-98,"3","PDCD4"
1.1236914865187e-101,0.5695780431452,0.581,0.388,2.12658613823664e-97,"3","JUND"
1.99006728299852e-101,0.967744357405663,0.263,0.129,3.7662023330747e-97,"3","UPP1"
5.67792733196804e-100,0.460934499453128,0.722,0.527,1.07454774757495e-95,"3","REL"
1.02620221379285e-95,0.411682826583646,0.787,0.597,1.94208768960297e-91,"3","BRD2"
7.78118495064474e-95,0.36349291539244,0.864,0.7,1.47258925190952e-90,"3","IFITM2"
2.6839978727155e-94,0.643126228728218,0.462,0.29,5.07946597411409e-90,"3","ISCA1"
6.60462538236861e-94,0.520912962878186,0.617,0.428,1.24992535361326e-89,"3","UBE2S"
5.19147560772507e-92,0.373907832740227,0.834,0.651,9.8248675876197e-88,"3","HSPA5"
2.77975244374534e-91,0.717047213424778,0.387,0.229,5.26068149978806e-87,"3","H2AFX"
6.3364000711133e-90,0.629329291149409,0.468,0.301,1.19916371345819e-85,"3","IFRD1"
9.20786683795579e-90,0.371924337623387,0.81,0.643,1.74258879908313e-85,"3","DDX24"
4.34255831152054e-88,0.567423071691729,0.537,0.366,8.21829160455262e-84,"3","RUNX3"
1.08232934330819e-87,0.476069462380196,0.643,0.462,2.04830828221075e-83,"3","HNRNPA0"
5.59966568377097e-86,0.565520447740328,0.503,0.329,1.05973673065366e-81,"3","PITPNC1"
8.0883864384392e-86,0.343306381648815,0.843,0.678,1.53072713347462e-81,"3","NCL"
9.83439975393806e-85,0.719306393659519,0.364,0.216,1.86116015343278e-80,"3","ANKRD37"
4.77700918308125e-84,0.86318425418011,0.271,0.145,9.04048987898126e-80,"3","DHCR7"
8.27275510964307e-84,0.793531850716539,0.307,0.173,1.56561890449995e-79,"3","LMNB1"
5.60146467632145e-83,0.46042275389182,0.668,0.486,1.06007718999383e-78,"3","ARF6"
9.72616365016707e-83,0.635125705858905,0.429,0.269,1.84067647079412e-78,"3","TIPARP"
3.29147024039013e-81,0.368883508393414,0.794,0.633,6.22910742993831e-77,"3","TGFB1"
5.30691129597527e-81,0.674484214751964,0.378,0.23,1.00433296276332e-76,"3","CKS2"
1.03434243247468e-79,0.708477275751263,0.343,0.202,1.95749305345834e-75,"3","KDM6B"
2.07494005072745e-79,0.653293233265317,0.387,0.238,3.92682404600171e-75,"3","CRYBG1"
1.3005475810162e-78,0.509242476675056,0.568,0.408,2.46128629707316e-74,"3","CD247"
4.00473343996577e-78,0.417428241944297,0.701,0.527,7.57895803513522e-74,"3","SQSTM1"
6.99082676953251e-78,0.610236440712623,0.429,0.274,1.32301396613403e-73,"3","MAP3K8"
2.3069804765098e-76,0.721598725557956,0.321,0.188,4.3659605517948e-72,"3","FBXO34"
2.38363426482216e-76,0.355944085909494,0.804,0.639,4.51102784617593e-72,"3","TAGLN2"
1.2406983780521e-75,0.41204518778447,0.695,0.52,2.3480216804636e-71,"3","EMD"
9.85057887960175e-75,0.664576426622195,0.338,0.199,1.86422205296463e-70,"3","SATB1"
6.18852588575329e-74,0.504869979510037,0.54,0.378,1.17117852387881e-69,"3","MAT2A"
1.26312328955341e-73,0.511459573995755,0.539,0.376,2.39046082547982e-69,"3","EIF4A3"
8.55137026887817e-73,0.706693117617438,0.297,0.171,1.61834682338519e-68,"3","NR4A1"
1.65510106650409e-72,0.431468889184571,0.664,0.501,3.13227876835899e-68,"3","ISG20"
1.31019623573768e-71,0.789149296800122,0.266,0.149,2.47954637613355e-67,"3","ARL4A"
1.49953099500514e-71,0.413493587613614,0.666,0.5,2.83786240804723e-67,"3","PRF1"
2.18745915150807e-71,0.329297381713175,0.81,0.648,4.13976644422902e-67,"3","DNAJA1"
4.66254280902884e-71,0.462314588920572,0.592,0.43,8.82386226608708e-67,"3","SDCBP"
7.99103416448779e-71,0.340453797312913,0.808,0.646,1.51230321562931e-66,"3","SRSF2"
9.44258893968022e-70,0.657513004552881,0.353,0.219,1.78700995683448e-65,"3","OAT"
1.56668828360723e-69,0.332624262281269,0.809,0.647,2.96495757672669e-65,"3","SLC25A3"
5.96885661258354e-69,0.362877609945551,0.757,0.586,1.12960611393144e-64,"3","ATP6V0C"
5.17897662368417e-68,0.551421561233306,0.458,0.312,9.80121326032229e-64,"3","SMAP2"
6.51902868543492e-68,0.394311169476728,0.687,0.507,1.23372617871856e-63,"3","CEMIP2"
1.04954489715078e-67,0.32774148709114,0.82,0.653,1.98626371785785e-63,"3","SFPQ"
9.22455275819669e-67,0.535726941793562,0.457,0.309,1.74574660948872e-62,"3","CSNK1D"
1.17213096989484e-66,0.319889510357484,0.952,0.74,2.21825786052599e-62,"3","CXCR4"
2.32730326402145e-66,0.514438127089021,0.487,0.337,4.4044214271606e-62,"3","BCL3"
3.23002367998005e-66,0.67704172959048,0.322,0.197,6.11281981436225e-62,"3","TBX21"
4.68337441665743e-66,0.562785033283294,0.386,0.244,8.86328608352418e-62,"3","CD55"
3.62440165857478e-65,0.517409421173278,0.469,0.324,6.85918013885278e-61,"3","AMD1"
5.35471319599228e-65,0.596286785495528,0.389,0.253,1.01337947234154e-60,"3","ALG13"
1.07879259116046e-64,0.445486002149954,0.569,0.407,2.04161497877117e-60,"3","APMAP"
3.12610453100933e-64,0.685814413067999,0.315,0.194,5.91615282493516e-60,"3","RNF139"
3.1678135358758e-64,0.352949189148983,0.731,0.569,5.99508711664496e-60,"3","RBM8A"
1.21037012654205e-63,0.473147327417293,0.509,0.356,2.29062546448083e-59,"3","CHD1"
2.56387254768409e-63,0.576956303999842,0.429,0.292,4.85212879649213e-59,"3","XCL1"
5.79481422548153e-63,0.47623640185743,0.506,0.36,1.09666859217238e-58,"3","RSL24D1"
5.46678526632237e-62,0.282749351206772,0.857,0.714,1.03458911165151e-57,"3","SKP1"
6.22068729296544e-62,0.673561104480218,0.32,0.2,1.17726507019371e-57,"3","ISG20L2"
2.53671205878011e-61,0.40504070862688,0.6,0.436,4.80072757124136e-57,"3","GADD45B"
4.15831917283848e-61,0.375269850621371,0.671,0.51,7.86961903459682e-57,"3","MORF4L1"
5.85620804805895e-61,0.455840507217029,0.523,0.374,1.10828737309516e-56,"3","STRAP"
6.5180902199653e-61,0.478598784024525,0.496,0.349,1.23354857412843e-56,"3","TPM4"
7.79301519256109e-61,0.288993524046616,0.843,0.691,1.47482812519219e-56,"3","FYN"
4.60964364759816e-60,0.401940080222597,0.618,0.462,8.72375060307952e-56,"3","RBM3"
1.18288712562464e-59,0.457895825429175,0.43,0.282,2.23861388524464e-55,"3","FOSB"
1.87474744309606e-59,0.428931444184205,0.486,0.326,3.54795953605929e-55,"3","AOAH"
4.15707490310162e-59,0.54914805718748,0.445,0.312,7.86726425411981e-55,"3","XCL2"
3.55754582144725e-58,0.518184260035028,0.43,0.292,6.73265546708891e-54,"3","HNRNPAB"
3.76572178470281e-58,0.55238835071955,0.409,0.279,7.12662847755006e-54,"3","JMJD6"
3.89816881205931e-58,0.410533832421927,0.574,0.418,7.37728447682224e-54,"3","JPT1"
1.40535601096891e-57,0.371036253410182,0.663,0.497,2.65963625075866e-53,"3","TNFRSF1B"
4.10932818631703e-57,0.654984821593271,0.299,0.186,7.77690359260498e-53,"3","STMN1"
9.93108040003107e-57,0.627260120776097,0.317,0.201,1.87945696570588e-52,"3","RNF138"
1.7028877753563e-56,0.4345792011229,0.525,0.376,3.22271511486179e-52,"3","NFE2L2"
1.88445070845807e-56,0.662021710251274,0.288,0.177,3.5663229657569e-52,"3","STX11"
3.24541376307685e-56,0.405572278461293,0.57,0.416,6.14194554662294e-52,"3","ARHGAP9"
7.0876006448742e-56,0.515059025602914,0.403,0.272,1.34132842204244e-51,"3","INSIG1"
3.53816819648157e-55,0.521213496380786,0.382,0.251,6.69598331184136e-51,"3","LINC01871"
5.56434389910636e-55,0.407899864067501,0.568,0.422,1.05305208290588e-50,"3","ARF4"
5.80178993667316e-54,0.617389806890061,0.296,0.185,1.0979887455154e-49,"3","UBE2J1"
1.09898626081412e-53,0.56215358494361,0.354,0.233,2.07983149859073e-49,"3","MARCKSL1"
1.67788189928543e-52,0.265603005959653,0.85,0.715,3.17539149439767e-48,"3","SUB1"
3.53954221277892e-51,0.547960364678066,0.348,0.23,6.69858363768411e-47,"3","PITHD1"
8.3813768403623e-51,0.667117171296551,0.257,0.157,1.58617556703856e-46,"3","H2AFJ"
1.08823560418543e-50,0.519798786832723,0.384,0.263,2.05948588092092e-46,"3","ZFAND5"
1.36790159463955e-50,0.333001387821746,0.688,0.551,2.58875376785535e-46,"3","TSC22D3"
1.44378488036529e-50,0.537256278944038,0.362,0.244,2.73236288609132e-46,"3","WBP11"
2.39133716916976e-50,0.399099877786287,0.53,0.388,4.52560559265376e-46,"3","GTF2B"
2.75421496270774e-50,0.40079203554945,0.543,0.402,5.21235181692441e-46,"3","RANBP2"
4.41594718052393e-50,0.491950100945106,0.39,0.266,8.35718003914154e-46,"3","ETF1"
5.57714858911149e-50,0.481739151874388,0.405,0.28,1.05547537048935e-45,"3","ADSS"
7.87584677421557e-50,0.480633385644865,0.43,0.306,1.4905040020203e-45,"3","HMGB2"
9.99108399143628e-49,0.454182116587855,0.438,0.31,1.89081264537932e-44,"3","PPP2CA"
2.46725109410017e-48,0.624113386795975,0.27,0.169,4.66927269558457e-44,"3","NARF"
9.36770223030939e-48,0.315749037941681,0.694,0.548,1.77283764708605e-43,"3","ADGRE5"
1.16603450539168e-47,0.307321209997948,0.718,0.571,2.20672030145376e-43,"3","SAP18"
1.54191535267908e-47,0.526837075156682,0.328,0.215,2.91807480494515e-43,"3","RHOC"
4.32325862047288e-47,0.451031639903503,0.412,0.288,8.18176693924492e-43,"3","PPP1CB"
9.96709197244863e-47,0.4804705247438,0.378,0.258,1.8862721557859e-42,"3","PLEKHA2"
1.77088902805317e-46,0.305595976523641,0.712,0.568,3.35140748559062e-42,"3","POLR2L"
2.10427509958596e-46,0.387283125251034,0.527,0.389,3.98234062596642e-42,"3","MAGOH"
2.19290636616838e-46,0.540146019584588,0.319,0.211,4.15007529797365e-42,"3","PNPLA8"
3.00289734692352e-46,0.520053480504308,0.366,0.251,5.68298322905276e-42,"3","CHMP1B"
7.38452984041807e-46,0.600569064816984,0.275,0.175,1.39752227229912e-41,"3","MIDN"
7.56912523488304e-46,0.484174752608103,0.36,0.244,1.43245695070162e-41,"3","DDX3Y"
3.06325826510138e-45,0.559420943715617,0.298,0.195,5.79721626670437e-41,"3","SAR1A"
3.95639715749984e-45,0.430936211355148,0.464,0.336,7.48748162056845e-41,"3","SOCS1"
4.07333037589913e-45,0.435733505058524,0.443,0.321,7.7087777363891e-41,"3","RBM4"
5.13266198879567e-45,0.401682945578124,0.481,0.349,9.71356281379581e-41,"3","BCAS2"
2.30027495401279e-44,0.407077679386266,0.472,0.34,4.3532703504692e-40,"3","CD63"
2.79219435422245e-44,0.364504470430184,0.525,0.385,5.28422781536599e-40,"3","STAT4"
3.54578452373718e-44,0.383545184303566,0.514,0.379,6.71039721117261e-40,"3","RBMX"
7.25142086926538e-44,0.344647865916901,0.564,0.415,1.37233139950847e-39,"3","PDE4B"
7.86908286756688e-44,0.37171322052267,0.537,0.409,1.48922393268703e-39,"3","TUBA1A"
7.88772043081555e-44,0.302067311380052,0.705,0.566,1.49275109153184e-39,"3","NDUFS5"
1.00468881574987e-43,0.491440432302659,0.353,0.242,1.90137358380662e-39,"3","PHF20"
1.19131256365183e-43,0.426944435130589,0.454,0.333,2.25455902671109e-39,"3","VAPA"
1.01004948114282e-42,0.451264701491121,0.41,0.293,1.91151864306279e-38,"3","EIF1B"
1.02237283872252e-42,0.378011470947879,0.512,0.38,1.93484059728236e-38,"3","GPR65"
1.67549348644882e-42,0.295822611117196,0.695,0.562,3.17087142310439e-38,"3","ELF1"
1.67929656598992e-42,0.416488592739484,0.421,0.296,3.17806875113592e-38,"3","MATK"
1.69116628832851e-42,0.62306819503756,0.253,0.161,3.2005322006617e-38,"3","RAB9A"
2.19234462167242e-42,0.593566849056053,0.258,0.166,4.14901219651506e-38,"3","GNL1"
3.08696608434418e-41,0.338599824933695,0.589,0.453,5.84208331462135e-37,"3","CCNH"
3.2635112547486e-41,0.547424174956668,0.281,0.184,6.17619504961173e-37,"3","TINF2"
5.20780821410936e-41,0.589012378219907,0.262,0.17,9.85577704520196e-37,"3","ARMCX3"
9.46932997470713e-41,0.27790988638569,0.73,0.592,1.79207069771332e-36,"3","HIST1H4C"
1.22443503463699e-40,0.563693781856512,0.271,0.177,2.3172433030505e-36,"3","MORF4L2"
6.62920585841483e-40,0.320128696404454,0.613,0.486,1.25457720870501e-35,"3","SRSF3"
2.87952781720516e-39,0.472718450138515,0.336,0.232,5.44950639406076e-35,"3","NR1H2"
3.99820153503098e-39,0.426690092340757,0.413,0.298,7.56659640504612e-35,"3","SLC7A5"
6.06781170363693e-39,0.527955818210172,0.298,0.203,1.14833336491329e-34,"3","AKIRIN2"
1.18171313729644e-38,0.392644430246771,0.446,0.329,2.23639211233351e-34,"3","SF3A1"
1.20920873963774e-38,0.392876482777096,0.454,0.338,2.28842753976442e-34,"3","DDX21"
1.41151067723439e-38,0.313576441079991,0.615,0.479,2.67128395666609e-34,"3","ARHGDIA"
2.67329226574755e-38,0.402233140420068,0.39,0.271,5.05920561292724e-34,"3","HOPX"
1.00026659725391e-37,0.376403697529723,0.464,0.347,1.89300453530303e-33,"3","EIF1AX"
1.05048670573788e-37,0.403521900703998,0.411,0.297,1.98804609060894e-33,"3","ATP1A1"
1.25937232479331e-37,0.251399527356174,0.808,0.662,2.38336212467134e-33,"3","GZMM"
3.12857692513135e-37,0.396336859045408,0.412,0.3,5.92083183081108e-33,"3","ABHD17A"
8.52757948282574e-37,0.443610213733673,0.351,0.249,1.61384441712477e-32,"3","YWHAE"
1.44770363875413e-36,0.360960672864213,0.471,0.348,2.73977913634219e-32,"3","SKIL"
1.6477954681992e-36,0.298423838238226,0.646,0.523,3.11845292356699e-32,"3","H2AFZ"
2.48399852105921e-36,0.296010663881141,0.613,0.481,4.70096720110456e-32,"3","SNU13"
4.31426481435448e-36,0.329412534769171,0.539,0.415,8.16474616116586e-32,"3","HNRNPUL1"
5.77517099739953e-36,0.51376771607893,0.293,0.2,1.09295111125786e-31,"3","GZMB"
2.43254654304178e-35,0.494122463914911,0.309,0.217,4.60359433270657e-31,"3","RHEB"
7.75332720130617e-35,0.324536121934047,0.513,0.391,1.46731717284719e-30,"3","HERPUD1"
9.29494426387202e-35,0.515196088320496,0.254,0.167,1.75906820193778e-30,"3","RBKS"
1.40059162826217e-34,0.278673672376858,0.659,0.53,2.65061965648617e-30,"3","PTGES3"
1.41463980447049e-34,0.554170165562584,0.256,0.172,2.67720582996041e-30,"3","SIPA1"
1.56448461063635e-34,0.319611402741517,0.539,0.413,2.96078712562928e-30,"3","RNF125"
2.05795287193876e-34,0.408093648481072,0.375,0.27,3.89467581014411e-30,"3","GYG1"
5.44572990162602e-34,0.297377673938906,0.584,0.461,1.03060438388272e-29,"3","MAP1LC3B"
6.99816589451476e-34,0.352610561173374,0.447,0.333,1.32440289553692e-29,"3","KPNA2"
7.74259307361223e-34,0.314757634209408,0.548,0.423,1.46528573918111e-29,"3","POMP"
1.06644577153031e-33,0.346260591069714,0.445,0.329,2.0182486226211e-29,"3","RALGAPA1"
1.45204944256753e-33,0.305130036502832,0.551,0.43,2.74800357005905e-29,"3","AKNA"
1.85924371613243e-33,0.462430950257807,0.303,0.211,3.51861873278062e-29,"3","PHF1"
7.01523228761194e-33,0.385353222020449,0.387,0.285,1.32763271043056e-28,"3","USP11"
9.37693555898557e-33,0.256703249387663,0.716,0.582,1.77458505453802e-28,"3","SERP1"
1.08647756056245e-32,0.532779737997126,0.252,0.17,2.05615878336444e-28,"3","TRIM28"
1.54417723197707e-32,0.330179030999366,0.467,0.352,2.9223554115166e-28,"3","WTAP"
2.19781021968794e-32,0.389828555355552,0.378,0.275,4.15935584075942e-28,"3","ELOC"
5.09707991072881e-32,0.350590714655483,0.471,0.366,9.64622373105427e-28,"3","NFKBIA"
5.57660092480893e-32,0.374333233509907,0.407,0.306,1.05537172502009e-27,"3","HNRNPL"
6.92794398878467e-32,0.35327434542338,0.416,0.308,1.3111133998775e-27,"3","UBE2A"
8.1116442549871e-32,0.41892300414913,0.326,0.233,1.53512867525631e-27,"3","MAPRE1"
8.37675905922805e-32,0.496227519895223,0.277,0.193,1.58530165195891e-27,"3","STIP1"
1.96434216854482e-31,0.3521437071242,0.421,0.312,3.71751755397107e-27,"3","IQGAP2"
2.44388968050454e-31,0.46033003809694,0.277,0.191,4.62506122035483e-27,"3","CHCHD7"
2.90984205678764e-31,0.36412359812468,0.413,0.308,5.5068760924706e-27,"3","SS18L2"
3.0242777370276e-31,0.422726344185728,0.318,0.226,5.72344561732473e-27,"3","FBL"
3.62026224550616e-31,0.413961055267673,0.332,0.24,6.85134629962041e-27,"3","STARD7"
4.0505980713893e-31,0.410038623967959,0.328,0.236,7.66575685010425e-27,"3","CHORDC1"
8.31591065583269e-31,0.425881055796032,0.307,0.217,1.57378609161634e-26,"3","PLIN2"
1.01484896497553e-30,0.427119544958773,0.316,0.226,1.92060166621619e-26,"3","AHSA1"
1.1377393547872e-30,0.409045798931443,0.347,0.253,2.15317172893478e-26,"3","PDE7A"
1.57923799286466e-30,0.260590211273553,0.642,0.511,2.98870790149637e-26,"3","UBE2B"
5.71140656541805e-30,0.415056082360379,0.332,0.241,1.08088369250537e-25,"3","NFKB1"
8.36926852207838e-30,0.367271614345239,0.393,0.293,1.58388406780333e-25,"3","DNTTIP2"
1.22427368554302e-29,0.347522160816066,0.411,0.312,2.31693794989017e-25,"3","CLK1"
1.83589875833923e-29,0.370701164798324,0.383,0.287,3.47443840015699e-25,"3","POLR2K"
2.46294077869213e-29,0.324674592138877,0.43,0.325,4.66111542367485e-25,"3","ODC1"
3.66653407813237e-29,0.363060565272141,0.373,0.277,6.9389157428655e-25,"3","TCP1"
3.72922449548855e-29,0.35035077019531,0.405,0.305,7.05755735771207e-25,"3","DCXR"
6.61166556706013e-29,0.379231448187072,0.341,0.249,1.25125770856613e-24,"3","SERPINB9"
6.77311894690055e-29,0.371362501128519,0.375,0.28,1.28181276070093e-24,"3","BUD31"
1.10205686227373e-28,0.433634708321778,0.314,0.227,2.08564261185303e-24,"3","JOSD1"
1.37833554330632e-28,0.273522993199255,0.591,0.474,2.60850001570721e-24,"3","RAP1B"
1.59806127925309e-28,0.296907959018099,0.472,0.359,3.02433097098647e-24,"3","PTGER4"
2.36915774455921e-28,0.399545918571568,0.329,0.239,4.48363103157831e-24,"3","MAPK1"
4.54118508353916e-28,0.467584856019298,0.258,0.18,8.59419277059786e-24,"3","DCTN6"
1.1104930565386e-27,0.337217175834738,0.381,0.283,2.10160810949929e-23,"3","CEBPZ"
1.39898197800681e-27,0.283435355472648,0.478,0.363,2.64757339337788e-23,"3","RGS2"
1.47419945238687e-27,0.370979769224197,0.334,0.243,2.78992246364215e-23,"3","RPP21"
2.8589011001767e-27,0.302454770880394,0.472,0.368,5.41047033208441e-23,"3","CD164"
3.81538997362459e-27,0.447259415605306,0.277,0.198,7.22062552508454e-23,"3","EIF3J"
6.09538697651003e-27,0.258085047015737,0.569,0.455,1.15355198530452e-22,"3","SRRM1"
7.82590770632152e-27,0.406222796789938,0.302,0.219,1.48105303342135e-22,"3","PAF1"
1.61960957951808e-26,0.355937318836701,0.326,0.237,3.06511112923797e-22,"3","MTHFD2"
2.12965795582443e-26,0.438964371171795,0.263,0.187,4.03037768139774e-22,"3","HMCES"
2.30512993102861e-26,0.26355182754771,0.562,0.448,4.36245839447164e-22,"3","SNRPG"
2.82452801472143e-26,0.311636202737899,0.424,0.323,5.3454192678603e-22,"3","ILF2"
2.83233982919137e-26,0.385953154357299,0.311,0.227,5.36020312674467e-22,"3","CMC2"
2.99943090483421e-26,0.292907197151804,0.489,0.383,5.67642298739875e-22,"3","CNOT6L"
3.9798034000556e-26,0.26160282091895,0.558,0.444,7.53177793460523e-22,"3","GSPT1"
4.85927246860642e-26,0.429197889030674,0.258,0.182,9.19617314683765e-22,"3","ZFAND6"
7.03460997325209e-26,0.371534519613171,0.323,0.238,1.33129993743796e-21,"3","GOLPH3"
8.27925104059296e-26,0.281170736417565,0.504,0.398,1.56684825943222e-21,"3","DDX6"
1.80701155835198e-25,0.329018126132158,0.356,0.264,3.41976937418113e-21,"3","CLDND1"
2.18879009674765e-25,0.325066051546801,0.382,0.288,4.14228525809492e-21,"3","AKIRIN1"
2.86312774362216e-25,0.256742025068926,0.542,0.434,5.41846925480493e-21,"3","SNRPB"
4.44991270373476e-25,0.383035201396422,0.287,0.207,8.42145979181804e-21,"3","NEU1"
4.50101606528206e-25,0.276247301942587,0.505,0.4,8.5181729035463e-21,"3","SEC61G"
5.21299250027148e-25,0.406641286870233,0.287,0.209,9.86558830676377e-21,"3","FUNDC2"
1.03917966085933e-24,0.290834327767158,0.422,0.326,1.96664750817628e-20,"3","PAPOLA"
1.18418157455722e-24,0.369967915740018,0.33,0.247,2.24106362984954e-20,"3","DNAJB9"
1.4565863572325e-24,0.331057864778792,0.36,0.271,2.75658968106251e-20,"3","NAMPT"
6.49719500739132e-24,0.289388287448056,0.439,0.345,1.22959415514881e-19,"3","MAPK1IP1L"
7.94580313702588e-24,0.400664911293432,0.255,0.182,1.50374324368215e-19,"3","GRPEL1"
1.08129563619195e-23,0.41417256895963,0.251,0.179,2.04635199149327e-19,"3","BCL7B"
1.28990957686423e-23,0.341823180070813,0.324,0.24,2.44115387421556e-19,"3","SBDS"
2.61923949304962e-23,0.261506469677979,0.53,0.437,4.9569107405964e-19,"3","HSPH1"
7.78697145535637e-23,0.310297435751542,0.385,0.297,1.47368434792619e-18,"3","SLBP"
1.50219212453166e-22,0.340091051566223,0.311,0.232,2.84289859567617e-18,"3","PPP1CC"
1.64648379731553e-22,0.343220443397968,0.314,0.234,3.11597058641964e-18,"3","NDUFA5"
1.80072862371573e-22,0.427476158917163,0.262,0.191,3.40787892038201e-18,"3","YBX3"
1.80666167122223e-22,0.27577236756667,0.443,0.346,3.41910721278806e-18,"3","XBP1"
1.90252474927797e-22,0.26093150318893,0.461,0.36,3.60052808800856e-18,"3","SERINC1"
2.84293136104887e-22,0.336888358834089,0.31,0.231,5.38024760078499e-18,"3","KDELR2"
3.15382851357834e-22,0.360240016471536,0.299,0.222,5.96862046194701e-18,"3","GLUD1"
3.5111995366319e-22,0.265356355409293,0.452,0.355,6.64494512307586e-18,"3","ELOVL5"
5.31444905134167e-22,0.280381536322304,0.417,0.323,1.00575948296641e-17,"3","CDC42SE1"
5.3198960560737e-22,0.303443186662856,0.36,0.275,1.00679032861195e-17,"3","LAPTM4A"
8.14116573458066e-22,0.376231829808059,0.252,0.181,1.54071561526939e-17,"3","SACM1L"
8.31123502798331e-22,0.25676838576413,0.484,0.389,1.57290122904584e-17,"3","SURF4"
8.86634245636961e-22,0.3687523087455,0.288,0.214,1.67795530986795e-17,"3","SLIRP"
1.21533821320761e-21,0.264777114586629,0.45,0.357,2.30002756849541e-17,"3","BCLAF1"
1.24257002963217e-21,0.260452430840827,0.449,0.355,2.35156378107887e-17,"3","YWHAQ"
1.27803065192436e-21,0.299427759047542,0.36,0.274,2.41867300876685e-17,"3","SERINC3"
1.76619313221462e-21,0.349977608276508,0.305,0.23,3.34252050271616e-17,"3","STAU1"
2.98170711734169e-21,0.371438946791483,0.259,0.189,5.64288071956914e-17,"3","PRKAR2A"
5.36774112048439e-21,0.26867969934343,0.44,0.346,1.01584500705167e-16,"3","SELENOT"
5.6917708326471e-21,0.360131341932223,0.271,0.199,1.07716763007846e-16,"3","MANF"
6.40281666553123e-21,0.34920030531899,0.281,0.208,1.21173305395179e-16,"3","MED4"
1.6845827957908e-20,0.349603438681125,0.286,0.214,3.1880729410341e-16,"3","FASLG"
1.83979726999444e-20,0.403926477947546,0.258,0.191,3.48181633346448e-16,"3","BHLHE40"
2.29503074716661e-20,0.252053320092507,0.473,0.378,4.3433456890128e-16,"3","GHITM"
2.72084330736909e-20,0.319703577051352,0.297,0.222,5.149195959196e-16,"3","HCG18"
4.59761492549206e-20,0.401934779986676,0.25,0.186,8.70098624649372e-16,"3","MAP2K3"
5.74756689989289e-20,0.266127680921452,0.43,0.341,1.08772703580473e-15,"3","RAB5IF"
7.2169512823351e-20,0.272904771636779,0.401,0.316,1.36580803018192e-15,"3","VDAC2"
1.04867501847162e-19,0.279960992975272,0.396,0.313,1.98461747245755e-15,"3","UBE2N"
2.29938010775465e-19,0.268033385790927,0.388,0.304,4.35157685392568e-15,"3","G3BP1"
3.00152841713004e-19,0.263846642294354,0.391,0.308,5.68039252941859e-15,"3","POLR2A"
3.69492700829534e-19,0.291692249701954,0.36,0.281,6.99264936319893e-15,"3","TMED2"
7.35685897234244e-19,0.344653233660556,0.29,0.221,1.39228556051581e-14,"3","PFDN2"
9.64053692257655e-19,0.330855248093996,0.291,0.221,1.82447161259761e-14,"3","PFKFB3"
1.03160751413052e-18,0.330661749552968,0.277,0.209,1.95231722049202e-14,"3","RNF115"
1.24612246798199e-18,0.253665757268539,0.392,0.307,2.35828677065591e-14,"3","SLC3A2"
1.3932754047379e-18,0.325012834309648,0.279,0.212,2.63677370346648e-14,"3","RASA2"
1.89104856428559e-18,0.286546955980642,0.338,0.263,3.57880940791047e-14,"3","NRBP1"
3.56879518587856e-18,0.313357181208818,0.287,0.219,6.75394488927517e-14,"3","DDX27"
4.2637034134205e-18,0.282415042124392,0.358,0.282,8.06905870989829e-14,"3","DOK2"
8.71392670430689e-18,0.294895380313864,0.27,0.202,1.64911062879008e-13,"3","NGDN"
9.16354760610446e-18,0.251639196400786,0.365,0.285,1.73420138445527e-13,"3","B4GALT1"
1.42094112487446e-17,0.274436348964353,0.341,0.268,2.68913107882491e-13,"3","EIF4H"
1.91165382075764e-17,0.318072201488242,0.291,0.223,3.61780485578384e-13,"3","MECP2"
1.99544197030487e-17,0.336763863601878,0.266,0.201,3.77637392880196e-13,"3","PCNP"
2.76130363375491e-17,0.294480585959895,0.277,0.208,5.22576712688116e-13,"3","ABT1"
3.8051928448168e-17,0.297532702251566,0.318,0.25,7.20132745881579e-13,"3","DNAJA2"
4.26352692863103e-17,0.327041851497317,0.282,0.216,8.06872471243422e-13,"3","EOMES"
7.88997311357214e-17,0.291654681506445,0.267,0.201,1.49317741174353e-12,"3","LYAR"
1.17000781008003e-16,0.305135913863506,0.282,0.217,2.21423978057645e-12,"3","PPP6C"
1.75495369822632e-16,0.298475006665737,0.279,0.213,3.32124987389331e-12,"3","UFM1"
2.5048769272366e-16,0.269541450345278,0.344,0.273,4.74047958479526e-12,"3","LSM14A"
2.6025182186047e-16,0.277424168478754,0.353,0.283,4.9252657287094e-12,"3","PNRC2"
3.56719908833667e-16,0.283921127910769,0.256,0.19,6.75092427467715e-12,"3","FCRL6"
3.85042646505987e-16,0.298244008740421,0.288,0.224,7.28693208512581e-12,"3","RNF114"
6.23359965220308e-16,0.286193143687073,0.279,0.215,1.17970873417943e-11,"3","FBXO7"
6.90682202230954e-16,0.265662499833635,0.29,0.222,1.30711606772208e-11,"3","PNPLA2"
1.45090165642933e-15,0.309054304781068,0.252,0.192,2.74583138479251e-11,"3","CASP3"
1.50987954886585e-15,0.288736693960511,0.28,0.216,2.85744704622862e-11,"3","SIAH2"
2.44984403283206e-15,0.251949658710731,0.337,0.268,4.63632983213467e-11,"3","SERPINB1"
2.61667680086345e-15,0.266551981580029,0.337,0.268,4.95206084563409e-11,"3","MLF2"
4.42158754285972e-15,0.265239716237438,0.298,0.233,8.36785442486202e-11,"3","RNMT"
5.61587939318926e-15,0.315723254111432,0.267,0.209,1.06280517516107e-10,"3","ARPP19"
1.28454100192907e-14,0.285539947144517,0.27,0.209,2.43099384615077e-10,"3","CCDC59"
3.4810159678557e-14,0.264747344150589,0.313,0.249,6.58782271916691e-10,"3","CRTAM"
6.30685519021674e-14,0.251057015176001,0.348,0.282,1.19357234474852e-09,"3","ARID5A"
1.69267911969396e-13,0.251416367828748,0.284,0.223,3.20339523402082e-09,"3","MYDGF"
2.16913019180492e-13,0.273752061537154,0.256,0.199,4.10507888799081e-09,"3","ADIPOR1"
9.40595257348414e-13,0.252801090604521,0.269,0.212,1.78007652453187e-08,"3","COQ10B"
9.82873518498905e-13,0.251523491921877,0.263,0.206,1.86008813375918e-08,"3","RTN4"
0,1.93984134146678,0.844,0.224,0,"4","DUSP4"
0,2.02591075435974,0.727,0.166,0,"4","TNFRSF9"
0,2.58134815231043,0.575,0.082,0,"4","SNX9"
0,1.34045408435106,0.738,0.254,0,"4","PDCD1"
0,0.87725419358977,0.885,0.449,0,"4","RGCC"
0,0.957919755496132,0.764,0.344,0,"4","SRRT"
0,1.20347754491997,0.689,0.278,0,"4","SLC7A5"
0,3.3418624376447,0.439,0.035,0,"4","GEM"
0,1.99425919407662,0.506,0.108,0,"4","VCAM1"
0,1.18305503219821,0.529,0.183,0,"4","ICOS"
0,2.91628659135214,0.379,0.034,0,"4","LAYN"
0,1.79793211675924,0.419,0.083,0,"4","CTLA4"
0,2.44675412470486,0.381,0.055,0,"4","AKAP5"
0,1.44197914088741,0.469,0.148,0,"4","LIMS1"
0,1.53020023080605,0.414,0.117,0,"4","RHOB"
0,1.73635670629473,0.389,0.096,0,"4","GFOD1"
0,2.74600058082277,0.318,0.041,0,"4","NBL1"
0,1.70630051538924,0.374,0.1,0,"4","PLEKHO1"
0,1.51256463900827,0.376,0.106,0,"4","GTF3C1"
0,1.78887818504818,0.343,0.076,0,"4","NAB1"
0,1.80904085824663,0.334,0.074,0,"4","ASB2"
0,1.8280401157398,0.344,0.084,0,"4","CD200R1"
0,1.75545961480953,0.296,0.072,0,"4","ID3"
8.17969658413976e-315,1.29637225425591,0.407,0.137,1.54800757854845e-310,"4","PHLDA1"
5.0073485550143e-312,0.876943390671421,0.777,0.387,9.47640714036456e-308,"4","SLA"
2.0703376227777e-305,0.837746576960417,0.798,0.405,3.91811395110679e-301,"4","RNF19A"
3.36645564382985e-303,0.739984761604336,0.911,0.527,6.37101730594798e-299,"4","ITM2A"
2.59934882813231e-293,1.19688250154707,0.446,0.165,4.9192676572404e-289,"4","STX11"
4.41593914712402e-278,1.36612362672796,0.302,0.09,8.35716483593221e-274,"4","AD000671.2"
5.15417850101619e-278,0.909945932500452,0.666,0.317,9.75428281317314e-274,"4","LAG3"
7.50782909480421e-278,1.09321977967125,0.535,0.233,1.4208566561917e-273,"4","CRTAM"
2.32173461146729e-277,1.50146689875702,0.272,0.077,4.39388275220185e-273,"4","NFATC1"
4.99316468417954e-260,0.843770591981314,0.694,0.335,9.44956416480978e-256,"4","TIGIT"
7.73358781644475e-252,0.727751182976818,0.831,0.47,1.46358149426217e-247,"4","NR3C1"
8.29244970134055e-249,0.930916465952969,0.497,0.201,1.5693461059787e-244,"4","PDE4D"
9.71181714717665e-238,1.01814090610084,0.433,0.17,1.83796139510318e-233,"4","PCED1B"
3.32313409102711e-236,1.02727861129908,0.394,0.147,6.28903126726881e-232,"4","AHI1"
1.04070819386837e-229,0.893135477540725,0.529,0.233,1.9695402568959e-225,"4","TOX"
1.1108975361548e-225,0.778231276967918,0.672,0.331,2.10237358717295e-221,"4","LYST"
5.83274193316681e-221,0.972830984269055,0.44,0.182,1.10384641085182e-216,"4","GGA2"
1.64636644381518e-219,1.2095669157892,0.286,0.094,3.11574849492024e-215,"4","BANP"
1.81324926295338e-219,1.09070354983432,0.359,0.135,3.43157423013927e-215,"4","BCL2L11"
1.3001588080807e-210,0.726449787399354,0.627,0.286,2.46055054429272e-206,"4","CD27"
1.70469705535149e-210,0.658741917601869,0.829,0.486,3.22613917725269e-206,"4","TNFRSF1B"
4.18003652575307e-210,1.00776144939112,0.363,0.138,7.91071912498768e-206,"4","GPR137B"
2.35905948251085e-207,1.10490422626886,0.301,0.105,4.46452007065179e-203,"4","CD82"
4.00145092571621e-202,1.16855524756283,0.292,0.103,7.57274587691792e-198,"4","PTPN11"
7.24555062278902e-201,0.731410493094272,0.679,0.349,1.37122045536282e-196,"4","RGS2"
5.05158667658717e-200,0.772096257801239,0.613,0.311,9.56012778544121e-196,"4","ZBTB1"
1.34695988186322e-193,1.05108065665141,0.334,0.128,2.54912157642614e-189,"4","IGFLR1"
2.20143378638061e-191,1.04445250298153,0.35,0.139,4.16621344072531e-187,"4","TGIF1"
3.07544014609871e-191,0.814314431297509,0.543,0.257,5.82027047649181e-187,"4","RELB"
2.02498559922548e-190,0.707739724823299,0.698,0.379,3.83228524653423e-186,"4","HLA-DQA1"
1.26135816608844e-183,1.02695566639017,0.32,0.123,2.38712032932237e-179,"4","ITGAE"
1.25944395089676e-181,0.924307969144559,0.406,0.176,2.38349767707212e-177,"4","PHPT1"
3.22432498565954e-181,0.831132009164727,0.431,0.187,6.10203503536068e-177,"4","HNRNPLL"
1.45723353612052e-180,0.853780427797311,0.456,0.209,2.75781446710808e-176,"4","PFKFB3"
4.9503581950605e-176,1.04474588897903,0.305,0.118,9.368552884152e-172,"4","MT1E"
7.32021902989268e-176,0.73202402778017,0.574,0.286,1.38535145140719e-171,"4","FABP5"
5.92579764544483e-175,0.980071215776177,0.327,0.13,1.12145720440043e-170,"4","PRDM1"
3.35486927635759e-170,0.815760707004715,0.518,0.262,6.34909010550674e-166,"4","HOPX"
1.65096851134675e-168,0.797049480308092,0.48,0.228,3.12445790772373e-164,"4","IL21R"
7.24514214873144e-167,0.904393875282962,0.401,0.181,1.37114315164742e-162,"4","YBX3"
1.05072310226461e-166,0.754140751859826,0.537,0.268,1.98849347103577e-162,"4","ARID5A"
1.12196708003647e-164,0.963898758615617,0.334,0.139,2.12332269896901e-160,"4","IRF4"
1.47118085989922e-164,0.572171473840132,0.817,0.499,2.78420977735928e-160,"4","CEMIP2"
3.80913018038113e-162,0.707094882087329,0.599,0.322,7.20877886637129e-158,"4","CCND2"
3.07206914793359e-161,0.534444440312084,0.904,0.581,5.81389086246431e-157,"4","COTL1"
1.41298337865273e-157,1.02585257316949,0.293,0.116,2.67407104410029e-153,"4","ITM2C"
7.36894142864115e-156,0.622425475618626,0.742,0.422,1.39457216537034e-151,"4","RBM38"
1.46967160144801e-155,0.780450101968064,0.482,0.239,2.78135350574036e-151,"4","PIM3"
1.98914324119007e-154,0.701235581696855,0.529,0.268,3.76445358395221e-150,"4","PPP1R16B"
2.27041507658784e-152,0.858857976186546,0.384,0.174,4.29676053244249e-148,"4","PTMS"
7.04400645685901e-152,0.871961796413965,0.381,0.173,1.33307822196057e-147,"4","RIC8A"
6.97303013835064e-151,0.584177879314175,0.748,0.43,1.31964595368286e-146,"4","GSPT1"
4.0264990844616e-148,0.626346693078597,0.679,0.385,7.62014951734358e-144,"4","NR4A3"
8.35610244691414e-143,0.959773371944516,0.278,0.113,1.5813923880785e-138,"4","RAB35"
1.68928481807148e-142,0.838010808272875,0.344,0.152,3.19697151820029e-138,"4","CHST11"
1.26482578468822e-141,0.950341338590285,0.263,0.104,2.39368279752245e-137,"4","SEC14L1"
1.08267574536482e-138,0.736050326970711,0.407,0.193,2.04896384810291e-134,"4","RHBDD2"
3.23815759649241e-138,0.732987176091506,0.443,0.218,6.12821325136189e-134,"4","JOSD1"
2.26586969740034e-137,0.903591507504018,0.289,0.121,4.28815840233015e-133,"4","RALGDS"
4.72777127656935e-136,0.904534507239581,0.302,0.129,8.94730714090749e-132,"4","SFMBT2"
8.58895440397178e-136,0.886117051644844,0.31,0.134,1.62545962095166e-131,"4","TMEM70"
9.84672532593075e-136,0.845944792530121,0.347,0.157,1.86349276793239e-131,"4","METRNL"
2.30722533073915e-132,0.596262673508392,0.583,0.314,4.36642393842383e-128,"4","CD6"
8.24764505852407e-131,0.570087064928777,0.668,0.387,1.56086682732568e-126,"4","STAT3"
1.69708727150446e-129,0.881244607174388,0.255,0.103,3.21173766132219e-125,"4","GALM"
1.67784859208919e-127,0.739052637172335,0.387,0.186,3.17532846052879e-123,"4","ASXL2"
1.8915539748121e-123,0.589948729171465,0.596,0.329,3.5797658973319e-119,"4","BCL3"
2.34420318291898e-123,0.615120139550063,0.57,0.323,4.43640452367417e-119,"4","BAX"
2.41744830589514e-119,0.76416929289067,0.364,0.177,4.57502091890656e-115,"4","MAP2K3"
1.22545599255304e-118,0.637966948241565,0.536,0.306,2.31917546590663e-114,"4","XCL2"
1.23776695337028e-117,0.723945003023778,0.361,0.174,2.34247395925325e-113,"4","RILPL2"
1.48335192037492e-117,0.697088821355802,0.356,0.169,2.80724350930953e-113,"4","PHYKPL"
8.35538126312115e-117,0.607203940606781,0.476,0.251,1.58125590404568e-112,"4","PLEKHA2"
3.192691300327e-115,0.517694630219791,0.726,0.428,6.04216828586884e-111,"4","DUSP5"
6.14124867296601e-115,0.722963182675829,0.347,0.167,1.16223131135882e-110,"4","GPR18"
7.00862190491241e-114,0.761315889277168,0.294,0.132,1.32638169550467e-109,"4","TMPO"
7.04688891113883e-114,0.802496037631178,0.314,0.147,1.33362372643302e-109,"4","NINJ1"
2.02490206076335e-113,0.623108171095398,0.448,0.233,3.83212714999464e-109,"4","NFKB1"
7.03283865216739e-112,0.567207342157827,0.573,0.324,1.33096471492268e-107,"4","KPNA2"
5.7764212307307e-110,0.537401008299855,0.597,0.347,1.09318771791578e-105,"4","CDKN1B"
5.90732766999836e-110,0.554034890931653,0.599,0.344,1.11796176154719e-105,"4","PTP4A1"
1.70162528725815e-109,0.587650075265641,0.445,0.23,3.22032585613605e-105,"4","TRAT1"
3.18608478738879e-107,0.77928294032833,0.293,0.136,6.02966546013329e-103,"4","IRF2BP2"
4.88838412543e-107,0.780894775456011,0.261,0.115,9.25126695737628e-103,"4","RCAN3"
5.92385220569268e-107,0.563505743874189,0.54,0.305,1.12108902992734e-102,"4","NFATC2"
4.8408532650027e-106,0.612748552023442,0.447,0.239,9.16131480401762e-102,"4","PSMD13"
1.00606179313256e-105,0.579081982287035,0.465,0.249,1.90397194350337e-101,"4","HLA-DMA"
2.34860651487575e-105,0.56279075979599,0.527,0.296,4.44473782940235e-101,"4","ANXA5"
2.04564044815402e-104,0.63723212471084,0.312,0.146,3.87137454813148e-100,"4","PAG1"
8.67490710247995e-104,0.534230187020069,0.574,0.329,1.64172616914433e-99,"4","FKBP1A"
2.03202575419277e-102,0.512923281635089,0.565,0.32,3.84560873980981e-98,"4","MAPRE2"
3.50572469585534e-102,0.75012457162066,0.256,0.113,6.63458398690623e-98,"4","TRAF1"
1.34245696770811e-101,0.712106769496949,0.285,0.132,2.54059981138761e-97,"4","BATF"
4.98629511724196e-98,0.628879025174185,0.372,0.192,9.43656350938042e-94,"4","RNF168"
1.87144616145698e-96,0.481019520554594,0.638,0.384,3.54171186055734e-92,"4","PPP1R2"
4.08191350033406e-96,0.537759778920542,0.533,0.304,7.72502129938221e-92,"4","PPP2CA"
5.60902299175694e-96,0.73353767649005,0.252,0.114,1.06150760119e-91,"4","BCL2"
1.72401972165762e-95,0.760805539466881,0.266,0.124,3.26270732323705e-91,"4","FAS"
3.03782717526361e-94,0.689117199919989,0.288,0.138,5.74908792918638e-90,"4","OTULIN"
7.05387208016811e-93,0.508658352904792,0.495,0.277,1.33494529117181e-88,"4","USP11"
1.26953954913983e-91,0.481502393474671,0.63,0.376,2.40260359674714e-87,"4","HLA-DRA"
2.62510839022372e-91,0.588211122698091,0.397,0.215,4.9680176284984e-87,"4","GLUD1"
1.0760952235023e-90,0.577899360072122,0.392,0.209,2.0365102104781e-86,"4","NIN"
4.08373294383983e-89,0.473577571108286,0.524,0.298,7.72846459621689e-85,"4","SPTAN1"
8.06927554250932e-89,0.527279374802399,0.455,0.254,1.52711039641989e-84,"4","SYNGR2"
9.96194275492708e-89,0.508000211479626,0.512,0.301,1.88529766636995e-84,"4","CXCR6"
8.05724305611047e-88,0.555195920514252,0.412,0.225,1.52483324836891e-83,"4","HBP1"
6.00662462418966e-87,0.44877767760395,0.672,0.418,1.13675371012789e-82,"4","ARID4B"
2.75344635972515e-85,0.507060641850001,0.483,0.274,5.21089723577984e-81,"4","JMJD6"
4.07577615747196e-85,0.504412587958429,0.409,0.222,7.71340637801569e-81,"4","RFTN1"
2.10496932686494e-82,0.607167342310235,0.346,0.186,3.98365445109191e-78,"4","HIST1H1E"
9.13499184151328e-82,0.560306872855352,0.341,0.18,1.72879720600639e-77,"4","GNA13"
2.61649167283151e-81,0.467819592029377,0.498,0.288,4.95171049083364e-77,"4","CCT3"
3.31816441364509e-81,0.530023550594336,0.423,0.24,6.27962615282334e-77,"4","DDX3Y"
3.80408157474083e-81,0.482815716813396,0.428,0.237,7.19922438019702e-77,"4","CHIC2"
6.56768502248799e-81,0.565294502380561,0.333,0.174,1.24293439050585e-76,"4","DCTN6"
8.9791357128537e-81,0.612294058735716,0.3,0.153,1.69930143365756e-76,"4","ARL8B"
1.93786447795021e-80,0.480614279797084,0.45,0.255,3.66740852452077e-76,"4","PPM1G"
2.00767919540255e-80,0.588504159436697,0.345,0.185,3.79953287729932e-76,"4","BHLHE40"
1.58800595028249e-79,0.455694749342466,0.523,0.305,3.00530126090961e-75,"4","CSNK1D"
2.52682621494215e-79,0.623559427354438,0.25,0.12,4.78201861177803e-75,"4","ELMO1"
6.00234866776174e-79,0.558889443275898,0.373,0.205,1.13594448537391e-74,"4","MAZ"
1.01708692353242e-78,0.532402035521252,0.346,0.184,1.92483700278511e-74,"4","RAB10"
1.81905007652859e-78,0.40746058832964,0.81,0.509,3.44255226983035e-74,"4","CD8B"
7.6744351667043e-78,0.646197993695929,0.29,0.15,1.45238685529879e-73,"4","YWHAH"
1.68028371332271e-77,0.508204352215916,0.396,0.221,3.17993692746324e-73,"4","MRPS6"
3.82355534575494e-77,0.464647309932206,0.495,0.291,7.23607849184122e-73,"4","BIRC3"
6.57315619710375e-77,0.512294112080373,0.426,0.243,1.24396981030188e-72,"4","SERPINB9"
2.09050634068176e-76,0.404751923533168,0.59,0.355,3.95628324974024e-72,"4","AC016831.7"
2.56260511673627e-76,0.47085533640625,0.441,0.249,4.84973018342338e-72,"4","MAP2K2"
2.9673705833966e-76,0.439194173618617,0.53,0.316,5.61574882907807e-72,"4","NSD3"
1.63744708173363e-75,0.399755259711553,0.731,0.467,3.0988686021809e-71,"4","ATP1B3"
2.94113653577399e-75,0.381223702000703,0.802,0.544,5.56610089395227e-71,"4","ZFP36L1"
3.27543102238394e-75,0.406967173517346,0.615,0.375,6.19875320986161e-71,"4","CNOT6L"
4.58511573694616e-75,0.413954736955851,0.595,0.362,8.67733153217061e-71,"4","SH3KBP1"
5.10457538243581e-75,0.488032130031991,0.46,0.273,9.66040891125978e-71,"4","CHST12"
9.14921531862866e-75,0.441071057768793,0.393,0.216,1.73148899905047e-70,"4","SIRPG"
1.40584134612013e-74,0.544785383709506,0.331,0.176,2.66055474753234e-70,"4","NFKB2"
3.64525180067337e-73,0.489345162990626,0.424,0.245,6.89863903277435e-69,"4","VDAC1"
6.63324248987395e-73,0.619080978473627,0.288,0.151,1.25534114120865e-68,"4","MAP1LC3A"
4.73056070527741e-72,0.409645369202578,0.547,0.332,8.95258613473749e-68,"4","PAK2"
2.56049298492614e-71,0.459826232800834,0.427,0.246,4.84573297397271e-67,"4","RAB27A"
8.99485676811496e-71,0.467493332325358,0.395,0.225,1.70227664336576e-66,"4","GBP2"
3.5580650919002e-70,0.497111478595627,0.363,0.203,6.73363818642114e-66,"4","RNF115"
4.05946435350993e-70,0.369141474906102,0.99,0.713,7.68253628901755e-66,"4","CREM"
4.08557502814522e-70,0.544643437756186,0.308,0.166,7.73195074076483e-66,"4","TRIM28"
3.83760438742545e-69,0.441491113954804,0.476,0.285,7.26266630320266e-65,"4","PTPN7"
1.13713944685452e-68,0.456279251638181,0.381,0.215,2.15203640317218e-64,"4","ARID5B"
8.64657491593866e-68,0.460860306119765,0.386,0.22,1.63636430284139e-63,"4","INPP4B"
1.90230305496961e-66,0.435886827843638,0.346,0.19,3.60010853152999e-62,"4","DGKZ"
2.05398497552526e-65,0.436399088502076,0.444,0.264,3.88716656618156e-61,"4","MRFAP1"
6.83487407531158e-65,0.385064331787048,0.482,0.287,1.29349991875272e-60,"4","IKZF3"
7.24105369219051e-65,0.496426413491044,0.328,0.182,1.37036941124705e-60,"4","HMCES"
1.69302860071782e-64,0.459582726292271,0.348,0.196,3.20405662685847e-60,"4","VOPP1"
3.20428548047233e-64,0.385417690959543,0.652,0.418,6.06411027179389e-60,"4","IDI1"
8.63022794785093e-64,0.553212610165811,0.253,0.132,1.63327063913079e-59,"4","TSSC4"
2.27755633154421e-63,0.437816249818388,0.462,0.29,4.31027535744743e-59,"4","XCL1"
3.65654804884798e-63,0.516263679938052,0.284,0.153,6.92001718244481e-59,"4","UBN1"
3.28366489694733e-62,0.380300899118547,0.66,0.437,6.21433581747283e-58,"4","PKM"
1.680044599241e-61,0.344776483366504,0.791,0.542,3.17948440406358e-57,"4","ADGRE5"
2.83522415254293e-61,0.438124530751635,0.42,0.251,5.36566170868749e-57,"4","OASL"
3.49297960305843e-61,0.474371813036134,0.352,0.202,6.61046389878808e-57,"4","KDM6B"
5.22825651197546e-61,0.510817244658719,0.268,0.144,9.89447544891355e-57,"4","EPSTI1"
6.73816474940656e-61,0.405061472896784,0.476,0.29,1.27519767882519e-56,"4","HNRNPAB"
2.86438686712406e-60,0.52398677853549,0.26,0.139,5.42085214603228e-56,"4","IGF2R"
1.83891368396538e-59,0.346198575531462,0.63,0.397,3.48014414690448e-55,"4","CLEC2D"
6.61392189020312e-59,0.423697211756978,0.383,0.226,1.25168471772094e-54,"4","CCSER2"
7.06336903904508e-59,0.349588213295296,0.659,0.428,1.33674259063928e-54,"4","PRKCH"
1.61898031764928e-58,0.350911529097845,0.665,0.426,3.06392025115126e-54,"4","SDCBP"
1.85168577635322e-58,0.40931762847884,0.435,0.264,3.50431533174847e-54,"4","ETF1"
2.48997694636125e-58,0.390985209356949,0.521,0.33,4.71228137098866e-54,"4","SMARCA5"
6.37807769499097e-58,0.44791932279188,0.25,0.132,1.20705120377704e-53,"4","TLK1"
4.05066396492957e-57,0.351524281219953,0.629,0.408,7.66588155362921e-53,"4","TAP1"
7.44092149868526e-57,0.365228702906328,0.458,0.279,1.40819439362619e-52,"4","B4GALT1"
7.93959409398798e-57,0.405495350142603,0.416,0.252,1.50256818228723e-52,"4","FAM107B"
1.17421019841025e-56,0.476236936681602,0.299,0.169,2.2221928004914e-52,"4","BTG3"
3.1987512057094e-56,0.357120533969913,0.556,0.354,6.05363665680504e-52,"4","CHD1"
7.28150748598505e-56,0.346833824153053,0.614,0.395,1.37802529172267e-51,"4","PGAM1"
1.62988753262083e-55,0.439591123560197,0.256,0.138,3.08456215548491e-51,"4","JAK3"
2.04817300024405e-55,0.47734877995467,0.281,0.157,3.87616740296187e-51,"4","LAP3"
2.23820942420764e-55,0.338824003428672,0.721,0.484,4.23581133531295e-51,"4","PARK7"
2.62542851557054e-55,0.476708885003592,0.251,0.136,4.96862346571725e-51,"4","UBASH3A"
5.06019791891036e-55,0.337813406889896,0.595,0.382,9.57642456153786e-51,"4","SURF4"
1.95040565789651e-54,0.433657009914679,0.259,0.141,3.69114270756915e-50,"4","RUNX1"
2.46556459981903e-54,0.466097252224128,0.286,0.162,4.66608100515751e-50,"4","NUDT4"
2.64322012204162e-54,0.445329333274067,0.309,0.178,5.00229408096376e-50,"4","SAR1B"
2.73734863748618e-54,0.379501484820566,0.406,0.246,5.1804322964426e-50,"4","YWHAE"
7.45213072184389e-54,0.394361191470598,0.379,0.227,1.41031573910896e-49,"4","PPP1CC"
1.59752632436954e-53,0.46238905820517,0.303,0.176,3.02331856886936e-49,"4","B3GNT2"
3.71458198968232e-53,0.446449744359699,0.266,0.148,7.02984641547379e-49,"4","MSL2"
7.62829702342428e-53,0.330266689341834,0.752,0.503,1.44365521168305e-48,"4","UBE2B"
1.73593263605435e-52,0.338640019142756,0.723,0.483,3.28525251373286e-48,"4","ARF6"
1.73989428924122e-52,0.393659103843716,0.353,0.21,3.29274994238901e-48,"4","FASLG"
1.83976107373993e-52,0.407625223416942,0.36,0.215,3.48174783205282e-48,"4","PAF1"
8.9795715906441e-52,0.326311639526242,0.708,0.487,1.6993839235294e-47,"4","MT2A"
1.1876427781572e-51,0.45585735034482,0.287,0.164,2.2476139576625e-47,"4","GNL1"
1.60665012529874e-51,0.441200431126999,0.252,0.139,3.04058536212787e-47,"4","ATXN1"
1.67372066346908e-51,0.417856449786261,0.354,0.213,3.16751635561523e-47,"4","CXCR3"
3.3013628382821e-51,0.351589641919388,0.439,0.271,6.24782917144887e-47,"4","CLTA"
9.68614902692382e-51,0.308439912406193,0.899,0.647,1.83310370334533e-46,"4","TUBA4A"
1.03169607118756e-50,0.39440557755185,0.267,0.149,1.95248481472246e-46,"4","GTF2I"
1.42420869469319e-50,0.430502902883361,0.291,0.167,2.69531495470687e-46,"4","OSER1"
2.55075639831204e-50,0.354712025832564,0.444,0.276,4.82730648380554e-46,"4","ADRM1"
2.79641438461681e-50,0.455182765316919,0.279,0.16,5.29221422288732e-46,"4","RAB22A"
8.04385367420428e-50,0.397980529123903,0.332,0.196,1.52229930784316e-45,"4","ENC1"
3.43440757934961e-49,0.396834803253846,0.326,0.193,6.49961634391914e-45,"4","WAC"
4.76235086099079e-49,0.364636710499162,0.326,0.192,9.01274900442508e-45,"4","SPPL2A"
8.90070214685107e-49,0.326534006279578,0.36,0.214,1.68445788129156e-44,"4","TWF2"
1.57380381216323e-48,0.380050864565328,0.341,0.204,2.97842371451891e-44,"4","ARPP19"
5.18969847638368e-48,0.325412960465043,0.767,0.525,9.82150436655611e-44,"4","REL"
7.79050498175115e-48,0.343529452294678,0.398,0.245,1.47435306779641e-43,"4","PAFAH1B1"
1.48941936424191e-47,0.386470472801524,0.3,0.176,2.81872614682781e-43,"4","RANBP1"
1.53283829933115e-47,0.339898191684222,0.415,0.257,2.9008964814842e-43,"4","NRBP1"
1.96165540130031e-47,0.31071235572809,0.618,0.406,3.71243284696084e-43,"4","FNBP1"
2.07404847536765e-47,0.317802477256518,0.49,0.312,3.92513673963327e-43,"4","NAA50"
2.47720615789194e-47,0.373435527633147,0.333,0.199,4.6881126538105e-43,"4","CCDC12"
2.67028813268021e-47,0.304682045812081,0.463,0.289,5.0535202910973e-43,"4","PRKAR1A"
9.17231488370132e-47,0.337131554483482,0.376,0.23,1.73586059174047e-42,"4","SDF4"
1.13497833354941e-46,0.357226514726544,0.359,0.218,2.14794649624225e-42,"4","YTHDF2"
1.25734829217351e-46,0.331562929479963,0.445,0.283,2.37953164293837e-42,"4","NDFIP1"
1.83220425506879e-46,0.397353211196294,0.272,0.157,3.46744655271769e-42,"4","PER1"
2.0040835227667e-46,0.346186344363298,0.335,0.201,3.79272806683599e-42,"4","TMEM259"
2.37651036559615e-46,0.320032256035212,0.392,0.24,4.49754586689072e-42,"4","RAB11B"
2.39031617955778e-46,0.28513383512374,0.612,0.405,4.5236733698131e-42,"4","ITGA4"
3.58371736628957e-46,0.39877899969832,0.273,0.157,6.782185115703e-42,"4","BRD7"
3.66459829392156e-46,0.348137815317706,0.347,0.21,6.93525227124655e-42,"4","ATP6V0D1"
4.72594217680043e-46,0.32657459191222,0.412,0.256,8.94384556959482e-42,"4","C1orf43"
7.38702969557313e-46,0.324883587247366,0.421,0.262,1.39799536988722e-41,"4","EIF4H"
2.72317527621339e-45,0.408110037901856,0.254,0.145,5.15360921023385e-41,"4","LUC7L"
3.2331885738385e-45,0.332654690428154,0.354,0.216,6.11880937598937e-41,"4","MTPN"
6.44570791487606e-45,0.302214544554058,0.685,0.464,1.21985022289029e-40,"4","TERF2IP"
7.14864345815249e-45,0.378673550221524,0.294,0.174,1.35288077445536e-40,"4","TCIRG1"
7.26989313743243e-45,0.329780972157979,0.378,0.235,1.37582727625909e-40,"4","GOLPH3"
9.24810440425724e-45,0.390915486069641,0.265,0.154,1.75020375850568e-40,"4","ASNA1"
1.28154187178794e-44,0.307404861738412,0.435,0.273,2.42531799235868e-40,"4","YTHDC1"
1.45832964361855e-44,0.294267073228075,0.412,0.256,2.7598888505481e-40,"4","SEMA4D"
1.47289673352586e-44,0.379477946537118,0.308,0.185,2.78745706819769e-40,"4","TNIP1"
1.55924057257376e-44,0.282226632150455,0.528,0.337,2.95086278359584e-40,"4","RAC1"
1.85557538512097e-44,0.390098183601766,0.272,0.159,3.51167641634143e-40,"4","POM121C"
2.11621223292867e-44,0.348966270897873,0.325,0.196,4.00493165081751e-40,"4","CPNE1"
2.66947908341035e-44,0.393717664315398,0.261,0.151,5.05198916535409e-40,"4","PABPC4"
2.75192520277208e-44,0.441543285508697,0.253,0.147,5.20801844624616e-40,"4","PIK3AP1"
3.14053002443901e-44,0.349040890548869,0.291,0.172,5.94345307125082e-40,"4","PJA2"
3.73700462601632e-44,0.361816060076343,0.304,0.182,7.07228125473589e-40,"4","SURF2"
1.24174322452276e-43,0.404997012005109,0.29,0.174,2.34999905240932e-39,"4","SMU1"
4.20711539586895e-43,0.341885355767746,0.373,0.235,7.96196588668199e-39,"4","MTHFD2"
4.39514121953554e-43,0.361774449350609,0.283,0.167,8.31780475797101e-39,"4","NUTF2"
4.55440484534627e-43,0.354451115781713,0.302,0.182,8.61921116981782e-39,"4","HECTD1"
5.47372963241472e-43,0.346397305718806,0.342,0.212,1.03590333293449e-38,"4","SIAH2"
5.75048327668015e-43,0.326220353543174,0.323,0.195,1.08827896011172e-38,"4","TMEM165"
7.9567564002275e-43,0.306352120628091,0.43,0.273,1.50581614874305e-38,"4","WNK1"
1.17107890077082e-42,0.361684711567799,0.294,0.177,2.21626681970877e-38,"4","STT3B"
2.46626955508628e-42,0.341993582123632,0.332,0.203,4.66741513300079e-38,"4","ZMAT2"
2.48143491943776e-42,0.291596033613911,0.608,0.405,4.69611558503596e-38,"4","WDR1"
4.01861274100837e-42,0.300823523969568,0.448,0.287,7.60522461235834e-38,"4","RAB7A"
4.52106991207443e-42,0.352102547315761,0.266,0.156,8.55612480860086e-38,"4","NEDD9"
7.26968705063351e-42,0.355029919005669,0.317,0.195,1.37578827433239e-37,"4","GATA3"
1.16995528316031e-41,0.377530449438613,0.27,0.16,2.21414037338088e-37,"4","BNIP3L"
1.44331134977575e-41,0.343859044145179,0.312,0.19,2.7314667294506e-37,"4","LUC7L2"
1.58879262243389e-41,0.38608739982507,0.264,0.157,3.00679003795613e-37,"4","SOCS3"
1.62234577232801e-41,0.293030024056232,0.398,0.249,3.07028937413076e-37,"4","SEPT2"
1.70035509550715e-41,0.36610560281277,0.261,0.153,3.21792201824729e-37,"4","CUL3"
1.8836877668305e-41,0.329327924139574,0.278,0.166,3.56487909872672e-37,"4","CLTC"
2.98779075982784e-41,0.272280723219341,0.455,0.29,5.65439401297418e-37,"4","DOCK8"
3.08615565568141e-41,0.321409120978203,0.317,0.194,5.84054957837706e-37,"4","CNIH1"
3.48675137781066e-41,0.379099931393389,0.267,0.159,6.59867698250668e-37,"4","OGFR"
7.8992841269621e-41,0.326978319869122,0.313,0.191,1.49493952102758e-36,"4","STIP1"
1.96464640622725e-40,0.275054661585368,0.462,0.297,3.71809332378507e-36,"4","TUFM"
2.77258263580493e-40,0.316309100016333,0.985,0.723,5.24711263826084e-36,"4","CD8A"
3.94311700148876e-40,0.342808843103233,0.287,0.173,7.46234892531747e-36,"4","EIF4G1"
3.95709344126269e-40,0.32432008222314,0.28,0.168,7.48879933758965e-36,"4","NRDC"
6.53487807505788e-40,0.256980228752576,0.63,0.43,1.2367256757047e-35,"4","HSPH1"
6.55878284730436e-40,0.268059734692426,0.757,0.522,1.24124965385235e-35,"4","ETS1"
6.70327281427374e-40,0.303147077496834,0.303,0.184,1.26859438010131e-35,"4","RTF2"
1.08249955320539e-39,0.358591867254013,0.264,0.158,2.0486304044412e-35,"4","RAMMET"
1.18190077233903e-39,0.315982861037583,0.293,0.177,2.23674721165162e-35,"4","H2AFY"
1.23774421856776e-39,0.29791065104692,0.462,0.302,2.34243093363949e-35,"4","SLC3A2"
2.26328703285078e-39,0.318342776594902,0.307,0.189,4.2832707096701e-35,"4","BCL11B"
2.58502053522678e-39,0.299087243375273,0.394,0.251,4.89215136291668e-35,"4","CCT5"
2.86927455928923e-39,0.296553931000378,0.363,0.229,5.43010210345487e-35,"4","RNMT"
3.71327341043568e-39,0.299466479945702,0.364,0.231,7.02736992924953e-35,"4","TACC1"
8.48433992859914e-39,0.357967684312511,0.284,0.173,1.60566133148739e-34,"4","YIPF5"
8.59989612258043e-39,0.341963938646837,0.259,0.154,1.62753034119835e-34,"4","CD2BP2"
8.68409762980554e-39,0.320607869265442,0.278,0.168,1.6434654764407e-34,"4","TM9SF3"
1.00990942417505e-38,0.293779949697348,0.876,0.642,1.91125358525128e-34,"4","LDHA"
1.17137924208794e-38,0.257654577810585,0.665,0.449,2.21683521565143e-34,"4","PTPN22"
1.5008049679312e-38,0.332882305295042,0.264,0.158,2.8402734018098e-34,"4","SMARCC1"
1.62987940291226e-38,0.338318296010195,0.255,0.152,3.08454677001145e-34,"4","PPM1B"
2.15714163808529e-38,0.357230885581143,0.309,0.193,4.08239055007642e-34,"4","RELA"
2.31617341130772e-38,0.31401810298867,0.279,0.17,4.38335818089986e-34,"4","TRPC4AP"
2.48535816511293e-38,0.327155595965585,0.304,0.188,4.70354032747622e-34,"4","CASP3"
2.62440104318287e-38,0.338659369973475,0.271,0.164,4.96667897422358e-34,"4","CISD2"
6.69388728961932e-38,0.279374088970903,0.368,0.234,1.26681816956046e-33,"4","CYLD"
7.6814506551528e-38,0.272141719338316,0.332,0.206,1.45371453648767e-33,"4","PARP1"
1.23259340956027e-37,0.2622967355306,0.557,0.375,2.33268302759281e-33,"4","NOP58"
1.33863757724362e-37,0.251382540678065,0.484,0.319,2.53337161493355e-33,"4","CACYBP"
1.89185543485983e-37,0.294378739503143,0.323,0.201,3.58033641047223e-33,"4","AKIRIN2"
2.59835769864397e-37,0.31776340730445,0.298,0.184,4.9173919446837e-33,"4","PSMD2"
3.70112534578538e-37,0.27517724696686,0.891,0.643,7.00437971689883e-33,"4","EZR"
4.41387134856323e-37,0.336011952963418,0.264,0.16,8.3532515271559e-33,"4","DAZAP1"
8.72271248349536e-37,0.257714570672862,0.442,0.286,1.6507733375015e-32,"4","HNRNPR"
9.03626444839465e-37,0.299248097729637,0.362,0.231,1.71011304685869e-32,"4","MAPRE1"
1.57976988573281e-36,0.358646835699977,0.271,0.167,2.98971450874934e-32,"4","RAB1A"
1.86564397087756e-36,0.267140234421197,0.354,0.224,3.53073121488578e-32,"4","AHSA1"
1.91081089959565e-36,0.265419967717213,0.455,0.302,3.61620962748478e-32,"4","SLA2"
1.93259620884445e-36,0.262864681874593,0.482,0.319,3.65743832523813e-32,"4","RNPS1"
2.666927394748e-36,0.26908267758821,0.32,0.198,5.04716009456058e-32,"4","PSMG2"
4.62216080437486e-36,0.313279357316062,0.294,0.182,8.74743932227943e-32,"4","RBM42"
4.91282680218415e-36,0.276844252568265,0.301,0.187,9.2975247231335e-32,"4","PTPRA"
5.42076185221461e-36,0.342094163928678,0.262,0.16,1.02587918053162e-31,"4","CDV3"
5.57882636422814e-36,0.3353840220052,0.252,0.152,1.05579288943018e-31,"4","STX5"
7.80707523612009e-36,0.274096885053553,0.354,0.226,1.47748898843573e-31,"4","TMC6"
1.17094536473658e-35,0.274835089810216,0.361,0.231,2.21601410276398e-31,"4","PPP4R3A"
2.16721559248817e-35,0.337978499239066,0.25,0.152,4.10145550878387e-31,"4","FYTTD1"
3.05200199814636e-35,0.259327308987009,0.793,0.571,5.77591378149198e-31,"4","STK17B"
3.25021931441992e-35,0.279038308356452,0.341,0.218,6.15104005253969e-31,"4","PHF20L1"
3.56848437997532e-35,0.275429468740793,0.408,0.268,6.7533566891033e-31,"4","AP2M1"
5.02210894401507e-35,0.322348175224189,0.264,0.162,9.50434117654852e-31,"4","FAM32A"
6.04735820640053e-35,0.297109804725236,0.33,0.211,1.1444625405613e-30,"4","SLIRP"
1.05429149933852e-34,0.267669407708973,0.378,0.244,1.99524666249814e-30,"4","SF3B4"
1.87246538249257e-34,0.266047580087391,0.674,0.463,3.54364073636719e-30,"4","XRCC6"
1.95794979318457e-34,0.258147256645394,0.38,0.245,3.7054199836018e-30,"4","RAB2A"
2.04588741880962e-34,0.308267477497678,0.264,0.162,3.87184194009721e-30,"4","EIF4E2"
4.35249340655782e-34,0.279904583519466,0.331,0.213,8.23709377191068e-30,"4","MYLIP"
4.37732442148824e-34,0.283056718139634,0.266,0.164,8.2840864676665e-30,"4","BRAF"
5.54770352968255e-34,0.314611306241642,0.264,0.164,1.04990289299242e-29,"4","WDR74"
8.77874431683758e-34,0.267855669894596,0.381,0.248,1.66137736196151e-29,"4","CMTM6"
1.01938653681516e-33,0.283304845485889,0.271,0.167,1.92918902092269e-29,"4","MAP4"
1.35015060755494e-33,0.298191418710655,0.261,0.16,2.55516002479773e-29,"4","PDCD7"
2.82393423873542e-33,0.282809067950343,0.275,0.172,5.34429554680678e-29,"4","PIK3IP1"
3.11044030651956e-33,0.293784213564863,0.262,0.162,5.88650828008827e-29,"4","MVP"
4.03153792625313e-33,0.281924790924452,0.26,0.16,7.62968552543405e-29,"4","SLU7"
8.91128301995721e-33,0.251346320000065,0.804,0.589,1.6864603115269e-28,"4","SOD1"
1.13049901790175e-32,0.261070241637183,0.274,0.171,2.13946939137907e-28,"4","RNF10"
1.29060788750538e-32,0.279833115196795,0.291,0.184,2.44247542710393e-28,"4","MRPL47"
1.78399934947772e-32,0.279775596524686,0.318,0.204,3.37621876888659e-28,"4","TRABD"
4.50135811931765e-32,0.28841910611846,0.282,0.178,8.51882024080866e-28,"4","IST1"
5.53952213765268e-32,0.259946484344494,0.514,0.352,1.04835456455077e-27,"4","APOBEC3G"
1.10134063653798e-31,0.263363843255985,0.328,0.212,2.08428715464813e-27,"4","PNPLA8"
1.53471677663263e-31,0.250025781949392,0.341,0.221,2.90445149977725e-27,"4","MAF1"
2.20270244735046e-31,0.27996199494791,0.27,0.17,4.16861438161074e-27,"4","PRKX"
2.42256731995214e-31,0.261083150004679,0.274,0.173,4.58470865300943e-27,"4","SHKBP1"
7.87470485511565e-31,0.278224935258166,0.256,0.16,1.49028789383064e-26,"4","FAM50A"
1.7767722769476e-30,0.26476179150938,0.272,0.172,3.36254153412333e-26,"4","AP3S1"
3.20789834543032e-30,0.272171272908948,0.27,0.171,6.07094761872689e-26,"4","CNPPD1"
3.42472319356039e-30,0.255168474315664,0.272,0.173,6.48128864381305e-26,"4","ZFR"
6.35228040019739e-30,0.25571419273108,0.281,0.18,1.20216906573736e-25,"4","SACM1L"
1.05054758252051e-29,0.262850486907216,0.287,0.185,1.98816129992006e-25,"4","UHMK1"
2.00722646172553e-29,0.278052588235517,0.26,0.165,3.79867607881556e-25,"4","LRP10"
2.37828058925458e-29,0.270424067360044,0.267,0.17,4.5008960151643e-25,"4","ABCF1"
3.20184659103664e-29,0.257537873414263,0.352,0.236,6.05949467353684e-25,"4","SELPLG"
1.93287085441e-28,0.263977417409806,0.274,0.177,3.65795809197093e-24,"4","CYB5R3"
2.11192819320625e-28,0.254148434008501,0.274,0.177,3.99682410564283e-24,"4","SYNCRIP"
4.14732469246317e-28,0.259421353802436,0.269,0.173,7.84881198048655e-24,"4","DUSP11"
1.45280353949506e-27,0.279941286654843,0.255,0.165,2.74943069849441e-23,"4","DHX9"
0,2.18317650959336,0.697,0.24,0,"5","HSPA1B"
0,2.07147196278853,0.702,0.264,0,"5","FOSB"
0,1.78899607243762,0.694,0.301,0,"5","PPP1R15A"
0,1.56058611559983,0.83,0.46,0,"5","FOS"
0,1.69582477217545,0.64,0.298,0,"5","HSPA1A"
0,1.52860167172388,0.77,0.445,0,"5","JUN"
0,2.09851758632005,0.447,0.161,0,"5","NR4A1"
0,2.88520124088141,0.353,0.078,0,"5","EGR1"
0,1.17088148962316,0.779,0.513,0,"5","KLF6"
0,2.90618426992376,0.323,0.066,0,"5","TNF"
0,1.15001253936115,0.868,0.628,0,"5","DUSP1"
0,0.858263696390275,0.797,0.638,0,"5","CD69"
0,0.961940362703693,0.851,0.705,0,"5","DNAJB1"
0,0.828678362349979,0.792,0.652,0,"5","DNAJA1"
0,0.273014069799031,1,0.999,0,"5","MALAT1"
8.5247799364547e-308,1.11864221057872,0.658,0.409,1.61331460297405e-303,"5","TAGAP"
2.86411833491855e-282,0.504400208579103,0.914,0.897,5.42034394883335e-278,"5","HSP90AA1"
1.01028315077833e-279,1.62592840567706,0.437,0.197,1.91196086284799e-275,"5","NEU1"
4.75341344816811e-276,2.36322543632998,0.258,0.077,8.99583495065815e-272,"5","ATF3"
1.05535053304976e-263,0.550523011798613,0.866,0.815,1.99725088379667e-259,"5","HSP90AB1"
1.16198696820416e-263,1.34365106795779,0.528,0.289,2.19906033732637e-259,"5","CITED2"
3.01223242335731e-245,0.834663720474648,0.722,0.551,5.70064986120371e-241,"5","ZFP36L1"
8.14932718202427e-238,1.21384449956186,0.492,0.238,1.54226016919809e-233,"5","TXNIP"
1.43058413870466e-219,1.48425906666907,0.432,0.218,2.70738048249856e-215,"5","IFNG"
3.63646425082571e-211,0.336052764492931,0.945,0.95,6.88200859468765e-207,"5","HSPA8"
2.04365570911052e-198,1.52653852159209,0.354,0.159,3.86761842949165e-194,"5","IL7R"
1.0287155797589e-195,0.41628270170217,0.878,0.829,1.94684423469372e-191,"5","MT-ND2"
3.7829998853952e-193,0.311614746204818,0.933,0.913,7.15932728311041e-189,"5","MT-ATP8"
2.18095732351767e-192,0.848148230358214,0.638,0.468,4.12746173475719e-188,"5","RSRP1"
1.22780718802396e-188,1.52257804313219,0.438,0.248,2.32362510333534e-184,"5","CCL4L2"
1.9653275025159e-187,1.18234087671476,0.506,0.306,3.71938229851135e-183,"5","KLF2"
6.92222569990185e-181,0.331564669414599,0.894,0.855,1.31003121370642e-176,"5","DDX5"
4.48269426157122e-179,0.980821689442652,0.597,0.438,8.48349889002354e-175,"5","GADD45B"
3.15888571860766e-177,1.10927954228193,0.54,0.362,5.978191222465e-173,"5","NFKBIA"
1.86555431512627e-174,0.735627647968787,0.686,0.559,3.53056154137647e-170,"5","IER2"
1.33844824475363e-171,0.365852165361886,0.873,0.879,2.53301330319625e-167,"5","UBB"
6.41790176957302e-161,1.55762866177746,0.293,0.13,1.21458790989169e-156,"5","RASGEF1B"
1.25267386761699e-160,0.847458306008081,0.584,0.421,2.37068529446516e-156,"5","EIF4A2"
3.87916964417567e-151,0.631218668328307,0.741,0.735,7.34132855160246e-147,"5","CCL4"
2.5895775275185e-150,0.707859772699678,0.668,0.554,4.90077547082876e-146,"5","TSC22D3"
4.63699870659527e-147,0.966542069110724,0.484,0.295,8.77552005223154e-143,"5","LCP2"
4.4896996567146e-145,0.472951432694783,0.806,0.751,8.49675660033239e-141,"5","JUNB"
3.52542101505178e-128,1.21785656683854,0.375,0.218,6.6718592709855e-124,"5","SNHG12"
1.00029039381954e-125,0.25893494682377,0.91,0.898,1.89304957030349e-121,"5","MT-ND5"
6.20277779559419e-124,1.48505088713263,0.27,0.129,1.1738756978162e-119,"5","ZFAND2A"
5.19909745610788e-116,0.845405762309764,0.553,0.435,9.83929193568417e-112,"5","UBE2S"
1.22940709371688e-113,0.329919646596237,0.831,0.795,2.3266529248592e-109,"5","PNRC1"
1.81216689247619e-109,0.307746238701254,0.85,0.825,3.42952584401119e-105,"5","MT-ND4"
2.57745235466103e-107,0.801054050903989,0.577,0.485,4.87782858119599e-103,"5","TUBB4B"
3.11397142338957e-106,0.812204314668111,0.548,0.437,5.89319091876476e-102,"5","HSPH1"
1.32399352719567e-103,0.336412679829066,0.8,0.784,2.5056577502178e-99,"5","NR4A2"
7.50439895769445e-103,0.63186995996848,0.62,0.534,1.42020750274368e-98,"5","BTG2"
1.24169190008909e-95,0.971169233487682,0.432,0.302,2.3499019209186e-91,"5","SERTAD1"
2.57512021458914e-93,1.33925330999963,0.261,0.139,4.87341500610995e-89,"5","IER5"
8.10956754431573e-89,0.772404922706988,0.494,0.371,1.53473565776175e-84,"5","NEAT1"
3.42582985241473e-77,0.256023888215149,0.801,0.798,6.48338299569488e-73,"5","HNRNPA2B1"
3.69292389744925e-75,0.439622598710445,0.672,0.629,6.98885847592271e-71,"5","FUS"
8.90745065888897e-67,0.640640409611718,0.496,0.396,1.68573503719474e-62,"5","CCNL1"
4.146053904805e-65,0.676469545287304,0.502,0.413,7.84640701484346e-61,"5","TUBA1A"
8.40275677276284e-65,0.933773438083094,0.323,0.214,1.59022171924537e-60,"5","MYLIP"
1.17466201056919e-63,0.707875640086773,0.439,0.332,2.22304785500219e-59,"5","KIAA1551"
2.54034266534423e-61,0.561298454563129,0.54,0.438,4.80759849416395e-57,"5","MYADM"
8.15819669310675e-61,0.614106920467835,0.497,0.407,1.54393872417045e-56,"5","ZFAS1"
1.83713234736979e-60,0.981873888659224,0.287,0.182,3.47677296739732e-56,"5","ATF4"
9.69445173542013e-58,0.830836036645804,0.378,0.277,1.83467499092826e-53,"5","LTB"
1.34204974806251e-57,1.08401230904891,0.253,0.156,2.53982914820829e-53,"5","TNFSF9"
1.4785457373395e-57,0.754725362875995,0.376,0.27,2.798147807915e-53,"5","KLRG1"
3.29237896504173e-57,0.55330067058897,0.54,0.471,6.23082719134147e-53,"5","TUBA1B"
5.11402200495266e-57,0.394335979435483,0.632,0.562,9.67828664437292e-53,"5","EVL"
5.69397324340574e-55,1.00673263739868,0.251,0.155,1.07758443631454e-50,"5","MRPL18"
3.88525158883739e-53,0.696811110233178,0.415,0.321,7.35283863187475e-49,"5","SNHG8"
1.36158195788316e-52,0.410164628519421,0.635,0.61,2.57679385529388e-48,"5","BRD2"
9.24089918326448e-52,0.96916655223171,0.286,0.192,1.7488401704328e-47,"5","PNP"
1.79105107297399e-51,0.472353849071212,0.545,0.469,3.38956415560328e-47,"5","CD48"
2.01223130961758e-49,0.674189759423184,0.407,0.313,3.80814775345126e-45,"5","CLK1"
3.02062745482122e-49,0.593017301601924,0.449,0.361,5.71653745824916e-45,"5","ARGLU1"
1.44411591454414e-48,0.904038637202795,0.301,0.212,2.73298936827478e-44,"5","NFKBIZ"
2.64999053947094e-46,0.676210863578872,0.407,0.325,5.01510709594876e-42,"5","SLC38A2"
4.21194220743461e-44,0.87782505144377,0.316,0.236,7.97110062757001e-40,"5","H2AFX"
5.14218542050596e-42,0.684028029264636,0.324,0.23,9.73158590830754e-38,"5","DENND2D"
8.07792636521585e-40,0.747278300347975,0.341,0.265,1.5287475646171e-35,"5","CSRNP1"
8.43775409674214e-40,0.492495579915887,0.505,0.454,1.59684496280845e-35,"5","ID2"
5.39136565691565e-38,0.382718798300077,0.583,0.566,1.02031595057129e-33,"5","DYNLL1"
4.51071995464998e-37,0.557471210559826,0.429,0.358,8.5365375141751e-33,"5","ZC3HAV1"
1.24269105578149e-36,0.771140429461843,0.268,0.187,2.35179282306647e-32,"5","CDC42EP3"
2.69817710674758e-35,0.483312740456071,0.491,0.446,5.1063001745198e-31,"5","DDX3X"
4.62408635753438e-35,0.729212266790626,0.285,0.205,8.75108343163381e-31,"5","THEMIS"
5.85597379362423e-35,0.781312636491731,0.259,0.182,1.10824304044339e-30,"5","TNFAIP8"
8.2012896819376e-35,0.645575521718413,0.402,0.342,1.55209407230669e-30,"5","SOCS1"
1.4355308860947e-34,0.368434576329537,0.557,0.514,2.71674220193422e-30,"5","STK17A"
2.93586638467137e-33,0.671633592357513,0.354,0.285,5.55612713299056e-29,"5","HSPB1"
2.66391870495487e-29,0.613050484380571,0.296,0.22,5.0414661491271e-25,"5","SAMD3"
8.81180163923462e-29,0.564016850209618,0.333,0.256,1.66763346022515e-24,"5","TRAF3IP3"
5.23987936256857e-28,0.619470874964964,0.279,0.204,9.91647169366102e-24,"5","RCSD1"
5.82255218860885e-26,0.595195046736344,0.379,0.33,1.10191800169423e-21,"5","ODC1"
3.77572649763073e-25,0.655775945096256,0.269,0.203,7.14556239676616e-21,"5","ICOS"
2.08124029029263e-24,0.591818484508619,0.327,0.269,3.9387472493788e-20,"5","RSRC2"
7.65062486946754e-24,0.264523456369227,0.588,0.577,1.44788075654673e-19,"5","HNRNPDL"
1.79030140414023e-23,0.447354980808558,0.424,0.378,3.38814540733538e-19,"5","CELF2"
3.75296542696089e-23,0.575215538358496,0.3,0.237,7.10248707052348e-19,"5","GPR174"
1.08506489886741e-22,0.489877634555871,0.395,0.352,2.05348532110658e-18,"5","TRA2B"
3.67534062616529e-22,0.508479927037154,0.322,0.257,6.95558213501782e-18,"5","TUBB"
4.57986299865732e-22,0.591824233251731,0.291,0.233,8.66739072495898e-18,"5","SCML4"
1.48389169532121e-21,0.494703818445136,0.407,0.37,2.8082650333954e-17,"5","RGS2"
3.18394510787579e-21,0.568922559225908,0.302,0.246,6.02561611665492e-17,"5","RBMS1"
3.79037324064581e-20,0.588208625484724,0.292,0.239,7.17328135792219e-16,"5","CHORDC1"
4.15749088605591e-20,0.39420942687211,0.441,0.413,7.86805150186081e-16,"5","DDX17"
4.89039782504682e-20,0.25460200752012,0.575,0.581,9.25507788390111e-16,"5","RBM39"
6.46398862757069e-20,0.649882232275062,0.276,0.224,1.22330984776775e-15,"5","ANKRD37"
1.18152409446273e-19,0.341316332258024,0.557,0.534,2.23603434877072e-15,"5","ANXA1"
4.6204002532757e-19,0.295439764541562,0.558,0.543,8.74410747932427e-15,"5","SAT1"
7.32795056324926e-19,0.502244241691458,0.368,0.328,1.38681464409492e-14,"5","CACYBP"
1.18197967693193e-18,0.251625424168332,0.571,0.565,2.23689653859367e-14,"5","MBNL1"
2.2966542271793e-18,0.611435238288635,0.254,0.202,4.34641812493682e-14,"5","NKTR"
1.07440600918624e-16,0.441545363136707,0.311,0.255,2.03331337238495e-12,"5","LINC00861"
1.32570023954976e-16,0.361745884934049,0.444,0.418,2.50888770334791e-12,"5","ACAP1"
2.53644690992203e-15,0.326733721880141,0.503,0.478,4.80022577702743e-11,"5","RGCC"
1.25265361973973e-14,0.541422969521835,0.271,0.229,2.37064697535743e-10,"5","INPP4B"
1.46452508352677e-14,0.548972616099974,0.266,0.223,2.77161372057441e-10,"5","HNRNPH1"
2.00748734538418e-14,0.450993883141151,0.33,0.29,3.79916980113956e-10,"5","TAF1D"
3.74895507552696e-14,0.498767639241612,0.318,0.283,7.09489748043476e-10,"5","TCP1"
3.90188355531536e-14,0.355767131016061,0.385,0.347,7.38431462843431e-10,"5","LAT"
8.27852583400874e-14,0.447059178028386,0.31,0.27,1.56671101408615e-09,"5","SYNRG"
1.82111271953853e-13,0.462656267749411,0.313,0.277,3.44645582172667e-09,"5","ARHGAP15"
3.24242869502743e-13,0.453983106466501,0.332,0.3,6.13629630533941e-09,"5","IVNS1ABP"
5.98574776562612e-13,0.424912539891914,0.261,0.214,1.13280276464474e-08,"5","PLEK"
4.17554319183065e-12,0.567430854104074,0.274,0.24,7.90221549053951e-08,"5","MARCKSL1"
6.24451918128036e-12,0.417102637148295,0.297,0.257,1.18177525505731e-07,"5","PYHIN1"
7.3385239502561e-12,0.275992502371078,0.464,0.456,1.38881565758597e-07,"5","ANKRD12"
1.42434015612486e-11,0.376543481662067,0.331,0.297,2.69556374546631e-07,"5","CSK"
2.12289262247606e-10,0.307212582989959,0.415,0.394,4.01757428803594e-06,"5","AHNAK"
2.16572607808902e-10,0.351833442576368,0.385,0.367,4.09863660278348e-06,"5","PTGER4"
4.71183356820236e-10,0.443488318755206,0.261,0.224,8.91714502782297e-06,"5","LUC7L3"
4.77844761141166e-10,0.461297424715414,0.28,0.25,9.04321210459656e-06,"5","GLS"
6.19100646520716e-10,0.375053182164696,0.277,0.238,1.17164797354046e-05,"5","ARPC5L"
1.007236410177e-09,0.466224610475825,0.262,0.231,1.90619490625997e-05,"5","AHSA1"
1.11312498935908e-09,0.433244584790889,0.263,0.23,2.10658904236205e-05,"5","PNN"
1.26737860253591e-09,0.381509027822043,0.327,0.302,2.39851400529921e-05,"5","ANKRD44"
1.74673633527718e-09,0.42750624489669,0.33,0.313,3.30569851451206e-05,"5","IFRD1"
3.14401651896611e-09,0.433786107616766,0.252,0.219,5.95005126214336e-05,"5","ZBTB38"
3.25807791756132e-09,0.321275684988011,0.343,0.314,6.1659124589848e-05,"5","CCND3"
4.45246846111037e-09,0.439153409884371,0.262,0.232,8.42629656265137e-05,"5","RSF1"
9.66455223003037e-09,0.383098302848209,0.386,0.389,0.000182901650953325,"5","EIF4A3"
1.3008597598298e-08,0.447802385570332,0.264,0.237,0.000246187709547789,"5","TAF7"
1.39402178150965e-08,0.434326633548718,0.302,0.284,0.000263818622150701,"5","PPP1R10"
1.72397785638748e-08,0.421177001214174,0.292,0.268,0.000326262809321331,"5","MACF1"
2.1380346359629e-08,0.408705296349033,0.286,0.262,0.000404623054855979,"5","FAM107B"
3.17051979541226e-08,0.484389845919414,0.251,0.227,0.000600020871281771,"5","GLUD1"
3.88169843716211e-08,0.314443160741188,0.362,0.343,0.000734611429232929,"5","RBM25"
1.17225965690964e-07,0.341292142190441,0.312,0.291,0.0022185014007015,"5","FGFR1OP2"
1.24610381686346e-07,0.341773020250073,0.394,0.404,0.00235825147341409,"5","JUND"
3.03179319908118e-07,0.324261829618345,0.333,0.316,0.00573766862926113,"5","PNISR"
3.07451197400272e-07,0.298698721152391,0.378,0.371,0.00581851391080015,"5","ARHGEF1"
2.26004772846838e-06,0.461967431622331,0.256,0.241,0.0427714032612641,"5","CKS2"
8.02447100871861e-06,0.267109173018457,0.365,0.358,0.15186311384,"5","TC2N"
8.97803372950995e-06,0.258707204801865,0.398,0.399,0.169909288330976,"5","KLRB1"
2.52084913156253e-05,0.380667182052386,0.313,0.302,0.477070698148209,"5","XCL1"
4.68907154092134e-05,0.310571547387135,0.264,0.246,0.887406789119364,"5","PSTPIP1"
5.74594715017729e-05,0.272183162775656,0.348,0.344,1,"5","N4BP2L2"
0.000112232391633172,0.29773639489227,0.298,0.288,1,"5","IKZF1"
0.000207069743916646,0.299576966260917,0.336,0.338,1,"5","MAPRE2"
0.000489489844769426,0.272982940488832,0.316,0.312,1,"5","PRPF38B"
0.000822088758304915,0.295908023814033,0.33,0.338,1,"5","EIF4A1"
0.000851727699573295,0.347835692119955,0.266,0.26,1,"5","CHMP1B"
0.000880225704326526,0.27641047591212,0.305,0.302,1,"5","RBBP6"
0.000881934720370987,0.293995352695068,0.267,0.257,1,"5","SAMHD1"
0.00142235729762045,0.290926380024827,0.277,0.272,1,"5","ZFAND5"
0.00622470751149882,0.264575263703536,0.305,0.306,1,"5","ATP1A1"
0.00639889201220812,0.261915083545868,0.304,0.308,1,"5","AAK1"
0,0.913225232994463,0.812,0.502,0,"6","CEMIP2"
0,0.904881860935015,0.834,0.527,0,"6","SYTL3"
0,0.767278489517463,0.896,0.614,0,"6","TNFAIP3"
0,0.415078483972065,0.99,0.927,0,"6","PTPRC"
2.91025937876041e-309,1.0260416744871,0.72,0.407,5.50766587430407e-305,"6","PDE4B"
2.54712537984954e-304,0.908124419511966,0.775,0.475,4.82043478136525e-300,"6","SLC38A1"
7.36634275505364e-293,0.86936869817028,0.791,0.506,1.3940803663939e-288,"6","EML4"
1.4666790454562e-290,0.953576042294457,0.748,0.445,2.77569009352585e-286,"6","PTPN22"
1.61356531356472e-273,1.0488081568733,0.671,0.377,3.05367235592124e-269,"6","STAT4"
2.11923801305383e-245,0.947234724165924,0.68,0.395,4.01065793970438e-241,"6","RANBP2"
9.85821148936492e-245,0.950113598371534,0.693,0.415,1.86566652436231e-240,"6","RNF19A"
3.67858616989654e-235,0.646185588182724,0.877,0.651,6.96172432652921e-231,"6","HSPA5"
1.04569473042817e-234,0.881018146172057,0.682,0.405,1.97897727733532e-230,"6","RNF125"
2.91443887330785e-232,1.09989307586917,0.546,0.274,5.51557556773511e-228,"6","B4GALT1"
1.26974692860137e-215,0.541420791448227,0.883,0.694,2.40299606237809e-211,"6","LCP1"
1.10374472699962e-209,1.35485740590578,0.398,0.174,2.08883689584679e-205,"6","P2RY8"
1.18892300018489e-205,0.967432800009114,0.608,0.351,2.25003677784991e-201,"6","PTGER4"
6.77835519492467e-203,0.89574802550019,0.646,0.384,1.28280372063949e-198,"6","IQGAP1"
4.282917880241e-202,0.998687640142663,0.581,0.321,8.10542208835608e-198,"6","RALGAPA1"
6.04526695267251e-198,0.743134512914566,0.757,0.494,1.14406677079327e-193,"6","TNFRSF1B"
1.1207833189828e-197,1.02902267298249,0.55,0.3,2.12108243117494e-193,"6","CANX"
2.38896409118282e-194,1.07351301463047,0.488,0.237,4.52111454256348e-190,"6","DDX3Y"
8.32402359333756e-189,0.932852656339593,0.58,0.326,1.57532146503913e-184,"6","CDK17"
7.28563040374622e-187,0.677943540935668,0.803,0.57,1.37880555390897e-182,"6","SLC2A3"
3.34857816635285e-184,0.56145339023515,0.868,0.646,6.33718417982276e-180,"6","EZR"
3.13377401242869e-183,0.912140885634611,0.577,0.328,5.9306673185213e-179,"6","SMARCA5"
1.43581825842806e-177,1.14750269966797,0.432,0.21,2.7172860540751e-173,"6","GPCPD1"
2.66251968858569e-177,1.05955165628805,0.498,0.268,5.03881851064842e-173,"6","SYNE2"
1.4257147730554e-175,0.885952116195399,0.597,0.353,2.69816520800734e-171,"6","CHD1"
4.20186021381992e-174,1.09609127170312,0.45,0.224,7.9520204546542e-170,"6","VPS13C"
2.3036727314703e-173,0.88307419940129,0.583,0.342,4.35970064430754e-169,"6","SKIL"
5.49232315219805e-170,1.04106151104096,0.482,0.255,1.03942215655348e-165,"6","MACF1"
4.40175949461022e-168,0.813589818237476,0.64,0.405,8.33032984354985e-164,"6","ITGA4"
6.37719150155854e-166,0.967391845011945,0.507,0.273,1.20688349166995e-161,"6","PBXIP1"
4.49338300006274e-160,0.889245931704075,0.564,0.333,8.50372732761874e-156,"6","SRPRA"
4.79031106075067e-158,0.635783766825778,0.77,0.544,9.06566368247065e-154,"6","RNF213"
1.09471490969424e-157,1.1094728054996,0.414,0.207,2.07174796659634e-153,"6","CAMK4"
8.39838984430486e-156,0.806526426909858,0.617,0.385,1.5893952780347e-151,"6","RNF149"
1.12215655550316e-154,1.07651349093498,0.428,0.221,2.12368128128972e-150,"6","LBR"
7.45596747490692e-154,0.852466920210101,0.549,0.318,1.41104184462613e-149,"6","ZBTB1"
5.69395559392707e-152,0.798724941853892,0.62,0.4,1.0775810961507e-147,"6","CD96"
2.20377885275434e-150,1.01735597658763,0.432,0.222,4.17065147883758e-146,"6","RFTN1"
3.40254065105969e-150,0.759566105088126,0.619,0.392,6.43930818213047e-146,"6","DDX6"
8.30729086258019e-150,0.656409649899812,0.718,0.495,1.5721547957433e-145,"6","AKAP13"
2.57391608876464e-149,0.829208817545213,0.583,0.354,4.87113619798708e-145,"6","SERINC1"
1.92111294219581e-147,0.913625959216419,0.491,0.273,3.63570624310558e-143,"6","PPP1R16B"
1.75560466062424e-144,0.79712401939117,0.583,0.358,3.32248182023137e-140,"6","AC016831.7"
4.91730099726942e-144,0.911944554415735,0.495,0.281,9.30599213733237e-140,"6","UTRN"
1.11270520271524e-143,0.891418428965122,0.509,0.293,2.10579459613858e-139,"6","EMB"
2.82763968548014e-142,0.983272312251773,0.454,0.246,5.35130810477117e-138,"6","LNPEP"
5.69289474447271e-141,1.04458167060086,0.405,0.21,1.07738033039146e-136,"6","PDE4D"
2.4922558853286e-140,0.97485977236779,0.447,0.242,4.71659426298437e-136,"6","GPRIN3"
1.67430198356554e-139,0.703348006999167,0.663,0.448,3.16861650389778e-135,"6","SPOCK2"
3.90696854016035e-139,1.18016963820481,0.355,0.173,7.39393796225346e-135,"6","GOLGB1"
7.11819163756202e-139,1.09058356668153,0.374,0.186,1.34711776740861e-134,"6","DOCK10"
7.23370557412079e-139,0.548425868085527,0.774,0.587,1.36897877990236e-134,"6","PIK3R1"
2.36727616457005e-138,0.576105707607258,0.751,0.522,4.48007014144883e-134,"6","TENT5C"
2.69687248288032e-138,0.61660286107286,0.735,0.53,5.10383117385101e-134,"6","REL"
2.41922009744644e-136,1.1499298936278,0.345,0.166,4.57837403441739e-132,"6","AUTS2"
2.81110984512485e-134,0.906314658077431,0.465,0.258,5.32002538189878e-130,"6","NUP98"
4.90281393295451e-134,0.59795763410332,0.752,0.543,9.2785753681164e-130,"6","CD44"
7.48126860084573e-134,0.770596801490046,0.583,0.372,1.41583008271005e-129,"6","SMCHD1"
2.14604828112002e-133,0.879968993073908,0.463,0.254,4.06139637201964e-129,"6","PLEKHA2"
8.42839630968761e-130,0.547343571309015,0.741,0.545,1.59507400160838e-125,"6","EIF4G2"
5.33776125858707e-129,0.440335118190357,0.953,0.744,1.0101713181876e-124,"6","CXCR4"
1.09791368051209e-128,0.658977292721834,0.662,0.455,2.07780164036913e-124,"6","SAMSN1"
1.88929962191629e-128,0.535260114921527,0.785,0.6,3.57549953447658e-124,"6","PDIA3"
5.17173450847574e-126,0.729107506178279,0.589,0.378,9.78750755729034e-122,"6","CNOT6L"
1.28940290474489e-124,1.05203954909664,0.365,0.187,2.4401949972297e-120,"6","FBXO34"
1.32112115509664e-124,0.832216154059843,0.505,0.301,2.50022178602039e-120,"6","ARAP2"
3.65831206549845e-124,0.946683344150672,0.435,0.244,6.92335558395581e-120,"6","SERPINB9"
3.69235914065838e-124,0.774010900276656,0.54,0.326,6.98778967369598e-120,"6","KIAA1551"
1.21089662077321e-123,1.26225433045304,0.278,0.125,2.2916218548133e-119,"6","SUCO"
1.04588955937832e-122,0.73911386334227,0.588,0.382,1.97934599112347e-118,"6","AHNAK"
6.71807226316622e-120,0.682095314176468,0.601,0.393,1.27139517580421e-115,"6","NR4A3"
5.06639870181536e-119,0.663022443742112,0.619,0.401,9.58815954318557e-115,"6","DDX17"
5.8902285035304e-119,0.795717356906032,0.521,0.317,1.11472574429313e-114,"6","SLC38A2"
8.85456078834289e-117,0.60633216015187,0.685,0.482,1.67572562919389e-112,"6","NR3C1"
2.35010833850567e-116,0.783426345817705,0.533,0.337,4.44758003062198e-112,"6","CBLB"
1.07170156635173e-115,0.89024410360598,0.42,0.232,2.02819521432065e-111,"6","ATP8A1"
4.44282607708824e-115,0.605698192426296,0.705,0.513,8.40804835088949e-111,"6","HSP90B1"
4.60121053308467e-115,1.07059239383654,0.333,0.167,8.70779093386275e-111,"6","CCDC47"
4.5532557832842e-114,0.56340537182144,0.715,0.536,8.61703656986535e-110,"6","PRRC2C"
3.490850486383e-112,1.02125630814135,0.332,0.165,6.60643454547984e-108,"6","TM9SF3"
1.29370922594687e-111,1.01322914626653,0.345,0.176,2.44834471010445e-107,"6","SACM1L"
2.38881159780512e-111,0.525252453546297,0.735,0.554,4.52082594884618e-107,"6","MBNL1"
3.05304551230409e-111,1.16068662872245,0.28,0.13,5.77788863203549e-107,"6","SEL1L"
3.14558498128652e-111,0.945234303447856,0.39,0.214,5.95301957708474e-107,"6","NIPBL"
5.14349759294574e-111,0.80912381870235,0.461,0.269,9.7340691946498e-107,"6","TIPARP"
1.04558267091909e-110,0.988724524034687,0.351,0.181,1.97876520471437e-106,"6","BIRC6"
2.47866323801329e-110,0.865053419872117,0.421,0.237,4.69087017794016e-106,"6","PRPF8"
6.65719333654969e-110,1.01255565016589,0.355,0.188,1.25987383894203e-105,"6","CD28"
2.62247664593412e-109,0.488031815252253,0.762,0.575,4.96303705243032e-105,"6","STK17B"
3.08063296413445e-109,0.415324314534233,0.852,0.693,5.83009788462445e-105,"6","FYN"
1.87677751123486e-108,0.585974511109109,0.656,0.458,3.55180144001197e-104,"6","G3BP2"
1.0707708431244e-107,0.895509722870326,0.412,0.235,2.02643382061293e-103,"6","IL21R"
3.70887273069797e-107,0.951570979576215,0.364,0.194,7.01904164284592e-103,"6","RNF168"
4.44115018447941e-106,1.06568926682608,0.292,0.14,8.40487672412728e-102,"6","HUWE1"
1.2163268998806e-105,0.948814951496339,0.379,0.209,2.30189865802403e-101,"6","JMJD1C"
1.53835009690684e-103,1.0587808355579,0.316,0.162,2.9113275583962e-99,"6","CEP350"
1.65871477172652e-103,0.926431572649501,0.355,0.19,3.13911770549244e-99,"6","GGA2"
3.13564278027786e-103,0.646916488532777,0.586,0.393,5.93420396167584e-99,"6","USP36"
3.92057841772602e-103,0.993082949070212,0.341,0.181,7.41969465554649e-99,"6","COPA"
6.99465371247106e-103,0.84441940132802,0.425,0.248,1.32373821508515e-98,"6","ATF7IP"
8.31280816601457e-102,0.520230832351906,0.715,0.525,1.57319894541826e-97,"6","STK4"
6.73334666230324e-101,0.612170380556684,0.61,0.419,1.27428585584089e-96,"6","IDS"
7.04444483791508e-101,1.12247640767691,0.28,0.137,1.33316118557543e-96,"6","TGFBR3"
4.92263272362429e-100,1.10018342710969,0.282,0.138,9.31608242945897e-96,"6","CYP20A1"
5.86170443902496e-99,0.873730787139689,0.382,0.212,1.10932756508547e-94,"6","GLG1"
1.36407321867808e-98,1.09878529145543,0.26,0.122,2.58150856634826e-94,"6","SPAG9"
8.96319020198137e-98,1.09514245261518,0.256,0.119,1.69628374572497e-93,"6","KAT6A"
1.34139833983418e-97,0.640549625555557,0.578,0.387,2.53859635813618e-93,"6","SF3B1"
2.66386701961334e-97,0.701070942191902,0.493,0.302,5.04136833461825e-93,"6","SPTAN1"
2.74747155258298e-97,0.690858376894204,0.516,0.33,5.19958991326329e-93,"6","CCND2"
3.51884594926866e-97,0.776041348752104,0.475,0.296,6.65941595899093e-93,"6","SLC7A5"
1.19926999475848e-96,0.899626522636715,0.369,0.204,2.26961846508043e-92,"6","CD46"
2.1663177868623e-96,1.04879088302584,0.311,0.161,4.0997564116369e-92,"6","BRAF"
5.04162433219984e-96,0.910871132738748,0.364,0.201,9.54127404868819e-92,"6","ATP2B4"
2.61866430862474e-95,0.650293890105645,0.545,0.356,4.95582220407233e-91,"6","MATR3-1"
3.9123340161773e-95,0.984793585914609,0.319,0.168,7.40409212561553e-91,"6","SLC20A1"
8.38835551774502e-95,0.914347293162279,0.364,0.205,1.58749628173324e-90,"6","GOLGA4"
9.86292772020265e-95,1.05861819661507,0.278,0.137,1.86655907104835e-90,"6","ADAM10"
2.42227665879059e-94,0.77367311394357,0.453,0.28,4.58415857676119e-90,"6","CYTH1"
6.46051884949251e-94,1.0007352833679,0.297,0.151,1.22265319226646e-89,"6","GFPT1"
3.5948921459886e-93,0.987328962772073,0.309,0.162,6.80333338628343e-89,"6","DHX9"
3.9681637527939e-93,0.963990693137517,0.333,0.181,7.50974990216246e-89,"6","HECTD1"
4.74378514872067e-93,0.483637471923468,0.722,0.539,8.97761339395387e-89,"6","HNRNPU"
6.8190899441511e-93,1.00878584328221,0.276,0.135,1.2905127719306e-88,"6","MAP3K2"
5.12152961638747e-92,0.670045772992391,0.524,0.346,9.69249479901328e-88,"6","RAB8B"
2.37100047747731e-91,0.63841551246208,0.538,0.353,4.4871184036258e-87,"6","CDKN1B"
1.08669025790044e-90,0.63619629226165,0.577,0.403,2.05656131307658e-86,"6","CLEC2D"
3.54689381215016e-90,1.06021368587594,0.278,0.141,6.71249653949419e-86,"6","SYTL2"
6.82127353175409e-90,0.940459649526734,0.29,0.147,1.29092601588446e-85,"6","MSL2"
8.3915707805468e-90,1.10782933403722,0.25,0.121,1.58810477021848e-85,"6","CYP51A1"
2.34111044033322e-89,0.739646775777884,0.462,0.286,4.43055150833062e-85,"6","IL10RA"
2.88834299229001e-89,0.747807514422043,0.492,0.325,5.46618911290884e-85,"6","RORA"
6.54474423802261e-89,0.76777834835257,0.427,0.257,1.23859284704578e-84,"6","SEMA4D"
7.88687858660576e-89,0.873684697066752,0.373,0.216,1.49259177251514e-84,"6","ITGB1"
1.13065827654023e-88,0.483749302197309,0.715,0.545,2.13977078835239e-84,"6","KMT2E"
3.53995801695159e-88,0.679293705020251,0.521,0.348,6.69937054708088e-84,"6","TC2N"
3.95215751541727e-88,0.771072902205603,0.459,0.295,7.47945809792719e-84,"6","BIRC3"
7.46546977563566e-88,0.466128928991959,0.7,0.528,1.41284015503905e-83,"6","ETS1"
1.80970230881989e-87,0.77991698199743,0.439,0.275,3.42486161944164e-83,"6","USP15"
5.7227903536175e-87,0.855024457276856,0.398,0.238,1.08303807442211e-82,"6","NFKB1"
8.44665935846997e-87,0.860798841345523,0.356,0.201,1.59853028359044e-82,"6","TGFBR2"
2.30110083961986e-86,0.917550684234863,0.338,0.191,4.35483333898058e-82,"6","ASXL2"
4.82413415522968e-86,0.774041830110347,0.41,0.245,9.12967388877217e-82,"6","PAFAH1B1"
5.41477890060368e-86,1.00595844979258,0.27,0.136,1.02474690693925e-81,"6","ETV3"
6.93082774360012e-86,0.508455686372686,0.709,0.549,1.31165915047632e-81,"6","ADGRE5"
9.12188549864349e-86,0.806159365761358,0.399,0.239,1.72631683061828e-81,"6","CRYBG1"
4.86229613891899e-85,0.57407243312883,0.588,0.41,9.20189544290419e-81,"6","FNBP1"
5.17829469131804e-85,0.900572007660017,0.33,0.183,9.7999227033194e-81,"6","ELL2"
9.95388131539845e-85,0.892317242334099,0.328,0.18,1.88377203893916e-80,"6","FAM13B"
1.43289812648975e-84,0.657318228544813,0.531,0.372,2.71175970438186e-80,"6","ZEB2"
5.00010048789272e-84,1.05001180783544,0.253,0.126,9.46269017333697e-80,"6","DENND4A"
5.51884439811738e-84,0.808934335714231,0.371,0.217,1.04444130234371e-79,"6","PFKFB3"
8.68391998248134e-84,0.819930828047748,0.375,0.221,1.64343185668459e-79,"6","PCM1"
6.18818814989354e-83,0.941065355967587,0.3,0.161,1.17111460736735e-78,"6","PRKDC"
3.05367480313339e-82,0.668310808181458,0.505,0.338,5.77907956492995e-78,"6","GPBP1"
4.39926774191976e-82,0.906638447042664,0.311,0.17,8.32561420158315e-78,"6","HELZ"
6.43202157266946e-82,0.859754852439467,0.345,0.197,1.21726008262769e-77,"6","PHF3"
1.78597833936502e-81,0.843762061696844,0.334,0.186,3.3799640072483e-77,"6","TNKS2"
6.24988155561788e-81,0.779219781062568,0.365,0.21,1.18279008440068e-76,"6","PTBP3"
1.50444395874662e-80,0.948875783361417,0.283,0.15,2.84716019192799e-76,"6","KMT2C"
1.07419798100021e-78,0.52192485210498,0.639,0.476,2.03291967904289e-74,"6","ATP1B3"
1.60532996339895e-78,0.783855848372325,0.401,0.246,3.03808695573252e-74,"6","CD55"
1.68441268507166e-78,0.911155860328222,0.326,0.188,3.18775100649812e-74,"6","BHLHE40"
2.04770819410002e-78,1.02139090643785,0.288,0.159,3.87528775733429e-74,"6","ATP2B1"
3.82345837019679e-78,0.820171187391436,0.371,0.224,7.23589496559743e-74,"6","CCNT1"
1.52136015389704e-77,0.958654448759969,0.274,0.146,2.87917409125015e-73,"6","SETX"
6.71030618218023e-77,0.755785070922616,0.405,0.253,1.26992544497761e-72,"6","APOL6"
7.53352714224827e-77,0.906716558305636,0.313,0.177,1.42572001167048e-72,"6","SC5D"
7.8738431705436e-77,0.947944716308266,0.283,0.152,1.49012482002538e-72,"6","TUT4"
1.22061271025623e-76,0.881555768630388,0.301,0.165,2.31000955415991e-72,"6","CLTC"
2.28362754196869e-76,0.882818170859704,0.305,0.169,4.32176512317575e-72,"6","TRPC4AP"
4.75744495497795e-76,0.685472306500427,0.433,0.274,9.00346457729577e-72,"6","WNK1"
1.16916793846406e-75,0.704089892474111,0.432,0.275,2.21265032354323e-71,"6","DYNC1H1"
4.80581215550513e-75,0.509541565094885,0.612,0.438,9.09499950429347e-71,"6","DDX3X"
5.6206127572373e-75,0.950176487753097,0.275,0.148,1.06370096430716e-70,"6","FAM118A"
1.02149572208125e-74,0.872597088508892,0.314,0.178,1.93318065403877e-70,"6","XRN1"
6.33897305654193e-74,0.655323427094667,0.484,0.329,1.19965065095056e-69,"6","AOAH"
6.39926712854644e-74,0.925173853837663,0.287,0.157,1.21106130407741e-69,"6","BORCS5"
2.20849830120189e-73,0.819304698683288,0.336,0.196,4.17958303502457e-69,"6","STAG2"
2.75119004297219e-73,0.60667242124902,0.536,0.381,5.20662715632487e-69,"6","GPR65"
5.04910120270975e-73,0.753683663459432,0.365,0.219,9.55542402612819e-69,"6","HCG18"
5.08756289236431e-73,0.698199624185443,0.427,0.276,9.62821277379946e-69,"6","ITK"
5.67476289536669e-73,0.919269201849682,0.266,0.141,1.07394887794815e-68,"6","USP47"
6.7172717663618e-73,0.743649549051184,0.383,0.235,1.27124368178397e-68,"6","TMF1"
9.00311371782234e-72,0.617589912082658,0.498,0.338,1.70383927109788e-67,"6","PARP8"
1.49546733859476e-71,0.852768260725641,0.317,0.183,2.83017193829059e-67,"6","P2RY10"
3.74885634689341e-71,0.65294718249293,0.448,0.292,7.09471063649577e-67,"6","IVNS1ABP"
1.0710880016722e-70,0.695730624505509,0.394,0.242,2.02703404316464e-66,"6","GLS"
3.66836825298403e-70,0.796306979659413,0.338,0.199,6.94238691877227e-66,"6","ABLIM1"
4.37363770269633e-70,0.943128822068129,0.254,0.135,8.2771093523528e-66,"6","ITCH"
5.38898736805803e-70,0.442012082861604,0.674,0.514,1.01986585940498e-65,"6","MSN"
6.30096056460962e-70,0.535321792700967,0.561,0.397,1.19245678685237e-65,"6","STAT3"
9.0842904112756e-70,0.653083411570228,0.432,0.276,1.71920196033391e-65,"6","ADAR"
1.00224538205662e-69,0.920410230352236,0.279,0.155,1.89674938554216e-65,"6","ASH1L"
6.86682449202259e-69,0.976737671112563,0.278,0.157,1.29954653511527e-64,"6","AHI1"
2.19306081672777e-68,0.514817251311231,0.584,0.426,4.1503675956573e-64,"6","ARID4B"
2.4221937091955e-68,0.432659343518842,0.692,0.53,4.58400159465249e-64,"6","BTG2"
3.77663321070307e-68,0.395221720352583,0.718,0.559,7.14727835125557e-64,"6","MYH9"
5.36669046281338e-68,0.622833833943522,0.482,0.332,1.01564617008743e-63,"6","SCAF11"
1.29388218340289e-67,0.914098151999546,0.265,0.145,2.44867203208997e-63,"6","MARCH6"
1.68726511626918e-67,0.649647834589631,0.443,0.292,3.19314923253943e-63,"6","DOCK8"
1.83310275099885e-67,0.555408689070394,0.515,0.351,3.46914695626532e-63,"6","TLN1"
1.91386929685582e-67,0.851379313978784,0.308,0.179,3.62199764429964e-63,"6","DNAJC3"
2.10045193123354e-67,0.654684900238603,0.424,0.276,3.97510527985947e-63,"6","DIAPH1"
2.57678237525812e-67,0.818779386039304,0.33,0.199,4.876560645176e-63,"6","ICOS"
4.20078714576053e-67,0.507886871103903,0.562,0.401,7.94998967335181e-63,"6","ACTR2"
5.84492025933374e-67,0.684200612744717,0.368,0.225,1.10615115907891e-62,"6","JOSD1"
6.83806953961442e-67,0.849000791813169,0.299,0.171,1.29410466037203e-62,"6","HIF1A"
3.57874690684806e-66,0.70871610416201,0.396,0.252,6.77277852120995e-62,"6","PDE7A"
7.07133827791764e-66,0.895009108537499,0.263,0.145,1.33825076909591e-61,"6","IRF4"
2.10214531041859e-64,0.637194904201668,0.445,0.296,3.97830999996718e-60,"6","ATP1A1"
2.21324402963435e-64,0.829052931768474,0.294,0.17,4.188564326083e-60,"6","ZNF292"
2.97775758011019e-64,0.843786756847136,0.25,0.133,5.63540622035853e-60,"6","TLK1"
6.32770689525051e-64,0.84796130610733,0.266,0.147,1.19751852992616e-59,"6","SNRK"
8.02768121987051e-64,0.401680504455547,0.693,0.546,1.51923867086049e-59,"6","JAK1"
8.1556808631177e-64,0.653123835337211,0.432,0.289,1.54346260334503e-59,"6","CD5"
9.33559182125768e-64,0.700596213183328,0.39,0.252,1.76676075217302e-59,"6","MYCBP2"
1.30193610263197e-63,0.689391088335677,0.409,0.272,2.46391407423101e-59,"6","SERINC3"
1.46244588707062e-63,0.833831435311745,0.273,0.152,2.76767884128115e-59,"6","TRAPPC10"
2.04158805522676e-63,0.490038217022603,0.58,0.427,3.86370539451664e-59,"6","CDC42SE2"
2.3473635094509e-63,0.853289479215669,0.261,0.144,4.44238544163582e-59,"6","BCL2L11"
3.14847473379808e-63,0.771994224701867,0.299,0.172,5.95848843371286e-59,"6","PJA2"
6.6054341907532e-63,0.595737648051313,0.472,0.324,1.25007842060004e-58,"6","TRAM1"
7.33517517940523e-63,0.644042697083521,0.44,0.303,1.38818190270244e-58,"6","ATRX"
1.52152031217241e-62,0.692882504620501,0.322,0.189,2.87947719078628e-58,"6","HIST1H1E"
2.40448389818133e-62,0.362392717297932,0.787,0.634,4.55048577730817e-58,"6","LEPROTL1"
4.53664379575266e-62,0.551448901993922,0.504,0.354,8.58559838346191e-58,"6","BCLAF1"
8.22709068560678e-62,0.608020332057009,0.421,0.276,1.55697691225108e-57,"6","PPP1R10"
9.01165324439743e-62,0.77295178519713,0.326,0.199,1.70545537650221e-57,"6","TM9SF2"
2.5522388989662e-61,0.772194851674708,0.312,0.186,4.83011211629353e-57,"6","PRKAR2A"
6.21696134810953e-61,0.713218224820393,0.358,0.226,1.17655993512973e-56,"6","CTR9"
2.35252020859837e-60,0.591059548115117,0.445,0.301,4.45214449477242e-56,"6","G3BP1"
1.88626194104989e-59,0.790252162429068,0.317,0.194,3.56975072343692e-55,"6","SPPL2A"
2.59602366485972e-59,0.776138862386877,0.288,0.168,4.91297478574701e-55,"6","NRDC"
2.93461980475357e-59,0.78300749317313,0.308,0.187,5.55376798049613e-55,"6","F2R"
8.02762918935052e-59,0.543733237014895,0.463,0.315,1.51922882408459e-54,"6","NAA50"
1.20265387755852e-58,0.393864059364577,0.699,0.537,2.2760224632795e-54,"6","VPS37B"
2.40612036943711e-58,0.821088917574713,0.272,0.157,4.55358279915972e-54,"6","CAND1"
2.47995713454562e-58,0.63294880207188,0.413,0.278,4.69331887712758e-54,"6","ROCK1"
3.53408739974179e-58,0.82017057434459,0.278,0.162,6.68826040401134e-54,"6","NUP58"
5.16593594947809e-58,0.844650061172561,0.26,0.148,9.77653378438728e-54,"6","TOR1AIP1"
6.59176488892632e-58,0.856500074613725,0.264,0.152,1.24749150522931e-53,"6","RIOK3"
7.61620009406431e-58,0.803474434542207,0.265,0.151,1.44136586780167e-53,"6","PAG1"
1.00255953156202e-57,0.735010840888708,0.336,0.212,1.89734391348113e-53,"6","PNPLA8"
3.48753851491246e-57,0.782173248657304,0.274,0.158,6.60016663947183e-53,"6","ANKHD1"
2.02114461627555e-56,0.676103453555217,0.341,0.214,3.82501618630147e-52,"6","NIN"
2.71314438552677e-56,0.614448656524717,0.404,0.269,5.13462574960942e-52,"6","NAMPT"
4.25165680944419e-56,0.350051984700091,0.77,0.622,8.04626051187313e-52,"6","FUS"
5.37113054877789e-56,0.76440331968521,0.303,0.185,1.01648645635622e-51,"6","PDCD6IP"
9.75207421207968e-56,0.660272616950214,0.433,0.308,1.84558004463608e-51,"6","CXCR6"
1.23920923409962e-55,0.815411483254062,0.267,0.155,2.34520347553354e-51,"6","LRBA"
1.29191191915839e-55,0.518142435340326,0.483,0.338,2.44494330700726e-51,"6","PAK2"
1.60211514446292e-55,0.781205899043416,0.275,0.16,3.03200291089608e-51,"6","POM121C"
1.75682414595054e-55,0.350260060184266,0.765,0.612,3.3247896962114e-51,"6","ZNF331"
4.63076717751381e-55,0.775771060208005,0.29,0.174,8.76372688344488e-51,"6","FRYL"
5.19912955153237e-55,0.704031270631062,0.376,0.254,9.83935267627501e-51,"6","AKAP9"
5.64935403519916e-55,0.569414332780338,0.462,0.324,1.06914025116144e-50,"6","CD6"
1.21900016449467e-54,0.268113373500916,0.903,0.784,2.30695781130616e-50,"6","SRSF7"
2.92435017376403e-54,0.565814570537261,0.473,0.336,5.53433270384843e-50,"6","N4BP2L2"
3.12689974019949e-54,0.580246501394577,0.441,0.305,5.91765775832754e-50,"6","CHD2"
6.91781647321929e-54,0.478628839938118,0.546,0.405,1.30919676755675e-49,"6","SLA"
9.29498369807604e-54,0.448029810922383,0.602,0.458,1.75907566486089e-49,"6","TAPBP"
1.72103226391252e-53,0.778080070235753,0.267,0.156,3.25705355945445e-49,"6","SENP6"
1.81064488439961e-53,0.429509721089581,0.619,0.47,3.42664544372626e-49,"6","RSRP1"
2.26745375502988e-53,0.599986887086392,0.404,0.271,4.29115623139405e-49,"6","EIF3A"
5.47633026963148e-53,0.647577831565042,0.358,0.232,1.03639550352776e-48,"6","TACC1"
5.76169535666207e-53,0.709816780073191,0.316,0.197,1.0904008462483e-48,"6","TMEM165"
7.52035083270668e-53,0.731483344093168,0.306,0.19,1.42322639508974e-48,"6","FOXP1"
8.87813552001079e-53,0.844806267757294,0.25,0.145,1.68018714716204e-48,"6","MFSD14A"
1.02988866359141e-52,0.69770191930912,0.326,0.205,1.94906429584675e-48,"6","KDM5A"
3.29561742263686e-52,0.546995377905724,0.425,0.289,6.23695597234026e-48,"6","PPP1CB"
4.90377707711498e-52,0.759669498300865,0.302,0.19,9.2803981184401e-48,"6","OS9"
8.75319567271692e-52,0.619245754038135,0.359,0.232,1.65654228106168e-47,"6","PPP4R3A"
4.48972547024651e-51,0.586740159815859,0.425,0.296,8.49680545244152e-47,"6","GCC2"
7.01430411712111e-51,0.475484587900578,0.581,0.435,1.32745705416517e-46,"6","MYADM"
8.25844694829652e-51,0.755959789476283,0.316,0.203,1.56291108496512e-46,"6","SATB1"
1.08350145861172e-50,0.412030666674291,0.588,0.443,2.05052651042268e-46,"6","GSPT1"
1.25787570338435e-50,0.844331814776717,0.256,0.154,2.38052976865489e-46,"6","TMEM87A"
1.35140117876927e-50,0.616266950890975,0.404,0.28,2.55752673082084e-46,"6","COPB1"
4.15491530422038e-50,0.555009921703366,0.44,0.312,7.86317721323707e-46,"6","IQGAP2"
5.08040912659001e-50,0.677371317069489,0.314,0.198,9.61467427207158e-46,"6","SNRNP200"
6.52630488088492e-50,0.664258321566936,0.337,0.219,1.23510319870747e-45,"6","PHF20L1"
1.51542263496284e-49,0.670310165987802,0.302,0.187,2.86793733666718e-45,"6","EPB41"
1.95161547532414e-49,0.656793249469525,0.328,0.21,3.69343228705094e-45,"6","CENPC"
3.46780856316551e-49,0.621433393070057,0.359,0.236,6.56282770579073e-45,"6","FNBP4"
4.48684766713477e-49,0.694837699663149,0.336,0.223,8.49135921005254e-45,"6","CTSS"
5.58890957949038e-49,0.694478860856899,0.287,0.175,1.05770113791855e-44,"6","SMU1"
8.56061117299271e-49,0.690662882699799,0.306,0.193,1.62009566448887e-44,"6","RBM5"
8.92997122197033e-49,0.704286092051848,0.285,0.175,1.68999705375788e-44,"6","BTN3A1"
1.1540465675945e-48,0.473423822096907,0.523,0.388,2.18403312917259e-44,"6","SURF4"
3.85307384686968e-48,0.689486627748013,0.312,0.198,7.29194225520087e-44,"6","NKTR"
4.28977771341508e-48,0.665730318361754,0.329,0.214,8.11840432263804e-44,"6","OGA"
5.36749560173899e-48,0.599713166531691,0.376,0.256,1.0157985426291e-43,"6","ITSN2"
8.19813927073299e-48,0.72009656352398,0.274,0.168,1.55149785698622e-43,"6","MAP4"
9.25968734428922e-48,0.678470011818805,0.307,0.195,1.75239582990673e-43,"6","ACIN1"
1.37976923613304e-47,0.527392312552719,0.392,0.26,2.61121327938177e-43,"6","DUSP4"
2.31971549939721e-47,0.693884966804849,0.309,0.198,4.39006158260921e-43,"6","BDP1"
3.70009141217881e-47,0.660906679411142,0.31,0.196,7.00242299754839e-43,"6","SMG1"
3.78577211398213e-47,0.657191394722139,0.276,0.166,7.16457372571119e-43,"6","NUFIP2"
5.33100503580167e-47,0.537083797493454,0.427,0.3,1.00889270302547e-42,"6","AAK1"
5.66570310888738e-47,0.717843792421883,0.305,0.199,1.07223431335694e-42,"6","ENC1"
6.676679291875e-47,0.319438528747181,0.769,0.64,1.26356155598734e-42,"6","CD69"
6.92159114639782e-47,0.79184372792287,0.262,0.161,1.30991112445579e-42,"6","RC3H1"
1.21326547272256e-46,0.363477398112636,0.664,0.531,2.29610490712745e-42,"6","SF1"
1.62908573281182e-46,0.464950088884803,0.48,0.343,3.08304474934638e-42,"6","HP1BP3"
1.72876952289907e-46,0.653553635318381,0.305,0.192,3.27169632208649e-42,"6","OGT"
1.99792794790449e-46,0.652918470028946,0.323,0.21,3.78107864140925e-42,"6","RASA2"
3.1692127545448e-46,0.629147860696747,0.317,0.202,5.99773513797603e-42,"6","SYNE1"
4.70975673573542e-46,0.799089211964069,0.251,0.152,8.91321462237928e-42,"6","CCPG1"
9.7589236593788e-46,0.697474433096835,0.286,0.178,1.84687630253744e-41,"6","STT3B"
1.24861448573863e-45,0.728151775295089,0.273,0.17,2.36300291426035e-41,"6","PRKX"
1.67730900351329e-45,0.574346776497614,0.373,0.253,3.1743072891489e-41,"6","TAF15"
3.23290389555688e-45,0.727017364459703,0.281,0.178,6.11827062234139e-41,"6","B3GNT2"
3.37994476407269e-45,0.2990039766563,0.791,0.679,6.39654546600757e-41,"6","TMBIM6"
4.24592911995338e-45,0.519795545946772,0.421,0.296,8.03542085951177e-41,"6","ANKRD44"
4.98186380960332e-45,0.719222055059869,0.262,0.16,9.42817725967428e-41,"6","INPP5D"
5.21512525696407e-45,0.689360127774068,0.26,0.156,9.8696245488045e-41,"6","DOCK2"
6.7131818204577e-45,0.650557303629773,0.3,0.19,1.27046965952162e-40,"6","LPCAT1"
7.0338169862454e-45,0.534930645831216,0.392,0.27,1.33114986464694e-40,"6","GRB2"
1.02753101641285e-44,0.498940425569131,0.421,0.294,1.94460244856131e-40,"6","PRKAR1A"
1.26659111241541e-44,0.63976889597823,0.318,0.208,2.39702368024616e-40,"6","SRP54"
2.2108104812108e-44,0.487141787572445,0.42,0.292,4.18395883569144e-40,"6","STK10"
5.07228720844683e-44,0.493752774478443,0.435,0.306,9.59930354198562e-40,"6","POLR2A"
5.27095103568268e-44,0.633851779753675,0.294,0.186,9.97527483502946e-40,"6","UHMK1"
8.25663521372664e-44,0.577312481568521,0.346,0.23,1.56256821419777e-39,"6","CCSER2"
1.99848005431634e-43,0.662565678457426,0.279,0.174,3.78212350279367e-39,"6","PRRC2B"
4.1585259004045e-43,0.500105888269429,0.495,0.372,7.87001026651551e-39,"6","NEAT1"
6.61881515525403e-43,0.583808716560586,0.338,0.224,1.25261076813182e-38,"6","SMARCA2"
1.49019437201706e-42,0.535621450723653,0.414,0.294,2.82019284904228e-38,"6","TMED10"
2.01154936775173e-42,0.677001535222203,0.284,0.182,3.80685717847015e-38,"6","USP14"
2.30943818881386e-42,0.60031322962159,0.405,0.293,4.37061177233023e-38,"6","IFNGR1"
1.21381606535281e-41,0.525231166085718,0.416,0.299,2.29714690368019e-37,"6","CAST"
2.55049988683132e-41,0.656308704465263,0.258,0.159,4.82682103582827e-37,"6","PER1"
4.40402189348504e-41,0.514493781850783,0.4,0.282,8.33461143342045e-37,"6","ADSS"
7.74177088221579e-41,0.262199687799256,0.798,0.684,1.46513013945934e-36,"6","NCL"
1.11285801100425e-40,0.472826199034964,0.477,0.355,2.10608378582555e-36,"6","PSAP"
1.21059141978913e-40,0.464463290720702,0.475,0.354,2.29104426195092e-36,"6","GABARAPL1"
1.28957426772986e-40,0.602561927191258,0.34,0.231,2.44051930167876e-36,"6","RNMT"
1.98176177083923e-40,0.614713481496441,0.326,0.22,3.75048415131323e-36,"6","ARID5B"
3.80080059766348e-40,0.66178944218389,0.251,0.155,7.19301513107814e-36,"6","CUL3"
5.53689140310054e-40,0.623056119494741,0.292,0.191,1.04785669803678e-35,"6","BCL11B"
6.44140078053094e-40,0.347356510026783,0.649,0.526,1.21903509771548e-35,"6","ARL6IP1"
7.79482955402207e-40,0.518248947008694,0.402,0.289,1.47517149309868e-35,"6","TPR"
8.65332032406077e-40,0.650769928393121,0.27,0.172,1.6376408713285e-35,"6","SLFN12L"
1.99644438167291e-39,0.385062854611552,0.556,0.432,3.77827099231597e-35,"6","AKNA"
2.27979233633175e-39,0.321889432331333,0.681,0.565,4.31450699650784e-35,"6","ELF1"
3.20097031617863e-39,0.645385957960717,0.273,0.175,6.05783632336806e-35,"6","EIF4G1"
4.95463761974724e-39,0.681204346181452,0.271,0.175,9.37665169537165e-35,"6","YIPF5"
7.85647805383731e-39,0.449548260394665,0.477,0.357,1.48683847168871e-34,"6","TSPYL2"
8.15688366130385e-39,0.403408556374743,0.51,0.383,1.54369023290175e-34,"6","HSPA9"
1.53574158131461e-38,0.623884055408607,0.271,0.173,2.9063909426379e-34,"6","WAPL"
1.92655033495661e-38,0.476678997248742,0.43,0.314,3.64599650890538e-34,"6","RBL2"
4.89726912286014e-38,0.417762814565914,0.516,0.395,9.26808181501282e-34,"6","CCNL1"
6.91590337109312e-38,0.437156404028355,0.484,0.369,1.30883471297937e-33,"6","TAX1BP1"
1.37278126209163e-37,0.516543842287735,0.391,0.28,2.59798853850841e-33,"6","SPCS3"
1.94189007836026e-37,0.699812135591373,0.274,0.181,3.6750269732968e-33,"6","NFKB2"
2.21428360935513e-37,0.560258303810592,0.326,0.221,4.19053173070458e-33,"6","AFF4"
2.42280818668825e-37,0.671290730033835,0.283,0.189,4.58516449330751e-33,"6","EVI2A"
2.76423956311621e-37,0.477006680303789,0.419,0.307,5.23132337319744e-33,"6","IFRD1"
3.7685763404169e-37,0.46723926888404,0.408,0.294,7.13203072423898e-33,"6","IKZF3"
4.36367813778715e-37,0.567253822351017,0.328,0.226,8.25826087576218e-33,"6","INPP4B"
4.63350202404801e-37,0.373398607725645,0.555,0.437,8.76890258051086e-33,"6","PRKCH"
5.65648259313928e-37,0.404739693661944,0.498,0.38,1.07048933075161e-32,"6","NOP58"
8.64542414051556e-37,0.542200966024105,0.341,0.237,1.63614651859257e-32,"6","CYLD"
9.31742713786004e-37,0.400129857107531,0.529,0.412,1.76332308584001e-32,"6","APMAP"
9.4718087763512e-37,0.578309368440071,0.321,0.22,1.79253981092446e-32,"6","TGOLN2"
1.28807696018873e-36,0.62326588320149,0.285,0.189,2.43768564715717e-32,"6","PTPRA"
2.15822398914368e-36,0.40981874500207,0.478,0.355,4.08443889945442e-32,"6","ZC3HAV1"
2.42718706444375e-36,0.562937038053762,0.357,0.255,4.59345151945981e-32,"6","ATP6AP2"
3.13905208463709e-36,0.418017465855316,0.488,0.373,5.9406560701757e-32,"6","THRAP3"
4.07862722993261e-36,0.576775323930284,0.313,0.214,7.71880203264747e-32,"6","TMED5"
7.5748465513126e-36,0.466858073677576,0.437,0.326,1.43353970983591e-31,"6","DHX36"
1.52841659552379e-35,0.626843322509025,0.283,0.189,2.89252840702877e-31,"6","TNRC6B"
6.26980811900902e-35,0.561461927647609,0.311,0.211,1.18656118652246e-30,"6","NFKBIZ"
7.51533744448176e-35,0.642692259729341,0.282,0.191,1.42227761136817e-30,"6","BPTF"
9.02202639207569e-35,0.592329075774239,0.285,0.191,1.70741849470033e-30,"6","CASP3"
3.50417899017643e-34,0.617621597718116,0.278,0.187,6.63165873890889e-30,"6","DNAJB14"
4.75657709617937e-34,0.49858974135553,0.358,0.253,9.00182215451945e-30,"6","SEPT2"
6.77914053371775e-34,0.379879878951937,0.496,0.381,1.28295234600608e-29,"6","CAPZA1"
1.13909343484082e-33,0.449082187664696,0.462,0.356,2.15573432543624e-29,"6","ELOVL5"
4.55115470613988e-33,0.50172365685371,0.328,0.226,8.61306028136973e-29,"6","VPS4B"
5.92771091171797e-33,0.502020351335074,0.374,0.274,1.12181929004263e-28,"6","M6PR"
6.92427395446134e-33,0.26120889425908,0.763,0.649,1.31041884588181e-28,"6","DDX24"
9.57539489971191e-33,0.577763379068403,0.266,0.175,1.81214348477048e-28,"6","TMOD3"
2.04155539169605e-32,0.396919704470847,0.492,0.384,3.86364357878477e-28,"6","WSB1"
4.7083591049797e-32,0.465901730039862,0.406,0.305,8.91056960617408e-28,"6","BAZ1A"
6.58782954278449e-32,0.266441350689103,0.683,0.585,1.24674674097196e-27,"6","WIPF1"
1.2054057537382e-31,0.443786106206684,0.419,0.315,2.28123038894955e-27,"6","NFATC2"
1.90969946300649e-31,0.526390962395333,0.302,0.208,3.61410623373979e-27,"6","ANKRD11"
2.4469409301738e-31,0.523160550151798,0.286,0.193,4.63083571035391e-27,"6","LUC7L2"
6.97574374251963e-31,0.495372112393219,0.279,0.185,1.32015950327184e-26,"6","GNA13"
1.49717399977676e-30,0.427557668124616,0.374,0.269,2.83340179457752e-26,"6","ETF1"
1.69147489553006e-30,0.590746337220858,0.259,0.173,3.20111623979063e-26,"6","PIK3IP1"
3.50819979089716e-30,0.276363892347945,0.678,0.574,6.63926810427288e-26,"6","RBM39"
3.70918422256635e-30,0.612421318109358,0.27,0.185,7.01963114120682e-26,"6","PRNP"
4.23775903706665e-30,0.335873202020397,0.535,0.421,8.01995897764864e-26,"6","SYAP1"
4.72104421176363e-30,0.5377390698537,0.272,0.184,8.93457617076267e-26,"6","SUPT5H"
5.96203280482427e-30,0.449189010428167,0.385,0.284,1.12831470831299e-25,"6","TRA2A"
8.20691170844187e-30,0.462244690623969,0.337,0.24,1.55315804082262e-25,"6","ACAP2"
1.41330161899979e-29,0.581526395910288,0.258,0.175,2.67467331395711e-25,"6","SEC23B"
1.88019061157501e-29,0.343218731067954,0.553,0.45,3.55826073240571e-25,"6","ANKRD12"
2.27184751692927e-29,0.384576504973934,0.476,0.372,4.29947142578864e-25,"6","IL2RB"
2.72608254228805e-29,0.427933387039396,0.387,0.286,5.15911121128013e-25,"6","USP11"
2.75464983545581e-29,0.53342604393697,0.293,0.205,5.21317481360011e-25,"6","ATM"
2.88875908390618e-29,0.572714193349965,0.256,0.172,5.46697656629244e-25,"6","CTNNB1"
4.22824527276875e-29,0.43467460945455,0.382,0.282,8.00195417871486e-25,"6","PDCD1"
8.85221858112606e-29,0.532187757193041,0.292,0.204,1.67528236647811e-24,"6","SRSF4"
9.35649754827969e-29,0.384777621516166,0.466,0.367,1.77071716101193e-24,"6","NCOR1"
1.35298419736801e-28,0.484736110002922,0.33,0.237,2.56052259351897e-24,"6","ILF3"
1.39735895729974e-28,0.392259384683541,0.418,0.314,2.64450182668976e-24,"6","CSNK1D"
1.61792036207443e-28,0.533947863978131,0.253,0.169,3.06191428522587e-24,"6","EFR3A"
2.60876995506934e-28,0.517361403804849,0.266,0.18,4.93709713996874e-24,"6","THUMPD1"
3.49018473779534e-28,0.569851259741972,0.265,0.183,6.60517461627769e-24,"6","TTC14"
3.80612406151134e-28,0.459378055741644,0.387,0.294,7.20308978641021e-24,"6","SPN"
4.6517838560993e-28,0.454703957432019,0.309,0.216,8.80350094766792e-24,"6","SLFN5"
7.25689801633677e-28,0.55531266300707,0.251,0.168,1.37336794959173e-23,"6","ARIH1"
9.24096028059576e-28,0.314744145865036,0.524,0.41,1.74885173310275e-23,"6","FOSL2"
1.4298226469785e-27,0.50263942880188,0.278,0.192,2.70593935940681e-23,"6","PPP4R3B"
1.58833297374547e-27,0.467883185176558,0.301,0.21,3.00592015281329e-23,"6","EPS15"
1.87410259017471e-27,0.383378293194494,0.44,0.337,3.54673915190564e-23,"6","RBM25"
3.67235196920403e-27,0.37827228643736,0.465,0.37,6.94992610171863e-23,"6","CD164"
4.8703549305436e-27,0.327866366283412,0.557,0.458,9.21714670605376e-23,"6","CCNH"
1.64419747251054e-26,0.533451119847405,0.291,0.208,3.1116437167262e-22,"6","KDM6B"
2.69900849659998e-26,0.439395774876681,0.339,0.248,5.10787357981547e-22,"6","WBP11"
2.96054856114187e-26,0.499639072844658,0.292,0.208,5.60283815196099e-22,"6","SAFB2"
3.79345276416283e-26,0.342868226012286,0.483,0.382,7.17910935617816e-22,"6","NFE2L2"
7.84504608791286e-26,0.565454279957272,0.25,0.172,1.48467497213751e-21,"6","ZNF644"
9.56656134045701e-26,0.495867370095097,0.267,0.186,1.81047173368149e-21,"6","NCKAP1L"
9.95157463344014e-26,0.331475637946431,0.518,0.422,1.88333549937855e-21,"6","ARHGAP9"
3.59630517159814e-25,0.504215645803153,0.278,0.197,6.80600753724947e-21,"6","WAC"
3.83716756060596e-25,0.409243620900889,0.398,0.308,7.26183960844677e-21,"6","SLC3A2"
6.25091452879519e-25,0.515991894244908,0.251,0.173,1.18298557457449e-20,"6","RNF10"
7.41755320541917e-25,0.532347334114757,0.269,0.19,1.40377194412558e-20,"6","TTC3"
8.08970209969127e-25,0.485120775091493,0.282,0.2,1.53097612236657e-20,"6","XRN2"
9.92707099215579e-25,0.39795156378779,0.4,0.307,1.87869818526548e-20,"6","SLA2"
1.0475591976855e-24,0.355399541753549,0.464,0.368,1.98250578161981e-20,"6","SRSF11"
2.11765800810019e-24,0.39147170934331,0.362,0.27,4.00766778032961e-20,"6","TMX4"
2.4585848019556e-24,0.410001706817083,0.337,0.248,4.65287173770098e-20,"6","YME1L1"
2.61845596802945e-24,0.262933331818755,0.649,0.546,4.95542791949573e-20,"6","CD3G"
2.7646955354875e-24,0.398666446171004,0.424,0.337,5.2321863009101e-20,"6","RPN1"
3.67857126225004e-24,0.431454802941999,0.324,0.239,6.96169611380819e-20,"6","SELPLG"
4.86168224609854e-24,0.48592524267316,0.26,0.182,9.20073365074149e-20,"6","NDEL1"
5.52870277721643e-24,0.453585565772994,0.318,0.235,1.04630700058821e-19,"6","DERL1"
7.68712582882569e-24,0.370873895180211,0.432,0.341,1.45478856310526e-19,"6","DDX21"
1.11366254405324e-23,0.383601200116567,0.424,0.336,2.10760636462076e-19,"6","UBXN4"
1.28545546956023e-23,0.392706797801855,0.394,0.306,2.43272447614274e-19,"6","PRPF38B"
2.4479438487393e-23,0.46227618939716,0.309,0.227,4.63273373373912e-19,"6","PNN"
3.11666864805633e-23,0.455626001851575,0.292,0.211,5.89829541644661e-19,"6","TMED4"
3.57104064307316e-23,0.495453541420636,0.272,0.195,6.75819441701596e-19,"6","PIAS1"
3.94255111243739e-23,0.394851805067731,0.405,0.319,7.46127798028776e-19,"6","KTN1"
7.27165592303281e-23,0.389554231210981,0.346,0.258,1.37616088343396e-18,"6","CSNK1A1"
9.23959086890665e-23,0.333118019861497,0.457,0.364,1.74859257194058e-18,"6","MBP"
9.75686411211889e-23,0.39713874083929,0.352,0.265,1.8464865332185e-18,"6","CLDND1"
1.72992533159421e-22,0.353054338666112,0.405,0.315,3.27388369004205e-18,"6","RAD21"
1.75494842523106e-22,0.394713102591798,0.361,0.273,3.32123989474978e-18,"6","ARHGAP15"
1.95380068371765e-22,0.403102941211646,0.347,0.263,3.69756779393564e-18,"6","RABGAP1L"
2.3098823557934e-22,0.476396643884506,0.266,0.191,4.37145235833901e-18,"6","RAB10"
2.86520806846889e-22,0.488515402074373,0.284,0.21,5.42240626957737e-18,"6","RNF115"
1.14916404030807e-21,0.484979263058795,0.254,0.182,2.17479294628303e-17,"6","UBE3A"
2.32716279773901e-21,0.394996242759048,0.389,0.308,4.40415559472108e-17,"6","RPN2"
2.36188409433976e-21,0.368461692366672,0.402,0.317,4.469865648538e-17,"6","PDIA6"
3.2210005534806e-21,0.418754161347767,0.31,0.231,6.09574354746204e-17,"6","STAU1"
1.2189507261263e-20,0.400516984176529,0.361,0.281,2.30686424919403e-16,"6","MAP3K8"
1.31967126323907e-20,0.496913721637037,0.285,0.215,2.49747786567993e-16,"6","FASLG"
1.45235555865506e-20,0.316275914116648,0.467,0.379,2.7485828947547e-16,"6","SUN2"
2.30587169374534e-20,0.448080292324984,0.283,0.21,4.36386218041306e-16,"6","SSR1"
4.17295161259243e-20,0.468972646104617,0.266,0.195,7.89731092683117e-16,"6","PTPN2"
4.98062513045879e-20,0.479278209010858,0.269,0.2,9.42583305939325e-16,"6","HNRNPLL"
6.41111648247861e-20,0.427410540916371,0.314,0.241,1.21330379430908e-15,"6","TRAT1"
9.74796628726231e-20,0.4203854560866,0.262,0.19,1.84480261986439e-15,"6","PTPN1"
1.47880269494878e-19,0.429917928559807,0.263,0.192,2.79863410019057e-15,"6","RAB6A"
1.98011600506761e-19,0.353818791329502,0.429,0.35,3.74736953959046e-15,"6","LYST"
2.47350300172654e-19,0.435661136035912,0.269,0.199,4.68110443076747e-15,"6","TIAL1"
4.47344382238864e-19,0.437970037226639,0.253,0.183,8.4659924338705e-15,"6","SDHA"
9.53038396670913e-19,0.381851493647075,0.351,0.277,1.8036251656997e-14,"6","LAPTM4A"
1.07669467800717e-18,0.43297285794592,0.27,0.201,2.03764467812857e-14,"6","ANAPC5"
1.1093528809702e-18,0.329502931705199,0.362,0.28,2.0994503272361e-14,"6","YTHDC1"
1.52582494848059e-18,0.27830128510682,0.475,0.387,2.88762371499952e-14,"6","FLNA"
1.71979835035679e-18,0.378725779334569,0.296,0.221,3.25471837805023e-14,"6","HNRNPH1"
1.78848064522479e-18,0.304127408637269,0.46,0.376,3.38469962108792e-14,"6","CELF2"
2.65169641203129e-18,0.301906985755132,0.457,0.374,5.01833545976922e-14,"6","RUNX3"
2.83269278690799e-18,0.378831723426842,0.308,0.233,5.36087109922338e-14,"6","RAB14"
4.31225694407029e-18,0.314485164150042,0.399,0.318,8.16094626665302e-14,"6","ITGAL"
1.9583397440982e-17,0.373066630809281,0.313,0.241,3.70615796570585e-13,"6","PRPF4B"
2.70267459864919e-17,0.353060453836637,0.348,0.275,5.11481167794359e-13,"6","SLTM"
4.26230998193201e-17,0.444114573944416,0.262,0.198,8.06642164080633e-13,"6","LMAN1"
5.67016786308844e-17,0.344214682272806,0.332,0.259,1.07307926808949e-12,"6","KIF5B"
7.03151045536761e-17,0.333175175724886,0.362,0.288,1.33071335367832e-12,"6","ZNF207"
7.76695786412717e-17,0.32874099557858,0.361,0.286,1.46989677578607e-12,"6","CEBPZ"
8.0457013074131e-17,0.256141773117025,0.547,0.473,1.52264897242793e-12,"6","MT-ND6"
1.20595766549154e-16,0.324473297487978,0.368,0.296,2.28227488194273e-12,"6","DNTTIP2"
1.34915670899619e-16,0.28515711092078,0.407,0.327,2.55327907177528e-12,"6","NSD3"
1.70567694631801e-16,0.354785761681836,0.275,0.206,3.22799362090683e-12,"6","THEMIS"
1.8085339183456e-16,0.415021235464277,0.254,0.19,3.42265044046905e-12,"6","FOXN3"
4.94830229495391e-16,0.256688531668775,0.453,0.369,9.36466209320028e-12,"6","SRRT"
1.00190867719409e-15,0.318982298554351,0.375,0.304,1.89611217158982e-11,"6","PPP1R12A"
1.70134185693945e-15,0.353148091363322,0.305,0.237,3.21978946425791e-11,"6","GPR174"
1.89539059239904e-15,0.389431884663428,0.296,0.232,3.58702669611519e-11,"6","HM13"
2.56515956695933e-15,0.379817353195867,0.278,0.214,4.85456448047054e-11,"6","PHF1"
2.86343311717401e-15,0.284065185109044,0.413,0.338,5.41904717425182e-11,"6","PITPNC1"
3.78911623728885e-15,0.250423796873416,0.483,0.404,7.17090247906915e-11,"6","SRSF10"
4.00958884596235e-15,0.308951113594466,0.348,0.278,7.58814689098375e-11,"6","INSIG1"
7.96289130358264e-15,0.301243300560463,0.361,0.29,1.50697717920301e-10,"6","NDFIP1"
1.02079917706859e-14,0.364472621568756,0.317,0.254,1.93186244260232e-10,"6","CMTM6"
1.46184222050021e-14,0.281520801784709,0.399,0.331,2.76653640229665e-10,"6","TOP1"
2.61062020004014e-14,0.328724946694195,0.285,0.22,4.94059872857597e-10,"6","MIER1"
3.73627561996296e-14,0.259386126443174,0.438,0.362,7.07090161077990e-10,"6","ARGLU1"
3.9495954115809e-14,0.291662952426591,0.389,0.319,7.47460931641685e-10,"6","STOM"
5.56561589562294e-14,0.445154046563594,0.256,0.202,1.05329280824664e-09,"6","TNFRSF9"
7.02475552116184e-14,0.349055800952216,0.287,0.224,1.32943498237988e-09,"6","MECP2"
8.43698591983743e-14,0.252722641408067,0.46,0.385,1.59669958532923e-09,"6","PPP2R5C"
3.11244098856188e-13,0.270961993324736,0.396,0.329,5.89029457085336e-09,"6","FMNL1"
6.11740905138551e-13,0.307086336079398,0.327,0.264,1.15771966297471e-08,"6","DDOST"
6.34921549162013e-13,0.296595963521612,0.376,0.313,1.20158903178911e-08,"6","GLIPR1"
1.00804649193978e-12,0.271477578443487,0.335,0.268,1.90772798599604e-08,"6","SYNRG"
1.47961920629699e-12,0.34583489818469,0.283,0.227,2.80017934791705e-08,"6","BBX"
3.15000219918551e-12,0.336336264809499,0.251,0.196,5.96137916195859e-08,"6","FXR1"
3.85626454084154e-12,0.311669737295094,0.315,0.256,7.29798064354262e-08,"6","EMC7"
4.55276095719474e-12,0.301686707655228,0.316,0.256,8.61610011149104e-08,"6","U2SURP"
6.04106792060866e-12,0.327687907273976,0.284,0.227,1.14327210397519e-07,"6","WDR33"
7.55398110604303e-12,0.314650290716159,0.26,0.204,1.42959092431864e-07,"6","BNIP2"
1.94818865514325e-11,0.281596364068927,0.329,0.269,3.6869470298586e-07,"6","PRPF40A"
4.09927633878171e-11,0.304031622163983,0.263,0.209,7.75788047114438e-07,"6","GNAI3"
1.10337627108294e-10,0.322634522654161,0.254,0.203,2.08813959302447e-06,"6","LRPAP1"
1.52933287256207e-10,0.277788303208696,0.278,0.224,2.89426246132371e-06,"6","PSIP1"
1.87121588472743e-10,0.298209015970198,0.273,0.221,3.54127606184666e-06,"6","DDX27"
4.08914040975573e-10,0.281176312159252,0.305,0.25,7.73869822546272e-06,"6","DNAJB9"
7.10864207697153e-10,0.281440271897892,0.288,0.237,1.34531051306686e-05,"6","DDX46"
8.67672908091657e-10,0.275434323331168,0.301,0.247,1.64207097856346e-05,"6","PHF20"
1.37034091395065e-09,0.266375782029223,0.268,0.217,2.5933701796516e-05,"6","TMEM248"
2.96331131546414e-09,0.253546551859814,0.251,0.202,5.60806666451589e-05,"6","TOX4"
1.40246552940459e-08,0.257437743096462,0.295,0.247,0.000265416601439818,"6","SCAMP2"
2.40828408080406e-08,0.256928890734337,0.251,0.204,0.000455767762292168,"6","ZNF800"
3.91469439300493e-08,0.275862459511385,0.252,0.208,0.000740855913876182,"6","TMEM259"
0,8.29032760738709,0.947,0.003,0,"7","TRBV12-2"
0,3.40066474750804,0.894,0.065,0,"7","TRDV1"
0,1.39482609570966,0.962,0.376,0,"7","KLRB1"
0,1.65585056822011,0.654,0.188,0,"7","ENC1"
0,2.03874362619556,0.546,0.115,0,"7","S1PR5"
0,1.64327548256945,0.515,0.125,0,"7","TRGV2"
1.81157002320169e-313,1.17702656373144,0.811,0.326,3.42839626890921e-309,"7","CMC1"
2.52610163930248e-300,1.66281719503976,0.377,0.088,4.78064735237994e-296,"7","TRGV4"
2.57470088026012e-298,0.991309349479371,0.958,0.472,4.87262141589227e-294,"7","GZMH"
2.55644726438432e-195,1.40235919139214,0.39,0.126,4.83807644784732e-191,"7","VCAM1"
4.44739377389051e-190,1.0961191408304,0.593,0.248,8.41669271708779e-186,"7","LINC01871"
2.64851493517653e-177,1.28310752632292,0.401,0.137,5.01231451482159e-173,"7","MGAT4A"
2.03186884279345e-167,0.854463675344113,0.784,0.379,3.84531178498661e-163,"7","KLRD1"
4.31788029827138e-166,1.09060310890855,0.495,0.196,8.17158846447859e-162,"7","GZMB"
2.09715198309802e-146,1.0451850081037,0.495,0.21,3.968860128013e-142,"7","EOMES"
1.77803366831394e-145,1.4867098258648,0.259,0.077,3.36492871728414e-141,"7","AP002387.2"
3.68112946967899e-145,0.860548661248475,0.657,0.323,6.9665375213675e-141,"7","RORA"
7.66016474500769e-140,0.828186438945598,0.644,0.302,1.4496861779927e-135,"7","HLA-DRB5"
1.49952306333678e-133,0.864065554979152,0.58,0.265,2.83784739736485e-129,"7","KLRG1"
4.98918368597172e-128,0.991779267125716,0.464,0.2,9.44203012570147e-124,"7","SATB1"
3.14791059951383e-122,0.857884902645317,0.585,0.288,5.95742080957992e-118,"7","IFNGR1"
1.43619888501899e-117,1.21825702561783,0.292,0.105,2.71800638989844e-113,"7","SLC25A4"
1.15781034531231e-115,0.719930396629177,0.709,0.393,2.19115607850355e-111,"7","USP36"
1.16257556219347e-106,1.01643586195623,0.356,0.147,2.20017425145113e-102,"7","DHCR7"
1.50712793719187e-105,0.922295618989253,0.422,0.187,2.85223962113562e-101,"7","FCRL6"
5.32932355666302e-100,0.553685898207307,0.887,0.592,1.00857448309848e-95,"7","HIST1H4C"
1.05082748705764e-99,0.899201894142759,0.407,0.182,1.98869101925658e-95,"7","PRNP"
8.88559913700781e-97,1.02530907457113,0.295,0.115,1.68159963667873e-92,"7","SPON2"
2.56029122839879e-95,1.05611599768206,0.283,0.109,4.84535114974472e-91,"7","KLF3"
2.75856271642972e-88,0.925798734001843,0.378,0.176,5.22057994084325e-84,"7","LMNB1"
1.66251488733754e-84,0.59656976223128,0.726,0.415,3.14630942428629e-80,"7","PDE4B"
1.9688993307194e-84,0.657960023546733,0.623,0.351,3.72614198338647e-80,"7","GABARAPL1"
3.97772631764816e-81,0.513520827400911,0.842,0.56,7.52784705614914e-77,"7","SH2D2A"
7.29300476067331e-78,0.742108155128345,0.423,0.209,1.38020115095742e-73,"7","PLEK"
1.54050860340381e-76,0.785022909042262,0.387,0.187,2.91541253194171e-72,"7","F2R"
2.55143523187643e-76,0.589202941438308,0.653,0.371,4.82859117632614e-72,"7","ZEB2"
3.51088832538922e-76,0.694753293557883,0.503,0.269,6.64435615579909e-72,"7","GYG1"
8.38589910357043e-75,1.00177899343628,0.251,0.103,1.5870314053507e-70,"7","POP4"
1.09108227422642e-74,0.493133480299914,0.879,0.567,2.0648732039735e-70,"7","ALOX5AP"
8.5906003469979e-72,0.588914657846973,0.573,0.323,1.62577111566935e-67,"7","ODC1"
3.2896464686686e-71,0.657525128889874,0.507,0.274,6.22565594195532e-67,"7","ELOC"
1.25120041081526e-69,0.693431915450328,0.442,0.232,2.36789677746788e-65,"7","C18orf32"
5.70556647532276e-68,0.50752648201207,0.775,0.489,1.07977845545483e-63,"7","ARF6"
4.31498550689011e-67,0.541537685145378,0.678,0.414,8.16611007178954e-63,"7","HNRNPUL1"
4.65172785546755e-67,0.785635878996887,0.351,0.17,8.80339496647235e-63,"7","AUTS2"
1.39506959644592e-66,0.541596203982124,0.681,0.409,2.64016921127391e-62,"7","APMAP"
9.14717432548792e-65,0.416702697564494,0.938,0.663,1.73110274109859e-60,"7","GZMM"
2.26942052537768e-63,0.735235419590754,0.346,0.171,4.29487834427726e-59,"7","MMP24OS"
9.69712460889369e-63,0.573687905032006,0.549,0.313,1.83518083223313e-58,"7","RBL2"
1.22076867664966e-62,0.678896179301323,0.418,0.222,2.31030472055949e-58,"7","OAT"
2.79607106213655e-62,0.787716021638589,0.292,0.136,5.29156448509342e-58,"7","EIF1AY"
7.45420297328943e-62,0.386243114924131,0.987,0.731,1.41070791269502e-57,"7","CD8A"
1.58360087860859e-61,0.489409231992838,0.729,0.451,2.99696466276676e-57,"7","SPOCK2"
9.14536447278749e-60,0.822061038815114,0.264,0.121,1.73076022647503e-55,"7","MYBL1"
5.3895899388172e-59,0.701560425579732,0.332,0.165,1.01997989592115e-54,"7","TOB1"
4.36673339110416e-58,0.851228488269752,0.269,0.127,8.26404294266463e-54,"7","C16orf54"
6.935126154046e-57,0.614253519721054,0.427,0.235,1.31247262465321e-52,"7","MARCKSL1"
2.20312172872663e-56,0.415795213546942,0.905,0.632,4.16940787161515e-52,"7","LITAF"
7.70491302851331e-56,0.821009432931504,0.264,0.125,1.45815479064614e-51,"7","DYNLT3"
7.44144436528565e-54,0.47025192665702,0.694,0.448,1.40829334613031e-49,"7","ID2"
9.53170558130572e-53,0.56655459339469,0.437,0.242,1.80387528126211e-48,"7","CRYBG1"
2.77897575628613e-50,0.581815769732777,0.414,0.232,5.2592116187715e-46,"7","PITHD1"
3.19286660063609e-50,0.442226281712903,0.728,0.472,6.0425000417038e-46,"7","CLEC2B"
2.83920412260219e-49,0.549598710909779,0.455,0.262,5.37319380202465e-45,"7","C12orf75"
3.01596581547211e-49,0.617826253342798,0.363,0.197,5.70771530578097e-45,"7","ADIPOR1"
5.98220757694254e-49,0.655848022247644,0.325,0.172,1.13213278393638e-44,"7","PRELID3B"
6.77029533612387e-49,0.582512744208563,0.387,0.213,1.28127839236144e-44,"7","FASLG"
9.79648775126443e-49,0.544552680871004,0.417,0.232,1.85398530692679e-44,"7","TAF7"
5.59278220593506e-48,0.562012808414151,0.431,0.246,1.05843403247321e-43,"7","WBP11"
7.5992771172972e-48,0.61126818323326,0.373,0.207,1.4381631944485e-43,"7","ABT1"
7.59677971007592e-47,0.612042283781525,0.365,0.203,1.43769056013187e-42,"7","ISG20L2"
3.09035010193959e-46,0.75937298368728,0.252,0.125,5.84848756792068e-42,"7","TERF1"
7.39205999963733e-46,0.537481248889677,0.417,0.239,1.39894735493137e-41,"7","HDAC1"
9.61019175810555e-46,0.401136832711105,0.771,0.529,1.81872879022147e-41,"7","RGS1"
1.11792571036172e-45,0.57244554550636,0.447,0.271,2.11567440685955e-41,"7","RELB"
1.34935150804759e-45,0.630290052981402,0.35,0.195,2.55364772898006e-41,"7","RELA"
1.54373598939351e-45,0.605984742647043,0.337,0.182,2.92152035992721e-41,"7","P2RY8"
1.82775137609566e-45,0.327748660533236,0.969,0.749,3.45901947926104e-41,"7","CXCR4"
2.53129596384513e-45,0.481994295641783,0.511,0.306,4.79047761157691e-41,"7","HNRNPL"
5.61945563541727e-44,0.558452866490711,0.387,0.222,1.06348197900272e-39,"7","YTHDF2"
2.12403917473217e-43,0.62117638866855,0.334,0.186,4.01974413818063e-39,"7","TINF2"
1.86961687640659e-42,0.666846159443552,0.261,0.134,3.53824993859947e-38,"7","UBE2E3"
3.55569246067051e-42,0.429885750936891,0.603,0.382,6.72914798181894e-38,"7","CSTB"
1.61300505566226e-41,0.587447818020028,0.331,0.185,3.05261206784083e-37,"7","C14orf119"
2.35487180098539e-41,0.719242259487612,0.255,0.134,4.45659488336485e-37,"7","TFIP11"
5.65344700054674e-41,0.663548946502142,0.274,0.146,1.06991484485347e-36,"7","RNF11"
1.09081789827644e-40,0.453312156687359,0.486,0.293,2.06437287248815e-36,"7","NSA2"
1.58097290703904e-40,0.670412503781773,0.263,0.139,2.99199122657139e-36,"7","TMEM39A"
1.86123250464828e-40,0.531405881743899,0.371,0.214,3.52238251504687e-36,"7","SLIRP"
2.73705088117244e-40,0.384600908630746,0.772,0.524,5.17986879261884e-36,"7","EMD"
8.5761634692338e-40,0.429208377942448,0.59,0.378,1.6230389365525e-35,"7","STRAP"
9.79432316657774e-40,0.520493359883533,0.39,0.231,1.85357565927484e-35,"7","KDELR2"
1.16718327030699e-39,0.645032764419024,0.266,0.14,2.20889433905598e-35,"7","TBPL1"
1.52963622372736e-39,0.445048830440689,0.537,0.341,2.89483655340404e-35,"7","BCL3"
2.54003688622178e-39,0.585078237490676,0.313,0.175,4.80701980717471e-35,"7","SEC23B"
5.56120201098645e-39,0.622698870042525,0.275,0.148,1.05245748057919e-34,"7","ARL2BP"
7.9399339482383e-39,0.564275533580477,0.327,0.185,1.5026324997041e-34,"7","TRAPPC4"
1.84329038338976e-38,0.513389319643015,0.373,0.218,3.48842705056512e-34,"7","DDX27"
2.52849973258069e-38,0.594549197436427,0.256,0.134,4.78518574390896e-34,"7","MAF"
2.58454159276461e-38,0.365174514539623,0.848,0.589,4.89124496430702e-34,"7","PIK3R1"
4.80086942255214e-38,0.45438424102034,0.481,0.297,9.08564538217993e-34,"7","TSEN54"
8.00955313189343e-38,0.605447243635693,0.262,0.14,1.51580793021083e-33,"7","NRBF2"
9.5830986674244e-38,0.522430278577948,0.353,0.204,1.81360142281007e-33,"7","RNF138"
1.22378365590465e-37,0.500249299039117,0.392,0.235,2.31601056879955e-33,"7","MAPRE1"
1.36750360822381e-37,0.382158063156146,0.701,0.467,2.58800057856356e-33,"7","HNRNPA0"
1.55116439007775e-37,0.578130632475053,0.265,0.141,2.93557860822215e-33,"7","TGFBR3"
3.28304613736163e-37,0.514411474160304,0.31,0.172,6.21316481495688e-33,"7","SNHG7"
3.97188703299499e-37,0.401397318492833,0.569,0.36,7.51679620994301e-33,"7","PTGER4"
4.92724955471666e-37,0.430878032581847,0.495,0.309,9.32481978230127e-33,"7","SS18L2"
7.16889076106681e-37,0.58905662799172,0.27,0.146,1.35671257653189e-32,"7","GLTP"
7.79368716272664e-37,0.537295695758107,0.307,0.172,1.47495529554602e-32,"7","CTNNB1"
1.07606153229521e-36,0.372290224515386,0.707,0.471,2.03644644986868e-32,"7","TERF2IP"
2.01407940367082e-36,0.352845597306618,0.743,0.501,3.81164527144702e-32,"7","CTSC"
2.08162827524637e-36,0.372879128228349,0.706,0.474,3.93948151090375e-32,"7","RAP1B"
2.25619755153146e-36,0.627789126554246,0.284,0.16,4.26985386627328e-32,"7","SLC10A3"
2.31137989678333e-36,0.522285828801824,0.335,0.194,4.37428645466245e-32,"7","PPP1R11"
2.31551912129323e-36,0.361133437197556,0.837,0.592,4.38211993704744e-32,"7","FAM177A1"
2.68584809809042e-36,0.37791373028134,0.667,0.446,5.08296752563611e-32,"7","PTP4A2"
1.04980418988865e-35,0.450805448626276,0.454,0.284,1.98675442936427e-31,"7","CEBPZ"
1.23938090312706e-35,0.365719755505086,0.702,0.481,2.34552835916796e-31,"7","ARHGDIA"
3.09244811647007e-35,0.494090000712945,0.387,0.234,5.8524580604196e-31,"7","NR1H2"
3.53243433626403e-35,0.425917605066534,0.424,0.258,6.68513198137967e-31,"7","IMP3"
3.55062691720387e-35,0.581205648848486,0.251,0.135,6.71956144080832e-31,"7","IFI6"
3.8344259066298e-35,0.474114596549547,0.413,0.254,7.2566510282969e-31,"7","EMC7"
9.21360976715694e-35,0.342456391064746,0.835,0.589,1.74367564843445e-30,"7","DDIT4"
1.72076417360613e-34,0.441963535088012,0.428,0.264,3.2565461985496e-30,"7","SSB"
1.8353075398651e-34,0.362713579266395,0.749,0.51,3.47331951919471e-30,"7","BZW1"
1.99110187377101e-34,0.465052894735749,0.359,0.212,3.76816029611163e-30,"7","NDUFC1"
2.77186467467518e-34,0.42471365825279,0.461,0.288,5.24575389682277e-30,"7","POLR2K"
2.7923893626752e-34,0.59360873606534,0.265,0.148,5.28459686886281e-30,"7","LRRC59"
3.1668726612616e-34,0.445925379437442,0.417,0.257,5.99330651143758e-30,"7","PRMT2"
3.27142942364714e-34,0.39593608731647,0.532,0.345,6.19118018425221e-30,"7","MAPK1IP1L"
6.83989503879605e-34,0.408490171769793,0.463,0.289,1.29445013609215e-29,"7","AKIRIN1"
9.02112193298006e-34,0.529954223071028,0.312,0.182,1.70724732581648e-29,"7","PRPF38A"
1.24958914132229e-33,0.377541432495705,0.665,0.436,2.36484744995243e-29,"7","RBM38"
2.73037059846397e-33,0.352468714323231,0.68,0.455,5.16722635759306e-29,"7","CCNH"
3.08524888309797e-33,0.421218417201874,0.397,0.241,5.83883351126291e-29,"7","FKBP11"
3.57969165907159e-33,0.400169806111564,0.467,0.291,6.77456646479297e-29,"7","SYF2"
4.69910977539808e-33,0.503687480734086,0.33,0.195,8.89306524994087e-29,"7","EMC10"
7.04791319158329e-33,0.44279312645168,0.391,0.239,1.33381757150714e-28,"7","GOLPH3"
7.1935291748511e-33,0.435197205480357,0.384,0.232,1.36137539634057e-28,"7","RAB14"
8.56280735613829e-33,0.401764357821614,0.503,0.324,1.62051129214917e-28,"7","ILF2"
9.14956519440371e-33,0.364171566780977,0.661,0.446,1.7315552130409e-28,"7","SEC62"
1.74510738761646e-32,0.481703363844955,0.352,0.212,3.30261573106415e-28,"7","MAZ"
1.82436943020329e-32,0.442943083768107,0.4,0.248,3.45261914665972e-28,"7","SF3B4"
2.88627380210358e-32,0.52500836754324,0.285,0.162,5.46227317048103e-28,"7","ERVK3-1"
3.28186470289274e-32,0.533071685944473,0.269,0.152,6.21092895022451e-28,"7","FAM118A"
3.85246939201049e-32,0.447780736886607,0.369,0.224,7.29079832437985e-28,"7","APH1A"
5.22107791284639e-32,0.504234599861294,0.306,0.177,9.88088995006179e-28,"7","MTFP1"
8.14223388065157e-32,0.382154375337393,0.519,0.335,1.54091776191331e-27,"7","RPN1"
1.07607238729666e-31,0.46021137806282,0.373,0.229,2.03646699295894e-27,"7","CTR9"
1.36088152040388e-31,0.459731663028668,0.365,0.223,2.57546827736433e-27,"7","MECP2"
3.09358460298611e-31,0.447552494614861,0.36,0.218,5.85460886115122e-27,"7","RHEB"
3.25091355637963e-31,0.36995061957244,0.52,0.337,6.15235390544845e-27,"7","KRT10"
5.56939184357176e-31,0.538648751951768,0.252,0.14,1.05400740639596e-26,"7","U2AF1"
6.20285004980789e-31,0.486134100691981,0.342,0.208,1.17388937192614e-26,"7","MED4"
7.72446938168483e-31,0.446801515636516,0.337,0.201,1.46185583048385e-26,"7","ARRB2"
9.34010066438294e-31,0.383300695575589,0.473,0.3,1.76761405073447e-26,"7","SNRPB2"
1.48343268762695e-30,0.486763972066657,0.283,0.163,2.80739636133401e-26,"7","PPP2R2B"
3.07607585101215e-30,0.459966355598821,0.331,0.198,5.8214735480405e-26,"7","SAR1A"
3.55794885525218e-30,0.386296945566291,0.421,0.263,6.73341820856475e-26,"7","MED10"
3.90048629017162e-30,0.483180173462681,0.29,0.169,7.38167030414979e-26,"7","KRR1"
4.96491279807909e-30,0.354491533214984,0.593,0.392,9.39609747036469e-26,"7","MAGOH"
8.84669632112027e-30,0.455341616559123,0.348,0.213,1.67423727877201e-25,"7","PHF1"
1.26818006496765e-29,0.351822860244211,0.537,0.351,2.40003077295129e-25,"7","GABARAPL2"
1.48616575018634e-29,0.392105828214147,0.401,0.25,2.81256868222765e-25,"7","HERPUD2"
1.6257450661772e-29,0.388195657945171,0.455,0.294,3.07672253774034e-25,"7","SPN"
4.67384998203882e-29,0.334416648599506,0.579,0.381,8.84526109100847e-25,"7","EIF4A3"
4.76266388851427e-29,0.390985326091796,0.42,0.267,9.01334140901326e-25,"7","MLF2"
7.92081760595687e-29,0.380129764066666,0.475,0.315,1.49901473192734e-24,"7","CSNK1D"
8.03477059364113e-29,0.432895382269271,0.34,0.207,1.52058033484658e-24,"7","GNAI3"
8.21932989761011e-29,0.51703408810607,0.263,0.152,1.55550818312271e-24,"7","CWC15"
8.32990593964862e-29,0.444853984479791,0.334,0.204,1.5764346990785e-24,"7","GGNBP2"
8.83823674007856e-29,0.383613885879542,0.449,0.29,1.67263630305987e-24,"7","PDCL3"
9.29997554741967e-29,0.469548846327024,0.3,0.179,1.76002037234917e-24,"7","CYB5R3"
1.07933511781033e-28,0.45375787029155,0.321,0.195,2.04264171045605e-24,"7","COX20"
1.10202055781852e-28,0.38566835850864,0.391,0.244,2.08557390567156e-24,"7","PYURF"
1.37581403924798e-28,0.48846010367465,0.289,0.172,2.60372806927679e-24,"7","OSER1"
1.39571663718614e-28,0.491376695106855,0.279,0.165,2.64139373587477e-24,"7","TGS1"
1.69433245604443e-28,0.448711630029538,0.318,0.193,3.20652417306409e-24,"7","LPCAT1"
1.80328524759844e-28,0.518591572871121,0.259,0.151,3.41271733108005e-24,"7","COPS3"
2.04603883550719e-28,0.411591392667314,0.356,0.217,3.87212849619735e-24,"7","VAMP2"
2.54610601449295e-28,0.311050225019058,0.59,0.388,4.81850563242792e-24,"7","STAT4"
2.73247289538558e-28,0.479532357086953,0.285,0.168,5.17120495451721e-24,"7","BLOC1S2"
2.95767164798867e-28,0.372448299443521,0.502,0.331,5.59739359381855e-24,"7","EIF4A1"
6.25164356144612e-28,0.460332918097072,0.323,0.199,1.18312354400368e-23,"7","RNASEH2C"
8.0876366035069e-28,0.497792589700118,0.274,0.162,1.53058522721368e-23,"7","SIRT2"
9.41511038881724e-28,0.450728059214549,0.331,0.205,1.78180964108366e-23,"7","AKIRIN2"
1.06571249496145e-27,0.342060548411683,0.504,0.332,2.01686089671454e-23,"7","SF3A1"
2.09607932597471e-27,0.440788737668563,0.335,0.209,3.96683012440714e-23,"7","ARPP19"
2.30009749719304e-27,0.328708247735836,0.538,0.357,4.35293451343783e-23,"7","ATP5ME"
3.60873776641424e-27,0.442499678053784,0.335,0.21,6.82953622293895e-23,"7","RNF115"
3.7312322133578e-27,0.469916069823941,0.269,0.158,7.06135696377964e-23,"7","RAB29"
3.79228170804229e-27,0.475711523361026,0.266,0.157,7.17689313247004e-23,"7","CD2BP2"
6.20524443710443e-27,0.445446402013464,0.289,0.173,1.17434250972201e-22,"7","POLR2C"
6.24783572920577e-27,0.469474215060233,0.285,0.171,1.18240291175219e-22,"7","CWC25"
7.10097251592128e-27,0.327942341695112,0.591,0.398,1.3438590486381e-22,"7","H2AFV"
8.37548640728207e-27,0.371279736634659,0.423,0.275,1.58506080257813e-22,"7","SERINC3"
1.02330732193421e-26,0.349075002551401,0.496,0.329,1.9366091067605e-22,"7","AMD1"
1.84546578444767e-26,0.342004683717432,0.447,0.287,3.49254399706721e-22,"7","COPS9"
2.24111524216473e-26,0.458804806349119,0.273,0.164,4.24131059579675e-22,"7","TSPYL1"
2.26097558043265e-26,0.336986953598915,0.529,0.353,4.27889628596879e-22,"7","BCAS2"
3.68901684039569e-26,0.445130693840143,0.273,0.163,6.98146437044884e-22,"7","NELFCD"
4.45495123812791e-26,0.322103367205696,0.513,0.342,8.43099521815706e-22,"7","UQCRFS1"
4.62943091835125e-26,0.322359766434229,0.565,0.384,8.76119801297974e-22,"7","MAT2A"
5.73195911294148e-26,0.30911293528218,0.728,0.511,1.08477326212418e-21,"7","CYCS"
6.3831919730934e-26,0.34088167720405,0.484,0.319,1.20801908090793e-21,"7","ABI3"
6.46586681343454e-26,0.482323473284977,0.253,0.148,1.22366529444249e-21,"7","HMGN4"
7.73502995782494e-26,0.427357404131874,0.303,0.186,1.46385441951837e-21,"7","GORASP2"
1.1721134904264e-25,0.359468078922908,0.39,0.249,2.21822478063197e-21,"7","MRPL33"
1.2652889921472e-25,0.345538993413974,0.435,0.282,2.39455941763858e-21,"7","TMED2"
1.42773556543579e-25,0.34967008910618,0.417,0.27,2.70198955758724e-21,"7","NOL7"
2.13883980430521e-25,0.349934084220837,0.414,0.266,4.0477543296476e-21,"7","ANXA2"
2.14598115350811e-25,0.331560030510797,0.479,0.316,4.0612693330141e-21,"7","RASSF5"
2.2678420908437e-25,0.318535917935969,0.451,0.292,4.2918911569217e-21,"7","CD5"
2.74673427732279e-25,0.420690449038772,0.3,0.184,5.19819461983338e-21,"7","USP14"
4.70806263212209e-25,0.319842542623445,0.337,0.206,8.91000853129105e-21,"7","THEMIS"
6.09787651209505e-25,0.353119458585474,0.441,0.291,1.15402312991399e-20,"7","RAB5C"
6.75068998800094e-25,0.302120509464862,0.574,0.383,1.27756808022918e-20,"7","GPR65"
7.41780856194712e-25,0.388857208760891,0.319,0.198,1.40382027034849e-20,"7","ORMDL1"
1.01655686956767e-24,0.328460971878208,0.529,0.358,1.92383387565682e-20,"7","PET100"
1.33130630591896e-24,0.387531192515216,0.365,0.236,2.51949718395163e-20,"7","NDUFA5"
1.76539820368202e-24,0.378822265024691,0.339,0.214,3.34101610046823e-20,"7","SMIM26"
1.81252537790006e-24,0.297713828599956,0.58,0.394,3.43020427767587e-20,"7","CSDE1"
2.09478730763946e-24,0.297820233205974,0.636,0.436,3.96438497970768e-20,"7","NDUFA3"
3.15351159613602e-24,0.314569961979615,0.539,0.364,5.96802069568742e-20,"7","P4HB"
3.53089462699494e-24,0.345627541572988,0.402,0.262,6.68221808158792e-20,"7","DNAJC1"
3.66464400667757e-24,0.341237795711983,0.447,0.299,6.9353387826373e-20,"7","SLBP"
3.7203541427422e-24,0.37039609200878,0.352,0.225,7.04077021513961e-20,"7","EIF5B"
4.72300399404499e-24,0.424010322182743,0.285,0.175,8.93828505873013e-20,"7","AKR1B1"
6.98356636227199e-24,0.430170630779887,0.285,0.176,1.32163993405997e-19,"7","DUSP11"
8.53625624904052e-24,0.307196926343742,0.556,0.378,1.61548649513092e-19,"7","GHITM"
9.99845579408343e-24,0.333868115591269,0.444,0.295,1.89220775903029e-19,"7","DNTTIP2"
1.01787743840035e-23,0.382538551931457,0.33,0.209,1.92633305217267e-19,"7","CCDC59"
1.32878108679389e-23,0.42793561049329,0.292,0.182,2.51471820675744e-19,"7","C1D"
2.20101643138146e-23,0.28840947731684,0.745,0.522,4.16542359638942e-19,"7","GNG2"
2.47931530090111e-23,0.342877278788806,0.366,0.235,4.69210420695536e-19,"7","PTBP1"
2.75072874459821e-23,0.411349463258037,0.289,0.181,5.20575414915211e-19,"7","SZRD1"
3.22145717107203e-23,0.394768951694027,0.306,0.192,6.09660769625382e-19,"7","PSMD6"
3.82740027665251e-23,0.345766201647321,0.333,0.21,7.24335502356487e-19,"7","FUNDC2"
4.93779904125202e-23,0.294899528168958,0.604,0.421,9.34478468556944e-19,"7","SYAP1"
5.69791110510806e-23,0.422809495480733,0.275,0.171,1.0783296766417e-18,"7","EFR3A"
5.8171519245365e-23,0.33074066348128,0.425,0.283,1.10089600171853e-18,"7","PNRC2"
6.00276953126235e-23,0.337443019117734,0.396,0.261,1.1360241337914e-18,"7","MRPL57"
6.77408640532872e-23,0.298745932702605,0.496,0.331,1.28199585220846e-18,"7","SF3B6"
7.54371817605961e-23,0.332356151753048,0.428,0.285,1.42764866481928e-18,"7","RWDD1"
8.07237284942597e-23,0.409949649941,0.303,0.192,1.52769656175386e-18,"7","METAP2"
9.44454786395833e-23,0.283695171511475,0.83,0.6,1.78738068325411e-18,"7","PCBP2"
9.6832513267988e-23,0.337509920643472,0.397,0.262,1.83255531359667e-18,"7","C1orf43"
1.44370514589182e-22,0.284699837256762,0.66,0.455,2.73221198860027e-18,"7","ATP5MD"
1.56984467459991e-22,0.366000691774526,0.348,0.226,2.97093104668033e-18,"7","SH3GLB1"
1.65225136472997e-22,0.389827321393511,0.317,0.203,3.12688570775146e-18,"7","CNOT7"
1.75264297362127e-22,0.429800389292793,0.266,0.165,3.31687682757826e-18,"7","BCCIP"
1.7634038516073e-22,0.368655336360465,0.307,0.194,3.33724178916682e-18,"7","ZNF655"
1.8097751009726e-22,0.331920590187199,0.409,0.272,3.42499937859064e-18,"7","PPP2R1A"
2.01203769605411e-22,0.343346465024412,0.296,0.183,3.8077813397824e-18,"7","PECAM1"
2.71979204028235e-22,0.348806174890825,0.277,0.169,5.14720643623434e-18,"7","RBKS"
3.21904247160973e-22,0.407761272944059,0.288,0.182,6.09203787752142e-18,"7","NDEL1"
4.21876590518052e-22,0.397268433100551,0.28,0.176,7.98401447555413e-18,"7","WAPL"
5.664514904808e-22,0.347851999228425,0.322,0.205,1.07200944573491e-17,"7","FAM133B"
5.81887703829177e-22,0.419594627582215,0.252,0.154,1.10122247949672e-17,"7","C1orf52"
6.72763629337764e-22,0.390251359257408,0.262,0.161,1.27320516852172e-17,"7","H2AFJ"
7.30239665784788e-22,0.287934577621868,0.517,0.35,1.38197856749771e-17,"7","TOMM20"
8.16721996903442e-22,0.355334692592585,0.336,0.216,1.54564637913976e-17,"7","RNF166"
8.64166628712274e-22,0.39965418651515,0.261,0.161,1.63543534483798e-17,"7","CCNK"
1.00266424826513e-21,0.377816902333202,0.292,0.185,1.89754208984176e-17,"7","DERL2"
1.02318191483412e-21,0.285002832132677,0.535,0.365,1.93637177382358e-17,"7","UQCRQ"
1.10527262110361e-21,0.333857037971869,0.369,0.241,2.09172843543859e-17,"7","MAX"
1.15455827828704e-21,0.415505593720766,0.27,0.169,2.18500154165821e-17,"7","ZPR1"
1.18547960192904e-21,0.376787641247667,0.32,0.207,2.24352014665071e-17,"7","TMEM109"
1.19908735449197e-21,0.315544650672607,0.38,0.25,2.26927281837606e-17,"7","ARIH2"
1.23521275600451e-21,0.361243661104092,0.315,0.202,2.33764014073854e-17,"7","VOPP1"
1.47217602090805e-21,0.393167622740529,0.268,0.166,2.78609311956848e-17,"7","TNFSF14"
1.53039733698239e-21,0.274595001518474,0.729,0.514,2.89627696023917e-17,"7","MORF4L1"
1.67063404097241e-21,0.292053651273258,0.482,0.328,3.16167492254029e-17,"7","MAT2B"
1.73154883913606e-21,0.290203118532784,0.531,0.365,3.27695617806498e-17,"7","RSL24D1"
2.55965602935169e-21,0.304222781029512,0.46,0.31,4.84414903554808e-17,"7","HMGB2"
2.96969985219724e-21,0.413667298480644,0.257,0.16,5.62015697028328e-17,"7","RBM22"
3.39019630172645e-21,0.283472542381039,0.495,0.336,6.4159465010173e-17,"7","PITPNC1"
3.56167675326621e-21,0.296108658748454,0.481,0.33,6.74047325555629e-17,"7","TOP1"
4.21162788353223e-21,0.286360144302952,0.499,0.341,7.97050576958474e-17,"7","SRPRA"
4.73134847166452e-21,0.396726205780718,0.261,0.162,8.95407698262511e-17,"7","RNF4"
6.93489470919958e-21,0.385170583074186,0.285,0.181,1.31242882371602e-16,"7","BCL7B"
7.60067853955386e-21,0.301606070512026,0.415,0.276,1.43842841361057e-16,"7","LAPTM4A"
8.99521321999816e-21,0.290894401708554,0.414,0.276,1.70234410188465e-16,"7","EMC4"
9.36798222758853e-21,0.291067829953416,0.475,0.325,1.77289063657113e-16,"7","RNPS1"
9.49196708090192e-21,0.324221753872808,0.353,0.231,1.79635477006069e-16,"7","STAU1"
9.5405796682964e-21,0.26916023403685,0.656,0.463,1.80555470222509e-16,"7","MAP1LC3B"
1.18737172409832e-20,0.313682365525267,0.367,0.242,2.24710098785606e-16,"7","SBDS"
1.39814383368337e-20,0.341321839449426,0.369,0.246,2.64598720524578e-16,"7","NUCKS1"
1.45125227301047e-20,0.263958271921991,0.876,0.657,2.74649492667232e-16,"7","HSPA5"
1.86099385512638e-20,0.343270563962313,0.312,0.201,3.52193087082668e-16,"7","MFSD10"
2.12827191619126e-20,0.283816269090549,0.425,0.285,4.02775460139196e-16,"7","CYTH1"
2.13167867412545e-20,0.354344068646379,0.266,0.167,4.03420189078242e-16,"7","GRAP2"
2.15297009727233e-20,0.265290574319553,0.663,0.467,4.07449590908789e-16,"7","RBM3"
2.15930966391734e-20,0.379661605973786,0.273,0.174,4.08649353896357e-16,"7","CCDC47"
2.27977860583588e-20,0.269110475902171,0.641,0.449,4.3144810115444e-16,"7","SNRPG"
2.43796987122907e-20,0.391184549531451,0.256,0.16,4.61385798130102e-16,"7","SNX2"
2.44982162429984e-20,0.292654634132561,0.451,0.308,4.63628742398745e-16,"7","RPN2"
3.31977194700698e-20,0.388542717081473,0.285,0.183,6.28266840971071e-16,"7","NFKB2"
3.64012666743909e-20,0.261815176522779,0.753,0.528,6.88893971812848e-16,"7","TENT5C"
3.8697159216774e-20,0.354968116509449,0.299,0.193,7.32343738177448e-16,"7","CHCHD7"
4.69369796772789e-20,0.385552738497447,0.266,0.169,8.88282340392504e-16,"7","ATG3"
5.15191894554451e-20,0.384931048684398,0.269,0.17,9.75000660444299e-16,"7","RAB1A"
5.80712869216972e-20,0.301933255909306,0.403,0.272,1.09899910499312e-15,"7","MRFAP1"
7.98939176365129e-20,0.317919114298678,0.339,0.222,1.51199239127101e-15,"7","PFDN2"
8.28822835809417e-20,0.270905743504714,0.481,0.328,1.56854721676932e-15,"7","TRAM1"
9.5314341502033e-20,0.298228764835082,0.328,0.213,1.80382391292597e-15,"7","CENPC"
1.13345523499456e-19,0.366407827012583,0.255,0.16,2.1450640322272e-15,"7","DENND1C"
1.17440023021646e-19,0.298690230734924,0.377,0.25,2.22255243568465e-15,"7","DNAJA2"
1.25731074818193e-19,0.313004080327987,0.336,0.22,2.3794605909343e-15,"7","TMEM9B"
1.35806791161358e-19,0.295568362878498,0.37,0.244,2.5701435227287e-15,"7","NDUFB1"
1.61413059567546e-19,0.25705591520423,0.592,0.419,3.0547421523158e-15,"7","CALM3"
1.7312280145944e-19,0.260275417058881,0.484,0.33,3.2763490176199e-15,"7","RNF7"
1.74646591595092e-19,0.373829289563895,0.256,0.162,3.30518674593711e-15,"7","RAMMET"
1.92330692873894e-19,0.367508087827008,0.289,0.187,3.63985836263843e-15,"7","MAP2K3"
2.14912716965385e-19,0.292289721204129,0.44,0.303,4.06722316856991e-15,"7","OSTF1"
2.26539444728043e-19,0.262621672506811,0.529,0.37,4.28725899147822e-15,"7","FKBP8"
2.30173189132922e-19,0.283067297034698,0.435,0.297,4.35602760434054e-15,"7","LAMP1"
2.48227517995197e-19,0.266200736998674,0.541,0.373,4.69770577805911e-15,"7","RUNX3"
2.78634901740338e-19,0.257381887376919,0.594,0.413,5.2731655154359e-15,"7","C4orf3"
3.08892997197551e-19,0.323490293643083,0.325,0.214,5.84579997196366e-15,"7","METTL9"
4.03667496181768e-19,0.356914929906659,0.269,0.172,7.63940736523996e-15,"7","PSMC6"
4.42032752459123e-19,0.328444076313657,0.326,0.216,8.3654698402889e-15,"7","PNPLA8"
4.77355705567445e-19,0.274234009836681,0.46,0.316,9.0339567278639e-15,"7","PPIG"
4.78988047351799e-19,0.300855036022565,0.381,0.257,9.0648487961328e-15,"7","ATP6AP2"
5.16682985385853e-19,0.329907674642245,0.281,0.18,9.77822549842728e-15,"7","TSC22D4"
5.77074757101153e-19,0.37160078080678,0.282,0.184,1.09211397781393e-14,"7","GRPEL1"
6.05961299483113e-19,0.250780809989384,0.67,0.467,1.14678175927179e-14,"7","CD48"
6.7157867374583e-19,0.372381727287187,0.27,0.174,1.27096264006398e-14,"7","ARMCX3"
7.5183324740962e-19,0.322188238306952,0.324,0.215,1.42284442072271e-14,"7","ATP6V0D1"
8.11547907671862e-19,0.274599518758006,0.399,0.269,1.535854415269e-14,"7","SNX6"
1.08809739768042e-18,0.280716106911097,0.397,0.269,2.05922432511019e-14,"7","UBE2L3"
1.73959200786804e-18,0.293570461873788,0.381,0.259,3.29217787489027e-14,"7","KIF5B"
1.94340523781601e-18,0.270685482783635,0.464,0.325,3.6778944125668e-14,"7","RBM4"
2.38730476297915e-18,0.283503904569545,0.447,0.311,4.51797426393805e-14,"7","UBE2A"
2.7227756206193e-18,0.314108154643348,0.335,0.224,5.15285286202202e-14,"7","RNF114"
2.80056009418552e-18,0.28268108670088,0.361,0.242,5.3000599782461e-14,"7","STARD7"
3.00312137140647e-18,0.256733869491133,0.422,0.287,5.68340719538675e-14,"7","ZNF207"
3.36593515315913e-18,0.27077415963662,0.428,0.295,6.37003227735364e-14,"7","PPP4C"
3.66381455220913e-18,0.318305746352398,0.312,0.207,6.93376904005579e-14,"7","RTN4"
5.33861560081424e-18,0.253410405629011,0.498,0.347,1.01033300245409e-13,"7","SELENOT"
5.61193819550803e-18,0.280340110131166,0.427,0.298,1.06205930349989e-13,"7","HNRNPAB"
6.44183687961116e-18,0.344372338333969,0.26,0.167,1.21911762946641e-13,"7","DDX50"
7.27688503040158e-18,0.275543380803636,0.372,0.251,1.3771504920035e-13,"7","SUPT4H1"
7.83602963117556e-18,0.333624466160465,0.282,0.184,1.48296860769998e-13,"7","PHF5A"
8.1384832765394e-18,0.254610877875337,0.511,0.356,1.54020796008508e-13,"7","PTP4A1"
1.20442457487424e-17,0.266133958668674,0.355,0.238,2.2793735079495e-13,"7","ILF3"
1.56460237961647e-17,0.295762449392194,0.35,0.236,2.96101000342417e-13,"7","SELENOS"
1.63811043040949e-17,0.342526585028094,0.261,0.169,3.10012398954995e-13,"7","PSMD11"
1.88841921597038e-17,0.319859325054026,0.274,0.179,3.57383336622394e-13,"7","FUBP1"
2.01362146361276e-17,0.33543424101674,0.277,0.182,3.81077861988715e-13,"7","IST1"
2.08528072893906e-17,0.321959321288775,0.256,0.165,3.94639377951718e-13,"7","LSM1"
2.32307916947787e-17,0.279264389243191,0.332,0.223,4.39642732823687e-13,"7","PHF20L1"
2.5208252082298e-17,0.30142995446358,0.3,0.199,4.7706617065749e-13,"7","RAB8A"
2.73851015032121e-17,0.258620489626916,0.434,0.301,5.18263045948289e-13,"7","ATP1A1"
4.65101001097125e-17,0.311009336355976,0.254,0.163,8.8020364457631e-13,"7","BCL7C"
4.72784035289886e-17,0.292407314104803,0.299,0.198,8.9474378678611e-13,"7","SPPL2A"
4.72958872464006e-17,0.299992736281701,0.297,0.197,8.95074666138131e-13,"7","MTCH1"
5.46670189606635e-17,0.320604448060538,0.28,0.184,1.03457333383056e-12,"7","ZFAND6"
6.03983406985995e-17,0.260361674707468,0.402,0.277,1.143038597721e-12,"7","INSIG1"
6.49608283759058e-17,0.267179794940418,0.354,0.24,1.22938367701402e-12,"7","TBCC"
6.91953741968673e-17,0.282839812100664,0.334,0.226,1.30952245667571e-12,"7","BBX"
6.95599269594272e-17,0.362253901116616,0.253,0.166,1.31642161770716e-12,"7","FAM32A"
7.5497490214049e-17,0.299951896546957,0.318,0.216,1.42879000230088e-12,"7","FBXO7"
8.18952371605356e-17,0.261978135626108,0.45,0.315,1.54986736326314e-12,"7","PPP2CA"
9.67392745030638e-17,0.331484572020907,0.262,0.172,1.83079076997048e-12,"7","NELFE"
9.97022146515899e-17,0.277030905356979,0.327,0.219,1.88686441228134e-12,"7","SF3A2"
1.83265091079411e-16,0.309869585062632,0.251,0.163,3.46829184867786e-12,"7","DNAJC19"
1.86937398738578e-16,0.256660850037321,0.353,0.242,3.53779027112758e-12,"7","CAPN2"
1.98280780635949e-16,0.288329184874547,0.3,0.201,3.75246377353533e-12,"7","TOX4"
2.68308504505458e-16,0.273442848091372,0.365,0.252,5.0777384477658e-12,"7","PSMD7"
2.838986638505e-16,0.287097482419231,0.299,0.201,5.37278221337071e-12,"7","TMEM165"
2.84290785964755e-16,0.259008110607697,0.293,0.193,5.38020312438299e-12,"7","BCL11B"
5.37323910259532e-16,0.291365129050874,0.277,0.184,1.01688550016616e-11,"7","AATF"
5.57873368842685e-16,0.317022778005059,0.277,0.185,1.05577535053478e-11,"7","RIC8A"
5.81787974300245e-16,0.345151694622876,0.251,0.165,1.10103374136321e-11,"7","UBE2D1"
7.04146831712504e-16,0.287190702407992,0.274,0.181,1.33259787901591e-11,"7","MORF4L2"
7.85907349115293e-16,0.282961274004357,0.286,0.19,1.48732965820069e-11,"7","VSIR"
8.32129622926464e-16,0.337199467029175,0.256,0.17,1.57480531138833e-11,"7","GNL1"
1.0610599214279e-15,0.305618093141455,0.257,0.169,2.0080559013023e-11,"7","ATP6AP1"
1.17310475408555e-15,0.285967627015982,0.266,0.175,2.22010074710691e-11,"7","NENF"
1.23795159612715e-15,0.298257339344246,0.319,0.22,2.34282339567064e-11,"7","GTF3C6"
1.41640423934826e-15,0.255447735737286,0.31,0.209,2.68054502296657e-11,"7","OFD1"
1.55380397715419e-15,0.279272286509551,0.288,0.193,2.94057402676431e-11,"7","CIR1"
1.72868701589172e-15,0.261586458646386,0.303,0.204,3.27154017757509e-11,"7","MRFAP1L1"
2.00118722934365e-15,0.261823208687255,0.34,0.235,3.78724683153285e-11,"7","UQCRC2"
2.68724442850294e-15,0.264780955069994,0.314,0.215,5.08561008094182e-11,"7","UFM1"
2.73375995361994e-15,0.288195084467717,0.286,0.193,5.17364071222574e-11,"7","BHLHE40"
3.26908666457327e-15,0.259208322377017,0.332,0.228,6.18674651270492e-11,"7","VPS4B"
3.31266289201348e-15,0.296051863314072,0.269,0.179,6.26921452313551e-11,"7","TCIRG1"
4.20543711525216e-15,0.299553704327635,0.25,0.165,7.95878974061472e-11,"7","RAB22A"
4.60958784534286e-15,0.280632352964619,0.317,0.218,8.72364499731137e-11,"7","TXNL1"
1.23197166430128e-14,0.264457515038782,0.29,0.197,2.33150637469017e-10,"7","SEC13"
1.71106649942834e-14,0.283685974999083,0.292,0.201,3.23819335016814e-10,"7","EIF3J"
1.86298522892278e-14,0.275662092088638,0.281,0.19,3.52569954573637e-10,"7","TNIP1"
2.32230643565038e-14,0.256048447359669,0.282,0.191,4.39496492946834e-10,"7","PRKAR2A"
8.39031702666656e-14,0.26294221539993,0.252,0.169,1.58786749729665e-09,"7","LRP10"
9.16095337771885e-14,0.254662008337619,0.284,0.195,1.73371042673329e-09,"7","EMC3"
1.09713725175741e-13,0.260236872593841,0.275,0.188,2.07633224895089e-09,"7","SAP30BP"
1.43856346915337e-13,0.253643285197897,0.275,0.189,2.72248136537275e-09,"7","PSMD2"
3.33158055761585e-13,0.266395984895403,0.253,0.172,6.305016205288e-09,"7","PLEKHB2"
0,2.3801214157571,0.669,0.113,0,"8","TYROBP"
0,2.23171820248866,0.622,0.117,0,"8","KLRC3"
0,1.45202113680733,0.743,0.286,0,"8","XCL1"
0,3.47479436265,0.396,0.03,0,"8","KIR2DL3"
0,2.03535543310784,0.392,0.088,0,"8","LINC02446"
0,2.83994187002118,0.305,0.035,0,"8","KLRC2"
0,2.36624200421252,0.298,0.049,0,"8","KIR3DL2"
9.24686534124999e-292,1.65554685625291,0.417,0.106,1.74996926583156e-287,"8","NCR3"
4.80952573818429e-280,1.80761544220392,0.36,0.086,9.10202745951376e-276,"8","CD300A"
3.01134344001441e-273,2.00225324817625,0.278,0.056,5.69896746022726e-269,"8","TRGV5"
1.00596200023028e-261,2.088402357472,0.313,0.074,1.9037830854358e-257,"8","GNLY"
7.99282485239725e-224,1.16667023458804,0.654,0.266,1.51264210331618e-219,"8","HOPX"
1.48148257509229e-212,0.965580008595622,0.829,0.378,2.80370577336215e-208,"8","KLRD1"
1.79570612840516e-210,0.958685601503776,0.821,0.435,3.39837384800676e-206,"8","DUSP5"
3.62862484937861e-191,1.12560183216391,0.603,0.248,6.86717252744903e-187,"8","LINC01871"
3.00780193060795e-168,1.12167848098896,0.49,0.186,5.69226515367554e-164,"8","CD160"
2.25300431609545e-165,1.44987725744424,0.284,0.08,4.26381066821063e-161,"8","IFITM3"
4.41940381613028e-164,0.822004266770076,0.828,0.43,8.36372172202656e-160,"8","MYADM"
5.54580383917327e-153,1.05565820877135,0.543,0.234,1.04954337656354e-148,"8","CDKN1A"
4.47041684109874e-132,0.598823568096326,0.94,0.626,8.46026387177937e-128,"8","CTSW"
2.35355799708122e-128,1.27467328900558,0.324,0.115,4.45410850947621e-124,"8","GLUL"
9.59468225821807e-127,1.40753756348683,0.252,0.078,1.81579361736777e-122,"8","AC027290.1"
3.89369202595746e-126,0.66950580779876,0.882,0.523,7.36881215912449e-122,"8","ANXA1"
2.91883114839915e-118,0.723096257982476,0.749,0.404,5.52388794834539e-114,"8","FOSL2"
7.98709845979648e-118,0.803457422599078,0.657,0.336,1.51155838351648e-113,"8","BCL3"
1.25326695274237e-111,1.21897893244837,0.295,0.106,2.37180770806493e-107,"8","PDE4A"
8.71857063013607e-109,0.924387467316653,0.45,0.197,1.64998949175325e-104,"8","TBX21"
6.77261259109169e-104,1.03398276376693,0.364,0.15,1.2817169328641e-99,"8","ARL4A"
4.23775106668382e-102,0.797617207976164,0.541,0.259,8.01994389369913e-98,"8","CSRNP1"
5.1320132686124e-100,0.652090948461822,0.786,0.468,9.71233511084897e-96,"8","RGCC"
5.80888961170072e-98,0.724964405319417,0.649,0.35,1.09933235901436e-93,"8","TPM4"
1.13542048239319e-96,0.887079131718377,0.422,0.189,2.14878326292911e-92,"8","FBXO34"
1.08998374918112e-94,0.582211775264136,0.856,0.536,2.06279424532528e-90,"8","VPS37B"
9.64528247340774e-94,1.03281370037298,0.321,0.13,1.82536970809242e-89,"8","PRR7"
2.89916140023751e-93,0.93775179890031,0.386,0.169,5.48666294994949e-89,"8","AUTS2"
2.9613723021719e-93,0.886523281751123,0.454,0.222,5.60439708186032e-89,"8","LMNA"
4.29314272546068e-92,0.84767522207497,0.418,0.187,8.12477260793434e-88,"8","FCRL6"
1.53876699540293e-90,1.01650164692021,0.341,0.146,2.91211653880004e-86,"8","SLC16A3"
7.7847695810113e-86,0.879624615560972,0.399,0.187,1.47326764320639e-81,"8","LGALS1"
8.2801463861236e-85,0.718878292209597,0.538,0.277,1.56701770357389e-80,"8","MAP3K8"
1.75283215985952e-81,0.419174876621241,0.967,0.735,3.31723486253415e-77,"8","CD7"
1.55962466808028e-79,0.475373039108113,0.912,0.642,2.95158968434194e-75,"8","TAGLN2"
7.69322240447427e-78,0.641310109497043,0.626,0.352,1.45594234004676e-73,"8","PTP4A1"
3.88394055138429e-77,0.354594290762784,0.995,0.811,7.35035749349477e-73,"8","ZFP36"
4.93526957876725e-76,0.590545539566316,0.694,0.395,9.33999767781702e-72,"8","NR4A3"
1.40607973910894e-73,0.582290841496079,0.722,0.434,2.66100590626367e-69,"8","RBM38"
2.19089197112405e-71,0.48716618697248,0.88,0.588,4.14626305535227e-67,"8","PIK3R1"
7.87086288256295e-71,0.609804669443572,0.527,0.285,1.48956080052504e-66,"8","FOSB"
9.8674724955592e-70,0.769919035882719,0.377,0.182,1.86741916978458e-65,"8","PTMS"
5.82836390316443e-69,0.605664317885739,0.593,0.337,1.10301786867387e-64,"8","SOCS1"
3.35408733527169e-68,0.588801648561153,0.645,0.378,6.34761028200167e-64,"8","NFE2L2"
6.15955175995231e-67,0.463866899400547,0.878,0.609,1.16569517057097e-62,"8","MCL1"
3.84472998466374e-66,0.303043953974302,0.988,0.832,7.27615149597612e-62,"8","PABPC1"
4.006476805006e-66,0.707621612214123,0.46,0.248,7.58225735347386e-62,"8","SERPINB9"
4.54617189944296e-66,0.656261834826794,0.467,0.247,8.6036303196958e-62,"8","CD55"
2.00896809156679e-65,0.894439320707661,0.315,0.15,3.80197211329016e-61,"8","PHLDA1"
3.38463342652342e-65,0.679885829228472,0.495,0.274,6.40541875969558e-61,"8","INSIG1"
2.09706469315288e-64,0.563990765710745,0.642,0.381,3.96869493179182e-60,"8","GPR65"
1.32495834362612e-63,0.720318830576442,0.403,0.206,2.50748366531242e-59,"8","KDM6B"
1.68490620712016e-62,0.493113242965102,0.716,0.432,3.18868499697491e-58,"8","UBE2S"
9.21173886185951e-61,0.455667269237364,0.859,0.588,1.74332157960691e-56,"8","DDIT4"
2.0684844829575e-59,0.47695757615543,0.826,0.532,3.91460688399707e-55,"8","REL"
5.97508118411263e-59,0.702396580561627,0.374,0.19,1.13078411409332e-54,"8","BHLHE40"
2.34490681841376e-58,0.689041750469914,0.38,0.196,4.43773615384805e-54,"8","RNF139"
3.61892708231098e-58,0.854886459061583,0.27,0.124,6.84881950327353e-54,"8","TUBB2A"
6.78216729374635e-58,0.701634672550044,0.366,0.185,1.2835251603415e-53,"8","ELL2"
7.70905723329844e-58,0.527176901665097,0.594,0.341,1.45893908140173e-53,"8","CD63"
1.36452124456159e-57,0.277711069128977,0.987,0.851,2.5823564553328e-53,"8","ZFP36L2"
1.86655483344307e-57,0.68757203242409,0.368,0.187,3.532455022291e-53,"8","UBE2J1"
1.03278831368577e-56,0.798723181988838,0.259,0.117,1.95455188365033e-52,"8","FAM129A"
1.06759734074255e-56,0.448727409521446,0.763,0.48,2.02042796735528e-52,"8","TUBB4B"
7.32864915954717e-56,0.647268427961739,0.456,0.256,1.3869468534443e-51,"8","OASL"
5.26594731321252e-55,0.758822395851812,0.308,0.151,9.9658052902547e-51,"8","DSTN"
1.26497186718089e-54,0.378704732727279,0.92,0.704,2.39395925863984e-50,"8","CRIP1"
2.35951344901367e-54,0.727234079679522,0.297,0.144,4.46537920225838e-50,"8","RAB11FIP1"
1.01828797217509e-52,0.696512629817158,0.351,0.184,1.92710998734136e-48,"8","PRNP"
1.04859664129302e-52,0.590589050712562,0.525,0.315,1.98446914364704e-48,"8","XCL2"
5.51718907101144e-52,0.467387351116924,0.693,0.416,1.04412803168892e-47,"8","PDE4B"
2.51608254287121e-51,0.518774304233529,0.608,0.371,4.76168621238376e-47,"8","RUNX3"
2.82427936576772e-51,0.520535210659486,0.561,0.329,5.34494869971541e-47,"8","EIF4A1"
4.47608039419118e-51,0.611218200587799,0.405,0.221,8.4709821460068e-47,"8","ANKRD37"
7.70767382997308e-51,0.735075561327682,0.321,0.165,1.4586772723224e-46,"8","METRNL"
2.50242958860668e-50,0.459208127181122,0.727,0.458,4.73584799643814e-46,"8","SAMSN1"
4.19424737903476e-50,0.525024968207334,0.516,0.297,7.93761316482328e-46,"8","MATK"
6.50515897341183e-50,0.476255751085968,0.673,0.419,1.23110133571819e-45,"8","SYAP1"
7.39092072650164e-50,0.433238184660234,0.875,0.59,1.39873174749044e-45,"8","FAM177A1"
1.31630012674714e-49,0.447028668077961,0.694,0.439,2.49109798986896e-45,"8","GADD45B"
8.30020022517069e-49,0.692745901053395,0.292,0.147,1.57081289261355e-44,"8","IRF4"
1.60327759235083e-47,0.704574057571046,0.258,0.124,3.03420284352395e-43,"8","ADAM8"
4.48334384270933e-47,0.535796254990173,0.468,0.268,8.4847282223274e-43,"8","ETF1"
5.16676338046116e-47,0.534868482513974,0.469,0.271,9.77809969752275e-43,"8","GYG1"
7.55656258084404e-47,0.41873611701658,0.821,0.525,1.43007946842473e-42,"8","TENT5C"
9.26429461104351e-47,0.521101940096046,0.475,0.274,1.75326775513999e-42,"8","TIPARP"
1.79334385042183e-46,0.45653315126876,0.608,0.37,3.39390323692332e-42,"8","IL2RB"
4.58751641345962e-44,0.417367629907826,0.724,0.466,8.68187481247232e-40,"8","TUBA1B"
1.74131051253586e-43,0.522124133061099,0.486,0.293,3.29543014497411e-39,"8","IFNGR1"
3.15882631827406e-43,0.484919585948994,0.501,0.299,5.97807880733365e-39,"8","CAST"
1.095304290321e-42,0.555918715533812,0.37,0.204,2.0728633694325e-38,"8","SATB1"
1.18356110006171e-42,0.577364134182476,0.323,0.171,2.23988938186679e-38,"8","PRKX"
7.66062047003857e-42,0.641768542884711,0.287,0.15,1.4497724239548e-37,"8","PIK3AP1"
9.09301965842302e-42,0.463890122421544,0.492,0.289,1.72085397035656e-37,"8","PDCL3"
2.66020042280796e-41,0.45477246673028,0.579,0.353,5.03442930016406e-37,"8","GABARAPL1"
4.35153751349316e-41,0.63251500727082,0.262,0.133,8.2352847442858e-37,"8","SVIP"
1.18272048287106e-40,0.4039866738515,0.773,0.509,2.23829851383348e-36,"8","BZW1"
1.38163465979106e-40,0.666141368720542,0.262,0.135,2.61474359365458e-36,"8","UPP1"
1.50567375466569e-40,0.390951243472997,0.813,0.554,2.84948758070482e-36,"8","S100A10"
2.32384342021251e-40,0.680918457957596,0.262,0.136,4.39787367275218e-36,"8","RASGEF1B"
3.16115882347527e-40,0.532550985739112,0.377,0.213,5.98249307342695e-36,"8","METTL9"
3.22089581617477e-40,0.431853582703514,0.578,0.36,6.09554533211075e-36,"8","PTGER4"
3.49293835712515e-40,0.499844290590467,0.42,0.243,6.61038584085935e-36,"8","CRYBG1"
5.33298154212322e-40,0.656000827909175,0.267,0.137,1.00926675684682e-35,"8","NXT1"
1.49248899282247e-39,0.462588429556529,0.496,0.296,2.82453541891653e-35,"8","ISCA1"
2.29694562847098e-39,0.5838971816437,0.313,0.171,4.34696960188132e-35,"8","TRIM28"
2.7073608447663e-39,0.353273682185771,0.877,0.657,5.12368039872022e-35,"8","TUBA4A"
3.87509235135282e-39,0.511571590233762,0.404,0.235,7.33361227493522e-35,"8","CKS2"
6.41922227626986e-39,0.525051913388444,0.382,0.218,1.21483781578407e-34,"8","RHEB"
6.66224851869225e-39,0.609408542784618,0.284,0.151,1.26083053216251e-34,"8","SLC1A5"
1.51310529036622e-38,0.623012945892158,0.264,0.137,2.86355176201808e-34,"8","TUBA1C"
2.40032767229555e-38,0.482456611001826,0.437,0.257,4.54262011981933e-34,"8","ALG13"
3.32043988650482e-38,0.557771385182554,0.317,0.175,6.28393248521036e-34,"8","NR4A1"
9.27801422602869e-38,0.634882741549553,0.258,0.135,1.75586419227593e-33,"8","TRGV2"
1.41641899299395e-37,0.480562263766537,0.426,0.25,2.68057294424106e-33,"8","PLP2"
1.43262444533353e-37,0.40434510490815,0.666,0.434,2.7112417627937e-33,"8","SDCBP"
2.76769989865378e-37,0.616585371209015,0.262,0.137,5.23787205820227e-33,"8","GLIPR2"
4.66363633910469e-37,0.455692461201247,0.413,0.239,8.82593177175563e-33,"8","MAPK1"
5.78038045453758e-37,0.544243033677835,0.314,0.173,1.09393700102124e-32,"8","PLA2G16"
3.90781374758248e-36,0.356434555158226,0.812,0.576,7.39553751729985e-32,"8","SLC2A3"
4.57026122746827e-36,0.436423997962937,0.507,0.313,8.64921937298371e-32,"8","MOB4"
5.08406074449229e-36,0.490955062039226,0.383,0.223,9.62158495895166e-32,"8","OAT"
7.86322145621264e-36,0.381481249636987,0.691,0.443,1.48811466058824e-31,"8","GSPT1"
1.36628691327109e-35,0.355206673924307,0.865,0.612,2.58569798336554e-31,"8","ZNF331"
2.45416611922375e-35,0.400172047671359,0.541,0.335,4.64450938063095e-31,"8","CDK17"
1.31089060227925e-34,0.461841787587331,0.393,0.231,2.48086046481348e-30,"8","SCML4"
1.50055560270583e-34,0.389940043611169,0.6,0.381,2.83980147812078e-30,"8","EIF4A3"
2.90041270381111e-34,0.589796420403028,0.262,0.141,5.48903104196252e-30,"8","CDC34"
3.7887615134238e-34,0.467270453305441,0.397,0.234,7.17023116415454e-30,"8","NR1H2"
7.10895714941633e-34,0.495426850263851,0.327,0.186,1.34537014052704e-29,"8","ST3GAL1"
1.60142094058628e-33,0.278074314141047,0.98,0.777,3.03068913005954e-29,"8","NR4A2"
1.62959427925543e-33,0.526988709702845,0.255,0.135,3.08400717349091e-29,"8","CD244"
2.90542351341822e-33,0.459927189690234,0.365,0.214,5.49851399914397e-29,"8","FASLG"
4.37586751858314e-33,0.411057237221506,0.49,0.306,8.28132927891859e-29,"8","SLA2"
4.56297024426221e-33,0.33482715091088,0.861,0.637,8.63542118726622e-29,"8","TGFB1"
6.450348414353e-33,0.343274772502137,0.917,0.652,1.22072843741631e-28,"8","SELENOK"
9.13501583648994e-33,0.298695706169924,0.933,0.705,1.72880174705572e-28,"8","IFITM2"
1.08412902973742e-32,0.523943890480069,0.283,0.157,2.05171418877807e-28,"8","TMEM123"
1.82349576570777e-32,0.39513679954718,0.581,0.378,3.45096573660195e-28,"8","STRAP"
1.89409585183366e-32,0.360845998854245,0.697,0.462,3.58457639959519e-28,"8","G3BP2"
2.12510054155195e-32,0.476858931539509,0.408,0.25,4.02175277488706e-28,"8","PIM3"
2.31493478773783e-32,0.612499288805844,0.255,0.14,4.38101408579385e-28,"8","ETV3"
3.51396029616896e-32,0.333975320782275,0.796,0.556,6.65016986049976e-28,"8","HSPD1"
3.57807843207892e-32,0.359273739385203,0.727,0.491,6.77151343270936e-28,"8","ARF6"
8.45008622513657e-32,0.439258938558827,0.47,0.299,1.5991788181071e-27,"8","BIRC3"
1.2455122617479e-31,0.343144507782264,0.83,0.592,2.3571319553579e-27,"8","PGK1"
1.46505379107789e-31,0.38515438046083,0.496,0.31,2.77261429961491e-27,"8","GLIPR1"
1.98807859041465e-31,0.355724682338713,0.609,0.391,3.76243873235972e-27,"8","GTF2B"
4.32670904494765e-31,0.379069514828689,0.519,0.328,8.18829686756343e-27,"8","AMD1"
5.6643378269725e-31,0.359406571623204,0.529,0.33,1.07197593375455e-26,"8","CKLF"
1.11432277045256e-30,0.396994993171571,0.373,0.218,2.10885584308146e-26,"8","RHOC"
1.76506231307974e-30,0.376263325123736,0.519,0.335,3.3403804275034e-26,"8","KPNA2"
2.28556762596392e-30,0.394449677158506,0.456,0.283,4.32543673213671e-26,"8","ADSS"
2.31902056517025e-30,0.325691570804995,0.801,0.537,4.3887464195847e-26,"8","SYTL3"
2.9212909462081e-30,0.366295432983672,0.547,0.347,5.52854311569884e-26,"8","DHRS7"
3.45180548705745e-30,0.387084871610033,0.474,0.297,6.53254188425623e-26,"8","HNRNPAB"
4.53046838826122e-30,0.290838962946899,0.705,0.477,8.57391142478435e-26,"8","FOS"
8.49779241773652e-30,0.386561431274544,0.496,0.314,1.60820721505664e-25,"8","CSNK1D"
2.04641810652146e-29,0.475187117223431,0.299,0.173,3.87284626659186e-25,"8","NARF"
2.47780150212977e-29,0.359102849014129,0.394,0.236,4.6892393427806e-25,"8","H2AFX"
8.98940398967529e-29,0.349767580950423,0.481,0.304,1.70124470504605e-24,"8","SERTAD1"
1.2949669661125e-28,0.49294924942717,0.28,0.16,2.45072498336791e-24,"8","SLC10A3"
1.68433573279857e-28,0.38296258901395,0.484,0.31,3.1876053743213e-24,"8","UBE2A"
2.86971870044644e-28,0.324842708131761,0.62,0.411,5.43094264059489e-24,"8","TUBA1A"
4.03407147589353e-28,0.500750770676219,0.284,0.166,7.63448026812851e-24,"8","CEBPB"
4.83200605351333e-28,0.369005253643881,0.468,0.294,9.14457145627398e-24,"8","DNTTIP2"
9.1520505600036e-28,0.472015382936508,0.281,0.163,1.73202556848068e-23,"8","PPP2R2B"
1.16208031821737e-27,0.355015970765086,0.421,0.261,2.19923700222638e-23,"8","PLEKHA2"
1.87944082296913e-27,0.52750880484487,0.286,0.17,3.55684175746907e-23,"8","ZC3H12A"
1.9843313655533e-27,0.482135796675655,0.269,0.154,3.75534710930962e-23,"8","PABPC4"
5.20657207925825e-27,0.345236097570056,0.546,0.352,9.85343765999624e-23,"8","BCAS2"
5.83817436195576e-27,0.354100850469578,0.461,0.292,1.10487449800013e-22,"8","PPP1CB"
6.65364840199718e-27,0.324198367704855,0.589,0.384,1.25920296007797e-22,"8","HSPA9"
1.2704661412273e-26,0.342886677190943,0.567,0.375,2.40435717227267e-22,"8","TXN"
1.32852391935351e-26,0.350847970724026,0.535,0.349,2.51423151737651e-22,"8","EIF1AX"
1.5935641324103e-26,0.336315053320312,0.55,0.356,3.0158201205865e-22,"8","ATP5ME"
1.92216987878139e-26,0.291891044151032,0.897,0.699,3.63770649559379e-22,"8","VIM"
3.13045946440212e-26,0.447930158833946,0.355,0.227,5.92439453638102e-22,"8","IFNG"
3.38706444661801e-26,0.466464196744845,0.262,0.151,6.41001946522458e-22,"8","DHCR7"
4.71677341246434e-26,0.315890928030806,0.8,0.562,8.92649368308875e-22,"8","SH2D2A"
5.60183074323162e-26,0.336880475789709,0.508,0.33,1.06014646815658e-21,"8","ACTN4"
6.30398248643327e-26,0.315866798763687,0.685,0.469,1.1930286855575e-21,"8","MT-ND6"
1.50947649844103e-25,0.321052850411107,0.492,0.317,2.85668427329965e-21,"8","STOM"
1.98157611546117e-25,0.297309027629562,0.885,0.657,3.75013279851026e-21,"8","HSPA5"
2.17804030885948e-25,0.452038094176004,0.267,0.156,4.12194128451656e-21,"8","GFPT1"
3.5387306125667e-25,0.436681018667684,0.3,0.18,6.69704768428247e-21,"8","MORF4L2"
3.56157698813392e-25,0.346946029118351,0.442,0.281,6.74028445004344e-21,"8","TMED2"
3.64641716656403e-25,0.339482442090161,0.458,0.296,6.90084448772244e-21,"8","EIF1B"
3.89255614444877e-25,0.504390250227182,0.262,0.155,7.3666625033693e-21,"8","NINJ1"
6.18460614089876e-25,0.428395461778664,0.324,0.2,1.17043671216509e-20,"8","EIF3J"
9.62953048444171e-25,0.324691442803784,0.488,0.317,1.82238864418059e-20,"8","SMAP2"
1.19807585839739e-24,0.424893650436611,0.338,0.215,2.26735856201705e-20,"8","AREG"
1.38682917209973e-24,0.313890729473701,0.589,0.393,2.62457420819873e-20,"8","HERPUD1"
1.53276075610131e-24,0.36302800743129,0.392,0.248,2.90074973092173e-20,"8","DNAJB9"
2.02048400504732e-24,0.468743792701965,0.269,0.16,3.82376597955205e-20,"8","H2AFJ"
2.52654682333262e-24,0.380602618595017,0.273,0.16,4.78148986315698e-20,"8","AGTRAP"
2.66357022381249e-24,0.325448301995572,0.553,0.363,5.04080664856514e-20,"8","HNRNPM"
2.73111806924205e-24,0.340629082863,0.459,0.3,5.16864094604059e-20,"8","ATP1A1"
3.45560010037624e-24,0.393061423068904,0.299,0.179,6.53972318996203e-20,"8","CYB5R3"
5.01065545004691e-24,0.286286457682719,0.672,0.457,9.48266543921378e-20,"8","PTPN22"
5.154336439435e-24,0.298206918919603,0.851,0.634,9.75458171163074e-20,"8","LITAF"
5.90006677287022e-24,0.320477301581618,0.585,0.396,1.11658763676569e-19,"8","JUND"
8.07979835717073e-24,0.32337550758858,0.541,0.357,1.52910183909456e-19,"8","APOBEC3G"
9.3823794777341e-24,0.362677855840484,0.309,0.187,1.77561531616118e-19,"8","TPST2"
1.24008321766843e-23,0.402263336329699,0.32,0.196,2.34685748943751e-19,"8","RELA"
1.25010760536734e-23,0.310808580920803,0.537,0.356,2.3658286431577e-19,"8","YWHAQ"
1.28649099113587e-23,0.293577503027901,0.509,0.331,2.43468420072463e-19,"8","RALGAPA1"
1.32721054707754e-23,0.339323389270648,0.382,0.24,2.51174596034424e-19,"8","GOLPH3"
1.40345647059744e-23,0.315401097408553,0.594,0.393,2.65604137060566e-19,"8","MAGOH"
1.71443745100809e-23,0.384392065590912,0.324,0.2,3.24457287603282e-19,"8","MANF"
2.61792543847895e-23,0.384615440176251,0.349,0.221,4.95442389232141e-19,"8","PAF1"
3.01357607529197e-23,0.285781156571465,0.841,0.603,5.70319272249006e-19,"8","BRD2"
5.13027199107238e-23,0.365016264331677,0.373,0.24,9.70903974310449e-19,"8","MTHFD2"
5.18445571164729e-23,0.344845784603792,0.354,0.223,9.81158243429249e-19,"8","HCG18"
8.5454655880743e-23,0.365356101160367,0.388,0.248,1.61722936254306e-18,"8","WBP11"
1.16574701492717e-22,0.334181665410709,0.437,0.285,2.20617622574966e-18,"8","CEBPZ"
1.82476961107219e-22,0.350639575182959,0.389,0.251,3.45337648895412e-18,"8","HERPUD2"
2.14071741285895e-22,0.342638731839097,0.393,0.252,4.05130770383556e-18,"8","YWHAE"
2.50556620570237e-22,0.325858177975506,0.38,0.241,4.74178404429174e-18,"8","CAPN2"
3.0476835759898e-22,0.395630899672148,0.273,0.165,5.7677411675607e-18,"8","BCCIP"
4.08162715606836e-22,0.309361745967432,0.389,0.247,7.72447939285938e-18,"8","HMGN3"
4.82250658479829e-22,0.314867847815574,0.464,0.302,9.12659371173076e-18,"8","OSTF1"
5.97771806554868e-22,0.293609093919971,0.507,0.335,1.13128314390509e-17,"8","LAG3"
7.98638472469429e-22,0.292690794355179,0.496,0.327,1.51142330914839e-17,"8","DHX36"
8.43429903125957e-22,0.348080508165062,0.281,0.17,1.59619109166587e-17,"8","MAP4"
9.51195846656478e-22,0.286038071266808,0.804,0.57,1.80013813979738e-17,"8","POLR2L"
1.00927323611563e-21,0.374167508573775,0.293,0.181,1.91004959934882e-17,"8","BCL7B"
1.01130896866604e-21,0.304671904401254,0.392,0.25,1.91390222320049e-17,"8","MRPL33"
1.1416073294575e-21,0.290009773979135,0.561,0.384,2.16049187099831e-17,"8","MAT2A"
1.18763000363077e-21,0.312476842714955,0.413,0.267,2.24758978187124e-17,"8","ANXA2"
1.26379066578594e-21,0.378931876203968,0.265,0.16,2.39172383499989e-17,"8","SOCS3"
1.34310287975185e-21,0.348856907783495,0.344,0.22,2.54182219993037e-17,"8","PLIN2"
1.39368185187805e-21,0.363196128118616,0.332,0.209,2.63754290467921e-17,"8","MED4"
2.18453558587543e-21,0.276712222940451,0.739,0.533,4.13423359626926e-17,"8","SQSTM1"
2.40927350147561e-21,0.31766187019486,0.409,0.265,4.5595501015426e-17,"8","UBE2V1"
3.08378863391503e-21,0.285719715730365,0.709,0.506,5.8360699896842e-17,"8","PRF1"
3.23373948977628e-21,0.315243676507655,0.333,0.209,6.11985198440161e-17,"8","VASP"
5.13102832298778e-21,0.376605454496288,0.286,0.176,9.71047110125437e-17,"8","SEC23B"
7.70048845839019e-21,0.297650363846678,0.505,0.341,1.45731744075034e-16,"8","DDX21"
1.09136969992692e-20,0.383071837843061,0.266,0.164,2.0654171571117e-16,"8","TESC"
1.18320500486758e-20,0.282067524730698,0.892,0.651,2.2392154717119e-16,"8","YPEL5"
1.58945657771229e-20,0.272158679632112,0.65,0.45,3.0080465733205e-16,"8","ID2"
2.03810638597833e-20,0.405755688252153,0.308,0.2,3.857116335464e-16,"8","GATA3"
2.62721343093991e-20,0.318792354081523,0.34,0.216,4.97200141805378e-16,"8","SIAH2"
3.04176143168419e-20,0.312688941810699,0.365,0.235,5.75653350946233e-16,"8","SELENOS"
5.10503000651008e-20,0.274277924596158,0.714,0.502,9.66126928732033e-16,"8","AKAP13"
7.76848324109213e-20,0.32824145746405,0.315,0.199,1.47018545337668e-15,"8","ADIPOR1"
8.42357295539927e-20,0.356639280661243,0.253,0.153,1.59416118180931e-15,"8","RNF5"
9.53952125417382e-20,0.345741864509187,0.279,0.174,1.8053543973524e-15,"8","SLC25A32"
1.11013513809493e-19,0.370992047451177,0.265,0.163,2.10093074884466e-15,"8","SYPL1"
1.19156162155358e-19,0.374569445945301,0.295,0.187,2.25503036879015e-15,"8","TINF2"
1.30574142800518e-19,0.341034189807966,0.289,0.182,2.4711156524998e-15,"8","DCTN6"
1.3966446610256e-19,0.281430113408167,0.689,0.468,2.64315002099095e-15,"8","HNRNPA0"
1.65127943056676e-19,0.299747941784297,0.468,0.314,3.12504632234759e-15,"8","PPP2CA"
1.75847254148964e-19,0.275281049589799,0.803,0.578,3.32790928476915e-15,"8","PDCD4"
2.37433109969202e-19,0.317563533012266,0.322,0.206,4.49342160616716e-15,"8","RTN4"
2.79605577507098e-19,0.316105570638861,0.334,0.214,5.29153555432182e-15,"8","PHF1"
2.9034351430186e-19,0.322542628003314,0.336,0.218,5.49475100816271e-15,"8","TM2D3"
3.45288554102571e-19,0.271060300116277,0.81,0.595,6.53458588639115e-15,"8","HIST1H4C"
3.88560144535271e-19,0.258024518270486,0.537,0.362,7.35350073533e-15,"8","SERINC1"
3.95017540347429e-19,0.264463791296558,0.501,0.336,7.4757069510751e-15,"8","VAPA"
4.27191239576822e-19,0.295420364592499,0.455,0.308,8.08459420899135e-15,"8","SLC3A2"
4.40840301540731e-19,0.266774637607246,0.78,0.557,8.34290270665834e-15,"8","TPI1"
5.39020436452679e-19,0.312287989153172,0.295,0.187,1.02009617598669e-14,"8","SURF2"
5.45486419760653e-19,0.267611327292838,0.444,0.296,1.03233304939704e-14,"8","PRKAR1A"
6.20090289065977e-19,0.289396729895199,0.363,0.236,1.17352087205736e-14,"8","NDUFA5"
6.86773741846611e-19,0.323566246257225,0.29,0.183,1.29971930644471e-14,"8","GRPEL1"
7.51951888100552e-19,0.254326225646907,0.555,0.376,1.4230689482303e-14,"8","ZEB2"
7.82158723978134e-19,0.267926883297718,0.826,0.59,1.48023538512862e-14,"8","ATP6V0C"
1.02039196522972e-18,0.265224082442319,0.386,0.252,1.93109179419724e-14,"8","GTF3A"
1.2579226578816e-18,0.329740222060949,0.289,0.183,2.38061863004093e-14,"8","NDEL1"
1.26751977930066e-18,0.267287444008607,0.529,0.358,2.3987811823265e-14,"8","PET100"
1.27786727431518e-18,0.259457965253146,0.615,0.423,2.41836381664149e-14,"8","JPT1"
2.25116257418767e-18,0.352770721955433,0.262,0.165,4.26032517165016e-14,"8","RAB9A"
2.87471025378135e-18,0.253030018190389,0.442,0.295,5.44038915528121e-14,"8","SPN"
3.26653064496045e-18,0.259734146150267,0.656,0.457,6.18190924558766e-14,"8","SRRM1"
3.65705882602106e-18,0.273037335843553,0.465,0.314,6.92098382824486e-14,"8","UBE2N"
4.28127693878433e-18,0.27011763759568,0.351,0.228,8.10231660664935e-14,"8","PRKACB"
4.37920663415703e-18,0.300555793934914,0.37,0.246,8.28764855514218e-14,"8","PHF20"
4.76691384082226e-18,0.31713947838792,0.293,0.188,9.02138444375613e-14,"8","P2RY10"
4.85521634647e-18,0.267501055691914,0.437,0.297,9.18849693569448e-14,"8","IVNS1ABP"
5.35603546274584e-18,0.260461554315046,0.711,0.499,1.01362971132465e-13,"8","DNAJB6"
6.26134784567561e-18,0.313574003501422,0.329,0.216,1.18496007979411e-13,"8","SLIRP"
8.5971873425191e-18,0.378629599953082,0.254,0.162,1.62701770457174e-13,"8","PER1"
1.32619900432398e-17,0.279952724776172,0.254,0.157,2.50983161568314e-13,"8","CUL3"
1.40825638359975e-17,0.261022972625645,0.47,0.317,2.66512520596253e-13,"8","VDAC2"
1.62032616599444e-17,0.252807991967202,0.784,0.569,3.06646726914447e-13,"8","NDUFS5"
1.63849846007419e-17,0.337041602095811,0.268,0.17,3.10085833569041e-13,"8","RAB1A"
2.07535377694901e-17,0.279779926901461,0.309,0.199,3.927607022876e-13,"8","RAB8A"
2.24830271582476e-17,0.258531355265259,0.725,0.514,4.25491288969835e-13,"8","MORF4L1"
2.269914468914e-17,0.261984298204524,0.869,0.65,4.29581313241974e-13,"8","LDHA"
2.51406325286089e-17,0.285273277513906,0.365,0.242,4.75786470603924e-13,"8","SBDS"
3.02768473642301e-17,0.256292495989073,0.517,0.352,5.72989336368054e-13,"8","ENSA"
3.56992881578788e-17,0.333381566495157,0.261,0.167,6.75609028387857e-13,"8","PSMC1"
4.84293607196288e-17,0.25226658109172,0.408,0.273,9.16525651618976e-13,"8","NAMPT"
5.12024119437403e-17,0.28870270560677,0.266,0.169,9.69005646035285e-13,"8","LRP10"
6.49839601298354e-17,0.295135699919565,0.313,0.206,1.22982144545713e-12,"8","AKIRIN2"
7.40936857658906e-17,0.302946078517694,0.297,0.194,1.40222300311948e-12,"8","CHCHD7"
1.26329855948572e-16,0.321447568320268,0.266,0.172,2.39079252382673e-12,"8","PLEKHB2"
1.59605703975834e-16,0.284116794525261,0.328,0.216,3.02053794774266e-12,"8","FBXO7"
1.83252266552906e-16,0.279059423649183,0.31,0.203,3.46804914451374e-12,"8","PCNP"
1.8960852043737e-16,0.309304814711455,0.259,0.165,3.58834124927722e-12,"8","G6PD"
2.13515777674882e-16,0.281435237324263,0.3,0.196,4.04078609249714e-12,"8","STIP1"
2.16290477073982e-16,0.253816688324558,0.524,0.365,4.09329727862511e-12,"8","RSL24D1"
2.25668562522698e-16,0.275484605936232,0.436,0.302,4.27077754574206e-12,"8","SLC7A5"
2.60359944168758e-16,0.285587494872187,0.351,0.236,4.92731194339374e-12,"8","MAPRE1"
2.66970383709585e-16,0.31300854152099,0.292,0.193,5.0524145117039e-12,"8","YBX3"
3.22504950455698e-16,0.260073369525713,0.426,0.29,6.10340618737408e-12,"8","POLR2K"
3.23133084327691e-16,0.254260731785657,0.378,0.253,6.11529362090154e-12,"8","CMTM6"
3.8787147267559e-16,0.257819961431537,0.422,0.291,7.34046762038554e-12,"8","AKIRIN1"
4.08790935867017e-16,0.267768545354326,0.318,0.21,7.7363684612833e-12,"8","CCDC59"
6.33877622395795e-16,0.265299565453625,0.346,0.231,1.19961340038404e-11,"8","STAU1"
6.98916679197091e-16,0.283926790062075,0.256,0.164,1.32269981538049e-11,"8","GPR171"
1.18061307892091e-15,0.263035979327215,0.294,0.192,2.23431025185782e-11,"8","GDI1"
1.29754658754693e-15,0.266345616325705,0.276,0.179,2.45560691693256e-11,"8","FUBP1"
1.41761851496617e-15,0.262350390691107,0.342,0.229,2.68284303957347e-11,"8","FBL"
1.73365769494941e-15,0.264742957106242,0.284,0.185,3.28094718769175e-11,"8","USP14"
1.83347710820685e-15,0.266309990406381,0.34,0.229,3.46985542728146e-11,"8","AHSA1"
2.3245033758799e-15,0.278649548287103,0.256,0.165,4.39912263885272e-11,"8","UBE2D1"
2.82800405286333e-15,0.253506792454512,0.281,0.183,5.35199767004386e-11,"8","PDCD5"
4.66520117608218e-15,0.278446533491539,0.293,0.194,8.82889322573553e-11,"8","PPP4R2"
5.56211111479676e-15,0.280596761524631,0.31,0.209,1.05262952847529e-10,"8","TRABD"
6.10790990664118e-15,0.289983202471234,0.261,0.17,1.15592194983184e-10,"8","ZPR1"
7.40589179444734e-15,0.264763337959306,0.325,0.22,1.40156502209916e-10,"8","DDX27"
8.36256363992214e-15,0.25543186952297,0.3,0.2,1.58261516885527e-10,"8","SAR1A"
9.0738836027125e-15,0.282435192371545,0.266,0.175,1.71723247181334e-10,"8","PRELID3B"
1.38774261278788e-14,0.270538631944516,0.256,0.168,2.62630289470106e-10,"8","FDX1"
2.16767921978635e-14,0.285453107785672,0.253,0.165,4.10233292344567e-10,"8","RAB22A"
2.4037129385283e-14,0.281785878912865,0.262,0.174,4.5490267361648e-10,"8","CTNNB1"
2.90924474794982e-14,0.298451156189324,0.272,0.182,5.50574568549504e-10,"8","STX11"
7.11191184932965e-14,0.251899793348553,0.258,0.17,1.34592931748564e-09,"8","CPSF6"
7.61739308532367e-14,0.256914146882912,0.275,0.184,1.4415916413975e-09,"8","PRPF38A"
1.15105905497321e-13,0.251752632997408,0.308,0.209,2.17837926153681e-09,"8","GNAI3"
1.45753887373511e-13,0.276795007401637,0.266,0.179,2.7583923185437e-09,"8","MTFP1"
0,5.26080627543406,0.429,0.012,0,"9","IGKV3-20"
0,6.47304912422065,0.39,0.005,0,"9","IGLV1-40"
0,6.45095969795489,0.357,0.004,0,"9","IGHG1"
0,5.50301726093495,0.282,0.006,0,"9","IGKC"
0,6.9799453772225,0.277,0.002,0,"9","IGKV1-9"
0,8.56617582921132,0.261,0,0,"9","IGLV5-45"
0,2.46909975281412,0.295,0.053,0,"9","TRBV28"
4.74519970304328e-186,0.857997874560606,0.78,0.504,8.98029043800941e-182,"9","ISG20"
3.44184749884099e-176,0.656481652884714,0.896,0.649,6.51369639155657e-172,"9","LDHA"
2.29713004283572e-170,0.901451291654061,0.734,0.439,4.34731860606659e-166,"9","DUSP5"
2.13509665312539e-154,1.12084532533165,0.572,0.295,4.04067041603981e-150,"9","BIRC3"
2.35760154125109e-144,1.30666607725775,0.435,0.185,4.46176091681768e-140,"9","LGALS1"
4.69111184147068e-144,0.349611395435948,0.98,0.888,8.87792915998326e-140,"9","FTL"
7.47394435144338e-135,1.23175440327088,0.444,0.201,1.41444396851066e-130,"9","SATB1"
1.61288105368863e-123,0.675030441987485,0.799,0.554,3.05237739410574e-119,"9","S100A10"
2.65110589358919e-122,1.25745004735164,0.428,0.199,5.01721790361754e-118,"9","GZMB"
1.15420118072193e-109,0.303464210143322,0.986,0.904,2.18432573451626e-105,"9","MT-ATP6"
7.95678329836362e-104,0.824286461953467,0.612,0.386,1.50582123921532e-99,"9","HLA-DRA"
4.75996922308683e-97,0.833446400946698,0.566,0.34,9.00824175469183e-93,"9","BCL3"
5.05213522978653e-97,1.29156470034384,0.334,0.152,9.56116592237101e-93,"9","NINJ1"
1.61415628771326e-96,0.799266520106722,0.599,0.357,3.05479077449734e-92,"9","S100A11"
2.69838588861933e-93,0.744065895091617,0.621,0.38,5.10669529421208e-89,"9","STAT1"
2.72591916329482e-90,0.699372763000017,0.628,0.425,5.15880201653545e-86,"9","POMP"
6.33892938054279e-86,1.13333714058167,0.341,0.161,1.19964238526772e-81,"9","GPR171"
7.71627625921188e-81,0.887318892840699,0.467,0.27,1.46030528205585e-76,"9","NAMPT"
9.01318460651099e-81,0.467269704077018,0.846,0.658,1.7057451867822e-76,"9","TUBA4A"
5.19227391249122e-80,0.526191290243679,0.756,0.564,9.82637837938964e-76,"9","SH2D2A"
2.66767859908745e-78,0.711411090222667,0.579,0.375,5.04858174877299e-74,"9","TXN"
4.26183350489049e-76,0.385769379847828,0.877,0.72,8.06551990800524e-72,"9","SUB1"
2.90281179268899e-73,1.22373786981859,0.258,0.112,5.49357131766391e-69,"9","NCR3"
2.13065570162697e-72,0.347591697122723,0.922,0.781,4.03226591532903e-68,"9","S100A4"
2.50365981044881e-71,0.533182029131372,0.702,0.524,4.73817619127437e-67,"9","GNG2"
1.86033448889826e-70,0.39593701711461,0.825,0.696,3.52068302023997e-66,"9","HLA-DRB1"
5.356855187623e-70,0.39146541718215,0.882,0.707,1.01378484425765e-65,"9","IFITM2"
3.55868961301857e-68,0.971680522636012,0.359,0.19,6.73482009263764e-64,"9","BHLHE40"
3.02450223036714e-67,0.938959209262445,0.326,0.16,5.72387047096982e-63,"9","CD38"
5.05099125497904e-66,1.12780715713137,0.25,0.11,9.55900095004784e-62,"9","FCGR3A"
1.04689040248581e-65,0.39763862903582,0.828,0.663,1.9812400867044e-61,"9","PSMB9"
1.55066444868851e-64,0.58355303641418,0.654,0.497,2.934632469143e-60,"9","MT2A"
2.2068457973265e-64,0.29004624831968,0.911,0.799,4.1764556714404e-60,"9","PSME1"
4.34951897366781e-64,0.80840009216163,0.414,0.235,8.23146465766634e-60,"9","NDUFA11"
4.34592785824744e-63,0.341476340462923,0.88,0.733,8.22466847173328e-59,"9","HINT1"
8.2734186112118e-63,0.542680393945323,0.657,0.508,1.56574447217183e-58,"9","PRF1"
6.02999074836637e-61,0.991666860076058,0.306,0.154,1.14117574912834e-56,"9","GBP1"
1.69884102790639e-60,0.784956404696957,0.442,0.271,3.21505664531284e-56,"9","RELB"
2.19120798179908e-60,0.993033881767212,0.32,0.169,4.14686110555476e-56,"9","ZC3H12A"
3.05573856416034e-60,0.651581449752837,0.536,0.354,5.78298523267344e-56,"9","TPM4"
4.94891450441832e-60,0.690409939737472,0.514,0.335,9.36582069961166e-56,"9","LAG3"
2.01300755762833e-57,0.841554779239026,0.402,0.24,3.80961680281161e-53,"9","CDKN1A"
2.91643886582835e-56,0.367042426718051,0.864,0.707,5.51936055358016e-52,"9","S100A6"
4.05034029169067e-56,0.271801535793897,0.922,0.814,7.66526900202458e-52,"9","HSP90AB1"
1.69773704306864e-54,0.274264920131719,0.947,0.824,3.21296735400741e-50,"9","MYL12A"
3.02889983053415e-54,0.295017497819119,0.899,0.772,5.73219292928588e-50,"9","HNRNPA1"
1.81985650559745e-53,0.720407302165885,0.435,0.27,3.44407843684317e-49,"9","CASP4"
1.18265204049462e-52,0.669736561442872,0.481,0.312,2.23816898663607e-48,"9","ORAI1"
2.69449832613091e-52,0.837661294089387,0.359,0.207,5.09933808220275e-48,"9","KDM6B"
3.21027346134698e-52,0.38137298051344,0.857,0.7,6.07544252559917e-48,"9","VIM"
3.81970409725586e-52,0.371219794629691,0.778,0.632,7.22879000405671e-48,"9","PSME2"
1.16671402851815e-50,0.430082277886033,0.726,0.574,2.2080062989706e-46,"9","ALOX5AP"
1.2250136393693e-50,0.889561251937095,0.309,0.167,2.3183383125064e-46,"9","IL7R"
1.38676934985925e-50,0.284723314754023,0.945,0.812,2.62446099460864e-46,"9","EEF1B2"
2.96737328361173e-50,0.462802401540104,0.665,0.501,5.61575393923521e-46,"9","DNAJB6"
5.77871827389811e-50,0.567984538856489,0.541,0.381,1.09362243333522e-45,"9","EIF3E"
7.48899204338484e-50,0.66738427968797,0.462,0.3,1.41729174421058e-45,"9","EFHD2"
1.46912176596345e-49,0.341752162136838,0.943,0.75,2.78031294208583e-45,"9","CXCR4"
2.70552162562252e-49,0.803764417742564,0.347,0.2,5.12019967649062e-45,"9","LYAR"
1.62374011085971e-48,0.655464770475235,0.465,0.301,3.072928159802e-44,"9","SLC7A5"
1.82338200906137e-48,0.400047756741955,0.737,0.576,3.45075045214864e-44,"9","COX7A2"
2.20299539156668e-48,0.722704377113564,0.416,0.267,4.16916877853995e-44,"9","PSMA3"
3.52746087101504e-47,0.456903463968894,0.646,0.484,6.67571969839595e-43,"9","LDHB"
5.25296192253021e-47,0.385750528841966,0.744,0.599,9.94123043838843e-43,"9","COTL1"
1.44567876249311e-46,0.742202317070192,0.396,0.251,2.73594705801822e-42,"9","PIM3"
1.1749729084885e-45,0.330749629188903,0.917,0.725,2.22363622931449e-41,"9","CREM"
1.1777154964485e-44,0.74741730962945,0.38,0.239,2.22882657702879e-40,"9","MTHFD2"
2.11779741087948e-44,0.361106114388056,0.784,0.64,4.00793160008942e-40,"9","TGFB1"
1.53430302302124e-43,0.298382538668192,0.84,0.714,2.9036684710677e-39,"9","COX7C"
3.49540410784484e-43,0.51303758439447,0.554,0.403,6.61505227409636e-39,"9","SEC61G"
5.6003343314068e-43,0.361404043470965,0.782,0.614,1.05986327221874e-38,"9","CD52"
1.36557747137303e-41,0.282519308933111,0.838,0.724,2.58435536457346e-37,"9","ATP5MG"
2.70461256491823e-41,0.51559691006453,0.529,0.386,5.11847927910774e-37,"9","PSMB3"
4.57202644037139e-41,0.438138905087499,0.628,0.48,8.65256003840285e-37,"9","IL2RG"
6.90660333553063e-41,0.547904807298068,0.471,0.309,1.30707468124917e-36,"9","HLA-DRB5"
1.33440636841079e-40,0.864549909813774,0.257,0.139,2.52536405221742e-36,"9","CLIC3"
2.22024375492584e-40,0.424013853782295,0.627,0.494,4.20181130619715e-36,"9","TMEM50A"
2.92684234993655e-40,0.562637275583106,0.489,0.341,5.53904914725493e-36,"9","SOCS1"
8.53730600965982e-40,0.457811639803552,0.593,0.452,1.61568516232812e-35,"9","SNRPG"
1.0904422178944e-39,0.647842563931818,0.422,0.279,2.06366189736515e-35,"9","LTB"
1.11732057440962e-39,0.444744754866945,0.61,0.469,2.1145291870702e-35,"9","RBM3"
3.65531984396531e-39,0.318923183511419,0.797,0.658,6.91769280470434e-35,"9","COMMD6"
7.55056317982942e-39,0.441556605801177,0.618,0.477,1.42894408178272e-34,"9","CLEC2B"
1.3944641985156e-38,0.503531056630375,0.529,0.383,2.63902349569077e-34,"9","NFE2L2"
4.91567440190738e-38,0.299106763874289,0.797,0.667,9.30291380560973e-34,"9","SUMO2"
1.57475651198584e-37,0.628029873586395,0.396,0.264,2.98022669893321e-33,"9","PSMA1"
2.92840991453508e-37,0.256807551005171,0.837,0.732,5.54201576325764e-33,"9","MYL12B"
3.59722051927937e-37,0.328025327742312,0.738,0.61,6.80773983273621e-33,"9","UBE2D3"
7.96163898265155e-37,0.744346031974494,0.29,0.169,1.50674017746681e-32,"9","GBP4"
2.68174315006227e-36,0.583964004060062,0.445,0.311,5.07519891149284e-32,"9","HMGB2"
2.98033862132502e-36,0.533046178850684,0.459,0.318,5.6402908408576e-32,"9","SMAP2"
3.40506631200991e-36,0.814464780170429,0.295,0.18,6.44408799547876e-32,"9","TANK"
4.71369275338903e-36,0.461732519547281,0.566,0.426,8.92066353578874e-32,"9","CYTIP"
1.0360546976301e-35,0.590371437691321,0.416,0.281,1.96073351526497e-31,"9","MAP3K8"
2.7596119570739e-35,0.616031277417746,0.393,0.264,5.22256562876235e-31,"9","C12orf75"
4.03337335035676e-35,0.353906175177372,0.731,0.58,7.63315906555016e-31,"9","SLC2A3"
6.7865823942894e-35,0.25663441702203,0.819,0.713,1.28436071811927e-30,"9","ARPC3"
8.34470867298817e-35,0.308035272684931,0.803,0.648,1.57923611636301e-30,"9","PPDPF"
9.44432631703119e-35,0.376615052571107,0.656,0.516,1.78733875549815e-30,"9","UBE2B"
4.5038027068005e-34,0.47626007873631,0.524,0.392,8.52344662261995e-30,"9","PRDX1"
5.22256091823953e-34,0.296010096783521,0.777,0.653,9.8836965377683e-30,"9","COX6A1"
6.98333713615483e-34,0.471890914141816,0.525,0.386,1.3215965530173e-29,"9","GPR65"
7.27044219629747e-33,0.401317193609862,0.578,0.446,1.3759311856493e-28,"9","PSMB1"
9.75423304290603e-33,0.401234911326538,0.591,0.439,1.84598860336997e-28,"9","HSPH1"
1.296495756565e-32,0.377574397768648,0.643,0.515,2.45361821929927e-28,"9","BZW1"
1.67119270483422e-32,0.549828556750209,0.434,0.308,3.16273219389876e-28,"9","ANXA5"
1.83429319257168e-32,0.66723636462464,0.339,0.22,3.4713998669419e-28,"9","PLIN2"
1.892336714636e-32,0.488804031533578,0.483,0.352,3.58124723244863e-28,"9","NME2"
2.22118703864623e-32,0.294405696107158,0.788,0.655,4.20359647063799e-28,"9","UQCRB"
2.85615463626035e-32,0.418798119724293,0.575,0.421,5.40527264912271e-28,"9","PDE4B"
3.61435611503478e-32,0.47703877656579,0.519,0.389,6.84016894770332e-28,"9","GBP5"
4.1019947210739e-32,0.727477660731742,0.277,0.167,7.76302500963236e-28,"9","BLOC1S1"
5.79569377821792e-32,0.602919007222616,0.362,0.242,1.09683504752774e-27,"9","IL21R"
1.51217017904125e-31,0.251520394176168,0.834,0.721,2.86178206383557e-27,"9","SKP1"
1.55779904115916e-31,0.329442309241343,0.736,0.596,2.94813468539371e-27,"9","FAM177A1"
1.65295077586243e-31,0.733768682970123,0.292,0.183,3.12820934331964e-27,"9","NFKB2"
5.13297521861381e-31,0.473687493783152,0.475,0.343,9.71415560122663e-27,"9","TBCA"
6.25806371704725e-31,0.543572325734204,0.406,0.276,1.18433855845119e-26,"9","HOPX"
6.84850454153774e-31,0.470899467947502,0.503,0.37,1.29607948448602e-26,"9","NFKBIA"
7.66462506866725e-31,0.311314564285441,0.715,0.602,1.45053029424528e-26,"9","RAN"
1.80582682432453e-30,0.475377343471981,0.489,0.367,3.41752726503417e-26,"9","RSL24D1"
2.61791183959681e-30,0.306997046704501,0.699,0.586,4.95439815643697e-26,"9","COX6C"
2.74727356131695e-30,0.391163585193332,0.579,0.451,5.19921521479233e-26,"9","NDUFB2"
2.77646709374783e-30,0.300235318369896,0.809,0.656,5.25446397491777e-26,"9","SELENOK"
5.97968709568109e-30,0.56004794843077,0.384,0.266,1.13165578285765e-25,"9","UBE2V1"
2.52793384448396e-29,0.56373140600132,0.384,0.269,4.7841148006859e-25,"9","PSMB2"
4.09731270707502e-29,0.454001525809495,0.489,0.367,7.75416429813948e-25,"9","UQCRQ"
1.01809995773484e-28,0.671052206893348,0.287,0.18,1.92675417001318e-24,"9","LMNB1"
2.32574080570733e-28,0.506869267454605,0.432,0.316,4.40146447480112e-24,"9","PPP2CA"
2.88215731934224e-28,0.430044079345635,0.508,0.384,5.45448272685519e-24,"9","NDUFA13"
3.33503533926714e-28,0.480450891678803,0.469,0.352,6.31155437956307e-24,"9","EIF1AX"
6.52642404475564e-28,0.33021572635846,0.641,0.527,1.23512575047e-23,"9","SEC61B"
1.09120260872084e-27,0.293894173647625,0.785,0.627,2.06510093700418e-23,"9","TNFAIP3"
1.42465485167938e-27,0.618724765740837,0.423,0.319,2.69615930680323e-23,"9","XCL2"
1.88904300135794e-27,0.326050312111339,0.653,0.532,3.57501388006991e-23,"9","CD53"
2.28183636196982e-27,0.39650179509469,0.555,0.432,4.31837531502788e-23,"9","CDC42SE2"
5.28512097548695e-27,0.310222394788215,0.692,0.578,1.0002091446109e-22,"9","RBM8A"
5.98124087793293e-27,0.347839461502134,0.603,0.481,1.13194983614881e-22,"9","UQCRH"
8.48755065222849e-27,0.31856827607928,0.632,0.516,1.60626896093424e-22,"9","COX8A"
3.43199715834205e-26,0.638125307315733,0.29,0.189,6.49505462216234e-22,"9","PPA1"
5.33184403620443e-26,0.52180600562409,0.369,0.259,1.00905148385169e-21,"9","NDUFA12"
6.04374940720854e-26,0.517835022078762,0.393,0.283,1.14377957531422e-21,"9","TMED2"
9.7467063923786e-26,0.327460866411119,0.678,0.533,1.84456418475765e-21,"9","RGS1"
1.53180949737849e-25,0.276206118096557,0.728,0.617,2.89894947378878e-21,"9","FXYD5"
2.07535821155672e-25,0.667778499816494,0.279,0.182,3.9276154153711e-21,"9","STX11"
3.46342051551133e-25,0.490915645752042,0.419,0.313,6.55452332560518e-21,"9","UBE2A"
4.47321813078018e-25,0.261538311716034,0.728,0.616,8.46556531250149e-21,"9","ARPC1B"
5.57366870507493e-25,0.487725763589046,0.397,0.289,1.05481680243543e-20,"9","NDUFV2"
8.48113959983174e-25,0.277614192100159,0.708,0.587,1.60505566926816e-20,"9","UQCR11"
8.93174095308361e-25,0.374890134579325,0.536,0.427,1.69033197537107e-20,"9","JPT1"
3.84016559439628e-24,0.287424438706064,0.679,0.561,7.26751338739496e-20,"9","HSPD1"
4.09129621732681e-24,0.308471084373519,0.651,0.539,7.74277809129099e-20,"9","REL"
5.1087352528121e-24,0.328291599887998,0.61,0.496,9.6682814659469e-20,"9","ARF6"
6.28740874135528e-24,0.46613889157951,0.367,0.251,1.18989210430149e-19,"9","CD55"
6.82907885931259e-24,0.579802650311601,0.288,0.19,1.29240317412491e-19,"9","PSMA4"
9.85175624774395e-24,0.601027415531543,0.296,0.2,1.86444486988554e-19,"9","C4orf48"
1.71895637438003e-23,0.377462744692612,0.509,0.396,3.25312493851421e-19,"9","HERPUD1"
4.22496048873803e-23,0.369126189969996,0.53,0.42,7.99573772493672e-19,"9","TAP1"
4.71458146965166e-23,0.328017060125375,0.605,0.482,8.92234543131576e-19,"9","EMP3"
4.85380745035963e-23,0.660433270379932,0.263,0.174,9.18583059980561e-19,"9","PRKX"
4.94902513082899e-23,0.324957197822824,0.583,0.476,9.36603006009386e-19,"9","TERF2IP"
6.04658090200604e-23,0.497523626027266,0.395,0.293,1.14431543570464e-18,"9","PDCL3"
6.95871901422823e-23,0.290280663297974,0.679,0.555,1.31693757344269e-18,"9","ADGRE5"
8.26160813229851e-23,0.281534504335614,0.694,0.582,1.56350933903749e-18,"9","PDCD4"
9.83731321204953e-23,0.331623345781576,0.566,0.448,1.86171152538037e-18,"9","GSPT1"
1.00313622843214e-22,0.254644605014324,0.757,0.64,1.89843531230782e-18,"9","LEPROTL1"
1.10499001219137e-22,0.438097407657894,0.434,0.327,2.09119359807217e-18,"9","CACYBP"
1.40704309720642e-22,0.424904427497443,0.449,0.345,2.66282906146315e-18,"9","GPBP1"
1.89088786744041e-22,0.521037197693433,0.349,0.252,3.57850528913098e-18,"9","SUPT4H1"
4.16692174059386e-22,0.505802237579493,0.351,0.251,7.88589939407389e-18,"9","DDT"
4.80603294092849e-22,0.426469061930959,0.443,0.342,9.09541734070717e-18,"9","EIF5A"
1.1145645746359e-21,0.344084889114697,0.541,0.44,2.10931345749843e-17,"9","COX7B"
1.21102869714347e-21,0.323825519858314,0.576,0.471,2.29187180934402e-17,"9","HMGN1"
1.30944587498684e-21,0.278221975168701,0.628,0.524,2.47812631841259e-17,"9","CAP1"
1.77313884980638e-21,0.351666602319965,0.523,0.415,3.35566527325857e-17,"9","EIF3H"
2.89398431639636e-21,0.364613635846754,0.496,0.396,5.47686531878011e-17,"9","RNF149"
3.68716541903654e-21,0.47459100395568,0.369,0.268,6.97796055552664e-17,"9","ANXA2"
3.78687701330913e-21,0.341289734637942,0.523,0.397,7.16666474768753e-17,"9","HLA-DQA1"
3.9743459033707e-21,0.513735266682349,0.322,0.223,7.52144962212905e-17,"9","ARID5B"
3.98035143888546e-21,0.410825563284562,0.437,0.334,7.53281509809073e-17,"9","NDUFA6"
4.28838613761847e-21,0.509869804865497,0.339,0.246,8.11577076544295e-17,"9","CRYBG1"
6.22326518960487e-21,0.391203307620154,0.45,0.345,1.17775293713272e-16,"9","NEDD8"
9.79099272549182e-21,0.557154534269098,0.287,0.193,1.85294537329933e-16,"9","YBX3"
1.90858098529541e-20,0.537656127168733,0.307,0.214,3.61198951467157e-16,"9","NFKBIZ"
1.97357728359859e-20,0.402751220536885,0.436,0.339,3.73499500921034e-16,"9","ERH"
2.09424247785584e-20,0.404329172940297,0.429,0.33,3.96335388934217e-16,"9","TRIM22"
3.01265158825602e-20,0.251630137483969,0.752,0.645,5.70144313077451e-16,"9","CD69"
3.52510288318168e-20,0.491655639481241,0.34,0.245,6.67125720642133e-16,"9","NFKB1"
4.0904266759114e-20,0.324622342664171,0.524,0.413,7.74113248416232e-16,"9","FOSL2"
9.83673827054248e-20,0.360167940121318,0.475,0.382,1.86160271770016e-15,"9","GHITM"
1.10241755943179e-19,0.338315700777326,0.498,0.393,2.08632523122466e-15,"9","SPCS2"
1.63507276886496e-19,0.396942611529564,0.435,0.337,3.09437521507693e-15,"9","BAX"
1.8551202028967e-19,0.409395750153047,0.409,0.316,3.510814983982e-15,"9","UBE2N"
1.97481896634169e-19,0.298602625442582,0.597,0.497,3.73734489380165e-15,"9","HNRNPF"
3.23088180592844e-19,0.3685237531024,0.421,0.313,6.11444381771957e-15,"9","UBE2L6"
3.4096171117878e-19,0.355914308763386,0.482,0.385,6.45270038405842e-15,"9","CAPZA1"
4.02921618133282e-19,0.460624975544852,0.39,0.296,7.62529162317236e-15,"9","IFNGR1"
5.1204618670418e-19,0.267813759295685,0.624,0.53,9.69047408337661e-15,"9","EMD"
6.49270306632562e-19,0.250860654763337,0.729,0.615,1.22874405530212e-14,"9","MCL1"
9.00134888086787e-19,0.320949923183002,0.524,0.43,1.70350527570424e-14,"9","ARF4"
1.40049011541734e-18,0.385162027531808,0.419,0.326,2.65042754342732e-14,"9","PSMA5"
2.46726190322958e-18,0.345975605466288,0.498,0.391,4.66929315186198e-14,"9","KLRD1"
2.65111608125693e-18,0.342486113583529,0.476,0.375,5.01723718377873e-14,"9","IL2RB"
3.23009216587629e-18,0.355265925319671,0.444,0.345,6.11294942392087e-14,"9","ABRACL"
5.68523513601283e-18,0.387692486854275,0.376,0.274,1.07593074949043e-13,"9","KLRG1"
1.17066506038995e-17,0.271546188742251,0.589,0.486,2.21548362678798e-13,"9","SLC25A5"
2.18457141973059e-17,0.393326327496104,0.37,0.264,4.13430141184014e-13,"9","DUSP4"
2.53696642261859e-17,0.286427101157507,0.546,0.448,4.80120895480568e-13,"9","HIGD2A"
3.73498455247286e-17,0.444317606297866,0.329,0.244,7.06845826555488e-13,"9","STARD7"
1.07746315571951e-16,0.313831112400934,0.532,0.44,2.03909902219917e-12,"9","SDCBP"
1.23284187483433e-16,0.271060496301989,0.566,0.48,2.33315324812398e-12,"9","RAP1B"
1.47366673153587e-16,0.344751112983731,0.447,0.359,2.78891428943163e-12,"9","ATP5PF"
1.71986458168206e-16,0.259297814940869,0.593,0.498,3.25484372083331e-12,"9","PARK7"
2.15663920820517e-16,0.277747236759195,0.615,0.486,4.08143970152829e-12,"9","GZMH"
2.16302926001944e-16,0.414316616168334,0.373,0.292,4.09353287458678e-12,"9","POLR2K"
3.37407570135872e-16,0.278086010406083,0.525,0.433,6.38543826482137e-12,"9","ATP5MC3"
4.78812072111236e-16,0.438502556628729,0.322,0.239,9.06151846470514e-12,"9","CKS2"
5.52282683489637e-16,0.361225088420775,0.415,0.331,1.04519497850414e-11,"9","MAT2B"
6.78750247306666e-16,0.253860882770443,0.589,0.508,1.28453484302787e-11,"9","ARL6IP5"
9.32625500968767e-16,0.375739946487026,0.407,0.326,1.76499376058339e-11,"9","RSL1D1"
1.14966581651332e-15,0.55338782944209,0.25,0.178,2.17574255775146e-11,"9","YIPF5"
1.66216176958244e-15,0.434743481066027,0.332,0.254,3.14564114893476e-11,"9","YWHAE"
1.87620653998557e-15,0.407407431520044,0.364,0.285,3.55072087692268e-11,"9","ADRM1"
2.65683659355675e-15,0.324480276209693,0.442,0.353,5.02806325330614e-11,"9","ATP5MPL"
3.48589637248291e-15,0.299387938506721,0.476,0.389,6.59705888492391e-11,"9","SEM1"
4.05687885535631e-15,0.412197997188962,0.311,0.23,7.67764323376181e-11,"9","AHSA1"
4.27317715520074e-15,0.40095919471497,0.348,0.269,8.08698776621741e-11,"9","SNRPD1"
4.67920681289162e-15,0.362325357722151,0.396,0.311,8.85539889339738e-11,"9","HNRNPL"
5.69048270826973e-15,0.269165732556216,0.516,0.426,1.07692385254005e-10,"9","TMEM258"
6.11531280829673e-15,0.429350857418223,0.324,0.243,1.15732294897016e-10,"9","TRAT1"
8.09864601760672e-15,0.278759540671482,0.489,0.401,1.53266875883207e-10,"9","TRAPPC1"
1.09397164333632e-14,0.279650349568487,0.49,0.405,2.07034133501398e-10,"9","FAM49B"
1.88023961561639e-14,0.268651303448564,0.538,0.452,3.55835347255402e-10,"9","PTP4A2"
2.13439788565419e-14,0.406447213861329,0.315,0.234,4.03934799860056e-10,"9","GBP2"
5.21704878282362e-14,0.250702489088391,0.527,0.448,9.8732648214937e-10,"9","ATP5MF"
5.8444483847499e-14,0.483558858100906,0.257,0.186,1.10606185681392e-09,"9","PTMS"
6.17913356377102e-14,0.325056631715251,0.408,0.325,1.16940102694366e-09,"9","MZT2A"
8.75891532297742e-14,0.437356157816159,0.325,0.254,1.65762472487348e-09,"9","PLP2"
9.29190351528119e-14,0.340619662480907,0.402,0.329,1.75849274026697e-09,"9","ILF2"
1.00024993695235e-13,0.258813788028541,0.558,0.471,1.89297300568232e-09,"9","CD48"
1.10482205137465e-13,0.342367478721056,0.408,0.331,2.09087573222652e-09,"9","TRAM1"
1.25932632584377e-13,0.253178926641432,0.543,0.46,2.38327507165933e-09,"9","ATP5MD"
2.00757371226418e-13,0.332455839216822,0.391,0.31,3.79933325045997e-09,"9","EIF3M"
2.23770033047946e-13,0.321602911203134,0.39,0.309,4.23484787543238e-09,"9","ATP5F1C"
2.43843079462984e-13,0.300968520506808,0.458,0.38,4.61473027883698e-09,"9","REEP5"
2.76430099704007e-13,0.423349502008958,0.292,0.221,5.23143963689833e-09,"9","RHEB"
3.13426012236948e-13,0.335528601846694,0.38,0.304,5.93158728158425e-09,"9","SNRPB2"
3.29757974037106e-13,0.442851719703478,0.268,0.197,6.24066965865222e-09,"9","STIP1"
3.72870995960269e-13,0.362232770771344,0.342,0.261,7.05658359854809e-09,"9","HLA-DQB1"
4.44377740945769e-13,0.352228680253582,0.383,0.313,8.40984874739868e-09,"9","NAP1L1"
5.41586882664267e-13,0.340846303231743,0.366,0.29,1.02495317544213e-08,"9","ATP5PD"
5.72643324388676e-13,0.253623244145438,0.521,0.441,1.08372749140557e-08,"9","CIB1"
6.32614035542328e-13,0.256938765149831,0.486,0.405,1.19722206226386e-08,"9","UXT"
6.4969093953783e-13,0.422034994613196,0.288,0.217,1.22954010307534e-08,"9","FASLG"
6.71347530994471e-13,0.414259448431207,0.338,0.271,1.27052520240704e-08,"9","SERPINB1"
8.08327531935861e-13,0.269521312841784,0.5,0.427,1.52975985418862e-08,"9","PAIP2"
8.28604119856266e-13,0.272899555919582,0.477,0.403,1.56813329682798e-08,"9","H2AFV"
1.05830639608293e-12,0.330102321531586,0.385,0.314,2.00284485458695e-08,"9","PSMA6"
1.08213590201631e-12,0.371403616083533,0.326,0.254,2.04794219456587e-08,"9","PSMD7"
1.37507562249614e-12,0.279958026076292,0.439,0.361,2.60233061557394e-08,"9","COX5A"
1.39749793872463e-12,0.434141795524941,0.287,0.219,2.64476484903635e-08,"9","TXNL1"
1.78111319905034e-12,0.384803621712603,0.321,0.253,3.37075672920277e-08,"9","DNAJA2"
2.42044856354059e-12,0.315572293874333,0.403,0.334,4.58069890650056e-08,"9","ARPC5"
2.54427763574448e-12,0.321724889500802,0.374,0.301,4.81504542564643e-08,"9","ATP5F1A"
3.19094689897159e-12,0.33002288528762,0.357,0.28,6.03886700630373e-08,"9","TSPO"
4.63442710540916e-12,0.38291995782222,0.331,0.261,8.77065329698684e-08,"9","OASL"
9.93567643776733e-12,0.347590603565618,0.318,0.244,1.88032676584747e-07,"9","FKBP11"
1.02226286789588e-11,0.259371081603665,0.468,0.398,1.93463247749296e-07,"9","MAGOH"
1.06958581416205e-11,0.388482246136111,0.274,0.207,2.02419115330167e-07,"9","CHCHD10"
1.49250364735253e-11,0.316637794088811,0.394,0.323,2.82456315261467e-07,"9","ABI3"
1.82535140599085e-11,0.324201216707019,0.366,0.298,3.45447753583769e-07,"9","PPP4C"
1.87968779988005e-11,0.27636416471662,0.426,0.352,3.55730916127299e-07,"9","CSNK2B"
2.74038959488247e-11,0.348641179286626,0.283,0.213,5.18618730831507e-07,"9","VAMP5"
2.90332782151258e-11,0.256177355028674,0.447,0.376,5.49454790221255e-07,"9","ARF5"
3.15401623125237e-11,0.315350242710129,0.387,0.318,5.96897571764511e-07,"9","MOB4"
3.34764232457467e-11,0.391723817383674,0.285,0.222,6.33541309925756e-07,"9","GTF3C6"
3.54303649554647e-11,0.375526036157335,0.294,0.229,6.70519656782169e-07,"9","SCP2"
3.86508695984329e-11,0.372974451663999,0.286,0.221,7.31467707150343e-07,"9","MMADHC"
5.00570697771745e-11,0.427803887118931,0.265,0.204,9.47330045533027e-07,"9","PCNP"
5.52583442653929e-11,0.417856300949097,0.251,0.189,1.04576416522256e-06,"9","DNAJC15"
5.63059932147366e-11,0.309279386381437,0.378,0.309,1.06559092158889e-06,"9","BAZ1A"
6.72316864360356e-11,0.345521800575757,0.32,0.255,1.27235966580197e-06,"9","VDAC1"
9.21962645187066e-11,0.384703248553798,0.275,0.213,1.74481430601652e-06,"9","EIF6"
1.28757732431637e-10,0.322878433075472,0.348,0.283,2.43674008626873e-06,"9","TCP1"
1.51560055997455e-10,0.2632943857994,0.398,0.33,2.86827405975184e-06,"9","GPI"
1.73463704322392e-10,0.26962635592638,0.429,0.362,3.28280060430128e-06,"9","ROMO1"
2.79118900371855e-10,0.259102359209635,0.404,0.331,5.28232518953736e-06,"9","RBX1"
2.9361006187126e-10,0.353216459384679,0.315,0.255,5.55657042091359e-06,"9","SRP19"
3.10784541805357e-10,0.332727009890996,0.322,0.258,5.88159745366638e-06,"9","MINOS1"
3.18195167820416e-10,0.39541493780932,0.271,0.213,6.02184355100137e-06,"9","RAB11A"
3.20927312327094e-10,0.354115858361848,0.316,0.254,6.07354938579026e-06,"9","SERPINB9"
4.04828129591305e-10,0.294826473067923,0.339,0.273,7.66137235251546e-06,"9","EIF3I"
4.39308367461666e-10,0.256543501995346,0.419,0.356,8.31391085421203e-06,"9","GABARAPL2"
4.76262099636418e-10,0.285479590979669,0.37,0.306,9.01326023561921e-06,"9","OSTF1"
5.72667969338608e-10,0.262341794024175,0.368,0.297,1.08377413197332e-05,"9","MRPL41"
6.61100022682079e-10,0.321070690713901,0.316,0.254,1.25113179292584e-05,"9","DYNLT1"
7.35931741411155e-10,0.276485502348836,0.371,0.309,1.39275082062061e-05,"9","CCT6A"
7.60825123547774e-10,0.364433913164879,0.282,0.225,1.43986154631416e-05,"9","PFDN2"
9.98380719061706e-10,0.355981495333669,0.274,0.215,1.88943551082428e-05,"9","RASA2"
1.12802973122884e-09,0.28136434011109,0.345,0.278,2.13479626635059e-05,"9","IDH2"
1.49385452580673e-09,0.270971637650017,0.354,0.286,2.82711969008924e-05,"9","CHURC1"
3.17606542119458e-09,0.337567774096045,0.272,0.213,6.01070380961074e-05,"9","COX7A2L"
4.54007316506777e-09,0.289868824296652,0.358,0.297,8.59208846489075e-05,"9","ANP32B"
5.31914063032919e-09,0.295024981267157,0.337,0.276,0.00010066473642898,"9","GYG1"
5.354986940465e-09,0.345112912353571,0.298,0.242,0.0001013431278483,"9","SELPLG"
7.31876630561553e-09,0.342765412704946,0.252,0.197,0.000138507652333774,"9","CAPZA2"
1.01537640068604e-08,0.307517129986865,0.313,0.259,0.000192159983829832,"9","CMPK1"
1.04844152955563e-08,0.255276495047581,0.421,0.362,0.000198417559468403,"9","APOBEC3G"
1.46068638312711e-08,0.305237640567615,0.304,0.248,0.000276434898006806,"9","PYURF"
2.24469892625744e-08,0.318451195665855,0.28,0.227,0.00042480927179422,"9","PSMC4"
2.56150699784806e-08,0.275827062498082,0.358,0.302,0.000484765199342746,"9","SLBP"
2.67562200642845e-08,0.317674386950127,0.259,0.204,0.000506361464716584,"9","SFT2D1"
3.00540618406007e-08,0.348927442671233,0.261,0.208,0.000568773120333367,"9","AKIRIN2"
4.7069870105299e-08,0.322757728298851,0.274,0.22,0.000890797291742783,"9","VAMP2"
5.44105471697875e-08,0.276279659958837,0.357,0.306,0.00102971960518823,"9","RAP1A"
5.51458517123021e-08,0.285575715306033,0.31,0.256,0.00104363524365532,"9","CMTM6"
5.63353160787233e-08,0.346263726493868,0.252,0.201,0.00106614585678984,"9","CBX3"
7.30767952960389e-08,0.339422879571478,0.26,0.211,0.00138297835097754,"9","TRABD"
1.04410830201627e-07,0.262780123672947,0.315,0.26,0.0019759749615658,"9","CCT8"
1.12126573065367e-07,0.250330172949396,0.337,0.281,0.00212199539526207,"9","ELOC"
1.73892216453296e-07,0.291364613025627,0.282,0.231,0.00329091019637862,"9","NDUFB6"
2.06336797960462e-07,0.282890991851445,0.264,0.213,0.00390492390140174,"9","MRPL51"
3.38676210635807e-07,0.311033024105707,0.284,0.235,0.00640944728628265,"9","KDELR2"
3.90786871065377e-07,0.254502187692342,0.326,0.275,0.00739564153491226,"9","OSTC"
4.62764508393094e-07,0.264345860612599,0.337,0.288,0.0087578183213393,"9","SRP9"
4.86944328277933e-07,0.316744638267676,0.282,0.237,0.00921542141265989,"9","PPP1CC"
5.34606651362336e-07,0.258386969294259,0.335,0.286,0.0101174308770322,"9","COPB1"
6.2175172210472e-07,0.318752675627103,0.256,0.21,0.0117666513408318,"9","LSM3"
7.09105659158219e-07,0.268537097746676,0.306,0.258,0.0134198245995693,"9","EMC7"
7.13025488129631e-07,0.277702264135431,0.268,0.221,0.0134940073628533,"9","PPP6C"
1.61916227987561e-06,0.271812650301184,0.297,0.252,0.0306426461466458,"9","CLTB"
1.77809159293052e-06,0.271385989533015,0.264,0.218,0.0336503833962101,"9","HADHA"
2.46159268716728e-06,0.280574740395719,0.256,0.21,0.0465856416046407,"9","SEC11C"
2.75979810724354e-06,0.288896401854804,0.27,0.226,0.052229179179584,"9","MYDGF"
3.00759187129235e-06,0.258122293341987,0.316,0.274,0.0569186761642077,"9","TOMM22"
3.42148654692182e-06,0.274885061224054,0.267,0.222,0.0647516329004955,"9","TWF2"
4.31376879961855e-06,0.266717677479311,0.251,0.205,0.081638074532781,"9","ARRB2"
8.58263171743157e-06,0.261407995672778,0.282,0.239,0.162426305252392,"9","SDF4"
0,4.51494594217924,0.378,0.027,0,"10","TNFRSF4"
0,4.54634134206717,0.3,0.016,0,"10","CD4"
0,3.93803221038839,0.265,0.028,0,"10","TNFRSF18"
1.51021780389983e-306,2.59431814436619,0.426,0.099,2.85808719388044e-302,"10","CTLA4"
1.25530176754342e-254,1.99518977050859,0.558,0.198,2.37565859507593e-250,"10","ICOS"
5.64031515304547e-216,2.77488105715062,0.283,0.06,1.06742964271386e-211,"10","DUSP16"
6.91813128968871e-200,1.61378964126621,0.594,0.259,1.30925634657359e-195,"10","DUSP4"
2.61676805447307e-160,0.271497252148046,0.999,0.996,4.95223354309029e-156,"10","HLA-A"
6.03216668153059e-156,0.473788257917098,0.968,0.943,1.14158754447966e-151,"10","FTH1"
1.97570269855389e-148,2.06608097842611,0.344,0.111,3.73901735701323e-144,"10","SNX9"
6.79412304330426e-138,0.609579736916112,0.912,0.728,1.28578778594533e-133,"10","CREM"
2.71606402720811e-131,0.395572367926384,0.942,0.898,5.14015117149135e-127,"10","SARAF"
3.51440466005262e-126,0.364301953346459,0.984,0.93,6.65101081914958e-122,"10","BTG1"
2.82509514590252e-125,1.05776323813166,0.675,0.456,5.34649256362051e-121,"10","SPOCK2"
2.74571610487925e-123,1.44465323062078,0.532,0.277,5.19626772848399e-119,"10","LTB"
2.65468076415766e-119,1.54932013969234,0.465,0.221,5.02398334616837e-115,"10","ARID5B"
4.48026208941906e-106,0.300730037482559,0.968,0.961,8.47889600422557e-102,"10","IL32"
1.49423238958653e-94,0.274811555224796,0.961,0.949,2.82783479729252e-90,"10","UBC"
4.03430999861852e-86,0.261519170533427,0.965,0.942,7.63493167238556e-82,"10","SRGN"
5.76382530135556e-84,0.469909904631176,0.807,0.771,1.09080393828154e-79,"10","YWHAB"
2.11782567456813e-80,1.24475949060819,0.48,0.283,4.00798508912019e-76,"10","PBXIP1"
2.56773110134004e-79,1.08440303513566,0.541,0.36,4.85943110928603e-75,"10","CDKN1B"
1.40572647061222e-74,1.46590748702112,0.371,0.185,2.66033734563362e-70,"10","CORO1B"
1.10517675614224e-70,1.33815510575321,0.449,0.274,2.0915470109992e-66,"10","CARD16"
1.5392682277219e-70,1.389888545923,0.375,0.194,2.9130651209637e-66,"10","CD28"
1.05281123673657e-68,0.699805152916822,0.675,0.552,1.99244526552396e-64,"10","ITM2A"
5.14712973622489e-67,1.66637454821371,0.269,0.115,9.74094302580561e-63,"10","CD82"
4.51928070614435e-63,1.64264233894456,0.294,0.139,8.55273873637817e-59,"10","BATF"
1.09985227207943e-59,0.510613178897767,0.746,0.658,2.08147042491032e-55,"10","EZR"
7.41460264465494e-59,0.777007300790425,0.599,0.493,1.40321355050095e-54,"10","NR3C1"
5.61930910967423e-58,0.650089961411108,0.651,0.533,1.06345424900585e-53,"10","TENT5C"
3.88515754725916e-56,1.43313474308264,0.284,0.134,7.35266065818796e-52,"10","MAF"
4.87015660762398e-55,0.537935730266802,0.728,0.617,9.21677137992838e-51,"10","CD52"
3.2646248993325e-50,1.04347052749159,0.441,0.294,6.17830262198676e-46,"10","CD5"
1.91728496938132e-49,0.253314957785708,0.908,0.915,3.62846180455416e-45,"10","MT-ATP8"
2.19126112319833e-49,0.59920922626342,0.653,0.535,4.14696167565284e-45,"10","RGS1"
1.181801691864e-46,0.415619555098405,0.718,0.708,2.23655970185263e-42,"10","LAPTM5"
3.52287282608874e-44,0.897701999276841,0.455,0.307,6.66703682337294e-40,"10","CD27"
2.33438585063596e-43,0.255376817039827,0.877,0.899,4.41782522232856e-39,"10","HSP90AA1"
3.30237779494398e-43,0.335604484634207,0.847,0.755,6.24974997693148e-39,"10","CXCR4"
6.58677100277574e-42,0.510770134892043,0.669,0.62,1.24654641227531e-37,"10","FXYD5"
6.61369209256915e-41,0.602352128105033,0.619,0.542,1.25164122851871e-36,"10","SAT1"
8.08523114438432e-40,1.38277792282761,0.259,0.137,1.53012999407473e-35,"10","TLK1"
1.28237323764776e-38,0.34483108096316,0.77,0.754,2.42689135224838e-34,"10","JUNB"
3.05050153559235e-38,0.866563539658258,0.471,0.357,5.77307415610851e-34,"10","TIGIT"
1.1602986583194e-36,0.495151229840172,0.635,0.575,2.19586521086947e-32,"10","CD2"
1.26547817367088e-36,1.22523139676307,0.273,0.152,2.39491744367215e-32,"10","MIR4435-2HG"
1.46690935473248e-36,0.433746642523085,0.694,0.631,2.77612595383121e-32,"10","TNFAIP3"
2.77866018440953e-36,0.291172851984028,0.767,0.776,5.25861439899504e-32,"10","HNRNPA1"
3.84468762785954e-36,1.29741487722248,0.262,0.145,7.27607133572417e-32,"10","IL6ST"
2.49823290876613e-33,0.402556876422193,0.673,0.643,4.72790577983991e-29,"10","LEPROTL1"
9.20609145483557e-32,0.843926575699426,0.432,0.328,1.74225280782763e-27,"10","CACYBP"
9.89771642271344e-32,0.863569259578092,0.418,0.31,1.87314283299852e-27,"10","RNASET2"
3.87177792457297e-31,0.748599485593578,0.474,0.386,7.32733972225435e-27,"10","STAT1"
2.25522076317911e-30,0.664550791549005,0.511,0.429,4.26800529431647e-26,"10","CYTIP"
3.22305782910402e-30,1.148092710384,0.276,0.168,6.09963694157936e-26,"10","LIMS1"
5.43912422885941e-30,1.06903673543893,0.33,0.224,1.02935426031164e-25,"10","PFKFB3"
2.85686810259913e-29,1.23491981035767,0.254,0.15,5.40662288416885e-25,"10","EPSTI1"
1.29751711323818e-26,0.970810216774233,0.308,0.202,2.45555113680326e-22,"10","HNRNPLL"
1.56820805036688e-25,0.482678603466964,0.579,0.538,2.96783373531933e-21,"10","ETS1"
4.61516504631858e-24,0.389324456941784,0.628,0.62,8.73419985015792e-20,"10","ARPC1B"
8.96938129681757e-24,0.417102966240345,0.608,0.604,1.69745541042272e-19,"10","SOD1"
1.21187729471217e-23,0.508100293804361,0.561,0.52,2.29347778024279e-19,"10","UBE2B"
2.25885077986369e-23,0.587859046842808,0.496,0.431,4.27487510089204e-19,"10","RHOH"
2.00371835617374e-22,0.424131212783194,0.599,0.564,3.79203698905881e-18,"10","HSPD1"
4.50467059283979e-22,0.434237080189651,0.588,0.568,8.52508909694931e-18,"10","MYH9"
9.82981975576574e-22,0.536580582668209,0.519,0.467,1.86029338877867e-17,"10","SAMSN1"
4.64609781537375e-19,0.585608069540324,0.493,0.452,8.79274011559482e-15,"10","PKM"
1.76381780367705e-17,0.861977889176376,0.287,0.206,3.33802519345881e-13,"10","RHBDD2"
2.17305558435692e-17,0.504561284001499,0.503,0.47,4.11250769339546e-13,"10","G3BP2"
3.77248942486709e-17,0.655169681586914,0.387,0.314,7.13943623656097e-13,"10","CXCR6"
4.58996384750367e-17,0.345409747431674,0.585,0.587,8.68650658140069e-13,"10","STK17B"
1.56539395311624e-16,0.947171707389132,0.264,0.19,2.96250805627249e-12,"10","P2RY10"
1.99041819934665e-16,0.956522395366971,0.291,0.223,3.76686644226354e-12,"10","PLIN2"
2.44190597094081e-16,0.882184508884483,0.295,0.224,4.62130705000548e-12,"10","ITGB1"
3.23722337368361e-16,0.350468832778899,0.597,0.561,6.12644523469622e-12,"10","TSC22D3"
1.13994460520828e-15,0.7916127155014,0.296,0.221,2.15734516535668e-11,"10","PDE4D"
7.04935417301852e-15,0.585797694181298,0.421,0.365,1.33409027724376e-10,"10","S100A11"
7.30556546541907e-15,0.479910459429306,0.481,0.452,1.38257826433056e-10,"10","GSPT1"
2.01511089938243e-14,0.535489806246692,0.457,0.419,3.81359737708126e-10,"10","APBB1IP"
2.38886820884034e-14,0.682381450215824,0.371,0.322,4.52093308523035e-10,"10","SMAP2"
1.43087645923624e-13,0.401866386640644,0.527,0.51,2.70793369910458e-09,"10","TNFRSF1B"
1.62067724477789e-13,0.83736409519914,0.297,0.236,3.06713168574216e-09,"10","GBP2"
2.70635164766585e-13,0.27642447871787,0.648,0.661,5.12177049320761e-09,"10","DNAJA1"
3.39697265056649e-12,0.669614578631844,0.357,0.306,6.42877074119707e-08,"10","RAP1A"
4.42417393197954e-12,0.689136310020414,0.33,0.276,8.37274916627128e-08,"10","NAMPT"
1.68129624895051e-11,0.604664104703424,0.375,0.332,3.18185315113885e-07,"10","CD6"
1.95332687038273e-11,0.848049386579684,0.258,0.201,3.69667110219932e-07,"10","CNIH1"
2.50682705993578e-11,0.551656386310184,0.408,0.371,4.74417021092846e-07,"10","AC016831.7"
3.92774748750881e-11,0.269397787051949,0.591,0.621,7.43326212011043e-07,"10","CIRBP"
5.59490175255863e-11,0.483430773155851,0.446,0.42,1.05883515667172e-06,"10","CD247"
1.16897114613189e-10,0.645304293318539,0.33,0.281,2.21227789405459e-06,"10","SYNE2"
1.58613363274391e-10,0.634430841727771,0.337,0.289,3.00175789996784e-06,"10","CYTH1"
1.99681770994706e-10,0.520545464323043,0.418,0.393,3.77897751607481e-06,"10","GBP5"
3.96915399493105e-10,0.674111816755754,0.311,0.261,7.51162393540701e-06,"10","PRDX2"
1.37840905396881e-09,0.545337691051126,0.382,0.345,2.60863913463597e-05,"10","FCMR"
2.40729137731141e-09,0.627171359752757,0.334,0.297,4.55579893156184e-05,"10","IL10RA"
2.4697039220731e-09,0.504753071250341,0.368,0.323,4.67391467252334e-05,"10","CYTOR"
2.70842225968797e-09,0.562987302499125,0.353,0.313,5.12568912645948e-05,"10","SPTAN1"
2.81085038580638e-09,0.466747701564522,0.346,0.287,5.31953435513858e-05,"10","PDCD1"
3.71746827641479e-09,0.64439225640838,0.31,0.267,7.035308713115e-05,"10","RABGAP1L"
4.06524940902532e-09,0.392701304625224,0.501,0.511,7.69348450658042e-05,"10","CTSC"
5.27701099917141e-09,0.478431026899407,0.416,0.396,9.98674331593189e-05,"10","PRDX1"
1.33128904410053e-08,0.446316324663523,0.418,0.407,0.000251946451596025,"10","STAT3"
1.62967160077311e-08,0.438659747816965,0.423,0.402,0.000308415350446312,"10","PPP1R2"
1.81040199049156e-08,0.653069172376471,0.325,0.292,0.000342618576700527,"10","NDUFV2"
1.88536047981016e-08,0.343254626806045,0.498,0.501,0.000356804470804073,"10","LBH"
3.41335301706578e-08,0.454095860750134,0.418,0.4,0.000645977058479699,"10","RHOG"
3.45879518732585e-08,0.507604480143955,0.376,0.347,0.000654576989201418,"10","PAK2"
4.32204035459912e-08,0.443472708713029,0.416,0.4,0.000817946137107884,"10","HERPUD1"
5.07861476025045e-08,0.566311653518603,0.356,0.331,0.000961127843377397,"10","NSD3"
5.58820144892997e-08,0.587850089793365,0.309,0.268,0.00105756712421,"10","PPM1G"
1.72430883144086e-07,0.294183526349802,0.517,0.538,0.00326325446350183,"10","STK4"
3.71478340097433e-07,0.475542271105305,0.372,0.349,0.00703022758634393,"10","LAT"
9.83890543126522e-07,0.56305991721709,0.311,0.281,0.0186201285286694,"10","LAPTM4A"
1.10969329208686e-06,0.637275225769762,0.274,0.24,0.0210009455527437,"10","SDF4"
1.73771969536137e-06,0.361684495356062,0.435,0.426,0.032886345234714,"10","PDE4B"
1.76009694065857e-06,0.348387931689348,0.446,0.445,0.0333098346019635,"10","HSPH1"
2.35279130361565e-06,0.564829302652086,0.32,0.298,0.0445265754209262,"10","PPP1CB"
2.55744167142178e-06,0.358713666677554,0.425,0.414,0.0483995836316572,"10","CLEC2D"
4.38290927769336e-06,0.398200285923029,0.416,0.426,0.0829465580803469,"10","CALM3"
4.9823327404973e-06,0.26756548273821,0.518,0.556,0.0942906471139114,"10","GABARAP"
6.34778255285791e-06,0.509550978785818,0.312,0.285,0.120131784812836,"10","USP15"
7.22682947168933e-06,0.266093279827439,0.508,0.541,0.136767747751721,"10","PTGES3"
2.5772564093228e-05,0.258302252673971,0.507,0.531,0.487745775464339,"10","GMFG"
2.95266383211031e-05,0.350354344766749,0.429,0.438,0.558791630226877,"10","SKAP1"
3.05903935190444e-05,0.264365299716672,0.486,0.515,0.578923197347915,"10","ISG20"
4.31074905865561e-05,0.314176150323256,0.43,0.433,0.815809259350574,"10","RNF19A"
7.81780246913292e-05,0.277068409579783,0.474,0.505,1,"10","HNRNPA3"
8.35162720720105e-05,0.286727454218165,0.465,0.493,1,"10","ENO1"
8.52215341655177e-05,0.445527803655932,0.347,0.334,1,"10","MAT2B"
0.000161704819733182,0.45339497652187,0.271,0.245,1,"10","TRAT1"
0.000177229356669563,0.444892220656844,0.316,0.301,1,"10","PRKAR1A"
0.000212391093002832,0.53610837493007,0.257,0.233,1,"10","MRPS6"
0.000234223276060573,0.527795780513596,0.291,0.277,1,"10","MRFAP1"
0.000243219690225758,0.409102940596865,0.349,0.343,1,"10","EID1"
0.000315563212947553,0.457888643602004,0.3,0.285,1,"10","ITK"
0.000316042873401259,0.316039388419103,0.438,0.457,1,"10","ANKRD12"
0.000415234811733391,0.456508349506,0.29,0.271,1,"10","IFI16"
0.000449091013590278,0.455412831917633,0.287,0.266,1,"10","ZNF706"
0.000467105454523623,0.569625643544638,0.27,0.257,1,"10","SAMHD1"
0.000511539239061107,0.47595239489969,0.277,0.261,1,"10","TAF15"
0.000515157526761076,0.373143278500682,0.364,0.363,1,"10","UCP2"
0.000594894299117451,0.444126959174479,0.307,0.296,1,"10","PDCL3"
0.000650596708143854,0.462539142022168,0.305,0.295,1,"10","NDFIP1"
0.000915034918162603,0.419564448714085,0.31,0.299,1,"10","ANP32B"
0.00103470096463037,0.300290726482447,0.418,0.444,1,"10","GPX4"
0.00103823572436813,0.467925256964393,0.26,0.238,1,"10","HBP1"
0.00106411972509395,0.29080839597653,0.429,0.455,1,"10","SEPT6"
0.00106646630506185,0.482191703311715,0.27,0.255,1,"10","DYNLT1"
0.00106714806222879,0.330968664402565,0.381,0.386,1,"10","SMCHD1"
0.0011773227474741,0.336160014671816,0.4,0.427,1,"10","UBE2D2"
0.00126025353297796,0.496479496638915,0.252,0.235,1,"10","RFTN1"
0.00131038364242702,0.367251552098159,0.344,0.342,1,"10","CCND2"
0.00178183934788378,0.494821240881586,0.276,0.264,1,"10","SNX3"
0.00196800832512821,0.43082141439775,0.308,0.305,1,"10","BIRC3"
0.0042232851688984,0.329145586073155,0.348,0.351,1,"10","RAC1"
0.00423172715391129,0.454861429491591,0.276,0.268,1,"10","SYNGR2"
0.00482798138505692,0.430816674150837,0.289,0.286,1,"10","ADAR"
0.00574749358515334,0.281976709516494,0.398,0.42,1,"10","ITGA4"
0.00750763254316944,0.396022706202804,0.282,0.275,1,"10","MT1X"
0,2.5548082419693,0.579,0.124,0,"11","TYROBP"
0,2.6382028983225,0.47,0.091,0,"11","LINC02446"
0,2.90988112956062,0.448,0.075,0,"11","GNLY"
0,3.39568689934022,0.408,0.051,0,"11","TRDC"
0,3.56826767721322,0.252,0.028,0,"11","ZNF683"
1.12335098060562e-276,0.945160052468395,0.965,0.707,2.12594173079613e-272,"11","IFITM2"
2.07298639236251e-254,1.64574795815597,0.705,0.245,3.92312674754605e-250,"11","TXNIP"
1.90540251417694e-236,2.56644640721901,0.292,0.05,3.60597425807986e-232,"11","AC004832.6"
1.82045155082464e-230,2.20660925522489,0.435,0.11,3.44520455993562e-226,"11","PTGDR"
1.20969796912492e-229,0.952487129604879,0.931,0.631,2.2893534065689e-225,"11","CTSW"
8.06317563480766e-212,1.65264911559646,0.652,0.272,1.52595598888735e-207,"11","HOPX"
6.00610467804019e-180,1.75953017559605,0.524,0.189,1.13665531031911e-175,"11","CD160"
3.31254729057781e-171,2.17486176330171,0.332,0.082,6.26899574741851e-167,"11","IFITM3"
2.30454029976053e-158,1.93863669164348,0.411,0.129,4.3613425172968e-154,"11","KLRC3"
3.0160881237515e-158,2.0025603564107,0.379,0.112,5.70794677419972e-154,"11","NCR3"
4.13903141542607e-155,0.537411839068201,0.974,0.853,7.83311695369384e-151,"11","HCST"
2.10088155143806e-154,0.459915267584345,0.991,0.913,3.97591833609653e-150,"11","IFITM1"
7.92519444461481e-154,1.31973259892366,0.659,0.295,1.49984304864335e-149,"11","XCL1"
2.36913353000193e-151,2.26459729812595,0.327,0.092,4.48358520552865e-147,"11","TRDV1"
5.70645298659205e-150,1.15809332081273,0.73,0.387,1.07994622771255e-145,"11","KLRD1"
6.06749041142118e-143,1.26250923554023,0.659,0.343,1.14827256036146e-138,"11","CD63"
2.25283104520981e-138,0.546602874750378,0.953,0.824,4.26348275305956e-134,"11","MT-ND4"
2.70311541831814e-136,1.23373943236696,0.657,0.313,5.11564592916708e-132,"11","HSPA1A"
3.02943612667035e-132,0.528669826474967,0.964,0.826,5.73320786972364e-128,"11","MYL12A"
3.73470457146731e-132,0.617999512959632,0.918,0.74,7.06792840150189e-128,"11","CD7"
7.01959526710118e-120,0.388647441855309,0.984,0.905,1.3284584042989e-115,"11","MT-ATP6"
1.61167187516205e-118,1.20810873294448,0.586,0.264,3.05008902374419e-114,"11","HSPA1B"
3.16103788375949e-118,0.382463385685694,0.983,0.905,5.98226419501484e-114,"11","ACTG1"
1.13951522285488e-116,0.322804782110739,0.999,0.952,2.15653255925287e-112,"11","TMSB10"
1.78559446330833e-113,1.14666449186332,0.631,0.316,3.37923752181101e-109,"11","XCL2"
3.88629084072741e-109,0.598242443121476,0.908,0.723,7.35480541607662e-105,"11","CLIC1"
2.05613825407087e-108,0.81535788625736,0.794,0.563,3.89124164582913e-104,"11","GSTP1"
3.63128700406684e-105,0.476464472295226,0.938,0.83,6.87221065519649e-101,"11","MT-ND2"
4.07419931191379e-105,1.37390217042602,0.474,0.203,7.71042219779684e-101,"11","RCSD1"
9.56936279037726e-105,0.319853334611418,0.994,0.95,1.8110019080789e-100,"11","MT-ND3"
1.08349759136722e-101,0.279550062775419,0.981,0.959,2.05051919166247e-97,"11","CCL5"
8.9649382206849e-101,1.48516143180842,0.433,0.186,1.69661455826462e-96,"11","PRMT9"
2.10548162229879e-99,1.11729589743932,0.586,0.296,3.98462397020047e-95,"11","GIMAP4"
1.41345803512307e-97,0.398230512295358,0.982,0.89,2.67496933147041e-93,"11","FTL"
2.33216987719602e-85,0.482670337009905,0.927,0.783,4.41363149259347e-81,"11","S100A4"
4.84103977887066e-80,1.62810936100368,0.297,0.11,9.16166778151272e-76,"11","TRG-AS1"
9.39360820164416e-78,0.904804214361957,0.642,0.385,1.77774035216116e-73,"11","GIMAP7"
6.04161871244318e-76,0.531704315712437,0.868,0.708,1.14337634132987e-71,"11","MIF"
3.73705397735456e-74,0.321784781692467,0.974,0.907,7.0723746521435e-70,"11","NKG7"
9.46884230376854e-74,1.1487290366014,0.468,0.236,1.7919784059882e-69,"11","ARPC5L"
5.88455644193312e-71,1.35165215885615,0.396,0.19,1.11365230663584e-66,"11","LGALS1"
1.64377237055951e-69,0.284899307064184,0.967,0.925,3.11083921128388e-65,"11","MT-ND1"
3.39951666293175e-64,1.31340237249106,0.351,0.16,6.43358528459833e-60,"11","AGTRAP"
6.21685050564062e-64,1.22423712913232,0.37,0.171,1.17653895819249e-59,"11","GIMAP1"
2.86115193089303e-63,0.337030206936189,0.979,0.879,5.41473002921505e-59,"11","ATP5F1E"
8.56528046960313e-63,0.34522209490701,0.941,0.847,1.62097932887239e-58,"11","PTPRCAP"
4.79453209767762e-62,1.01915611934526,0.494,0.285,9.0736519948549e-58,"11","HSPB1"
2.08776796490275e-61,0.981953774382402,0.51,0.3,3.95110087357845e-57,"11","TRAC"
3.67567044411249e-57,0.30420936882179,0.965,0.884,6.95620631548289e-53,"11","SH3BGRL3"
1.85022643340882e-56,0.903085767114349,0.533,0.333,3.5015535252262e-52,"11","CKLF"
4.68388040867284e-54,1.17108613024627,0.37,0.192,8.86424367341335e-50,"11","FCRL6"
8.68608698295461e-54,1.10686160816035,0.388,0.2,1.64384196152416e-49,"11","PTPN6"
9.36237691639897e-54,1.37677382495506,0.258,0.105,1.77182983142851e-49,"11","RGS19"
1.06062789974094e-53,0.311584810812689,0.953,0.864,2.00723830025974e-49,"11","SERF2"
6.639899413956e-53,1.00756912616773,0.451,0.255,1.25660096409117e-48,"11","LINC00861"
6.45937599273364e-52,0.333578011397379,0.894,0.8,1.22243690662484e-47,"11","RAC2"
3.98954976453917e-51,0.346671840405828,0.917,0.82,7.55022292939037e-47,"11","PFDN5"
6.82335099401266e-51,0.476707373628075,0.826,0.679,1.2913191756169e-46,"11","ATP5MC2"
7.01122047222883e-51,0.379142885297063,0.914,0.79,1.32687347436931e-46,"11","TMA7"
1.90318326659126e-50,1.3095404527784,0.284,0.128,3.60177433202396e-46,"11","AC243960.1"
7.29065607272468e-50,0.252714468425414,0.941,0.898,1.37975666176315e-45,"11","MT-ND5"
8.03293972179471e-50,1.07723870194166,0.397,0.22,1.52023384234965e-45,"11","RHOC"
8.06399936023481e-50,0.973102708941176,0.461,0.276,1.52611187892444e-45,"11","LAMTOR4"
1.5703407066911e-49,0.949444105656987,0.45,0.257,2.9718697874129e-45,"11","TRAF3IP3"
5.94688143366859e-49,0.519843321556984,0.738,0.617,1.12544731132178e-44,"11","CD52"
7.0137651409869e-49,0.564921012195099,0.733,0.577,1.32735505293177e-44,"11","TRBC2"
3.07909280747292e-47,0.426394206279181,0.837,0.71,5.8271831381425e-43,"11","S100A6"
1.02500747566362e-45,0.448868608061357,0.801,0.674,1.9398266476934e-41,"11","OST4"
1.17731059960632e-45,0.902580714978554,0.473,0.302,2.22806030975495e-41,"11","MATK"
1.55045847036049e-45,0.825938233093092,0.491,0.304,2.93424265515722e-41,"11","LCP2"
1.9910025936889e-45,0.878033212022633,0.478,0.298,3.76797240855625e-41,"11","PPP1R18"
2.17013230827481e-45,0.809546795965943,0.517,0.339,4.10697539341007e-41,"11","PRELID1"
4.49075679089583e-45,1.35808484753484,0.27,0.127,8.49875722677037e-41,"11","TRGC2"
3.17150127192687e-43,1.08041389905092,0.342,0.179,6.00206615712159e-39,"11","PYCARD"
8.91829600226915e-43,0.439087758570396,0.79,0.661,1.68778751842944e-38,"11","COMMD6"
1.5520492296844e-42,1.16414692144323,0.299,0.149,2.93725316717773e-38,"11","FAM173A"
4.42316657515104e-42,0.507439287248975,0.708,0.564,8.37084274347335e-38,"11","EVL"
2.87984765614235e-41,0.573378983257711,0.651,0.503,5.45011168924939e-37,"11","LY6E"
3.28452521392594e-41,0.779324750574039,0.517,0.357,6.21596396735484e-37,"11","VAMP8"
4.94963324686558e-41,0.423543074595012,0.8,0.666,9.36718091969311e-37,"11","PSMB9"
5.7253695800975e-41,0.363684969825661,0.838,0.734,1.08352619303345e-36,"11","MYL12B"
7.10554471810583e-41,0.511600809350093,0.72,0.582,1.34472433790153e-36,"11","ELOB"
5.86993630283786e-40,1.15054618578598,0.281,0.138,1.11088544531207e-35,"11","SH3BP1"
8.69749973915571e-40,0.682273908227369,0.57,0.413,1.64600182563522e-35,"11","DAD1"
1.25895055931232e-38,0.367509513004504,0.849,0.736,2.38256393349857e-34,"11","RARRES3"
3.954856276116e-38,0.84527891715291,0.49,0.342,7.48456550254952e-34,"11","CMC1"
8.7453706242677e-38,0.419262779052502,0.759,0.651,1.65506139064266e-33,"11","PPDPF"
8.9377157310605e-38,0.486956059187784,0.717,0.588,1.6914627021032e-33,"11","UQCR11"
4.9874782395198e-37,0.927872907512393,0.385,0.229,9.43880256829122e-33,"11","POLD4"
2.79561193551474e-36,0.449514984151381,0.743,0.613,5.29069558796165e-32,"11","SNRPD2"
2.86409927718566e-34,0.885916903236459,0.382,0.233,5.42030788207387e-30,"11","SCML4"
6.44025964571933e-34,0.284911532695327,0.874,0.802,1.21881913795238e-29,"11","PSME1"
1.81870590792576e-33,0.476587971389311,0.691,0.552,3.44190093074951e-29,"11","GABARAP"
3.05206757270113e-32,0.932707474991084,0.324,0.182,5.77603788133688e-28,"11","AC116366.3"
6.13136231879201e-32,0.80005747452984,0.406,0.258,1.16036031883139e-27,"11","TUBB"
1.85399454361796e-31,0.471613888390567,0.665,0.548,3.50868467379698e-27,"11","COX6B1"
2.17752823384656e-31,0.933442657198594,0.323,0.187,4.12097218255461e-27,"11","RASSF1"
3.36725567515895e-31,0.253542754622634,0.883,0.816,6.37253136523832e-27,"11","EEF1B2"
5.79788663508685e-31,0.709817175192273,0.478,0.333,1.09725004569019e-26,"11","CCDC85B"
6.34636581069641e-31,0.50868354002743,0.639,0.513,1.2010497296743e-26,"11","RNASEK"
3.68375130275821e-30,0.982773145289334,0.287,0.158,6.97149934046992e-26,"11","LSM2"
6.54639815088225e-29,0.60674809903689,0.534,0.401,1.23890585005447e-24,"11","TRAPPC1"
7.53755639511647e-28,0.32290656667147,0.818,0.73,1.42648254777579e-23,"11","TOMM7"
1.09396804624772e-27,0.608184195838998,0.507,0.363,2.07033452752382e-23,"11","S100A11"
1.24169452372728e-27,1.00659279046302,0.28,0.16,2.34990688615388e-23,"11","OTUD6B-AS1"
1.65989698973345e-27,0.494236887129348,0.616,0.482,3.14135505307056e-23,"11","FOS"
2.91219109507542e-27,0.593340946108547,0.539,0.42,5.51132164743024e-23,"11","WDR83OS"
2.05567228629451e-26,0.820948977796429,0.37,0.244,3.89035980181235e-22,"11","NDUFB7"
2.72476081848447e-26,0.914643563738995,0.296,0.176,5.15660984898185e-22,"11","MRPS34"
9.25501555071366e-26,0.990816876475132,0.282,0.168,1.75151169297256e-21,"11","BLOC1S1"
2.46952765935146e-25,0.487683956826374,0.596,0.485,4.67358109532263e-21,"11","APRT"
3.04110327703163e-25,0.492942425879594,0.591,0.472,5.75528795178236e-21,"11","CD48"
6.46394504737043e-25,0.571894893969035,0.512,0.39,1.22330160021485e-20,"11","ANAPC16"
7.28455774436863e-25,0.287969075312209,0.825,0.748,1.37860255312176e-20,"11","SRP14"
8.35707383184067e-25,0.676365423737731,0.445,0.324,1.58157622267585e-20,"11","SNHG8"
8.76410137335108e-25,0.482858225239866,0.61,0.483,1.65860618490669e-20,"11","EMP3"
1.39122428842735e-24,0.547905527457831,0.532,0.407,2.63289196584877e-20,"11","PAXX"
4.02529998773882e-24,0.262188777219604,0.819,0.766,7.61788022679572e-20,"11","CD99"
6.30438220361519e-24,0.847831170014021,0.298,0.181,1.19310433203417e-19,"11","SLAMF7"
7.80826116871643e-24,0.637601254673989,0.45,0.325,1.47771342617958e-19,"11","SELENOH"
1.43771979397231e-23,0.658763782977568,0.439,0.319,2.7208847100926e-19,"11","BST2"
2.11114880517739e-23,0.97102354493217,0.268,0.159,3.99534911379822e-19,"11","PLEKHF1"
2.39517322103155e-23,0.922224098823725,0.282,0.171,4.53286532080221e-19,"11","RBKS"
2.64832850076905e-23,0.613566896415441,0.468,0.354,5.01196168770543e-19,"11","NME2"
2.77845228476143e-23,0.46672309112791,0.587,0.48,5.25822094891101e-19,"11","EIF3G"
3.15311195248214e-23,0.853126486079988,0.317,0.203,5.96726437007245e-19,"11","LYAR"
7.16542194380109e-23,0.574198702242265,0.499,0.389,1.35605610286436e-18,"11","GNG5"
7.73046143590365e-23,0.511198584260665,0.562,0.461,1.46298982674477e-18,"11","ATP5MD"
2.35990663526375e-22,0.436245799230725,0.615,0.52,4.46612330723665e-18,"11","KRTCAP2"
2.45954271863223e-22,0.582425231280559,0.472,0.353,4.65468459501149e-18,"11","SELENOW"
2.556431496947e-22,0.726594974158748,0.362,0.244,4.8380466079722e-18,"11","ZYX"
3.06214720336902e-22,0.856051638010851,0.282,0.171,5.79511358237587e-18,"11","POLR2G"
7.79979505935002e-22,0.272182108035574,0.8,0.726,1.47611121498199e-17,"11","ATP5MG"
8.79100616003384e-22,0.495424985305402,0.549,0.44,1.6636979157864e-17,"11","ATP5F1D"
8.81741919520196e-22,0.398824743239997,0.646,0.566,1.66869658269197e-17,"11","IER2"
1.53066483873957e-21,0.288459775122008,0.8,0.717,2.89678320731464e-17,"11","COX7C"
1.54265538005602e-21,0.384331545606446,0.674,0.561,2.91947530675602e-17,"11","S100A10"
2.06309531005635e-21,0.44512960663986,0.577,0.481,3.90440787428164e-17,"11","SLC9A3R1"
1.58276339144652e-20,0.857763069228956,0.295,0.191,2.99537971831254e-16,"11","NAA38"
1.91551682709577e-20,0.330262072246543,0.695,0.619,3.62511559527875e-16,"11","FXYD5"
1.92360868894325e-20,0.651713016119447,0.386,0.27,3.6404294438251e-16,"11","SYNRG"
2.7064462278088e-20,0.60392928412521,0.43,0.315,5.12194948612816e-16,"11","PNISR"
3.17692321846649e-20,0.372245136588735,0.658,0.566,6.01232719094784e-16,"11","C12orf57"
4.52494897637134e-20,0.265586639082963,0.783,0.715,8.56346593778277e-16,"11","ARPC3"
7.06266655761274e-20,0.80797956413575,0.287,0.183,1.33660964602821e-15,"11","PGLS"
7.38640122720108e-20,0.690761735189497,0.366,0.258,1.3978764322478e-15,"11","TSTD1"
7.68624487924756e-20,0.693311634636511,0.344,0.231,1.4546218433976e-15,"11","SASH3"
9.97620198573751e-20,0.499128654875754,0.541,0.442,1.88799622580082e-15,"11","NDUFA3"
2.74766875334583e-19,0.484870790031403,0.529,0.427,5.19996311570698e-15,"11","TMEM258"
3.19500895982943e-19,0.751705027720261,0.312,0.207,6.04655445647719e-15,"11","CHCHD10"
3.52122265994312e-19,0.493688635532783,0.519,0.418,6.66391388394235e-15,"11","ACAP1"
4.15108082754694e-19,0.362449403859,0.652,0.571,7.85592046613258e-15,"11","NDUFA4"
4.58959201999385e-19,0.406882408961966,0.587,0.495,8.68580289783836e-15,"11","PPP1CA"
7.65984993160728e-19,0.748037834529339,0.323,0.219,1.44962659955668e-14,"11","ZBTB38"
1.43019666962308e-18,0.417217756939041,0.579,0.482,2.70664719726168e-14,"11","MZT2B"
1.857405698728e-18,0.435300946218115,0.555,0.455,3.51514028484274e-14,"11","PSMB10"
2.62545646049948e-18,0.427640949970045,0.552,0.465,4.96867635149526e-14,"11","GPSM3"
2.86845376158126e-18,0.862218189944009,0.268,0.173,5.42854874379253e-14,"11","NDUFB3"
3.10823208977404e-18,0.553247116653136,0.45,0.346,5.88232922989738e-14,"11","NEDD8"
3.8167545154134e-18,0.38136843274114,0.601,0.515,7.22320792041986e-14,"11","STK17A"
7.10693964356127e-18,0.820521571288604,0.265,0.169,1.34498832754397e-13,"11","ATP5MC1"
7.14432980252275e-18,0.525074636037101,0.477,0.366,1.35206441512743e-13,"11","TRBC1"
2.62632635641719e-17,0.658092586469516,0.326,0.221,4.97032262951953e-13,"11","CXCR3"
2.80646456754169e-17,0.407874676753426,0.568,0.484,5.31123419407264e-13,"11","UQCR10"
3.33097389958598e-17,0.330050306546581,0.656,0.589,6.30386810496646e-13,"11","COX6C"
4.91221708450346e-17,0.567821136635266,0.421,0.319,9.2963708324228e-13,"11","NDUFB10"
8.26885846461574e-17,0.483186139483119,0.479,0.384,1.56488146442853e-12,"11","CUTA"
1.79004688197948e-16,0.630138395378807,0.382,0.291,3.38766372414616e-12,"11","COPS9"
7.06108571438492e-16,0.45973252177768,0.502,0.411,1.33631047144735e-11,"11","C9orf16"
7.38156690963392e-16,0.694182170442465,0.306,0.212,1.39696153764822e-11,"11","MRPL51"
8.94812978715801e-16,0.274860061416129,0.708,0.652,1.69343356221965e-11,"11","UBL5"
1.14416455557018e-15,0.628338257451936,0.358,0.265,2.16533142141656e-11,"11","NDUFAF3"
1.17583454522879e-15,0.663172640666103,0.333,0.239,2.22526687684548e-11,"11","NDUFA11"
1.54705231627619e-15,0.621981225211897,0.351,0.255,2.92779650855269e-11,"11","GTF3A"
1.63876623724947e-15,0.260285749263056,0.709,0.656,3.10136510399462e-11,"11","COX6A1"
1.8807701407958e-15,0.749552533282317,0.259,0.17,3.55935749145606e-11,"11","CASP1"
1.91173499297687e-15,0.76104888180685,0.268,0.179,3.61795847420873e-11,"11","NHP2"
2.38485931050428e-15,0.696296236799076,0.322,0.234,4.51334624512934e-11,"11","C8orf59"
3.01402454548257e-15,0.308896746247996,0.638,0.563,5.70404145232576e-11,"11","TPI1"
3.71539634510164e-15,0.43708389651107,0.511,0.426,7.03138758310485e-11,"11","RABAC1"
4.24802012827737e-15,0.727255915145139,0.28,0.192,8.03937809276492e-11,"11","HMOX2"
6.05934180421233e-15,0.674216484393067,0.305,0.215,1.14673043644718e-10,"11","SSBP4"
7.48062062050542e-15,0.365111405464333,0.569,0.496,1.41570745243065e-10,"11","GSTK1"
9.846910184446e-15,0.273193724000691,0.671,0.619,1.8635277524064e-10,"11","ARPC1B"
9.85154763631451e-15,0.499504559778135,0.363,0.259,1.86440539017252e-10,"11","CCL4L2"
1.42275664572752e-14,0.563589634661274,0.379,0.286,2.69256695203932e-10,"11","CHURC1"
2.32923712184447e-14,0.316920857994512,0.639,0.578,4.40808125309066e-10,"11","POLR2L"
2.44313524824618e-14,0.693934146086441,0.303,0.215,4.6236334573059e-10,"11","PLEK"
2.51666225145808e-14,0.684454827060499,0.269,0.182,4.76278331088441e-10,"11","TSC22D4"
3.81024610397849e-14,0.602684241264293,0.346,0.259,7.2108907517793e-10,"11","MINOS1"
4.1937013233192e-14,0.337490786638734,0.601,0.529,7.93657975438159e-10,"11","GMFG"
4.96222026392116e-14,0.471139380516843,0.431,0.336,9.39100184947079e-10,"11","AOAH"
5.12757928416979e-14,0.485646493685901,0.442,0.36,9.70394379529132e-10,"11","ATP5PF"
6.05417296058478e-14,0.258856975631046,0.696,0.646,1.14575223279067e-09,"11","SSR4"
6.19972580184949e-14,0.526599898748664,0.401,0.314,1.17329810800002e-09,"11","REX1BD"
6.97995470663794e-14,0.678548820150757,0.29,0.205,1.32095642823123e-09,"11","TMEM219"
7.03434194291819e-14,0.661333087513849,0.295,0.209,1.33124921269727e-09,"11","ATM"
1.17652916289964e-13,0.464318628172541,0.441,0.352,2.22658144078756e-09,"11","XBP1"
1.19809211559242e-13,0.604870542477581,0.299,0.211,2.26738932875865e-09,"11","OFD1"
1.49555268667825e-13,0.657221455480292,0.277,0.19,2.83033345953859e-09,"11","RSBN1L"
1.80634080752342e-13,0.500853414003983,0.405,0.315,3.41849997823808e-09,"11","UBE2L6"
4.07998438740024e-13,0.403805001423982,0.492,0.418,7.72137045315495e-09,"11","C4orf3"
4.24388362567253e-13,0.504002401780301,0.375,0.281,8.03154976158526e-09,"11","BTN3A2"
4.61505608019719e-13,0.725613739352293,0.253,0.174,8.73399363177318e-09,"11","DGCR6L"
9.97007566917465e-13,0.615634575065215,0.329,0.251,1.8868368203913e-08,"11","HMGN3"
9.98102701524745e-13,0.314934023473245,0.602,0.544,1.88890936263558e-08,"11","COX5B"
1.17173401216408e-12,0.699504173822617,0.258,0.18,2.21750661802052e-08,"11","MRPL43"
1.19616831054498e-12,0.596654386815487,0.325,0.242,2.26374852770637e-08,"11","CFLAR"
1.50545182098257e-12,0.547859722067848,0.353,0.273,2.84906757120951e-08,"11","SF3B5"
1.62198178668806e-12,0.672048026555654,0.268,0.189,3.06960053130716e-08,"11","NME3"
6.20105154939791e-12,0.601704550585118,0.329,0.254,1.17354900572355e-07,"11","MGST3"
7.21064972095268e-12,0.483602581990153,0.418,0.343,1.36461545969029e-07,"11","KRT10"
7.29119107505534e-12,0.69186559539676,0.255,0.18,1.37985791095422e-07,"11","TMEM256"
9.38861815456861e-12,0.473527753131667,0.412,0.34,1.77679598575211e-07,"11","LSM7"
1.03896607799077e-11,0.554999730696091,0.318,0.234,1.96624330259753e-07,"11","DENND2D"
1.13039166433637e-11,0.552940121175916,0.341,0.263,2.13926622475658e-07,"11","SRI"
1.18561242731307e-11,0.274853744020032,0.625,0.581,2.24377151868998e-07,"11","COX7A2"
1.18679581164159e-11,0.319306747375462,0.575,0.519,2.2460110735317e-07,"11","COX8A"
1.27185121650804e-11,0.53333549971051,0.36,0.286,2.40697842724147e-07,"11","DYNLRB1"
1.88279963186664e-11,0.518009077995343,0.33,0.246,3.56319830330762e-07,"11","TAF10"
1.95070939886893e-11,0.620837545464923,0.304,0.231,3.69171753735945e-07,"11","PRKACB"
3.05185218581298e-11,0.580748261310694,0.303,0.225,5.77563026165107e-07,"11","LUC7L3"
3.24173445461792e-11,0.436855704689183,0.423,0.353,6.13498245536441e-07,"11","DHRS7"
3.83385330856456e-11,0.4353048155944,0.439,0.37,7.25556738645843e-07,"11","UQCRQ"
3.89415689252021e-11,0.499761474060157,0.365,0.291,7.36969191909449e-07,"11","ATP5PD"
4.17598559866614e-11,0.632112592531939,0.276,0.203,7.90305274547566e-07,"11","VPS29"
4.34726571468438e-11,0.627847769648911,0.259,0.186,8.22720036504018e-07,"11","POLR3GL"
4.76821316947097e-11,0.444624968084873,0.398,0.322,9.02384342322381e-07,"11","TBC1D10C"
5.08429956563549e-11,0.657214409438251,0.263,0.19,9.62203692796516e-07,"11","TPST2"
8.0144498352498e-11,0.344911774101605,0.51,0.44,1.51673463132102e-06,"11","DRAP1"
1.25962404708836e-10,0.432150778735613,0.4,0.327,2.38383850911472e-06,"11","MZT2A"
1.93480596903361e-10,0.412628322694323,0.412,0.343,3.66162029639611e-06,"11","N4BP2L2"
2.02147853308496e-10,0.44101467979022,0.413,0.344,3.82564812386329e-06,"11","NDUFB4"
2.38574128747731e-10,0.497396249609813,0.336,0.261,4.51501538655082e-06,"11","PRDX2"
3.07445855264156e-10,0.400717746102841,0.435,0.362,5.81841281087414e-06,"11","APOBEC3G"
3.3809957056076e-10,0.583330956021642,0.263,0.191,6.39853437286239e-06,"11","CDC42EP3"
3.63988771496916e-10,0.540862574859382,0.314,0.24,6.88848750057914e-06,"11","GPR174"
3.95791494052894e-10,0.494416983476099,0.359,0.289,7.49035402495101e-06,"11","NOP10"
6.56219901400238e-10,0.624993722163644,0.268,0.203,1.24189616339995e-05,"11","C4orf48"
7.12302966757351e-10,0.615393143799462,0.268,0.202,1.34803336458829e-05,"11","POLR2J"
9.05085176289249e-10,0.345048511474509,0.504,0.449,1.7128736961274e-05,"11","ATP5MF"
1.17542751071553e-09,0.59302904425327,0.285,0.22,2.22449656402914e-05,"11","SSNA1"
1.83157633211534e-09,0.516720132048185,0.308,0.237,3.46625820852828e-05,"11","BANF1"
2.11737654515457e-09,0.479550289629591,0.327,0.256,4.00713511170502e-05,"11","SAMHD1"
2.84234405682861e-09,0.468565248921823,0.339,0.273,5.37913612754814e-05,"11","STUB1"
3.12729544492565e-09,0.32399202131665,0.509,0.455,5.91840662952179e-05,"11","NDUFB2"
3.14464859518246e-09,0.539940732532204,0.285,0.218,5.95124746638281e-05,"11","RBCK1"
3.75853291667575e-09,0.414119417902937,0.391,0.328,7.11302354480885e-05,"11","PSMA5"
4.02648624191911e-09,0.540108131196776,0.303,0.237,7.62012521283193e-05,"11","PHB2"
4.27568509113118e-09,0.285447444439692,0.569,0.523,8.09173403496576e-05,"11","NDUFA1"
4.46099183254793e-09,0.298821536272055,0.524,0.465,8.44242704309696e-05,"11","PRR13"
4.67969697811595e-09,0.520814899093734,0.291,0.223,8.85632653108443e-05,"11","C19orf70"
7.92301121405418e-09,0.402636783934682,0.391,0.331,0.000149942987225975,"11","PRDX5"
9.586020039388e-09,0.582379755333416,0.266,0.204,0.000181415429245418,"11","MFSD10"
1.19667857632715e-08,0.434917695029509,0.346,0.279,0.000226471420569913,"11","IDH2"
1.24722421527167e-08,0.364838972788024,0.437,0.383,0.000236037182740164,"11","CCT4"
1.3767190894654e-08,0.478253759501823,0.312,0.245,0.000260544087681327,"11","NDUFS8"
1.5123291459538e-08,0.304079263782325,0.487,0.43,0.000286208290871757,"11","EIF4A2"
1.51413951522046e-08,0.601639874617396,0.262,0.201,0.000286550903255472,"11","LAMTOR1"
1.76895527195623e-08,0.257067820898632,0.577,0.544,0.000334774785217716,"11","TRMT112"
1.84540978955099e-08,0.280766301060353,0.524,0.485,0.000349243802672525,"11","UQCRH"
2.39827271058589e-08,0.465711792736119,0.338,0.278,0.00045387311047838,"11","ANAPC11"
2.48901138450028e-08,0.522022120135089,0.295,0.234,0.000471045404516678,"11","POLR2E"
2.75171483135658e-08,0.411595374052977,0.387,0.333,0.000520762031834233,"11","RBX1"
3.09398527092287e-08,0.291699134385099,0.511,0.453,0.000585536712522154,"11","PSMB8"
3.81432106840646e-08,0.381272032250128,0.386,0.322,0.000721860262195923,"11","STOM"
5.68210524999736e-08,0.292393290298426,0.504,0.458,0.001075338418562,"11","SPCS1"
5.7254586664512e-08,0.381199500260308,0.365,0.298,0.00108354305262589,"11","CSK"
5.88661982100929e-08,0.476047729714745,0.304,0.242,0.00111404280112601,"11","AIP"
7.32566590730489e-08,0.537817981817522,0.262,0.202,0.00138638227295745,"11","ZNRD1"
7.69953043264171e-08,0.414959023195795,0.348,0.285,0.00145713613437744,"11","IL16"
1.30991214547051e-07,0.320339339609033,0.463,0.412,0.00247900873530294,"11","ZFAS1"
1.374652904254e-07,0.516953179934786,0.283,0.224,0.00260153062130069,"11","SAMD3"
1.38230804522274e-07,0.349844581624686,0.424,0.375,0.00261601797558403,"11","PEBP1"
1.59764637517821e-07,0.39959429070271,0.348,0.286,0.00302354576502476,"11","DOK2"
1.84844033995827e-07,0.460166851717404,0.322,0.266,0.00349817334337103,"11","MRPS21"
1.95694346051911e-07,0.466627183944339,0.285,0.227,0.00370351549903241,"11","AC004687.1"
2.10994536167289e-07,0.346135263674638,0.432,0.383,0.00399307159696594,"11","C19orf53"
2.18490383300732e-07,0.47187742807474,0.313,0.255,0.00413493050396635,"11","PLP2"
2.30346960971403e-07,0.45272832671658,0.313,0.256,0.0043593162363838,"11","FIS1"
2.71480619509608e-07,0.349135813313937,0.414,0.363,0.00513777072421934,"11","COX5A"
3.02615549642213e-07,0.529990136079711,0.257,0.202,0.00572699927697889,"11","MRPL52"
3.61878728475659e-07,0.456789479525492,0.284,0.229,0.00684855493640185,"11","CMTM3"
3.78515499516141e-07,0.476420486140713,0.27,0.214,0.00716340582834297,"11","COX7A2L"
4.15093002053996e-07,0.401028493005177,0.333,0.277,0.00785563506387188,"11","CARD16"
4.85832822085825e-07,0.279270629363678,0.493,0.451,0.00919438615797424,"11","HIGD2A"
5.20183737902138e-07,0.402207602503355,0.357,0.305,0.00984447723979796,"11","EFHD2"
5.29542384475594e-07,0.409718701178827,0.338,0.282,0.0100215896262006,"11","TSPO"
5.896795130939e-07,0.477062876535226,0.305,0.253,0.0111596847853021,"11","DDT"
6.46244496954804e-07,0.397849217024803,0.293,0.231,0.0122301771048697,"11","IFNG"
6.47188023097204e-07,0.386207421581147,0.351,0.299,0.0122480333371146,"11","MRPL41"
6.96717798416884e-07,0.285109320707631,0.495,0.448,0.0131853843350395,"11","GADD45B"
7.7100756495572e-07,0.413220381190796,0.345,0.296,0.014591318166787,"11","NDUFS7"
8.26387204359435e-07,0.325825434282312,0.428,0.382,0.0156393778425023,"11","ANXA11"
1.10101382814666e-06,0.358024470661052,0.369,0.314,0.0208366866976755,"11","CCND3"
1.17729858656253e-06,0.372606172106279,0.282,0.221,0.0222803757506959,"11","SLFN5"
1.55222597206278e-06,0.404863945270396,0.341,0.289,0.0293758765212882,"11","ATP6V1F"
1.6737366018057e-06,0.462049802169084,0.291,0.239,0.0316754651891728,"11","DUT"
1.69263411674488e-06,0.428965890457509,0.299,0.246,0.0320331006593969,"11","PSTPIP1"
1.9988453479125e-06,0.45618355485863,0.283,0.233,0.0378281482092441,"11","METTL26"
2.01099355873913e-06,0.445292173730303,0.298,0.25,0.0380580530991381,"11","NUCKS1"
2.04130921517934e-06,0.270763205405344,0.48,0.437,0.0386317768972691,"11","SKAP1"
2.99318033901063e-06,0.514057920765253,0.252,0.204,0.0566459379157762,"11","NAA10"
6.85604931853273e-06,0.438067242453344,0.272,0.222,0.129750733353232,"11","SF3A2"
7.29272928277778e-06,0.297178003441598,0.363,0.309,0.138014901676569,"11","NUCB2"
7.61837543837037e-06,0.445927169950352,0.273,0.226,0.144177755171159,"11","COX14"
7.76657678724455e-06,0.508974873401208,0.25,0.205,0.146982465698603,"11","DGUOK"
1.53919886449304e-05,0.319288253707989,0.426,0.398,0.291293385105308,"11","KLRB1"
1.58224774051472e-05,0.423844083998647,0.258,0.213,0.299440384892411,"11","VASP"
1.82672431297726e-05,0.388970553728239,0.29,0.245,0.345707576230946,"11","MAPK1"
1.87150899821939e-05,0.317155470268104,0.396,0.36,0.354183077913019,"11","VPS28"
1.99478137983351e-05,0.357445811915484,0.332,0.287,0.377512376133491,"11","IKZF1"
2.15166442678846e-05,0.39643292300934,0.272,0.223,0.407202492769716,"11","SP110"
2.60858075828905e-05,0.346809167387683,0.393,0.363,0.493673908506202,"11","ATP5ME"
3.40841782291592e-05,0.291635981902389,0.392,0.349,0.645043072986837,"11","YPEL3"
3.53231398598798e-05,0.266773544572646,0.416,0.377,0.668490421848226,"11","ZAP70"
4.28815053221475e-05,0.267425534818058,0.422,0.378,0.811532488221642,"11","IL2RB"
4.32875591856987e-05,0.337058317964547,0.346,0.306,0.819217057589349,"11","DDX18"
4.61863092724067e-05,0.457013475547944,0.285,0.248,0.874075902980296,"11","NDUFB1"
5.80633233339331e-05,0.327881693360538,0.354,0.316,1,"11","GLIPR1"
0.000116921306523184,0.394085814946118,0.298,0.262,1,"11","NDUFA12"
0.000120633245027159,0.329580116966657,0.327,0.288,1,"11","MDH2"
0.000122638300907017,0.349502103892534,0.295,0.255,1,"11","SEC11A"
0.000147155695751362,0.393959223429337,0.263,0.224,1,"11","SYTL1"
0.000164974019964924,0.259145692650988,0.401,0.368,1,"11","ARL6IP4"
0.000195834061686231,0.340492754961586,0.294,0.257,1,"11","TMEM230"
0.000207353491033408,0.336959402737888,0.297,0.259,1,"11","PYHIN1"
0.000223743152394918,0.337762948660726,0.324,0.291,1,"11","RAB1B"
0.000230443235394376,0.320769170763982,0.325,0.293,1,"11","ECH1"
0.000249248556520263,0.375747896492781,0.263,0.224,1,"11","TMEM14B"
0.000273832653505033,0.270698519882157,0.411,0.388,1,"11","NDUFA13"
0.000311618393342981,0.368603679419074,0.305,0.273,1,"11","NDUFA2"
0.000374697362608474,0.327111267763775,0.278,0.241,1,"11","HAX1"
0.000495395317029968,0.367040358292687,0.278,0.242,1,"11","IFI27L2"
0.000601801920374768,0.363060223027091,0.309,0.281,1,"11","COX17"
0.000755107535008339,0.285090914958414,0.339,0.307,1,"11","TBCB"
0.00080737967028459,0.320514273882218,0.318,0.29,1,"11","SNRPN"
0.000814688139997538,0.315809195069728,0.28,0.245,1,"11","KRAS"
0.000834118452323381,0.324277061201551,0.292,0.259,1,"11","LIME1"
0.000985000506948106,0.350838188062553,0.255,0.22,1,"11","EOMES"
0.00100035897717743,0.334277525544275,0.264,0.231,1,"11","NDUFV1"
0.00137094479985383,0.278750665516553,0.321,0.293,1,"11","SIVA1"
0.00155349524500867,0.252886168136041,0.365,0.338,1,"11","MPHOSPH8"
0.00155440981107338,0.285618653379267,0.295,0.262,1,"11","MAP2K2"
0.00169249638384966,0.261347963579265,0.334,0.301,1,"11","SMDT1"
0.00186336791705045,0.30713082475496,0.259,0.226,1,"11","TGOLN2"
0.00203506765468518,0.301395422508345,0.294,0.266,1,"11","MRPL57"
0.0023041443300404,0.288263466477874,0.315,0.29,1,"11","RWDD1"
0.00233982539141311,0.350734699212874,0.25,0.222,1,"11","VAMP2"
0.00279001781401988,0.308019737960516,0.268,0.239,1,"11","DDX46"
0.00377144265538102,0.275099849795436,0.278,0.25,1,"11","RBMS1"
0.00380156216174823,0.266265068794472,0.331,0.307,1,"11","AAK1"
0.00460994816730126,0.250032811694259,0.363,0.349,1,"11","GNB2"
0.00486071533756789,0.271992106336961,0.296,0.272,1,"11","ANXA2"
0.00767371072837779,0.295799337747918,0.252,0.226,1,"11","GRK6"
0,1.89273292539671,0.767,0.245,0,"12","TXNIP"
0,4.49522773345477,0.532,0.03,0,"12","FGFBP2"
0,3.07204766422336,0.526,0.073,0,"12","GNLY"
0,4.74350285305679,0.418,0.019,0,"12","CX3CR1"
0,4.3258829691754,0.349,0.021,0,"12","TRDV2"
1.30766140142411e-247,1.09424914220191,0.924,0.614,2.47474920219513e-243,"12","CD52"
4.52991547032429e-239,0.789119968177765,0.981,0.782,8.57286502758872e-235,"12","S100A4"
8.74480223804163e-237,0.577116521950849,0.995,0.907,1.65495382354938e-232,"12","NKG7"
3.30473949623642e-210,1.21834587569802,0.857,0.478,6.25421949662743e-206,"12","EMP3"
2.91790910465409e-186,0.547309743477209,0.99,0.884,5.52214298055787e-182,"12","SH3BGRL3"
1.95906661809588e-182,1.71931897112534,0.57,0.21,3.70753357474646e-178,"12","PLEK"
6.22976207927266e-180,2.73719695805185,0.273,0.055,1.17898247350235e-175,"12","TRDC"
7.75624960798493e-178,1.13557447260399,0.821,0.484,1.46787023831115e-173,"12","GZMH"
8.03999133963573e-173,1.85244947322876,0.524,0.187,1.52156836102606e-168,"12","LGALS1"
6.58815407038902e-165,2.49163449502134,0.263,0.053,1.24680815782112e-160,"12","ADGRG1"
2.43327162788865e-159,0.385519691699639,0.999,0.952,4.60496655577928e-155,"12","TMSB10"
5.7572559643303e-158,0.76046463748101,0.928,0.708,1.08956069124951e-153,"12","S100A6"
1.34871059638568e-155,1.47373358334234,0.607,0.252,2.5524348036599e-151,"12","LINC00861"
1.57266136180544e-151,2.02110625288324,0.37,0.105,2.9762616272168e-147,"12","TRGV9"
1.2870066644401e-140,1.9610317750428,0.368,0.11,2.43566011245288e-136,"12","FCGR3A"
4.67705398723883e-138,1.39715732952088,0.609,0.3,8.85132467084949e-134,"12","EFHD2"
4.68132038077795e-134,0.539295577489463,0.976,0.826,8.85939882062228e-130,"12","MYL12A"
3.89755627750871e-133,0.706977775031914,0.931,0.708,7.37612525518523e-129,"12","IFITM2"
2.88141409706662e-121,0.74346503244519,0.888,0.633,5.45307617869858e-117,"12","CTSW"
3.58166444812434e-121,1.02958139839776,0.733,0.443,6.77829996807531e-117,"12","AES"
2.08833284804102e-116,1.44300194583341,0.498,0.201,3.95216991491764e-112,"12","GZMB"
1.04674739173247e-111,0.295641339331109,0.997,0.961,1.9809694388537e-107,"12","PFN1"
2.23658708494414e-111,1.0546143403383,0.697,0.384,4.23274105825679e-107,"12","GIMAP7"
4.70775016936688e-109,1.1823630134376,0.605,0.296,8.90941719552681e-105,"12","GIMAP4"
2.76562291006556e-101,1.07737216544864,0.651,0.36,5.23394135729907e-97,"12","S100A11"
3.65473230124664e-98,1.24431650096567,0.534,0.255,6.91658088010926e-94,"12","TRAF3IP3"
1.16808636488829e-87,1.69684383121834,0.324,0.118,2.21060344555109e-83,"12","SPON2"
2.41131914138029e-87,0.411070266036624,0.959,0.847,4.5634214750622e-83,"12","PTPRCAP"
1.07176015546502e-86,0.386240224679659,0.988,0.89,2.02830609421755e-82,"12","FTL"
7.91126678632801e-86,0.59515595864948,0.88,0.678,1.49720723931258e-81,"12","ATP5MC2"
2.03495273005273e-85,1.0131434715264,0.61,0.315,3.8511480416248e-81,"12","HSPA1A"
5.6855891378941e-85,1.5039952734092,0.369,0.148,1.07599774434646e-80,"12","RIPOR2"
2.53036362860051e-84,0.342647096635322,0.985,0.905,4.78871316712646e-80,"12","MT-ATP6"
2.96809304488704e-83,0.328421712329997,0.966,0.905,5.61711608744873e-79,"12","ACTG1"
1.2224262540723e-82,0.354666358132283,0.987,0.913,2.31344168583182e-78,"12","IFITM1"
2.8650895125718e-82,0.993443687015364,0.624,0.388,5.42218190254212e-78,"12","FLNA"
5.87522879381598e-82,0.53840496445935,0.889,0.724,1.11188704922967e-77,"12","CLIC1"
6.44417258349759e-82,1.01463854986208,0.607,0.358,1.21955966142692e-77,"12","UCP2"
7.57645489558602e-78,1.32444905182746,0.4,0.171,1.43384408898965e-73,"12","GIMAP1"
1.19657970298097e-75,1.68689009943051,0.272,0.095,2.26452708789148e-71,"12","PLAC8"
3.40557800129495e-75,1.57495269255124,0.34,0.139,6.44505636745069e-71,"12","CLIC3"
2.53522813008114e-73,0.419660553573534,0.932,0.825,4.79791923617856e-69,"12","MT-ND4"
7.05328754405024e-73,0.312011607583047,0.973,0.902,1.33483466771151e-68,"12","RACK1"
1.13321870625041e-72,1.60112699140685,0.285,0.105,2.1446164015789e-68,"12","RGS19"
1.22658435535157e-72,0.25643747670069,0.996,0.959,2.32131089250285e-68,"12","FAU"
2.20616275494873e-71,0.944438800496634,0.574,0.314,4.17516301374048e-67,"12","KLF2"
1.08556941333004e-69,0.955761057627813,0.531,0.266,2.05444011472711e-65,"12","HSPA1B"
3.4491526797337e-69,0.340881016194569,0.953,0.864,6.52752144639603e-65,"12","SERF2"
2.12846361846949e-67,0.310767861051763,0.965,0.89,4.02811739795351e-63,"12","NACA"
5.79939600803108e-66,1.09450135128906,0.496,0.276,1.09753569451988e-61,"12","HOPX"
8.22421887369229e-64,1.14861988491469,0.423,0.205,1.55643342184627e-59,"12","RCSD1"
2.2009919496885e-63,0.657882513140567,0.763,0.559,4.16537726478548e-59,"12","S100A10"
1.42159849796012e-62,0.709927440660637,0.698,0.502,2.69037515738952e-58,"12","LY6E"
1.89139488467155e-62,0.346071951991139,0.932,0.854,3.57946481924092e-58,"12","HCST"
1.49338497844356e-61,1.07956126624797,0.481,0.273,2.82623107170444e-57,"12","KLRG1"
1.48691941808513e-60,1.03579856184363,0.489,0.275,2.8139949987261e-56,"12","LAMTOR4"
4.9107926838346e-60,0.846102208275184,0.599,0.391,9.29367515415698e-56,"12","KLRD1"
7.12420247253753e-59,0.294775355785556,0.949,0.887,1.34825531792773e-54,"12","UBA52"
3.60106477799293e-58,1.22192288090282,0.371,0.179,6.81501509235163e-54,"12","PYCARD"
1.05464086475302e-56,0.684234511887227,0.694,0.509,1.9959078365451e-52,"12","PRF1"
2.55766880401962e-56,0.334027764836781,0.951,0.858,4.84038821160713e-52,"12","EEF1D"
6.84618131638184e-56,1.06562044016866,0.462,0.265,1.29563981412526e-51,"12","C12orf75"
4.91995247353461e-55,1.39842440569784,0.292,0.125,9.31101005616425e-51,"12","CISD3"
1.22007717247082e-54,0.272261953424523,0.963,0.896,2.30899604890103e-50,"12","PPIA"
1.79696190749123e-54,0.92435642855635,0.512,0.312,3.40075040992715e-50,"12","CCND3"
3.03395853483744e-54,0.347253216153462,0.902,0.799,5.74176652717985e-50,"12","RAC2"
1.14328916204993e-51,1.0609009643284,0.432,0.243,2.1636747391795e-47,"12","NDUFB7"
1.15277124731479e-51,0.387307666084927,0.924,0.79,2.18161958554324e-47,"12","TMA7"
8.36783942794762e-51,0.596541084106904,0.717,0.547,1.58361361173909e-46,"12","COX6B1"
3.71064473668612e-49,0.818121928074326,0.542,0.352,7.02239516417847e-45,"12","NME2"
1.32026936865983e-48,0.668341128469928,0.647,0.463,2.49860978018873e-44,"12","GPSM3"
2.99825331811993e-48,0.918558655722943,0.479,0.293,5.67419440454197e-44,"12","BIN2"
7.31365468279166e-48,0.593116094027637,0.7,0.527,1.38410914871832e-43,"12","GMFG"
8.20183568317389e-48,1.31484017730876,0.288,0.131,1.55219740304066e-43,"12","STK38"
9.39522853699634e-48,0.572431851534489,0.731,0.565,1.77804700062656e-43,"12","C12orf57"
1.23340947891107e-47,1.08743293111566,0.38,0.201,2.3342274388392e-43,"12","PTPN6"
1.57035609077231e-47,0.522746601830397,0.761,0.613,2.97189890178659e-43,"12","SNRPD2"
3.89284777596369e-46,0.314546504093567,0.946,0.839,7.36721441601128e-42,"12","GZMA"
5.9892817799268e-46,1.09396712698113,0.375,0.203,1.13347157685115e-41,"12","ARRB2"
5.3962663843421e-45,0.72603054629868,0.584,0.406,1.02124341323674e-40,"12","PAXX"
3.54228397047994e-44,0.935157535405962,0.439,0.258,6.70377241413329e-40,"12","TUBB"
4.8119948085533e-44,0.462917417627662,0.796,0.661,9.10670017518713e-40,"12","COMMD6"
1.07845310685546e-43,0.333794983238875,0.889,0.797,2.04097250472395e-39,"12","BTF3"
1.23608633935531e-43,1.27185359179369,0.278,0.129,2.33929339722993e-39,"12","FLT3LG"
1.43551360938741e-43,0.601523735959742,0.654,0.494,2.71670950576567e-39,"12","PPP1CA"
4.41230811741014e-43,0.313472822737994,0.907,0.82,8.35029311219869e-39,"12","PFDN5"
1.41721324837609e-42,0.45652862442255,0.79,0.65,2.68207607255175e-38,"12","PPDPF"
1.69406604006338e-42,0.439813063104678,0.804,0.666,3.20601998081994e-38,"12","PSMB9"
1.47800774778905e-41,1.0043888335718,0.39,0.222,2.79712966269078e-37,"12","SAMD3"
1.73977273461604e-41,0.662145314729212,0.613,0.448,3.29251990026086e-37,"12","HIGD2A"
9.36133952319492e-41,0.320141057502292,0.887,0.801,1.77163350476464e-36,"12","PSME1"
1.11540759779262e-40,0.810402097750604,0.479,0.298,2.11090887882253e-36,"12","PPP1R18"
8.0878249826946e-40,1.07928610270083,0.347,0.19,1.53062087797495e-35,"12","CDC42EP3"
1.95396841420153e-39,0.525437846914705,0.696,0.552,3.6978852238764e-35,"12","GABARAP"
3.66350934346264e-39,0.839332505984961,0.472,0.301,6.93319143250304e-35,"12","TRAC"
8.85583668781494e-39,1.07001775609899,0.325,0.171,1.67596709316898e-34,"12","POLR2G"
1.56707116843992e-38,0.53479003827468,0.679,0.541,2.96568218627255e-34,"12","SSR2"
2.2020599104778e-38,1.07102629286982,0.344,0.19,4.16739838057924e-34,"12","NAA38"
6.93074755486328e-38,0.360051430735358,0.856,0.736,1.31164397475788e-33,"12","RARRES3"
7.67269299233808e-37,1.04443259446015,0.354,0.203,1.45205714879998e-32,"12","LYAR"
2.12999843195169e-36,0.482024933868793,0.729,0.577,4.03102203246858e-32,"12","TRBC2"
3.03014999535889e-36,0.304478022616235,0.891,0.806,5.73455886621669e-32,"12","CD3D"
3.40193646244185e-36,0.366970055409401,0.84,0.73,6.4381647551712e-32,"12","TOMM7"
4.43595053178282e-36,0.878566379703388,0.402,0.238,8.39503638139899e-32,"12","ARPC5L"
6.62621243628911e-36,0.896921323975824,0.329,0.169,1.25401070356771e-31,"12","IL7R"
7.13278372003786e-36,0.895938763938681,0.414,0.256,1.34987931901717e-31,"12","LIME1"
2.01704533402522e-35,0.356394765324208,0.831,0.726,3.81725829464273e-31,"12","ATP5MG"
1.14346776637692e-34,0.4381783613789,0.753,0.618,2.16401274786832e-30,"12","FXYD5"
1.46472503523615e-34,0.714415547890207,0.51,0.357,2.77199212918441e-30,"12","VAMP8"
4.11571471473623e-34,0.599920241149711,0.595,0.439,7.78899009763832e-30,"12","ATP5F1D"
4.55232226367549e-34,0.351403718459964,0.791,0.702,8.61526988400587e-30,"12","ITGB2"
1.95688289707651e-33,0.391731994756199,0.783,0.674,3.7034008827173e-29,"12","OST4"
2.59634327728933e-33,0.975711930369244,0.328,0.182,4.91357965227005e-29,"12","AC116366.3"
2.97502940175314e-33,0.254629499055897,0.9,0.834,5.63024314281781e-29,"12","CORO1A"
3.06984516225223e-33,1.01482322473143,0.318,0.176,5.80968196956234e-29,"12","MRPS34"
3.77365055023397e-33,1.0739002314952,0.289,0.154,7.1416336663178e-29,"12","DSTN"
1.08785608042784e-32,1.16017149026875,0.256,0.129,2.05876763220968e-28,"12","AC243960.1"
1.25915563019685e-32,0.353649303140411,0.812,0.716,2.38295203014755e-28,"12","COX7C"
1.99802385413192e-31,0.969618084038457,0.338,0.199,3.78126014394465e-27,"12","MYO1G"
7.62202828860698e-31,0.455275133474837,0.683,0.559,1.44246885361887e-26,"12","LIMD2"
2.02226997762475e-30,0.953338565722438,0.358,0.223,3.82714593265484e-26,"12","ITGB1"
2.53286248793865e-29,0.780239786430713,0.419,0.275,4.79344225842389e-25,"12","CARD16"
4.05229863505661e-29,0.437178846544995,0.706,0.589,7.66897516684463e-25,"12","UQCR11"
9.60323811197083e-29,0.274267983650159,0.871,0.798,1.81741281269048e-24,"12","COX4I1"
1.073805394789e-28,0.822016785550842,0.373,0.23,2.03217670963818e-24,"12","SASH3"
1.73428965941222e-28,0.711874487177236,0.459,0.318,3.28214318043763e-24,"12","NDUFB10"
2.6349490579616e-28,0.433309552563255,0.693,0.583,4.98664109219234e-24,"12","ELOB"
3.07769317012356e-28,0.517799402269693,0.605,0.485,5.82453432445883e-24,"12","APRT"
6.01478349873794e-28,0.899975368006898,0.304,0.171,1.13829777713616e-23,"12","SIT1"
6.09764704719489e-28,0.678255489174535,0.478,0.345,1.15397970368163e-23,"12","ATP5PB"
1.45016892898269e-27,0.800498646484122,0.368,0.229,2.74444469809974e-23,"12","POLD4"
1.67008607287453e-27,0.365829810049998,0.748,0.653,3.16063789291505e-23,"12","EIF3K"
5.69339004868391e-27,0.518527801144214,0.589,0.454,1.07747406671343e-22,"12","PSMB10"
1.08231003878077e-26,0.786253061132798,0.379,0.243,2.04827174839261e-22,"12","ZYX"
1.13449711268254e-26,0.943590111666264,0.302,0.177,2.1470357857517e-22,"12","MIEN1"
1.58193207808263e-26,0.897315470719072,0.317,0.189,2.99380645777137e-22,"12","TPST2"
1.66148499901644e-26,0.920949850244673,0.34,0.215,3.14436036063861e-22,"12","NOSIP"
1.90961819836869e-26,0.755086499309138,0.415,0.28,3.61395244041274e-22,"12","TSPO"
1.92858060127714e-26,0.6373198534264,0.485,0.353,3.64983878791698e-22,"12","SELENOW"
3.22226889366698e-26,0.303658534950298,0.803,0.715,6.09814388126477e-22,"12","ARPC3"
3.65803090816594e-26,0.46624741737466,0.636,0.52,6.92282349370405e-22,"12","KRTCAP2"
1.02189817867519e-25,0.562794204151817,0.542,0.41,1.9339423031428e-21,"12","C9orf16"
1.29421311263156e-25,0.683164029333126,0.422,0.28,2.44929831565522e-21,"12","BTN3A2"
1.37510657453214e-25,0.947439136399917,0.293,0.173,2.60238919230208e-21,"12","NDUFB3"
1.55314149722848e-25,0.493273738508778,0.602,0.481,2.93932028350489e-21,"12","MZT2B"
1.57298665764161e-25,0.762105855171868,0.39,0.261,2.97687724958675e-21,"12","NDUFA12"
1.86298845300729e-25,0.710998710972824,0.435,0.306,3.5257056473163e-21,"12","ABHD17A"
2.04195173081962e-25,0.362733365311289,0.716,0.618,3.86439365057613e-21,"12","ARPC1B"
2.21698950586324e-25,0.28204364399016,0.833,0.748,4.19565263984619e-21,"12","SRP14"
2.35488404145928e-25,1.02254494488671,0.256,0.143,4.45661804846169e-21,"12","FBXW5"
2.58885741699391e-25,0.898170228538337,0.31,0.187,4.89941266166097e-21,"12","RASSF1"
3.03004756142865e-25,0.637515160291929,0.48,0.351,5.73436501000373e-21,"12","XBP1"
9.67531205966528e-25,0.454565891050957,0.633,0.513,1.83105280729165e-20,"12","RNASEK"
1.17420797475029e-24,0.644724448958099,0.453,0.32,2.22218859221493e-20,"12","TBC1D10C"
2.41505827770806e-24,0.258338381820887,0.809,0.766,4.5704977905625e-20,"12","CD99"
2.4340519134013e-24,0.546861473634606,0.542,0.427,4.60644324611195e-20,"12","TMEM258"
3.21923113277884e-24,0.287503846607729,0.809,0.735,6.09239491878395e-20,"12","MYL12B"
3.33921544400246e-24,0.842403734397609,0.331,0.206,6.31946522777466e-20,"12","CCDC107"
3.8287924191468e-24,0.482459104258968,0.589,0.481,7.24598965323531e-20,"12","SLC9A3R1"
4.15063393167623e-24,0.836899393680562,0.33,0.207,7.85507471569727e-20,"12","SYNE1"
5.56913648086592e-24,0.564385104118264,0.521,0.393,1.05395907900388e-19,"12","AHNAK"
5.97363609522766e-24,0.688471342445922,0.417,0.287,1.13051063102183e-19,"12","HSPB1"
9.03543164597002e-24,0.935873480890135,0.278,0.162,1.70995543899983e-19,"12","MYO1F"
1.41178728831256e-23,0.624209863258485,0.442,0.305,2.67180744313152e-19,"12","LCP2"
1.5114806667996e-23,0.459315377176793,0.603,0.495,2.86047716191825e-19,"12","GSTK1"
3.13167080445663e-23,0.532459020913717,0.526,0.402,5.92668699743416e-19,"12","ERP29"
3.42467533103609e-23,0.714273089930068,0.382,0.255,6.4811980639858e-19,"12","SAMHD1"
4.91490231817473e-23,0.603433027926517,0.471,0.347,9.30145263714567e-19,"12","GNB2"
6.38589363872396e-23,0.372559831648406,0.679,0.588,1.20853037112851e-18,"12","COX6C"
7.18686475170001e-23,0.690768644516432,0.386,0.257,1.36011415425923e-18,"12","PYHIN1"
8.76117572513357e-23,0.897260338490995,0.293,0.18,1.65805250598153e-18,"12","TMEM256"
1.22240105483519e-22,0.53553121265499,0.527,0.414,2.31339399627559e-18,"12","DAD1"
2.39976883564386e-22,0.939185655371815,0.269,0.16,4.54156252145601e-18,"12","RAB29"
4.20980955385345e-22,0.7381781964532,0.371,0.255,7.96706458066765e-18,"12","GTF3A"
4.2633816926724e-22,0.612712565789939,0.444,0.314,8.06844985338251e-18,"12","UBE2L6"
4.31965166745859e-22,0.295908097485079,0.792,0.709,8.17494078066539e-18,"12","MIF"
9.19989037997755e-22,0.641551912897872,0.429,0.309,1.74107925441075e-17,"12","UFC1"
9.94144900797556e-22,0.729144494141539,0.375,0.255,1.88141922475938e-17,"12","FIS1"
1.12971971927266e-21,0.352371950278282,0.693,0.597,2.13799456872351e-17,"12","LCK"
1.1370720116625e-21,0.525340338615334,0.533,0.42,2.15190878207128e-17,"12","WDR83OS"
1.49329809739653e-21,0.726165902205189,0.356,0.234,2.82606664932292e-17,"12","DENND2D"
2.14720083084038e-21,0.717842500626422,0.366,0.246,4.06357757236541e-17,"12","TAF10"
3.94924535561097e-21,0.742177475951094,0.351,0.236,7.47394683549376e-17,"12","PHB2"
5.33332848389986e-21,0.850899903096155,0.293,0.183,1.00933241557805e-16,"12","BIN1"
7.20336257414871e-21,0.322269693601256,0.769,0.671,1.36323636715764e-16,"12","GZMM"
7.33703040050126e-21,0.377655467791194,0.662,0.566,1.38853300329486e-16,"12","GSTP1"
1.46810320725568e-20,0.498866627777226,0.538,0.434,2.77838531973138e-16,"12","ATP5MC3"
1.55602303622238e-20,0.490869468627059,0.526,0.419,2.94477359605085e-16,"12","CD247"
1.63968906839936e-20,0.686159282011104,0.385,0.269,3.10311156194579e-16,"12","RNF167"
1.66280103614434e-20,0.766799217846052,0.327,0.214,3.14685096090317e-16,"12","SSBP4"
3.83991179790968e-20,0.826620294899135,0.286,0.179,7.26703307754407e-16,"12","PTPN4"
6.61439912555416e-20,0.303835080026252,0.727,0.656,1.25177503451112e-15,"12","COX6A1"
6.90054562722349e-20,0.301370963117201,0.729,0.664,1.30592825995205e-15,"12","CD37"
8.62701433592472e-20,0.43771844836573,0.578,0.472,1.63266246307375e-15,"12","CD48"
9.90201813539371e-20,0.722130639672337,0.362,0.25,1.87395693212326e-15,"12","HMGN3"
1.07150341070324e-19,0.731545846169589,0.344,0.233,2.02782020475589e-15,"12","C8orf59"
1.2387417405239e-19,0.396695215561468,0.634,0.55,2.34431874394149e-15,"12","CD3G"
1.29875322202635e-19,0.40355383540224,0.609,0.518,2.45789047268486e-15,"12","EIF3F"
2.43309579240362e-19,0.465434364817135,0.56,0.461,4.60463378712385e-15,"12","ATP5MD"
2.46051109656038e-19,0.814950501307119,0.268,0.162,4.65651725024052e-15,"12","AGTRAP"
2.56183180870975e-19,0.446276604483391,0.559,0.452,4.8482666979832e-15,"12","PSMB8"
3.82980081600549e-19,0.754468276471692,0.33,0.223,7.2478980442904e-15,"12","SYTL1"
5.58974373863037e-19,0.851787029747214,0.271,0.17,1.0578590025358e-14,"12","CASP1"
6.6452461678673e-19,0.76221575851626,0.297,0.191,1.25761283726889e-14,"12","HMOX2"
7.40444336418113e-19,0.307966133480354,0.717,0.646,1.40129090667128e-14,"12","SSR4"
8.5605664623447e-19,0.663941334738321,0.369,0.26,1.62008720299873e-14,"12","PRDX2"
8.96772658514458e-19,0.608346659982483,0.398,0.286,1.69714225623861e-14,"12","CHURC1"
9.08063308086974e-19,0.331477286139491,0.67,0.595,1.7185098105546e-14,"12","SLC25A6"
1.4498937012825e-18,0.579403090625658,0.448,0.343,2.74392382967713e-14,"12","NDUFB4"
1.84353631686768e-18,0.752901394053494,0.309,0.204,3.48889247967209e-14,"12","TBX21"
1.99132429582904e-18,0.340035582185171,0.664,0.565,3.76858122985646e-14,"12","EVL"
4.04674002620593e-18,0.790612814384241,0.292,0.189,7.65845549959472e-14,"12","PRMT9"
4.92443439850038e-18,0.66837854630765,0.349,0.242,9.31949209916198e-14,"12","SELPLG"
6.31691725402023e-18,0.584865072759253,0.425,0.315,1.19547659032333e-13,"12","PNISR"
6.65782960663235e-18,0.563727566607584,0.447,0.346,1.25999425305517e-13,"12","NEDD8"
8.46104859644902e-18,0.438104648933817,0.54,0.442,1.60125344687798e-13,"12","CIB1"
1.19945676236025e-17,0.575010251600448,0.435,0.332,2.26997192276678e-13,"12","RBX1"
4.11841889071315e-17,0.412701375118311,0.571,0.484,7.79410775067464e-13,"12","UQCR10"
4.47788704941001e-17,0.832526353725428,0.254,0.16,8.47440124100844e-13,"12","DECR1"
6.82396269448306e-17,0.584436629660085,0.393,0.291,1.29143493993092e-12,"12","COPS9"
7.61727839538378e-17,0.379792674988161,0.598,0.508,1.44156993632638e-12,"12","CTSC"
2.59400418244686e-16,0.450638406335549,0.516,0.426,4.90915291528068e-12,"12","RABAC1"
3.37689621238733e-16,0.35274285437929,0.614,0.535,6.39077608194301e-12,"12","CD53"
3.63998916514176e-16,0.488248936367306,0.46,0.362,6.88867949503078e-12,"12","COX5A"
4.440277173284e-16,0.390370496692511,0.578,0.487,8.40322455043997e-12,"12","DBI"
4.54495875426038e-16,0.321298151871566,0.657,0.575,8.60133444243777e-12,"12","CD2"
6.20673487247936e-16,0.45765345034591,0.488,0.377,1.17462457461672e-11,"12","NEAT1"
7.96120891083706e-16,0.627216807719222,0.369,0.273,1.50665878637591e-11,"12","SF3B5"
1.19062838478988e-15,0.842552864723796,0.257,0.169,2.25326421821485e-11,"12","BLOC1S1"
3.51493449152879e-15,0.754471628728172,0.259,0.168,6.65201352521823e-11,"12","CCDC88C"
3.75538428556934e-15,0.474045526188533,0.475,0.366,7.10706476043998e-11,"12","TRBC1"
4.47967733069219e-15,0.264504691828363,0.725,0.658,8.47778934833496e-11,"12","UQCRB"
5.8523364039372e-15,0.47796314566456,0.446,0.348,1.10755466444512e-10,"12","LAT"
7.68885624611651e-15,0.272644573242169,0.706,0.652,1.45511604457755e-10,"12","UBL5"
1.81131454155062e-14,0.418216937393141,0.526,0.442,3.42791276988454e-10,"12","NDUFA3"
1.97335669836233e-14,0.662006711880876,0.306,0.213,3.7345775516507e-10,"12","COX7A2L"
2.49988367295991e-14,0.475616762782052,0.475,0.39,4.73102985107663e-10,"12","GNG5"
2.58521776486856e-14,0.389068955422052,0.538,0.465,4.89252462001375e-10,"12","PRR13"
7.41136906571233e-14,0.615974809351681,0.347,0.261,1.40260159568606e-09,"12","PRMT2"
9.83515128312892e-14,0.431834361594035,0.489,0.402,1.86130238033215e-09,"12","TRAPPC1"
1.40384206485181e-13,0.480680961004663,0.429,0.341,2.65677110773206e-09,"12","PRELID1"
1.72646612487237e-13,0.315802527365336,0.615,0.544,3.26733714132096e-09,"12","COX5B"
1.78215939592042e-13,0.682042382391015,0.283,0.196,3.37273665677940e-09,"12","ADD3"
2.07715806925061e-13,0.656586244360088,0.324,0.24,3.93102164605677e-09,"12","NDUFA11"
2.33845818420515e-13,0.447970943077538,0.451,0.362,4.42553211360825e-09,"12","APOBEC3G"
3.96141419276025e-13,0.339706987998132,0.59,0.523,7.49697635979877e-09,"12","NDUFA1"
4.15138094002954e-13,0.338792902753999,0.59,0.519,7.8564884290059e-09,"12","COX8A"
4.16937952854838e-13,0.625278545302758,0.314,0.225,7.89055075777781e-09,"12","LUC7L3"
6.75576618195957e-13,0.686487631601873,0.282,0.202,1.27852874993585e-08,"12","POLR2J"
1.18314966534256e-12,0.698532489096953,0.261,0.18,2.23911074166079e-08,"12","NHP2"
1.1989802086996e-12,0.506832044579921,0.389,0.304,2.269070044964e-08,"12","OTUB1"
1.24662786579115e-12,0.673359995051007,0.277,0.195,2.35924323600974e-08,"12","ZNHIT1"
1.48305249542785e-12,0.48734771472368,0.43,0.355,2.80667684759721e-08,"12","ATP5MPL"
1.60433490155726e-12,0.520550089464359,0.387,0.304,3.03620380119712e-08,"12","MATK"
1.86326426022706e-12,0.505032727397835,0.385,0.297,3.5262276124797e-08,"12","CSK"
2.11057131340477e-12,0.547039282237776,0.351,0.266,3.99425621061853e-08,"12","MRPS21"
2.46109484450792e-12,0.424849560109284,0.468,0.391,4.65762199323125e-08,"12","ANAPC16"
2.52615697359535e-12,0.540570601107599,0.369,0.287,4.78075207252921e-08,"12","IKZF1"
2.79628249603549e-12,0.455361792115544,0.423,0.34,5.29196462374717e-08,"12","NDUFB9"
3.6531788882276e-12,0.441364820035418,0.439,0.36,6.91364104597074e-08,"12","ATP5PF"
4.95387905380208e-12,0.57053407872877,0.327,0.242,9.37521610932044e-08,"12","CFLAR"
8.61193849395262e-12,0.513656335035392,0.37,0.286,1.62980935998053e-07,"12","DOK2"
8.78065182103204e-12,0.568034493518109,0.338,0.259,1.66173835713031e-07,"12","MINOS1"
2.24469395424694e-11,0.621963756000048,0.26,0.182,4.24808330841234e-07,"12","TSC22D4"
2.73138402819693e-11,0.523923389667618,0.367,0.291,5.16914427336269e-07,"12","ATP5PD"
2.93625057731208e-11,0.492636330245946,0.386,0.305,5.55685421756312e-07,"12","CAST"
3.17054674067756e-11,0.470830968725808,0.367,0.281,6.00025970673227e-07,"12","SYNE2"
3.17776936233117e-11,0.604332435537536,0.269,0.191,6.01392851821174e-07,"12","RSBN1L"
4.17229460546319e-11,0.449853838663257,0.406,0.327,7.89606754083909e-07,"12","MZT2A"
5.98689121637389e-11,0.610320070949711,0.294,0.22,1.13301916269876e-06,"12","SSNA1"
6.27956008453565e-11,0.296204760479321,0.572,0.51,1.18840674599837e-06,"12","ARL6IP5"
6.77516930556101e-11,0.508465574111803,0.378,0.306,1.28220079107742e-06,"12","TBCB"
7.33199207276963e-11,0.423889049930469,0.43,0.359,1.38757949977165e-06,"12","VPS28"
7.62823212098818e-11,0.392618260716011,0.46,0.39,1.44364292889701e-06,"12","BRK1"
9.02815251451391e-11,0.619613221436745,0.257,0.182,1.70857786337176e-06,"12","SLAMF7"
9.41484724728170e-11,0.487242413295833,0.365,0.289,1.78175984154806e-06,"12","NOP10"
1.16595096725244e-10,0.387865148165008,0.45,0.377,2.20656220552524e-06,"12","GNAI2"
1.20343453891978e-10,0.290113363949964,0.572,0.516,2.27749986490568e-06,"12","NOP53"
1.62579802079945e-10,0.560891709857321,0.31,0.236,3.07682275436296e-06,"12","ITGB7"
1.93392674152411e-10,0.661439095955477,0.253,0.181,3.65995635833438e-06,"12","PRKCB"
3.02281606615326e-10,0.320487662534263,0.511,0.445,5.72067940519504e-06,"12","ANXA6"
3.66635067406404e-10,0.531677947296553,0.301,0.223,6.9385686506662e-06,"12","SP110"
3.91921187346854e-10,0.417460777771365,0.423,0.349,7.4171084705392e-06,"12","YPEL3"
4.23851754458485e-10,0.590920815634199,0.257,0.183,8.02139445312683e-06,"12","PGLS"
4.40418467823652e-10,0.251397820277017,0.618,0.572,8.33491950356261e-06,"12","NDUFA4"
4.79642268886978e-10,0.302172388450112,0.542,0.481,9.07722993868607e-06,"12","EIF3G"
5.17901823465721e-10,0.314837942590047,0.531,0.482,9.80129200908878e-06,"12","RAP1B"
5.73652420548069e-10,0.288001170659323,0.574,0.53,1.08563720588722e-05,"12","SEC61B"
8.61177737127478e-10,0.432739055340832,0.405,0.34,1.62977886751375e-05,"12","LSM7"
8.68548996507943e-10,0.314131811774976,0.517,0.455,1.64372897589128e-05,"12","NDUFB2"
1.09939767008992e-09,0.570761357261589,0.264,0.192,2.08061009064518e-05,"12","VSIR"
1.17938405860201e-09,0.585166696956959,0.252,0.183,2.23198433090431e-05,"12","PIN1"
1.43336069522343e-09,0.324408554225262,0.516,0.457,2.71263511571034e-05,"12","SPCS1"
1.54354815960737e-09,0.364508202710492,0.451,0.385,2.92116489205696e-05,"12","CUTA"
1.64223989025704e-09,0.277730331934755,0.551,0.489,3.10793899231144e-05,"12","LDHB"
2.22665431301193e-09,0.548077944512834,0.27,0.201,4.21394328737508e-05,"12","LAMTOR1"
2.41010034481229e-09,0.311108387644814,0.514,0.451,4.56111490255726e-05,"12","ATP5IF1"
3.00297303963694e-09,0.515665064108793,0.337,0.272,5.68312647751292e-05,"12","NDUFA2"
3.27414416547298e-09,0.370848663149856,0.472,0.397,6.19631783315762e-05,"12","KLRB1"
3.97578724021778e-09,0.467808325860534,0.355,0.289,7.52417735211215e-05,"12","ATP6V1F"
4.45937044541736e-09,0.560216990020571,0.278,0.209,8.43935856795236e-05,"12","ATM"
5.82385441570797e-09,0.380475588408641,0.443,0.383,0.000110216444817273,"12","C19orf53"
6.243123612784e-09,0.486196187353235,0.313,0.242,0.000118151114371937,"12","AIP"
6.94652518282807e-09,0.582685783267135,0.259,0.194,0.000131462989085021,"12","FCRL6"
9.54061716491495e-09,0.557026666164786,0.297,0.234,0.000180556179846015,"12","POLR2E"
9.99789454312829e-09,0.57449959154403,0.265,0.202,0.000189210154228703,"12","MRPL52"
1.02107227325496e-08,0.464546785275257,0.294,0.22,0.000193237927713501,"12","SLFN5"
1.30755455167287e-08,0.544152296760894,0.278,0.213,0.000247454698904091,"12","MRPL51"
1.38466032542571e-08,0.521502393373725,0.3,0.235,0.000262046966586816,"12","TALDO1"
1.52314323345143e-08,0.529442519817569,0.293,0.23,0.000288254856930682,"12","SCP2"
1.68393181954793e-08,0.381356273573293,0.41,0.347,0.000318684096849446,"12","ABRACL"
1.71722143954098e-08,0.540889147238933,0.288,0.224,0.00032498415743313,"12","C19orf70"
1.7977962576802e-08,0.511289385925352,0.318,0.255,0.000340232941765979,"12","MGST3"
1.94466507983683e-08,0.544571389893513,0.27,0.205,0.00036802786635912,"12","DEF6"
2.10703784560841e-08,0.332729645196387,0.473,0.412,0.000398756912281391,"12","ZFAS1"
2.54696985506358e-08,0.361764095098735,0.428,0.367,0.000482014045070783,"12","ARL6IP4"
2.75215252549476e-08,0.517806916749966,0.28,0.215,0.000520844865449882,"12","VAMP5"
2.99873218316932e-08,0.529758520511542,0.265,0.202,0.000567510065664793,"12","ZNRD1"
3.44991336734086e-08,0.398542158316809,0.413,0.362,0.000652896104769257,"12","ATP5ME"
3.75621175724848e-08,0.277589559349474,0.546,0.5,0.000710863075059274,"12","NDUFB11"
3.90746471699191e-08,0.506327373638159,0.286,0.223,0.000739487697690719,"12","TWF2"
4.22278219714263e-08,0.405669446650737,0.363,0.298,0.000799161530809242,"12","MRPL41"
1.11085445613684e-07,0.387421574685616,0.387,0.326,0.00210229205823898,"12","SNHG8"
1.27457306512818e-07,0.371860559700224,0.387,0.326,0.00241212952575508,"12","SELENOH"
1.30028872426345e-07,0.420850899298938,0.357,0.299,0.00246079641066858,"12","SPN"
1.57743177111257e-07,0.512133647115962,0.272,0.213,0.00298528962683054,"12","ACP1"
1.5960951504204e-07,0.334132022338627,0.436,0.383,0.0030206100721706,"12","CCT4"
1.77823870258695e-07,0.308357448998458,0.463,0.415,0.00336531674464581,"12","UBXN1"
1.87719567016472e-07,0.502982808723005,0.308,0.253,0.00355259280578673,"12","DDT"
1.95606004305308e-07,0.284017947280278,0.495,0.45,0.00370184363147796,"12","ATP5MF"
2.12444843263915e-07,0.48209050354121,0.265,0.204,0.00402051865876959,"12","VPS29"
2.4384433468155e-07,0.265294060919212,0.532,0.485,0.00461475403384833,"12","UQCRH"
3.15707205773259e-07,0.259410443969339,0.536,0.485,0.00597475886925892,"12","IL2RG"
3.28703824511251e-07,0.423440575424128,0.362,0.307,0.00622071987887543,"12","AAK1"
3.59072464196708e-07,0.264339456728201,0.493,0.441,0.0067954463849227,"12","DRAP1"
4.85401459887375e-07,0.293890148900523,0.464,0.418,0.00918622262836857,"12","EIF3H"
5.85479600998788e-07,0.444690209454931,0.307,0.251,0.0110802014489021,"12","TNFRSF14"
6.28491579041477e-07,0.455074135721116,0.293,0.237,0.0118942031333599,"12","BANF1"
6.69401781566445e-07,0.382458706356147,0.376,0.321,0.012668428716145,"12","BST2"
6.91470915877873e-07,0.529563809674996,0.275,0.221,0.0130860870829888,"12","VAMP2"
1.05457119565431e-06,0.373289759763597,0.393,0.347,0.0199577598777579,"12","TBCA"
1.13914449737428e-06,0.307062828373555,0.452,0.407,0.0215583096128082,"12","SEC61G"
1.28071435676957e-06,0.388554552344233,0.331,0.274,0.0242375192018641,"12","RHOF"
1.57915084621001e-06,0.403105966657856,0.339,0.288,0.0298854297645244,"12","MDH2"
1.59835027497483e-06,0.318280519766066,0.404,0.354,0.0302487789538986,"12","CSNK2B"
1.71951191020855e-06,0.426417980093557,0.322,0.271,0.0325417629006969,"12","ANXA2"
1.82813659321392e-06,0.279662002102756,0.46,0.413,0.0345974850265734,"12","COPE"
1.94991498862984e-06,0.36308935943004,0.358,0.307,0.0369021411598197,"12","OSTF1"
1.96232856350875e-06,0.414139077186314,0.314,0.262,0.037137068064403,"12","MAP2K2"
2.66928286170386e-06,0.444919844366305,0.297,0.247,0.0505161781577456,"12","RNF181"
2.96862000965619e-06,0.356994303035179,0.353,0.3,0.0561811336827433,"12","SMDT1"
3.04546128061389e-06,0.46006409110189,0.26,0.208,0.0576353547356179,"12","TMEM160"
3.09961150338766e-06,0.282916812115869,0.448,0.407,0.0586601477016114,"12","UXT"
3.57781271474556e-06,0.295122338704239,0.435,0.389,0.0677101056265597,"12","CSTB"
3.66742622086454e-06,0.368808148119391,0.342,0.29,0.0694060412298615,"12","RAB1B"
4.50028159734271e-06,0.518632396816231,0.256,0.209,0.0851678292297108,"12","SDHD"
4.73787489605442e-06,0.465714086082721,0.265,0.212,0.0896642824078299,"12","ARHGAP30"
6.03068157874481e-06,0.336580644323033,0.375,0.322,0.114130648877746,"12","ITGAL"
6.20400035461796e-06,0.295397666792575,0.412,0.358,0.117410706711145,"12","ARL4C"
6.22267661901322e-06,0.378920122059482,0.341,0.293,0.117764155014825,"12","ECH1"
7.56339325822234e-06,0.447707117027829,0.259,0.209,0.143137217411858,"12","NUCB1"
7.56355512209896e-06,0.414830369487641,0.251,0.198,0.143140280685723,"12","WASF2"
8.35194350626945e-06,0.30013458145286,0.418,0.377,0.158060530856149,"12","ARF5"
9.26730551794524e-06,0.285254474958258,0.426,0.38,0.175383756927114,"12","CELF2"
9.77285706770637e-06,0.348296830701587,0.362,0.315,0.184951320006343,"12","REX1BD"
1.04820814358705e-05,0.41004182569966,0.286,0.236,0.198373391173849,"12","RGS10"
1.08597206150569e-05,0.373426555440117,0.322,0.274,0.205520212639951,"12","STUB1"
1.12048110360893e-05,0.398262650311302,0.309,0.264,0.212051048857991,"12","SRI"
1.14761428799123e-05,0.319947598078671,0.367,0.318,0.21718600400234,"12","SIGIRR"
1.2266176938941e-05,0.251591597403695,0.448,0.393,0.232137398569458,"12","GBP5"
1.25123067043582e-05,0.436984306852973,0.294,0.248,0.236795404379978,"12","NDUFB1"
1.32405292601294e-05,0.453131874675565,0.254,0.205,0.250577016247949,"12","DGUOK"
1.34161622518534e-05,0.405091621765732,0.294,0.246,0.253900870616325,"12","FKBP11"
1.55160090787409e-05,0.375255895234238,0.303,0.255,0.293640471815172,"12","SEC11A"
1.57161779769474e-05,0.345288069186525,0.347,0.303,0.297428668213729,"12","SSBP1"
1.596021016515e-05,0.443631373587345,0.267,0.218,0.302046977375464,"12","SMIM26"
1.66306888835903e-05,0.297486997252612,0.387,0.342,0.314735787121947,"12","EID1"
1.7081715949976e-05,0.295492236494488,0.413,0.378,0.323271474353296,"12","ZAP70"
1.78266461211298e-05,0.368684025345373,0.341,0.299,0.337369277842381,"12","NSA2"
1.88021850811236e-05,0.387049092699119,0.31,0.266,0.355831352660263,"12","NDUFAF3"
1.91236055229077e-05,0.40974770687647,0.27,0.224,0.361914234521028,"12","TMEM14B"
1.94149809564e-05,0.334071537915476,0.385,0.344,0.367428514599871,"12","KRT10"
2.23018855274855e-05,0.443454708866547,0.265,0.219,0.422063183607662,"12","FERMT3"
2.82898086477464e-05,0.378265891738093,0.316,0.274,0.5353846286586,"12","NDUFS6"
2.99417192605757e-05,0.269153981994442,0.424,0.389,0.566647037006395,"12","PPP2R5C"
2.99855606336562e-05,0.298561544812174,0.383,0.336,0.567476734991943,"12","CCDC85B"
3.00644770047497e-05,0.285315738944823,0.413,0.376,0.568970227314888,"12","FKBP8"
3.2138377623775e-05,0.396312090947755,0.286,0.242,0.608218796529942,"12","IFI27L2"
3.62167416503527e-05,0.31576671838711,0.375,0.336,0.685401835732924,"12","ARPC5"
3.82284985909265e-05,0.331153854961766,0.385,0.354,0.723474335833285,"12","DHRS7"
4.38278075789236e-05,0.405259597984256,0.257,0.21,0.829441258431129,"12","THEMIS"
4.50368374219328e-05,0.337152979866709,0.331,0.286,0.852322148210078,"12","CHST12"
4.8986535606067e-05,0.367907230064048,0.295,0.249,0.927070186344817,"12","SCAMP2"
5.03742539526518e-05,0.317485804627362,0.376,0.337,0.953332756053936,"12","CKLF"
5.09325193302258e-05,0.424530063951366,0.276,0.233,0.963897928324523,"12","C1QBP"
5.24306768002902e-05,0.305263600973106,0.365,0.328,0.992250558445492,"12","PSMA5"
5.84426498721339e-05,0.337934098612818,0.329,0.286,1,"12","DYNLRB1"
7.2601369199592e-05,0.383703403784561,0.307,0.269,1,"12","SNRPF"
7.53021254305756e-05,0.432285535921268,0.251,0.208,1,"12","CHCHD10"
7.87289985000664e-05,0.311965705544752,0.332,0.289,1,"12","RWDD1"
8.7909952115302e-05,0.291289472825284,0.393,0.362,1,"12","YWHAQ"
8.84930214797885e-05,0.410901105353059,0.265,0.226,1,"12","COX14"
0.000124465965848466,0.310319693670502,0.32,0.275,1,"12","CASP4"
0.000152813928847293,0.391729032368278,0.282,0.245,1,"12","MAPK1"
0.000161000626193989,0.384762944417899,0.267,0.229,1,"12","DCTN3"
0.00020966395017131,0.320541070010067,0.328,0.29,1,"12","DPP7"
0.000213637289689347,0.337180513623527,0.279,0.241,1,"12","PDCD6"
0.000373917601058076,0.267723611387722,0.394,0.371,1,"12","UQCRQ"
0.000497706792763643,0.321292229786073,0.276,0.236,1,"12","SCML4"
0.000529952315524282,0.296639457011094,0.318,0.283,1,"12","ATP6V0B"
0.000600767599263735,0.32336221412782,0.291,0.255,1,"12","SUPT4H1"
0.000816948112657419,0.340421576537799,0.263,0.228,1,"12","SPSB3"
0.000882366964841516,0.341189925463023,0.26,0.226,1,"12","GRK6"
0.00089095932666178,0.258543802751178,0.355,0.327,1,"12","SHISA5"
0.000953086310484723,0.282751370410421,0.301,0.263,1,"12","FAM107B"
0.00109335274819596,0.261969900105968,0.355,0.325,1,"12","ABI3"
0.00114130736421915,0.320642424073061,0.29,0.26,1,"12","TSTD1"
0.00128583079770303,0.3361241875699,0.266,0.233,1,"12","METTL26"
0.00128748819443781,0.345613417150603,0.264,0.229,1,"12","CMTM3"
0.00129546667312727,0.290562694200745,0.336,0.311,1,"12","TXNL4A"
0.00180178765858841,0.31773396419663,0.295,0.266,1,"12","CYFIP2"
0.00183498181037423,0.302901682843119,0.288,0.258,1,"12","TMEM230"
0.00241635773988792,0.28080544221949,0.324,0.298,1,"12","TCEA1"
0.0036606068712349,0.258532445038983,0.296,0.262,1,"12","H1FX"
0.00370537959736403,0.279355151970675,0.314,0.291,1,"12","TOMM5"
0.00495139451019353,0.251907845657063,0.278,0.247,1,"12","PSTPIP1"
0.00587149178383473,0.278351330060975,0.296,0.273,1,"12","SERPINB1"
0.0059487288881266,0.321087551270613,0.252,0.228,1,"12","MYDGF"
0.00650986426518722,0.307690310530295,0.255,0.228,1,"12","GTF2A2"
0.00726111769639999,0.271217602767226,0.3,0.278,1,"12","RAD23A"
0.00763140772480391,0.275416983473577,0.272,0.246,1,"12","NDUFS8"
0.00891688199989056,0.25069142855242,0.277,0.25,1,"12","NUCKS1"
0,4.87639750505003,0.938,0.032,0,"13","TRBV6-5"
0,5.76551284398381,0.694,0.013,0,"13","TRAV24"
0,3.72891495542285,0.74,0.071,0,"13","TRGV8"
0,3.2964543633683,0.441,0.048,0,"13","AC004832.6"
0,2.38951549653256,0.375,0.041,0,"13","TRBV4-1"
2.91250307614283e-240,0.958531718457092,0.983,0.708,5.51191207160031e-236,"13","IFITM2"
8.89643179694587e-218,2.32642760543105,0.459,0.108,1.683649717572e-213,"13","TRG-AS1"
2.76284271343494e-206,0.99087907190848,0.966,0.632,5.22867983517562e-202,"13","CTSW"
5.13301046074584e-200,2.52766461327699,0.322,0.057,9.7142222969615e-196,"13","HSPA6"
1.46478566316764e-185,1.58171800276344,0.696,0.248,2.77210686754477e-181,"13","TXNIP"
2.55316465404723e-182,1.4475569801958,0.766,0.338,4.83186410778438e-178,"13","CMC1"
9.95820063666307e-171,1.87736429205236,0.555,0.191,1.88458947048849e-166,"13","CD160"
1.06287255381812e-168,1.42941993189654,0.744,0.314,2.0114863081008e-164,"13","HSPA1A"
2.73043698030649e-161,0.497559554734865,0.999,0.907,5.16735198523003e-157,"13","NKG7"
8.53968344592004e-155,0.500096040813971,1,0.913,1.61613509214037e-150,"13","IFITM1"
3.54211523441076e-149,1.24002076866901,0.787,0.388,6.70345308112236e-145,"13","KLRD1"
6.76510920883448e-139,1.38079204193972,0.655,0.264,1.28029691777193e-134,"13","HSPA1B"
3.87281642372967e-131,1.72397305542808,0.505,0.186,7.3293050819084e-127,"13","PRMT9"
1.69934097357648e-130,1.04310014076732,0.833,0.485,3.21600279249348e-126,"13","GZMH"
1.30432128091126e-129,1.93757524726786,0.386,0.11,2.46842802412455e-125,"13","FCGR3A"
1.59506405094772e-127,1.7362054725199,0.387,0.106,3.01865871641855e-123,"13","TRGV9"
1.95829658934152e-113,1.84809892451407,0.371,0.112,3.70607629532883e-109,"13","PTGDR"
8.08560913917361e-106,1.32981018046296,0.593,0.275,1.53020152958861e-101,"13","HOPX"
6.34608709875451e-99,2.14904475521061,0.272,0.073,1.20099698343929e-94,"13","FGR"
6.81612895861061e-98,0.856616331017068,0.836,0.525,1.28995240541706e-93,"13","CD8B"
2.05321947690603e-94,1.18485623038978,0.615,0.297,3.88571786004467e-90,"13","GIMAP4"
3.83157552910384e-93,0.301479048327291,1,0.959,7.25125668882901e-89,"13","CCL5"
9.75326397764179e-93,1.03409379300506,0.703,0.385,1.84580520776871e-88,"13","GIMAP7"
7.25949461486559e-88,0.468305768239882,0.944,0.827,1.37385935586331e-83,"13","MYL12A"
1.33437457653677e-86,0.402521334434493,0.983,0.89,2.52530388609583e-82,"13","FTL"
4.1913032062362e-86,1.56640296588341,0.421,0.169,7.93204131780201e-82,"13","RBKS"
5.43811789802259e-86,1.33142204632669,0.514,0.236,1.02916381220078e-81,"13","ARPC5L"
1.68184048735364e-84,0.663280041237146,0.869,0.649,3.18288312231677e-80,"13","PPDPF"
2.20672286317639e-83,0.35734852818023,0.983,0.905,4.17622301856131e-79,"13","ACTG1"
1.01264259367634e-81,0.271872467094729,0.996,0.961,1.91642610853247e-77,"13","PFN1"
3.27854139807185e-79,1.35177399944092,0.472,0.213,6.20463959585097e-75,"13","PLEK"
1.15763872613962e-78,0.2873704474059,0.997,0.952,2.19083128921924e-74,"13","TMSB10"
6.29840234263699e-68,0.328588990686776,0.984,0.905,1.19197264334405e-63,"13","MT-ATP6"
9.16994118532819e-68,0.389633266143933,0.959,0.854,1.73541136932336e-63,"13","HCST"
2.13538400597348e-66,1.03411447108106,0.579,0.339,4.04121423130481e-62,"13","PRELID1"
2.68544448208369e-65,1.14009963795119,0.508,0.255,5.08220368234339e-61,"13","LINC00861"
1.36932811355188e-64,1.34233905397758,0.415,0.192,2.59145345489693e-60,"13","FCRL6"
5.89543192871264e-63,0.572095591219594,0.857,0.67,1.11571049250887e-58,"13","GZMM"
6.70992764591125e-60,1.0937597824583,0.525,0.302,1.2698538069887e-55,"13","EFHD2"
1.10618030707498e-58,0.367398742837909,0.951,0.847,2.0934462311394e-54,"13","PTPRCAP"
4.39196256296088e-58,0.48676866497117,0.882,0.724,8.31178915040347e-54,"13","CLIC1"
1.99071800867188e-56,1.188267748312,0.427,0.205,3.76743383141153e-52,"13","RCSD1"
5.3658162440398e-56,1.22786882498915,0.382,0.17,1.01548072418453e-51,"13","SIT1"
1.39014791229805e-55,0.470185697395784,0.883,0.736,2.63085492402407e-51,"13","RARRES3"
1.97441123214741e-54,1.05104613811268,0.486,0.257,3.73657325683897e-50,"13","TRAF3IP3"
3.25240675333078e-54,1.37024523572806,0.304,0.122,6.1551797806785e-50,"13","CCL3"
6.48256284198901e-54,1.41941700228723,0.316,0.132,1.22682501784642e-49,"13","KLRC3"
1.73975768855603e-53,1.60463008540092,0.257,0.096,3.29249142559228e-49,"13","PLAC8"
1.77945053438359e-52,0.319079030383958,0.967,0.885,3.36761013632094e-48,"13","SH3BGRL3"
1.09482311869605e-51,1.44689948238425,0.303,0.127,2.07195275213227e-47,"13","TRGC2"
1.69960814582386e-51,0.359330464309333,0.962,0.839,3.21650841597166e-47,"13","GZMA"
3.87095454164512e-51,1.11672667076266,0.44,0.229,7.32578147006339e-47,"13","SASH3"
8.58199138770641e-50,0.320832746809621,0.959,0.865,1.62414187012344e-45,"13","SERF2"
7.13752320892935e-49,1.23036139438549,0.375,0.182,1.35077626728988e-44,"13","AC116366.3"
1.43740227165979e-48,1.24634774501134,0.375,0.186,2.72028379911615e-44,"13","RASSF1"
3.38301989848587e-48,0.944650810623739,0.51,0.298,6.40236515788451e-44,"13","PPP1R18"
4.88613046727351e-48,1.13477196332963,0.419,0.221,9.24700190931512e-44,"13","RHOC"
1.04064518083687e-46,0.465655669638808,0.803,0.713,1.96942100473378e-42,"13","DNAJB1"
2.43939849541313e-46,1.37284179996643,0.293,0.125,4.61656165256934e-42,"13","KMT2E-AS1"
8.83588596814636e-46,1.26177150553696,0.339,0.158,1.6721914194717e-41,"13","PLEKHF1"
9.3016311244647e-46,0.487778981514032,0.808,0.666,1.76033369030494e-41,"13","PSMB9"
4.4022987113257e-45,0.37140665443602,0.93,0.825,8.3313503111839e-41,"13","MT-ND4"
1.60690984764864e-44,0.574333778936297,0.774,0.577,3.04107688667506e-40,"13","TRBC2"
4.57309522559988e-44,0.916721523573605,0.504,0.301,8.65458271444777e-40,"13","TRAC"
1.01592032533718e-43,0.333930245660205,0.92,0.82,1.92262921570061e-39,"13","PFDN5"
1.24645245238794e-43,0.855553319128901,0.537,0.335,2.35891126614418e-39,"13","AOAH"
3.29975651198542e-43,0.750886837190683,0.625,0.395,6.24478919893241e-39,"13","KLRB1"
3.38940494326379e-43,1.13977030498897,0.356,0.173,6.41444885512672e-39,"13","GIMAP1"
3.5445248483913e-43,0.562917999515774,0.741,0.564,6.70801327558053e-39,"13","EVL"
1.14043220165568e-40,1.19658563645387,0.329,0.162,2.15826794163338e-36,"13","AGTRAP"
1.65435310640157e-40,0.415750526082334,0.899,0.741,3.13086325386496e-36,"13","CD7"
7.00517391163505e-40,1.05005789314908,0.382,0.201,1.32572916277693e-35,"13","PTPN6"
7.15926259776991e-40,0.930745892508657,0.471,0.286,1.35489044662796e-35,"13","HSPB1"
8.7436601681392e-40,0.352896028043125,0.913,0.801,1.65473768682034e-35,"13","PSME1"
2.98046408149827e-39,0.545634766232106,0.726,0.565,5.64052827423547e-35,"13","GSTP1"
4.0846528649997e-39,0.808019183375063,0.533,0.347,7.73020554701193e-35,"13","CD63"
1.84286551122631e-38,0.59426206335704,0.689,0.565,3.48762297999579e-34,"13","IER2"
2.1507366273435e-38,0.515737457887145,0.738,0.589,4.07026906724758e-34,"13","UQCR11"
6.64117044194398e-38,0.341998644341844,0.919,0.806,1.2568415061379e-33,"13","CD3D"
6.98395974651685e-38,0.288336637118598,0.909,0.834,1.32171438202831e-33,"13","CORO1A"
1.48755637600398e-37,0.90617596340134,0.457,0.276,2.81520044158753e-33,"13","LAMTOR4"
1.97326938146642e-37,0.843601484258587,0.497,0.314,3.73441230442519e-33,"13","UBE2L6"
3.38108965192387e-35,1.16972506996104,0.315,0.16,6.39871216626591e-31,"13","OTUD6B-AS1"
5.15555177600374e-35,0.4246300586489,0.825,0.68,9.75688173608707e-31,"13","ATP5MC2"
2.62398489793128e-34,0.343585364944791,0.916,0.784,4.96589141933495e-30,"13","S100A4"
1.59677557210397e-33,0.99309493625264,0.382,0.219,3.02189777020675e-29,"13","ZBTB38"
2.11156622923842e-33,0.377109767952696,0.81,0.72,3.9961390888337e-29,"13","HSPE1"
1.08861388899916e-32,0.682464175702775,0.568,0.401,2.06020178493091e-28,"13","TRAPPC1"
2.30022847751049e-32,0.88821340101071,0.42,0.249,4.3531823936886e-28,"13","CD81"
3.08761919604648e-32,0.517817645118219,0.689,0.553,5.84331932851795e-28,"13","GABARAP"
3.72646169889752e-32,0.61143071977495,0.613,0.454,7.05232876516356e-28,"13","PSMB10"
2.30124819554897e-30,0.359526177179194,0.854,0.73,4.35511221007642e-26,"13","TOMM7"
2.97335931489737e-30,1.01293262528369,0.331,0.18,5.62708250344327e-26,"13","PYCARD"
9.0797939231561e-30,0.593101074777992,0.609,0.465,1.71835099995729e-25,"13","JUN"
2.28965416585869e-29,0.834816901702628,0.437,0.281,4.33317050888757e-25,"13","BTN3A2"
2.60865063881107e-29,0.419182328417868,0.782,0.661,4.93687133394995e-25,"13","COMMD6"
2.7786331269408e-29,1.15289501523392,0.261,0.129,5.25856319273547e-25,"13","AC243960.1"
2.96074955710691e-29,0.565430460263817,0.627,0.481,5.60321853682484e-25,"13","MZT2B"
3.22652940455672e-29,0.672405688314798,0.559,0.414,6.1062068981236e-25,"13","DAD1"
4.05260090874489e-29,0.757783582137591,0.47,0.308,7.66954721979971e-25,"13","NUCB2"
1.26092922771577e-28,0.706344379514026,0.508,0.358,2.3863085634521e-24,"13","VAMP8"
2.54472426355497e-28,0.529405122925064,0.634,0.495,4.81589066877779e-24,"13","PPP1CA"
8.17011931792328e-28,0.549721900506545,0.631,0.484,1.54619508091698e-23,"13","EMP3"
8.89054862845504e-28,0.832174578281709,0.391,0.234,1.68253632793512e-23,"13","DENND2D"
9.40554983990045e-28,0.778351191757358,0.469,0.324,1.78000030720116e-23,"13","SNHG8"
2.2424032483682e-27,0.300984527692174,0.894,0.791,4.24374814753683e-23,"13","TMA7"
2.33064777545661e-27,0.345937625699734,0.819,0.711,4.41075091505163e-23,"13","S100A6"
4.04267406813234e-27,1.12116572185002,0.265,0.137,7.65076067394046e-23,"13","CD244"
1.07050438148267e-26,0.379034210746331,0.786,0.674,2.02592954195595e-22,"13","OST4"
1.25964722800276e-26,0.826633624157225,0.398,0.245,2.38388237899522e-22,"13","TAF10"
3.12862245515516e-26,0.938841369582717,0.349,0.21,5.92091799638114e-22,"13","OFD1"
4.21104464642403e-26,0.730259061346679,0.466,0.319,7.96940199335747e-22,"13","NDUFB10"
1.33355274675063e-25,0.37842092007985,0.752,0.636,2.52374857322557e-21,"13","PSME2"
7.08555198204918e-25,0.489836240196349,0.638,0.513,1.34094071260281e-20,"13","RNASEK"
1.09384321838158e-24,0.779209885044452,0.404,0.259,2.07009829078715e-20,"13","TUBB"
1.46459262489389e-24,1.02259089520534,0.298,0.171,2.77174154261169e-20,"13","NUFIP2"
2.93313301984694e-24,0.678241623436393,0.49,0.353,5.55095424006033e-20,"13","SELENOW"
4.5201066136302e-24,0.511008180415285,0.597,0.481,8.55430176629516e-20,"13","SLC9A3R1"
5.5065683730196e-24,0.770121395766733,0.409,0.262,1.04211806459396e-19,"13","HLA-DQB1"
5.9437356292735e-24,0.839117688127137,0.36,0.219,1.12485196784001e-19,"13","EOMES"
1.15031173710745e-23,0.684687715137362,0.484,0.352,2.17696496247584e-19,"13","DHRS7"
1.9566940323834e-23,0.981402304242299,0.307,0.181,3.70304345628558e-19,"13","SLAMF7"
2.1199362079871e-23,0.381239598317006,0.735,0.618,4.01197927361559e-19,"13","ARPC1B"
2.29521244735153e-23,0.311651010433559,0.806,0.71,4.34368955661278e-19,"13","MIF"
2.5937308750452e-23,0.487253089382333,0.615,0.485,4.90863568102303e-19,"13","APRT"
3.33352758861707e-23,0.256831174955098,0.874,0.8,6.30870096145781e-19,"13","RAC2"
8.13670856531767e-23,0.988245861811365,0.27,0.15,1.53987209598637e-18,"13","PDLIM2"
1.08855711173157e-22,0.387866911832706,0.735,0.614,2.06009433395201e-18,"13","SNRPD2"
2.21950237659331e-22,0.810106815633024,0.364,0.23,4.20040824770284e-18,"13","POLD4"
2.92938404366634e-22,0.590660693011046,0.53,0.407,5.54385930263855e-18,"13","PAXX"
3.31099012393673e-22,0.421483301452357,0.682,0.566,6.26604880955026e-18,"13","C12orf57"
3.73748758186381e-22,1.00543013334195,0.287,0.168,7.07319524867726e-18,"13","BLOC1S1"
9.24980965731193e-22,0.653848003317523,0.451,0.315,1.75052647764628e-17,"13","PNISR"
1.97014142427069e-21,0.643479157677562,0.448,0.305,3.72849264543227e-17,"13","LCP2"
4.2196176482919e-21,0.588853108749965,0.476,0.32,7.98562639939242e-17,"13","XCL2"
4.52438725364317e-21,0.619590385947162,0.499,0.382,8.56240287751969e-17,"13","CCT4"
5.12812895928999e-21,0.856268801795812,0.346,0.224,9.7049840554563e-17,"13","GRK6"
5.21042561055561e-21,0.282122011116826,0.803,0.735,9.86073046797649e-17,"13","MYL12B"
5.9675337918537e-21,0.797169387176967,0.36,0.233,1.12935577010831e-16,"13","C8orf59"
1.08848892611417e-20,0.676058703804173,0.427,0.297,2.05996529267107e-16,"13","CSK"
1.20284860308572e-20,0.893641123328677,0.297,0.176,2.27639098133973e-16,"13","MRPS34"
1.38160423558489e-20,0.654957782972127,0.453,0.325,2.6146860158444e-16,"13","SHISA5"
2.05234603661515e-20,0.421637841841815,0.65,0.549,3.88406487429418e-16,"13","COX6B1"
2.29550808225523e-20,0.348699911069962,0.755,0.658,4.34424904566802e-16,"13","HLA-DPB1"
4.14348401635265e-20,0.443268990723113,0.629,0.52,7.8415435009474e-16,"13","KRTCAP2"
5.26240989541318e-20,0.861897046493268,0.308,0.19,9.95911072706944e-16,"13","RSBN1L"
9.72736523684775e-20,0.471130784135283,0.592,0.472,1.84090387107344e-15,"13","CD48"
1.36579060549719e-19,0.442623298867273,0.627,0.483,2.58475872090342e-15,"13","FOS"
2.0877359761453e-19,0.281650564429802,0.794,0.715,3.95104033485498e-15,"13","ARPC3"
2.79221578261191e-19,0.777396527336094,0.346,0.226,5.28426836859305e-15,"13","AC004687.1"
4.14046897525197e-19,0.732748307889505,0.364,0.239,7.83583753566436e-15,"13","GPR174"
4.88767488594452e-19,0.521581468041463,0.533,0.42,9.24992472165e-15,"13","WDR83OS"
8.24035730088743e-19,0.372765183394919,0.672,0.584,1.55948761919295e-14,"13","ELOB"
1.98106442223183e-18,0.476192317357298,0.56,0.455,3.74916441907374e-14,"13","SRRM2"
2.25011343881281e-18,0.811144962383183,0.328,0.214,4.25833968295325e-14,"13","VAMP5"
3.13625659411539e-18,0.605663543219274,0.446,0.326,5.93536560436338e-14,"13","SELENOH"
6.81705084692591e-18,0.463886005009232,0.564,0.452,1.29012687278073e-13,"13","PSMB8"
8.46510397378869e-18,0.468627035593832,0.57,0.465,1.60202092703951e-13,"13","PRR13"
8.83697378604677e-18,0.394437376844026,0.627,0.528,1.67239728900935e-13,"13","GMFG"
1.00630400816761e-17,0.544237629935639,0.497,0.391,1.90443033545721e-13,"13","FLNA"
1.52656398783225e-17,0.48214825937053,0.552,0.447,2.88902234697254e-13,"13","AES"
1.92283946210102e-17,0.255177025782778,0.807,0.749,3.63897368202617e-13,"13","SRP14"
3.17540207562989e-17,0.267867727930452,0.812,0.727,6.00944842812957e-13,"13","ATP5MG"
5.06949693146373e-17,0.413683058270143,0.61,0.516,9.59402294279512e-13,"13","STK17A"
7.31131589884904e-17,0.496713535403252,0.499,0.377,1.38366653385718e-12,"13","NEAT1"
7.71076742242082e-17,0.581027557176854,0.44,0.324,1.45926273469314e-12,"13","ABI3"
8.56881326282292e-17,0.718595252718901,0.356,0.245,1.62164790998924e-12,"13","NDUFB7"
8.90628337234291e-17,0.319392414444744,0.715,0.646,1.6855141282159e-12,"13","SSR4"
9.66805818266118e-17,0.842079916885229,0.285,0.18,1.82968001106863e-12,"13","TMEM256"
9.78125386234239e-17,0.863636518289171,0.262,0.159,1.8511022934483e-12,"13","LSM2"
1.23109373346913e-16,0.627843777319934,0.415,0.304,2.32984489059033e-12,"13","MATK"
1.64785613998329e-16,0.792588303461891,0.299,0.193,3.11856774491837e-12,"13","HSPB11"
1.89904823082244e-16,0.754217635518784,0.325,0.216,3.59394877683147e-12,"13","NFKBIZ"
1.98571098773913e-16,0.805274956246553,0.289,0.183,3.7579580442963e-12,"13","PGLS"
2.1572386775571e-16,0.467010644658528,0.546,0.447,4.08257419727681e-12,"13","GADD45B"
2.18058074156509e-16,0.781176035384223,0.286,0.18,4.12674905341193e-12,"13","PTPN4"
2.58249937747257e-16,0.812425236042834,0.294,0.191,4.88738007186684e-12,"13","FAAP20"
2.8344369474031e-16,0.433316318236761,0.564,0.466,5.36417192296037e-12,"13","GPSM3"
2.88410623969451e-16,0.558892923333729,0.455,0.351,5.45817105862185e-12,"13","LMAN2"
3.53999656265127e-16,0.305463263788422,0.714,0.641,6.69944349481753e-12,"13","HLA-DPA1"
3.55379897056971e-16,0.598196986652619,0.445,0.347,6.72556455180317e-12,"13","NEDD8"
5.04174125758876e-16,0.900828705609405,0.257,0.16,9.54149532998673e-12,"13","RAB29"
5.30585484262862e-16,0.850071319170059,0.27,0.17,1.00413302896747e-11,"13","ATP5MC1"
7.84746795712326e-16,0.864636012365934,0.253,0.156,1.48513331088558e-11,"13","TNFSF12"
9.80513146036661e-16,0.300647408435045,0.736,0.652,1.85562112887438e-11,"13","GUK1"
1.32561030314018e-15,0.477562536289434,0.517,0.411,2.50871749869279e-11,"13","C9orf16"
2.20142545050342e-15,0.66344298841654,0.349,0.241,4.16619766507772e-11,"13","AIP"
2.54786008643266e-15,0.506318635395292,0.49,0.391,4.82182521357381e-11,"13","ANAPC16"
2.67473989065651e-15,0.444266720595978,0.539,0.441,5.06194524306745e-11,"13","ATP5F1D"
4.21443443598147e-15,0.420623325068732,0.58,0.484,7.97581717009492e-11,"13","UQCR10"
7.11244257968329e-15,0.526812719760501,0.458,0.348,1.34602975820506e-10,"13","YPEL3"
7.23636168257634e-15,0.610028313206911,0.396,0.295,1.36948144842757e-10,"13","BIN2"
1.38790823383323e-14,0.579283878472104,0.394,0.286,2.62661633252939e-10,"13","CHURC1"
1.90470202154881e-14,0.812493083196887,0.268,0.172,3.60464857578113e-10,"13","POLR2G"
6.1232510292778e-14,0.567281069893045,0.411,0.314,1.15882525729082e-09,"13","CCND3"
1.00458258411922e-13,0.386091757160067,0.564,0.481,1.90117254044562e-09,"13","EIF3G"
1.15070148450147e-13,0.571904261489425,0.387,0.284,2.17770255941904e-09,"13","IL16"
1.4754698241302e-13,0.735087163552048,0.294,0.201,2.7923266421664e-09,"13","LAMTOR1"
1.59960290464463e-13,0.698339019737533,0.31,0.215,3.02724849703997e-09,"13","SSBP4"
2.24946296085811e-13,0.272917429646157,0.724,0.656,4.25710865342397e-09,"13","COX6A1"
2.67547733164567e-13,0.318099486003163,0.642,0.56,5.06334085013944e-09,"13","LIMD2"
3.9410282682151e-13,0.407063818846561,0.537,0.442,7.45839599759709e-09,"13","NDUFA3"
3.98806587789921e-13,0.763400056491479,0.266,0.175,7.54741467392425e-09,"13","DGCR6L"
7.25173788602494e-13,0.425024041847074,0.505,0.411,1.37239139493022e-08,"13","ZFAS1"
7.96807277943156e-13,0.356681161368036,0.588,0.505,1.50795777350742e-08,"13","LY6E"
1.07503564468209e-12,0.517500915901585,0.419,0.32,2.03450495756085e-08,"13","BST2"
1.16392665053033e-12,0.360307970606823,0.577,0.496,2.20273118612866e-08,"13","GSTK1"
1.49390882047364e-12,0.615955225245791,0.346,0.256,2.82722244274637e-08,"13","GTF3A"
2.00323386188638e-12,0.786165508946128,0.259,0.174,3.79112008361997e-08,"13","ATRAID"
2.2962664791162e-12,0.56953067374618,0.369,0.271,4.34568431172742e-08,"13","SYNRG"
2.79164659585682e-12,0.594132074066523,0.36,0.261,5.28319118265903e-08,"13","H1FX"
3.59712269461604e-12,0.253554698376379,0.711,0.654,6.80755469956085e-08,"13","EIF3K"
3.80250347688726e-12,0.637732211775729,0.316,0.224,7.19623783000914e-08,"13","SAMD3"
5.89362158890018e-12,0.468202916010794,0.459,0.377,1.11536788569936e-07,"13","ZAP70"
6.50269401024996e-12,0.605726965284246,0.353,0.268,1.2306348414398e-07,"13","C12orf75"
6.62876107911721e-12,0.418365718529518,0.509,0.428,1.25449303422293e-07,"13","TMEM258"
8.41159443002046e-12,0.631704815630576,0.34,0.254,1.59189424588137e-07,"13","MGST3"
9.49076624079014e-12,0.703108636177567,0.278,0.192,1.79612751106953e-07,"13","NAA38"
1.16765365682973e-11,0.792325541194729,0.255,0.174,2.20978454555027e-07,"13","NDUFAF8"
1.26110165086888e-11,0.323936526818259,0.608,0.544,2.38663487426936e-07,"13","COX5B"
1.80192261187257e-11,0.482035625277001,0.419,0.332,3.41013854296885e-07,"13","RBX1"
2.74365278730212e-11,0.578867363185325,0.312,0.22,5.19236289996927e-07,"13","SLFN5"
3.65566098850505e-11,0.423088960151614,0.475,0.39,6.9183384207458e-07,"13","GNG5"
4.89281441134295e-11,0.263941804692509,0.663,0.597,9.25965127346653e-07,"13","LCK"
7.75369606485668e-11,0.444126135579149,0.427,0.341,1.46738698027413e-06,"13","NDUFB9"
8.61190079722368e-11,0.661807739709712,0.272,0.192,1.62980222587458e-06,"13","MEA1"
9.35149854229015e-11,0.447150718331609,0.45,0.361,1.76977109912841e-06,"13","UCP2"
1.23125732707074e-10,0.265250211992509,0.66,0.575,2.33015449148138e-06,"13","CD2"
1.39401036857347e-10,0.673026134201172,0.273,0.192,2.63816462252528e-06,"13","HMOX2"
1.58952922986246e-10,0.582635282223616,0.314,0.229,3.00818406751471e-06,"13","CMTM3"
1.83472208957072e-10,0.693628071988302,0.262,0.182,3.47221155451258e-06,"13","TSC22D4"
2.37927103855455e-10,0.588607762274913,0.307,0.223,4.50277044046449e-06,"13","SP110"
2.67565068057974e-10,0.304943653384385,0.594,0.529,5.06366891299715e-06,"13","SEPT1"
3.29142776655176e-10,0.571144567930445,0.339,0.259,6.22902704819921e-06,"13","MINOS1"
3.78594941974441e-10,0.547053238945481,0.34,0.256,7.1649092768663e-06,"13","SAMHD1"
4.13524474399731e-10,0.596109383772729,0.286,0.205,7.82595067801491e-06,"13","ARRB2"
4.40062283317736e-10,0.680043959498862,0.269,0.193,8.32817871178816e-06,"13","SNHG15"
5.01046785756157e-10,0.638563542629306,0.255,0.177,9.48231042043526e-06,"13","PDAP1"
5.06772601506886e-10,0.460483706064012,0.421,0.344,9.59067148351782e-06,"13","NDUFB4"
5.1500716246821e-10,0.628398332110364,0.294,0.214,9.74651054971088e-06,"13","COX7A2L"
5.3858092653292e-10,0.266065821100037,0.631,0.578,1.01926440346355e-05,"13","POLR2L"
5.49436264240356e-10,0.464977338063273,0.403,0.322,1.03980813007487e-05,"13","TBC1D10C"
5.50109932232382e-10,0.589180409140225,0.299,0.218,1.04108304674978e-05,"13","RBCK1"
5.64118206147946e-10,0.572497782648512,0.329,0.251,1.06759370513499e-05,"13","HMGN3"
6.17805063697081e-10,0.662203551936791,0.257,0.178,1.16919608304673e-05,"13","MIEN1"
9.25283943898834e-10,0.449105060776534,0.408,0.327,1.75109986382854e-05,"13","MZT2A"
1.16139244536363e-09,0.655404898835162,0.257,0.181,2.19793520285066e-05,"13","C11orf98"
1.2846555419022e-09,0.623687833126243,0.28,0.202,2.43121061304992e-05,"13","ZNRD1"
1.35363411826294e-09,0.506212065513795,0.366,0.292,2.56175256881262e-05,"13","COPS9"
1.4609223214762e-09,0.620647297166107,0.283,0.208,2.76479549339372e-05,"13","CCDC107"
1.49732538953223e-09,0.504712848098171,0.35,0.273,2.83368829968975e-05,"13","SF3B5"
1.55268030651714e-09,0.391119985966194,0.417,0.318,2.93844748008368e-05,"13","KLF2"
1.5543126317052e-09,0.456379047129102,0.409,0.336,2.9415366555021e-05,"13","CKLF"
1.70831879415585e-09,0.577360863035948,0.314,0.239,3.23299331793994e-05,"13","DUT"
1.72696259521503e-09,0.604031771332829,0.287,0.209,3.26827671144444e-05,"13","ATM"
1.79712744841364e-09,0.54529782579024,0.325,0.245,3.40106369612282e-05,"13","FKBP11"
2.25828893588031e-09,0.446461785851907,0.394,0.315,4.2738118111535e-05,"13","REX1BD"
2.70659141576808e-09,0.339604158259666,0.514,0.45,5.1222242543411e-05,"13","HIGD2A"
3.72184773862219e-09,0.349113583578035,0.496,0.435,7.0435968453425e-05,"13","ATP5MC3"
4.39081997086037e-09,0.261485785389824,0.622,0.572,8.30962679485325e-05,"13","NDUFA4"
5.35353180377578e-09,0.404849576353347,0.442,0.371,0.000101315589386457,"13","WAS"
5.79802208727839e-09,0.555875352767822,0.303,0.226,0.000109727568001744,"13","LUC7L3"
6.49083303070269e-09,0.408746168823387,0.434,0.363,0.000122839015106048,"13","COX5A"
7.0993507181694e-09,0.416659730792184,0.425,0.352,0.000134355212341356,"13","XBP1"
8.67805172610012e-09,0.495090099167929,0.344,0.272,0.000164232128916445,"13","NDUFA2"
9.20695280078768e-09,0.447193640548841,0.395,0.322,0.000174241581754907,"13","ITGAL"
9.38232602331002e-09,0.522036942683278,0.333,0.262,0.000177560519991142,"13","NDUFA12"
9.86411248329716e-09,0.48889840199166,0.336,0.258,0.000186678328746399,"13","PYHIN1"
1.05566213875763e-08,0.347677591226069,0.482,0.419,0.000199784059759881,"13","C4orf3"
1.41962690973398e-08,0.567862208394642,0.291,0.22,0.000268664392667155,"13","SSNA1"
1.43325626752135e-08,0.386278998538428,0.446,0.383,0.000271243748628415,"13","C19orf53"
1.45991501265349e-08,0.641017147566946,0.27,0.202,0.000276288916144673,"13","MRPL52"
1.81742688400617e-08,0.262062826632631,0.589,0.544,0.000343948037798167,"13","TRMT112"
1.92710128251417e-08,0.538902123333242,0.303,0.232,0.000364703917715806,"13","METTL26"
2.29901782125627e-08,0.278006820719394,0.593,0.531,0.000435089122672748,"13","H2AFZ"
2.8498346505273e-08,0.332487668916437,0.492,0.431,0.000539331207612291,"13","EIF4A2"
3.52144164887211e-08,0.496325451753849,0.318,0.243,0.000666432832049047,"13","CFLAR"
5.67388040471841e-08,0.324801423427464,0.493,0.437,0.00107378186659296,"13","SKAP1"
6.21722220005768e-08,0.364401879734857,0.437,0.369,0.00117660930136092,"13","MBP"
7.11010779256068e-08,0.522156980470003,0.325,0.262,0.00134558789974211,"13","MAP2K2"
7.45798698667738e-08,0.361679907070869,0.442,0.377,0.0014114240372287,"13","GNAI2"
7.57506174616238e-08,0.490106236889275,0.331,0.264,0.00143358043546123,"13","SRI"
9.37189548127836e-08,0.260229987444867,0.573,0.53,0.00177363121983193,"13","SEC61B"
1.10789960072951e-07,0.363727652589772,0.415,0.348,0.0020966999943806,"13","GNB2"
1.19938003275897e-07,0.520889058315202,0.308,0.245,0.00226982671199635,"13","MAPK1"
1.56719219782791e-07,0.550502985269076,0.26,0.192,0.00296591123438932,"13","CDC42EP3"
1.72827928402667e-07,0.282756858569747,0.512,0.455,0.00327076854502048,"13","NDUFB2"
1.74735212898319e-07,0.462781965341398,0.349,0.286,0.00330686390410068,"13","DYNLRB1"
1.94537165415606e-07,0.522446348690909,0.298,0.237,0.00368161585549034,"13","BANF1"
1.97771283722414e-07,0.506074503014996,0.304,0.237,0.00374282154444668,"13","PHB2"
2.04668145360892e-07,0.492748532302165,0.331,0.266,0.00387334465095488,"13","MRPS21"
2.14615254300337e-07,0.363749393069269,0.412,0.343,0.00406159368763387,"13","N4BP2L2"
3.53570181407725e-07,0.402834753068787,0.367,0.299,0.0066913156831412,"13","MRPL41"
3.98996201419486e-07,0.534553245842245,0.27,0.208,0.00755100311186377,"13","TMEM160"
5.19746134468077e-07,0.290842976250012,0.495,0.45,0.00983619559480836,"13","ATP5MF"
5.43622537599634e-07,0.495976723405707,0.287,0.224,0.0102880565240731,"13","C19orf70"
5.52805829011388e-07,0.560773589492157,0.257,0.197,0.0104618503140405,"13","ADD3"
5.98793921785515e-07,0.443238752432556,0.343,0.279,0.0113321749697909,"13","IDH2"
7.18092421312834e-07,0.365984839043221,0.413,0.36,0.0135898990733454,"13","VPS28"
7.21616921399045e-07,0.352618259876706,0.417,0.361,0.0136566002374769,"13","ATP5PF"
8.88833880568079e-07,0.382011642095847,0.381,0.318,0.0168211811897509,"13","SIGIRR"
1.03396865946683e-06,0.527453167108846,0.27,0.208,0.0195678568804097,"13","SYNE1"
1.07108972961747e-06,0.401027811711878,0.366,0.307,0.0202703731330106,"13","ABHD17A"
1.15416532126015e-06,0.405617505793989,0.349,0.287,0.0218425787048484,"13","DOK2"
1.19686286110909e-06,0.521574889727799,0.252,0.192,0.0226506296464895,"13","PHPT1"
1.26939136808519e-06,0.270070650185189,0.492,0.441,0.0240232316410122,"13","DRAP1"
1.28158562122382e-06,0.450777293554258,0.332,0.274,0.0242540078816609,"13","STUB1"
1.72619489057224e-06,0.497705884761534,0.266,0.205,0.0326682383040796,"13","LYAR"
1.83314782204991e-06,0.448642407658488,0.301,0.24,0.0346923225322946,"13","NDUFA11"
2.09018239837101e-06,0.431526217208032,0.319,0.26,0.0395567018891714,"13","TSTD1"
2.96163810359615e-06,0.395098831675305,0.382,0.328,0.0560490011105572,"13","PSMA5"
4.01594750457774e-06,0.327824223341403,0.409,0.355,0.0760018065241337,"13","NME2"
4.37366856977235e-06,0.479852737928348,0.261,0.204,0.0827716776829418,"13","VPS29"
4.39496881966335e-06,0.261318006914671,0.521,0.479,0.0831747849121289,"13","RSRP1"
4.82970334672187e-06,0.317577716040349,0.42,0.376,0.0914021358367114,"13","FKBP8"
5.89592525900729e-06,0.439586645719707,0.324,0.27,0.111580385526713,"13","RNF167"
6.25883675766064e-06,0.359316699807448,0.391,0.347,0.118448485638728,"13","ATP5PB"
6.5119076238569e-06,0.389782425309104,0.344,0.284,0.123237851781492,"13","PPP1R10"
8.93862931211926e-06,0.43544580675076,0.316,0.266,0.169163559731857,"13","NDUFAF3"
1.02886478392252e-05,0.365309385658796,0.294,0.231,0.194712660357337,"13","IFNG"
1.36569058623025e-05,0.498922525123292,0.255,0.204,0.258456943444075,"13","SNRPC"
1.47130370503901e-05,0.394784031360627,0.303,0.245,0.278444226178633,"13","ZYX"
1.55441609060044e-05,0.293781880163164,0.434,0.391,0.294173245146134,"13","PSMB3"
1.83133439257036e-05,0.41825449147695,0.298,0.246,0.346580033793941,"13","NDUFS8"
1.92046240199683e-05,0.368911070670108,0.341,0.29,0.3634475095779,"13","SNRPN"
2.03601441792385e-05,0.43387755182388,0.299,0.25,0.385315728592089,"13","NUCKS1"
2.71347222106407e-05,0.347128303484292,0.353,0.301,0.513524617836375,"13","IKZF3"
3.04524044434283e-05,0.41324868232435,0.257,0.204,0.576311754091881,"13","NAA10"
3.78866665480091e-05,0.453953496257486,0.282,0.235,0.717005164421072,"13","POLR2E"
3.94690945409471e-05,0.260972743259529,0.461,0.419,0.746952614187423,"13","ACAP1"
5.89396912756752e-05,0.445933940447048,0.265,0.219,1,"13","FERMT3"
6.05101565307407e-05,0.365389612054446,0.332,0.286,1,"13","CHST12"
6.40036744203163e-05,0.425557965448242,0.278,0.231,1,"13","PRKACB"
7.69118247609548e-05,0.448499842954495,0.256,0.208,1,"13","CHCHD10"
7.95428831821973e-05,0.345140495032828,0.362,0.322,1,"13","STOM"
0.000103084035280384,0.370219243070869,0.323,0.277,1,"13","CARD16"
0.000105983777445049,0.38423261547323,0.295,0.247,1,"13","RNF181"
0.000108597743816498,0.421164990114786,0.27,0.226,1,"13","COX14"
0.000143473755083929,0.269753528061002,0.408,0.373,1,"13","NAPA"
0.000158780041911598,0.255698679962775,0.413,0.37,1,"13","ISG15"
0.000164396566245642,0.262783606023351,0.424,0.385,1,"13","CUTA"
0.000183962623985805,0.353785440022898,0.331,0.291,1,"13","RAB1B"
0.000193770298674499,0.401044888215579,0.252,0.205,1,"13","DGUOK"
0.000212990345164667,0.323406560736721,0.371,0.341,1,"13","LSM7"
0.000240052970110089,0.382549917589958,0.28,0.237,1,"13","ITGB7"
0.000262702314582837,0.381128538973983,0.324,0.29,1,"13","ATP6V1F"
0.000328397687995653,0.404501323865658,0.268,0.228,1,"13","GTF2A2"
0.000357972221948374,0.412368547229891,0.253,0.213,1,"13","VASP"
0.000373136492037653,0.277380022802747,0.369,0.332,1,"13","PRDX5"
0.000395877208666263,0.250025906494741,0.417,0.391,1,"13","BRK1"
0.000411945291263156,0.397072359023164,0.269,0.229,1,"13","DCTN3"
0.000474156394210299,0.358572976406941,0.327,0.291,1,"13","DPP7"
0.000514530685373952,0.26253690894749,0.382,0.344,1,"13","KRT10"
0.000541923291927709,0.305117828277959,0.329,0.293,1,"13","ECH1"
0.000672792454584596,0.346887510167886,0.291,0.255,1,"13","SEC11A"
0.00085687760827305,0.253823774867705,0.415,0.391,1,"13","BSG"
0.000883614861248522,0.298193144465975,0.339,0.307,1,"13","TBCB"
0.000914137966768411,0.379705630712839,0.266,0.229,1,"13","MAF1"
0.00104362708672632,0.290016236275929,0.331,0.297,1,"13","NDUFS7"
0.00127398349760857,0.375886053908004,0.281,0.247,1,"13","GADD45GIP1"
0.00130489884480669,0.297599152823624,0.336,0.303,1,"13","SSBP1"
0.00153352159175262,0.275886090361138,0.34,0.308,1,"13","OSTF1"
0.00162195103456223,0.306621521128587,0.28,0.241,1,"13","HAX1"
0.00242722856026943,0.295796973198541,0.319,0.288,1,"13","MDH2"
0.00261689347900664,0.313243318828621,0.298,0.266,1,"13","MRPL57"
0.00285794698920794,0.328190436865205,0.257,0.223,1,"13","SF3A2"
0.0034459455387134,0.368261060147357,0.257,0.227,1,"13","AFF4"
0.00370854470587665,0.31992799613974,0.266,0.235,1,"13","OCIAD2"
0.00391521844724994,0.332442752670393,0.28,0.253,1,"13","YME1L1"
0.00411758494684731,0.27904263737855,0.303,0.272,1,"13","ANXA2"
0.0048787445520815,0.27658612260344,0.333,0.311,1,"13","UFC1"
0.00495900202150909,0.342116175273697,0.256,0.228,1,"13","SNHG12"
0.00549019459059211,0.270729129925744,0.331,0.305,1,"13","CITED2"
0.00561170120380183,0.252544627002645,0.335,0.308,1,"13","PPP1R12A"
0.00731203702138003,0.334923239470474,0.265,0.24,1,"13","SELENOS"
0.0074469911325061,0.313657246895437,0.251,0.221,1,"13","MYLIP"
0.00786906623271988,0.306612717755547,0.274,0.25,1,"13","PYURF"
0.00829895474680412,0.256931495594174,0.291,0.262,1,"13","PRDX2"
0.00842953477068549,0.269820994049975,0.287,0.259,1,"13","LIME1"
0.00854623557961365,0.294804697699571,0.281,0.254,1,"13","DDT"
0.00973201751310187,0.295135663912383,0.255,0.224,1,"13","TWF2"
0.00982575916499439,0.282517742688447,0.278,0.252,1,"13","TNFRSF14"
0,5.68846022460707,0.854,0.016,0,"14","TRDV2"
0,3.02434320934716,0.772,0.101,0,"14","TRGV9"
4.16510361845459e-289,2.06937207112653,0.711,0.164,7.88245859792531e-285,"14","IL7R"
3.73396224110221e-276,2.61275356888108,0.391,0.054,7.06652354128593e-272,"14","TRDC"
4.27536465862523e-229,2.79028730537748,0.331,0.048,8.09112761644825e-225,"14","IL12RB2"
6.72481267811926e-204,2.97589950589766,0.258,0.033,1.27267079933407e-199,"14","FEZ1"
5.57422794813883e-192,2.43495702542741,0.317,0.05,1.05492263918527e-187,"14","KLRC1"
6.27651525344902e-160,2.30214772932371,0.348,0.069,1.18783051171523e-155,"14","CEBPD"
3.37672638844764e-137,1.67061712492421,0.588,0.205,6.39045469013715e-133,"14","SATB1"
7.40121080060332e-105,1.8130489177556,0.378,0.108,1.40067914401418e-100,"14","PBX4"
5.49704375678807e-96,1.41723817174727,0.538,0.208,1.04031553097214e-91,"14","KDM6B"
7.71984828064569e-92,0.874125339267707,0.86,0.538,1.4609812871122e-87,"14","REL"
4.83310213229917e-90,1.24029994946967,0.602,0.25,9.14664578537618e-86,"14","CD55"
7.87381396735049e-85,1.80282348828985,0.303,0.084,1.49011929332108e-80,"14","CD83"
1.62376348547493e-81,1.27790352949791,0.56,0.244,3.07297239626131e-77,"14","NFKB1"
3.21904556412635e-73,1.12381782890506,0.618,0.295,6.09204373010912e-69,"14","IFNGR1"
4.33854458571772e-73,0.931579709576821,0.766,0.393,8.21069562847079e-69,"14","KLRB1"
2.84393170499792e-66,1.41442281332392,0.402,0.155,5.38214075170857e-62,"14","NINJ1"
3.43020084847197e-65,1.7220531472138,0.305,0.103,6.4916551057332e-61,"14","BCL2A1"
6.80282707776384e-61,0.921440796226005,0.685,0.384,1.28743502446681e-56,"14","NFE2L2"
7.19739558476501e-60,0.415152305955663,0.978,0.836,1.36210711441678e-55,"14","PABPC1"
8.43093368745668e-55,0.704598291334617,0.843,0.531,1.59555420035118e-50,"14","ANXA1"
5.10677562130048e-51,1.22356632960535,0.394,0.171,9.66457286331116e-47,"14","ZC3H12A"
5.37297509451669e-51,1.45375120383999,0.271,0.094,1.01683553663728e-46,"14","CD300A"
6.54441477554911e-51,0.579600491007958,0.891,0.628,1.23853049627267e-46,"14","TNFAIP3"
1.37676608210332e-50,0.985691238281093,0.537,0.274,2.60552981038054e-46,"14","RELB"
2.39255865656029e-50,0.860743453104273,0.64,0.37,4.52791725754034e-46,"14","NFKBIA"
1.26699999916228e-49,1.10632293764358,0.471,0.227,2.39779749841461e-45,"14","LMNA"
9.32573740524682e-48,1.05545186858962,0.429,0.193,1.76489580394296e-43,"14","CD160"
1.83078762443069e-47,0.90464299736498,0.548,0.28,3.46476557923508e-43,"14","LTB"
4.81306595954307e-46,1.30898945767143,0.3,0.115,9.10872732843526e-42,"14","GPR183"
5.24597134166988e-44,0.332125736789932,0.985,0.943,9.92800076411025e-40,"14","FTH1"
6.03227411757077e-44,0.760088366573227,0.683,0.413,1.14160787675027e-39,"14","FOSL2"
1.25670360521403e-41,1.04240157813718,0.402,0.187,2.37831157286756e-37,"14","PRNP"
6.79698911797138e-39,0.885232699597593,0.512,0.283,1.28633019057608e-34,"14","MAP3K8"
7.68779922968429e-39,1.04149018281531,0.389,0.184,1.45491600421775e-34,"14","NFKB2"
1.46414498152589e-38,0.953540586923033,0.465,0.242,2.77089437753775e-34,"14","CDKN1A"
4.60538643523284e-36,0.82739012771541,0.512,0.274,8.71569382867815e-32,"14","KLRG1"
8.468511340274e-36,1.00423770801503,0.386,0.189,1.60266577114685e-31,"14","ELL2"
1.17742933430265e-34,0.918347741351282,0.398,0.196,2.22828501516776e-30,"14","CD28"
1.43133307718331e-34,0.780756562892769,0.542,0.304,2.70879784856942e-30,"14","SLC7A5"
4.57228198009414e-34,0.825159062222191,0.489,0.267,8.65304364732817e-30,"14","CSRNP1"
4.95745179069381e-33,0.674903909463929,0.618,0.364,9.38197751388804e-29,"14","TRBC1"
1.15966955896582e-32,0.726518525702839,0.572,0.345,2.19467464034282e-28,"14","BCL3"
1.85363957691143e-31,0.458291035708448,0.872,0.657,3.50801289930488e-27,"14","EZR"
6.83804010785105e-31,0.902757742253154,0.405,0.215,1.29409909041081e-26,"14","NFKBIZ"
4.21332928963326e-28,0.466367843376309,0.851,0.639,7.97372568063095e-24,"14","LITAF"
5.89011036489185e-28,0.943091459988082,0.326,0.162,1.11470338655578e-23,"14","SOCS3"
1.30466590072279e-27,0.636662983370455,0.602,0.388,2.46908021711789e-23,"14","GPR65"
1.54059713804449e-27,0.676220777056112,0.546,0.333,2.9155800837492e-23,"14","RORA"
1.60914200964096e-27,0.977252202714903,0.315,0.156,3.04530125324552e-23,"14","ARL4A"
1.68308295413272e-27,0.44878498273331,0.849,0.649,3.18523449069617e-23,"14","TAGLN2"
1.72560116000106e-27,0.797449988240457,0.443,0.251,3.265700195302e-23,"14","DNAJB9"
3.86773768232534e-27,1.06898513483627,0.278,0.133,7.31969356380071e-23,"14","TWISTNB"
7.58762598045532e-27,0.795714521546066,0.406,0.224,1.43595821680117e-22,"14","PFKFB3"
2.33610576993971e-26,0.571564881113851,0.658,0.423,4.4210801696109e-22,"14","PDE4B"
3.58810754472853e-26,0.550906036987863,0.683,0.459,6.79049352839875e-22,"14","SPOCK2"
3.62398272551233e-26,0.592564660337614,0.623,0.4,6.85838730803208e-22,"14","JUND"
6.72111276147756e-26,0.477271352633556,0.782,0.582,1.27197059010963e-21,"14","SLC2A3"
9.46333772097887e-25,0.695094598191599,0.492,0.303,1.79093666369525e-20,"14","BIRC3"
1.80492999370179e-24,0.841533076075745,0.36,0.196,3.41583001308063e-20,"14","FBXO34"
1.97851333054705e-24,0.566820599218876,0.622,0.403,3.74433647806029e-20,"14","NR4A3"
2.6549168153854e-24,0.620976528985012,0.558,0.35,5.02443007311687e-20,"14","XBP1"
1.49252868483336e-23,0.417274634117146,0.857,0.658,2.82461053604714e-19,"14","SELENOK"
1.84267360544114e-23,0.59176075573447,0.569,0.365,3.48725979829736e-19,"14","PTGER4"
4.18068547608078e-23,0.552584523223991,0.625,0.392,7.91194726348288e-19,"14","KLRD1"
5.43023550456236e-23,0.628751588528567,0.531,0.344,1.02767206923843e-18,"14","DDX21"
1.20953595191243e-22,0.76610996773729,0.42,0.254,2.28904678899427e-18,"14","PIM3"
6.35018172160366e-22,0.453286999347148,0.748,0.544,1.20177189081349e-17,"14","VPS37B"
1.7304524330543e-21,0.432937640878122,0.798,0.598,3.27488122955527e-17,"14","FAM177A1"
2.17734933371699e-21,0.517262363962371,0.64,0.446,4.12063361405941e-17,"14","GADD45B"
2.80397328001244e-21,0.363246656877267,0.834,0.704,5.30651943242354e-17,"14","VIM"
3.14690298479182e-21,0.505185174448091,0.643,0.442,5.95551389871853e-17,"14","MYADM"
3.95665017349366e-21,0.844037714349777,0.322,0.175,7.48796045333674e-17,"14","AUTS2"
6.13612354642578e-21,0.450940856920659,0.725,0.538,1.16126138116108e-16,"14","SQSTM1"
9.14717341445062e-21,0.523786533701273,0.637,0.447,1.73110256868478e-16,"14","DUSP5"
2.8148279765294e-20,0.797721693613521,0.378,0.23,5.32706194558188e-16,"14","IFNG"
4.95526558200983e-20,0.477502035968306,0.668,0.477,9.37784011395361e-16,"14","RGCC"
6.19174834966977e-20,0.86884358158058,0.283,0.152,1.171788375175e-15,"14","SLC16A3"
1.71513451315837e-19,0.64833987612454,0.426,0.262,3.24589206615221e-15,"14","FAM107B"
1.94791754093254e-19,0.427236541567753,0.689,0.482,3.68643394621483e-15,"14","FOS"
5.71731749925025e-19,0.621136927862098,0.443,0.279,1.08200233673311e-14,"14","TIPARP"
9.65349700327798e-19,0.839281109147963,0.265,0.14,1.82692430787036e-14,"14","NXT1"
1.79084311016261e-18,0.491205820169323,0.631,0.44,3.38917058598274e-14,"14","SDCBP"
3.06281761771418e-18,0.654018025157017,0.369,0.218,5.79638234152409e-14,"14","AREG"
3.78360414560734e-18,0.51550715428056,0.569,0.393,7.16047084556189e-14,"14","STAT4"
4.59473306005581e-18,0.809646528602236,0.34,0.205,8.69553231615562e-14,"14","GZMB"
1.68270084787923e-17,0.357161834719607,0.845,0.657,3.18451135461144e-13,"14","YPEL5"
1.92144628854461e-17,0.772340601045394,0.312,0.182,3.63633710107068e-13,"14","LMNB1"
2.21460334937407e-17,0.593629806808494,0.442,0.278,4.19113683869042e-13,"14","HOPX"
2.27138960402928e-17,0.517141186082611,0.535,0.359,4.29860482562541e-13,"14","GABARAPL1"
2.805133418309e-17,0.74165807992677,0.252,0.132,5.30871499414979e-13,"14","DENND4A"
2.86626023480394e-17,0.45971121973691,0.625,0.44,5.42439749436647e-13,"14","UBE2S"
4.75637253115484e-17,0.304009215885721,0.898,0.742,9.00143501521053e-13,"14","CD7"
7.27393299966984e-17,0.533351044867237,0.486,0.321,1.37659182018752e-12,"14","SMAP2"
9.49484484568935e-17,0.658921535259917,0.4,0.254,1.79689938704671e-12,"14","SERPINB9"
1.40564618960932e-16,0.750294861070985,0.314,0.184,2.66018541383563e-12,"14","SC5D"
1.93121806239995e-16,0.465217386479186,0.651,0.501,3.65483018309191e-12,"14","MT2A"
2.18172266163123e-16,0.25268498891284,0.989,0.854,4.1289101371371e-12,"14","DUSP2"
2.38344291354719e-16,0.752605067447322,0.275,0.155,4.51066571388805e-12,"14","PHLDA1"
2.77384774586486e-16,0.560595652607957,0.462,0.304,5.24950685904925e-12,"14","CAST"
4.91464057598287e-16,0.254688523446701,0.949,0.816,9.30095729004758e-12,"14","ZFP36"
8.7646178222703e-16,0.356798606937494,0.78,0.617,1.65870392286465e-11,"14","MCL1"
1.05508692798314e-15,0.649324539732188,0.34,0.208,1.99675201120809e-11,"14","IL27RA"
1.06400622897322e-15,0.527674298301781,0.503,0.344,2.01363178833183e-11,"14","EIF5A"
1.25767040536736e-15,0.387537670116996,0.731,0.561,2.38014124215772e-11,"14","S100A10"
2.63271777050714e-15,0.514889269924393,0.5,0.34,4.98241838068476e-11,"14","CDK17"
3.76584739279678e-15,0.608920582762037,0.36,0.222,7.12686619086791e-11,"14","PLIN2"
7.90696285305598e-15,0.505500511850876,0.442,0.291,1.49639271994084e-10,"14","FOSB"
1.06106622298399e-14,0.493855433763547,0.515,0.36,2.0080678269972e-10,"14","ELOVL5"
1.58471186544072e-14,0.468178408703861,0.518,0.357,2.99906720534656e-10,"14","ARL4C"
2.40734195529509e-14,0.336172348650371,0.805,0.643,4.55589465039596e-10,"14","TGFB1"
4.1777317970659e-14,0.672839541831331,0.283,0.167,7.90635742594721e-10,"14","TTC39C"
4.48677553018098e-14,0.474372551287332,0.503,0.346,8.4912226908675e-10,"14","GPBP1"
4.86239329812427e-14,0.564005552480128,0.4,0.261,9.20207931670017e-10,"14","PRDX2"
8.80119742343858e-14,0.433972266305189,0.572,0.419,1.66562661238575e-09,"14","CD247"
9.37737635481444e-14,0.349802165343075,0.762,0.597,1.77466847514863e-09,"14","PIK3R1"
9.94083140688342e-14,0.411049867328761,0.632,0.468,1.88130234375269e-09,"14","G3BP2"
1.03359668091965e-13,0.396636833433922,0.638,0.475,1.95608171864043e-09,"14","MT-ND6"
1.89513522469677e-13,0.34977735040706,0.751,0.596,3.58654341273864e-09,"14","DDIT4"
1.97650342502072e-13,0.405167137151359,0.638,0.478,3.74053273185171e-09,"14","TERF2IP"
2.13019477789051e-13,0.316112790357671,0.971,0.754,4.03139361715778e-09,"14","CXCR4"
2.3545771969014e-13,0.329401329290615,0.797,0.619,4.4560373451359e-09,"14","ZNF331"
3.00481061969713e-13,0.462839633688259,0.511,0.36,5.68660409777682e-09,"14","PTP4A1"
4.58911841123274e-13,0.616927261201613,0.297,0.183,8.68490659325796e-09,"14","MORF4L2"
4.81709253807941e-13,0.498021015255219,0.449,0.304,9.11634762831528e-09,"14","EFHD2"
5.66870599693787e-13,0.334211049833783,0.728,0.563,1.07280260992049e-08,"14","HSPD1"
2.03337871985874e-12,0.339335071751087,0.706,0.557,3.84816922733267e-08,"14","ADGRE5"
2.3110316044358e-12,0.401883348298413,0.578,0.422,4.37362731139475e-08,"14","HNRNPUL1"
2.35278647005266e-12,0.644174305782865,0.266,0.161,4.45264839457466e-08,"14","TMEM123"
3.6602268609271e-12,0.357187463656724,0.669,0.529,6.92697933430453e-08,"14","SEC61B"
3.99526387612491e-12,0.607553390561304,0.308,0.195,7.56103688556639e-08,"14","BHLHE40"
8.15961992360751e-12,0.667322910170084,0.252,0.151,1.54420807054272e-07,"14","RIPOR2"
1.36846847032907e-11,0.353037178452249,0.663,0.529,2.58982658009777e-07,"14","GNG2"
1.47361570807273e-11,0.556579427579545,0.318,0.204,2.78881772752764e-07,"14","FKBP2"
2.1216164023512e-11,0.410947312774479,0.526,0.384,4.01515904144965e-07,"14","EIF3E"
2.56432537628447e-11,0.515640711880557,0.288,0.177,4.85298577461836e-07,"14","ERN1"
4.1137892934182e-11,0.300672198007661,0.931,0.729,7.78534623779395e-07,"14","CREM"
4.21674513175017e-11,0.433239229992,0.448,0.313,7.9801901618372e-07,"14","NAP1L1"
5.42752674597707e-11,0.342109569683315,0.666,0.517,1.02715943667616e-06,"14","BZW1"
7.31997988346284e-11,0.278567706133264,0.911,0.723,1.38530619294534e-06,"14","GZMK"
7.37933828294504e-11,0.476919318161918,0.38,0.262,1.39653977004735e-06,"14","ALG13"
9.04398596373732e-11,0.37058547355107,0.54,0.393,1.71157434363729e-06,"14","AHNAK"
1.02419116175947e-10,0.513467425514853,0.328,0.216,1.9382817736298e-06,"14","NOSIP"
1.14506435568649e-10,0.598616399033413,0.28,0.18,2.16703429313668e-06,"14","YIPF5"
1.4657425474145e-10,0.426118884504703,0.451,0.319,2.77391777098193e-06,"14","CSNK1D"
1.66535266540813e-10,0.331276154964917,0.645,0.484,3.15167991928488e-06,"14","EMP3"
2.22732805138877e-10,0.444073823664279,0.368,0.244,4.21521833725325e-06,"14","TRAT1"
2.27518101125913e-10,0.297596349247144,0.712,0.575,4.3057800638079e-06,"14","NDUFS5"
2.97145404735527e-10,0.45136794175397,0.412,0.293,5.62347678461985e-06,"14","POLR2K"
4.22203848412239e-10,0.381283801951982,0.48,0.344,7.99020783120163e-06,"14","SOCS1"
5.22204804137738e-10,0.437932626699987,0.405,0.281,9.88272591830669e-06,"14","SYNE2"
6.16743818181031e-10,0.475250963539899,0.388,0.274,1.1671876759076e-05,"14","MT1X"
6.83772126592136e-10,0.58481160043976,0.263,0.168,1.29403874957562e-05,"14","TNFSF14"
7.25919536435383e-10,0.488938950080476,0.36,0.252,1.37380272270396e-05,"14","DDX3Y"
7.5593072499299e-10,0.423146775031189,0.425,0.3,1.43059889704923e-05,"14","TMED10"
9.37021612705849e-10,0.32018382638208,0.645,0.506,1.77331340204582e-05,"14","CDC37"
9.80622168717646e-10,0.372921852327696,0.529,0.394,1.85582745429814e-05,"14","PRDX1"
1.09527773512383e-09,0.454638100409026,0.372,0.26,2.07281311372185e-05,"14","LINC01871"
1.25910556870689e-09,0.323729179945492,0.618,0.474,2.3828572887778e-05,"14","HNRNPA0"
1.27822587516073e-09,0.353902813855271,0.563,0.426,2.41904246874168e-05,"14","SYAP1"
1.53783520526221e-09,0.450879782697353,0.403,0.29,2.91035312595873e-05,"14","B4GALT1"
2.26520399314494e-09,0.38320240246194,0.432,0.309,4.28689855702681e-05,"14","SERTAD1"
2.31663047440565e-09,0.383595532217067,0.483,0.357,4.38422317281269e-05,"14","GABARAPL2"
3.22046468757137e-09,0.46029503915878,0.363,0.259,6.09472942122882e-05,"14","CHMP1B"
3.63540616749779e-09,0.365390181426282,0.462,0.334,6.88000617198957e-05,"14","AMD1"
3.82480854976574e-09,0.445487875097224,0.285,0.184,7.23845018043166e-05,"14","STT3B"
4.34355258446584e-09,0.561328068655224,0.271,0.179,8.22017326610159e-05,"14","SEC23B"
4.43868570748742e-09,0.296825461925156,0.692,0.554,8.40021270141993e-05,"14","KMT2E"
5.12932789260045e-09,0.348917100939953,0.525,0.395,9.70725303674635e-05,"14","SURF4"
6.14236892172642e-09,0.508178064759736,0.254,0.164,0.000116244331843672,"14","PER1"
6.40909419736933e-09,0.558529573937548,0.255,0.167,0.000121292107685215,"14","RAB9A"
6.95084806177253e-09,0.433747187816794,0.385,0.274,0.000131544799569045,"14","ETF1"
8.09292539565129e-09,0.37336401420435,0.449,0.329,0.000153158613112701,"14","ILF2"
1.1940926757371e-08,0.253834172671126,0.823,0.671,0.000225982038883245,"14","GZMM"
1.50783931473011e-08,0.293060691376035,0.663,0.523,0.000285358590312673,"14","HSP90B1"
1.58079698982158e-08,0.321121925916138,0.529,0.404,0.000299165830323733,"14","H2AFV"
2.16525660256045e-08,0.309159378175086,0.589,0.455,0.000409774812034564,"14","SNRPG"
2.1993087930629e-08,0.362020387660038,0.488,0.366,0.000416219189087154,"14","CHD1"
2.43830106045944e-08,0.278971227256717,0.651,0.517,0.00046144847569195,"14","CYCS"
2.86951067622228e-08,0.340176222252543,0.486,0.364,0.000543054895475067,"14","S100A11"
2.99962692550141e-08,0.335199222702235,0.5,0.378,0.000567679395651142,"14","RUNX3"
3.50408045634769e-08,0.355066950812114,0.477,0.359,0.0006631472263638,"14","TPM4"
3.84325287152061e-08,0.254446584403495,0.714,0.584,0.000727335605935275,"14","PDCD4"
3.96118355496187e-08,0.406181282406535,0.38,0.275,0.000749653987776535,"14","OSTC"
4.70572740614653e-08,0.280787528278558,0.615,0.489,0.000890558911613231,"14","TUBB4B"
5.14374327355306e-08,0.403928590217087,0.34,0.239,0.000973453414519916,"14","NR1H2"
5.74416756571008e-08,0.420012826760373,0.295,0.202,0.00108708371181063,"14","RNF139"
7.49490423988884e-08,0.286958521399358,0.605,0.472,0.00141841062739896,"14","RBM3"
7.79839822230577e-08,0.297460097546046,0.577,0.447,0.00147584686357137,"14","AES"
7.83033290483636e-08,0.276293673726256,0.638,0.505,0.00148189050224028,"14","DNAJB6"
9.24043322477222e-08,0.355043301124701,0.451,0.34,0.00174875198778814,"14","KPNA2"
9.64447513299079e-08,0.385602765460974,0.371,0.269,0.00182521691891851,"14","CLDND1"
1.04506815186261e-07,0.439143375008109,0.272,0.184,0.00197779147739998,"14","B3GNT2"
1.09119456384299e-07,0.254100140101746,0.686,0.554,0.00206508571207287,"14","CD44"
1.22745919711505e-07,0.417984402208281,0.311,0.217,0.00232296653054023,"14","PHF1"
1.26450126504461e-07,0.328615476090461,0.428,0.312,0.00239306864409692,"14","SLC3A2"
1.2761387655818e-07,0.396497418034942,0.318,0.222,0.00241509261386356,"14","RHEB"
1.32725177747656e-07,0.292010989942172,0.568,0.447,0.00251182398887439,"14","DDX3X"
1.39071245529306e-07,0.344616798234009,0.445,0.332,0.00263192332164211,"14","DHX36"
1.66734656439352e-07,0.428250691872313,0.338,0.245,0.00315545337311475,"14","IL21R"
1.88903747219377e-07,0.280443231731307,0.622,0.494,0.00357500341612671,"14","SRSF3"
2.23377282837116e-07,0.315861941812363,0.488,0.369,0.00422741507769242,"14","RSL24D1"
2.91990321120856e-07,0.281083681867729,0.558,0.429,0.00552591682721221,"14","IDS"
3.28550714332868e-07,0.304517166274794,0.488,0.374,0.00621782226874953,"14","PEBP1"
3.37251573433926e-07,0.253932900314914,0.74,0.599,0.00638248602723706,"14","PGK1"
3.9915984937683e-07,0.311265781903257,0.512,0.407,0.00755410014945651,"14","SEC61G"
4.20743840935564e-07,0.284346205309404,0.517,0.397,0.00796257718970556,"14","GTF2B"
6.98623617695382e-07,0.433717774813873,0.271,0.188,0.0132214519648851,"14","PTMS"
7.67941267684742e-07,0.335493145723656,0.343,0.245,0.0145332884909337,"14","FKBP11"
8.23155133086199e-07,0.349233061585231,0.391,0.294,0.0155782108936563,"14","AKIRIN1"
1.03826927517082e-06,0.305777220598803,0.465,0.358,0.0196492460326077,"14","BCAS2"
1.12989023353837e-06,0.364074008463555,0.343,0.253,0.0213831726697136,"14","PSMD13"
1.35015248362194e-06,0.317638659427962,0.426,0.321,0.0255516357525453,"14","PDIA6"
1.46220045049653e-06,0.318638273756998,0.398,0.302,0.0276721435256469,"14","ISCA1"
1.53446281109605e-06,0.374351556671613,0.292,0.208,0.0290397086999927,"14","ISG20L2"
1.57685557952441e-06,0.399560225115639,0.311,0.224,0.0298419918424994,"14","PAF1"
1.59764670737588e-06,0.315318851131299,0.337,0.241,0.0302354639370885,"14","MARCKSL1"
1.92355751414331e-06,0.295601130299602,0.497,0.39,0.0364033259551621,"14","HSPA9"
2.45898710076846e-06,0.362420228645542,0.288,0.205,0.046536330882043,"14","LYAR"
2.57178695389085e-06,0.269312509766153,0.569,0.451,0.0486710681023843,"14","GSPT1"
3.00570009916707e-06,0.307349512852395,0.454,0.356,0.0568828743767369,"14","RAB8B"
4.21500319831416e-06,0.356560332411736,0.335,0.249,0.0797689355280954,"14","PHF20"
4.42748732602132e-06,0.333294387058911,0.306,0.221,0.0837901976449535,"14","TM2D3"
4.51432338422043e-06,0.296951449338056,0.431,0.336,0.0854335700463716,"14","EIF4A1"
4.59124268470738e-06,0.333350047817869,0.303,0.219,0.0868892678080872,"14","SLIRP"
4.69738590235722e-06,0.356321945408687,0.262,0.183,0.0888980282021104,"14","TANK"
4.98821028255467e-06,0.273731920692733,0.403,0.304,0.0944018795973472,"14","ATP1A1"
5.22872453333211e-06,0.290540929827781,0.483,0.384,0.0989536117933101,"14","STRAP"
6.45805543662807e-06,0.333965694897546,0.302,0.219,0.122218699138186,"14","PNPLA8"
7.02165403183572e-06,0.355705744728321,0.309,0.227,0.132884802552491,"14","ANKRD37"
7.29007672620167e-06,0.337316656233308,0.318,0.235,0.137964702043367,"14","STAU1"
9.94694842254974e-06,0.320078110953693,0.395,0.307,0.188245998896754,"14","ABHD17A"
1.05580994533413e-05,0.30236576783738,0.408,0.319,0.199812032154484,"14","MOB4"
1.07176924783674e-05,0.311829803071899,0.331,0.245,0.202832330153103,"14","SBDS"
1.10053595762357e-05,0.385631116953659,0.265,0.19,0.20827642998026,"14","MAP2K3"
1.23352098488715e-05,0.346835306993925,0.314,0.232,0.233443846389894,"14","FBL"
1.32468428222212e-05,0.311159414231577,0.386,0.3,0.250696500410536,"14","LPXN"
1.3861024075715e-05,0.347363135074812,0.338,0.256,0.262319880632907,"14","VDAC1"
1.416398268758e-05,0.311207504748666,0.334,0.251,0.268053372362451,"14","SSR3"
1.42189362277426e-05,0.292340593668733,0.358,0.269,0.269093368110029,"14","SNRPF"
1.55410587457318e-05,0.250682528957697,0.46,0.356,0.294114536762974,"14","SKIL"
1.57477713693404e-05,0.355554873347232,0.262,0.188,0.298026573164768,"14","PRMT1"
1.5918671670436e-05,0.288679202045346,0.288,0.208,0.301260861363001,"14","CHCHD10"
1.7285313601954e-05,0.273447872467567,0.454,0.361,0.32712455991698,"14","YWHAQ"
1.95293956318556e-05,0.326494089118239,0.297,0.219,0.369593812332868,"14","JMJD1C"
1.96383648610811e-05,0.349554538777511,0.308,0.232,0.371656054995959,"14","TMED9"
2.20062530275693e-05,0.278496292183587,0.389,0.301,0.41646833854675,"14","RBBP6"
2.25380481430908e-05,0.331646985462439,0.298,0.223,0.426532561107994,"14","GPCPD1"
2.29003197435364e-05,0.253023032481652,0.463,0.36,0.433388551146427,"14","WTAP"
2.5095047834838e-05,0.303818530219107,0.377,0.297,0.474923780274309,"14","PPP1CB"
2.72844970755943e-05,0.400408349527579,0.254,0.185,0.516359107155623,"14","DCTN6"
2.99715009765098e-05,0.277161135231914,0.403,0.312,0.567210655980448,"14","RNASET2"
3.00541473780865e-05,0.251153005160807,0.483,0.384,0.568774739130288,"14","GHITM"
3.2635032930732e-05,0.2753038591066,0.335,0.251,0.617617998214104,"14","CD81"
3.65997172787283e-05,0.365136957410518,0.269,0.2,0.692649649499933,"14","RELA"
4.29897602434708e-05,0.261911330866254,0.372,0.286,0.813581212607685,"14","SPCS3"
4.38505274551219e-05,0.32827028037781,0.315,0.239,0.829871232088182,"14","NDUFA5"
4.46311378075018e-05,0.291051900342149,0.36,0.28,0.844644283006971,"14","SERINC3"
4.4664177967354e-05,0.304419709297745,0.291,0.217,0.845269568032174,"14","UFM1"
4.98582798158039e-05,0.25526435993438,0.422,0.332,0.943567945514089,"14","TRAM1"
5.49265864064086e-05,0.292395648310455,0.337,0.256,1,"14","GTF3A"
5.86002527333698e-05,0.337638783926514,0.263,0.193,1,"14","TNIP1"
5.89207620061018e-05,0.290352087126772,0.351,0.271,1,"14","ANXA2"
6.15426788809573e-05,0.319898268318727,0.322,0.249,1,"14","CRYBG1"
7.20291065276784e-05,0.356012199708119,0.262,0.195,1,"14","METAP2"
7.86126063441168e-05,0.296356648557604,0.3,0.227,1,"14","MYDGF"
8.13009907234709e-05,0.250015371379409,0.431,0.343,1,"14","KRT10"
8.19197136654993e-05,0.261794140644753,0.406,0.319,1,"14","PPP2CA"
8.54699642860621e-05,0.289532101475446,0.314,0.241,1,"14","H2AFX"
8.66020999096808e-05,0.338585927859047,0.283,0.213,1,"14","CCDC59"
8.90721563332507e-05,0.274874109324085,0.415,0.334,1,"14","TOP1"
9.06513686263444e-05,0.339425569565335,0.257,0.19,1,"14","TINF2"
0.00011308904390136,0.279408212725371,0.348,0.271,1,"14","ZFAND5"
0.000114307537512605,0.340391496319148,0.252,0.188,1,"14","SUPT5H"
0.000118652657238835,0.264826116884895,0.368,0.286,1,"14","TMED2"
0.000145913319316841,0.298345596420717,0.317,0.245,1,"14","MAPK1"
0.00017090450608488,0.295112226482781,0.271,0.204,1,"14","STAG2"
0.000180725605288802,0.287152743069144,0.289,0.222,1,"14","PDE4D"
0.000185397153107509,0.295425048445411,0.268,0.203,1,"14","EIF3J"
0.00018582535579221,0.304977663944432,0.302,0.233,1,"14","JOSD1"
0.000189972755832646,0.271309999932657,0.355,0.28,1,"14","LAPTM4A"
0.000215661052719462,0.265794546188761,0.278,0.209,1,"14","ATM"
0.000288676681237159,0.278573941016666,0.265,0.201,1,"14","LMAN1"
0.000422483391011421,0.251599812229426,0.369,0.296,1,"14","BIN2"
0.000445855920662272,0.250511541898916,0.306,0.237,1,"14","HBP1"
0.000482640004621568,0.2737435974684,0.294,0.229,1,"14","EIF5B"
0.000497143944972236,0.305997062089553,0.271,0.211,1,"14","SEC11C"
0.00062369204501656,0.256629514861856,0.266,0.203,1,"14","C4orf48"
0.000832344407595522,0.303725616096979,0.318,0.26,1,"14","CCL4L2"
0.000848456890019001,0.260651715526784,0.265,0.203,1,"14","SAR1A"
0.000963228318896395,0.261719876850056,0.257,0.199,1,"14","STIP1"
0.00131440453561859,0.278468215219191,0.251,0.197,1,"14","PNP"
0.00173392373533925,0.251350641299416,0.255,0.2,1,"14","SEC13"
0.00260799244421834,0.250123517233922,0.257,0.204,1,"14","MANF"
0,4.78243031395567,0.794,0.032,0,"15","FGFBP2"
0,2.49725968056262,0.906,0.2,0,"15","GZMB"
0,3.53988186160901,0.765,0.075,0,"15","GNLY"
0,4.51924768157008,0.49,0.022,0,"15","CX3CR1"
0,5.53180954122345,0.438,0.01,0,"15","PRSS23"
0,3.85973652867412,0.275,0.019,0,"15","VCL"
2.65807317462591e-321,3.10681817318116,0.462,0.053,5.03040348297953e-317,"15","ADGRG1"
5.08493806756792e-305,2.81525362839973,0.635,0.109,9.62324529287229e-301,"15","FCGR3A"
1.01057517657727e-230,2.41568027879508,0.619,0.126,1.91251352167249e-226,"15","S1PR5"
1.28199360533777e-210,2.33532285853446,0.623,0.141,2.42617289810173e-206,"15","TGFBR3"
8.58013595883505e-200,2.87476172582411,0.379,0.056,1.62379073020953e-195,"15","CEP78"
1.08370855042927e-195,3.08264153827522,0.315,0.039,2.05091843168739e-191,"15","GK5"
4.31833708939864e-195,2.37105963734875,0.544,0.111,8.17245294168692e-191,"15","KLF3"
7.57934535198264e-172,2.87890282662177,0.31,0.043,1.43439110786272e-167,"15","S1PR1"
7.49601929306884e-169,2.46028342607602,0.515,0.118,1.41862165121328e-164,"15","SPON2"
1.98369239541452e-166,2.75275164384244,0.342,0.053,3.75413785832198e-162,"15","C1orf21"
8.48343805205124e-166,2.07933710730588,0.592,0.148,1.6054906513507e-161,"15","RIPOR2"
2.1427259234151e-163,2.67613753102036,0.392,0.071,4.05510881006307e-159,"15","HSH2D"
3.5485124542705e-160,1.91703101010263,0.679,0.204,6.71555981970693e-156,"15","SYNE1"
2.15664953938813e-148,1.71083954177454,0.758,0.277,4.08145925329205e-144,"15","SYNE2"
2.66987779360437e-139,2.35541145771671,0.373,0.071,5.05274372439626e-135,"15","SORL1"
7.17041850238285e-136,1.27717244352383,0.915,0.509,1.35700170157595e-131,"15","PRF1"
7.97065663712968e-133,1.70951889132902,0.667,0.218,1.50844676857679e-128,"15","PDE4D"
8.75082934255239e-132,2.0019391881011,0.508,0.13,1.65609445307804e-127,"15","STK38"
2.96015983103076e-131,1.82100936221902,0.652,0.221,5.60210248022572e-127,"15","ITGB1"
6.65894484891434e-116,2.72407354000535,0.267,0.045,1.26020531265704e-111,"15","FGL2"
9.46440295641198e-116,2.02602106953005,0.41,0.095,1.79113825950097e-111,"15","PLAC8"
2.15725014641405e-110,1.92442073023951,0.498,0.144,4.08259590208858e-106,"15","IGF2R"
9.01528369219652e-110,1.52786033680497,0.683,0.251,1.70614243874819e-105,"15","CD55"
4.89899019830635e-107,1.7119197325835,0.579,0.192,9.27133895029476e-103,"15","BHLHE40"
6.99999390391115e-107,2.03310785204804,0.402,0.098,1.32474884631518e-102,"15","ADRB2"
1.09563653046073e-103,2.26666580364207,0.338,0.075,2.07349213389693e-99,"15","LYN"
5.49287763960043e-101,1.90746288388213,0.425,0.112,1.03952709329438e-96,"15","RASA3"
1.98707253822892e-98,1.88740794350353,0.44,0.123,3.76053477859824e-94,"15","RAP2B"
4.58762799773853e-97,1.66043922422853,0.55,0.184,8.68208598572017e-93,"15","P2RY8"
1.79079996229929e-89,1.2116981035027,0.773,0.378,3.3890889286514e-85,"15","ZEB2"
9.14335722382381e-87,1.87319946462121,0.356,0.09,1.73038035460866e-82,"15","PDE3B"
4.33934686773049e-86,1.54780056159033,0.556,0.202,8.21221394717996e-82,"15","ENC1"
3.78060116848467e-85,1.33314414884313,0.671,0.287,7.15478771135723e-81,"15","B4GALT1"
8.15747122822789e-85,1.70590703356181,0.458,0.143,1.54380142994213e-80,"15","ADAM10"
2.64629832331156e-83,2.1358025273706,0.31,0.075,5.00811957686713e-79,"15","KLRF1"
3.96968911530315e-79,1.69707337176836,0.44,0.14,7.51263665071121e-75,"15","DIP2A"
5.16275119414764e-79,1.14742941330232,0.771,0.417,9.77050663492441e-75,"15","CD247"
1.92242201876186e-78,2.25810553102172,0.26,0.058,3.63818367050681e-74,"15","NCR1"
1.86666760966012e-77,1.75517604270192,0.415,0.128,3.53266845128178e-73,"15","GNPTAB"
7.09899595706359e-73,2.11200458752448,0.267,0.063,1.34348498487428e-68,"15","CD226"
8.66838680554719e-73,1.08571228583866,0.754,0.389,1.64049220294981e-68,"15","FLNA"
1.12902238367586e-70,1.84157362352153,0.327,0.09,2.13667486110657e-66,"15","MCTP2"
1.16290155559931e-70,2.01053732894379,0.283,0.071,2.2007911939717e-66,"15","HAVCR2"
3.06700418856954e-70,0.867697571500078,0.871,0.544,5.80430542686786e-66,"15","SYTL3"
4.70737466003327e-69,2.0346735839012,0.256,0.06,8.90870654411297e-65,"15","GALNT3"
1.66106909549585e-68,1.08225603778588,0.742,0.392,3.1435732632259e-64,"15","AHNAK"
9.1784864690712e-67,1.81993609891379,0.327,0.094,1.73702856427172e-62,"15","CD300A"
4.12959721178852e-66,1.4336282602679,0.5,0.194,7.81526272330977e-62,"15","LPCAT1"
2.14548276821529e-65,1.62410341661975,0.383,0.123,4.06032613884743e-61,"15","MYBL1"
2.44832715162038e-64,1.67382606530546,0.333,0.097,4.63345913444156e-60,"15","PARP15"
4.80258236481749e-62,1.48550318715865,0.444,0.164,9.08888712541711e-58,"15","ATP2B1"
2.923736121324e-61,1.17090379200194,0.631,0.303,5.53317060960568e-57,"15","CAST"
3.03524244406501e-61,1.52339685888504,0.402,0.138,5.74419632539304e-57,"15","SSH2"
5.13367826527583e-61,1.85761964934781,0.288,0.08,9.71548611703451e-57,"15","TFDP2"
5.72292014804121e-60,1.47298062724589,0.45,0.174,1.0830626380168e-55,"15","AUTS2"
2.98851793566734e-59,1.85246706844677,0.273,0.075,5.65577019325045e-55,"15","PXN"
5.33453816882642e-59,1.70431273971768,0.304,0.089,1.0095613484504e-54,"15","YES1"
1.36094653254923e-58,1.20544989686357,0.573,0.256,2.57559131284942e-54,"15","LNPEP"
4.93710195725821e-57,1.24066731919878,0.548,0.241,9.34346545411117e-53,"15","SELPLG"
1.61101863950637e-56,0.340569497652912,0.998,0.93,3.04885277526581e-52,"15","PTPRC"
2.28129901043519e-54,1.69429762287244,0.327,0.107,4.31735837724859e-50,"15","TMEM71"
9.56759676318075e-52,1.11459585959014,0.592,0.291,1.81066768743196e-47,"15","UTRN"
2.56363665547238e-51,1.26517327607529,0.485,0.207,4.85168237048148e-47,"15","ATM"
7.31061670620274e-51,0.915892863216784,0.717,0.403,1.38353421164887e-46,"15","DDX6"
9.94269455650436e-49,1.31452113105475,0.431,0.175,1.88165494481845e-44,"15","SLC20A1"
4.29151727768709e-48,1.77625417433038,0.252,0.075,8.12169644802281e-44,"15","FGR"
1.89764483584927e-45,0.922447076304202,0.681,0.392,3.59129285184475e-41,"15","KLRD1"
3.18667973335837e-45,1.29215026738893,0.36,0.131,6.03079139538071e-41,"15","TYROBP"
1.13373628692615e-44,1.03294571774545,0.592,0.297,2.14559592300775e-40,"15","IFNGR1"
2.20271760737376e-44,0.752288926360703,0.8,0.507,4.16864307195484e-40,"15","TNFRSF1B"
8.27322821395911e-44,1.4470504350747,0.346,0.132,1.56570843949176e-39,"15","PTPRE"
1.09945322644597e-42,0.893630067460069,0.658,0.356,2.08071523104899e-38,"15","ARL4C"
4.89764180770029e-42,1.0624824751709,0.535,0.267,9.2687871210728e-38,"15","MACF1"
4.92281008887065e-41,0.917773592642408,0.615,0.328,9.31641809318771e-37,"15","CDC42SE1"
5.74783225216397e-41,1.00126851340416,0.573,0.303,1.08777725372203e-36,"15","EFHD2"
7.02691085072184e-41,1.00252503645985,0.552,0.282,1.32984287849911e-36,"15","DIAPH1"
2.99922785533065e-39,0.995457992018673,0.531,0.264,5.67603871621326e-35,"15","PLEKHA2"
3.10675794949874e-39,0.889227352584657,0.654,0.385,5.87953941942637e-35,"15","NFE2L2"
3.27691229600484e-39,1.24217636882936,0.371,0.152,6.20155652018915e-35,"15","SNRK"
4.2660479999375e-39,0.719679013495043,0.815,0.487,8.07349583988171e-35,"15","GZMH"
5.49519435666789e-39,0.83521666845893,0.673,0.393,1.0399655319994e-34,"15","STAT4"
2.15606476690665e-38,1.17588398924123,0.41,0.179,4.08035257137084e-34,"15","PTPN4"
2.70770268468265e-38,0.811807389570046,0.677,0.398,5.12432733076191e-34,"15","IQGAP1"
5.77609163573467e-38,0.951508773537011,0.556,0.297,1.09312534206279e-33,"15","SPN"
9.36570291007123e-38,1.51148817714542,0.252,0.085,1.77245927573098e-33,"15","SYT11"
7.36749215151767e-37,0.85963143150236,0.646,0.382,1.39429788967472e-32,"15","SUN2"
1.08146971202964e-36,1.10035188025469,0.446,0.209,2.0466814300161e-32,"15","ATP2B4"
2.18293437967587e-36,0.888177621009916,0.602,0.34,4.13120331353658e-32,"15","CDK17"
3.41142778057085e-36,0.752624173955603,0.702,0.437,6.45612707473033e-32,"15","AKNA"
4.21394517404843e-36,0.670733605797543,0.773,0.528,7.97489124188666e-32,"15","GNG2"
4.49411579894856e-36,1.47913367921154,0.256,0.09,8.50511414951015e-32,"15","PPP3CA"
2.50204201596544e-34,1.48222971077386,0.25,0.089,4.73511451521459e-30,"15","CPT1A"
3.7313829437138e-34,0.804996450706521,0.631,0.358,7.06164222097837e-30,"15","TLN1"
1.07298840743334e-33,1.11806731089557,0.373,0.163,2.0306305610676e-29,"15","MYO1F"
1.37986413644298e-33,1.28843124952308,0.312,0.127,2.61139287821834e-29,"15","CYP51A1"
2.08214683989453e-33,0.837543935384023,0.617,0.365,3.94046289450041e-29,"15","CHD1"
2.70800255199231e-33,1.30312120529329,0.315,0.129,5.12489482964544e-29,"15","ITPRIP"
3.08260258997713e-33,0.554669644344527,0.89,0.629,5.83382540153171e-29,"15","TNFAIP3"
3.7084230325644e-33,1.23386881182897,0.312,0.127,7.01819058912813e-29,"15","TMEM30A"
1.3019919692512e-32,0.805132504777946,0.617,0.367,2.4640198018079e-28,"15","MBP"
6.22306983184388e-32,1.10488315876206,0.419,0.205,1.17771596567645e-27,"15","ABLIM1"
6.24312039130065e-32,0.994502903936321,0.454,0.223,1.18151053405365e-27,"15","SAMD3"
7.93656753097917e-32,0.827901990328559,0.594,0.335,1.50199540523781e-27,"15","RALGAPA1"
8.92124630863398e-32,1.26097362850696,0.288,0.113,1.68834586390898e-27,"15","RCOR1"
1.04798076966175e-31,1.07129818366875,0.392,0.179,1.98330360658487e-27,"15","BTN3A1"
1.67288406312021e-31,0.72069909121063,0.673,0.417,3.16593308945499e-27,"15","ITGA4"
1.89230450914582e-31,0.889693239057682,0.525,0.283,3.58118628355847e-27,"15","ITK"
2.23901685103882e-31,0.77623017157647,0.627,0.377,4.23733939059096e-27,"15","NEAT1"
3.42444870367109e-31,0.597038929211386,0.796,0.556,6.48076917169753e-27,"15","RNF213"
5.32302113859227e-31,1.16704411536896,0.338,0.147,1.00738175047859e-26,"15","SYTL2"
1.04605345313307e-30,1.21179176221342,0.315,0.132,1.97965616005434e-26,"15","TLE4"
2.33577661535906e-30,0.597857317142328,0.777,0.553,4.42045724456702e-26,"15","JAK1"
3.29388049346517e-30,0.853422633225928,0.544,0.31,6.23366883388284e-26,"15","SLA2"
4.15689411615261e-30,0.849004687750791,0.558,0.318,7.86692211481881e-26,"15","IQGAP2"
4.23482035528442e-30,0.892898030527012,0.523,0.288,8.01439752237577e-26,"15","CYTH1"
5.9157221152236e-30,0.897108626496822,0.502,0.277,1.11955041030607e-25,"15","EIF3A"
9.5860282346905e-30,1.21923091514364,0.298,0.124,1.81415584341518e-25,"15","SAMD9"
3.20814116378883e-29,1.11933785267699,0.373,0.179,6.07140715247036e-25,"15","FRYL"
3.50672429070428e-29,1.32512935040797,0.273,0.112,6.63647572015786e-25,"15","HGSNAT"
6.18035308508153e-29,0.964837701710417,0.438,0.223,1.16963182135168e-24,"15","NIPBL"
7.04399806924773e-29,0.977096729830668,0.462,0.246,1.33307663460513e-24,"15","NFKB1"
7.14050398427354e-29,0.935811277830792,0.444,0.222,1.35134037902377e-24,"15","GPCPD1"
2.0158854597005e-28,0.965180716609726,0.423,0.212,3.81506323248319e-24,"15","CD46"
4.01157036887069e-28,0.998925709963011,0.398,0.196,7.59189692308779e-24,"15","ADD3"
8.66995021980855e-28,1.11442070900072,0.319,0.14,1.64078807909877e-23,"15","ITCH"
8.86992409672537e-28,0.730929627995621,0.631,0.388,1.67863313530528e-23,"15","GPR65"
1.17795155628723e-27,1.16036674673679,0.279,0.115,2.22927332027359e-23,"15","UBR2"
1.77324624405438e-27,0.992717951422523,0.39,0.19,3.35586851687291e-23,"15","UHMK1"
2.30765467294537e-27,0.957793764138487,0.421,0.215,4.36723646854911e-23,"15","PLEK"
2.4559158072553e-27,0.949174668024769,0.433,0.225,4.64782066523065e-23,"15","ARID5B"
2.94820093487931e-27,1.08642859329947,0.34,0.157,5.5794702692591e-23,"15","RIOK3"
3.15976847533559e-27,1.24769562007163,0.258,0.104,5.97986183957261e-23,"15","CPD"
1.05324758684413e-26,0.954756960212531,0.415,0.213,1.99327105810251e-22,"15","GOLGA4"
1.07659749183597e-26,1.31916207034487,0.256,0.106,2.03746075329957e-22,"15","TPP1"
1.27176989042513e-26,0.970235264985798,0.379,0.185,2.40682451762956e-22,"15","SACM1L"
1.81843432260914e-26,1.16450152177916,0.292,0.127,3.44138695553779e-22,"15","ADAM8"
2.01110244371427e-26,0.955817354634761,0.423,0.221,3.80601137472926e-22,"15","GLG1"
3.82618885918399e-26,1.02725296338576,0.346,0.161,7.24106241600571e-22,"15","TES"
4.0416733470037e-26,1.2362929079807,0.252,0.103,7.6488668092045e-22,"15","KIAA1109"
6.21504986123718e-26,1.18281719136069,0.265,0.11,1.17619818623914e-21,"15","TRANK1"
7.41659342861578e-26,0.658841712091001,0.648,0.408,1.40359030636554e-21,"15","ACTR2"
8.05663200277144e-26,0.691399388418443,0.642,0.417,1.52471760652449e-21,"15","APMAP"
1.2475889247445e-25,0.746017457215383,0.575,0.341,2.36106204007896e-21,"15","SMARCA5"
1.28129258507827e-25,0.966211502362258,0.394,0.203,2.42484621726063e-21,"15","RNF168"
1.29091251643153e-25,0.582801891242895,0.744,0.519,2.44305193734667e-21,"15","CEMIP2"
3.185364932973e-25,0.721030263424514,0.565,0.333,6.0283031356514e-21,"15","RORA"
5.54635635183319e-25,0.669264492470687,0.569,0.317,1.04964793958443e-20,"15","KLF2"
1.20760403268635e-24,0.919545581794104,0.379,0.19,2.28539063185891e-20,"15","BIRC6"
1.43850606578676e-24,1.16210095342922,0.254,0.106,2.72237272950144e-20,"15","MKLN1"
1.80054837885808e-24,0.647261855123653,0.652,0.42,3.40753780698892e-20,"15","RNF125"
2.10392901462549e-24,1.13427281537285,0.256,0.107,3.98168566017875e-20,"15","SPTBN1"
3.7839472861466e-24,1.17641275279553,0.26,0.112,7.16112023903243e-20,"15","KDM2B"
5.24271242142519e-24,1.03911968249714,0.312,0.146,9.92183325754717e-20,"15","MGAT4A"
5.76614552077993e-24,0.82170445197257,0.442,0.236,1.0912430398076e-19,"15","VPS13C"
7.08473339239084e-24,1.16090674882383,0.277,0.124,1.34078579450997e-19,"15","GTF3C1"
8.10111917118541e-24,0.974284855056033,0.331,0.158,1.53313680314684e-19,"15","TRAPPC10"
8.70020601757457e-24,0.832217157517431,0.462,0.257,1.64651398882599e-19,"15","PYHIN1"
9.56060194291831e-24,0.694026804665494,0.556,0.33,1.80934391769729e-19,"15","ZBTB1"
1.4955217766756e-23,1.01598096491779,0.31,0.144,2.83027496235858e-19,"15","PUM2"
2.06307541995421e-23,0.913094520242162,0.385,0.2,3.90437023226334e-19,"15","SPPL2A"
2.7136143405181e-23,1.01096888885953,0.329,0.16,5.13551513943051e-19,"15","RAB29"
2.73955577101869e-23,0.831011807582455,0.481,0.284,5.18460929665287e-19,"15","MAP3K8"
3.19634673074136e-23,0.501989246856762,0.815,0.597,6.04908618792802e-19,"15","PIK3R1"
6.74496861113668e-23,0.764334800642558,0.475,0.265,1.27648530965762e-18,"15","SEMA4D"
6.93745399833197e-23,0.60296733886756,0.65,0.413,1.31291316918432e-18,"15","DDX17"
7.06569940359783e-23,0.626001170020556,0.637,0.415,1.33718361213089e-18,"15","FOSL2"
7.42498370333041e-23,0.724004944691157,0.531,0.313,1.40517816585528e-18,"15","CANX"
8.6835322068192e-23,0.839059828990923,0.425,0.232,1.64335847014053e-18,"15","LBR"
1.5576344647261e-22,0.998271361538587,0.294,0.135,2.94782322449414e-18,"15","PPP2R5A"
2.36724809876433e-22,1.10771354027765,0.256,0.113,4.48001702691149e-18,"15","SEC14L1"
2.53474750913086e-22,0.755901944632948,0.504,0.298,4.79700966103015e-18,"15","STK10"
2.7246326565247e-22,0.920600286320157,0.371,0.193,5.15636730247299e-18,"15","PTPRA"
3.17473666786064e-22,0.751703634151658,0.498,0.295,6.00818914392626e-18,"15","BIN2"
3.30569660337952e-22,0.826360041764224,0.435,0.242,6.25603082189575e-18,"15","ATP8A1"
3.49335981143682e-22,0.986614284219915,0.31,0.148,6.61118344314419e-18,"15","NR1D2"
3.49573273371264e-22,1.10991380948445,0.256,0.113,6.61567419855117e-18,"15","CCNT2"
4.61811251672927e-22,1.03916652423755,0.292,0.138,8.73977793791014e-18,"15","SEL1L"
5.1728409056703e-22,0.71680677828164,0.535,0.331,9.78960141398105e-18,"15","FMNL1"
5.99720396061805e-22,0.3869183401798,0.875,0.705,1.13497084954697e-17,"15","LCP1"
6.68532839291626e-22,1.02887153396521,0.31,0.152,1.2651983983594e-17,"15","SETX"
7.03563074924287e-22,1.14635831404504,0.267,0.122,1.33149311929421e-17,"15","TMBIM1"
7.60947593145004e-22,0.736294159686681,0.529,0.331,1.44009332002692e-17,"15","CD47"
9.83887522091147e-22,0.790772343213917,0.452,0.254,1.8620071355575e-17,"15","PAFAH1B1"
1.13095169055156e-21,0.772500645541852,0.458,0.26,2.14032607436883e-17,"15","APOL6"
3.09483593134574e-21,0.878076248055201,0.381,0.205,5.85697700007182e-17,"15","TBX21"
3.24763602215374e-21,1.02316775805418,0.275,0.126,6.14615117192595e-17,"15","BTN3A3"
3.8452813809156e-21,1.10768294556995,0.254,0.114,7.27719501338278e-17,"15","ELF2"
3.85528793378113e-21,1.03352471349847,0.277,0.128,7.29613241468079e-17,"15","AP3B1"
4.63428154389418e-21,0.9478920266019,0.296,0.14,8.77037782181973e-17,"15","PARP14"
7.52968133770931e-21,0.835912028070281,0.392,0.211,1.42499219316149e-16,"15","KDM5A"
9.42653348172786e-21,0.79951717036355,0.402,0.218,1.783971461417e-16,"15","PTBP3"
9.98282175944023e-21,0.72286110748945,0.525,0.337,1.88924901797406e-16,"15","AOAH"
1.1614931513877e-20,1.07113042550578,0.271,0.127,2.19812578900122e-16,"15","GSK3B"
1.2169146941045e-20,0.581457295409931,0.665,0.442,2.30301105859277e-16,"15","PRKCH"
1.25293450186667e-20,0.824269970499266,0.415,0.23,2.37117854478266e-16,"15","VPS4B"
2.05502262248683e-20,0.844838729668037,0.362,0.189,3.88913031305633e-16,"15","NCKAP1L"
2.36030596424286e-20,0.612607301681986,0.596,0.384,4.46687903732961e-16,"15","SMCHD1"
3.68266767470017e-20,0.969448309984953,0.3,0.147,6.96944857437007e-16,"15","USP47"
3.76084833873974e-20,0.672749253109927,0.531,0.328,7.11740548106497e-16,"15","SLC38A2"
3.95365928954021e-20,0.676024342569546,0.537,0.34,7.48230020545485e-16,"15","CCND2"
8.33059224566508e-20,0.527017480221684,0.694,0.492,1.57656458249212e-15,"15","SLC38A1"
8.55986428430473e-20,1.05636226815416,0.277,0.134,1.61995431580467e-15,"15","KLHL24"
9.64736888369441e-20,0.916533369062453,0.329,0.172,1.82576456123917e-15,"15","CLTC"
9.66445733063569e-20,0.876762293852556,0.304,0.149,1.8289985498228e-15,"15","CASP8"
9.68410717966489e-20,0.838038593509934,0.367,0.196,1.83271728375158e-15,"15","DOCK10"
1.041796031917e-19,0.654969612198574,0.55,0.36,1.97159899040292e-15,"15","PSAP"
1.0599412512485e-19,0.896222932299658,0.329,0.17,2.00593881798779e-15,"15","RB1CC1"
1.23289756155287e-19,1.04711405902161,0.273,0.131,2.33325863523881e-15,"15","UAP1"
1.4574874155265e-19,0.650399699426654,0.537,0.335,2.75829493388389e-15,"15","MAPRE2"
2.62584837838722e-19,0.527434789576134,0.688,0.477,4.96941805609781e-15,"15","RSRP1"
2.8241325439254e-19,0.960680150211046,0.25,0.114,5.34467083937882e-15,"15","USP33"
3.06562035251304e-19,1.00472833426025,0.254,0.117,5.80168651713093e-15,"15","ADIPOR2"
4.01439084416896e-19,0.952497052611237,0.321,0.166,7.59723467258975e-15,"15","RC3H1"
4.65761617160732e-19,0.949453018979038,0.319,0.168,8.81453860476686e-15,"15","PRKDC"
5.31954002390172e-19,0.829242337910984,0.371,0.203,1.0067229495234e-14,"15","STAG2"
8.16035189146933e-19,0.601293641839619,0.575,0.366,1.54434659546057e-14,"15","SERINC1"
8.40042683994628e-19,0.485125718683001,0.756,0.545,1.58978077945983e-14,"15","VPS37B"
8.72937915262234e-19,0.837683595642411,0.36,0.196,1.65203500463378e-14,"15","FBXO34"
9.72177337025564e-19,0.825939802688745,0.344,0.182,1.83984561032088e-14,"15","OSBPL8"
9.93875719734117e-19,0.680858436113829,0.496,0.302,1.88090979959682e-14,"15","ANKRD44"
1.05329652224655e-18,0.533684973738311,0.675,0.462,1.99336366835159e-14,"15","PTPN22"
1.08634934282131e-18,0.807854103233177,0.367,0.201,2.05591613128932e-14,"15","ACIN1"
1.68262831716572e-18,0.746220741282762,0.417,0.238,3.18437409023612e-14,"15","PPP4R3A"
1.90696702880364e-18,0.779937017576017,0.39,0.22,3.60893510201088e-14,"15","OGA"
2.10707421869998e-18,0.875782176640433,0.306,0.156,3.98763795888971e-14,"15","KMT2C"
2.12937525183269e-18,0.801651723124104,0.373,0.205,4.02984266409337e-14,"15","TM9SF2"
2.3839859826466e-18,0.663240255047442,0.51,0.32,4.5116934721587e-14,"15","NFATC2"
3.06316574149009e-18,0.628688447403341,0.558,0.366,5.79704116576999e-14,"15","PTGER4"
3.70973955561545e-18,0.875649041680848,0.342,0.185,7.02068210900224e-14,"15","DNAJC3"
3.90049725966313e-18,0.895895352726075,0.321,0.169,7.38169106391247e-14,"15","ADD1"
4.6920827115838e-18,0.768952678422915,0.423,0.253,8.87976653167234e-14,"15","GPRIN3"
5.58110704810606e-18,0.848965129912145,0.335,0.179,1.05622450885407e-13,"15","TMOD3"
5.60568797388711e-18,0.808240442777917,0.352,0.192,1.06087644905814e-13,"15","EPB41"
5.82239933080863e-18,0.863366821320714,0.323,0.17,1.10188907335553e-13,"15","CEP350"
6.80264940921485e-18,0.832141521663461,0.315,0.162,1.28740140069391e-13,"15","CAND1"
9.1550712284639e-18,0.47802115843835,0.725,0.522,1.73259722998679e-13,"15","MSN"
1.0273738272076e-17,0.742026423781017,0.404,0.232,1.94430496799038e-13,"15","JOSD1"
1.03058440792956e-17,0.747242832264471,0.406,0.233,1.95038099200669e-13,"15","RFTN1"
1.24046738041954e-17,0.652004256534083,0.508,0.32,2.34758451744399e-13,"15","RASSF5"
1.31918423182257e-17,1.02653432558881,0.25,0.121,2.49655615872422e-13,"15","DPYD"
1.57014244908978e-17,0.643433385593847,0.531,0.345,2.97149458490241e-13,"15","SRPRA"
1.63959794367773e-17,0.848672830257955,0.346,0.19,3.10293910841011e-13,"15","TPST2"
2.09037269661526e-17,0.913943753782529,0.292,0.15,3.95603032834438e-13,"15","MFSD14A"
2.1548458049745e-17,0.768444184718332,0.373,0.209,4.07804568591424e-13,"15","SATB1"
2.38735600662105e-17,0.941778666964705,0.281,0.144,4.51807124253034e-13,"15","PRDM2"
3.02920571902084e-17,0.76336036087997,0.404,0.239,5.73277182324694e-13,"15","TACC1"
3.30604426357866e-17,0.835843470730542,0.312,0.165,6.25668876882262e-13,"15","INPP5D"
4.48344931840033e-17,0.818462599433168,0.331,0.178,8.48492783507262e-13,"15","PJA2"
5.07099782109785e-17,0.900959826723053,0.265,0.13,9.59686337642768e-13,"15","KANSL1"
5.53455908858992e-17,0.937228245125603,0.275,0.14,1.04741530751564e-12,"15","BIRC2"
6.83441789551543e-17,0.819494488457632,0.346,0.195,1.2934135867263e-12,"15","BPTF"
1.01924824532289e-16,0.606661683427717,0.506,0.321,1.92892730427356e-12,"15","ITGAL"
1.3027068760277e-16,0.546001067140789,0.588,0.398,2.46537276288243e-12,"15","RNF149"
1.94392931544155e-16,0.72644342234149,0.423,0.26,3.67888622947313e-12,"15","CNOT2"
1.95064368458099e-16,0.60405421172476,0.531,0.355,3.69159317306953e-12,"15","RAB8B"
2.10225486860568e-16,0.641781187025827,0.475,0.296,3.97851733883625e-12,"15","IL10RA"
4.29339139320476e-16,0.790994266019436,0.323,0.176,8.12524321164001e-12,"15","ZNF292"
4.90939145471555e-16,0.729634652246815,0.362,0.204,9.29102332804919e-12,"15","PHF3"
5.22205164597392e-16,0.814278342021985,0.312,0.169,9.88273274000564e-12,"15","BRAF"
6.54109810186524e-16,0.665529942408034,0.412,0.244,1.237902815778e-11,"15","CAPN2"
9.57236563442546e-16,0.912233576648006,0.26,0.132,1.81157019631502e-11,"15","TMEM43"
1.06509366161958e-15,0.722336802874193,0.369,0.213,2.01568975461506e-11,"15","RNF115"
1.22543849044785e-15,0.351354867106129,0.842,0.702,2.31914234317255e-11,"15","ITGB2"
1.31477894693558e-15,0.40207416926678,0.779,0.61,2.48821915707558e-11,"15","PDIA3"
2.31444461597265e-15,0.733041976069573,0.388,0.231,4.38008643572824e-11,"15","CCNT1"
2.53789117110413e-15,0.835764858401445,0.273,0.143,4.80295904131456e-11,"15","MAP3K2"
2.75251679317649e-15,0.793714577288487,0.308,0.169,5.20913803108651e-11,"15","CCDC88C"
2.9653570538793e-15,0.775499397456895,0.329,0.185,5.61193822446658e-11,"15","XRN1"
3.20239914419021e-15,0.862137481040507,0.277,0.146,6.06054038037997e-11,"15","CRBN"
3.28594877769913e-15,0.67909557155204,0.385,0.225,6.2186580617956e-11,"15","TGOLN2"
3.50527982774272e-15,0.632774213703613,0.423,0.258,6.6337420740031e-11,"15","ATF7IP"
3.87455067753717e-15,0.757171677742492,0.3,0.161,7.3325871572391e-11,"15","ASH1L"
4.23681807920452e-15,0.825478515496292,0.267,0.138,8.01817821489455e-11,"15","NFAT5"
4.47196266461004e-15,0.40555014102748,0.767,0.565,8.4631893427745e-11,"15","IER2"
4.81865924837005e-15,0.705670539387516,0.39,0.236,9.11931262754032e-11,"15","ITGB7"
5.39091008565534e-15,0.889491274253476,0.269,0.142,1.02022973371027e-10,"15","ARFGAP3"
5.78595465046169e-15,0.550150956880438,0.552,0.374,1.09499191759987e-10,"15","CD164"
6.36592389809488e-15,0.724348498676767,0.342,0.195,1.20475109771446e-10,"15","HIST1H1E"
1.13980416451141e-14,0.538404616629344,0.517,0.337,2.15707938133784e-10,"15","KIAA1551"
1.33822333466414e-14,0.746488933040147,0.331,0.189,2.53258766085188e-10,"15","COPA"
1.39887539097463e-14,0.415892863615417,0.727,0.538,2.64737167741949e-10,"15","BTG2"
1.44126253756785e-14,0.771364897905055,0.327,0.188,2.72758935234716e-10,"15","FAM13B"
1.46605186749177e-14,0.825421128822354,0.288,0.157,2.77450315922818e-10,"15","CCPG1"
3.24129352159833e-14,0.777917403798322,0.29,0.159,6.13414798962484e-10,"15","GFPT1"
3.28791733625446e-14,0.732636947736112,0.346,0.204,6.22238355886156e-10,"15","BDP1"
3.55406912958723e-14,0.795443756759782,0.277,0.148,6.72607582774383e-10,"15","RUNX1"
4.08068984561104e-14,0.763622327896178,0.335,0.195,7.72270553281889e-10,"15","TAOK3"
4.25307531720799e-14,0.843402894356825,0.254,0.133,8.04894503781611e-10,"15","NORAD"
4.34889531127545e-14,0.779483451410484,0.288,0.158,8.23028437658879e-10,"15","TNIK"
5.20383912335618e-14,0.71532736596334,0.312,0.174,9.84826554095157e-10,"15","TM9SF3"
5.30889176311518e-14,0.55057669877766,0.485,0.313,1.00470776616955e-09,"15","POLR2A"
5.51064059392943e-14,0.734043109134751,0.294,0.16,1.04288873240114e-09,"15","SRPK2"
5.86233300832986e-14,0.55089389928076,0.537,0.377,1.10944652182643e-09,"15","IL2RB"
5.94250666885987e-14,0.766085217308663,0.283,0.155,1.12461938708173e-09,"15","MSL2"
7.34649272847702e-14,0.646108793832162,0.415,0.262,1.39032374886428e-09,"15","ITSN2"
8.05994040935546e-14,0.684407611792572,0.356,0.211,1.52534372247052e-09,"15","ARHGAP30"
8.26044999828992e-14,0.701103195131046,0.371,0.226,1.56329016217637e-09,"15","AFF4"
9.19999140097514e-14,0.876285204314192,0.252,0.135,1.74109837263455e-09,"15","POM121"
1.52896967787785e-13,0.751988674446671,0.315,0.182,2.89357511538383e-09,"15","LMNB1"
1.5549298815403e-13,0.675888206170451,0.354,0.208,2.94270480081502e-09,"15","SRSF4"
1.62079727151086e-13,0.735016757116913,0.31,0.178,3.06735883633431e-09,"15","HELZ"
2.06032090100064e-13,0.758025373285792,0.304,0.175,3.89915730514371e-09,"15","NRDC"
2.70009459001082e-13,0.526876095539137,0.529,0.378,5.10992901159548e-09,"15","THRAP3"
2.82230993714379e-13,0.660754476112081,0.373,0.228,5.34122155604462e-09,"15","CTSS"
5.066829221604e-13,0.744471406626244,0.292,0.164,9.58897430188557e-09,"15","SAFB"
5.13368983075918e-13,0.718952586509981,0.312,0.181,9.71550800471175e-09,"15","SMU1"
6.78120044255898e-13,0.423709319738825,0.665,0.508,1.28334218375429e-08,"15","AKAP13"
9.83646959254652e-13,0.610529401902067,0.375,0.23,1.86155187038943e-08,"15","SMARCA2"
1.02187750199819e-12,0.40059740346958,0.694,0.523,1.93390317253157e-08,"15","HSP90B1"
1.02924373255012e-12,0.812710309451442,0.26,0.144,1.9478437638511e-08,"15","PRKCQ"
1.03751381561581e-12,0.600712797818382,0.406,0.252,1.96349489605291e-08,"15","DDX3Y"
1.07491713854598e-12,0.506549026461614,0.531,0.37,2.03428068469828e-08,"15","AC016831.7"
1.26870690169761e-12,0.613313723553422,0.388,0.243,2.40102781146272e-08,"15","FNBP4"
1.38569908856683e-12,0.425450691325147,0.679,0.493,2.62243552511272e-08,"15","NR3C1"
1.50347637035622e-12,0.854382529415085,0.25,0.137,2.84532903089914e-08,"15","PBRM1"
1.61036345581231e-12,0.654641942866381,0.381,0.242,3.0476128401248e-08,"15","CYLD"
1.87218154960349e-12,0.560524412993197,0.435,0.283,3.54310358262461e-08,"15","DYNC1H1"
1.94330288094789e-12,0.67201097769025,0.354,0.216,3.67770070219388e-08,"15","RASA2"
2.91935596022139e-12,0.574454543023268,0.429,0.282,5.52488115471898e-08,"15","BTN3A2"
3.06195843282e-12,0.691963853184528,0.269,0.149,5.79475633411185e-08,"15","HUWE1"
3.16898673662507e-12,0.368599192111588,0.715,0.555,5.99730739906294e-08,"15","EIF4G2"
3.30626146033092e-12,0.557353884355084,0.433,0.285,6.25709981367628e-08,"15","ROCK1"
3.41076576348663e-12,0.452341270668681,0.6,0.431,6.45487420739845e-08,"15","RNF19A"
4.85018542432885e-12,0.680369876170093,0.31,0.184,9.17897591554235e-08,"15","GOLGB1"
7.70169178731804e-12,0.785480365179638,0.254,0.142,1.45754517074994e-07,"15","CLIC3"
8.05087806912489e-12,0.726194068700418,0.271,0.153,1.52362867458188e-07,"15","SP3"
8.47150932926713e-12,0.58506596747598,0.396,0.255,1.6032331405638e-07,"15","SERPINB9"
8.90594139544796e-12,0.487509735780616,0.515,0.356,1.68544940908853e-07,"15","SKIL"
1.10702423699879e-11,0.758928314304272,0.267,0.153,2.09504336852021e-07,"15","S1PR4"
1.13978829489801e-11,0.628806780825685,0.358,0.223,2.15704934809449e-07,"15","SYTL1"
1.31572812938451e-11,0.675339590208429,0.317,0.191,2.49001548486018e-07,"15","ELL2"
1.43496907100242e-11,0.542722261047727,0.406,0.259,2.71567896687208e-07,"15","TAF15"
1.47728424380687e-11,0.675359130987103,0.271,0.153,2.79576043140451e-07,"15","JADE2"
1.52563936532602e-11,0.398518993369656,0.692,0.541,2.8872724988795e-07,"15","REL"
1.57730386629165e-11,0.655126133089322,0.323,0.195,2.98504756695694e-07,"15","OS9"
1.7382413512624e-11,0.694518910910683,0.325,0.2,3.2896217572641e-07,"15","MYO1G"
2.31901478512653e-11,0.770503578759891,0.252,0.141,4.38873548085196e-07,"15","CNOT4"
2.46686259925687e-11,0.68321071679841,0.31,0.188,4.66853746909364e-07,"15","RASSF1"
2.55618151243718e-11,0.7415863762734,0.269,0.156,4.83757351228737e-07,"15","UBQLN1"
2.69746898693574e-11,0.528721479908702,0.431,0.284,5.10496005777589e-07,"15","USP15"
2.95962665671068e-11,0.550718138529253,0.429,0.288,5.60109344782495e-07,"15","ADSS"
3.23344283700304e-11,0.695043166018374,0.315,0.193,6.11929056902825e-07,"15","F2R"
3.31245814496257e-11,0.743883043097326,0.265,0.153,6.26882703934167e-07,"15","EFCAB14"
3.62549436421735e-11,0.664972886743468,0.317,0.194,6.86124808428134e-07,"15","TNRC6B"
4.11075153909341e-11,0.508804909648986,0.465,0.319,7.77959728773428e-07,"15","RAD21"
4.27317136519746e-11,0.633153534926875,0.346,0.219,8.08697680863619e-07,"15","TMED5"
4.32146066506864e-11,0.595453366196437,0.39,0.26,8.1783643086424e-07,"15","ATP6AP2"
4.85959345384675e-11,0.354893362003759,0.756,0.583,9.19678061140498e-07,"15","SLC2A3"
4.9840556999214e-11,0.706559206832698,0.279,0.165,9.43232541210126e-07,"15","SIRT2"
5.34941279793291e-11,0.383192361618588,0.685,0.535,1.0123763720088e-06,"15","CD53"
5.49145310676812e-11,0.706298567079004,0.254,0.144,1.03925750045587e-06,"15","NFATC3"
5.57582548781001e-11,0.705641193662177,0.273,0.159,1.05522497356804e-06,"15","TMEM87A"
5.9395253841171e-11,0.632435947558225,0.3,0.178,1.12405517894416e-06,"15","HIF1A"
6.23377036393433e-11,0.469848522862253,0.5,0.346,1.17974104137457e-06,"15","PAK2"
6.43603204131984e-11,0.480060133637773,0.5,0.343,1.21801906381978e-06,"15","N4BP2L2"
7.43578267314962e-11,0.672954136518513,0.306,0.187,1.40722187089357e-06,"15","USP14"
8.07032893160424e-11,0.492192456424387,0.454,0.31,1.5273097503061e-06,"15","ATRX"
9.14331167551286e-11,0.700337024046715,0.256,0.148,1.73037173459081e-06,"15","ARCN1"
1.20840424175256e-10,0.748574454772338,0.262,0.156,2.28690502751673e-06,"15","DSTN"
1.25243431795864e-10,0.574977001369727,0.394,0.261,2.37023194673672e-06,"15","AKAP9"
1.27454479055139e-10,0.667046708592481,0.292,0.176,2.4120760161185e-06,"15","PRKX"
1.30992011694842e-10,0.491920763100887,0.427,0.281,2.47902382132489e-06,"15","SP100"
1.42417676110969e-10,0.669445847233772,0.304,0.19,2.6952545204001e-06,"15","HECTD1"
1.53620979935731e-10,0.59650216246047,0.373,0.245,2.90727704528371e-06,"15","ACAP2"
1.9035735917462e-10,0.613982445662451,0.31,0.191,3.60251302237969e-06,"15","PDCD6IP"
1.94756160610206e-10,0.662589907759864,0.265,0.154,3.68576033954816e-06,"15","TOR1AIP1"
2.2647340382121e-10,0.633780325695219,0.3,0.181,4.28600916731641e-06,"15","PRKCB"
2.300404791839e-10,0.486864902322415,0.442,0.3,4.3535160685553e-06,"15","TMED10"
2.39693702196946e-10,0.47437885583869,0.49,0.342,4.5362033140772e-06,"15","RBM25"
2.51716628094377e-10,0.59286046365448,0.312,0.191,4.76373718668608e-06,"15","DNAJB14"
2.52178486526406e-10,0.539944078691466,0.371,0.239,4.77247785751223e-06,"15","DDX46"
2.84653274639993e-10,0.677936945077402,0.267,0.157,5.38706322256186e-06,"15","POLR2B"
2.90007103180796e-10,0.599737375907451,0.317,0.196,5.48838442769656e-06,"15","FOXP1"
3.12473730052212e-10,0.408527328858032,0.594,0.434,5.91356534123811e-06,"15","ARID4B"
3.88558333438006e-10,0.590217448327424,0.312,0.192,7.35346646031426e-06,"15","KIF2A"
4.2212862696719e-10,0.591831697317722,0.35,0.224,7.98878426535407e-06,"15","MTPN"
4.59955076804141e-10,0.63012047160745,0.256,0.149,8.70464982851838e-06,"15","PCSK7"
5.20470639431535e-10,0.526537076800363,0.377,0.247,9.84990685124179e-06,"15","PRPF8"
6.42228567403969e-10,0.594475549159091,0.31,0.193,1.21541756381201e-05,"15","PTPN1"
7.27876605849401e-10,0.503073863956545,0.41,0.276,1.37750647656999e-05,"15","GRB2"
8.01331547033464e-10,0.605866355143601,0.269,0.16,1.51651995276083e-05,"15","NIPA2"
8.07542524516901e-10,0.587886718629084,0.323,0.204,1.52827422764824e-05,"15","NKTR"
8.41746988162721e-10,0.539508910638159,0.356,0.231,1.59300617509795e-05,"15","PNN"
9.6578811670679e-10,0.685985483688654,0.256,0.154,1.8277540108676e-05,"15","PIK3AP1"
1.11878335271144e-09,0.572077692371698,0.312,0.194,2.11729749500641e-05,"15","FCRL6"
1.18476507857926e-09,0.662660246310187,0.258,0.154,2.24216791121126e-05,"15","ERCC5"
1.46669112981231e-09,0.678811267287462,0.265,0.161,2.7757129631698e-05,"15","UBN1"
1.47928629163776e-09,0.616090157740784,0.273,0.164,2.79954930692446e-05,"15","ANKHD1"
1.63986149606757e-09,0.412740795536101,0.54,0.39,3.10343788130788e-05,"15","CNOT6L"
1.98364918480112e-09,0.585675546616859,0.267,0.16,3.75405608223612e-05,"15","CAPRIN1"
2.15109033165078e-09,0.471104137940152,0.446,0.307,4.0709384526491e-05,"15","PPP1R12A"
2.24639878454809e-09,0.323169415944595,0.702,0.554,4.25130969975726e-05,"15","KMT2E"
2.31050874604506e-09,0.436629878598145,0.485,0.347,4.37263780189027e-05,"15","GPBP1"
2.60062895776288e-09,0.701950374153633,0.265,0.165,4.92169030256626e-05,"15","CD38"
3.52030001963720e-09,0.585068029467968,0.285,0.177,6.66216778716339e-05,"15","SLFN12L"
3.5207542100449e-09,0.362886770057995,0.621,0.482,6.66302734250998e-05,"15","RAP1B"
4.05101113115669e-09,0.610174009408174,0.281,0.176,7.66653856571404e-05,"15","CCDC47"
4.57748105228926e-09,0.514349683628762,0.35,0.227,8.66288289145742e-05,"15","HCG18"
4.67198720764743e-09,0.630392230042741,0.281,0.176,8.84173579047275e-05,"15","CTNNB1"
5.0893586646922e-09,0.312946528725042,0.694,0.535,9.63161127292999e-05,"15","STK4"
5.51890307550862e-09,0.325149914950736,0.671,0.522,0.000104445240704001,"15","EML4"
5.66865734841008e-09,0.43617227883234,0.45,0.313,0.000107279340318661,"15","SPTAN1"
5.87910464587013e-09,0.409473743641789,0.506,0.366,0.000111262055423092,"15","TCF25"
7.00192144940421e-09,0.291380918501381,0.812,0.664,0.000132511363429975,"15","HSPA5"
7.18749108712957e-09,0.394881239928837,0.49,0.351,0.000136023268823927,"15","HP1BP3"
7.80911772051295e-09,0.52821801194526,0.31,0.198,0.000147787552860708,"15","WASF2"
8.07063584633607e-09,0.623231558281323,0.258,0.159,0.00015273678339191,"15","SUPT6H"
8.15098002698599e-09,0.425769716316929,0.473,0.34,0.00015425729701071,"15","SCAF11"
8.98635971643798e-09,0.387474243455369,0.55,0.406,0.000170066857633589,"15","STAT3"
9.52262804254746e-09,0.551371375439567,0.298,0.189,0.000180215735705211,"15","PRNP"
1.02263038613921e-08,0.617966485412037,0.267,0.166,0.000193532800576846,"15","POM121C"
1.08011402458697e-08,0.64524030539676,0.254,0.157,0.000204411579153083,"15","RASGRP1"
1.19711315390319e-08,0.493140458639625,0.317,0.202,0.00022655366437618,"15","SMG1"
1.2010697144826e-08,0.597477141330498,0.26,0.161,0.000227302443465832,"15","UBTF"
1.24724502545061e-08,0.298037212130717,0.794,0.636,0.000236041121066528,"15","CTSW"
1.33031611959434e-08,0.634007420384412,0.252,0.156,0.000251762325633228,"15","SEC61A1"
1.33174731620972e-08,0.57686011974965,0.262,0.161,0.00025203317959269,"15","TMEM123"
1.56701624647906e-08,0.638207200835565,0.269,0.17,0.000296557824646163,"15","TOB1"
1.62117166216828e-08,0.500610501065647,0.327,0.212,0.000306806737065348,"15","ANKRD11"
1.64276216202137e-08,0.593685362191285,0.288,0.185,0.000310892739162544,"15","UBE3A"
1.70597226928927e-08,0.475069492321777,0.39,0.27,0.000322855251962995,"15","IFI16"
1.8325819239347e-08,0.455145536681008,0.425,0.301,0.000346816129104643,"15","PRKAR1A"
1.87171159800699e-08,0.584537783534921,0.29,0.187,0.000354221419922823,"15","TTC14"
2.01492626518629e-08,0.482694724618193,0.394,0.272,0.000381324795686506,"15","SERPINB1"
2.0678518216884e-08,0.439828208231897,0.408,0.285,0.00039134095725453,"15","ADAR"
2.14129102152875e-08,0.492974707335801,0.362,0.245,0.000405239325824315,"15","IL21R"
2.19294331492697e-08,0.498530294451925,0.317,0.204,0.000415014522349929,"15","XRN2"
2.8260415754453e-08,0.40351574814338,0.504,0.372,0.000534828368153023,"15","SRSF11"
2.91829814634791e-08,0.576766299954794,0.277,0.177,0.000552287924196343,"15","TRPC4AP"
3.33673925082208e-08,0.516514331842227,0.358,0.248,0.000631477903218078,"15","CRYBG1"
3.39620565297808e-08,0.592943699372905,0.279,0.181,0.000642731919826101,"15","PPM1K"
4.04797367483921e-08,0.518643878698945,0.275,0.172,0.00076607901796332,"15","NUFIP2"
4.06494852472384e-08,0.402443914887407,0.421,0.291,0.000769291508303986,"15","ZNF207"
4.45017595483256e-08,0.312952156000613,0.644,0.484,0.000842195799452061,"15","EMP3"
4.45881731413347e-08,0.356933457181226,0.531,0.398,0.00084383117669976,"15","SF3B1"
4.67464897211549e-08,0.475708694974671,0.317,0.206,0.000884677317972856,"15","BNIP2"
4.70829811991446e-08,0.526485052674654,0.342,0.231,0.000891045419193811,"15","PRKACB"
4.72323723939233e-08,0.501451481418986,0.331,0.221,0.000893872647554998,"15","SLFN5"
4.78626359795893e-08,0.549203912951918,0.26,0.162,0.000905800385913728,"15","SENP6"
5.0631062134158e-08,0.489992277063937,0.306,0.199,0.000958192850888941,"15","RBM5"
5.06503213244689e-08,0.591745196217074,0.275,0.177,0.000958557331065574,"15","URI1"
5.18487818543526e-08,0.434070306506696,0.406,0.285,0.000981238196593623,"15","PPP1R16B"
5.32668011632175e-08,0.530334711681155,0.352,0.244,0.00100807421201389,"15","PRPF4B"
5.75892052342705e-08,0.262698729217092,0.8,0.659,0.00108987570905857,"15","EZR"
6.1321979989086e-08,0.53846303202399,0.292,0.19,0.00116051847129345,"15","ST3GAL1"
6.32188734606734e-08,0.544266294144943,0.31,0.206,0.00119641718024324,"15","ZNF800"
6.84864572952102e-08,0.340349954204034,0.613,0.489,0.00129610620431185,"15","LRRFIP1"
7.51042423735213e-08,0.534546619935107,0.296,0.194,0.00142134778691889,"15","RAB10"
7.583595116733e-08,0.519432554319037,0.315,0.208,0.00143519537584172,"15","FAM133B"
7.77533719392425e-08,0.337124054809374,0.596,0.466,0.00147148256395017,"15","TAPBP"
8.23765622826104e-08,0.450642475682333,0.41,0.296,0.0015589764411984,"15","HNRNPR"
8.37723591741721e-08,0.627778170181021,0.25,0.16,0.00158539189737121,"15","SECISBP2L"
8.62425167601046e-08,0.538598001664815,0.277,0.178,0.00163213962968498,"15","WAPL"
9.52574211528979e-08,0.464806227107006,0.331,0.219,0.00180274669531859,"15","JMJD1C"
1.12829748613535e-07,0.339157598336687,0.59,0.458,0.00213530299251115,"15","ACTR3"
1.17774407220712e-07,0.440019715458323,0.371,0.257,0.00222888065665197,"15","CMTM6"
1.24129264260406e-07,0.560371593105814,0.256,0.163,0.00234914632612818,"15","NEMF"
1.678070670692e-07,0.445283939042564,0.394,0.28,0.00317574874428461,"15","SERINC3"
1.90245549219521e-07,0.422728616075489,0.367,0.252,0.00360039701897943,"15","YME1L1"
1.91251335977679e-07,0.46075396376206,0.354,0.244,0.00361943153337758,"15","TMF1"
2.16456036669722e-07,0.418614176146237,0.421,0.303,0.00409643049397449,"15","TSEN54"
2.23280823761195e-07,0.393256415033001,0.427,0.309,0.00422558958968061,"15","G3BP1"
2.32620012743578e-07,0.571096670078111,0.256,0.165,0.00440233374117221,"15","BRD7"
2.99453117226817e-07,0.41712331460688,0.39,0.277,0.0056671502435175,"15","LSM14A"
3.58095885202471e-07,0.44408333042424,0.367,0.258,0.00677696462745676,"15","LINC00861"
3.61765008701623e-07,0.528304016197187,0.267,0.174,0.00684640278967822,"15","EFR3A"
3.84073957558381e-07,0.396094294471207,0.433,0.32,0.00726859964679235,"15","RBL2"
4.35783005301816e-07,0.345182109489902,0.508,0.388,0.00824719337533686,"15","PPP2R5C"
4.90963541339733e-07,0.520424256320963,0.29,0.195,0.00929148501985446,"15","RAB6A"
5.17312603531543e-07,0.499416155768288,0.296,0.199,0.00979014102183446,"15","PIAS1"
5.19013295520236e-07,0.360651803212236,0.483,0.363,0.00982232661772046,"15","BCLAF1"
5.28231176276801e-07,0.503959213229249,0.288,0.193,0.00999677501103846,"15","FOXN3"
5.49098753855521e-07,0.489029747326067,0.317,0.219,0.0103916939167157,"15","PNPLA8"
5.83169909956423e-07,0.42507781152206,0.354,0.249,0.0110364905459253,"15","PHF20"
6.65406026890874e-07,0.392015275536032,0.421,0.307,0.0125928090589098,"15","AAK1"
7.02797558449193e-07,0.475418538114328,0.306,0.207,0.013300443793651,"15","ABI1"
7.27620431202366e-07,0.540511345336888,0.265,0.176,0.0137702166605048,"15","COPB2"
7.45093898309128e-07,0.44272692531653,0.333,0.23,0.0141009020255002,"15","PCM1"
8.02328235508239e-07,0.378614249811297,0.402,0.286,0.0151840618569934,"15","SPCS3"
8.26512394843626e-07,0.416077314616157,0.358,0.251,0.0156417470724156,"15","GLS"
9.46560104354937e-07,0.485473691739685,0.283,0.192,0.0179136499749172,"15","ZRANB2"
1.01437443769957e-06,0.285549444986132,0.662,0.546,0.0191970362334644,"15","PRRC2C"
1.25759719409362e-06,0.361737232838622,0.44,0.319,0.0238000268982218,"15","CSNK1D"
1.30375348943945e-06,0.301278187103369,0.6,0.476,0.0246735347876416,"15","MT-ND6"
1.34488759644686e-06,0.450027439429071,0.356,0.254,0.0254519977627569,"15","ARIH2"
1.3659716989075e-06,0.436943630972295,0.327,0.227,0.0258510144018245,"15","SPSB3"
1.48417688739736e-06,0.506762731640612,0.262,0.176,0.0280880475939951,"15","NARF"
1.54603330759122e-06,0.459460464613439,0.277,0.184,0.0292586803461639,"15","THUMPD1"
1.60386162861704e-06,0.503345668209273,0.25,0.164,0.0303530813215775,"15","KMT2A"
1.74997223610285e-06,0.25284923308918,0.696,0.569,0.0331182245682465,"15","SH2D2A"
1.78565912948287e-06,0.315225948602853,0.483,0.362,0.0337935990254633,"15","ZC3HAV1"
1.9743566741155e-06,0.254452673490646,0.675,0.564,0.0373647000576359,"15","MBNL1"
2.22022108999103e-06,0.373758734093863,0.392,0.284,0.0420176841280803,"15","PPP1R10"
2.49395633689979e-06,0.420792272132882,0.296,0.201,0.0471981236758286,"15","LMAN1"
2.56920290125192e-06,0.32001821792102,0.506,0.39,0.0486221649061925,"15","HSPA9"
2.6365267663542e-06,0.477363254826159,0.26,0.174,0.0498962690532533,"15","KCNAB2"
3.12194971175019e-06,0.40518265708118,0.312,0.216,0.0590828982948723,"15","TMED4"
3.23616249418953e-06,0.40036160705734,0.404,0.305,0.0612443752025368,"15","EMB"
3.27801461317792e-06,0.260314739206397,0.648,0.538,0.0620364265543922,"15","ETS1"
3.50065018694791e-06,0.347599868773611,0.381,0.27,0.0662498047879891,"15","NUP98"
3.83561184575022e-06,0.270621526706786,0.658,0.541,0.0725889541808229,"15","SEPT7"
4.37961487734751e-06,0.45884346303721,0.285,0.198,0.0828842115538016,"15","OGT"
4.4314367404248e-06,0.510639444547877,0.277,0.193,0.0838649403125393,"15","PRKAR2A"
4.70521975140637e-06,0.282070756269198,0.629,0.518,0.0890462837953655,"15","BZW1"
4.82101560520923e-06,0.419031925065817,0.342,0.249,0.0912377203285846,"15","SCAMP2"
4.87879846885299e-06,0.357627495089893,0.373,0.267,0.0923312610230427,"15","RABGAP1L"
5.37221444030855e-06,0.364372507056781,0.327,0.227,0.101669158282839,"15","AC004687.1"
5.57677760998522e-06,0.458197257335878,0.306,0.217,0.10554051626897,"15","CENPC"
5.63030539052757e-06,0.268166025503684,0.583,0.447,0.106553529515734,"15","DDX3X"
6.21229351887922e-06,0.533663513374726,0.25,0.172,0.117567654844789,"15","CPSF6"
6.50873885173702e-06,0.475138785117713,0.25,0.167,0.123177882769123,"15","ACADVL"
6.64750559997164e-06,0.417201374911332,0.288,0.198,0.125804043479463,"15","LUC7L2"
6.90059596304504e-06,0.423908010471345,0.315,0.226,0.130593778600627,"15","PHF20L1"
6.97303014799723e-06,0.330410899834853,0.442,0.333,0.131964595550848,"15","TRAM1"
7.02427909834168e-06,0.415033575704259,0.308,0.219,0.132934481936116,"15","FBXO7"
8.60268513851067e-06,0.290940873960703,0.512,0.405,0.162805816246314,"15","NR4A3"
9.56886395990479e-06,0.477214775154474,0.256,0.177,0.181090750441198,"15","TMX1"
9.70732443685713e-06,0.410124756752938,0.29,0.203,0.183711114967521,"15","TIAL1"
1.03219601577818e-05,0.354215741777028,0.379,0.28,0.195343095986021,"15","M6PR"
1.16649188997568e-05,0.461207526117277,0.256,0.176,0.220758590177897,"15","ETNK1"
1.19116238056556e-05,0.412455685672979,0.267,0.183,0.225427480522033,"15","SYNCRIP"
1.22212310354789e-05,0.423694557165912,0.258,0.175,0.231286797346439,"15","DR1"
1.36161586388588e-05,0.403429085483787,0.296,0.21,0.257685802240402,"15","TGFBR2"
1.3912149409538e-05,0.405066487730562,0.277,0.19,0.263287427575507,"15","SNRNP70"
1.7385834543195e-05,0.321226354086452,0.431,0.335,0.329026918729966,"15","ACTN4"
1.75112700731309e-05,0.342646924944479,0.377,0.278,0.331400786134003,"15","ARHGAP15"
1.76293130450795e-05,0.348812558496093,0.402,0.3,0.33363474937813,"15","DNTTIP2"
2.037447741059e-05,0.36462989140906,0.331,0.239,0.385586984995416,"15","DERL1"
2.35862532669298e-05,0.283746770388664,0.477,0.367,0.446369843076647,"15","MATR3-1"
2.75967340215198e-05,0.421217228049954,0.31,0.227,0.522268191357263,"15","MECP2"
2.93013287170142e-05,0.349613104999574,0.36,0.266,0.554527645969494,"15","CYFIP2"
2.97449057401504e-05,0.299818579996834,0.406,0.301,0.562922341132345,"15","IVNS1ABP"
3.06322884778193e-05,0.3735407500428,0.329,0.242,0.579716059442731,"15","KPNB1"
3.07495273748952e-05,0.386807327612033,0.331,0.245,0.581934805569892,"15","MAPK1"
3.09605451337634e-05,0.356759981196043,0.288,0.202,0.585928316656473,"15","WAC"
3.36099632358672e-05,0.390539583678344,0.306,0.223,0.636068554238787,"15","MIER1"
3.40952881816239e-05,0.291914236880261,0.458,0.36,0.645253328837232,"15","TPM4"
3.52791508280707e-05,0.395464636640932,0.25,0.174,0.667657929421238,"15","MAP4"
3.62359474994667e-05,0.409692989830957,0.294,0.211,0.685765306427407,"15","GNAI3"
3.71332448457694e-05,0.298713146960455,0.44,0.341,0.702746658706185,"15","UBXN4"
3.79031888592139e-05,0.364309556228867,0.277,0.195,0.717317849160623,"15","TTC3"
3.87106470711088e-05,0.33540146000528,0.404,0.313,0.732598995820734,"15","ARAP2"
3.97966751283235e-05,0.321681659883799,0.396,0.301,0.753152076803523,"15","DOCK8"
4.20491605528487e-05,0.418784223742361,0.252,0.176,0.795780363462662,"15","ZNF644"
4.48786135676552e-05,0.38983661006649,0.279,0.199,0.849327761767874,"15","PTPN2"
4.61442311856321e-05,0.37276950248731,0.265,0.184,0.873279575188087,"15","SP140"
4.82781391862312e-05,0.352668820964368,0.385,0.296,0.913663784099425,"15","TPR"
5.34316199058034e-05,0.396207326859339,0.254,0.177,1,"15","RNF10"
5.39493158393442e-05,0.30052962360464,0.279,0.193,1,"15","LGALS1"
6.00807146181444e-05,0.269519505239821,0.517,0.412,1,"15","EPC1"
6.09971736282977e-05,0.366158307758887,0.275,0.196,1,"15","PPP4R3B"
6.37303613198951e-05,0.305674940443486,0.45,0.353,1,"15","DHRS7"
7.01002749158452e-05,0.356779767728541,0.388,0.302,1,"15","LAMP1"
7.47496349060592e-05,0.360830911781845,0.302,0.22,1,"15","RNF166"
9.33470966248986e-05,0.305557386315611,0.412,0.322,1,"15","SMAP2"
0.000102503044981142,0.318720717015609,0.323,0.236,1,"15","CCSER2"
0.000115632289580264,0.332378568256408,0.312,0.23,1,"15","NDUFV1"
0.000119390358032801,0.263536036504499,0.473,0.375,1,"15","TAX1BP1"
0.000123171390620657,0.280748707732349,0.4,0.312,1,"15","CHD2"
0.000150836305112332,0.313080519163413,0.356,0.272,1,"15","PRPF40A"
0.000152645255249035,0.393203571344822,0.252,0.182,1,"15","FUBP1"
0.000155843567286891,0.323748175613562,0.35,0.267,1,"15","DDOST"
0.000161447080212625,0.370312887984577,0.308,0.233,1,"15","CTR9"
0.000163067200649061,0.323748659246573,0.306,0.226,1,"15","LUC7L3"
0.000168080918497723,0.313217758594088,0.319,0.235,1,"15","STAU1"
0.000181887402556821,0.300272412306941,0.325,0.242,1,"15","ILF3"
0.000184445253573359,0.3991110457446,0.277,0.204,1,"15","SNRNP200"
0.000191913582592308,0.255274562377821,0.502,0.402,1,"15","EIF4B"
0.000221486696843738,0.315306989596356,0.34,0.26,1,"15","MYCBP2"
0.000249281159447079,0.379053059173807,0.269,0.2,1,"15","TROVE2"
0.000366261914050434,0.301854804783539,0.335,0.259,1,"15","U2SURP"
0.000384916991715871,0.281549624676428,0.36,0.281,1,"15","LAPTM4A"
0.000444739635033751,0.288115326729127,0.269,0.196,1,"15","CASP3"
0.000478173142909282,0.295517380043002,0.308,0.233,1,"15","RSF1"
0.000505062026864808,0.29310954062826,0.273,0.199,1,"15","GGA2"
0.000511415175679689,0.321282768493815,0.252,0.184,1,"15","B3GNT2"
0.000738248685622062,0.32671357845042,0.26,0.195,1,"15","EVI2A"
0.000782302515646452,0.308647885906063,0.256,0.191,1,"15","GNA13"
0.000796045569676631,0.30081065964048,0.31,0.24,1,"15","SDF4"
0.000881840852085018,0.28858648474296,0.275,0.205,1,"15","ANAPC5"
0.00100549833967258,0.266122861027133,0.262,0.195,1,"15","TNKS2"
0.0015151503139721,0.278662125973952,0.256,0.193,1,"15","UBE2J1"
0.00154635243624311,0.325534159392838,0.252,0.19,1,"15","MAP2K3"
0.00174332106726008,0.266846326516324,0.254,0.19,1,"15","SAP30BP"
0.00210854573659735,0.261398304768968,0.36,0.29,1,"15","CEBPZ"
0.00280285512121071,0.275434812300864,0.296,0.235,1,"15","HM13"
0.00308957013502641,0.306825926501561,0.288,0.23,1,"15","BBX"
0.00359724293078374,0.258054304316741,0.321,0.263,1,"15","KIF5B"
0.00371390328828698,0.293206300902675,0.267,0.21,1,"15","NUCB1"
0.00612631133977658,0.27628473948036,0.256,0.203,1,"15","SAR1A"
0.00717512503100405,0.277834732039798,0.254,0.203,1,"15","RAB8A"
0.00925498208611131,0.279479022582176,0.256,0.206,1,"15","PHIP"
0,5.51371798941583,0.522,0.018,0,"16","GRAMD2B"
0,4.96665755851357,0.51,0.022,0,"16","FCER1G"
0,4.9088624206702,0.495,0.023,0,"16","B3GNT7"
0,4.90648857250282,0.451,0.024,0,"16","LZTFL1"
0,4.56982104041625,0.355,0.021,0,"16","SH2D1B"
0,4.64114938268094,0.293,0.015,0,"16","ZBTB16"
0,8.33083175054985,0.256,0.001,0,"16","ADGRG3"
2.07507571253324e-320,4.15922977719827,0.347,0.027,3.92708078596915e-316,"16","NCAM1"
2.52651289762987e-286,4.31797887300984,0.268,0.018,4.78142565876453e-282,"16","SLFN13"
2.17228595473482e-219,4.02123741809563,0.268,0.023,4.11105116933566e-215,"16","ADAMTS17"
4.17181196851503e-217,3.10761422894582,0.478,0.074,7.8951541504147e-213,"16","KLRF1"
4.14803342045555e-191,2.46739609283322,0.608,0.129,7.85015324821214e-187,"16","TYROBP"
2.98716663567583e-180,3.54054167819709,0.32,0.04,5.65321285801651e-176,"16","LAT2"
8.22553996078471e-161,1.43523415902823,0.914,0.544,1.55668343757851e-156,"16","SYTL3"
7.00436395837237e-158,2.84573101074761,0.456,0.089,1.32557587912197e-153,"16","MCTP2"
9.38301738758854e-158,2.41207850411874,0.608,0.162,1.77573604060113e-153,"16","CD38"
3.5561209565673e-156,2.93553338279716,0.436,0.084,6.72995891030362e-152,"16","PLCG2"
1.76267355519956e-152,3.20116452630105,0.333,0.049,3.33585970321516e-148,"16","IL12RB2"
1.23513316437058e-150,1.49258059382545,0.874,0.518,2.33748951357133e-146,"16","CEMIP2"
2.49529716475924e-143,3.11973442351318,0.33,0.051,4.72234988430685e-139,"16","KLRC1"
1.02687468332171e-142,1.81448397131811,0.783,0.334,1.94336033818634e-138,"16","AOAH"
8.13932985269462e-136,1.76987107014131,0.783,0.375,1.54036817462246e-131,"16","IL2RB"
3.00838121497154e-124,2.70980316991114,0.409,0.088,5.69336144933363e-120,"16","YES1"
9.50108515294373e-120,1.60690487389587,0.773,0.393,1.7980803651946e-115,"16","STAT4"
8.29970430372388e-117,2.96172815587054,0.33,0.061,1.57071903947974e-112,"16","MARCH3"
3.23087310943624e-109,3.08909784685586,0.271,0.044,6.11442735960808e-105,"16","PAK1"
1.43431365627725e-108,1.5279845592124,0.771,0.41,2.71443859450469e-104,"16","RANBP2"
4.97979306030184e-106,2.6107374225832,0.382,0.087,9.42425836662124e-102,"16","ZHX2"
7.39833653107307e-105,1.47654232250749,0.773,0.418,1.40013518850558e-100,"16","CD247"
4.3021535292892e-104,2.90263827412035,0.305,0.058,8.14182555417982e-100,"16","NCR1"
5.29349306088067e-101,2.94789895464673,0.286,0.052,1.00179356177167e-96,"16","IRF8"
5.43206151212899e-98,1.05584062212731,0.867,0.597,1.02801764117041e-93,"16","PIK3R1"
7.87672014311099e-96,0.3504550165114,1,0.999,1.49066928708375e-91,"16","MALAT1"
1.00205818909651e-93,1.61736276646048,0.695,0.334,1.89639512286515e-89,"16","RALGAPA1"
3.82218346135103e-87,1.12685345751176,0.81,0.557,7.23348220060683e-83,"16","ADGRE5"
5.62026010977099e-84,1.90654397480121,0.559,0.225,1.06363422577416e-79,"16","HCG18"
7.75513567160066e-82,1.61447077944428,0.635,0.288,1.46765942585043e-77,"16","B4GALT1"
1.86234236518977e-81,1.85671988659576,0.552,0.221,3.52448292612165e-77,"16","GPCPD1"
2.94003561370603e-80,2.30547895933134,0.392,0.112,5.56401739893866e-76,"16","SEC14L1"
3.20912084868228e-79,2.13694474247562,0.446,0.147,6.07326120613121e-75,"16","RAB11FIP1"
4.14221305153117e-78,2.5871306938794,0.308,0.073,7.83913820002273e-74,"16","CHN2"
9.06876601394434e-77,0.730420968065636,0.914,0.742,1.71626396813897e-72,"16","CD7"
9.21429936411937e-76,1.08791870280216,0.776,0.541,1.74380615465959e-71,"16","REL"
4.63246414734897e-75,2.357056640313,0.303,0.071,8.76693839885793e-71,"16","CEBPD"
4.77048081108384e-75,1.10717277514211,0.773,0.522,9.02813493497617e-71,"16","EML4"
1.76225578862778e-74,1.46213795776466,0.658,0.339,3.33506907997806e-70,"16","CDK17"
1.22577068275661e-73,0.448956822100012,0.968,0.93,2.31977101711688e-69,"16","PTPRC"
4.85894913586232e-73,2.41903193965689,0.328,0.086,9.19556123961944e-69,"16","SIPA1L1"
3.59204542673497e-72,1.84504500070972,0.547,0.246,6.79794597009593e-68,"16","NFKB1"
3.12583051826608e-71,2.47974332911001,0.303,0.076,5.91563425581856e-67,"16","LYN"
7.20932117146386e-71,2.27826340353708,0.35,0.099,1.36436403169954e-66,"16","LRMP"
1.07542810396621e-70,2.5310692922574,0.313,0.082,2.03524768675605e-66,"16","ICAM1"
5.12492049203603e-69,1.24230926259496,0.709,0.417,9.6989120311782e-65,"16","ITGA4"
2.75598973313475e-67,1.95601530188478,0.453,0.168,5.21571056995752e-63,"16","BRAF"
2.54008566237359e-66,2.38595653734421,0.288,0.072,4.80711211604201e-62,"16","HSH2D"
4.83599887307854e-65,2.21399922290845,0.335,0.096,9.15212786730115e-61,"16","ENOSF1"
2.83508630116497e-64,1.09944433297518,0.734,0.492,5.3654008249547e-60,"16","SLC38A1"
3.22689065413701e-61,1.52179812060395,0.571,0.279,6.1068905629543e-57,"16","TIPARP"
4.60584989940084e-61,1.52858128539506,0.569,0.284,8.71657093461609e-57,"16","MAP3K8"
2.78915275965371e-60,0.940818947672215,0.773,0.545,5.27847159764464e-56,"16","VPS37B"
6.78295905236779e-60,1.29986738427449,0.655,0.377,1.28367500066061e-55,"16","NEAT1"
2.76058098604882e-59,1.22074314178698,0.682,0.415,5.22439951609738e-55,"16","FOSL2"
4.70254230784209e-58,1.50456629477675,0.557,0.267,8.89956131759116e-54,"16","MACF1"
7.32167238987238e-57,1.39814834178262,0.596,0.34,1.38562649978335e-52,"16","PITPNC1"
1.3199516400335e-56,1.80252174649813,0.448,0.185,2.4980084787634e-52,"16","SACM1L"
2.89030652555115e-56,2.2075492450839,0.3,0.087,5.46990509960555e-52,"16","ABCB1"
3.43933387091139e-56,1.71944045258612,0.463,0.196,6.5089393506998e-52,"16","FBXO34"
9.51098273449416e-55,1.15077835360387,0.672,0.424,1.79995348250302e-50,"16","PDE4B"
1.43221385085386e-54,1.73007517398223,0.456,0.195,2.71046471274093e-50,"16","LPCAT1"
2.13859379667421e-54,1.38866909095762,0.579,0.297,4.04728876020594e-50,"16","IFNGR1"
2.19647424098886e-50,1.96749321891004,0.35,0.124,4.15682750107143e-46,"16","MYBL1"
7.79550424743183e-50,1.92253805264397,0.357,0.13,1.47529917882647e-45,"16","S1PR5"
1.36725478104936e-49,1.92956608683546,0.36,0.132,2.58752967313592e-45,"16","DENND4A"
2.115694346997e-49,1.56439528411746,0.48,0.218,4.00395155169182e-45,"16","AREG"
7.34270836445448e-49,1.42733363584066,0.525,0.258,1.38960755797301e-44,"16","PDE7A"
1.90510219474634e-48,1.19312790877893,0.616,0.37,3.60540590355746e-44,"16","AC016831.7"
8.29112652819895e-48,1.25547389410447,0.586,0.355,1.56909569546165e-43,"16","RAB8B"
1.17503992476806e-47,2.19620116060873,0.259,0.075,2.22376305762355e-43,"16","ABHD2"
2.20888556303139e-47,1.08366704638122,0.66,0.426,4.1803159280369e-43,"16","ARHGAP9"
6.15508267465419e-47,1.59414664555863,0.463,0.218,1.16484939617831e-42,"16","FASLG"
9.48024858493306e-47,0.468837135602544,0.914,0.837,1.79413704469858e-42,"16","PABPC1"
1.11486719847752e-45,1.99684293217581,0.288,0.092,2.1098861731187e-41,"16","CRY1"
3.11579198321885e-45,1.65398544245044,0.426,0.19,5.89663632824168e-41,"16","ELL2"
4.23188721025348e-44,1.53582401277655,0.448,0.208,8.0088465454047e-40,"16","SATB1"
4.34158414662081e-44,1.03658181673992,0.643,0.443,8.21644799747988e-40,"16","PRKCH"
3.33467462895768e-43,0.539838782841058,0.879,0.784,6.31087173530241e-39,"16","NR4A2"
3.61378818883075e-43,1.06496014005088,0.631,0.418,6.83909414736219e-39,"16","APMAP"
6.64512746731795e-43,0.662548978412793,0.791,0.664,1.25759037318992e-38,"16","HSPA5"
7.4084153501025e-43,1.77852757310092,0.355,0.139,1.4020426050069e-38,"16","CCDC93"
3.76654738192947e-42,0.596418992121257,0.805,0.702,7.12819092030152e-38,"16","FYN"
7.79079153728904e-42,2.05863689520316,0.264,0.084,1.47440729843195e-37,"16","ZDHHC20"
1.09444740881521e-41,2.11335649382597,0.256,0.081,2.07124172118279e-37,"16","AL390728.5"
3.73112134219163e-41,1.88440601275341,0.303,0.107,7.06114714009766e-37,"16","SPTBN1"
3.81151840843322e-41,1.36629037198958,0.5,0.265,7.21329858795988e-37,"16","PLEKHA2"
4.14021931995524e-41,1.99555793736917,0.266,0.086,7.8353650630153e-37,"16","IFITM3"
3.54656180853449e-40,1.98945030763551,0.276,0.093,6.71186822265153e-36,"16","RELL1"
6.48630289722425e-40,0.384299435755966,0.906,0.857,1.22753282329969e-35,"16","DDX5"
1.1446901479876e-39,0.682870071760848,0.778,0.62,2.16632610506653e-35,"16","ZNF331"
2.42304788509205e-39,1.37487225477727,0.493,0.269,4.5856181225367e-35,"16","CLDND1"
7.68152221926404e-39,1.93511710729332,0.261,0.085,1.45372807999572e-34,"16","UTY"
2.3227572572475e-38,1.1096603583831,0.576,0.366,4.3958181093409e-34,"16","CHD1"
1.10154097679094e-37,0.768026449447999,0.704,0.554,2.08466629857685e-33,"16","JAK1"
1.33779673511324e-36,0.956881682151416,0.626,0.438,2.5317803212018e-32,"16","AKNA"
1.4025491296908e-36,1.87380272176901,0.291,0.108,2.65432422793983e-32,"16","TMEM71"
3.09510378883685e-36,0.990286990415155,0.618,0.413,5.85748392037374e-32,"16","DDX17"
6.5627162591053e-36,0.895258767194744,0.653,0.485,1.24199405203568e-31,"16","ATP1B3"
4.47370211979961e-35,1.86973733882265,0.276,0.101,8.46648126172077e-31,"16","LAX1"
5.05958567002283e-34,0.887570141271359,0.645,0.463,9.57526588051821e-30,"16","PTPN22"
1.45651266138107e-33,0.984598277629028,0.591,0.404,2.75645021166368e-29,"16","NR4A3"
1.59382856279101e-33,1.21843028645628,0.52,0.312,3.01632055508199e-29,"16","IFRD1"
1.75619819059261e-33,1.87066987883267,0.254,0.09,3.32360507569651e-29,"16","PPP3CA"
5.30293550091429e-33,1.47317598989987,0.379,0.177,1.00358054354803e-28,"16","HELZ"
1.17854280249496e-32,1.13613000817497,0.517,0.311,2.23039225372171e-28,"16","SLA2"
1.18687492354351e-32,1.69960504245526,0.325,0.142,2.2461607928061e-28,"16","CLIC3"
2.48334257818602e-32,0.426575982581167,0.837,0.798,4.69972582921705e-28,"16","HNRNPA2B1"
2.48666419149394e-32,0.974023389677478,0.594,0.421,4.70601198240228e-28,"16","RNF125"
4.33540672025401e-32,1.39165153699236,0.414,0.211,8.20475721808072e-28,"16","KDM6B"
5.55035021728905e-32,1.87154421460324,0.276,0.108,1.05040377862195e-27,"16","GALNT11"
6.06912498297363e-32,1.5281795475146,0.357,0.165,1.14858190302776e-27,"16","INPP5D"
1.85864483390416e-31,1.73519041692289,0.305,0.13,3.51748534816362e-27,"16","ACSL3"
2.11516227254082e-31,1.43649985940513,0.377,0.18,4.0029446007835e-27,"16","FRYL"
3.52859764578005e-31,1.07677268020457,0.547,0.356,6.67787104463874e-27,"16","SKIL"
3.95168202351738e-31,1.32977812641043,0.453,0.26,7.47855822950665e-27,"16","CNOT2"
5.11674166028871e-31,0.498776715200222,0.773,0.706,9.68343359209638e-27,"16","LCP1"
7.2392314693189e-31,0.611816655417891,0.751,0.631,1.3700245555686e-26,"16","FUS"
1.74891126061289e-30,1.8313694835186,0.251,0.094,3.3098145607099e-26,"16","DGKD"
3.48805007155337e-30,1.50916472916986,0.355,0.168,6.60113476041475e-26,"16","TNFSF14"
4.16674155666561e-30,1.78845850409251,0.266,0.104,7.88555839598967e-26,"16","CPD"
7.9855713435539e-30,0.255203261047966,0.963,0.942,1.51126937676758e-25,"16","SRGN"
1.01082255431695e-29,0.751746139377852,0.653,0.508,1.91298168404482e-25,"16","AKAP13"
1.49827702392702e-29,1.56620909246171,0.34,0.158,2.83548926778188e-25,"16","TRAPPC10"
2.08535255274921e-29,1.76422725883926,0.251,0.095,3.94652970607789e-25,"16","ARHGEF7"
4.58183969725333e-29,1.66731871503903,0.313,0.14,8.67113162705194e-25,"16","BIRC2"
1.13152893131893e-28,1.11636076306684,0.5,0.319,2.14141850252107e-24,"16","IQGAP2"
3.08696722477135e-28,0.634554766774305,0.709,0.611,5.84208547287978e-24,"16","PDIA3"
3.56127980656605e-28,1.6508174531619,0.308,0.138,6.73972203392625e-24,"16","NFAT5"
1.02054719581037e-27,1.22800334040976,0.433,0.242,1.93138556807112e-23,"16","ATP8A1"
1.44117146034556e-27,0.67611186500712,0.704,0.564,2.72741698870397e-23,"16","HSPD1"
1.64577098756972e-27,1.12026867032008,0.47,0.284,3.1146215939757e-23,"16","PPP1R10"
3.1883577799616e-27,1.54656369536229,0.335,0.164,6.03396709857733e-23,"16","BORCS5"
3.20394303497873e-27,1.70420717361702,0.268,0.112,6.06346219369724e-23,"16","PDE4A"
5.74269442764939e-27,1.32400913941204,0.404,0.225,1.08680492043265e-22,"16","PHF20L1"
6.24009019847128e-27,0.680427921149873,0.672,0.556,1.18093707006069e-22,"16","EIF4G2"
1.11626451250136e-26,1.33212137821526,0.379,0.198,2.11253058990883e-22,"16","OGT"
1.7760267269862e-26,1.15471389817431,0.443,0.257,3.36113058082138e-22,"16","LNPEP"
9.17708468046671e-26,1.45353426967373,0.32,0.153,1.73676327577832e-21,"16","PIK3AP1"
1.68006047997636e-25,1.61752979434243,0.281,0.126,3.17951445835525e-21,"16","ZNF10"
1.6814191287751e-25,0.884689835563437,0.571,0.393,3.18208570120687e-21,"16","KLRD1"
1.84241545256264e-25,1.54701156453543,0.315,0.152,3.4867712439748e-21,"16","SLC16A3"
4.5657128480015e-25,1.57954800322088,0.276,0.12,8.64061156484284e-21,"16","CARD11"
5.3543285240009e-25,1.29637015706258,0.377,0.2,1.01330667316717e-20,"16","SPPL2A"
1.17123601946743e-24,1.5078187447819,0.3,0.141,2.21656416684211e-20,"16","ITCH"
1.29794685785446e-23,1.6026249519825,0.256,0.11,2.45636442848956e-19,"16","HOOK3"
3.17234631970361e-23,1.31437445858737,0.355,0.189,6.00366541003908e-19,"16","HECTD1"
6.88957478455298e-23,0.602232980649836,0.667,0.58,1.30385202797665e-18,"16","RBM39"
1.14335087708186e-22,1.11495041232218,0.419,0.252,2.16379153487743e-18,"16","DDX3Y"
1.23142841692467e-22,1.46931104633808,0.308,0.155,2.33047827902993e-18,"16","MSL2"
1.45211109263671e-22,1.21798637011063,0.387,0.216,2.74812024281497e-18,"16","NFKBIZ"
3.3522666273368e-22,0.853084449679931,0.547,0.413,6.34416459223489e-18,"16","CD96"
5.86937401624666e-22,1.03954908309562,0.451,0.285,1.11077903257468e-17,"16","CHST12"
1.74869289079122e-21,1.55660092638934,0.264,0.123,3.30940129582239e-17,"16","PGRMC2"
2.16938300703933e-21,0.980560666437963,0.488,0.334,4.10555734082193e-17,"16","RORA"
3.65640579534399e-21,0.648912799694996,0.618,0.518,6.9197479676885e-17,"16","BZW1"
3.70939288022644e-21,1.56481256347033,0.268,0.128,7.02002602582853e-17,"16","CYP51A1"
3.75273123264903e-21,0.734861198037614,0.606,0.524,7.10204385778829e-17,"16","HSP90B1"
6.17075606781568e-21,1.45593312570527,0.273,0.13,1.16781558583412e-16,"16","GNPTAB"
2.603814924801e-20,1.2600184533477,0.337,0.182,4.9277197451859e-16,"16","LMNB1"
2.69722855028471e-20,1.2635907615659,0.355,0.204,5.10450503141382e-16,"16","RNF168"
3.49614234064405e-20,1.29340116869075,0.313,0.163,6.61644937966886e-16,"16","AHI1"
8.80564670433356e-20,1.14455072676669,0.365,0.209,1.66646863879513e-15,"16","TGFBR2"
1.25574499120286e-19,1.22544864770435,0.347,0.195,2.37649739585141e-15,"16","CD160"
1.39709849815128e-19,1.05161295086037,0.411,0.254,2.6440089077513e-15,"16","CD55"
1.45249644253493e-19,0.849289449156775,0.517,0.373,2.74884951749735e-15,"16","SRSF11"
2.67689200322934e-19,0.916338950468213,0.493,0.362,5.06601811611152e-15,"16","ELOVL5"
3.31428987652888e-19,1.1838899144696,0.362,0.206,6.27229359133091e-15,"16","GZMB"
5.59411692556001e-19,0.990879223856187,0.436,0.284,1.05868662816223e-14,"16","USP15"
6.32292060342349e-19,1.18590215119923,0.36,0.213,1.1966127241979e-14,"16","RNF115"
7.11695549018566e-19,0.633606845192717,0.616,0.53,1.34688382651764e-14,"16","GNG2"
7.87384097664627e-19,1.39414367695386,0.286,0.147,1.49012440483031e-14,"16","USP47"
2.13698982859961e-18,1.21530407425394,0.33,0.186,4.04425325062476e-14,"16","NFKB2"
2.38150189376265e-18,0.713309728642039,0.576,0.448,4.50699233394582e-14,"16","DDX3X"
3.76362867130538e-18,1.2522638067363,0.323,0.182,7.12266726044543e-14,"16","TCIRG1"
3.81763774294804e-18,0.832732200166913,0.505,0.367,7.22487942852916e-14,"16","PTGER4"
4.83930648029119e-18,0.481055796874821,0.695,0.6,9.15838751395108e-14,"16","FAM177A1"
6.51325235982258e-18,0.806414058662034,0.515,0.396,1.23263300909642e-13,"16","SURF4"
7.0164710430039e-18,0.614049520937333,0.635,0.484,1.32786714488849e-13,"16","FOS"
7.46993354845059e-18,0.777956430637267,0.525,0.4,1.41368492404427e-13,"16","IQGAP1"
8.5673205760036e-18,1.28105308275508,0.315,0.176,1.62136541900868e-13,"16","TRPC4AP"
8.69787586371486e-18,1.08894110889479,0.379,0.234,1.64607300720804e-13,"16","RFTN1"
1.91763624689039e-17,0.9301616626438,0.438,0.293,3.62912659724007e-13,"16","UTRN"
4.21202894299728e-17,0.923551907124519,0.453,0.301,7.97126477462236e-13,"16","XCL1"
5.32855129402896e-17,0.960644130190999,0.421,0.288,1.00842833239498e-12,"16","ADSS"
5.86258966179752e-17,0.380639251717491,0.717,0.691,1.10949509349518e-12,"16","NCL"
6.18771981559721e-17,1.11908681435701,0.342,0.202,1.17102597510177e-12,"16","SMG1"
6.26719301592958e-17,0.753531646863856,0.517,0.398,1.18606627826467e-12,"16","SF3B1"
7.46079477739274e-17,0.949621629551967,0.426,0.285,1.41195541162158e-12,"16","PPP1R16B"
7.55419901294316e-17,1.08026052624394,0.372,0.232,1.42963216319949e-12,"16","CCNT1"
9.87748873552309e-17,1.0527404557367,0.377,0.237,1.86931474319774e-12,"16","VPS13C"
1.22372318177913e-16,0.483951964952663,0.697,0.618,2.315896121517e-12,"16","MCL1"
2.2217535093484e-16,1.16826895696745,0.31,0.176,4.20466851644185e-12,"16","ETNK1"
3.99761284178031e-16,1.17564519045528,0.318,0.184,7.56548230306923e-12,"16","GOLGB1"
4.26396449249684e-16,1.06201160892966,0.362,0.225,8.06955280205027e-12,"16","PFKFB3"
6.6816765185801e-16,0.807676915467854,0.495,0.381,1.26450728114128e-11,"16","ZEB2"
1.36052574452555e-15,0.853023212890145,0.461,0.341,2.57479497151461e-11,"16","CCND2"
1.53240858395087e-15,1.30670748419826,0.268,0.147,2.90008324512702e-11,"16","OTULIN"
5.00520606653926e-15,0.582659887695468,0.586,0.512,9.47235248092555e-11,"16","PRF1"
6.35615560689807e-15,0.821524700192362,0.461,0.347,1.20290244860546e-10,"16","GPBP1"
7.77638030184482e-15,1.01269798106082,0.352,0.219,1.47167997212413e-10,"16","JMJD1C"
8.29645618906594e-15,0.668300850245996,0.539,0.435,1.57010433378073e-10,"16","ARID4B"
1.05098584578345e-14,1.22957835262622,0.259,0.138,1.98899071314517e-10,"16","UPP1"
2.09668173013948e-14,0.839323922582739,0.468,0.364,3.96797017428896e-10,"16","TSPYL2"
2.78172472567088e-14,0.501834441629367,0.608,0.538,5.26441404333214e-10,"16","ETS1"
3.06626832159454e-14,0.593688380832134,0.576,0.479,5.80291279861767e-10,"16","RSRP1"
3.18228015953674e-14,1.01760870851246,0.355,0.227,6.02246520192327e-10,"16","GLUD1"
4.4886556815692e-14,1.03172775267902,0.357,0.236,8.4947808773697e-10,"16","CCSER2"
5.69621437797608e-14,1.06524310555932,0.323,0.199,1.07800857103197e-09,"16","PTPN2"
6.26557485459128e-14,0.777319315620206,0.473,0.36,1.1857600412314e-09,"16","TLN1"
6.99298767641919e-14,1.18593411657995,0.268,0.15,1.32342291776233e-09,"16","BCL2L11"
7.00584748494526e-14,0.773323198447893,0.488,0.373,1.32585663652589e-09,"16","NFKBIA"
8.55601206695882e-14,0.869090606887269,0.416,0.301,1.61922528367196e-09,"16","IVNS1ABP"
9.87773598959584e-14,0.499319822026058,0.621,0.565,1.86936153603101e-09,"16","MBNL1"
1.11330332588014e-13,1.1748430174115,0.261,0.145,2.10692654422817e-09,"16","ADAM10"
1.61719873150103e-13,0.728262914330211,0.49,0.387,3.0605485993657e-09,"16","NFE2L2"
1.83624948026724e-13,0.849895022659371,0.436,0.33,3.47510214140575e-09,"16","CDC42SE1"
2.84622821517566e-13,1.0040589703672,0.335,0.211,5.38648689721994e-09,"16","OFD1"
3.23820214838217e-13,0.548591158492643,0.581,0.51,6.12829756581326e-09,"16","TNFRSF1B"
3.96939247925513e-13,1.29467150288925,0.251,0.142,7.51207526699033e-09,"16","ARFGAP3"
4.04681633156974e-13,1.23907243403809,0.268,0.158,7.65859990749573e-09,"16","PABPC4"
4.44608374091497e-13,1.13948001566961,0.291,0.176,8.41421347968159e-09,"16","PRKX"
4.62432245676552e-13,1.20291870621513,0.276,0.163,8.75153024942875e-09,"16","NEDD9"
5.98440735107649e-13,1.14818197102634,0.264,0.149,1.13254909119122e-08,"16","HUWE1"
9.44489537527517e-13,0.855853882113196,0.406,0.29,1.78744644977083e-08,"16","TRA2A"
1.28173697438697e-12,1.10446382466227,0.308,0.196,2.42568722402734e-08,"16","CASP3"
1.56654492365751e-12,0.839036836289997,0.419,0.315,2.96468626802184e-08,"16","CANX"
1.66156305684439e-12,1.08778694112817,0.303,0.19,3.14450808507801e-08,"16","COPA"
1.76983448368603e-12,0.502200399843489,0.594,0.54,3.34941176037581e-08,"16","SQSTM1"
1.96620889580647e-12,1.06531649880747,0.305,0.19,3.72105033531375e-08,"16","GNA13"
1.98779486736535e-12,0.90496965053302,0.369,0.251,3.76190178648892e-08,"16","GLS"
1.99973559070076e-12,0.468407258906294,0.601,0.555,3.78449960540118e-08,"16","KMT2E"
2.03886957865031e-12,0.995301180529098,0.325,0.21,3.85856067759571e-08,"16","ATP2B4"
2.77078190092793e-12,0.950182788499012,0.342,0.225,5.2437047475061e-08,"16","HNRNPH1"
3.04516132374661e-12,0.310572261205117,0.714,0.713,5.76296780519045e-08,"16","CALR"
7.82570578907269e-12,1.07497504140197,0.254,0.144,1.48101482058201e-07,"16","HERC1"
1.16205046398238e-11,1.05315751347555,0.278,0.17,2.19918050308665e-07,"16","ADD1"
1.50165175620814e-11,0.655555085957488,0.49,0.401,2.84187594862391e-07,"16","EWSR1"
1.68729388447065e-11,1.10193187792632,0.268,0.162,3.19320367636071e-07,"16","SENP6"
1.92121863603275e-11,0.768738560797232,0.433,0.337,3.63590626869198e-07,"16","MAPRE2"
2.10724838152731e-11,1.04967281544524,0.276,0.168,3.98796756204043e-07,"16","TTC39C"
2.1227863541653e-11,0.651522374732956,0.488,0.405,4.01737317525783e-07,"16","USP36"
2.56724214019316e-11,1.05887210529458,0.303,0.195,4.85850575031555e-07,"16","BHLHE40"
2.75070972865235e-11,0.378616366157698,0.672,0.648,5.20571816147457e-07,"16","CD69"
3.10378333026125e-11,0.741835353323662,0.438,0.349,5.87390995251942e-07,"16","CD63"
3.27625714968552e-11,0.599000637626824,0.512,0.426,6.20031665577985e-07,"16","TAGAP"
3.50812708365217e-11,0.771277960276824,0.414,0.312,6.63913050581172e-07,"16","CHD2"
4.07797017234742e-11,1.05208517301801,0.281,0.176,7.7175585511675e-07,"16","CTNNB1"
4.41632825643785e-11,0.920636471788499,0.34,0.231,8.35790122530863e-07,"16","SMARCA2"
4.75933348053086e-11,0.631633584698024,0.5,0.402,9.00703861190466e-07,"16","CCNL1"
5.7489736338827e-11,0.922283442876328,0.352,0.249,1.0879932602123e-06,"16","CRYBG1"
6.33674704210086e-11,0.816729391416217,0.369,0.26,1.19922937771759e-06,"16","TAF15"
6.606951632307e-11,0.719092456302566,0.443,0.343,1.2503655964141e-06,"16","RBM25"
9.58344014222339e-11,0.491732716112679,0.564,0.495,1.81366604691578e-06,"16","NR3C1"
9.83534503229057e-11,1.07234733617431,0.276,0.177,1.86133904736099e-06,"16","AUTS2"
1.11546788798671e-10,1.02942938445866,0.278,0.175,2.11102297801486e-06,"16","NRDC"
1.49363047390153e-10,0.999793649409854,0.296,0.192,2.82669567185864e-06,"16","ZRANB2"
1.65787483449453e-10,0.921743338440145,0.335,0.233,3.13752812428091e-06,"16","JOSD1"
1.79066881509534e-10,0.950599778259757,0.328,0.222,3.38884073256794e-06,"16","GLG1"
2.30840084728465e-10,0.545419170259175,0.53,0.467,4.3686486034862e-06,"16","TAPBP"
2.67371755780382e-10,0.953354395303237,0.308,0.205,5.06001047814373e-06,"16","NKTR"
2.7500416473536e-10,0.99542176431635,0.308,0.209,5.20445381761669e-06,"16","IL27RA"
3.44508767580629e-10,0.771247987188011,0.406,0.32,6.5198284264634e-06,"16","CSNK1D"
3.96846342881312e-10,0.419249926406841,0.601,0.55,7.51031703902883e-06,"16","HNRNPU"
5.70651008029461e-10,1.03224304477175,0.266,0.169,1.07995703269576e-05,"16","PRKDC"
6.38669653448094e-10,0.539988723007434,0.53,0.456,1.20868231915052e-05,"16","SRRM2"
7.28884249066052e-10,0.886716770961263,0.328,0.227,1.3794134413575e-05,"16","AFF4"
7.87824289539574e-10,0.67181702759279,0.453,0.375,1.49095746795364e-05,"16","CD164"
1.08196126627217e-09,0.60894224208342,0.478,0.406,2.04761169642009e-05,"16","DDX6"
1.61747903683507e-09,0.622909930584535,0.409,0.293,3.06107907721036e-05,"16","FOSB"
2.29345207203566e-09,0.749572865946843,0.392,0.301,4.34035804632749e-05,"16","PRKAR1A"
2.50906714813560e-09,0.929715505031949,0.305,0.207,4.74840957784661e-05,"16","ABLIM1"
3.25495933452356e-09,0.436845690173127,0.584,0.549,6.16001054058584e-05,"16","SRSF5"
3.57878907387418e-09,0.947349880740164,0.286,0.191,6.77285832230689e-05,"16","BIRC6"
4.12372427752992e-09,0.837091106926869,0.33,0.235,7.80414819522537e-05,"16","HM13"
4.28661617504199e-09,0.760392256283707,0.369,0.279,8.11242111126696e-05,"16","SLTM"
4.68233238191932e-09,0.988912342145576,0.256,0.162,8.86131403278232e-05,"16","TES"
6.31915826952958e-09,0.870001663504356,0.315,0.222,0.000119590070250847,"16","PDE4D"
9.19749746350489e-09,0.524630359093649,0.515,0.448,0.00017406263949683,"16","GADD45B"
9.5638778311711e-09,0.975424267874331,0.264,0.173,0.000180996387954913,"16","CLTC"
1.00893297210909e-08,0.385154775113949,0.589,0.558,0.000190940564971645,"16","RNF213"
1.10774031866564e-08,0.807711380996332,0.328,0.232,0.000209639855307472,"16","PNN"
1.16678131340084e-08,0.961182893742782,0.266,0.175,0.000220813363561109,"16","TM9SF3"
1.48960582236956e-08,0.837747311594493,0.325,0.236,0.000281907901883439,"16","SCML4"
1.78689857478558e-08,0.863510325387765,0.305,0.216,0.000338170555278172,"16","RASA2"
2.01279917670327e-08,0.822886510846299,0.313,0.221,0.000380922244191094,"16","OGA"
2.14134183167016e-08,0.913039085265801,0.273,0.184,0.000405248941643577,"16","STT3B"
3.00197998414191e-08,0.695407373939133,0.387,0.303,0.000568124711998857,"16","ANKRD44"
3.24802532646606e-08,0.496204911981804,0.52,0.463,0.000614688793033703,"16","CCNH"
3.80174757909241e-08,0.716711771645556,0.355,0.267,0.000719480729343238,"16","SEMA4D"
4.39558594392061e-08,0.545286754642019,0.483,0.431,0.000831864639886976,"16","IDS"
4.93363504684981e-08,0.680773254903774,0.424,0.361,0.000933690432616327,"16","PTP4A1"
5.13163756656716e-08,0.884566162654033,0.291,0.203,0.000971162409472836,"16","GATA3"
7.63288871356757e-08,0.751544963709396,0.315,0.225,0.00144452418904266,"16","ITGB1"
7.65753081498175e-08,0.3442667347126,0.611,0.591,0.0014491877067353,"16","WIPF1"
8.02186876908152e-08,0.784335734767353,0.3,0.21,0.00151813866454868,"16","ATM"
8.76119776896089e-08,0.757949558893773,0.352,0.271,0.00165805667777585,"16","OCIAD1"
1.08221328893639e-07,0.868545611167946,0.268,0.182,0.00204808864931212,"16","PHYKPL"
1.33858295416628e-07,0.256683199128536,0.675,0.666,0.00253326824075969,"16","SFPQ"
1.35620413032657e-07,0.326482561993509,0.611,0.587,0.00256661631664304,"16","STK17B"
1.55858961639496e-07,0.893183738253063,0.273,0.192,0.00294963084902747,"16","PDCD6IP"
2.23630235566737e-07,0.764440484982837,0.325,0.243,0.0042322022081005,"16","FNBP4"
2.41944751093077e-07,0.796220930548707,0.278,0.191,0.00457880441443648,"16","PRMT9"
2.56951311342096e-07,0.608659387704173,0.397,0.323,0.00486280356714917,"16","ITGAL"
2.58165765549441e-07,0.60260415870542,0.416,0.349,0.00488578711302317,"16","CBLB"
3.03810369620609e-07,0.859528467055447,0.268,0.187,0.00574961124507003,"16","TTC14"
3.26808865882655e-07,0.701233757417183,0.357,0.282,0.00618485778682924,"16","INSIG1"
3.51967547889349e-07,0.76518740023158,0.305,0.224,0.00666098584380593,"16","NIPBL"
3.83701823066904e-07,0.923513848282719,0.256,0.179,0.00726155700154116,"16","SEC23B"
4.13043849893558e-07,0.7186890138723,0.34,0.259,0.00781685485923559,"16","ATF7IP"
4.25554490449823e-07,0.753203481454865,0.313,0.233,0.0080536187317629,"16","LBR"
5.80937698800084e-07,0.878637447709671,0.256,0.177,0.0109942459497916,"16","ERN1"
9.18668791400782e-07,0.574697832286192,0.414,0.344,0.0173858068772598,"16","N4BP2L2"
1.16138372332684e-06,0.836958307621486,0.261,0.186,0.0219791869639604,"16","XRN1"
1.43046737702061e-06,0.885338758041577,0.259,0.185,0.027071595110115,"16","STX11"
1.78219205750228e-06,0.649827377203276,0.345,0.27,0.0337279846882306,"16","NUP98"
1.87118237190012e-06,0.346048378133138,0.564,0.547,0.0354121263882097,"16","PRRC2C"
2.15722233818777e-06,0.75084010196197,0.303,0.231,0.0408254327502036,"16","NDUFV1"
2.25777071216542e-06,0.806250906089407,0.266,0.19,0.0427283107277305,"16","ST3GAL1"
2.28086939063401e-06,0.70169071221462,0.318,0.243,0.0431654532177487,"16","CYLD"
2.31313796223632e-06,0.355482703843005,0.579,0.531,0.0437761359353224,"16","KLF6"
2.52238829692532e-06,0.762285567191167,0.31,0.24,0.0477361985193117,"16","TACC1"
2.55519243068976e-06,0.626923355682305,0.382,0.319,0.0483570167508037,"16","CLK1"
2.65652909341921e-06,0.841977677010186,0.251,0.177,0.0502748130929586,"16","ZNF292"
3.5475945841201e-06,0.842120676623957,0.259,0.186,0.067138227504473,"16","DNAJC3"
3.55410725246849e-06,0.752337631107722,0.323,0.263,0.0672614797529661,"16","ALG13"
5.58400585383423e-06,0.622670928892459,0.372,0.307,0.105677310783813,"16","SLC7A5"
5.64037011298632e-06,0.672950170690354,0.33,0.262,0.106744004388266,"16","AKAP9"
6.73071604121558e-06,0.598296578823814,0.397,0.347,0.127378801080005,"16","SRPRA"
7.36847690172022e-06,0.737177839928496,0.283,0.214,0.139448425365055,"16","CD46"
7.52300496583126e-06,0.83153935079124,0.256,0.189,0.142372868978357,"16","FAM13B"
7.68408585020203e-06,0.412666068730719,0.495,0.444,0.145421324715073,"16","MYADM"
8.14126199612487e-06,0.531943099455465,0.426,0.39,0.154073383276663,"16","GPR65"
8.1786409246282e-06,0.559957246385898,0.394,0.343,0.154780779498589,"16","SMARCA5"
9.07727832875254e-06,0.64990930745165,0.352,0.301,0.171787492371642,"16","TMED10"
9.9216400178087e-06,0.476157315380044,0.448,0.413,0.18776703733703,"16","EPC1"
1.3556017359674e-05,0.691503235388869,0.296,0.23,0.25654762853183,"16","PCM1"
1.37287129021172e-05,0.53043192604742,0.406,0.361,0.259815891672568,"16","GABARAPL1"
2.23984105567208e-05,0.592187936489365,0.355,0.299,0.423889919785942,"16","STK10"
2.45031405728146e-05,0.534312841767882,0.406,0.36,0.463721935340515,"16","TPM4"
2.54988374315197e-05,0.343175258058633,0.525,0.507,0.482565498391511,"16","DNAJB6"
2.71929371765152e-05,0.792440494946169,0.254,0.19,0.514626336065551,"16","SNRNP70"
4.36214427145999e-05,0.443838332715383,0.431,0.385,0.825535803373803,"16","SMCHD1"
5.26813084266777e-05,0.562672803794245,0.384,0.332,0.996993761974876,"16","ZBTB1"
5.65815126791768e-05,0.736991046785108,0.261,0.204,1,"16","TMEM165"
5.71068015906199e-05,0.70370144801454,0.293,0.24,1,"16","PPP4R3A"
5.89873178758408e-05,0.651187437239489,0.313,0.254,1,"16","GPRIN3"
6.72167816251565e-05,0.659577578341991,0.276,0.213,1,"16","ANKRD11"
6.81784660651091e-05,0.60298376779977,0.347,0.301,1,"16","LPXN"
8.31069102598298e-05,0.598075036858359,0.337,0.284,1,"16","DYNC1H1"
9.55578989104987e-05,0.624263040402914,0.33,0.28,1,"16","SERINC3"
9.72514857842033e-05,0.730433886949583,0.286,0.234,1,"16","CTR9"
0.000120304148457257,0.682128613074134,0.281,0.226,1,"16","LUC7L3"
0.000125606816226576,0.706710260798071,0.254,0.196,1,"16","OS9"
0.000129668984491267,0.254864536623705,0.584,0.579,1,"16","ALOX5AP"
0.000151530730442398,0.25948327822498,0.569,0.585,1,"16","SLC2A3"
0.000154073943584623,0.514692940004891,0.379,0.33,1,"16","SLC38A2"
0.000164548315876464,0.498934802572243,0.419,0.39,1,"16","MAT2A"
0.000218919592042998,0.571467919598153,0.333,0.285,1,"16","ITK"
0.000239618628023371,0.615353744407728,0.273,0.217,1,"16","CENPC"
0.000264664480995113,0.563036099133774,0.337,0.298,1,"16","PPP1CB"
0.000285515420410386,0.423617133531122,0.451,0.435,1,"16","IDI1"
0.000328553642407516,0.337247453091547,0.483,0.471,1,"16","G3BP2"
0.000342778021461562,0.29093723557105,0.53,0.545,1,"16","HNRNPC"
0.000361428543880124,0.459615571337154,0.394,0.368,1,"16","MATR3-1"
0.000412643140158093,0.578837506366754,0.281,0.226,1,"16","TGOLN2"
0.000452418078938342,0.491292439095065,0.36,0.322,1,"16","RASSF5"
0.000692944752217844,0.495583644188104,0.374,0.347,1,"16","PAK2"
0.000717738717368847,0.54624702786967,0.32,0.277,1,"16","RELB"
0.00076424390710654,0.565994531277097,0.298,0.257,1,"16","CMTM6"
0.00114529090204906,0.510344731744355,0.305,0.26,1,"16","SEPT2"
0.00137082634235609,0.585451898340892,0.291,0.248,1,"16","PRPF8"
0.00150974692302985,0.313323282464296,0.448,0.433,1,"16","RNF19A"
0.00152304236649554,0.467398809999492,0.369,0.353,1,"16","XBP1"
0.00158401294099107,0.544836849686295,0.288,0.245,1,"16","PRPF4B"
0.00195346113372149,0.45686854841735,0.355,0.315,1,"16","CXCR6"
0.00205355470467861,0.615887920714621,0.259,0.215,1,"16","GOLGA4"
0.00214960030772686,0.505725881771789,0.33,0.302,1,"16","DOCK8"
0.00272379902746717,0.43550511307995,0.382,0.367,1,"16","ARGLU1"
0.00272404321449008,0.392066806784408,0.401,0.385,1,"16","SUN2"
0.00279707692176758,0.561500135075033,0.283,0.245,1,"16","MAPK1"
0.00351290106501128,0.362701715323001,0.406,0.387,1,"16","NOP58"
0.0035643569813577,0.583701141488706,0.286,0.256,1,"16","PAFAH1B1"
0.0049806606931435,0.502337890222307,0.305,0.278,1,"16","LSM14A"
0.0056859820175901,0.373527175483463,0.387,0.374,1,"16","SH2D1A"
0.00640860710475995,0.50339976662005,0.298,0.268,1,"16","RABGAP1L"
0.00752536290034632,0.411061962936609,0.335,0.309,1,"16","PPP1R12A"
0.0081351843413368,0.419917246008289,0.333,0.308,1,"16","AAK1"
0.00814054828160641,0.43499709529265,0.34,0.314,1,"16","POLR2A"
0.00854258171479315,0.434429320103964,0.33,0.31,1,"16","G3BP1"
0.00893855562382831,0.567557903543669,0.271,0.243,1,"16","CHORDC1"
0.009008234276079,0.356924553631707,0.384,0.376,1,"16","TAX1BP1"
