"p_val","avg_log2FC","pct.1","pct.2","p_val_adj","cluster","gene","CD8_State"
0,1.48877583608411,0.257,0.079,0,"0","GPR183","CD8_Memory_GPR183"
7.74324762658734e-279,0.902834857588044,0.368,0.193,1.46540961333165e-274,"0","LMNA","CD8_Memory_GPR183"
4.05243671170665e-262,0.718323160974032,0.425,0.234,7.66923647690483e-258,"0","MT1X","CD8_Memory_GPR183"
3.84418879441602e-285,0.707199661740569,0.456,0.252,7.27512729343232e-281,"0","PDCL3","CD8_Memory_GPR183"
2.31806341695156e-131,0.681819628318372,0.255,0.147,4.38693501658084e-127,"0","METRNL","CD8_Memory_GPR183"
0,0.677767997682342,0.692,0.421,0,"0","RGCC","CD8_Memory_GPR183"
1.01208257753856e-176,0.669334365609196,0.316,0.175,1.91536627799172e-172,"0","ENC1","CD8_Memory_GPR183"
7.63987956610561e-161,0.664950129710532,0.284,0.158,1.44584720788549e-156,"0","DCTN6","CD8_Memory_GPR183"
0,0.653450737101952,0.65,0.385,0,"0","SDCBP","CD8_Memory_GPR183"
1.29071756153437e-152,0.626789889873175,0.284,0.158,2.4426829852038e-148,"0","SC5D","CD8_Memory_GPR183"
1.04275150573791e-206,0.624745940984853,0.423,0.252,1.973407224609e-202,"0","JMJD6","CD8_Memory_GPR183"
2.75175451846516e-235,0.620943150723381,0.451,0.262,5.20769542619532e-231,"0","ISCA1","CD8_Memory_GPR183"
6.96105502891547e-110,0.617956382554898,0.277,0.174,1.31737966422225e-105,"0","YBX3","CD8_Memory_GPR183"
4.01139813694276e-245,0.614981819444884,0.492,0.292,7.59157097416416e-241,"0","AMD1","CD8_Memory_GPR183"
3.95085148316245e-157,0.606656713319747,0.336,0.2,7.47698643188495e-153,"0","OAT","CD8_Memory_GPR183"
9.73335732393704e-172,0.599951035391072,0.31,0.168,1.84203787355508e-167,"0","CD28","CD8_Memory_GPR183"
5.10244453955009e-154,0.595576978981744,0.371,0.231,9.65637629109855e-150,"0","LINC01871","CD8_Memory_GPR183"
6.37228117521453e-217,0.588758139142943,0.484,0.297,1.20595421240935e-212,"0","EIF4A1","CD8_Memory_GPR183"
1.15986514262604e-117,0.576670301066916,0.259,0.153,2.19504478241978e-113,"0","OSER1","CD8_Memory_GPR183"
1.47167547415572e-136,0.571582983896259,0.348,0.217,2.7851458348397e-132,"0","CDKN1A","CD8_Memory_GPR183"
4.01803672765835e-167,0.568841703801928,0.382,0.231,7.60413450709343e-163,"0","ALG13","CD8_Memory_GPR183"
7.89833366391582e-214,0.5576568238261,0.491,0.3,1.49475964589607e-209,"0","KPNA2","CD8_Memory_GPR183"
0,0.557195899403293,0.839,0.535,0,"0","FAM177A1","CD8_Memory_GPR183"
0,0.550060845981378,0.904,0.594,0,"0","SELENOK","CD8_Memory_GPR183"
1.88236260135784e-277,0.537429135057473,0.66,0.414,3.56237122306972e-273,"0","SAMSN1","CD8_Memory_GPR183"
1.15496487489999e-193,0.537017871010453,0.438,0.259,2.18577102574823e-189,"0","CD5","CD8_Memory_GPR183"
4.24701424748748e-244,0.536056117248647,0.619,0.396,8.03747446337006e-240,"0","RBM38","CD8_Memory_GPR183"
3.48191848689194e-134,0.530873813041923,0.345,0.214,6.589530736443e-130,"0","MARCKSL1","CD8_Memory_GPR183"
4.10997166666107e-229,0.530098315357352,0.611,0.398,7.77812137915608e-225,"0","MYADM","CD8_Memory_GPR183"
5.73355612418924e-108,0.526660027201883,0.269,0.165,1.08507549650281e-103,"0","GRPEL1","CD8_Memory_GPR183"
0,0.523831647336088,0.894,0.594,0,"0","YPEL5","CD8_Memory_GPR183"
2.7866717242692e-114,0.521657036373519,0.302,0.189,5.27377623817946e-110,"0","MED4","CD8_Memory_GPR183"
3.45225411234197e-134,0.520616172754904,0.376,0.24,6.53339090760717e-130,"0","CSRNP1","CD8_Memory_GPR183"
1.4913964023101e-174,0.509942478521701,0.448,0.28,2.82246769137186e-170,"0","SS18L2","CD8_Memory_GPR183"
1.60445095389457e-109,0.507401668036325,0.29,0.179,3.03642343024547e-105,"0","RNF139","CD8_Memory_GPR183"
1.34930715744017e-280,0.506452204883747,0.733,0.484,2.55356379545552e-276,"0","RGS1","CD8_Memory_GPR183"
0,0.506353797946665,0.987,0.693,0,"0","CXCR4","CD8_Memory_GPR183"
4.474678906161e-144,0.505958528305448,0.402,0.256,8.46832982990969e-140,"0","ARID5A","CD8_Memory_GPR183"
2.46376422183113e-191,0.503532634024489,0.505,0.319,4.66267378981542e-187,"0","BCAS2","CD8_Memory_GPR183"
4.65277729964672e-214,0.503291546431532,0.558,0.355,8.80538103958141e-210,"0","GTF2B","CD8_Memory_GPR183"
7.96122066890253e-114,0.49528779813248,0.317,0.2,1.5066610115898e-109,"0","PAF1","CD8_Memory_GPR183"
8.34970509244677e-283,0.4919359505897,0.76,0.474,1.58018168874555e-278,"0","TENT5C","CD8_Memory_GPR183"
1.80958304765484e-116,0.490602424344246,0.362,0.236,3.42463591768678e-112,"0","OASL","CD8_Memory_GPR183"
7.83304346735033e-113,0.488990887908127,0.31,0.195,1.48240347619605e-108,"0","SLIRP","CD8_Memory_GPR183"
1.76488725554541e-102,0.488947845863571,0.274,0.169,3.34004913111969e-98,"0","P2RY10","CD8_Memory_GPR183"
9.26795577384581e-291,0.486444471789684,0.802,0.548,1.75396063020032e-286,"0","HIST1H4C","CD8_Memory_GPR183"
2.29963692192752e-291,0.481717130628394,0.781,0.52,4.35206287474782e-287,"0","NDUFS5","CD8_Memory_GPR183"
3.63161831584935e-103,0.479036859177342,0.297,0.19,6.87283766274489e-99,"0","ABT1","CD8_Memory_GPR183"
9.15060853609474e-102,0.476758211526068,0.296,0.188,1.73175266545593e-97,"0","TXNDC17","CD8_Memory_GPR183"
1.81682849862702e-139,0.473123564720396,0.392,0.246,3.43834793365164e-135,"0","NAMPT","CD8_Memory_GPR183"
0,0.467225970179329,0.966,0.667,0,"0","CREM","CD8_Memory_GPR183"
2.25091487833052e-160,0.463652453795935,0.497,0.324,4.2598564072405e-156,"0","GABARAPL1","CD8_Memory_GPR183"
1.17281176783884e-91,0.462358066956246,0.266,0.166,2.21954627063501e-87,"0","P2RY8","CD8_Memory_GPR183"
6.37708591842037e-242,0.460557995772944,0.713,0.468,1.20686351006105e-237,"0","UBE2B","CD8_Memory_GPR183"
6.55275647522092e-184,0.459259307035727,0.557,0.36,1.24010916293556e-179,"0","JUND","CD8_Memory_GPR183"
4.2650391430234e-212,0.459184298809625,0.662,0.437,8.07158657817178e-208,"0","ATP1B3","CD8_Memory_GPR183"
5.78743852688815e-124,0.458810185150931,0.39,0.252,1.09527274121358e-119,"0","INSIG1","CD8_Memory_GPR183"
1.42711130187381e-188,0.455384553396158,0.59,0.383,2.70080813879619e-184,"0","SYAP1","CD8_Memory_GPR183"
8.20918663548281e-199,0.454817898603587,0.674,0.497,1.55358857076512e-194,"0","ANXA1","CD8_Memory_GPR183"
1.72380237410646e-77,0.44981940934553,0.253,0.165,3.26229599299648e-73,"0","MORF4L2","CD8_Memory_GPR183"
7.06755075799937e-160,0.447721268951,0.509,0.333,1.33753398095138e-155,"0","RSL24D1","CD8_Memory_GPR183"
2.17348631407658e-134,0.444862688051634,0.434,0.284,4.11332284938992e-130,"0","UBE2A","CD8_Memory_GPR183"
9.27186700454719e-170,0.440791811559614,0.545,0.36,1.75470083061056e-165,"0","MAGOH","CD8_Memory_GPR183"
1.38272407967781e-86,0.440526289268007,0.266,0.17,2.61680532079025e-82,"0","MCUB","CD8_Memory_GPR183"
6.5261492789334e-117,0.440041499272132,0.379,0.247,1.23507375103815e-112,"0","ETF1","CD8_Memory_GPR183"
1.54361439737058e-245,0.438337451027754,0.854,0.604,2.92129024702383e-241,"0","LDHA","CD8_Memory_GPR183"
2.32023522166529e-93,0.43778961328638,0.286,0.182,4.39104515700156e-89,"0","HNRNPLL","CD8_Memory_GPR183"
1.29225430086028e-92,0.430938123801967,0.349,0.236,2.44559126437809e-88,"0","CHMP1B","CD8_Memory_GPR183"
6.91454886448822e-148,0.427429045143133,0.497,0.328,1.3085783726044e-143,"0","PET100","CD8_Memory_GPR183"
3.60971804890348e-97,0.427422772364621,0.328,0.215,6.83139140754984e-93,"0","PITHD1","CD8_Memory_GPR183"
7.39693761405516e-89,0.425068793855959,0.276,0.175,1.39987044345994e-84,"0","BCL11B","CD8_Memory_GPR183"
6.93578091183903e-150,0.424502588788404,0.5,0.329,1.31259653756554e-145,"0","NSMCE3","CD8_Memory_GPR183"
5.07028032298978e-100,0.423033590239107,0.331,0.215,9.59550551125815e-96,"0","NDUFA5","CD8_Memory_GPR183"
4.96370169764479e-117,0.419444700661929,0.429,0.29,9.39380546279276e-113,"0","PPP2CA","CD8_Memory_GPR183"
4.77911839356202e-234,0.418287688639992,0.855,0.612,9.04448155981613e-230,"0","TUBA4A","CD8_Memory_GPR183"
1.43966904121545e-95,0.417540232889839,0.344,0.228,2.72457366050025e-91,"0","DNAJB9","CD8_Memory_GPR183"
1.26491065033671e-251,0.416321600819683,0.846,0.588,2.39384340576223e-247,"0","LEPROTL1","CD8_Memory_GPR183"
1.43071292533158e-74,0.414332062607585,0.275,0.184,2.70762421119002e-70,"0","EIF3J","CD8_Memory_GPR183"
1.25838732461856e-88,0.408785383956013,0.324,0.217,2.38149801184063e-84,"0","NR1H2","CD8_Memory_GPR183"
1.02863219094851e-158,0.408470277702827,0.583,0.383,1.94668642137005e-154,"0","PDE4B","CD8_Memory_GPR183"
2.22355050006534e-100,0.406527646704932,0.353,0.234,4.20806932137366e-96,"0","EMC7","CD8_Memory_GPR183"
5.72987844543741e-89,0.406219998563755,0.332,0.223,1.08437949579903e-84,"0","SBDS","CD8_Memory_GPR183"
3.57793298036831e-90,0.405194654614375,0.3,0.195,6.77123816534702e-86,"0","NDUFC1","CD8_Memory_GPR183"
4.85831343066747e-133,0.405017072684511,0.516,0.353,9.19435816753819e-129,"0","EIF4A3","CD8_Memory_GPR183"
2.70389420462942e-130,0.402823991091314,0.507,0.344,5.11711978226118e-126,"0","RUNX3","CD8_Memory_GPR183"
7.98567733167909e-96,0.401135403467746,0.34,0.224,1.51128943502027e-91,"0","NDUFB1","CD8_Memory_GPR183"
3.61396896210296e-107,0.40058364718976,0.412,0.277,6.83943626077984e-103,"0","FABP5","CD8_Memory_GPR183"
1.05144540033387e-88,0.3998808518563,0.339,0.229,1.98986042013186e-84,"0","WBP11","CD8_Memory_GPR183"
2.32142795070281e-147,0.399407036984404,0.574,0.393,4.39330239670507e-143,"0","RHOH","CD8_Memory_GPR183"
2.01486407402537e-89,0.398588087022729,0.345,0.231,3.81313026009302e-85,"0","PIM3","CD8_Memory_GPR183"
1.46646619106862e-78,0.397624604769366,0.302,0.203,2.77528726659737e-74,"0","PLIN2","CD8_Memory_GPR183"
9.56769053185612e-80,0.397277921655177,0.263,0.171,1.81068543315377e-75,"0","SURF2","CD8_Memory_GPR183"
1.84719215923716e-91,0.397270342942737,0.334,0.221,3.49581116135632e-87,"0","TRAT1","CD8_Memory_GPR183"
5.02703929125687e-78,0.395951023536855,0.296,0.199,9.51367185870362e-74,"0","PNPLA8","CD8_Memory_GPR183"
1.25198408489185e-83,0.395823444981697,0.272,0.174,2.36937988065783e-79,"0","EVI2A","CD8_Memory_GPR183"
1.35061510300559e-85,0.394721719971323,0.322,0.215,2.55603908243808e-81,"0","HBP1","CD8_Memory_GPR183"
8.3580700291821e-102,0.393976164146671,0.38,0.254,1.58176475302271e-97,"0","LAPTM4A","CD8_Memory_GPR183"
3.48773577387878e-159,0.393896686633888,0.611,0.414,6.6005399520656e-155,"0","SNRPG","CD8_Memory_GPR183"
1.94984839643712e-108,0.392126599768522,0.44,0.303,3.69008809025726e-104,"0","ODC1","CD8_Memory_GPR183"
7.3207019680141e-135,0.391825150325095,0.518,0.349,1.38544284744667e-130,"0","STRAP","CD8_Memory_GPR183"
1.44700692038435e-101,0.387390963626396,0.395,0.267,2.73846059682738e-97,"0","POLR2K","CD8_Memory_GPR183"
1.31473910577376e-107,0.38687997685016,0.42,0.284,2.48814375767684e-103,"0","SLC3A2","CD8_Memory_GPR183"
1.50459787348821e-121,0.386512740923393,0.452,0.303,2.84745147557643e-117,"0","RNF7","CD8_Memory_GPR183"
5.50552688911299e-67,0.386184130617301,0.262,0.176,1.04192096376463e-62,"0","STMN1","CD8_Memory_GPR183"
6.98622392328194e-94,0.385991658420791,0.34,0.225,1.32214287748111e-89,"0","RPP21","CD8_Memory_GPR183"
6.91634541215027e-143,0.385771570757951,0.572,0.39,1.30891836924944e-138,"0","PAIP2","CD8_Memory_GPR183"
3.4077000396451e-106,0.383582577166844,0.41,0.275,6.44907232502834e-102,"0","SLBP","CD8_Memory_GPR183"
8.64724785388075e-119,0.383515750420982,0.474,0.323,1.63649165634693e-114,"0","EIF1AX","CD8_Memory_GPR183"
1.08208020000101e-86,0.38214955991253,0.344,0.233,2.04783677850192e-82,"0","VDAC1","CD8_Memory_GPR183"
3.9202380168512e-128,0.380278494540916,0.492,0.328,7.41905044689089e-124,"0","ATP5ME","CD8_Memory_GPR183"
7.39595045742229e-161,0.379804444368665,0.68,0.459,1.39968362406717e-156,"0","DNAJB6","CD8_Memory_GPR183"
4.2761230293932e-65,0.37977544976941,0.251,0.169,8.09256283312663e-61,"0","NDEL1","CD8_Memory_GPR183"
4.73303412958559e-133,0.376886450251775,0.535,0.363,8.95726709024073e-129,"0","HERPUD1","CD8_Memory_GPR183"
4.78134802736812e-67,0.376391237783471,0.253,0.169,9.04870114179418e-63,"0","RILPL2","CD8_Memory_GPR183"
5.02113151498283e-115,0.375871626949731,0.44,0.292,9.502491392105e-111,"0","NAA50","CD8_Memory_GPR183"
8.92270728318088e-94,0.37418764574633,0.399,0.276,1.68862235334198e-89,"0","HNRNPAB","CD8_Memory_GPR183"
1.29053676168435e-95,0.372823050446162,0.372,0.251,2.44234082148764e-91,"0","MRFAP1","CD8_Memory_GPR183"
4.26069398079837e-164,0.370972601655932,0.762,0.537,8.06336335866092e-160,"0","PDCD4","CD8_Memory_GPR183"
6.45473992100796e-62,0.370611049322807,0.262,0.18,1.22155953005076e-57,"0","CHCHD7","CD8_Memory_GPR183"
1.94542918124614e-107,0.367362253689857,0.458,0.315,3.68172472550832e-103,"0","EIF5A","CD8_Memory_GPR183"
5.32104795392346e-100,0.365336120094615,0.411,0.279,1.00700832528001e-95,"0","RAP1A","CD8_Memory_GPR183"
4.36682379094418e-86,0.364135026892126,0.343,0.228,8.26421402436187e-82,"0","DDX3Y","CD8_Memory_GPR183"
7.99704095521009e-86,0.362316006171711,0.331,0.22,1.51344000077351e-81,"0","TBCC","CD8_Memory_GPR183"
8.49546302822325e-97,0.360423009748885,0.395,0.268,1.60776637809125e-92,"0","AKIRIN1","CD8_Memory_GPR183"
1.70544245742596e-84,0.360170475752777,0.355,0.244,3.22754985067864e-80,"0","NRBP1","CD8_Memory_GPR183"
1.35957789165873e-68,0.359236819322404,0.296,0.204,2.57300115996415e-64,"0","RHEB","CD8_Memory_GPR183"
3.68724394416354e-125,0.358899544593371,0.57,0.395,6.97810916432951e-121,"0","ARF4","CD8_Memory_GPR183"
7.63776877963036e-178,0.357011738295408,0.845,0.609,1.44544774154505e-173,"0","EZR","CD8_Memory_GPR183"
1.62283562023639e-143,0.356307039695384,0.679,0.479,3.07121641129737e-139,"0","MORF4L1","CD8_Memory_GPR183"
2.49062888722585e-145,0.355501594550088,0.646,0.448,4.71351516907492e-141,"0","SNU13","CD8_Memory_GPR183"
2.40940445837324e-70,0.355242765197726,0.308,0.212,4.55979793747136e-66,"0","FBL","CD8_Memory_GPR183"
4.0616588446212e-64,0.353233956579669,0.266,0.181,7.68668936344562e-60,"0","COX20","CD8_Memory_GPR183"
4.59953330438494e-127,0.353225945246078,0.625,0.442,8.70461677854849e-123,"0","CLEC2B","CD8_Memory_GPR183"
1.72245173039126e-70,0.350902828859884,0.287,0.194,3.25973989976545e-66,"0","CCDC59","CD8_Memory_GPR183"
1.19652573468211e-130,0.350038012113792,0.636,0.45,2.26442495288589e-126,"0","TUBB4B","CD8_Memory_GPR183"
7.77122786158893e-106,0.348578961242616,0.465,0.321,1.47070487280571e-101,"0","MAPK1IP1L","CD8_Memory_GPR183"
2.9304526518294e-87,0.347368541813551,0.346,0.231,5.54588164358713e-83,"0","DYNLT1","CD8_Memory_GPR183"
6.81774987878512e-84,0.34603234690016,0.382,0.265,1.29025916456008e-79,"0","CEBPZ","CD8_Memory_GPR183"
8.02570727553018e-70,0.345083750085432,0.298,0.203,1.51886510189409e-65,"0","GTF3C6","CD8_Memory_GPR183"
9.47483472951891e-122,0.344362450753747,0.615,0.438,1.79311247256145e-117,"0","HNRNPA0","CD8_Memory_GPR183"
2.4389894058768e-94,0.343775354125581,0.457,0.318,4.61578745062184e-90,"0","BCL3","CD8_Memory_GPR183"
3.53461946250872e-108,0.343577010771596,0.56,0.4,6.68926733279776e-104,"0","IDI1","CD8_Memory_GPR183"
3.76845924156827e-100,0.337451339319662,0.487,0.343,7.13180911466794e-96,"0","SRRT","CD8_Memory_GPR183"
3.94337909507563e-82,0.3374388726827,0.372,0.256,7.46284493743063e-78,"0","COX17","CD8_Memory_GPR183"
4.1584852232153e-92,0.337353722475148,0.452,0.318,7.86993328493495e-88,"0","DDX21","CD8_Memory_GPR183"
6.26053821434096e-60,0.332724529015293,0.288,0.202,1.18480685706403e-55,"0","SIAH2","CD8_Memory_GPR183"
6.2051140643404e-79,0.332599481763044,0.376,0.263,1.17431783667642e-74,"0","TMED2","CD8_Memory_GPR183"
6.69156749143586e-134,0.332353503061485,0.733,0.528,1.26637914775424e-129,"0","ELF1","CD8_Memory_GPR183"
3.31982304638201e-105,0.332288978399199,0.537,0.37,6.28276511527795e-101,"0","NR4A3","CD8_Memory_GPR183"
1.67806103043196e-50,0.332104510521099,0.257,0.182,3.17573050009247e-46,"0","PNP","CD8_Memory_GPR183"
2.93445475304744e-186,0.331151165122761,0.929,0.712,5.55345562014227e-182,"0","CALM2","CD8_Memory_GPR183"
7.36174419234143e-110,0.330846005169327,0.53,0.371,1.39321008840062e-105,"0","H2AFV","CD8_Memory_GPR183"
3.42664439706949e-136,0.330797291556261,0.764,0.553,6.48492452145401e-132,"0","ATP6V0C","CD8_Memory_GPR183"
2.73647217319421e-63,0.330755189267599,0.308,0.217,5.17877358777004e-59,"0","KDELR2","CD8_Memory_GPR183"
4.56968334499867e-114,0.330598215866981,0.563,0.393,8.64812573040999e-110,"0","JPT1","CD8_Memory_GPR183"
8.37788298891714e-96,0.330164739555696,0.435,0.3,1.58551435565257e-91,"0","SUMO1","CD8_Memory_GPR183"
2.33561945585287e-114,0.329972159933402,0.59,0.416,4.42015982020155e-110,"0","SEC62","CD8_Memory_GPR183"
5.64846922019871e-72,0.328467006789406,0.335,0.233,1.06897279992261e-67,"0","DNAJA2","CD8_Memory_GPR183"
1.1282258072529e-88,0.326874744602293,0.428,0.301,2.13516734022611e-84,"0","RSL1D1","CD8_Memory_GPR183"
1.10824321488095e-64,0.325026781642145,0.313,0.22,2.09735028416219e-60,"0","MAPRE1","CD8_Memory_GPR183"
5.53732061586807e-52,0.324550383098815,0.252,0.177,1.04793792655303e-47,"0","NOP56","CD8_Memory_GPR183"
8.64894929394335e-65,0.323717323492375,0.306,0.213,1.63681365387878e-60,"0","CMC2","CD8_Memory_GPR183"
1.21253638058711e-105,0.322761608598393,0.569,0.407,2.2947251002611e-101,"0","UBE2S","CD8_Memory_GPR183"
1.02363228275767e-113,0.322049077769485,0.665,0.479,1.93722409511889e-109,"0","CYCS","CD8_Memory_GPR183"
7.76138488024603e-105,0.321921212932028,0.533,0.37,1.46884208858656e-100,"0","USP36","CD8_Memory_GPR183"
1.21251833594638e-58,0.321837444594643,0.272,0.189,2.29469095077852e-54,"0","NGDN","CD8_Memory_GPR183"
9.83576974146093e-51,0.321262213529292,0.259,0.185,1.86141942357148e-46,"0","RELA","CD8_Memory_GPR183"
1.23028652242543e-56,0.31913494720944,0.269,0.187,2.32831724369012e-52,"0","MANF","CD8_Memory_GPR183"
3.49523151331528e-93,0.317358099513202,0.505,0.355,6.61472563894916e-89,"0","NFE2L2","CD8_Memory_GPR183"
3.61711324852053e-59,0.316876268534967,0.286,0.201,6.8453868228251e-55,"0","ATP6V0D1","CD8_Memory_GPR183"
7.03080890405691e-70,0.316321646811802,0.337,0.233,1.33058058509277e-65,"0","CD55","CD8_Memory_GPR183"
2.91220703831147e-131,0.316056614577505,0.795,0.599,5.51135182000445e-127,"0","LITAF","CD8_Memory_GPR183"
1.17974901775315e-58,0.314457678413514,0.278,0.194,2.23267501609783e-54,"0","ZMAT2","CD8_Memory_GPR183"
2.96057612616416e-131,0.313295852188693,0.726,0.516,5.60289031876567e-127,"0","TSC22D3","CD8_Memory_GPR183"
1.05566088098368e-157,0.310520584014846,0.887,0.68,1.99783821726162e-153,"0","GZMK","CD8_Memory_GPR183"
2.74315527276183e-113,0.309583930730527,0.684,0.492,5.19142135370175e-109,"0","EMD","CD8_Memory_GPR183"
3.88757743643427e-124,0.309245333446237,0.8,0.611,7.35724029845186e-120,"0","TAGLN2","CD8_Memory_GPR183"
8.91672227135332e-93,0.308191989967393,0.497,0.354,1.68748968985362e-88,"0","GHITM","CD8_Memory_GPR183"
1.32636650582786e-124,0.306971270894472,0.819,0.614,2.51014861227922e-120,"0","SRSF2","CD8_Memory_GPR183"
3.82148031523763e-66,0.306589657764205,0.363,0.259,7.23215149658721e-62,"0","TIPARP","CD8_Memory_GPR183"
1.21465696325854e-56,0.305913480768279,0.291,0.205,2.29873830296678e-52,"0","DDX27","CD8_Memory_GPR183"
4.62674850416726e-100,0.305571406563454,0.571,0.408,8.75612154413655e-96,"0","COX7B","CD8_Memory_GPR183"
9.41768374848643e-73,0.304963501839137,0.409,0.293,1.78229664940106e-68,"0","ORAI1","CD8_Memory_GPR183"
8.0246990427865e-106,0.304593038012551,0.713,0.501,1.51867429384735e-101,"0","VPS37B","CD8_Memory_GPR183"
1.18249154297397e-74,0.304417543730371,0.404,0.287,2.23786524507823e-70,"0","DCXR","CD8_Memory_GPR183"
6.70152982686037e-57,0.303739407617878,0.311,0.223,1.26826451973332e-52,"0","H2AFX","CD8_Memory_GPR183"
1.69422718998559e-92,0.303726690043514,0.586,0.411,3.20632495704773e-88,"0","DUSP5","CD8_Memory_GPR183"
5.25918420152266e-116,0.303404684223535,0.819,0.58,9.95300610138163e-112,"0","TNFAIP3","CD8_Memory_GPR183"
2.29575875208876e-70,0.30225137336594,0.367,0.26,4.34472343832798e-66,"0","ELOC","CD8_Memory_GPR183"
1.06112927361298e-76,0.299216333825864,0.365,0.241,2.00818715031257e-72,"0","DUSP4","CD8_Memory_GPR183"
1.15877298569199e-64,0.2977692970483,0.333,0.236,2.19297787542208e-60,"0","YWHAE","CD8_Memory_GPR183"
1.51684928504133e-102,0.297016103963938,0.682,0.488,2.87063727194071e-98,"0","CD8B","CD8_Memory_GPR183"
2.34702940075508e-51,0.296108135530914,0.271,0.193,4.44175314092899e-47,"0","RNF138","CD8_Memory_GPR183"
3.273345624831e-56,0.296010366451248,0.283,0.199,6.19480659499267e-52,"0","COQ10B","CD8_Memory_GPR183"
1.04002552219802e-57,0.29560755481212,0.296,0.209,1.96824830075976e-53,"0","YTHDF2","CD8_Memory_GPR183"
6.35694287701656e-113,0.295215588002032,0.739,0.54,1.20305143947538e-108,"0","SAP18","CD8_Memory_GPR183"
8.62782261537329e-69,0.295135054658758,0.395,0.281,1.6328154299594e-64,"0","BIRC3","CD8_Memory_GPR183"
1.43778697219244e-95,0.294555769360935,0.515,0.357,2.7210118448742e-91,"0","CNOT6L","CD8_Memory_GPR183"
5.7744615303461e-67,0.293707877649704,0.35,0.248,1.092816844618e-62,"0","LAMTOR5","CD8_Memory_GPR183"
2.62712634708142e-78,0.293664196786197,0.431,0.307,4.97183661185158e-74,"0","MAT2B","CD8_Memory_GPR183"
7.42479585012352e-62,0.293392208568083,0.279,0.188,1.40514261463588e-57,"0","ICOS","CD8_Memory_GPR183"
1.42797612366578e-108,0.292967692964345,0.818,0.611,2.70244481403748e-104,"0","DDX24","CD8_Memory_GPR183"
7.47850271294047e-59,0.292881330722209,0.304,0.215,1.41530663842398e-54,"0","CTR9","CD8_Memory_GPR183"
6.36566916607996e-63,0.29206826351634,0.337,0.24,1.20470288968063e-58,"0","CMPK1","CD8_Memory_GPR183"
1.77259781944255e-99,0.291847295310077,0.597,0.425,3.35464137329503e-95,"0","ATP5MD","CD8_Memory_GPR183"
7.46510920713462e-41,0.291119078043735,0.267,0.198,1.41277191745023e-36,"0","KDM6B","CD8_Memory_GPR183"
7.72930072963468e-66,0.290655599074682,0.384,0.278,1.46277016308336e-61,"0","DNTTIP2","CD8_Memory_GPR183"
5.37936726116616e-107,0.290248966740129,0.736,0.535,1.0180452541757e-102,"0","POLR2L","CD8_Memory_GPR183"
4.07446232046739e-84,0.290167047120848,0.465,0.329,7.71091994148453e-80,"0","GABARAPL2","CD8_Memory_GPR183"
3.27112150884394e-55,0.290021061326573,0.303,0.217,6.19059745548716e-51,"0","STAU1","CD8_Memory_GPR183"
3.65064487381699e-67,0.289608478661786,0.345,0.242,6.90884542369866e-63,"0","IMP3","CD8_Memory_GPR183"
5.08233730537558e-71,0.287774650791819,0.386,0.273,9.61832335042328e-67,"0","PPP1CB","CD8_Memory_GPR183"
1.42017454781037e-58,0.287773176880505,0.319,0.226,2.68768033173113e-54,"0","IL21R","CD8_Memory_GPR183"
6.05166828710825e-44,0.287012797809551,0.251,0.181,1.14527822333524e-39,"0","METAP2","CD8_Memory_GPR183"
2.35301690973794e-96,0.286416548244865,0.792,0.574,4.45308450167905e-92,"0","ZNF331","CD8_Memory_GPR183"
9.97468301341656e-46,0.286357931695365,0.254,0.182,1.88770876028908e-41,"0","FBXO34","CD8_Memory_GPR183"
2.96956359941897e-62,0.285169513521933,0.331,0.234,5.6198991119004e-58,"0","MRPL33","CD8_Memory_GPR183"
3.68380706236159e-56,0.285077741162746,0.289,0.204,6.97160486551932e-52,"0","TM2D3","CD8_Memory_GPR183"
1.04111843055613e-59,0.285062165174027,0.358,0.261,1.97031662982747e-55,"0","NASP","CD8_Memory_GPR183"
1.00008584435626e-56,0.284825327801314,0.295,0.208,1.89266246044423e-52,"0","PFDN2","CD8_Memory_GPR183"
1.83360861201427e-68,0.283807557089976,0.41,0.296,3.470104298237e-64,"0","MOB4","CD8_Memory_GPR183"
8.15558726892836e-75,0.283013584844831,0.434,0.312,1.54344489064469e-70,"0","SF3A1","CD8_Memory_GPR183"
3.70668162187579e-58,0.282845621317316,0.304,0.213,7.01489496939994e-54,"0","NDUFB6","CD8_Memory_GPR183"
2.86800533433055e-101,0.280298416741853,0.665,0.483,5.42770009522057e-97,"0","ATP6V1G1","CD8_Memory_GPR183"
3.80702670217595e-49,0.280142769066421,0.25,0.176,7.20479803386799e-45,"0","MRPL47","CD8_Memory_GPR183"
3.85558456283869e-75,0.279347872728718,0.525,0.389,7.29669378517223e-71,"0","TUBA1A","CD8_Memory_GPR183"
2.17617204865269e-73,0.277133043100473,0.438,0.315,4.11840560207521e-69,"0","RPN1","CD8_Memory_GPR183"
2.14282910491313e-86,0.276765623980211,0.626,0.459,4.05530408104811e-82,"0","NR3C1","CD8_Memory_GPR183"
2.57561967836402e-51,0.276691963881378,0.349,0.258,4.8743602413039e-47,"0","RELB","CD8_Memory_GPR183"
4.0605270132765e-55,0.27621970494468,0.296,0.21,7.68454737262577e-51,"0","MECP2","CD8_Memory_GPR183"
1.28995601488755e-49,0.276034244069663,0.264,0.187,2.44124175817469e-45,"0","ADIPOR1","CD8_Memory_GPR183"
2.92329928151738e-48,0.275211585847564,0.271,0.194,5.53234389027164e-44,"0","RTN4","CD8_Memory_GPR183"
6.24160044642598e-67,0.274531223187523,0.409,0.296,1.18122288448612e-62,"0","CSNK1D","CD8_Memory_GPR183"
1.99525166476554e-148,0.274524965514157,0.964,0.777,3.77601377556879e-144,"0","ZFP36","CD8_Memory_GPR183"
8.59757583179559e-52,0.274161177036874,0.309,0.223,1.62709122616732e-47,"0","CKS2","CD8_Memory_GPR183"
2.98534083577142e-60,0.27402099285957,0.347,0.249,5.64975753169741e-56,"0","SNRPF","CD8_Memory_GPR183"
2.57698878618634e-96,0.273624446345657,0.734,0.539,4.87695127785764e-92,"0","RBM8A","CD8_Memory_GPR183"
8.76329438410554e-73,0.272959323900613,0.446,0.319,1.65845346219197e-68,"0","SOCS1","CD8_Memory_GPR183"
2.66431704868275e-69,0.272265022567855,0.381,0.263,5.0422200146321e-65,"0","PDCD1","CD8_Memory_GPR183"
2.64470360168619e-77,0.271602814335931,0.466,0.332,5.00510156619111e-73,"0","ISCU","CD8_Memory_GPR183"
6.52964182646945e-72,0.271253023625678,0.464,0.337,1.23573471565934e-67,"0","ROMO1","CD8_Memory_GPR183"
9.32226101312357e-71,0.27042413348988,0.453,0.331,1.76423789673364e-66,"0","ENSA","CD8_Memory_GPR183"
1.73787721898572e-42,0.270293772587578,0.265,0.194,3.28893263693048e-38,"0","ISG20L2","CD8_Memory_GPR183"
2.08702014297979e-75,0.269761221326853,0.46,0.328,3.94968562058924e-71,"0","ATP5MPL","CD8_Memory_GPR183"
4.44182844434565e-83,0.268915709045941,0.594,0.436,8.40616033092415e-79,"0","MAP1LC3B","CD8_Memory_GPR183"
6.10837050929991e-59,0.268447079060402,0.397,0.291,1.15600911888501e-54,"0","IFRD1","CD8_Memory_GPR183"
2.05023962860257e-75,0.268176233755653,0.446,0.321,3.88007849713037e-71,"0","UQCRFS1","CD8_Memory_GPR183"
1.06558574986306e-56,0.267913538002747,0.312,0.22,2.01662103161584e-52,"0","C18orf32","CD8_Memory_GPR183"
2.22172049520579e-96,0.266577554950133,0.817,0.616,4.20460603717696e-92,"0","UQCRB","CD8_Memory_GPR183"
1.50295238440365e-63,0.266267330365163,0.357,0.253,2.84433738748391e-59,"0","TOMM22","CD8_Memory_GPR183"
3.91911613888411e-34,0.265890048907711,0.263,0.2,7.41692729283818e-30,"0","NEU1","CD8_Memory_GPR183"
1.22991332163937e-65,0.265339048724805,0.425,0.31,2.32761096120251e-61,"0","TOP1","CD8_Memory_GPR183"
3.39046695036441e-88,0.265003858237873,0.814,0.617,6.41645870356464e-84,"0","SLC25A3","CD8_Memory_GPR183"
8.99101284745869e-63,0.264076646680147,0.388,0.278,1.70154918138156e-58,"0","IVNS1ABP","CD8_Memory_GPR183"
3.84019763597683e-50,0.263600437566277,0.285,0.205,7.26757402608614e-46,"0","PPP6C","CD8_Memory_GPR183"
5.06575158318358e-41,0.263360083952437,0.257,0.188,9.58693487117493e-37,"0","SAR1A","CD8_Memory_GPR183"
4.67541683774304e-55,0.26176779029052,0.344,0.25,8.84822636542871e-51,"0","CLDND1","CD8_Memory_GPR183"
3.84506495522525e-60,0.261259350914506,0.367,0.265,7.27678542776379e-56,"0","BUD31","CD8_Memory_GPR183"
1.6436829615352e-61,0.260550409921821,0.379,0.275,3.11067000470536e-57,"0","RAB7A","CD8_Memory_GPR183"
9.54691094141058e-82,0.260402191799446,0.554,0.399,1.80675289566195e-77,"0","POMP","CD8_Memory_GPR183"
6.01185559249498e-67,0.260223847724483,0.465,0.344,1.13774367087968e-62,"0","HNRNPM","CD8_Memory_GPR183"
1.49211702603474e-65,0.260071150598564,0.459,0.335,2.82383147177074e-61,"0","PTP4A1","CD8_Memory_GPR183"
4.95643224861835e-65,0.25961641684034,0.407,0.295,9.38004803051022e-61,"0","UBE2N","CD8_Memory_GPR183"
1.16474389517623e-74,0.259370728096647,0.47,0.336,2.20427782162102e-70,"0","CDKN1B","CD8_Memory_GPR183"
2.24890542985015e-79,0.259201615773424,0.489,0.347,4.2560535259914e-75,"0","TECR","CD8_Memory_GPR183"
6.35942163613517e-65,0.259141970300129,0.455,0.332,1.20352054463858e-60,"0","ARL4C","CD8_Memory_GPR183"
4.59910013357126e-77,0.25750873671669,0.553,0.404,8.70379700278362e-73,"0","CDC42SE2","CD8_Memory_GPR183"
1.15860944926043e-77,0.257491435481638,0.559,0.41,2.19266838272536e-73,"0","SNRPB","CD8_Memory_GPR183"
4.70823329188126e-60,0.256954878589363,0.349,0.25,8.91033150488528e-56,"0","SNRPD1","CD8_Memory_GPR183"
1.31389690596146e-50,0.25478313435747,0.343,0.253,2.48654989453207e-46,"0","ZFAND5","CD8_Memory_GPR183"
5.56911009330421e-62,0.253885874755669,0.387,0.278,1.05395408515782e-57,"0","EIF1B","CD8_Memory_GPR183"
2.55339753025148e-75,0.2537373113845,0.598,0.444,4.83230482600092e-71,"0","MT-ND6","CD8_Memory_GPR183"
6.254892120569e-70,0.253048327338046,0.454,0.329,1.18373833381768e-65,"0","TOMM20","CD8_Memory_GPR183"
8.15469778792292e-54,0.252886475905387,0.381,0.277,1.54327655636441e-49,"0","IFNGR1","CD8_Memory_GPR183"
1.54531679658094e-53,0.252820424643926,0.347,0.251,2.92451203752943e-49,"0","ANXA2","CD8_Memory_GPR183"
1.6339558147372e-58,0.25273793317984,0.396,0.289,3.09226137939015e-54,"0","ANXA5","CD8_Memory_GPR183"
1.39206871904327e-56,0.252355308592619,0.389,0.284,2.63449005078938e-52,"0","DDX18","CD8_Memory_GPR183"
4.86842333009148e-65,0.251793960061688,0.457,0.336,9.21349115219812e-61,"0","YWHAQ","CD8_Memory_GPR183"
1.44813177784988e-73,0.251674818016823,0.627,0.464,2.7405893895809e-69,"0","ARF6","CD8_Memory_GPR183"
3.83302335160098e-53,0.2504959806732,0.383,0.284,7.25399669290485e-49,"0","ATP1A1","CD8_Memory_GPR183"
0,2.16268832452838,0.465,0.126,0,"1","SIT1","CD8_Naive_Memory"
0,1.83388132505371,0.408,0.138,0,"1","GIMAP1","CD8_Naive_Memory"
0,1.80148832057111,0.612,0.197,0,"1","TXNIP","CD8_Naive_Memory"
0,1.78848337439979,0.664,0.244,0,"1","GIMAP4","CD8_Naive_Memory"
0,1.78024392840487,0.474,0.166,0,"1","RCSD1","CD8_Naive_Memory"
0,1.67331261283157,0.548,0.212,0,"1","LINC00861","CD8_Naive_Memory"
0,1.53813480051209,0.75,0.332,0,"1","GIMAP7","CD8_Naive_Memory"
0,1.52591150323374,0.37,0.152,0,"1","PYCARD","CD8_Naive_Memory"
0,1.51545941963145,0.521,0.218,0,"1","TRAF3IP3","CD8_Naive_Memory"
0,1.4268853901801,0.586,0.266,0,"1","CD27","CD8_Naive_Memory"
4.57070010280654e-319,1.41367048717556,0.351,0.165,8.65004994456138e-315,"1","PRMT9","CD8_Naive_Memory"
0,1.37710132072659,0.438,0.203,0,"1","DENND2D","CD8_Naive_Memory"
0,1.31791936010261,0.557,0.224,0,"1","HSPA1B","CD8_Naive_Memory"
5.03777610377589e-295,1.31073372977991,0.341,0.16,9.53399127639586e-291,"1","AC116366.3","CD8_Naive_Memory"
1.20259761897315e-293,1.28404585074646,0.362,0.179,2.27591599390669e-289,"1","PTPN6","CD8_Naive_Memory"
9.88333507106934e-254,1.27423622343537,0.315,0.151,1.87042116219987e-249,"1","POLR2G","CD8_Naive_Memory"
0,1.27070629244636,0.413,0.204,0,"1","SASH3","CD8_Naive_Memory"
0,1.26813713567152,0.523,0.265,0,"1","PPP1R18","CD8_Naive_Memory"
0,1.24908719503315,0.516,0.27,0,"1","TRAC","CD8_Naive_Memory"
0,1.24183730576368,0.421,0.212,0,"1","ARPC5L","CD8_Naive_Memory"
0,1.23589876755049,0.605,0.275,0,"1","HSPA1A","CD8_Naive_Memory"
1.94166895086797e-207,1.2328715843929,0.286,0.141,3.67460848951763e-203,"1","PLEKHF1","CD8_Naive_Memory"
7.42914355240658e-231,1.22103854204632,0.314,0.156,1.40596541729295e-226,"1","MRPS34","CD8_Naive_Memory"
1.57253516286235e-306,1.19802649899369,0.396,0.202,2.976022795717e-302,"1","SIRPG","CD8_Naive_Memory"
1.20133062139037e-302,1.17486239754254,0.41,0.219,2.27351820098128e-298,"1","ZYX","CD8_Naive_Memory"
4.78004991770712e-280,1.16062733495151,0.391,0.206,9.04624446926072e-276,"1","POLD4","CD8_Naive_Memory"
3.47622265791986e-160,1.16054474999564,0.258,0.135,6.57875138011334e-156,"1","PDLIM2","CD8_Naive_Memory"
3.77513376777289e-170,1.14870356274401,0.253,0.125,7.1444406555102e-166,"1","BATF","CD8_Naive_Memory"
1.32175964507654e-183,1.14591297768047,0.301,0.163,2.50143012830736e-179,"1","C11orf98","CD8_Naive_Memory"
1.43006646900342e-288,1.14575322577239,0.42,0.234,2.70640079258897e-284,"1","LIME1","CD8_Naive_Memory"
8.05935842510644e-158,1.1430519171306,0.262,0.138,1.52523358195139e-153,"1","GSTO1","CD8_Naive_Memory"
6.39742448013358e-157,1.13936608387825,0.278,0.153,1.21071258286528e-152,"1","BLOC1S1","CD8_Naive_Memory"
5.58393445745621e-188,1.13779817138616,0.306,0.165,1.05675959607359e-183,"1","PGLS","CD8_Naive_Memory"
0,1.12612063249517,0.504,0.276,0,"1","LCP2","CD8_Naive_Memory"
6.86994445136874e-160,1.12377486210529,0.284,0.157,1.30013698742153e-155,"1","NDUFB3","CD8_Naive_Memory"
5.20344469166334e-162,1.10738759238598,0.271,0.143,9.84751907897287e-158,"1","LSM2","CD8_Naive_Memory"
2.01536194282967e-167,1.0668804888923,0.306,0.171,3.81407247680515e-163,"1","CORO1B","CD8_Naive_Memory"
0,1.05598706800332,0.497,0.287,0,"1","UBE2L6","CD8_Naive_Memory"
1.24803814205218e-207,1.04862935167488,0.37,0.215,2.36191218383374e-203,"1","RGS10","CD8_Naive_Memory"
6.16815599118022e-242,1.03413755795475,0.413,0.24,1.16732352133086e-237,"1","HLA-DQB1","CD8_Naive_Memory"
4.39243341391989e-190,1.01793759407178,0.353,0.202,8.3126802358434e-186,"1","CXCR3","CD8_Naive_Memory"
8.63013832608465e-180,1.01745200817497,0.358,0.216,1.63325367821152e-175,"1","C8orf59","CD8_Naive_Memory"
1.2127766701525e-237,1.00882039865978,0.427,0.255,2.29517984826361e-233,"1","LAMTOR4","CD8_Naive_Memory"
6.84395318843536e-120,0.99054122875255,0.264,0.155,1.29521814091139e-115,"1","ALKBH7","CD8_Naive_Memory"
3.71127665481365e-115,0.980677980001442,0.274,0.167,7.02359106923483e-111,"1","TMEM256","CD8_Naive_Memory"
2.02366943218731e-134,0.97749833732285,0.262,0.143,3.82979440041448e-130,"1","GBP1","CD8_Naive_Memory"
2.85159657029085e-130,0.97579577022961,0.294,0.177,5.39664650927543e-126,"1","HMOX2","CD8_Naive_Memory"
7.32269537946372e-132,0.972045942123101,0.294,0.176,1.38582010056351e-127,"1","RSBN1L","CD8_Naive_Memory"
3.10865595952945e-121,0.961650016697731,0.276,0.164,5.88313140340949e-117,"1","MIEN1","CD8_Naive_Memory"
5.93406466514524e-114,0.960198167485288,0.268,0.161,1.12302173787874e-109,"1","DGCR6L","CD8_Naive_Memory"
2.84164660637332e-247,0.932089708230155,0.473,0.299,5.37781620256151e-243,"1","TBC1D10C","CD8_Naive_Memory"
3.09815410120697e-112,0.924059361213747,0.286,0.178,5.86325663653419e-108,"1","NAA38","CD8_Naive_Memory"
1.04369038653549e-197,0.922962235475356,0.421,0.266,1.97518405651841e-193,"1","CHURC1","CD8_Naive_Memory"
7.40585009747285e-225,0.920978714298187,0.443,0.276,1.40155713094674e-220,"1","CSK","CD8_Naive_Memory"
3.54759906663164e-156,0.91728006127225,0.354,0.219,6.71383123360037e-152,"1","PHB2","CD8_Naive_Memory"
1.9466015923433e-103,0.891132598723824,0.285,0.182,3.68394351350969e-99,"1","ZNHIT1","CD8_Naive_Memory"
6.62668833368065e-193,0.890392670384205,0.423,0.268,1.25410076714906e-188,"1","HSPB1","CD8_Naive_Memory"
1.94414650877583e-112,0.887766318596416,0.311,0.202,3.67929726785827e-108,"1","PLEK","CD8_Naive_Memory"
1.03035429567048e-124,0.884154753295303,0.324,0.208,1.94994550455637e-120,"1","TWF2","CD8_Naive_Memory"
2.59089868346586e-121,0.882466926505525,0.318,0.203,4.90327575845913e-117,"1","RBCK1","CD8_Naive_Memory"
1.35463455377401e-123,0.879279768483376,0.317,0.199,2.56364589301731e-119,"1","VAMP5","CD8_Naive_Memory"
3.38576416554384e-180,0.878151680921272,0.417,0.27,6.40755868329171e-176,"1","NOP10","CD8_Naive_Memory"
0,0.877724132332772,0.634,0.428,0,"1","PSMB10","CD8_Naive_Memory"
1.70185417573979e-121,0.871833226802347,0.341,0.227,3.22075902758754e-117,"1","IFI27L2","CD8_Naive_Memory"
1.8572773551211e-169,0.870580508460615,0.406,0.263,3.51489739456668e-165,"1","TSPO","CD8_Naive_Memory"
7.81315293348547e-165,0.868589578622605,0.373,0.228,1.47863919266213e-160,"1","TAF10","CD8_Naive_Memory"
1.76650280810341e-108,0.866092534379616,0.296,0.188,3.3431065643357e-104,"1","ZNRD1","CD8_Naive_Memory"
2.89463316795553e-130,0.855519842833897,0.347,0.226,5.47809327035583e-126,"1","AIP","CD8_Naive_Memory"
5.38845731296016e-112,0.852016371337186,0.32,0.21,1.01976554647771e-107,"1","SAMD3","CD8_Naive_Memory"
2.62964827317037e-190,0.849644721830706,0.449,0.3,4.97660935697493e-186,"1","NDUFB10","CD8_Naive_Memory"
8.29304372217027e-111,0.849463677364022,0.304,0.193,1.56945852442072e-106,"1","CCDC107","CD8_Naive_Memory"
5.94251463117581e-184,0.839503319311065,0.458,0.318,1.12462089395002e-179,"1","CKLF","CD8_Naive_Memory"
5.63587174210667e-142,0.832963433009413,0.373,0.243,1.06658872719369e-137,"1","TUBB","CD8_Naive_Memory"
1.76052823494891e-113,0.830637628929635,0.338,0.226,3.33179968464081e-109,"1","NDUFA11","CD8_Naive_Memory"
5.67073164679496e-164,0.829559506583487,0.402,0.258,1.07318596415595e-159,"1","CARD16","CD8_Naive_Memory"
0,0.829057845976969,0.712,0.501,0,"1","GMFG","CD8_Naive_Memory"
1.59472622902306e-111,0.826381651629944,0.34,0.232,3.01801938842613e-107,"1","NDUFB7","CD8_Naive_Memory"
0,0.826339531537151,0.629,0.441,0,"1","GPSM3","CD8_Naive_Memory"
4.05590983204311e-102,0.82242713115348,0.311,0.206,7.67580935714158e-98,"1","SSNA1","CD8_Naive_Memory"
3.01616275706352e-153,0.812134128202954,0.403,0.267,5.70808801774272e-149,"1","IL16","CD8_Naive_Memory"
1.9453041549039e-119,0.811071075818613,0.366,0.251,3.68148811315562e-115,"1","MRPS21","CD8_Naive_Memory"
1.47374496298395e-76,0.810855938295822,0.258,0.171,2.78906234244712e-72,"1","SLAMF7","CD8_Naive_Memory"
2.94644096674366e-78,0.801916077593257,0.26,0.171,5.57613952956237e-74,"1","TSC22D4","CD8_Naive_Memory"
2.96479923543799e-120,0.798619737175195,0.358,0.241,5.61088255306639e-116,"1","SAMHD1","CD8_Naive_Memory"
8.30112531384299e-86,0.798210916822103,0.277,0.182,1.57098796564479e-81,"1","HSPB11","CD8_Naive_Memory"
1.40457235884396e-71,0.794450675961358,0.252,0.169,2.65815318911219e-67,"1","COPZ1","CD8_Naive_Memory"
2.14771630689508e-79,0.793113105956251,0.264,0.175,4.06455311079895e-75,"1","PECAM1","CD8_Naive_Memory"
4.30479224408987e-160,0.787900204312474,0.441,0.309,8.14681932194008e-156,"1","SELENOH","CD8_Naive_Memory"
0,0.787860391295586,0.701,0.503,0,"1","CD8B","CD8_Naive_Memory"
2.00399282872971e-167,0.783084513164968,0.448,0.309,3.79255642837098e-163,"1","MZT2A","CD8_Naive_Memory"
2.89306363091268e-135,0.781682753535911,0.388,0.263,5.47512292150225e-131,"1","IDH2","CD8_Naive_Memory"
1.62339979358631e-124,0.780735205460554,0.379,0.26,3.07228410936209e-120,"1","CASP4","CD8_Naive_Memory"
0,0.778227359639323,0.812,0.589,0,"1","CD52","CD8_Naive_Memory"
0,0.776628612732477,0.756,0.552,0,"1","TRBC2","CD8_Naive_Memory"
3.22443609614213e-103,0.775301653996804,0.335,0.226,6.10224531194897e-99,"1","GPR174","CD8_Naive_Memory"
1.00867009448561e-108,0.773627820788559,0.352,0.242,1.90890815381401e-104,"1","FIS1","CD8_Naive_Memory"
1.79248195545391e-286,0.773239204071369,0.598,0.428,3.39227210069652e-282,"1","HIGD2A","CD8_Naive_Memory"
4.49806248352762e-173,0.770430071368358,0.464,0.323,8.51258325007601e-169,"1","PRELID1","CD8_Naive_Memory"
2.75602195295192e-79,0.768975552869881,0.292,0.202,5.2157715459615e-75,"1","MRPL51","CD8_Naive_Memory"
0,0.767821727768805,0.759,0.547,0,"1","CD2","CD8_Naive_Memory"
4.06959921675264e-286,0.762035623141176,0.601,0.424,7.70171651770438e-282,"1","AES","CD8_Naive_Memory"
9.64240054566681e-268,0.761391238100052,0.587,0.418,1.82482430326744e-263,"1","DRAP1","CD8_Naive_Memory"
1.70318774873067e-71,0.760659992650102,0.267,0.183,3.2232828144728e-67,"1","AP2S1","CD8_Naive_Memory"
3.89958636036288e-83,0.759347325568884,0.296,0.202,7.37996718698676e-79,"1","COX7A2L","CD8_Naive_Memory"
2.91583908996723e-60,0.758307130596563,0.25,0.175,5.51822547776299e-56,"1","BIN1","CD8_Naive_Memory"
4.25967944728376e-113,0.756325352141765,0.371,0.256,8.06144335398452e-109,"1","SYNRG","CD8_Naive_Memory"
7.52436294709428e-104,0.755219791493326,0.345,0.237,1.42398568773759e-99,"1","TNFRSF14","CD8_Naive_Memory"
4.50949056751975e-187,0.75316826113201,0.489,0.342,8.53421089903112e-183,"1","UCP2","CD8_Naive_Memory"
4.69456711397779e-146,0.751528409342113,0.434,0.304,8.88446826320298e-142,"1","BST2","CD8_Naive_Memory"
1.43169497537591e-253,0.749193653176873,0.581,0.42,2.7094827408989e-249,"1","ATP5F1D","CD8_Naive_Memory"
4.3506666100087e-62,0.7423194909806,0.251,0.173,8.23363655944147e-58,"1","PIN1","CD8_Naive_Memory"
1.97818050953719e-99,0.742189281875857,0.316,0.207,3.74370661429914e-95,"1","SLFN5","CD8_Naive_Memory"
2.07876499512887e-67,0.740636721243392,0.273,0.191,3.93406275328139e-63,"1","MRPL52","CD8_Naive_Memory"
0,0.738260361431969,0.727,0.541,0,"1","EVL","CD8_Naive_Memory"
2.82811791766494e-131,0.738112691771015,0.414,0.294,5.3522131591809e-127,"1","NUCB2","CD8_Naive_Memory"
0,0.737825421216829,0.719,0.536,0,"1","LIMD2","CD8_Naive_Memory"
0,0.736054539673805,0.665,0.491,0,"1","RNASEK","CD8_Naive_Memory"
0,0.735924169232006,0.85,0.655,0,"1","ATP5MC2","CD8_Naive_Memory"
3.36642076499119e-128,0.733410231283133,0.409,0.284,6.37095129774584e-124,"1","IKZF3","CD8_Naive_Memory"
0,0.731195949074918,0.702,0.526,0,"1","COX6B1","CD8_Naive_Memory"
2.34911778985889e-261,0.728975804428084,0.592,0.432,4.44570541730794e-257,"1","PSMB8","CD8_Naive_Memory"
6.94872622658654e-194,0.724317939517517,0.525,0.384,1.3150464383815e-189,"1","TRAPPC1","CD8_Naive_Memory"
1.75265913702026e-108,0.723659083607506,0.38,0.272,3.31690741681084e-104,"1","DYNLRB1","CD8_Naive_Memory"
2.5025484903009e-99,0.717003917430846,0.379,0.279,4.73607301789446e-95,"1","COPS9","CD8_Naive_Memory"
8.8230802233215e-97,0.716669205201437,0.36,0.256,1.66976793226359e-92,"1","RNF167","CD8_Naive_Memory"
9.47187823916875e-90,0.715993943994083,0.345,0.246,1.79255295676269e-85,"1","PYHIN1","CD8_Naive_Memory"
1.86136652747438e-125,0.713215494444215,0.421,0.3,3.52263615324526e-121,"1","PNISR","CD8_Naive_Memory"
2.03705944208948e-55,0.706288237522927,0.265,0.193,3.85513499415433e-51,"1","POLR2J","CD8_Naive_Memory"
4.42563336205178e-79,0.69927283273729,0.326,0.236,8.375511137683e-75,"1","RNF181","CD8_Naive_Memory"
1.46100822814939e-74,0.699233081353251,0.306,0.218,2.76495807177271e-70,"1","CMTM3","CD8_Naive_Memory"
0,0.697408652567489,0.832,0.642,0,"1","PSMB9","CD8_Naive_Memory"
0,0.697376764585787,0.894,0.713,0,"1","RARRES3","CD8_Naive_Memory"
7.90876150447812e-74,0.693910003736361,0.299,0.208,1.49673311472248e-69,"1","EOMES","CD8_Naive_Memory"
5.64409035867877e-126,0.68934884819659,0.443,0.33,1.06814410037996e-121,"1","NDUFB4","CD8_Naive_Memory"
0,0.68913828664942,0.882,0.702,0,"1","CLIC1","CD8_Naive_Memory"
2.09834471736973e-53,0.688910633409367,0.255,0.183,3.97111737762222e-49,"1","FAAP20","CD8_Naive_Memory"
2.61296877608263e-247,0.688499818317931,0.618,0.464,4.94504340873639e-243,"1","UQCR10","CD8_Naive_Memory"
7.56523557228833e-186,0.688443184206385,0.533,0.393,1.43172083205557e-181,"1","C9orf16","CD8_Naive_Memory"
0,0.687781195890393,0.811,0.61,0,"1","CTSW","CD8_Naive_Memory"
2.41292008434446e-62,0.682583097194085,0.293,0.214,4.56645125962189e-58,"1","C19orf70","CD8_Naive_Memory"
1.31354723217889e-125,0.679243693612056,0.432,0.307,2.48588813689855e-121,"1","CYTOR","CD8_Naive_Memory"
1.12102393483659e-138,0.676731133197379,0.459,0.332,2.12153779667825e-134,"1","LAT","CD8_Naive_Memory"
7.69151943466714e-116,0.674737390566767,0.419,0.298,1.45562005301076e-111,"1","HLA-DRB5","CD8_Naive_Memory"
2.38453660372209e-55,0.672360609544606,0.268,0.194,4.51273552254406e-51,"1","NAA10","CD8_Naive_Memory"
0,0.671325963763587,0.715,0.544,0,"1","C12orf57","CD8_Naive_Memory"
6.50516347765836e-49,0.670718413363226,0.26,0.193,1.23110218814684e-44,"1","LAMTOR1","CD8_Naive_Memory"
4.31436595607194e-120,0.657377921469549,0.453,0.34,8.16493757186616e-116,"1","SELENOW","CD8_Naive_Memory"
2.51843900126963e-53,0.65365789062289,0.269,0.196,4.76614580990278e-49,"1","DEF6","CD8_Naive_Memory"
3.76626999872368e-118,0.651097999723556,0.445,0.333,7.12766597258457e-114,"1","ABRACL","CD8_Naive_Memory"
7.54491212332418e-128,0.650753220088362,0.462,0.348,1.4278746193391e-123,"1","COX5A","CD8_Naive_Memory"
4.29580097577205e-167,0.650233496434454,0.536,0.412,8.1298033466486e-163,"1","TMEM258","CD8_Naive_Memory"
7.46461890148059e-160,0.648596859200904,0.528,0.405,1.4126791271052e-155,"1","WDR83OS","CD8_Naive_Memory"
3.04405349577735e-241,0.640905786852387,0.619,0.477,5.76087124075864e-237,"1","PPP1CA","CD8_Naive_Memory"
8.40734715256047e-149,0.640330987439361,0.515,0.4,1.59109044862207e-144,"1","DAD1","CD8_Naive_Memory"
7.06701628441704e-72,0.639603336344817,0.347,0.263,1.33743283182593e-67,"1","SF3B5","CD8_Naive_Memory"
8.07768872994347e-212,0.638098975599655,0.604,0.468,1.5287025921418e-207,"1","APRT","CD8_Naive_Memory"
9.73613747259705e-58,0.636073013195728,0.302,0.226,1.84256401668899e-53,"1","TALDO1","CD8_Naive_Memory"
5.37893251383614e-56,0.635351339220619,0.291,0.216,1.01796297824349e-51,"1","LUC7L3","CD8_Naive_Memory"
2.78929821913172e-116,0.634812471835205,0.454,0.345,5.27874687970679e-112,"1","VAMP8","CD8_Naive_Memory"
4.16101667535689e-62,0.63417561586015,0.316,0.236,7.87472405811292e-58,"1","NDUFS8","CD8_Naive_Memory"
0,0.631471328477825,0.749,0.595,0,"1","SNRPD2","CD8_Naive_Memory"
1.46125087588053e-84,0.625475317974838,0.369,0.269,2.7654172826039e-80,"1","BTN3A2","CD8_Naive_Memory"
3.05141748569561e-117,0.624097029831687,0.458,0.348,5.77480759167894e-113,"1","APOBEC3G","CD8_Naive_Memory"
0,0.623574790137098,0.764,0.617,0,"1","PSME2","CD8_Naive_Memory"
0,0.623482005801927,0.962,0.83,0,"1","PTPRCAP","CD8_Naive_Memory"
5.50834289396943e-218,0.619920593916154,0.612,0.473,1.04245389268372e-213,"1","GYPC","CD8_Naive_Memory"
1.80750787174254e-275,0.6197324498004,0.679,0.535,3.42070864727276e-271,"1","GABARAP","CD8_Naive_Memory"
1.27912016608543e-108,0.61958797238713,0.444,0.335,2.42073491431667e-104,"1","YPEL3","CD8_Naive_Memory"
2.58671877061223e-43,0.619499780035623,0.264,0.2,4.89536527338364e-39,"1","TMEM160","CD8_Naive_Memory"
1.27451115201474e-67,0.617446268435228,0.336,0.251,2.41201235518789e-63,"1","PRDX2","CD8_Naive_Memory"
6.54315431794631e-98,0.615734493756307,0.432,0.335,1.23829195467134e-93,"1","NEDD8","CD8_Naive_Memory"
1.55746658278461e-88,0.615703510256136,0.417,0.329,2.94750550791988e-84,"1","LSM7","CD8_Naive_Memory"
3.63095923615809e-58,0.614855365642099,0.313,0.236,6.87159035442919e-54,"1","FKBP11","CD8_Naive_Memory"
8.05148660202855e-307,0.612813013343124,0.719,0.57,1.5237438394339e-302,"1","UQCR11","CD8_Naive_Memory"
4.79550304464526e-105,0.612188244748044,0.448,0.348,9.07548951199116e-101,"1","ATP5PF","CD8_Naive_Memory"
4.36200515169343e-53,0.610517094434208,0.315,0.245,8.25509474957982e-49,"1","DDT","CD8_Naive_Memory"
1.3459796475897e-51,0.60978290578766,0.299,0.228,2.54726648306351e-47,"1","BANF1","CD8_Naive_Memory"
2.95535396555637e-43,0.60619107176148,0.262,0.198,5.59300737981544e-39,"1","TMEM219","CD8_Naive_Memory"
6.92759484567091e-71,0.605325101790207,0.364,0.281,1.31104732454322e-66,"1","ATP5PD","CD8_Naive_Memory"
6.03095222508697e-63,0.604808162341589,0.337,0.258,1.14135770859771e-58,"1","C12orf75","CD8_Naive_Memory"
4.01971583378543e-69,0.60193889872159,0.37,0.288,7.60731221543892e-65,"1","MRPL41","CD8_Naive_Memory"
1.2226043449482e-68,0.599749207956744,0.34,0.25,2.31377872281446e-64,"1","H1FX","CD8_Naive_Memory"
4.45475153965433e-41,0.598416411791819,0.272,0.211,8.43061728879583e-37,"1","FERMT3","CD8_Naive_Memory"
3.30303557029932e-107,0.598175687314696,0.469,0.37,6.25099481679146e-103,"1","C19orf53","CD8_Naive_Memory"
1.41746143646656e-109,0.597626824100652,0.474,0.372,2.68254576851297e-105,"1","CUTA","CD8_Naive_Memory"
9.92350509122557e-127,0.596475794719642,0.499,0.377,1.87802333851444e-122,"1","GBP5","CD8_Naive_Memory"
7.02966068274449e-51,0.594770395555501,0.286,0.214,1.3303632842094e-46,"1","SP110","CD8_Naive_Memory"
2.41270837843276e-108,0.591048350841229,0.466,0.35,4.56605060618401e-104,"1","S100A11","CD8_Naive_Memory"
7.48912963087342e-278,0.5903591838787,0.704,0.566,1.4173177826428e-273,"1","ELOB","CD8_Naive_Memory"
9.01393849705975e-57,0.588844392869626,0.336,0.263,1.70588786056856e-52,"1","NDUFA2","CD8_Naive_Memory"
8.32065405368912e-176,0.58545438088997,0.601,0.473,1.57468377966067e-171,"1","GZMH","CD8_Naive_Memory"
7.33459937066128e-83,0.582563015529535,0.412,0.321,1.38807293089765e-78,"1","RBX1","CD8_Naive_Memory"
6.84453418229635e-194,0.582001491259735,0.615,0.488,1.29532809399958e-189,"1","LY6E","CD8_Naive_Memory"
0,0.574724580230533,0.95,0.809,0,"1","MYL12A","CD8_Naive_Memory"
7.03152735565272e-172,0.572081987138957,0.587,0.467,1.33071655205728e-167,"1","MZT2B","CD8_Naive_Memory"
2.70336260953429e-154,0.567424498246223,0.587,0.47,5.11611373854364e-150,"1","EMP3","CD8_Naive_Memory"
6.41866387345112e-39,0.567040748658803,0.277,0.218,1.21473213805062e-34,"1","GRK6","CD8_Naive_Memory"
2.29619238824625e-146,0.566579133884475,0.55,0.437,4.34554409475603e-142,"1","ATP5IF1","CD8_Naive_Memory"
3.14683282189871e-64,0.566577021827203,0.366,0.286,5.9553811154433e-60,"1","NDUFS7","CD8_Naive_Memory"
5.50960246524756e-169,0.566349778944906,0.596,0.482,1.0426922665481e-164,"1","GSTK1","CD8_Naive_Memory"
1.94639512338173e-58,0.565931701654875,0.323,0.24,3.68355277099993e-54,"1","CD81","CD8_Naive_Memory"
1.75081802433013e-49,0.565529593042481,0.323,0.255,3.31342311104477e-45,"1","HLA-DMA","CD8_Naive_Memory"
7.2413462809438e-99,0.565219889125478,0.472,0.379,1.37042478366861e-94,"1","GNG5","CD8_Naive_Memory"
4.79371818696851e-40,0.564672080648584,0.27,0.208,9.0721116688379e-36,"1","SSBP4","CD8_Naive_Memory"
1.67527352519672e-46,0.561607354934238,0.302,0.235,3.17045514643479e-42,"1","CFLAR","CD8_Naive_Memory"
3.80990325357621e-181,0.55970419463033,0.622,0.506,7.21024190739298e-177,"1","KRTCAP2","CD8_Naive_Memory"
5.51426284277825e-56,0.557628937311265,0.352,0.281,1.04357424299578e-51,"1","ATP6V1F","CD8_Naive_Memory"
4.16718847732311e-73,0.556984673962399,0.391,0.303,7.88640419333399e-69,"1","CCND3","CD8_Naive_Memory"
5.04746022211148e-188,0.554610347065979,0.625,0.515,9.55231847034598e-184,"1","SEPT1","CD8_Naive_Memory"
3.80984625403809e-116,0.554197663441177,0.51,0.405,7.21013403576709e-112,"1","ACAP1","CD8_Naive_Memory"
3.41047359449213e-58,0.55370579295071,0.354,0.278,6.45432127757635e-54,"1","MDH2","CD8_Naive_Memory"
7.74442775471941e-150,0.553282446675828,0.573,0.458,1.46563295258065e-145,"1","CD48","CD8_Naive_Memory"
0,0.553002502711061,0.797,0.657,0,"1","OST4","CD8_Naive_Memory"
1.66983435231446e-46,0.552433155961522,0.317,0.251,3.16016151175511e-42,"1","MINOS1","CD8_Naive_Memory"
1.61544051564247e-48,0.550576177750508,0.321,0.253,3.05722117585337e-44,"1","MAP2K2","CD8_Naive_Memory"
1.06416876278801e-36,0.550136891778615,0.284,0.228,2.01393938357631e-32,"1","POLR2E","CD8_Naive_Memory"
1.87668140890606e-77,0.549528506483732,0.431,0.349,3.55161956635472e-73,"1","VPS28","CD8_Naive_Memory"
2.80527587918055e-111,0.548884734545426,0.523,0.431,5.3089846013492e-107,"1","NDUFA3","CD8_Naive_Memory"
1.42223718518857e-73,0.546421741774679,0.41,0.325,2.69158387296937e-69,"1","CCDC85B","CD8_Naive_Memory"
5.18116144211123e-79,0.545310889766784,0.429,0.344,9.8053480291955e-75,"1","NME2","CD8_Naive_Memory"
5.75156637946837e-37,0.544544726504508,0.285,0.227,1.08848393731439e-32,"1","OCIAD2","CD8_Naive_Memory"
3.63577710104454e-199,0.544250997408968,0.643,0.524,6.88070816372679e-195,"1","CNN2","CD8_Naive_Memory"
3.05858394645819e-34,0.544173115394782,0.273,0.219,5.78837011867213e-30,"1","COX14","CD8_Naive_Memory"
1.35620122862388e-40,0.543173039054528,0.312,0.252,2.5666108251707e-36,"1","TSTD1","CD8_Naive_Memory"
0,0.541537915339612,0.943,0.824,0,"1","GZMA","CD8_Naive_Memory"
7.08806268639276e-26,0.537907834557712,0.259,0.218,1.34141586339983e-21,"1","RHOC","CD8_Naive_Memory"
1.00895834957013e-97,0.536031683054304,0.488,0.397,1.90945367656148e-93,"1","PAXX","CD8_Naive_Memory"
5.83644385207657e-33,0.535521099401121,0.278,0.226,1.10454699900549e-28,"1","METTL26","CD8_Naive_Memory"
2.60074883185516e-68,0.535287879156593,0.408,0.331,4.92191716428588e-64,"1","NDUFB9","CD8_Naive_Memory"
1.13126219972826e-39,0.534969740961435,0.312,0.255,2.14091371298573e-35,"1","NDUFA12","CD8_Naive_Memory"
6.34321221293708e-87,0.532026088897323,0.467,0.381,1.20045291129834e-82,"1","ANAPC16","CD8_Naive_Memory"
2.96237117956107e-163,0.531143439360918,0.61,0.506,5.60628745731933e-159,"1","COX8A","CD8_Naive_Memory"
1.35132943742027e-35,0.530927079742769,0.262,0.203,2.55739096031787e-31,"1","THEMIS","CD8_Naive_Memory"
2.75281017214827e-49,0.530281530562193,0.335,0.265,5.2096932507906e-45,"1","RHOF","CD8_Naive_Memory"
2.37639238497253e-113,0.530094298709004,0.525,0.438,4.49732258856052e-109,"1","ATP5MF","CD8_Naive_Memory"
2.34486992693144e-151,0.528894318474065,0.578,0.476,4.43766633671775e-147,"1","LDHB","CD8_Naive_Memory"
6.19269272829315e-300,0.527305045142101,0.778,0.645,1.17196709882948e-295,"1","COMMD6","CD8_Naive_Memory"
3.87515736573598e-140,0.525522925840191,0.573,0.469,7.33373531465534e-136,"1","SLC9A3R1","CD8_Naive_Memory"
0,0.524306367159324,0.919,0.79,0,"1","CD3D","CD8_Naive_Memory"
3.97801268268551e-36,0.520147720114625,0.264,0.205,7.52838900198233e-32,"1","ARHGAP30","CD8_Naive_Memory"
1.95166576529467e-107,0.5200619397101,0.513,0.423,3.69352746082016e-103,"1","ATP5MC3","CD8_Naive_Memory"
5.53232264408792e-46,0.516273415711346,0.344,0.279,1.04699206039364e-41,"1","IKZF1","CD8_Naive_Memory"
1.13189624272245e-281,0.513818792291253,0.763,0.635,2.14211363935223e-277,"1","PPDPF","CD8_Naive_Memory"
7.30140216321344e-138,0.51281091269624,0.583,0.487,1.38179035938814e-133,"1","NDUFB11","CD8_Naive_Memory"
1.72271438064238e-28,0.512509976715756,0.267,0.218,3.26023696536571e-24,"1","TMEM14B","CD8_Naive_Memory"
4.80777618045229e-56,0.509784242885166,0.387,0.32,9.09871642150596e-52,"1","PSMA5","CD8_Naive_Memory"
4.50067902496485e-28,0.508201861925121,0.264,0.217,8.51753505474598e-24,"1","SF3A2","CD8_Naive_Memory"
9.77729936756904e-45,0.506724730332908,0.34,0.275,1.85035390531244e-40,"1","LTB","CD8_Naive_Memory"
0,0.504261067278637,0.976,0.872,0,"1","SH3BGRL3","CD8_Naive_Memory"
1.41517044653484e-29,0.500916321908426,0.273,0.223,2.67821007006719e-25,"1","DCTN3","CD8_Naive_Memory"
3.83923204447213e-40,0.495984493565649,0.339,0.284,7.2657466441635e-36,"1","RAB1B","CD8_Naive_Memory"
5.41869904622568e-235,0.495801688509476,0.714,0.605,1.02548879449821e-230,"1","ARPC1B","CD8_Naive_Memory"
0,0.494427917861469,0.895,0.786,0,"1","RAC2","CD8_Naive_Memory"
7.88307254102019e-98,0.491832836903216,0.531,0.452,1.49187147838807e-93,"1","ATP5MD","CD8_Naive_Memory"
6.16613076500673e-141,0.491144005864055,0.595,0.507,1.16694024727752e-136,"1","EIF3F","CD8_Naive_Memory"
6.20584647652886e-52,0.489389276414967,0.399,0.336,1.17445644568309e-47,"1","KRT10","CD8_Naive_Memory"
0,0.48824357955138,0.826,0.712,0,"1","ATP5MG","CD8_Naive_Memory"
0,0.483044494421576,0.893,0.769,0,"1","S100A4","CD8_Naive_Memory"
2.68182095023528e-57,0.482977291963544,0.404,0.329,5.07534614832026e-53,"1","KIAA1551","CD8_Naive_Memory"
2.77618524136024e-64,0.482947936595371,0.431,0.358,5.25393056927425e-60,"1","ARL6IP4","CD8_Naive_Memory"
2.70581591860286e-38,0.482491064793559,0.341,0.286,5.12075662595591e-34,"1","ECH1","CD8_Naive_Memory"
0,0.481555941620896,0.895,0.788,0,"1","PSME1","CD8_Naive_Memory"
3.63857543513514e-198,0.477266586156248,0.682,0.585,6.88600401099325e-194,"1","LCK","CD8_Naive_Memory"
1.77825967763072e-22,0.476617241949418,0.255,0.213,3.36535643991613e-18,"1","SMIM26","CD8_Naive_Memory"
2.00321040962864e-34,0.474020279517651,0.324,0.273,3.7910757002222e-30,"1","ANAPC11","CD8_Naive_Memory"
1.1797333271403e-35,0.471278445196889,0.329,0.276,2.23264532161302e-31,"1","RASAL3","CD8_Naive_Memory"
5.59746534049928e-41,0.471014733695801,0.364,0.308,1.05932031568949e-36,"1","REX1BD","CD8_Naive_Memory"
1.22585808258401e-109,0.468153160265512,0.56,0.47,2.31993642129023e-105,"1","EIF3G","CD8_Naive_Memory"
3.09953707841582e-30,0.46717777062852,0.307,0.258,5.86587392090193e-26,"1","POLR1D","CD8_Naive_Memory"
2.4366858288395e-67,0.46717218888474,0.453,0.382,4.61142793107875e-63,"1","BRK1","CD8_Naive_Memory"
2.87927207334992e-22,0.466394611320377,0.257,0.216,5.44902239881473e-18,"1","ZBTB38","CD8_Naive_Memory"
0,0.465908014159988,0.916,0.822,0,"1","CORO1A","CD8_Naive_Memory"
1.08260524295168e-259,0.46502680371152,0.755,0.651,2.04883042228605e-255,"1","FYB1","CD8_Naive_Memory"
3.82830781348761e-46,0.464824139750716,0.381,0.319,7.2450725370253e-42,"1","SHISA5","CD8_Naive_Memory"
2.85205975660672e-119,0.464546244674323,0.579,0.488,5.39752308937821e-115,"1","PARK7","CD8_Naive_Memory"
1.07296179390346e-155,0.461908714250889,0.654,0.554,2.0305801949623e-151,"1","GSTP1","CD8_Naive_Memory"
2.63715629127668e-29,0.46124274665785,0.306,0.258,4.99081828124112e-25,"1","SRI","CD8_Naive_Memory"
3.62597508031555e-52,0.460195826072974,0.409,0.346,6.86215783949717e-48,"1","CSNK2B","CD8_Naive_Memory"
1.92082318886422e-25,0.458292391034151,0.294,0.251,3.63515788492553e-21,"1","GTF3A","CD8_Naive_Memory"
1.10257510987214e-274,0.457936259422393,0.812,0.696,2.08662339543303e-270,"1","S100A6","CD8_Naive_Memory"
9.71821953535478e-277,0.455187984851303,0.829,0.708,1.83917304706589e-272,"1","GZMK","CD8_Naive_Memory"
6.17982211282748e-224,0.455044081480372,0.742,0.64,1.1695313348526e-219,"1","EIF3K","CD8_Naive_Memory"
2.39969672504424e-55,0.455011906312323,0.436,0.375,4.54142605214622e-51,"1","CCT4","CD8_Naive_Memory"
7.92843342685212e-74,0.453003111644519,0.475,0.381,1.50045602603176e-69,"1","HLA-DRA","CD8_Naive_Memory"
0,0.452484123680813,0.942,0.841,0,"1","HCST","CD8_Naive_Memory"
0,0.450868933332221,0.955,0.852,0,"1","SERF2","CD8_Naive_Memory"
2.51932185721064e-126,0.449360441864262,0.61,0.533,4.76781661477113e-122,"1","SSR2","CD8_Naive_Memory"
1.07119634057439e-308,0.449217425817641,0.801,0.703,2.02723907453703e-304,"1","ARPC3","CD8_Naive_Memory"
0,0.446756893467982,0.964,0.897,0,"1","ACTG1","CD8_Naive_Memory"
1.09919684460728e-114,0.446541709426068,0.588,0.506,2.08023002841927e-110,"1","STK17A","CD8_Naive_Memory"
7.1767130922474e-46,0.446439072585413,0.4,0.341,1.35819295270782e-41,"1","GNB2","CD8_Naive_Memory"
8.06643495503012e-44,0.444082883081085,0.397,0.34,1.52657281523945e-39,"1","TBCA","CD8_Naive_Memory"
2.5657321980124e-30,0.443794591515105,0.311,0.261,4.85564818473846e-26,"1","MRPL54","CD8_Naive_Memory"
2.77302207898527e-219,0.443615602225647,0.74,0.646,5.24794428447963e-215,"1","HLA-DPB1","CD8_Naive_Memory"
1.19891559106529e-25,0.442574934111367,0.287,0.241,2.26894775609106e-21,"1","PSTPIP1","CD8_Naive_Memory"
1.199874686029e-33,0.442322841242039,0.35,0.301,2.27076284330987e-29,"1","TBCB","CD8_Naive_Memory"
0,0.440566756656496,0.898,0.776,0,"1","TMA7","CD8_Naive_Memory"
9.49441968029812e-29,0.439770063138513,0.315,0.269,1.79681892449642e-24,"1","NDUFS6","CD8_Naive_Memory"
1.07732951372483e-196,0.437354912823571,0.732,0.641,2.03884610472424e-192,"1","UBL5","CD8_Naive_Memory"
1.82926889471297e-35,0.434800082574086,0.356,0.305,3.4618913832443e-31,"1","ATP5F1C","CD8_Naive_Memory"
2.23365409658635e-40,0.430099107495344,0.391,0.34,4.22719037778966e-36,"1","ATP5PB","CD8_Naive_Memory"
1.54549078496196e-23,0.428794337765144,0.292,0.25,2.92484131054051e-19,"1","SEC11A","CD8_Naive_Memory"
2.54124955230922e-144,0.427118306692293,0.657,0.579,4.80931477774521e-140,"1","COX6C","CD8_Naive_Memory"
3.07174731889204e-234,0.424428212879466,0.792,0.698,5.81328180100319e-230,"1","MIF","CD8_Naive_Memory"
2.87509669755368e-112,0.423108556823453,0.612,0.534,5.44112050012034e-108,"1","COX5B","CD8_Naive_Memory"
1.27073355013219e-21,0.422483683108842,0.299,0.261,2.40486324362517e-17,"1","MRPL57","CD8_Naive_Memory"
1.20447864205112e-37,0.422333912268882,0.397,0.35,2.27947583008174e-33,"1","ATP5MPL","CD8_Naive_Memory"
1.01911994787623e-33,0.422104798370124,0.365,0.316,1.92868450135576e-29,"1","ITGAL","CD8_Naive_Memory"
1.3544166272423e-26,0.419725332522066,0.343,0.302,2.56323346705604e-22,"1","AAK1","CD8_Naive_Memory"
2.14099331154719e-51,0.418891056037501,0.439,0.384,4.05182984210305e-47,"1","PSMB3","CD8_Naive_Memory"
3.08526819430688e-47,0.417908056102739,0.423,0.364,5.83887005772577e-43,"1","WAS","CD8_Naive_Memory"
4.79052995269188e-171,0.416317030335326,0.711,0.631,9.06607793546939e-167,"1","HLA-DPA1","CD8_Naive_Memory"
1.2434421849198e-58,0.414817724470985,0.48,0.419,2.35321433496073e-54,"1","RABAC1","CD8_Naive_Memory"
1.46062086473833e-20,0.414785651748193,0.251,0.209,2.76422498651728e-16,"1","PARP1","CD8_Naive_Memory"
4.57717496475176e-22,0.412983832240156,0.293,0.254,8.6623036207927e-18,"1","MDH1","CD8_Naive_Memory"
1.29545073621053e-29,0.412933337895741,0.343,0.294,2.45164051827842e-25,"1","SMDT1","CD8_Naive_Memory"
3.04541453617565e-88,0.407247246616371,0.574,0.5,5.76344700971242e-84,"1","CTSC","CD8_Naive_Memory"
5.6386185781543e-138,0.406595141741959,0.66,0.586,1.0671085659157e-133,"1","SLC25A6","CD8_Naive_Memory"
0,0.405115221660544,0.969,0.867,0,"1","ATP5F1E","CD8_Naive_Memory"
1.27240242453595e-53,0.404010286408785,0.452,0.378,2.40802158843429e-49,"1","STAT1","CD8_Naive_Memory"
1.04268431881028e-87,0.403994405307661,0.575,0.516,1.97328007334845e-83,"1","NDUFA1","CD8_Naive_Memory"
4.76366154611912e-60,0.402475080732343,0.491,0.43,9.01522947603044e-56,"1","SKAP1","CD8_Naive_Memory"
8.64864981381979e-256,0.40178470458372,0.808,0.727,1.6367569772654e-251,"1","HINT1","CD8_Naive_Memory"
5.6194265991381e-227,0.397839092971688,0.792,0.706,1.06347648388689e-222,"1","COX7C","CD8_Naive_Memory"
7.33760297179982e-47,0.397266145551396,0.45,0.397,1.38864136241312e-42,"1","ERP29","CD8_Naive_Memory"
2.13112345724874e-102,0.395088761211665,0.62,0.541,4.03315114284324e-98,"1","CD3G","CD8_Naive_Memory"
1.54500667706092e-33,0.394776525078698,0.385,0.338,2.92392513633779e-29,"1","N4BP2L2","CD8_Naive_Memory"
6.76469865637999e-19,0.393701132810511,0.296,0.262,1.28021922071991e-14,"1","NDUFAF3","CD8_Naive_Memory"
1.03589108055722e-11,0.393573729925168,0.252,0.229,1.96042386995454e-07,"1","INPP4B","CD8_Naive_Memory"
3.37539945534452e-106,0.391724062072948,0.625,0.547,6.3879434692395e-102,"1","RNF213","CD8_Naive_Memory"
3.27468292680544e-54,0.391307117822596,0.466,0.408,6.1973374389793e-50,"1","UBXN1","CD8_Naive_Memory"
2.26221384147697e-15,0.389487413567439,0.255,0.222,4.28123969499517e-11,"1","TGOLN2","CD8_Naive_Memory"
0,0.388558160501784,0.996,0.946,0,"1","TMSB10","CD8_Naive_Memory"
1.74275901899191e-32,0.388029076689572,0.368,0.319,3.29817144344219e-28,"1","ABI3","CD8_Naive_Memory"
8.07812260992076e-161,0.387363036616537,0.72,0.647,1.5287847039275e-156,"1","COX6A1","CD8_Naive_Memory"
0,0.384532362784514,0.963,0.894,0,"1","RACK1","CD8_Naive_Memory"
0,0.384508306007699,0.9,0.809,0,"1","PFDN5","CD8_Naive_Memory"
3.02829702982799e-39,0.379594671647133,0.429,0.386,5.73105212894948e-35,"1","SEM1","CD8_Naive_Memory"
7.67037427618059e-48,0.378747220435576,0.466,0.412,1.45161833176718e-43,"1","C4orf3","CD8_Naive_Memory"
1.13202371644098e-36,0.376403755895484,0.416,0.37,2.14235488336455e-32,"1","FKBP8","CD8_Naive_Memory"
6.73192627120982e-12,0.374733216544152,0.268,0.246,1.27401704682646e-07,"1","NDUFB1","CD8_Naive_Memory"
0,0.37311804141177,0.992,0.954,0,"1","CCL5","CD8_Naive_Memory"
0,0.372636043121236,0.995,0.956,0,"1","PFN1","CD8_Naive_Memory"
3.29918789904371e-129,0.370774876550139,0.678,0.615,6.24371309894022e-125,"1","EDF1","CD8_Naive_Memory"
9.46537163511478e-97,0.370740975032833,0.626,0.564,1.79132158194547e-92,"1","NDUFA4","CD8_Naive_Memory"
0,0.365916956303872,0.979,0.93,0,"1","CD74","CD8_Naive_Memory"
1.4335940153187e-175,0.365421697575442,0.779,0.702,2.71307667399064e-171,"1","IFITM2","CD8_Naive_Memory"
9.05471501227027e-25,0.365042658873872,0.361,0.326,1.71360481607215e-20,"1","RTRAF","CD8_Naive_Memory"
9.71884198071134e-41,0.364707403676687,0.452,0.408,1.83929084484962e-36,"1","COPE","CD8_Naive_Memory"
4.22519904940425e-23,0.364594476001956,0.344,0.308,7.99618920099755e-19,"1","EIF3M","CD8_Naive_Memory"
1.23728688459878e-207,0.363965130045463,0.804,0.725,2.3415654291032e-203,"1","MYL12B","CD8_Naive_Memory"
2.0847774494363e-16,0.363286549058291,0.305,0.276,3.94544132305819e-12,"1","LSM8","CD8_Naive_Memory"
2.0095451825906e-21,0.362890714451955,0.33,0.292,3.80306425805271e-17,"1","BIN2","CD8_Naive_Memory"
2.50324760275257e-14,0.362878809858872,0.275,0.247,4.73739608820923e-10,"1","RAB11B","CD8_Naive_Memory"
2.96593809431882e-34,0.36249560405549,0.414,0.372,5.61303784349837e-30,"1","ARF5","CD8_Naive_Memory"
3.41968871589034e-129,0.362383469563086,0.701,0.638,6.47176089482247e-125,"1","SSR4","CD8_Naive_Memory"
6.8318918204184e-288,0.362201919527515,0.862,0.789,1.29293552701418e-283,"1","BTF3","CD8_Naive_Memory"
6.95962647977809e-25,0.360898436695636,0.39,0.359,1.317109311298e-20,"1","ATP5ME","CD8_Naive_Memory"
5.06657636280452e-14,0.358471226902538,0.271,0.242,9.58849576660755e-10,"1","KRAS","CD8_Naive_Memory"
8.84650492052777e-14,0.358052243271781,0.295,0.271,1.67420105620988e-09,"1","STUB1","CD8_Naive_Memory"
4.5128944887603e-14,0.357456987447805,0.266,0.236,8.54065281997887e-10,"1","TMEM179B","CD8_Naive_Memory"
1.1217984817136e-17,0.355709627463452,0.317,0.287,2.12300362664299e-13,"1","DPP7","CD8_Naive_Memory"
1.76408253797789e-108,0.355317964918795,0.643,0.589,3.33852620312316e-104,"1","CAPZB","CD8_Naive_Memory"
1.83773464222003e-13,0.353611206346837,0.277,0.249,3.4779128104014e-09,"1","CNPY3","CD8_Naive_Memory"
1.20690003502698e-13,0.353423283348067,0.276,0.249,2.28405831628855e-09,"1","HMGN3","CD8_Naive_Memory"
9.96525622573006e-15,0.353303473112329,0.252,0.219,1.88592474071941e-10,"1","ANP32A","CD8_Naive_Memory"
1.89804623730483e-14,0.350995638307236,0.268,0.237,3.59205250409939e-10,"1","PDCD6","CD8_Naive_Memory"
5.48738163869862e-47,0.350941610137065,0.494,0.45,1.03848697512371e-42,"1","NDUFB2","CD8_Naive_Memory"
3.5596558946211e-47,0.350523399962937,0.496,0.453,6.73664878057043e-43,"1","SPCS1","CD8_Naive_Memory"
6.33379875157689e-28,0.345555638246452,0.406,0.374,1.19867141373593e-23,"1","PSMD8","CD8_Naive_Memory"
9.62549523560305e-18,0.344264240725501,0.329,0.3,1.82162497333788e-13,"1","SSBP1","CD8_Naive_Memory"
7.81067985561482e-21,0.343434559816615,0.341,0.306,1.4781711626751e-16,"1","UFC1","CD8_Naive_Memory"
7.02318256932275e-13,0.3413287977979,0.254,0.224,1.32913730124433e-08,"1","AC004687.1","CD8_Naive_Memory"
1.72135007218427e-18,0.339949456827479,0.351,0.323,3.25765501160873e-14,"1","SNHG8","CD8_Naive_Memory"
0,0.338817857032612,0.959,0.881,0,"1","FTL","CD8_Naive_Memory"
5.84589339994082e-24,0.338625857950782,0.396,0.367,1.1063353259388e-19,"1","UQCRQ","CD8_Naive_Memory"
0,0.336367139788552,0.947,0.902,0,"1","NKG7","CD8_Naive_Memory"
0,0.335926543204088,0.921,0.85,0,"1","EEF1D","CD8_Naive_Memory"
2.64164505482776e-17,0.334395868752489,0.315,0.283,4.99931326626153e-13,"1","DOK2","CD8_Naive_Memory"
1.05716621208376e-10,0.33400909726516,0.261,0.239,2.00068705636852e-06,"1","HAX1","CD8_Naive_Memory"
1.27287307076282e-44,0.326613503911827,0.501,0.461,2.40891228641864e-40,"1","PRR13","CD8_Naive_Memory"
3.72250602113811e-240,0.326293644893205,0.855,0.791,7.04484264500387e-236,"1","COX4I1","CD8_Naive_Memory"
7.66247737294591e-128,0.322339289654897,0.771,0.69,1.45012384283001e-123,"1","HLA-DRB1","CD8_Naive_Memory"
0,0.321940780540666,0.95,0.878,0,"1","UBA52","CD8_Naive_Memory"
2.94180785404326e-46,0.321822632999609,0.518,0.48,5.56737136377687e-42,"1","UQCRH","CD8_Naive_Memory"
5.51578263215806e-25,0.319370872932195,0.406,0.374,1.04386186313591e-20,"1","ZAP70","CD8_Naive_Memory"
7.84092593975582e-14,0.31908117863658,0.362,0.342,1.48389523409879e-09,"1","CMC1","CD8_Naive_Memory"
0,0.318192227704949,0.961,0.907,0,"1","IFITM1","CD8_Naive_Memory"
4.65454262012636e-84,0.315628434770596,0.667,0.614,8.80872190858914e-80,"1","FXYD5","CD8_Naive_Memory"
3.47532734933204e-132,0.314579098834424,0.791,0.723,6.57705700861089e-128,"1","TOMM7","CD8_Naive_Memory"
0,0.314418459111233,0.967,0.897,0,"1","MT-ATP6","CD8_Naive_Memory"
1.57953581860479e-38,0.313504378098706,0.487,0.449,2.98927153670956e-34,"1","SEPT6","CD8_Naive_Memory"
5.22612310832186e-168,0.313362591963441,0.8,0.742,9.89043798249912e-164,"1","SRP14","CD8_Naive_Memory"
0,0.310890108065336,0.994,0.954,0,"1","FAU","CD8_Naive_Memory"
7.17079958139113e-68,0.310200688695658,0.614,0.576,1.35707382077827e-63,"1","COX7A2","CD8_Naive_Memory"
3.60893360220195e-15,0.308705915197387,0.337,0.313,6.82990684216719e-11,"1","PSMA6","CD8_Naive_Memory"
2.34821483517697e-30,0.306090126813406,0.414,0.363,4.44399657557242e-26,"1","ISG15","CD8_Naive_Memory"
8.22385408065578e-07,0.305963357252599,0.264,0.255,0.0155636438476411,"1","MGST3","CD8_Naive_Memory"
8.39433844958099e-08,0.305222518718506,0.254,0.238,0.0015886285515832,"1","DUT","CD8_Naive_Memory"
1.71933540796602e-191,0.304313439811858,0.887,0.817,3.25384225957569e-187,"1","MT-ND4","CD8_Naive_Memory"
0,0.301283296520872,0.945,0.883,0,"1","NACA","CD8_Naive_Memory"
3.50086172141328e-18,0.30068683295995,0.369,0.342,6.62538080777463e-14,"1","FCMR","CD8_Naive_Memory"
8.46241260786483e-15,0.299120121914787,0.268,0.232,1.60151158603842e-10,"1","GBP2","CD8_Naive_Memory"
1.53628688234086e-121,0.297914350683443,0.742,0.697,2.90742292483007e-117,"1","ITGB2","CD8_Naive_Memory"
3.24613117488996e-12,0.297665028614611,0.307,0.283,6.14330324847925e-08,"1","CHST12","CD8_Naive_Memory"
2.59869864756141e-27,0.296797266272354,0.444,0.408,4.91803719050997e-23,"1","ZFAS1","CD8_Naive_Memory"
5.67798601197099e-08,0.295768467319072,0.25,0.232,0.00107455885276551,"1","RSF1","CD8_Naive_Memory"
1.13950965118618e-08,0.293745852485182,0.286,0.272,0.000215652201486984,"1","PSMB2","CD8_Naive_Memory"
1.72466604847647e-25,0.292445772032242,0.411,0.373,3.26393049674172e-21,"1","GNAI2","CD8_Naive_Memory"
2.98272598762606e-12,0.291570122926371,0.323,0.303,5.64480893158231e-08,"1","OTUB1","CD8_Naive_Memory"
3.07591758222356e-18,0.291533675317738,0.404,0.387,5.82117402435809e-14,"1","NDUFA13","CD8_Naive_Memory"
3.66702077340863e-13,0.291220352428132,0.336,0.316,6.93983681367584e-09,"1","SIGIRR","CD8_Naive_Memory"
5.19888556119614e-38,0.290142205594872,0.513,0.481,9.83889092456369e-34,"1","IL2RG","CD8_Naive_Memory"
6.67118486086493e-43,0.288769202655058,0.543,0.506,1.26252173491869e-38,"1","ARL6IP5","CD8_Naive_Memory"
1.0463306423906e-83,0.288166575452363,0.678,0.642,1.98018074072422e-79,"1","SON","CD8_Naive_Memory"
4.70332821114246e-17,0.287880288846306,0.27,0.226,8.90104863958711e-13,"1","IFNG","CD8_Naive_Memory"
5.15479581943014e-07,0.285295307604996,0.257,0.242,0.00975545108827155,"1","RER1","CD8_Naive_Memory"
1.51445714193242e-90,0.284613213426167,0.698,0.66,2.86611014110711e-86,"1","CD37","CD8_Naive_Memory"
2.29517214807068e-87,0.283395518592664,0.705,0.652,4.34361329022377e-83,"1","UQCRB","CD8_Naive_Memory"
1.61641826076969e-14,0.279646875913995,0.362,0.337,3.05907155850664e-10,"1","BAX","CD8_Naive_Memory"
1.83378452683695e-19,0.277565451225565,0.414,0.392,3.47043721703892e-15,"1","SEPT9","CD8_Naive_Memory"
1.26566981870785e-07,0.276947858857948,0.273,0.258,0.0023952801319046,"1","PSMC5","CD8_Naive_Memory"
2.37595755697493e-35,0.275215707444562,0.516,0.484,4.49649967657505e-31,"1","DBI","CD8_Naive_Memory"
8.40234804134965e-25,0.274667168988914,0.442,0.415,1.59014436682542e-20,"1","EIF3H","CD8_Naive_Memory"
1.88604284506527e-10,0.268478951358669,0.32,0.303,3.56933608428602e-06,"1","MATK","CD8_Naive_Memory"
2.87270162941427e-40,0.268443292073578,0.552,0.528,5.4365878336665e-36,"1","SEC61B","CD8_Naive_Memory"
8.05761833981229e-24,0.263329135475686,0.465,0.441,1.52490427080948e-19,"1","CIB1","CD8_Naive_Memory"
0,0.263111506856234,0.984,0.957,0,"1","IL32","CD8_Naive_Memory"
7.87992077364388e-07,0.258041612463202,0.257,0.241,0.014912750064121,"1","KPNB1","CD8_Naive_Memory"
6.52481842501646e-18,0.255714794372815,0.414,0.39,1.23482188693437e-13,"1","CDK2AP2","CD8_Naive_Memory"
4.77314279570274e-11,0.251363028288225,0.36,0.349,9.03317274086743e-07,"1","CD63","CD8_Naive_Memory"
2.57701138714737e-282,0.250962903182254,0.944,0.902,4.87699405017641e-278,"1","CD3E","CD8_Naive_Memory"
7.67443867919582e-35,0.933700266762091,0.265,0.241,1.45238752003781e-30,"2","ATP8A1","CD8_PD1_Dysfunctional"
1.25671759222824e-53,0.864134748827927,0.316,0.285,2.37833804329194e-49,"2","PDCD1","CD8_PD1_Dysfunctional"
5.08652030774252e-73,0.792957301755371,0.385,0.373,9.62623968240271e-69,"2","SRRT","CD8_PD1_Dysfunctional"
0,0.764415605060436,0.877,0.711,0,"2","CREM","CD8_PD1_Dysfunctional"
1.88127691042426e-241,0.742465788681916,0.56,0.533,3.56031655297791e-237,"2","TENT5C","CD8_PD1_Dysfunctional"
0,0.6983119644613,0.909,0.735,0,"2","CXCR4","CD8_PD1_Dysfunctional"
1.61413937299452e-29,0.672083294726875,0.35,0.373,3.05475876339212e-25,"2","ISG15","CD8_PD1_Dysfunctional"
1.48891958082409e-186,0.660755453969484,0.555,0.536,2.81778030670959e-182,"2","RGS1","CD8_PD1_Dysfunctional"
2.14449512933424e-308,0.623467130160356,0.637,0.645,4.05845703226505e-304,"2","LEPROTL1","CD8_PD1_Dysfunctional"
0,0.620440827552175,0.811,0.731,0,"2","CD8A","CD8_PD1_Dysfunctional"
7.25284958680251e-09,0.615615256860362,0.266,0.288,0.000137260178430237,"2","ITK","CD8_PD1_Dysfunctional"
1.4177560566317e-17,0.599805157702989,0.272,0.267,2.68310333717549e-13,"2","DUSP4","CD8_PD1_Dysfunctional"
0,0.579969951004892,0.943,0.843,0,"2","DUSP2","CD8_PD1_Dysfunctional"
0,0.565635017890243,0.926,0.896,0,"2","SARAF","CD8_PD1_Dysfunctional"
1.15446934865015e-06,0.560317482583083,0.286,0.33,0.021848332423204,"2","NAA50","CD8_PD1_Dysfunctional"
0,0.553341237966542,0.974,0.926,0,"2","BTG1","CD8_PD1_Dysfunctional"
4.64640392821971e-28,0.540936759335363,0.372,0.406,8.7933194341558e-24,"2","HLA-DQA1","CD8_PD1_Dysfunctional"
3.12330473351434e-37,0.53648052743145,0.406,0.459,5.91085420817588e-33,"2","GSPT1","CD8_PD1_Dysfunctional"
0,0.531720149016738,0.891,0.851,0,"2","ZFP36L2","CD8_PD1_Dysfunctional"
4.4944404300463e-256,0.525602036649033,0.644,0.663,8.50572851386262e-252,"2","EZR","CD8_PD1_Dysfunctional"
6.69969651229715e-162,0.510002783382741,0.569,0.609,1.26791756495224e-157,"2","COTL1","CD8_PD1_Dysfunctional"
3.65742531256744e-211,0.501799670279346,0.624,0.634,6.92167740403388e-207,"2","TNFAIP3","CD8_PD1_Dysfunctional"
4.15765875295716e-09,0.497983921333257,0.322,0.371,7.86836918997143e-05,"2","TSPYL2","CD8_PD1_Dysfunctional"
2.29006258669962e-06,0.497911790660063,0.312,0.374,0.0433394344532903,"2","NSMCE3","CD8_PD1_Dysfunctional"
3.61973003704994e-52,0.488806874281396,0.459,0.522,6.85033909511701e-48,"2","ISG20","CD8_PD1_Dysfunctional"
2.21406427703847e-97,0.487643538618804,0.516,0.579,4.19011664429531e-93,"2","SH2D2A","CD8_PD1_Dysfunctional"
8.20614194575826e-08,0.467732016942517,0.332,0.4,0.00155301236323475,"2","CNOT6L","CD8_PD1_Dysfunctional"
1.14601203426668e-14,0.467333608673393,0.361,0.425,2.16882777484969e-10,"2","FOSL2","CD8_PD1_Dysfunctional"
4.78485245877843e-07,0.461316172996783,0.321,0.38,0.00905533327823817,"2","AC016831.7","CD8_PD1_Dysfunctional"
3.27650192460982e-37,0.452547919162523,0.431,0.494,6.20077989232408e-33,"2","ATP1B3","CD8_PD1_Dysfunctional"
5.83740529633293e-68,0.452239510777662,0.493,0.58,1.10472895233101e-63,"2","MYH9","CD8_PD1_Dysfunctional"
2.67487428795759e-70,0.448401455207184,0.493,0.555,5.06219958995974e-66,"2","SYTL3","CD8_PD1_Dysfunctional"
7.8169109996136e-09,0.448301979773046,0.342,0.415,0.000147935040667687,"2","USP36","CD8_PD1_Dysfunctional"
5.30758821872637e-126,0.447712021066945,0.559,0.605,1.00446107039397e-121,"2","PIK3R1","CD8_PD1_Dysfunctional"
1.11172796422339e-09,0.436902298939318,0.34,0.396,2.10394517229277e-05,"2","STAT1","CD8_PD1_Dysfunctional"
0,0.434828388629544,0.785,0.785,0,"2","NR4A2","CD8_PD1_Dysfunctional"
2.28114032182628e-59,0.430242396043539,0.51,0.569,4.31705805905624e-55,"2","TSC22D3","CD8_PD1_Dysfunctional"
5.76698232905868e-10,0.429490574860674,0.357,0.429,1.09140140577435e-05,"2","ITGA4","CD8_PD1_Dysfunctional"
0,0.426045482882801,0.833,0.815,0,"2","ZFP36","CD8_PD1_Dysfunctional"
0,0.415823526444667,0.968,0.938,0,"2","SRGN","CD8_PD1_Dysfunctional"
2.38608091264763e-150,0.413022018538602,0.599,0.67,4.51565812718564e-146,"2","SELENOK","CD8_PD1_Dysfunctional"
9.61563303981148e-36,0.410179071792321,0.453,0.552,1.81975855278432e-31,"2","ETS1","CD8_PD1_Dysfunctional"
5.71453496308928e-57,0.409405040306669,0.494,0.576,1.08147574176465e-52,"2","HSPD1","CD8_PD1_Dysfunctional"
3.54628296750534e-194,0.407807247151754,0.625,0.715,6.71134051600386e-190,"2","FYN","CD8_PD1_Dysfunctional"
1.61231342803625e-55,0.405266137517855,0.491,0.564,3.0513031625586e-51,"2","ITM2A","CD8_PD1_Dysfunctional"
6.86804580840079e-153,0.404611584323583,0.614,0.666,1.29977766923985e-148,"2","YPEL5","CD8_PD1_Dysfunctional"
5.75316244756843e-50,0.396749762351913,0.474,0.558,1.08878599320233e-45,"2","VPS37B","CD8_PD1_Dysfunctional"
0,0.395752595682477,0.871,0.921,0,"2","MT-ATP8","CD8_PD1_Dysfunctional"
4.33755806303568e-13,0.394825982042311,0.387,0.476,8.20882863429502e-09,"2","PTPN22","CD8_PD1_Dysfunctional"
1.09729324740509e-40,0.394651564289408,0.456,0.531,2.07662747071414e-36,"2","CEMIP2","CD8_PD1_Dysfunctional"
1.17884856290784e-11,0.393251159424325,0.369,0.442,2.23097090530309e-07,"2","RNF19A","CD8_PD1_Dysfunctional"
4.32951665464926e-142,0.390731758833108,0.592,0.677,8.19361026892373e-138,"2","SFPQ","CD8_PD1_Dysfunctional"
0,0.384019198906812,0.983,0.981,0,"2","PTMA","CD8_PD1_Dysfunctional"
0,0.374442467091189,0.996,0.996,0,"2","HLA-A","CD8_PD1_Dysfunctional"
0,0.371795248237452,0.935,0.952,0,"2","HSPA8","CD8_PD1_Dysfunctional"
1.05094812563488e-52,0.371080351004833,0.494,0.6,1.98891932776402e-48,"2","STK17B","CD8_PD1_Dysfunctional"
0,0.367119219027514,0.889,0.929,0,"2","ARHGDIB","CD8_PD1_Dysfunctional"
2.77706474150277e-95,0.365664865126472,0.563,0.63,5.25559502329398e-91,"2","ZNF331","CD8_PD1_Dysfunctional"
1.81932070516953e-14,0.36373201837621,0.403,0.494,3.44306443453334e-10,"2","CLEC2B","CD8_PD1_Dysfunctional"
0,0.363440462291419,0.992,0.988,0,"2","TMSB4X","CD8_PD1_Dysfunctional"
1.77126725338132e-19,0.357807589574996,0.427,0.539,3.35212327702414e-15,"2","MSN","CD8_PD1_Dysfunctional"
2.10145048231886e-20,0.355696769281385,0.455,0.557,3.97699503778845e-16,"2","SAT1","CD8_PD1_Dysfunctional"
0,0.354359888266594,0.964,0.959,0,"2","CCL5","CD8_PD1_Dysfunctional"
9.29828981703753e-18,0.354046805496708,0.422,0.536,1.75970134787435e-13,"2","UBE2B","CD8_PD1_Dysfunctional"
9.05187448863991e-08,0.353274556075811,0.382,0.494,0.0017130672469751,"2","TERF2IP","CD8_PD1_Dysfunctional"
0,0.351168177601302,0.834,0.907,0,"2","HSP90AA1","CD8_PD1_Dysfunctional"
0,0.350598887314217,0.9,0.95,0,"2","FTH1","CD8_PD1_Dysfunctional"
1.01574165926161e-92,0.350521993780268,0.585,0.672,1.92229109015259e-88,"2","DNAJA1","CD8_PD1_Dysfunctional"
0,0.347284994713558,0.885,0.933,0,"2","CALM1","CD8_PD1_Dysfunctional"
0,0.347142974391302,0.969,0.971,0,"2","H3F3B","CD8_PD1_Dysfunctional"
2.51235025911645e-101,0.343075220669295,0.601,0.674,4.75462286537787e-97,"2","TUBA4A","CD8_PD1_Dysfunctional"
7.39896594915349e-21,0.342897786997213,0.439,0.551,1.4002543058773e-16,"2","STK4","CD8_PD1_Dysfunctional"
0,0.339648186327777,1,1,0,"2","B2M","CD8_PD1_Dysfunctional"
0,0.336711029865005,0.882,0.927,0,"2","CST7","CD8_PD1_Dysfunctional"
4.11364044700826e-209,0.334039366568558,0.664,0.787,7.78506454596314e-205,"2","YWHAB","CD8_PD1_Dysfunctional"
5.22000045239156e-270,0.330561378512443,0.741,0.829,9.87885085615103e-266,"2","HSP90AB1","CD8_PD1_Dysfunctional"
0,0.329875204752888,0.989,0.994,0,"2","HLA-C","CD8_PD1_Dysfunctional"
5.66332149561254e-134,0.32733586836797,0.662,0.722,1.07178359304467e-129,"2","DNAJB1","CD8_PD1_Dysfunctional"
5.16838797767596e-70,0.326726740585414,0.547,0.655,9.78117424775176e-66,"2","IRF1","CD8_PD1_Dysfunctional"
0,0.326351847928346,0.949,0.964,0,"2","PFN1","CD8_PD1_Dysfunctional"
2.83155934544522e-16,0.321441014944885,0.42,0.523,5.35872606125507e-12,"2","TNFRSF1B","CD8_PD1_Dysfunctional"
0,0.321377740353451,0.996,0.995,0,"2","ACTB","CD8_PD1_Dysfunctional"
0,0.315238290132023,0.999,0.999,0,"2","MALAT1","CD8_PD1_Dysfunctional"
1.98989427597312e-116,0.313929423623108,0.596,0.73,3.76587491727912e-112,"2","CALR","CD8_PD1_Dysfunctional"
0,0.30991416016246,0.965,0.973,0,"2","TPT1","CD8_PD1_Dysfunctional"
0,0.307578735274951,0.951,0.963,0,"2","IL32","CD8_PD1_Dysfunctional"
0,0.307322719858329,0.991,0.995,0,"2","HLA-B","CD8_PD1_Dysfunctional"
0,0.306011655305159,0.998,0.996,0,"2","EEF1A1","CD8_PD1_Dysfunctional"
2.26361795137002e-34,0.305884036224801,0.485,0.593,4.28389697296777e-30,"2","ALOX5AP","CD8_PD1_Dysfunctional"
0,0.305818148094742,0.87,0.939,0,"2","PTPRC","CD8_PD1_Dysfunctional"
1.00089909824021e-234,0.304707501933323,0.698,0.805,1.8942015434196e-230,"2","SRSF7","CD8_PD1_Dysfunctional"
3.12766047185869e-23,0.301500098660104,0.464,0.588,5.91909744299256e-19,"2","ELF1","CD8_PD1_Dysfunctional"
1.22806570083723e-135,0.30026019006604,0.637,0.753,2.32411433883446e-131,"2","RARRES3","CD8_PD1_Dysfunctional"
0,0.300056917033444,0.973,0.981,0,"2","EIF1","CD8_PD1_Dysfunctional"
4.30115184583825e-09,0.29961119171896,0.179,0.254,8.13992986824888e-05,"2","GOLPH3","CD8_PD1_Dysfunctional"
0,0.296665168589212,0.876,0.913,0,"2","NKG7","CD8_PD1_Dysfunctional"
1.39680389941359e-08,0.294580337195258,0.405,0.522,0.000264345137964021,"2","DNAJB6","CD8_PD1_Dysfunctional"
0,0.293609020470159,0.857,0.923,0,"2","IFITM1","CD8_PD1_Dysfunctional"
1.57564691852964e-204,0.29215041567609,0.694,0.812,2.98191179331734e-200,"2","PNRC1","CD8_PD1_Dysfunctional"
3.87557070066803e-07,0.290237190779983,0.201,0.279,0.00733451755101424,"2","PPM1G","CD8_PD1_Dysfunctional"
1.47411621958688e-100,0.28923353419561,0.589,0.723,2.78976494556817e-96,"2","LCP1","CD8_PD1_Dysfunctional"
2.6723194522918e-08,0.28902437844429,0.181,0.254,0.000505736456346224,"2","MTHFD2","CD8_PD1_Dysfunctional"
1.94106633339469e-08,0.286032143468625,0.185,0.26,0.000367346803594946,"2","CHIC2","CD8_PD1_Dysfunctional"
0,0.284069530614649,0.818,0.909,0,"2","PPIA","CD8_PD1_Dysfunctional"
0,0.279481718615367,0.83,0.915,0,"2","RACK1","CD8_PD1_Dysfunctional"
3.91364565801601e-10,0.273884160506022,0.42,0.489,7.4065744077953e-06,"2","RGCC","CD8_PD1_Dysfunctional"
0,0.273481361012008,0.942,0.962,0,"2","FAU","CD8_PD1_Dysfunctional"
0,0.273248727623206,0.977,0.994,0,"2","MT-CO2","CD8_PD1_Dysfunctional"
0,0.272864021229784,0.889,0.944,0,"2","CD74","CD8_PD1_Dysfunctional"
6.8441890356527e-270,0.270625580309583,0.727,0.836,1.29526277499727e-265,"2","YWHAZ","CD8_PD1_Dysfunctional"
5.91165376640933e-50,0.268389473201792,0.554,0.63,1.11878047529297e-45,"2","CD52","CD8_PD1_Dysfunctional"
0,0.26717064503305,0.814,0.903,0,"2","NACA","CD8_PD1_Dysfunctional"
8.41481884495921e-08,0.266290208488081,0.205,0.288,0.00159250446640853,"2","NAMPT","CD8_PD1_Dysfunctional"
1.73876791875972e-48,0.265569032023099,0.533,0.658,3.29061828625277e-44,"2","LITAF","CD8_PD1_Dysfunctional"
4.86231748632087e-07,0.265256544152716,0.197,0.27,0.00920193584286225,"2","PDE7A","CD8_PD1_Dysfunctional"
0,0.265039733651053,0.815,0.897,0,"2","SH3BGRL3","CD8_PD1_Dysfunctional"
1.02794179907888e-21,0.264796213179745,0.466,0.61,1.94537985475678e-17,"2","WIPF1","CD8_PD1_Dysfunctional"
4.80657468450742e-07,0.264771940495212,0.251,0.363,0.0090964425904303,"2","UQCRFS1","CD8_PD1_Dysfunctional"
6.06705586016171e-08,0.259017402458943,0.227,0.323,0.0011481903215356,"2","CCT6A","CD8_PD1_Dysfunctional"
5.23952781857522e-14,0.257834575571408,0.451,0.543,9.91580639665361e-10,"2","KLF6","CD8_PD1_Dysfunctional"
0,0.255572026617886,0.818,0.912,0,"2","MYL6","CD8_PD1_Dysfunctional"
0,0.255274372552512,0.995,0.998,0,"2","MT-CO1","CD8_PD1_Dysfunctional"
0,0.255130060739382,0.929,0.977,0,"2","MT-ND4L","CD8_PD1_Dysfunctional"
2.18912154152823e-70,0.253765173885197,0.561,0.71,4.14291251734217e-66,"2","NCL","CD8_PD1_Dysfunctional"
1.43715460778613e-07,0.253697506306849,0.22,0.309,0.00271981509523526,"2","PPP1CB","CD8_PD1_Dysfunctional"
1.24027149276504e-21,0.251237593600448,0.477,0.623,2.34721380005783e-17,"2","SOD1","CD8_PD1_Dysfunctional"
0,3.3418624376447,0.439,0.035,0,"4","GEM","CD8_Activated"
0,2.91628659135214,0.379,0.034,0,"4","LAYN","CD8_Activated"
0,2.74600058082277,0.318,0.041,0,"4","NBL1","CD8_Activated"
0,2.58134815231043,0.575,0.082,0,"4","SNX9","CD8_Activated"
0,2.44675412470486,0.381,0.055,0,"4","AKAP5","CD8_Activated"
0,2.02591075435974,0.727,0.166,0,"4","TNFRSF9","CD8_Activated"
0,1.99425919407662,0.506,0.108,0,"4","VCAM1","CD8_Activated"
0,1.93984134146678,0.844,0.224,0,"4","DUSP4","CD8_Activated"
0,1.8280401157398,0.344,0.084,0,"4","CD200R1","CD8_Activated"
0,1.80904085824663,0.334,0.074,0,"4","ASB2","CD8_Activated"
0,1.79793211675924,0.419,0.083,0,"4","CTLA4","CD8_Activated"
0,1.78887818504818,0.343,0.076,0,"4","NAB1","CD8_Activated"
0,1.75545961480953,0.296,0.072,0,"4","ID3","CD8_Activated"
0,1.73635670629473,0.389,0.096,0,"4","GFOD1","CD8_Activated"
0,1.70630051538924,0.374,0.1,0,"4","PLEKHO1","CD8_Activated"
0,1.53020023080605,0.414,0.117,0,"4","RHOB","CD8_Activated"
0,1.51256463900827,0.376,0.106,0,"4","GTF3C1","CD8_Activated"
2.32173461146729e-277,1.50146689875702,0.272,0.077,4.39388275220185e-273,"4","NFATC1","CD8_Activated"
0,1.44197914088741,0.469,0.148,0,"4","LIMS1","CD8_Activated"
4.41593914712402e-278,1.36612362672796,0.302,0.09,8.35716483593221e-274,"4","AD000671.2","CD8_Activated"
0,1.34045408435106,0.738,0.254,0,"4","PDCD1","CD8_Activated"
8.17969658413976e-315,1.29637225425591,0.407,0.137,1.54800757854845e-310,"4","PHLDA1","CD8_Activated"
1.64636644381518e-219,1.2095669157892,0.286,0.094,3.11574849492024e-215,"4","BANP","CD8_Activated"
0,1.20347754491997,0.689,0.278,0,"4","SLC7A5","CD8_Activated"
2.59934882813231e-293,1.19688250154707,0.446,0.165,4.9192676572404e-289,"4","STX11","CD8_Activated"
0,1.18305503219821,0.529,0.183,0,"4","ICOS","CD8_Activated"
4.00145092571621e-202,1.16855524756283,0.292,0.103,7.57274587691792e-198,"4","PTPN11","CD8_Activated"
2.35905948251085e-207,1.10490422626886,0.301,0.105,4.46452007065179e-203,"4","CD82","CD8_Activated"
7.50782909480421e-278,1.09321977967125,0.535,0.233,1.4208566561917e-273,"4","CRTAM","CD8_Activated"
1.81324926295338e-219,1.09070354983432,0.359,0.135,3.43157423013927e-215,"4","BCL2L11","CD8_Activated"
1.34695988186322e-193,1.05108065665141,0.334,0.128,2.54912157642614e-189,"4","IGFLR1","CD8_Activated"
4.9503581950605e-176,1.04474588897903,0.305,0.118,9.368552884152e-172,"4","MT1E","CD8_Activated"
2.20143378638061e-191,1.04445250298153,0.35,0.139,4.16621344072531e-187,"4","TGIF1","CD8_Activated"
3.32313409102711e-236,1.02727861129908,0.394,0.147,6.28903126726881e-232,"4","AHI1","CD8_Activated"
1.26135816608844e-183,1.02695566639017,0.32,0.123,2.38712032932237e-179,"4","ITGAE","CD8_Activated"
1.41298337865273e-157,1.02585257316949,0.293,0.116,2.67407104410029e-153,"4","ITM2C","CD8_Activated"
9.71181714717665e-238,1.01814090610084,0.433,0.17,1.83796139510318e-233,"4","PCED1B","CD8_Activated"
4.18003652575307e-210,1.00776144939112,0.363,0.138,7.91071912498768e-206,"4","GPR137B","CD8_Activated"
5.92579764544483e-175,0.980071215776177,0.327,0.13,1.12145720440043e-170,"4","PRDM1","CD8_Activated"
5.83274193316681e-221,0.972830984269055,0.44,0.182,1.10384641085182e-216,"4","GGA2","CD8_Activated"
1.12196708003647e-164,0.963898758615617,0.334,0.139,2.12332269896901e-160,"4","IRF4","CD8_Activated"
8.35610244691414e-143,0.959773371944516,0.278,0.113,1.5813923880785e-138,"4","RAB35","CD8_Activated"
0,0.957919755496132,0.764,0.344,0,"4","SRRT","CD8_Activated"
1.26482578468822e-141,0.950341338590285,0.263,0.104,2.39368279752245e-137,"4","SEC14L1","CD8_Activated"
8.29244970134055e-249,0.930916465952969,0.497,0.201,1.5693461059787e-244,"4","PDE4D","CD8_Activated"
1.25944395089676e-181,0.924307969144559,0.406,0.176,2.38349767707212e-177,"4","PHPT1","CD8_Activated"
5.15417850101619e-278,0.909945932500452,0.666,0.317,9.75428281317314e-274,"4","LAG3","CD8_Activated"
4.72777127656935e-136,0.904534507239581,0.302,0.129,8.94730714090749e-132,"4","SFMBT2","CD8_Activated"
7.24514214873144e-167,0.904393875282962,0.401,0.181,1.37114315164742e-162,"4","YBX3","CD8_Activated"
2.26586969740034e-137,0.903591507504018,0.289,0.121,4.28815840233015e-133,"4","RALGDS","CD8_Activated"
1.04070819386837e-229,0.893135477540725,0.529,0.233,1.9695402568959e-225,"4","TOX","CD8_Activated"
8.58895440397178e-136,0.886117051644844,0.31,0.134,1.62545962095166e-131,"4","TMEM70","CD8_Activated"
1.69708727150446e-129,0.881244607174388,0.255,0.103,3.21173766132219e-125,"4","GALM","CD8_Activated"
0,0.87725419358977,0.885,0.449,0,"4","RGCC","CD8_Activated"
5.0073485550143e-312,0.876943390671421,0.777,0.387,9.47640714036456e-308,"4","SLA","CD8_Activated"
7.04400645685901e-152,0.871961796413965,0.381,0.173,1.33307822196057e-147,"4","RIC8A","CD8_Activated"
2.27041507658784e-152,0.858857976186546,0.384,0.174,4.29676053244249e-148,"4","PTMS","CD8_Activated"
1.45723353612052e-180,0.853780427797311,0.456,0.209,2.75781446710808e-176,"4","PFKFB3","CD8_Activated"
9.84672532593075e-136,0.845944792530121,0.347,0.157,1.86349276793239e-131,"4","METRNL","CD8_Activated"
4.99316468417954e-260,0.843770591981314,0.694,0.335,9.44956416480978e-256,"4","TIGIT","CD8_Activated"
1.68928481807148e-142,0.838010808272875,0.344,0.152,3.19697151820029e-138,"4","CHST11","CD8_Activated"
2.0703376227777e-305,0.837746576960417,0.798,0.405,3.91811395110679e-301,"4","RNF19A","CD8_Activated"
3.22432498565954e-181,0.831132009164727,0.431,0.187,6.10203503536068e-177,"4","HNRNPLL","CD8_Activated"
3.35486927635759e-170,0.815760707004715,0.518,0.262,6.34909010550674e-166,"4","HOPX","CD8_Activated"
3.07544014609871e-191,0.814314431297509,0.543,0.257,5.82027047649181e-187,"4","RELB","CD8_Activated"
7.04688891113883e-114,0.802496037631178,0.314,0.147,1.33362372643302e-109,"4","NINJ1","CD8_Activated"
1.65096851134675e-168,0.797049480308092,0.48,0.228,3.12445790772373e-164,"4","IL21R","CD8_Activated"
4.88838412543e-107,0.780894775456011,0.261,0.115,9.25126695737628e-103,"4","RCAN3","CD8_Activated"
1.46967160144801e-155,0.780450101968064,0.482,0.239,2.78135350574036e-151,"4","PIM3","CD8_Activated"
3.18608478738879e-107,0.77928294032833,0.293,0.136,6.02966546013329e-103,"4","IRF2BP2","CD8_Activated"
1.1108975361548e-225,0.778231276967918,0.672,0.331,2.10237358717295e-221,"4","LYST","CD8_Activated"
5.05158667658717e-200,0.772096257801239,0.613,0.311,9.56012778544121e-196,"4","ZBTB1","CD8_Activated"
2.41744830589514e-119,0.76416929289067,0.364,0.177,4.57502091890656e-115,"4","MAP2K3","CD8_Activated"
7.00862190491241e-114,0.761315889277168,0.294,0.132,1.32638169550467e-109,"4","TMPO","CD8_Activated"
1.72401972165762e-95,0.760805539466881,0.266,0.124,3.26270732323705e-91,"4","FAS","CD8_Activated"
1.05072310226461e-166,0.754140751859826,0.537,0.268,1.98849347103577e-162,"4","ARID5A","CD8_Activated"
3.50572469585534e-102,0.75012457162066,0.256,0.113,6.63458398690623e-98,"4","TRAF1","CD8_Activated"
3.36645564382985e-303,0.739984761604336,0.911,0.527,6.37101730594798e-299,"4","ITM2A","CD8_Activated"
1.67784859208919e-127,0.739052637172335,0.387,0.186,3.17532846052879e-123,"4","ASXL2","CD8_Activated"
1.08267574536482e-138,0.736050326970711,0.407,0.193,2.04896384810291e-134,"4","RHBDD2","CD8_Activated"
5.60902299175694e-96,0.73353767649005,0.252,0.114,1.06150760119e-91,"4","BCL2","CD8_Activated"
3.23815759649241e-138,0.732987176091506,0.443,0.218,6.12821325136189e-134,"4","JOSD1","CD8_Activated"
7.32021902989268e-176,0.73202402778017,0.574,0.286,1.38535145140719e-171,"4","FABP5","CD8_Activated"
7.24555062278902e-201,0.731410493094272,0.679,0.349,1.37122045536282e-196,"4","RGS2","CD8_Activated"
7.73358781644475e-252,0.727751182976818,0.831,0.47,1.46358149426217e-247,"4","NR3C1","CD8_Activated"
1.3001588080807e-210,0.726449787399354,0.627,0.286,2.46055054429272e-206,"4","CD27","CD8_Activated"
1.23776695337028e-117,0.723945003023778,0.361,0.174,2.34247395925325e-113,"4","RILPL2","CD8_Activated"
6.14124867296601e-115,0.722963182675829,0.347,0.167,1.16223131135882e-110,"4","GPR18","CD8_Activated"
1.34245696770811e-101,0.712106769496949,0.285,0.132,2.54059981138761e-97,"4","BATF","CD8_Activated"
2.02498559922548e-190,0.707739724823299,0.698,0.379,3.83228524653423e-186,"4","HLA-DQA1","CD8_Activated"
3.80913018038113e-162,0.707094882087329,0.599,0.322,7.20877886637129e-158,"4","CCND2","CD8_Activated"
1.98914324119007e-154,0.701235581696855,0.529,0.268,3.76445358395221e-150,"4","PPP1R16B","CD8_Activated"
1.48335192037492e-117,0.697088821355802,0.356,0.169,2.80724350930953e-113,"4","PHYKPL","CD8_Activated"
3.03782717526361e-94,0.689117199919989,0.288,0.138,5.74908792918638e-90,"4","OTULIN","CD8_Activated"
1.70469705535149e-210,0.658741917601869,0.829,0.486,3.22613917725269e-206,"4","TNFRSF1B","CD8_Activated"
7.6744351667043e-78,0.646197993695929,0.29,0.15,1.45238685529879e-73,"4","YWHAH","CD8_Activated"
1.22545599255304e-118,0.637966948241565,0.536,0.306,2.31917546590663e-114,"4","XCL2","CD8_Activated"
2.04564044815402e-104,0.63723212471084,0.312,0.146,3.87137454813148e-100,"4","PAG1","CD8_Activated"
4.98629511724196e-98,0.628879025174185,0.372,0.192,9.43656350938042e-94,"4","RNF168","CD8_Activated"
4.0264990844616e-148,0.626346693078597,0.679,0.385,7.62014951734358e-144,"4","NR4A3","CD8_Activated"
2.52682621494215e-79,0.623559427354438,0.25,0.12,4.78201861177803e-75,"4","ELMO1","CD8_Activated"
2.02490206076335e-113,0.623108171095398,0.448,0.233,3.83212714999464e-109,"4","NFKB1","CD8_Activated"
7.36894142864115e-156,0.622425475618626,0.742,0.422,1.39457216537034e-151,"4","RBM38","CD8_Activated"
6.63324248987395e-73,0.619080978473627,0.288,0.151,1.25534114120865e-68,"4","MAP1LC3A","CD8_Activated"
2.34420318291898e-123,0.615120139550063,0.57,0.323,4.43640452367417e-119,"4","BAX","CD8_Activated"
4.8408532650027e-106,0.612748552023442,0.447,0.239,9.16131480401762e-102,"4","PSMD13","CD8_Activated"
8.9791357128537e-81,0.612294058735716,0.3,0.153,1.69930143365756e-76,"4","ARL8B","CD8_Activated"
8.35538126312115e-117,0.607203940606781,0.476,0.251,1.58125590404568e-112,"4","PLEKHA2","CD8_Activated"
2.10496932686494e-82,0.607167342310235,0.346,0.186,3.98365445109191e-78,"4","HIST1H1E","CD8_Activated"
2.30722533073915e-132,0.596262673508392,0.583,0.314,4.36642393842383e-128,"4","CD6","CD8_Activated"
1.8915539748121e-123,0.589948729171465,0.596,0.329,3.5797658973319e-119,"4","BCL3","CD8_Activated"
2.00767919540255e-80,0.588504159436697,0.345,0.185,3.79953287729932e-76,"4","BHLHE40","CD8_Activated"
2.62510839022372e-91,0.588211122698091,0.397,0.215,4.9680176284984e-87,"4","GLUD1","CD8_Activated"
1.70162528725815e-109,0.587650075265641,0.445,0.23,3.22032585613605e-105,"4","TRAT1","CD8_Activated"
6.97303013835064e-151,0.584177879314175,0.748,0.43,1.31964595368286e-146,"4","GSPT1","CD8_Activated"
1.00606179313256e-105,0.579081982287035,0.465,0.249,1.90397194350337e-101,"4","HLA-DMA","CD8_Activated"
1.0760952235023e-90,0.577899360072122,0.392,0.209,2.0365102104781e-86,"4","NIN","CD8_Activated"
1.47118085989922e-164,0.572171473840132,0.817,0.499,2.78420977735928e-160,"4","CEMIP2","CD8_Activated"
8.24764505852407e-131,0.570087064928777,0.668,0.387,1.56086682732568e-126,"4","STAT3","CD8_Activated"
7.03283865216739e-112,0.567207342157827,0.573,0.324,1.33096471492268e-107,"4","KPNA2","CD8_Activated"
6.56768502248799e-81,0.565294502380561,0.333,0.174,1.24293439050585e-76,"4","DCTN6","CD8_Activated"
5.92385220569268e-107,0.563505743874189,0.54,0.305,1.12108902992734e-102,"4","NFATC2","CD8_Activated"
2.34860651487575e-105,0.56279075979599,0.527,0.296,4.44473782940235e-101,"4","ANXA5","CD8_Activated"
9.13499184151328e-82,0.560306872855352,0.341,0.18,1.72879720600639e-77,"4","GNA13","CD8_Activated"
6.00234866776174e-79,0.558889443275898,0.373,0.205,1.13594448537391e-74,"4","MAZ","CD8_Activated"
8.05724305611047e-88,0.555195920514252,0.412,0.225,1.52483324836891e-83,"4","HBP1","CD8_Activated"
5.90732766999836e-110,0.554034890931653,0.599,0.344,1.11796176154719e-105,"4","PTP4A1","CD8_Activated"
8.63022794785093e-64,0.553212610165811,0.253,0.132,1.63327063913079e-59,"4","TSSC4","CD8_Activated"
1.40584134612013e-74,0.544785383709506,0.331,0.176,2.66055474753234e-70,"4","NFKB2","CD8_Activated"
4.08557502814522e-70,0.544643437756186,0.308,0.166,7.73195074076483e-66,"4","TRIM28","CD8_Activated"
4.08191350033406e-96,0.537759778920542,0.533,0.304,7.72502129938221e-92,"4","PPP2CA","CD8_Activated"
5.7764212307307e-110,0.537401008299855,0.597,0.347,1.09318771791578e-105,"4","CDKN1B","CD8_Activated"
3.07206914793359e-161,0.534444440312084,0.904,0.581,5.81389086246431e-157,"4","COTL1","CD8_Activated"
8.67490710247995e-104,0.534230187020069,0.574,0.329,1.64172616914433e-99,"4","FKBP1A","CD8_Activated"
1.01708692353242e-78,0.532402035521252,0.346,0.184,1.92483700278511e-74,"4","RAB10","CD8_Activated"
3.31816441364509e-81,0.530023550594336,0.423,0.24,6.27962615282334e-77,"4","DDX3Y","CD8_Activated"
8.06927554250932e-89,0.527279374802399,0.455,0.254,1.52711039641989e-84,"4","SYNGR2","CD8_Activated"
2.86438686712406e-60,0.52398677853549,0.26,0.139,5.42085214603228e-56,"4","IGF2R","CD8_Activated"
3.192691300327e-115,0.517694630219791,0.726,0.428,6.04216828586884e-111,"4","DUSP5","CD8_Activated"
3.65654804884798e-63,0.516263679938052,0.284,0.153,6.92001718244481e-59,"4","UBN1","CD8_Activated"
2.03202575419277e-102,0.512923281635089,0.565,0.32,3.84560873980981e-98,"4","MAPRE2","CD8_Activated"
6.57315619710375e-77,0.512294112080373,0.426,0.243,1.24396981030188e-72,"4","SERPINB9","CD8_Activated"
5.22825651197546e-61,0.510817244658719,0.268,0.144,9.89447544891355e-57,"4","EPSTI1","CD8_Activated"
7.05387208016811e-93,0.508658352904792,0.495,0.277,1.33494529117181e-88,"4","USP11","CD8_Activated"
1.68028371332271e-77,0.508204352215916,0.396,0.221,3.17993692746324e-73,"4","MRPS6","CD8_Activated"
9.96194275492708e-89,0.508000211479626,0.512,0.301,1.88529766636995e-84,"4","CXCR6","CD8_Activated"
2.75344635972515e-85,0.507060641850001,0.483,0.274,5.21089723577984e-81,"4","JMJD6","CD8_Activated"
4.07577615747196e-85,0.504412587958429,0.409,0.222,7.71340637801569e-81,"4","RFTN1","CD8_Activated"
3.5580650919002e-70,0.497111478595627,0.363,0.203,6.73363818642114e-66,"4","RNF115","CD8_Activated"
7.24105369219051e-65,0.496426413491044,0.328,0.182,1.37036941124705e-60,"4","HMCES","CD8_Activated"
3.64525180067337e-73,0.489345162990626,0.424,0.245,6.89863903277435e-69,"4","VDAC1","CD8_Activated"
5.10457538243581e-75,0.488032130031991,0.46,0.273,9.66040891125978e-71,"4","CHST12","CD8_Activated"
3.80408157474083e-81,0.482815716813396,0.428,0.237,7.19922438019702e-77,"4","CHIC2","CD8_Activated"
1.26953954913983e-91,0.481502393474671,0.63,0.376,2.40260359674714e-87,"4","HLA-DRA","CD8_Activated"
1.87144616145698e-96,0.481019520554594,0.638,0.384,3.54171186055734e-92,"4","PPP1R2","CD8_Activated"
1.93786447795021e-80,0.480614279797084,0.45,0.255,3.66740852452077e-76,"4","PPM1G","CD8_Activated"
2.04817300024405e-55,0.47734877995467,0.281,0.157,3.87616740296187e-51,"4","LAP3","CD8_Activated"
2.62542851557054e-55,0.476708885003592,0.251,0.136,4.96862346571725e-51,"4","UBASH3A","CD8_Activated"
1.17421019841025e-56,0.476236936681602,0.299,0.169,2.2221928004914e-52,"4","BTG3","CD8_Activated"
3.49297960305843e-61,0.474371813036134,0.352,0.202,6.61046389878808e-57,"4","KDM6B","CD8_Activated"
4.08373294383983e-89,0.473577571108286,0.524,0.298,7.72846459621689e-85,"4","SPTAN1","CD8_Activated"
2.56260511673627e-76,0.47085533640625,0.441,0.249,4.84973018342338e-72,"4","MAP2K2","CD8_Activated"
2.61649167283151e-81,0.467819592029377,0.498,0.288,4.95171049083364e-77,"4","CCT3","CD8_Activated"
8.99485676811496e-71,0.467493332325358,0.395,0.225,1.70227664336576e-66,"4","GBP2","CD8_Activated"
2.46556459981903e-54,0.466097252224128,0.286,0.162,4.66608100515751e-50,"4","NUDT4","CD8_Activated"
3.82355534575494e-77,0.464647309932206,0.495,0.291,7.23607849184122e-73,"4","BIRC3","CD8_Activated"
1.59752632436954e-53,0.46238905820517,0.303,0.176,3.02331856886936e-49,"4","B3GNT2","CD8_Activated"
8.64657491593866e-68,0.460860306119765,0.386,0.22,1.63636430284139e-63,"4","INPP4B","CD8_Activated"
2.56049298492614e-71,0.459826232800834,0.427,0.246,4.84573297397271e-67,"4","RAB27A","CD8_Activated"
1.69302860071782e-64,0.459582726292271,0.348,0.196,3.20405662685847e-60,"4","VOPP1","CD8_Activated"
1.13713944685452e-68,0.456279251638181,0.381,0.215,2.15203640317218e-64,"4","ARID5B","CD8_Activated"
1.1876427781572e-51,0.45585735034482,0.287,0.164,2.2476139576625e-47,"4","GNL1","CD8_Activated"
1.58800595028249e-79,0.455694749342466,0.523,0.305,3.00530126090961e-75,"4","CSNK1D","CD8_Activated"
2.79641438461681e-50,0.455182765316919,0.279,0.16,5.29221422288732e-46,"4","RAB22A","CD8_Activated"
6.00662462418966e-87,0.44877767760395,0.672,0.418,1.13675371012789e-82,"4","ARID4B","CD8_Activated"
6.37807769499097e-58,0.44791932279188,0.25,0.132,1.20705120377704e-53,"4","TLK1","CD8_Activated"
3.71458198968232e-53,0.446449744359699,0.266,0.148,7.02984641547379e-49,"4","MSL2","CD8_Activated"
2.64322012204162e-54,0.445329333274067,0.309,0.178,5.00229408096376e-50,"4","SAR1B","CD8_Activated"
2.75192520277208e-44,0.441543285508697,0.253,0.147,5.20801844624616e-40,"4","PIK3AP1","CD8_Activated"
3.83760438742545e-69,0.441491113954804,0.476,0.285,7.26266630320266e-65,"4","PTPN7","CD8_Activated"
1.60665012529874e-51,0.441200431126999,0.252,0.139,3.04058536212787e-47,"4","ATXN1","CD8_Activated"
9.14921531862866e-75,0.441071057768793,0.393,0.216,1.73148899905047e-70,"4","SIRPG","CD8_Activated"
1.62988753262083e-55,0.439591123560197,0.256,0.138,3.08456215548491e-51,"4","JAK3","CD8_Activated"
2.9673705833966e-76,0.439194173618617,0.53,0.316,5.61574882907807e-72,"4","NSD3","CD8_Activated"
2.83522415254293e-61,0.438124530751635,0.42,0.251,5.36566170868749e-57,"4","OASL","CD8_Activated"
2.27755633154421e-63,0.437816249818388,0.462,0.29,4.31027535744743e-59,"4","XCL1","CD8_Activated"
2.05398497552526e-65,0.436399088502076,0.444,0.264,3.88716656618156e-61,"4","MRFAP1","CD8_Activated"
1.90230305496961e-66,0.435886827843638,0.346,0.19,3.60010853152999e-62,"4","DGKZ","CD8_Activated"
1.95040565789651e-54,0.433657009914679,0.259,0.141,3.69114270756915e-50,"4","RUNX1","CD8_Activated"
1.42420869469319e-50,0.430502902883361,0.291,0.167,2.69531495470687e-46,"4","OSER1","CD8_Activated"
6.61392189020312e-59,0.423697211756978,0.383,0.226,1.25168471772094e-54,"4","CCSER2","CD8_Activated"
1.67372066346908e-51,0.417856449786261,0.354,0.213,3.16751635561523e-47,"4","CXCR3","CD8_Activated"
4.58511573694616e-75,0.413954736955851,0.595,0.362,8.67733153217061e-71,"4","SH3KBP1","CD8_Activated"
4.73056070527741e-72,0.409645369202578,0.547,0.332,8.95258613473749e-68,"4","PAK2","CD8_Activated"
1.85168577635322e-58,0.40931762847884,0.435,0.264,3.50431533174847e-54,"4","ETF1","CD8_Activated"
2.72317527621339e-45,0.408110037901856,0.254,0.145,5.15360921023385e-41,"4","LUC7L","CD8_Activated"
1.83976107373993e-52,0.407625223416942,0.36,0.215,3.48174783205282e-48,"4","PAF1","CD8_Activated"
1.81905007652859e-78,0.40746058832964,0.81,0.509,3.44255226983035e-74,"4","CD8B","CD8_Activated"
3.27543102238394e-75,0.406967173517346,0.615,0.375,6.19875320986161e-71,"4","CNOT6L","CD8_Activated"
7.93959409398798e-57,0.405495350142603,0.416,0.252,1.50256818228723e-52,"4","FAM107B","CD8_Activated"
6.73816474940656e-61,0.405061472896784,0.476,0.29,1.27519767882519e-56,"4","HNRNPAB","CD8_Activated"
1.24174322452276e-43,0.404997012005109,0.29,0.174,2.34999905240932e-39,"4","SMU1","CD8_Activated"
2.09050634068176e-76,0.404751923533168,0.59,0.355,3.95628324974024e-72,"4","AC016831.7","CD8_Activated"
1.63744708173363e-75,0.399755259711553,0.731,0.467,3.0988686021809e-71,"4","ATP1B3","CD8_Activated"
3.58371736628957e-46,0.39877899969832,0.273,0.157,6.782185115703e-42,"4","BRD7","CD8_Activated"
8.04385367420428e-50,0.397980529123903,0.332,0.196,1.52229930784316e-45,"4","ENC1","CD8_Activated"
1.83220425506879e-46,0.397353211196294,0.272,0.157,3.46744655271769e-42,"4","PER1","CD8_Activated"
3.43440757934961e-49,0.396834803253846,0.326,0.193,6.49961634391914e-45,"4","WAC","CD8_Activated"
1.03169607118756e-50,0.39440557755185,0.267,0.149,1.95248481472246e-46,"4","GTF2I","CD8_Activated"
7.45213072184389e-54,0.394361191470598,0.379,0.227,1.41031573910896e-49,"4","PPP1CC","CD8_Activated"
2.66947908341035e-44,0.393717664315398,0.261,0.151,5.05198916535409e-40,"4","PABPC4","CD8_Activated"
1.73989428924122e-52,0.393659103843716,0.353,0.21,3.29274994238901e-48,"4","FASLG","CD8_Activated"
2.48997694636125e-58,0.390985209356949,0.521,0.33,4.71228137098866e-54,"4","SMARCA5","CD8_Activated"
9.24810440425724e-45,0.390915486069641,0.265,0.154,1.75020375850568e-40,"4","ASNA1","CD8_Activated"
1.85557538512097e-44,0.390098183601766,0.272,0.159,3.51167641634143e-40,"4","POM121C","CD8_Activated"
1.48941936424191e-47,0.386470472801524,0.3,0.176,2.81872614682781e-43,"4","RANBP1","CD8_Activated"
1.58879262243389e-41,0.38608739982507,0.264,0.157,3.00679003795613e-37,"4","SOCS3","CD8_Activated"
3.20428548047233e-64,0.385417690959543,0.652,0.418,6.06411027179389e-60,"4","IDI1","CD8_Activated"
6.83487407531158e-65,0.385064331787048,0.482,0.287,1.29349991875272e-60,"4","IKZF3","CD8_Activated"
2.94113653577399e-75,0.381223702000703,0.802,0.544,5.56610089395227e-71,"4","ZFP36L1","CD8_Activated"
3.28366489694733e-62,0.380300899118547,0.66,0.437,6.21433581747283e-58,"4","PKM","CD8_Activated"
1.57380381216323e-48,0.380050864565328,0.341,0.204,2.97842371451891e-44,"4","ARPP19","CD8_Activated"
2.73734863748618e-54,0.379501484820566,0.406,0.246,5.1804322964426e-50,"4","YWHAE","CD8_Activated"
1.47289673352586e-44,0.379477946537118,0.308,0.185,2.78745706819769e-40,"4","TNIP1","CD8_Activated"
3.48675137781066e-41,0.379099931393389,0.267,0.159,6.59867698250668e-37,"4","OGFR","CD8_Activated"
7.14864345815249e-45,0.378673550221524,0.294,0.174,1.35288077445536e-40,"4","TCIRG1","CD8_Activated"
1.16995528316031e-41,0.377530449438613,0.27,0.16,2.21414037338088e-37,"4","BNIP3L","CD8_Activated"
2.47720615789194e-47,0.373435527633147,0.333,0.199,4.6881126538105e-43,"4","CCDC12","CD8_Activated"
4.05946435350993e-70,0.369141474906102,0.99,0.713,7.68253628901755e-66,"4","CREM","CD8_Activated"
1.70035509550715e-41,0.36610560281277,0.261,0.153,3.21792201824729e-37,"4","CUL3","CD8_Activated"
7.44092149868526e-57,0.365228702906328,0.458,0.279,1.40819439362619e-52,"4","B4GALT1","CD8_Activated"
4.76235086099079e-49,0.364636710499162,0.326,0.192,9.01274900442508e-45,"4","SPPL2A","CD8_Activated"
3.73700462601632e-44,0.361816060076343,0.304,0.182,7.07228125473589e-40,"4","SURF2","CD8_Activated"
4.39514121953554e-43,0.361774449350609,0.283,0.167,8.31780475797101e-39,"4","NUTF2","CD8_Activated"
1.17107890077082e-42,0.361684711567799,0.294,0.177,2.21626681970877e-38,"4","STT3B","CD8_Activated"
1.57976988573281e-36,0.358646835699977,0.271,0.167,2.98971450874934e-32,"4","RAB1A","CD8_Activated"
1.08249955320539e-39,0.358591867254013,0.264,0.158,2.0486304044412e-35,"4","RAMMET","CD8_Activated"
8.48433992859914e-39,0.357967684312511,0.284,0.173,1.60566133148739e-34,"4","YIPF5","CD8_Activated"
2.15714163808529e-38,0.357230885581143,0.309,0.193,4.08239055007642e-34,"4","RELA","CD8_Activated"
1.13497833354941e-46,0.357226514726544,0.359,0.218,2.14794649624225e-42,"4","YTHDF2","CD8_Activated"
3.1987512057094e-56,0.357120533969913,0.556,0.354,6.05363665680504e-52,"4","CHD1","CD8_Activated"
7.26968705063351e-42,0.355029919005669,0.317,0.195,1.37578827433239e-37,"4","GATA3","CD8_Activated"
2.55075639831204e-50,0.354712025832564,0.444,0.276,4.82730648380554e-46,"4","ADRM1","CD8_Activated"
4.55440484534627e-43,0.354451115781713,0.302,0.182,8.61921116981782e-39,"4","HECTD1","CD8_Activated"
4.52106991207443e-42,0.352102547315761,0.266,0.156,8.55612480860086e-38,"4","NEDD9","CD8_Activated"
3.3013628382821e-51,0.351589641919388,0.439,0.271,6.24782917144887e-47,"4","CLTA","CD8_Activated"
4.05066396492957e-57,0.351524281219953,0.629,0.408,7.66588155362921e-53,"4","TAP1","CD8_Activated"
1.61898031764928e-58,0.350911529097845,0.665,0.426,3.06392025115126e-54,"4","SDCBP","CD8_Activated"
7.06336903904508e-59,0.349588213295296,0.659,0.428,1.33674259063928e-54,"4","PRKCH","CD8_Activated"
3.14053002443901e-44,0.349040890548869,0.291,0.172,5.94345307125082e-40,"4","PJA2","CD8_Activated"
2.11621223292867e-44,0.348966270897873,0.325,0.196,4.00493165081751e-40,"4","CPNE1","CD8_Activated"
3.66459829392156e-46,0.348137815317706,0.347,0.21,6.93525227124655e-42,"4","ATP6V0D1","CD8_Activated"
7.28150748598505e-56,0.346833824153053,0.614,0.395,1.37802529172267e-51,"4","PGAM1","CD8_Activated"
5.47372963241472e-43,0.346397305718806,0.342,0.212,1.03590333293449e-38,"4","SIAH2","CD8_Activated"
1.83891368396538e-59,0.346198575531462,0.63,0.397,3.48014414690448e-55,"4","CLEC2D","CD8_Activated"
2.0040835227667e-46,0.346186344363298,0.335,0.201,3.79272806683599e-42,"4","TMEM259","CD8_Activated"
1.680044599241e-61,0.344776483366504,0.791,0.542,3.17948440406358e-57,"4","ADGRE5","CD8_Activated"
1.44331134977575e-41,0.343859044145179,0.312,0.19,2.7314667294506e-37,"4","LUC7L2","CD8_Activated"
7.79050498175115e-48,0.343529452294678,0.398,0.245,1.47435306779641e-43,"4","PAFAH1B1","CD8_Activated"
3.94311700148876e-40,0.342808843103233,0.287,0.173,7.46234892531747e-36,"4","EIF4G1","CD8_Activated"
5.42076185221461e-36,0.342094163928678,0.262,0.16,1.02587918053162e-31,"4","CDV3","CD8_Activated"
2.46626955508628e-42,0.341993582123632,0.332,0.203,4.66741513300079e-38,"4","ZMAT2","CD8_Activated"
8.59989612258043e-39,0.341963938646837,0.259,0.154,1.62753034119835e-34,"4","CD2BP2","CD8_Activated"
4.20711539586895e-43,0.341885355767746,0.373,0.235,7.96196588668199e-39,"4","MTHFD2","CD8_Activated"
1.53283829933115e-47,0.339898191684222,0.415,0.257,2.9008964814842e-43,"4","NRBP1","CD8_Activated"
2.23820942420764e-55,0.338824003428672,0.721,0.484,4.23581133531295e-51,"4","PARK7","CD8_Activated"
2.62440104318287e-38,0.338659369973475,0.271,0.164,4.96667897422358e-34,"4","CISD2","CD8_Activated"
1.73593263605435e-52,0.338640019142756,0.723,0.483,3.28525251373286e-48,"4","ARF6","CD8_Activated"
1.62987940291226e-38,0.338318296010195,0.255,0.152,3.08454677001145e-34,"4","PPM1B","CD8_Activated"
2.16721559248817e-35,0.337978499239066,0.25,0.152,4.10145550878387e-31,"4","FYTTD1","CD8_Activated"
5.06019791891036e-55,0.337813406889896,0.595,0.382,9.57642456153786e-51,"4","SURF4","CD8_Activated"
9.17231488370132e-47,0.337131554483482,0.376,0.23,1.73586059174047e-42,"4","SDF4","CD8_Activated"
4.41387134856323e-37,0.336011952963418,0.264,0.16,8.3532515271559e-33,"4","DAZAP1","CD8_Activated"
5.57882636422814e-36,0.3353840220052,0.252,0.152,1.05579288943018e-31,"4","STX5","CD8_Activated"
1.5008049679312e-38,0.332882305295042,0.264,0.158,2.8402734018098e-34,"4","SMARCC1","CD8_Activated"
3.2331885738385e-45,0.332654690428154,0.354,0.216,6.11880937598937e-41,"4","MTPN","CD8_Activated"
1.25734829217351e-46,0.331562929479963,0.445,0.283,2.37953164293837e-42,"4","NDFIP1","CD8_Activated"
7.62829702342428e-53,0.330266689341834,0.752,0.503,1.44365521168305e-48,"4","UBE2B","CD8_Activated"
7.26989313743243e-45,0.329780972157979,0.378,0.235,1.37582727625909e-40,"4","GOLPH3","CD8_Activated"
1.8836877668305e-41,0.329327924139574,0.278,0.166,3.56487909872672e-37,"4","CLTC","CD8_Activated"
2.48535816511293e-38,0.327155595965585,0.304,0.188,4.70354032747622e-34,"4","CASP3","CD8_Activated"
7.8992841269621e-41,0.326978319869122,0.313,0.191,1.49493952102758e-36,"4","STIP1","CD8_Activated"
4.72594217680043e-46,0.32657459191222,0.412,0.256,8.94384556959482e-42,"4","C1orf43","CD8_Activated"
8.90070214685107e-49,0.326534006279578,0.36,0.214,1.68445788129156e-44,"4","TWF2","CD8_Activated"
8.9795715906441e-52,0.326311639526242,0.708,0.487,1.6993839235294e-47,"4","MT2A","CD8_Activated"
5.75048327668015e-43,0.326220353543174,0.323,0.195,1.08827896011172e-38,"4","TMEM165","CD8_Activated"
5.18969847638368e-48,0.325412960465043,0.767,0.525,9.82150436655611e-44,"4","REL","CD8_Activated"
7.38702969557313e-46,0.324883587247366,0.421,0.262,1.39799536988722e-41,"4","EIF4H","CD8_Activated"
3.95709344126269e-40,0.32432008222314,0.28,0.168,7.48879933758965e-36,"4","NRDC","CD8_Activated"
5.02210894401507e-35,0.322348175224189,0.264,0.162,9.50434117654852e-31,"4","FAM32A","CD8_Activated"
3.08615565568141e-41,0.321409120978203,0.317,0.194,5.84054957837706e-37,"4","CNIH1","CD8_Activated"
8.68409762980554e-39,0.320607869265442,0.278,0.168,1.6434654764407e-34,"4","TM9SF3","CD8_Activated"
2.37651036559615e-46,0.320032256035212,0.392,0.24,4.49754586689072e-42,"4","RAB11B","CD8_Activated"
2.26328703285078e-39,0.318342776594902,0.307,0.189,4.2832707096701e-35,"4","BCL11B","CD8_Activated"
2.07404847536765e-47,0.317802477256518,0.49,0.312,3.92513673963327e-43,"4","NAA50","CD8_Activated"
2.59835769864397e-37,0.31776340730445,0.298,0.184,4.9173919446837e-33,"4","PSMD2","CD8_Activated"
2.77258263580493e-40,0.316309100016333,0.985,0.723,5.24711263826084e-36,"4","CD8A","CD8_Activated"
1.18190077233903e-39,0.315982861037583,0.293,0.177,2.23674721165162e-35,"4","H2AFY","CD8_Activated"
5.54770352968255e-34,0.314611306241642,0.264,0.164,1.04990289299242e-29,"4","WDR74","CD8_Activated"
2.31617341130772e-38,0.31401810298867,0.279,0.17,4.38335818089986e-34,"4","TRPC4AP","CD8_Activated"
4.62216080437486e-36,0.313279357316062,0.294,0.182,8.74743932227943e-32,"4","RBM42","CD8_Activated"
1.96165540130031e-47,0.31071235572809,0.618,0.406,3.71243284696084e-43,"4","FNBP1","CD8_Activated"
9.68614902692382e-51,0.308439912406193,0.899,0.647,1.83310370334533e-46,"4","TUBA4A","CD8_Activated"
2.04588741880962e-34,0.308267477497678,0.264,0.162,3.87184194009721e-30,"4","EIF4E2","CD8_Activated"
1.28154187178794e-44,0.307404861738412,0.435,0.273,2.42531799235868e-40,"4","YTHDC1","CD8_Activated"
7.9567564002275e-43,0.306352120628091,0.43,0.273,1.50581614874305e-38,"4","WNK1","CD8_Activated"
2.67028813268021e-47,0.304682045812081,0.463,0.289,5.0535202910973e-43,"4","PRKAR1A","CD8_Activated"
6.70327281427374e-40,0.303147077496834,0.303,0.184,1.26859438010131e-35,"4","RTF2","CD8_Activated"
6.44570791487606e-45,0.302214544554058,0.685,0.464,1.21985022289029e-40,"4","TERF2IP","CD8_Activated"
4.01861274100837e-42,0.300823523969568,0.448,0.287,7.60522461235834e-38,"4","RAB7A","CD8_Activated"
3.71327341043568e-39,0.299466479945702,0.364,0.231,7.02736992924953e-35,"4","TACC1","CD8_Activated"
9.03626444839465e-37,0.299248097729637,0.362,0.231,1.71011304685869e-32,"4","MAPRE1","CD8_Activated"
2.58502053522678e-39,0.299087243375273,0.394,0.251,4.89215136291668e-35,"4","CCT5","CD8_Activated"
1.35015060755494e-33,0.298191418710655,0.261,0.16,2.55516002479773e-29,"4","PDCD7","CD8_Activated"
1.23774421856776e-39,0.29791065104692,0.462,0.302,2.34243093363949e-35,"4","SLC3A2","CD8_Activated"
6.04735820640053e-35,0.297109804725236,0.33,0.211,1.1444625405613e-30,"4","SLIRP","CD8_Activated"
2.86927455928923e-39,0.296553931000378,0.363,0.229,5.43010210345487e-35,"4","RNMT","CD8_Activated"
1.89185543485983e-37,0.294378739503143,0.323,0.201,3.58033641047223e-33,"4","AKIRIN2","CD8_Activated"
1.45832964361855e-44,0.294267073228075,0.412,0.256,2.7598888505481e-40,"4","SEMA4D","CD8_Activated"
3.11044030651956e-33,0.293784213564863,0.262,0.162,5.88650828008827e-29,"4","MVP","CD8_Activated"
1.00990942417505e-38,0.293779949697348,0.876,0.642,1.91125358525128e-34,"4","LDHA","CD8_Activated"
1.62234577232801e-41,0.293030024056232,0.398,0.249,3.07028937413076e-37,"4","SEPT2","CD8_Activated"
2.48143491943776e-42,0.291596033613911,0.608,0.405,4.69611558503596e-38,"4","WDR1","CD8_Activated"
4.50135811931765e-32,0.28841910611846,0.282,0.178,8.51882024080866e-28,"4","IST1","CD8_Activated"
2.39031617955778e-46,0.28513383512374,0.612,0.405,4.5236733698131e-42,"4","ITGA4","CD8_Activated"
1.01938653681516e-33,0.283304845485889,0.271,0.167,1.92918902092269e-29,"4","MAP4","CD8_Activated"
4.37732442148824e-34,0.283056718139634,0.266,0.164,8.2840864676665e-30,"4","BRAF","CD8_Activated"
2.82393423873542e-33,0.282809067950343,0.275,0.172,5.34429554680678e-29,"4","PIK3IP1","CD8_Activated"
1.55924057257376e-44,0.282226632150455,0.528,0.337,2.95086278359584e-40,"4","RAC1","CD8_Activated"
4.03153792625313e-33,0.281924790924452,0.26,0.16,7.62968552543405e-29,"4","SLU7","CD8_Activated"
2.20270244735046e-31,0.27996199494791,0.27,0.17,4.16861438161074e-27,"4","PRKX","CD8_Activated"
1.45280353949506e-27,0.279941286654843,0.255,0.165,2.74943069849441e-23,"4","DHX9","CD8_Activated"
4.35249340655782e-34,0.279904583519466,0.331,0.213,8.23709377191068e-30,"4","MYLIP","CD8_Activated"
1.29060788750538e-32,0.279833115196795,0.291,0.184,2.44247542710393e-28,"4","MRPL47","CD8_Activated"
1.78399934947772e-32,0.279775596524686,0.318,0.204,3.37621876888659e-28,"4","TRABD","CD8_Activated"
6.69388728961932e-38,0.279374088970903,0.368,0.234,1.26681816956046e-33,"4","CYLD","CD8_Activated"
3.25021931441992e-35,0.279038308356452,0.341,0.218,6.15104005253969e-31,"4","PHF20L1","CD8_Activated"
7.87470485511565e-31,0.278224935258166,0.256,0.16,1.49028789383064e-26,"4","FAM50A","CD8_Activated"
2.00722646172553e-29,0.278052588235517,0.26,0.165,3.79867607881556e-25,"4","LRP10","CD8_Activated"
4.91282680218415e-36,0.276844252568265,0.301,0.187,9.2975247231335e-32,"4","PTPRA","CD8_Activated"
3.56848437997532e-35,0.275429468740793,0.408,0.268,6.7533566891033e-31,"4","AP2M1","CD8_Activated"
3.70112534578538e-37,0.27517724696686,0.891,0.643,7.00437971689883e-33,"4","EZR","CD8_Activated"
1.96464640622725e-40,0.275054661585368,0.462,0.297,3.71809332378507e-36,"4","TUFM","CD8_Activated"
1.17094536473658e-35,0.274835089810216,0.361,0.231,2.21601410276398e-31,"4","PPP4R3A","CD8_Activated"
7.80707523612009e-36,0.274096885053553,0.354,0.226,1.47748898843573e-31,"4","TMC6","CD8_Activated"
2.98779075982784e-41,0.272280723219341,0.455,0.29,5.65439401297418e-37,"4","DOCK8","CD8_Activated"
3.20789834543032e-30,0.272171272908948,0.27,0.171,6.07094761872689e-26,"4","CNPPD1","CD8_Activated"
7.6814506551528e-38,0.272141719338316,0.332,0.206,1.45371453648767e-33,"4","PARP1","CD8_Activated"
2.37828058925458e-29,0.270424067360044,0.267,0.17,4.5008960151643e-25,"4","ABCF1","CD8_Activated"
2.666927394748e-36,0.26908267758821,0.32,0.198,5.04716009456058e-32,"4","PSMG2","CD8_Activated"
6.55878284730436e-40,0.268059734692426,0.757,0.522,1.24124965385235e-35,"4","ETS1","CD8_Activated"
8.77874431683758e-34,0.267855669894596,0.381,0.248,1.66137736196151e-29,"4","CMTM6","CD8_Activated"
1.05429149933852e-34,0.267669407708973,0.378,0.244,1.99524666249814e-30,"4","SF3B4","CD8_Activated"
1.86564397087756e-36,0.267140234421197,0.354,0.224,3.53073121488578e-32,"4","AHSA1","CD8_Activated"
1.87246538249257e-34,0.266047580087391,0.674,0.463,3.54364073636719e-30,"4","XRCC6","CD8_Activated"
1.91081089959565e-36,0.265419967717213,0.455,0.302,3.61620962748478e-32,"4","SLA2","CD8_Activated"
1.7767722769476e-30,0.26476179150938,0.272,0.172,3.36254153412333e-26,"4","AP3S1","CD8_Activated"
1.93287085441e-28,0.263977417409806,0.274,0.177,3.65795809197093e-24,"4","CYB5R3","CD8_Activated"
1.10134063653798e-31,0.263363843255985,0.328,0.212,2.08428715464813e-27,"4","PNPLA8","CD8_Activated"
1.93259620884445e-36,0.262864681874593,0.482,0.319,3.65743832523813e-32,"4","RNPS1","CD8_Activated"
1.05054758252051e-29,0.262850486907216,0.287,0.185,1.98816129992006e-25,"4","UHMK1","CD8_Activated"
1.23259340956027e-37,0.2622967355306,0.557,0.375,2.33268302759281e-33,"4","NOP58","CD8_Activated"
2.42256731995214e-31,0.261083150004679,0.274,0.173,4.58470865300943e-27,"4","SHKBP1","CD8_Activated"
1.13049901790175e-32,0.261070241637183,0.274,0.171,2.13946939137907e-28,"4","RNF10","CD8_Activated"
5.53952213765268e-32,0.259946484344494,0.514,0.352,1.04835456455077e-27,"4","APOBEC3G","CD8_Activated"
4.14732469246317e-28,0.259421353802436,0.269,0.173,7.84881198048655e-24,"4","DUSP11","CD8_Activated"
3.05200199814636e-35,0.259327308987009,0.793,0.571,5.77591378149198e-31,"4","STK17B","CD8_Activated"
1.95794979318457e-34,0.258147256645394,0.38,0.245,3.7054199836018e-30,"4","RAB2A","CD8_Activated"
8.72271248349536e-37,0.257714570672862,0.442,0.286,1.6507733375015e-32,"4","HNRNPR","CD8_Activated"
1.17137924208794e-38,0.257654577810585,0.665,0.449,2.21683521565143e-34,"4","PTPN22","CD8_Activated"
3.20184659103664e-29,0.257537873414263,0.352,0.236,6.05949467353684e-25,"4","SELPLG","CD8_Activated"
6.53487807505788e-40,0.256980228752576,0.63,0.43,1.2367256757047e-35,"4","HSPH1","CD8_Activated"
6.35228040019739e-30,0.25571419273108,0.281,0.18,1.20216906573736e-25,"4","SACM1L","CD8_Activated"
3.42472319356039e-30,0.255168474315664,0.272,0.173,6.48128864381305e-26,"4","ZFR","CD8_Activated"
2.11192819320625e-28,0.254148434008501,0.274,0.177,3.99682410564283e-24,"4","SYNCRIP","CD8_Activated"
1.33863757724362e-37,0.251382540678065,0.484,0.319,2.53337161493355e-33,"4","CACYBP","CD8_Activated"
8.91128301995721e-33,0.251346320000065,0.804,0.589,1.6864603115269e-28,"4","SOD1","CD8_Activated"
1.53471677663263e-31,0.250025781949392,0.341,0.221,2.90445149977725e-27,"4","MAF1","CD8_Activated"
0,2.90618426992376,0.323,0.066,0,"5","TNF","CD8_Immediate_Early_Stress"
0,2.88520124088141,0.353,0.078,0,"5","EGR1","CD8_Immediate_Early_Stress"
4.75341344816811e-276,2.36322543632998,0.258,0.077,8.99583495065815e-272,"5","ATF3","CD8_Immediate_Early_Stress"
0,2.18317650959336,0.697,0.24,0,"5","HSPA1B","CD8_Immediate_Early_Stress"
0,2.09851758632005,0.447,0.161,0,"5","NR4A1","CD8_Immediate_Early_Stress"
0,2.07147196278853,0.702,0.264,0,"5","FOSB","CD8_Immediate_Early_Stress"
0,1.78899607243762,0.694,0.301,0,"5","PPP1R15A","CD8_Immediate_Early_Stress"
0,1.69582477217545,0.64,0.298,0,"5","HSPA1A","CD8_Immediate_Early_Stress"
1.01028315077833e-279,1.62592840567706,0.437,0.197,1.91196086284799e-275,"5","NEU1","CD8_Immediate_Early_Stress"
0,1.56058611559983,0.83,0.46,0,"5","FOS","CD8_Immediate_Early_Stress"
6.41790176957302e-161,1.55762866177746,0.293,0.13,1.21458790989169e-156,"5","RASGEF1B","CD8_Immediate_Early_Stress"
0,1.52860167172388,0.77,0.445,0,"5","JUN","CD8_Immediate_Early_Stress"
2.04365570911052e-198,1.52653852159209,0.354,0.159,3.86761842949165e-194,"5","IL7R","CD8_Immediate_Early_Stress"
1.22780718802396e-188,1.52257804313219,0.438,0.248,2.32362510333534e-184,"5","CCL4L2","CD8_Immediate_Early_Stress"
6.20277779559419e-124,1.48505088713263,0.27,0.129,1.1738756978162e-119,"5","ZFAND2A","CD8_Immediate_Early_Stress"
1.43058413870466e-219,1.48425906666907,0.432,0.218,2.70738048249856e-215,"5","IFNG","CD8_Immediate_Early_Stress"
1.16198696820416e-263,1.34365106795779,0.528,0.289,2.19906033732637e-259,"5","CITED2","CD8_Immediate_Early_Stress"
2.57512021458914e-93,1.33925330999963,0.261,0.139,4.87341500610995e-89,"5","IER5","CD8_Immediate_Early_Stress"
3.52542101505178e-128,1.21785656683854,0.375,0.218,6.6718592709855e-124,"5","SNHG12","CD8_Immediate_Early_Stress"
8.14932718202427e-238,1.21384449956186,0.492,0.238,1.54226016919809e-233,"5","TXNIP","CD8_Immediate_Early_Stress"
1.9653275025159e-187,1.18234087671476,0.506,0.306,3.71938229851135e-183,"5","KLF2","CD8_Immediate_Early_Stress"
0,1.17088148962316,0.779,0.513,0,"5","KLF6","CD8_Immediate_Early_Stress"
0,1.15001253936115,0.868,0.628,0,"5","DUSP1","CD8_Immediate_Early_Stress"
8.5247799364547e-308,1.11864221057872,0.658,0.409,1.61331460297405e-303,"5","TAGAP","CD8_Immediate_Early_Stress"
3.15888571860766e-177,1.10927954228193,0.54,0.362,5.978191222465e-173,"5","NFKBIA","CD8_Immediate_Early_Stress"
1.34204974806251e-57,1.08401230904891,0.253,0.156,2.53982914820829e-53,"5","TNFSF9","CD8_Immediate_Early_Stress"
5.69397324340574e-55,1.00673263739868,0.251,0.155,1.07758443631454e-50,"5","MRPL18","CD8_Immediate_Early_Stress"
1.83713234736979e-60,0.981873888659224,0.287,0.182,3.47677296739732e-56,"5","ATF4","CD8_Immediate_Early_Stress"
4.48269426157122e-179,0.980821689442652,0.597,0.438,8.48349889002354e-175,"5","GADD45B","CD8_Immediate_Early_Stress"
1.24169190008909e-95,0.971169233487682,0.432,0.302,2.3499019209186e-91,"5","SERTAD1","CD8_Immediate_Early_Stress"
9.24089918326448e-52,0.96916655223171,0.286,0.192,1.7488401704328e-47,"5","PNP","CD8_Immediate_Early_Stress"
4.63699870659527e-147,0.966542069110724,0.484,0.295,8.77552005223154e-143,"5","LCP2","CD8_Immediate_Early_Stress"
0,0.961940362703693,0.851,0.705,0,"5","DNAJB1","CD8_Immediate_Early_Stress"
8.40275677276284e-65,0.933773438083094,0.323,0.214,1.59022171924537e-60,"5","MYLIP","CD8_Immediate_Early_Stress"
1.44411591454414e-48,0.904038637202795,0.301,0.212,2.73298936827478e-44,"5","NFKBIZ","CD8_Immediate_Early_Stress"
4.21194220743461e-44,0.87782505144377,0.316,0.236,7.97110062757001e-40,"5","H2AFX","CD8_Immediate_Early_Stress"
0,0.858263696390275,0.797,0.638,0,"5","CD69","CD8_Immediate_Early_Stress"
2.18095732351767e-192,0.848148230358214,0.638,0.468,4.12746173475719e-188,"5","RSRP1","CD8_Immediate_Early_Stress"
1.25267386761699e-160,0.847458306008081,0.584,0.421,2.37068529446516e-156,"5","EIF4A2","CD8_Immediate_Early_Stress"
5.19909745610788e-116,0.845405762309764,0.553,0.435,9.83929193568417e-112,"5","UBE2S","CD8_Immediate_Early_Stress"
3.01223242335731e-245,0.834663720474648,0.722,0.551,5.70064986120371e-241,"5","ZFP36L1","CD8_Immediate_Early_Stress"
9.69445173542013e-58,0.830836036645804,0.378,0.277,1.83467499092826e-53,"5","LTB","CD8_Immediate_Early_Stress"
0,0.828678362349979,0.792,0.652,0,"5","DNAJA1","CD8_Immediate_Early_Stress"
3.11397142338957e-106,0.812204314668111,0.548,0.437,5.89319091876476e-102,"5","HSPH1","CD8_Immediate_Early_Stress"
2.57745235466103e-107,0.801054050903989,0.577,0.485,4.87782858119599e-103,"5","TUBB4B","CD8_Immediate_Early_Stress"
5.85597379362423e-35,0.781312636491731,0.259,0.182,1.10824304044339e-30,"5","TNFAIP8","CD8_Immediate_Early_Stress"
8.10956754431573e-89,0.772404922706988,0.494,0.371,1.53473565776175e-84,"5","NEAT1","CD8_Immediate_Early_Stress"
1.24269105578149e-36,0.771140429461843,0.268,0.187,2.35179282306647e-32,"5","CDC42EP3","CD8_Immediate_Early_Stress"
1.4785457373395e-57,0.754725362875995,0.376,0.27,2.798147807915e-53,"5","KLRG1","CD8_Immediate_Early_Stress"
8.07792636521585e-40,0.747278300347975,0.341,0.265,1.5287475646171e-35,"5","CSRNP1","CD8_Immediate_Early_Stress"
1.86555431512627e-174,0.735627647968787,0.686,0.559,3.53056154137647e-170,"5","IER2","CD8_Immediate_Early_Stress"
4.62408635753438e-35,0.729212266790626,0.285,0.205,8.75108343163381e-31,"5","THEMIS","CD8_Immediate_Early_Stress"
1.17466201056919e-63,0.707875640086773,0.439,0.332,2.22304785500219e-59,"5","KIAA1551","CD8_Immediate_Early_Stress"
2.5895775275185e-150,0.707859772699678,0.668,0.554,4.90077547082876e-146,"5","TSC22D3","CD8_Immediate_Early_Stress"
3.88525158883739e-53,0.696811110233178,0.415,0.321,7.35283863187475e-49,"5","SNHG8","CD8_Immediate_Early_Stress"
5.14218542050596e-42,0.684028029264636,0.324,0.23,9.73158590830754e-38,"5","DENND2D","CD8_Immediate_Early_Stress"
4.146053904805e-65,0.676469545287304,0.502,0.413,7.84640701484346e-61,"5","TUBA1A","CD8_Immediate_Early_Stress"
2.64999053947094e-46,0.676210863578872,0.407,0.325,5.01510709594876e-42,"5","SLC38A2","CD8_Immediate_Early_Stress"
2.01223130961758e-49,0.674189759423184,0.407,0.313,3.80814775345126e-45,"5","CLK1","CD8_Immediate_Early_Stress"
2.93586638467137e-33,0.671633592357513,0.354,0.285,5.55612713299056e-29,"5","HSPB1","CD8_Immediate_Early_Stress"
3.77572649763073e-25,0.655775945096256,0.269,0.203,7.14556239676616e-21,"5","ICOS","CD8_Immediate_Early_Stress"
6.46398862757069e-20,0.649882232275062,0.276,0.224,1.22330984776775e-15,"5","ANKRD37","CD8_Immediate_Early_Stress"
8.2012896819376e-35,0.645575521718413,0.402,0.342,1.55209407230669e-30,"5","SOCS1","CD8_Immediate_Early_Stress"
8.90745065888897e-67,0.640640409611718,0.496,0.396,1.68573503719474e-62,"5","CCNL1","CD8_Immediate_Early_Stress"
7.50439895769445e-103,0.63186995996848,0.62,0.534,1.42020750274368e-98,"5","BTG2","CD8_Immediate_Early_Stress"
3.87916964417567e-151,0.631218668328307,0.741,0.735,7.34132855160246e-147,"5","CCL4","CD8_Immediate_Early_Stress"
5.23987936256857e-28,0.619470874964964,0.279,0.204,9.91647169366102e-24,"5","RCSD1","CD8_Immediate_Early_Stress"
8.15819669310675e-61,0.614106920467835,0.497,0.407,1.54393872417045e-56,"5","ZFAS1","CD8_Immediate_Early_Stress"
2.66391870495487e-29,0.613050484380571,0.296,0.22,5.0414661491271e-25,"5","SAMD3","CD8_Immediate_Early_Stress"
2.2966542271793e-18,0.611435238288635,0.254,0.202,4.34641812493682e-14,"5","NKTR","CD8_Immediate_Early_Stress"
5.82255218860885e-26,0.595195046736344,0.379,0.33,1.10191800169423e-21,"5","ODC1","CD8_Immediate_Early_Stress"
3.02062745482122e-49,0.593017301601924,0.449,0.361,5.71653745824916e-45,"5","ARGLU1","CD8_Immediate_Early_Stress"
4.57986299865732e-22,0.591824233251731,0.291,0.233,8.66739072495898e-18,"5","SCML4","CD8_Immediate_Early_Stress"
2.08124029029263e-24,0.591818484508619,0.327,0.269,3.9387472493788e-20,"5","RSRC2","CD8_Immediate_Early_Stress"
3.79037324064581e-20,0.588208625484724,0.292,0.239,7.17328135792219e-16,"5","CHORDC1","CD8_Immediate_Early_Stress"
3.75296542696089e-23,0.575215538358496,0.3,0.237,7.10248707052348e-19,"5","GPR174","CD8_Immediate_Early_Stress"
3.18394510787579e-21,0.568922559225908,0.302,0.246,6.02561611665492e-17,"5","RBMS1","CD8_Immediate_Early_Stress"
4.17554319183065e-12,0.567430854104074,0.274,0.24,7.90221549053951e-08,"5","MARCKSL1","CD8_Immediate_Early_Stress"
8.81180163923462e-29,0.564016850209618,0.333,0.256,1.66763346022515e-24,"5","TRAF3IP3","CD8_Immediate_Early_Stress"
2.54034266534423e-61,0.561298454563129,0.54,0.438,4.80759849416395e-57,"5","MYADM","CD8_Immediate_Early_Stress"
4.51071995464998e-37,0.557471210559826,0.429,0.358,8.5365375141751e-33,"5","ZC3HAV1","CD8_Immediate_Early_Stress"
3.29237896504173e-57,0.55330067058897,0.54,0.471,6.23082719134147e-53,"5","TUBA1B","CD8_Immediate_Early_Stress"
1.05535053304976e-263,0.550523011798613,0.866,0.815,1.99725088379667e-259,"5","HSP90AB1","CD8_Immediate_Early_Stress"
1.46452508352677e-14,0.548972616099974,0.266,0.223,2.77161372057441e-10,"5","HNRNPH1","CD8_Immediate_Early_Stress"
1.25265361973973e-14,0.541422969521835,0.271,0.229,2.37064697535743e-10,"5","INPP4B","CD8_Immediate_Early_Stress"
3.67534062616529e-22,0.508479927037154,0.322,0.257,6.95558213501782e-18,"5","TUBB","CD8_Immediate_Early_Stress"
2.86411833491855e-282,0.504400208579103,0.914,0.897,5.42034394883335e-278,"5","HSP90AA1","CD8_Immediate_Early_Stress"
7.32795056324926e-19,0.502244241691458,0.368,0.328,1.38681464409492e-14,"5","CACYBP","CD8_Immediate_Early_Stress"
3.74895507552696e-14,0.498767639241612,0.318,0.283,7.09489748043476e-10,"5","TCP1","CD8_Immediate_Early_Stress"
1.48389169532121e-21,0.494703818445136,0.407,0.37,2.8082650333954e-17,"5","RGS2","CD8_Immediate_Early_Stress"
8.43775409674214e-40,0.492495579915887,0.505,0.454,1.59684496280845e-35,"5","ID2","CD8_Immediate_Early_Stress"
1.08506489886741e-22,0.489877634555871,0.395,0.352,2.05348532110658e-18,"5","TRA2B","CD8_Immediate_Early_Stress"
3.17051979541226e-08,0.484389845919414,0.251,0.227,0.000600020871281771,"5","GLUD1","CD8_Immediate_Early_Stress"
2.69817710674758e-35,0.483312740456071,0.491,0.446,5.1063001745198e-31,"5","DDX3X","CD8_Immediate_Early_Stress"
4.4896996567146e-145,0.472951432694783,0.806,0.751,8.49675660033239e-141,"5","JUNB","CD8_Immediate_Early_Stress"
1.79105107297399e-51,0.472353849071212,0.545,0.469,3.38956415560328e-47,"5","CD48","CD8_Immediate_Early_Stress"
1.007236410177e-09,0.466224610475825,0.262,0.231,1.90619490625997e-05,"5","AHSA1","CD8_Immediate_Early_Stress"
1.82111271953853e-13,0.462656267749411,0.313,0.277,3.44645582172667e-09,"5","ARHGAP15","CD8_Immediate_Early_Stress"
2.26004772846838e-06,0.461967431622331,0.256,0.241,0.0427714032612641,"5","CKS2","CD8_Immediate_Early_Stress"
4.77844761141166e-10,0.461297424715414,0.28,0.25,9.04321210459656e-06,"5","GLS","CD8_Immediate_Early_Stress"
3.24242869502743e-13,0.453983106466501,0.332,0.3,6.13629630533941e-09,"5","IVNS1ABP","CD8_Immediate_Early_Stress"
2.00748734538418e-14,0.450993883141151,0.33,0.29,3.79916980113956e-10,"5","TAF1D","CD8_Immediate_Early_Stress"
1.3008597598298e-08,0.447802385570332,0.264,0.237,0.000246187709547789,"5","TAF7","CD8_Immediate_Early_Stress"
1.79030140414023e-23,0.447354980808558,0.424,0.378,3.38814540733538e-19,"5","CELF2","CD8_Immediate_Early_Stress"
8.27852583400874e-14,0.447059178028386,0.31,0.27,1.56671101408615e-09,"5","SYNRG","CD8_Immediate_Early_Stress"
4.71183356820236e-10,0.443488318755206,0.261,0.224,8.91714502782297e-06,"5","LUC7L3","CD8_Immediate_Early_Stress"
1.07440600918624e-16,0.441545363136707,0.311,0.255,2.03331337238495e-12,"5","LINC00861","CD8_Immediate_Early_Stress"
3.69292389744925e-75,0.439622598710445,0.672,0.629,6.98885847592271e-71,"5","FUS","CD8_Immediate_Early_Stress"
4.45246846111037e-09,0.439153409884371,0.262,0.232,8.42629656265137e-05,"5","RSF1","CD8_Immediate_Early_Stress"
1.39402178150965e-08,0.434326633548718,0.302,0.284,0.000263818622150701,"5","PPP1R10","CD8_Immediate_Early_Stress"
3.14401651896611e-09,0.433786107616766,0.252,0.219,5.95005126214336e-05,"5","ZBTB38","CD8_Immediate_Early_Stress"
1.11312498935908e-09,0.433244584790889,0.263,0.23,2.10658904236205e-05,"5","PNN","CD8_Immediate_Early_Stress"
1.74673633527718e-09,0.42750624489669,0.33,0.313,3.30569851451206e-05,"5","IFRD1","CD8_Immediate_Early_Stress"
5.98574776562612e-13,0.424912539891914,0.261,0.214,1.13280276464474e-08,"5","PLEK","CD8_Immediate_Early_Stress"
1.72397785638748e-08,0.421177001214174,0.292,0.268,0.000326262809321331,"5","MACF1","CD8_Immediate_Early_Stress"
6.24451918128036e-12,0.417102637148295,0.297,0.257,1.18177525505731e-07,"5","PYHIN1","CD8_Immediate_Early_Stress"
1.0287155797589e-195,0.41628270170217,0.878,0.829,1.94684423469372e-191,"5","MT-ND2","CD8_Immediate_Early_Stress"
1.36158195788316e-52,0.410164628519421,0.635,0.61,2.57679385529388e-48,"5","BRD2","CD8_Immediate_Early_Stress"
2.1380346359629e-08,0.408705296349033,0.286,0.262,0.000404623054855979,"5","FAM107B","CD8_Immediate_Early_Stress"
5.11402200495266e-57,0.394335979435483,0.632,0.562,9.67828664437292e-53,"5","EVL","CD8_Immediate_Early_Stress"
4.15749088605591e-20,0.39420942687211,0.441,0.413,7.86805150186081e-16,"5","DDX17","CD8_Immediate_Early_Stress"
9.66455223003037e-09,0.383098302848209,0.386,0.389,0.000182901650953325,"5","EIF4A3","CD8_Immediate_Early_Stress"
5.39136565691565e-38,0.382718798300077,0.583,0.566,1.02031595057129e-33,"5","DYNLL1","CD8_Immediate_Early_Stress"
1.26737860253591e-09,0.381509027822043,0.327,0.302,2.39851400529921e-05,"5","ANKRD44","CD8_Immediate_Early_Stress"
1.42434015612486e-11,0.376543481662067,0.331,0.297,2.69556374546631e-07,"5","CSK","CD8_Immediate_Early_Stress"
6.19100646520716e-10,0.375053182164696,0.277,0.238,1.17164797354046e-05,"5","ARPC5L","CD8_Immediate_Early_Stress"
1.4355308860947e-34,0.368434576329537,0.557,0.514,2.71674220193422e-30,"5","STK17A","CD8_Immediate_Early_Stress"
1.33844824475363e-171,0.365852165361886,0.873,0.879,2.53301330319625e-167,"5","UBB","CD8_Immediate_Early_Stress"
1.32570023954976e-16,0.361745884934049,0.444,0.418,2.50888770334791e-12,"5","ACAP1","CD8_Immediate_Early_Stress"
3.90188355531536e-14,0.355767131016061,0.385,0.347,7.38431462843431e-10,"5","LAT","CD8_Immediate_Early_Stress"
2.16572607808902e-10,0.351833442576368,0.385,0.367,4.09863660278348e-06,"5","PTGER4","CD8_Immediate_Early_Stress"
1.24610381686346e-07,0.341773020250073,0.394,0.404,0.00235825147341409,"5","JUND","CD8_Immediate_Early_Stress"
1.18152409446273e-19,0.341316332258024,0.557,0.534,2.23603434877072e-15,"5","ANXA1","CD8_Immediate_Early_Stress"
1.17225965690964e-07,0.341292142190441,0.312,0.291,0.0022185014007015,"5","FGFR1OP2","CD8_Immediate_Early_Stress"
1.32399352719567e-103,0.336412679829066,0.8,0.784,2.5056577502178e-99,"5","NR4A2","CD8_Immediate_Early_Stress"
3.63646425082571e-211,0.336052764492931,0.945,0.95,6.88200859468765e-207,"5","HSPA8","CD8_Immediate_Early_Stress"
6.92222569990185e-181,0.331564669414599,0.894,0.855,1.31003121370642e-176,"5","DDX5","CD8_Immediate_Early_Stress"
1.22940709371688e-113,0.329919646596237,0.831,0.795,2.3266529248592e-109,"5","PNRC1","CD8_Immediate_Early_Stress"
2.53644690992203e-15,0.326733721880141,0.503,0.478,4.80022577702743e-11,"5","RGCC","CD8_Immediate_Early_Stress"
3.03179319908118e-07,0.324261829618345,0.333,0.316,0.00573766862926113,"5","PNISR","CD8_Immediate_Early_Stress"
3.25807791756132e-09,0.321275684988011,0.343,0.314,6.1659124589848e-05,"5","CCND3","CD8_Immediate_Early_Stress"
3.88169843716211e-08,0.314443160741188,0.362,0.343,0.000734611429232929,"5","RBM25","CD8_Immediate_Early_Stress"
3.7829998853952e-193,0.311614746204818,0.933,0.913,7.15932728311041e-189,"5","MT-ATP8","CD8_Immediate_Early_Stress"
1.81216689247619e-109,0.307746238701254,0.85,0.825,3.42952584401119e-105,"5","MT-ND4","CD8_Immediate_Early_Stress"
2.12289262247606e-10,0.307212582989959,0.415,0.394,4.01757428803594e-06,"5","AHNAK","CD8_Immediate_Early_Stress"
3.07451197400272e-07,0.298698721152391,0.378,0.371,0.00581851391080015,"5","ARHGEF1","CD8_Immediate_Early_Stress"
4.6204002532757e-19,0.295439764541562,0.558,0.543,8.74410747932427e-15,"5","SAT1","CD8_Immediate_Early_Stress"
7.3385239502561e-12,0.275992502371078,0.464,0.456,1.38881565758597e-07,"5","ANKRD12","CD8_Immediate_Early_Stress"
0,0.273014069799031,1,0.999,0,"5","MALAT1","CD8_Immediate_Early_Stress"
7.65062486946754e-24,0.264523456369227,0.588,0.577,1.44788075654673e-19,"5","HNRNPDL","CD8_Immediate_Early_Stress"
1.00029039381954e-125,0.25893494682377,0.91,0.898,1.89304957030349e-121,"5","MT-ND5","CD8_Immediate_Early_Stress"
3.42582985241473e-77,0.256023888215149,0.801,0.798,6.48338299569488e-73,"5","HNRNPA2B1","CD8_Immediate_Early_Stress"
4.89039782504682e-20,0.25460200752012,0.575,0.581,9.25507788390111e-16,"5","RBM39","CD8_Immediate_Early_Stress"
1.18197967693193e-18,0.251625424168332,0.571,0.565,2.23689653859367e-14,"5","MBNL1","CD8_Immediate_Early_Stress"
1.10374472699962e-209,1.35485740590578,0.398,0.174,2.08883689584679e-205,"6","P2RY8","CD8_Memory_P2RY8"
1.21089662077321e-123,1.26225433045304,0.278,0.125,2.2916218548133e-119,"6","SUCO","CD8_Memory_P2RY8"
3.90696854016035e-139,1.18016963820481,0.355,0.173,7.39393796225346e-135,"6","GOLGB1","CD8_Memory_P2RY8"
3.05304551230409e-111,1.16068662872245,0.28,0.13,5.77788863203549e-107,"6","SEL1L","CD8_Memory_P2RY8"
2.41922009744644e-136,1.1499298936278,0.345,0.166,4.57837403441739e-132,"6","AUTS2","CD8_Memory_P2RY8"
1.43581825842806e-177,1.14750269966797,0.432,0.21,2.7172860540751e-173,"6","GPCPD1","CD8_Memory_P2RY8"
7.04444483791508e-101,1.12247640767691,0.28,0.137,1.33316118557543e-96,"6","TGFBR3","CD8_Memory_P2RY8"
1.09471490969424e-157,1.1094728054996,0.414,0.207,2.07174796659634e-153,"6","CAMK4","CD8_Memory_P2RY8"
8.3915707805468e-90,1.10782933403722,0.25,0.121,1.58810477021848e-85,"6","CYP51A1","CD8_Memory_P2RY8"
4.92263272362429e-100,1.10018342710969,0.282,0.138,9.31608242945897e-96,"6","CYP20A1","CD8_Memory_P2RY8"
2.91443887330785e-232,1.09989307586917,0.546,0.274,5.51557556773511e-228,"6","B4GALT1","CD8_Memory_P2RY8"
1.36407321867808e-98,1.09878529145543,0.26,0.122,2.58150856634826e-94,"6","SPAG9","CD8_Memory_P2RY8"
4.20186021381992e-174,1.09609127170312,0.45,0.224,7.9520204546542e-170,"6","VPS13C","CD8_Memory_P2RY8"
8.96319020198137e-98,1.09514245261518,0.256,0.119,1.69628374572497e-93,"6","KAT6A","CD8_Memory_P2RY8"
7.11819163756202e-139,1.09058356668153,0.374,0.186,1.34711776740861e-134,"6","DOCK10","CD8_Memory_P2RY8"
1.12215655550316e-154,1.07651349093498,0.428,0.221,2.12368128128972e-150,"6","LBR","CD8_Memory_P2RY8"
2.38896409118282e-194,1.07351301463047,0.488,0.237,4.52111454256348e-190,"6","DDX3Y","CD8_Memory_P2RY8"
4.60121053308467e-115,1.07059239383654,0.333,0.167,8.70779093386275e-111,"6","CCDC47","CD8_Memory_P2RY8"
4.44115018447941e-106,1.06568926682608,0.292,0.14,8.40487672412728e-102,"6","HUWE1","CD8_Memory_P2RY8"
3.54689381215016e-90,1.06021368587594,0.278,0.141,6.71249653949419e-86,"6","SYTL2","CD8_Memory_P2RY8"
2.66251968858569e-177,1.05955165628805,0.498,0.268,5.03881851064842e-173,"6","SYNE2","CD8_Memory_P2RY8"
1.53835009690684e-103,1.0587808355579,0.316,0.162,2.9113275583962e-99,"6","CEP350","CD8_Memory_P2RY8"
9.86292772020265e-95,1.05861819661507,0.278,0.137,1.86655907104835e-90,"6","ADAM10","CD8_Memory_P2RY8"
1.28940290474489e-124,1.05203954909664,0.365,0.187,2.4401949972297e-120,"6","FBXO34","CD8_Memory_P2RY8"
5.00010048789272e-84,1.05001180783544,0.253,0.126,9.46269017333697e-80,"6","DENND4A","CD8_Memory_P2RY8"
1.61356531356472e-273,1.0488081568733,0.671,0.377,3.05367235592124e-269,"6","STAT4","CD8_Memory_P2RY8"
2.1663177868623e-96,1.04879088302584,0.311,0.161,4.0997564116369e-92,"6","BRAF","CD8_Memory_P2RY8"
5.69289474447271e-141,1.04458167060086,0.405,0.21,1.07738033039146e-136,"6","PDE4D","CD8_Memory_P2RY8"
5.49232315219805e-170,1.04106151104096,0.482,0.255,1.03942215655348e-165,"6","MACF1","CD8_Memory_P2RY8"
1.1207833189828e-197,1.02902267298249,0.55,0.3,2.12108243117494e-193,"6","CANX","CD8_Memory_P2RY8"
2.91025937876041e-309,1.0260416744871,0.72,0.407,5.50766587430407e-305,"6","PDE4B","CD8_Memory_P2RY8"
2.04770819410002e-78,1.02139090643785,0.288,0.159,3.87528775733429e-74,"6","ATP2B1","CD8_Memory_P2RY8"
3.490850486383e-112,1.02125630814135,0.332,0.165,6.60643454547984e-108,"6","TM9SF3","CD8_Memory_P2RY8"
2.20377885275434e-150,1.01735597658763,0.432,0.222,4.17065147883758e-146,"6","RFTN1","CD8_Memory_P2RY8"
1.29370922594687e-111,1.01322914626653,0.345,0.176,2.44834471010445e-107,"6","SACM1L","CD8_Memory_P2RY8"
6.65719333654969e-110,1.01255565016589,0.355,0.188,1.25987383894203e-105,"6","CD28","CD8_Memory_P2RY8"
6.8190899441511e-93,1.00878584328221,0.276,0.135,1.2905127719306e-88,"6","MAP3K2","CD8_Memory_P2RY8"
5.41477890060368e-86,1.00595844979258,0.27,0.136,1.02474690693925e-81,"6","ETV3","CD8_Memory_P2RY8"
6.46051884949251e-94,1.0007352833679,0.297,0.151,1.22265319226646e-89,"6","GFPT1","CD8_Memory_P2RY8"
4.282917880241e-202,0.998687640142663,0.581,0.321,8.10542208835608e-198,"6","RALGAPA1","CD8_Memory_P2RY8"
3.92057841772602e-103,0.993082949070212,0.341,0.181,7.41969465554649e-99,"6","COPA","CD8_Memory_P2RY8"
1.04558267091909e-110,0.988724524034687,0.351,0.181,1.97876520471437e-106,"6","BIRC6","CD8_Memory_P2RY8"
3.5948921459886e-93,0.987328962772073,0.309,0.162,6.80333338628343e-89,"6","DHX9","CD8_Memory_P2RY8"
3.9123340161773e-95,0.984793585914609,0.319,0.168,7.40409212561553e-91,"6","SLC20A1","CD8_Memory_P2RY8"
2.82763968548014e-142,0.983272312251773,0.454,0.246,5.35130810477117e-138,"6","LNPEP","CD8_Memory_P2RY8"
6.86682449202259e-69,0.976737671112563,0.278,0.157,1.29954653511527e-64,"6","AHI1","CD8_Memory_P2RY8"
2.4922558853286e-140,0.97485977236779,0.447,0.242,4.71659426298437e-136,"6","GPRIN3","CD8_Memory_P2RY8"
1.18892300018489e-205,0.967432800009114,0.608,0.351,2.25003677784991e-201,"6","PTGER4","CD8_Memory_P2RY8"
6.37719150155854e-166,0.967391845011945,0.507,0.273,1.20688349166995e-161,"6","PBXIP1","CD8_Memory_P2RY8"
3.9681637527939e-93,0.963990693137517,0.333,0.181,7.50974990216246e-89,"6","HECTD1","CD8_Memory_P2RY8"
1.52136015389704e-77,0.958654448759969,0.274,0.146,2.87917409125015e-73,"6","SETX","CD8_Memory_P2RY8"
1.4666790454562e-290,0.953576042294457,0.748,0.445,2.77569009352585e-286,"6","PTPN22","CD8_Memory_P2RY8"
3.70887273069797e-107,0.951570979576215,0.364,0.194,7.01904164284592e-103,"6","RNF168","CD8_Memory_P2RY8"
5.6206127572373e-75,0.950176487753097,0.275,0.148,1.06370096430716e-70,"6","FAM118A","CD8_Memory_P2RY8"
9.85821148936492e-245,0.950113598371534,0.693,0.415,1.86566652436231e-240,"6","RNF19A","CD8_Memory_P2RY8"
1.50444395874662e-80,0.948875783361417,0.283,0.15,2.84716019192799e-76,"6","KMT2C","CD8_Memory_P2RY8"
1.2163268998806e-105,0.948814951496339,0.379,0.209,2.30189865802403e-101,"6","JMJD1C","CD8_Memory_P2RY8"
7.8738431705436e-77,0.947944716308266,0.283,0.152,1.49012482002538e-72,"6","TUT4","CD8_Memory_P2RY8"
2.11923801305383e-245,0.947234724165924,0.68,0.395,4.01065793970438e-241,"6","RANBP2","CD8_Memory_P2RY8"
3.65831206549845e-124,0.946683344150672,0.435,0.244,6.92335558395581e-120,"6","SERPINB9","CD8_Memory_P2RY8"
3.14558498128652e-111,0.945234303447856,0.39,0.214,5.95301957708474e-107,"6","NIPBL","CD8_Memory_P2RY8"
4.37363770269633e-70,0.943128822068129,0.254,0.135,8.2771093523528e-66,"6","ITCH","CD8_Memory_P2RY8"
6.18818814989354e-83,0.941065355967587,0.3,0.161,1.17111460736735e-78,"6","PRKDC","CD8_Memory_P2RY8"
6.82127353175409e-90,0.940459649526734,0.29,0.147,1.29092601588446e-85,"6","MSL2","CD8_Memory_P2RY8"
8.32402359333756e-189,0.932852656339593,0.58,0.326,1.57532146503913e-184,"6","CDK17","CD8_Memory_P2RY8"
1.65871477172652e-103,0.926431572649501,0.355,0.19,3.13911770549244e-99,"6","GGA2","CD8_Memory_P2RY8"
6.39926712854644e-74,0.925173853837663,0.287,0.157,1.21106130407741e-69,"6","BORCS5","CD8_Memory_P2RY8"
1.00224538205662e-69,0.920410230352236,0.279,0.155,1.89674938554216e-65,"6","ASH1L","CD8_Memory_P2RY8"
5.67476289536669e-73,0.919269201849682,0.266,0.141,1.07394887794815e-68,"6","USP47","CD8_Memory_P2RY8"
2.30110083961986e-86,0.917550684234863,0.338,0.191,4.35483333898058e-82,"6","ASXL2","CD8_Memory_P2RY8"
8.38835551774502e-95,0.914347293162279,0.364,0.205,1.58749628173324e-90,"6","GOLGA4","CD8_Memory_P2RY8"
1.29388218340289e-67,0.914098151999546,0.265,0.145,2.44867203208997e-63,"6","MARCH6","CD8_Memory_P2RY8"
1.92111294219581e-147,0.913625959216419,0.491,0.273,3.63570624310558e-143,"6","PPP1R16B","CD8_Memory_P2RY8"
0,0.913225232994463,0.812,0.502,0,"6","CEMIP2","CD8_Memory_P2RY8"
3.13377401242869e-183,0.912140885634611,0.577,0.328,5.9306673185213e-179,"6","SMARCA5","CD8_Memory_P2RY8"
4.91730099726942e-144,0.911944554415735,0.495,0.281,9.30599213733237e-140,"6","UTRN","CD8_Memory_P2RY8"
1.68441268507166e-78,0.911155860328222,0.326,0.188,3.18775100649812e-74,"6","BHLHE40","CD8_Memory_P2RY8"
5.04162433219984e-96,0.910871132738748,0.364,0.201,9.54127404868819e-92,"6","ATP2B4","CD8_Memory_P2RY8"
2.54712537984954e-304,0.908124419511966,0.775,0.475,4.82043478136525e-300,"6","SLC38A1","CD8_Memory_P2RY8"
7.53352714224827e-77,0.906716558305636,0.313,0.177,1.42572001167048e-72,"6","SC5D","CD8_Memory_P2RY8"
4.39926774191976e-82,0.906638447042664,0.311,0.17,8.32561420158315e-78,"6","HELZ","CD8_Memory_P2RY8"
2.81110984512485e-134,0.906314658077431,0.465,0.258,5.32002538189878e-130,"6","NUP98","CD8_Memory_P2RY8"
0,0.904881860935015,0.834,0.527,0,"6","SYTL3","CD8_Memory_P2RY8"
5.17829469131804e-85,0.900572007660017,0.33,0.183,9.7999227033194e-81,"6","ELL2","CD8_Memory_P2RY8"
1.19926999475848e-96,0.899626522636715,0.369,0.204,2.26961846508043e-92,"6","CD46","CD8_Memory_P2RY8"
6.77835519492467e-203,0.89574802550019,0.646,0.384,1.28280372063949e-198,"6","IQGAP1","CD8_Memory_P2RY8"
1.0707708431244e-107,0.895509722870326,0.412,0.235,2.02643382061293e-103,"6","IL21R","CD8_Memory_P2RY8"
7.07133827791764e-66,0.895009108537499,0.263,0.145,1.33825076909591e-61,"6","IRF4","CD8_Memory_P2RY8"
9.95388131539845e-85,0.892317242334099,0.328,0.18,1.88377203893916e-80,"6","FAM13B","CD8_Memory_P2RY8"
1.11270520271524e-143,0.891418428965122,0.509,0.293,2.10579459613858e-139,"6","EMB","CD8_Memory_P2RY8"
1.07170156635173e-115,0.89024410360598,0.42,0.232,2.02819521432065e-111,"6","ATP8A1","CD8_Memory_P2RY8"
4.49338300006274e-160,0.889245931704075,0.564,0.333,8.50372732761874e-156,"6","SRPRA","CD8_Memory_P2RY8"
1.4257147730554e-175,0.885952116195399,0.597,0.353,2.69816520800734e-171,"6","CHD1","CD8_Memory_P2RY8"
2.3036727314703e-173,0.88307419940129,0.583,0.342,4.35970064430754e-169,"6","SKIL","CD8_Memory_P2RY8"
2.28362754196869e-76,0.882818170859704,0.305,0.169,4.32176512317575e-72,"6","TRPC4AP","CD8_Memory_P2RY8"
1.22061271025623e-76,0.881555768630388,0.301,0.165,2.31000955415991e-72,"6","CLTC","CD8_Memory_P2RY8"
1.04569473042817e-234,0.881018146172057,0.682,0.405,1.97897727733532e-230,"6","RNF125","CD8_Memory_P2RY8"
2.14604828112002e-133,0.879968993073908,0.463,0.254,4.06139637201964e-129,"6","PLEKHA2","CD8_Memory_P2RY8"
5.86170443902496e-99,0.873730787139689,0.382,0.212,1.10932756508547e-94,"6","GLG1","CD8_Memory_P2RY8"
7.88687858660576e-89,0.873684697066752,0.373,0.216,1.49259177251514e-84,"6","ITGB1","CD8_Memory_P2RY8"
1.02149572208125e-74,0.872597088508892,0.314,0.178,1.93318065403877e-70,"6","XRN1","CD8_Memory_P2RY8"
7.36634275505364e-293,0.86936869817028,0.791,0.506,1.3940803663939e-288,"6","EML4","CD8_Memory_P2RY8"
2.47866323801329e-110,0.865053419872117,0.421,0.237,4.69087017794016e-106,"6","PRPF8","CD8_Memory_P2RY8"
8.44665935846997e-87,0.860798841345523,0.356,0.201,1.59853028359044e-82,"6","TGFBR2","CD8_Memory_P2RY8"
6.43202157266946e-82,0.859754852439467,0.345,0.197,1.21726008262769e-77,"6","PHF3","CD8_Memory_P2RY8"
6.59176488892632e-58,0.856500074613725,0.264,0.152,1.24749150522931e-53,"6","RIOK3","CD8_Memory_P2RY8"
5.7227903536175e-87,0.855024457276856,0.398,0.238,1.08303807442211e-82,"6","NFKB1","CD8_Memory_P2RY8"
2.3473635094509e-63,0.853289479215669,0.261,0.144,4.44238544163582e-59,"6","BCL2L11","CD8_Memory_P2RY8"
1.49546733859476e-71,0.852768260725641,0.317,0.183,2.83017193829059e-67,"6","P2RY10","CD8_Memory_P2RY8"
7.45596747490692e-154,0.852466920210101,0.549,0.318,1.41104184462613e-149,"6","ZBTB1","CD8_Memory_P2RY8"
1.91386929685582e-67,0.851379313978784,0.308,0.179,3.62199764429964e-63,"6","DNAJC3","CD8_Memory_P2RY8"
6.83806953961442e-67,0.849000791813169,0.299,0.171,1.29410466037203e-62,"6","HIF1A","CD8_Memory_P2RY8"
6.32770689525051e-64,0.84796130610733,0.266,0.147,1.19751852992616e-59,"6","SNRK","CD8_Memory_P2RY8"
8.87813552001079e-53,0.844806267757294,0.25,0.145,1.68018714716204e-48,"6","MFSD14A","CD8_Memory_P2RY8"
5.16593594947809e-58,0.844650061172561,0.26,0.148,9.77653378438728e-54,"6","TOR1AIP1","CD8_Memory_P2RY8"
6.99465371247106e-103,0.84441940132802,0.425,0.248,1.32373821508515e-98,"6","ATF7IP","CD8_Memory_P2RY8"
1.25787570338435e-50,0.844331814776717,0.256,0.154,2.38052976865489e-46,"6","TMEM87A","CD8_Memory_P2RY8"
2.97775758011019e-64,0.843786756847136,0.25,0.133,5.63540622035853e-60,"6","TLK1","CD8_Memory_P2RY8"
1.78597833936502e-81,0.843762061696844,0.334,0.186,3.3799640072483e-77,"6","TNKS2","CD8_Memory_P2RY8"
1.46244588707062e-63,0.833831435311745,0.273,0.152,2.76767884128115e-59,"6","TRAPPC10","CD8_Memory_P2RY8"
1.32112115509664e-124,0.832216154059843,0.505,0.301,2.50022178602039e-120,"6","ARAP2","CD8_Memory_P2RY8"
2.57391608876464e-149,0.829208817545213,0.583,0.354,4.87113619798708e-145,"6","SERINC1","CD8_Memory_P2RY8"
2.21324402963435e-64,0.829052931768474,0.294,0.17,4.188564326083e-60,"6","ZNF292","CD8_Memory_P2RY8"
2.40612036943711e-58,0.821088917574713,0.272,0.157,4.55358279915972e-54,"6","CAND1","CD8_Memory_P2RY8"
3.82345837019679e-78,0.820171187391436,0.371,0.224,7.23589496559743e-74,"6","CCNT1","CD8_Memory_P2RY8"
3.53408739974179e-58,0.82017057434459,0.278,0.162,6.68826040401134e-54,"6","NUP58","CD8_Memory_P2RY8"
8.68391998248134e-84,0.819930828047748,0.375,0.221,1.64343185668459e-79,"6","PCM1","CD8_Memory_P2RY8"
2.20849830120189e-73,0.819304698683288,0.336,0.196,4.17958303502457e-69,"6","STAG2","CD8_Memory_P2RY8"
2.57678237525812e-67,0.818779386039304,0.33,0.199,4.876560645176e-63,"6","ICOS","CD8_Memory_P2RY8"
1.23920923409962e-55,0.815411483254062,0.267,0.155,2.34520347553354e-51,"6","LRBA","CD8_Memory_P2RY8"
4.40175949461022e-168,0.813589818237476,0.64,0.405,8.33032984354985e-164,"6","ITGA4","CD8_Memory_P2RY8"
5.14349759294574e-111,0.80912381870235,0.461,0.269,9.7340691946498e-107,"6","TIPARP","CD8_Memory_P2RY8"
5.51884439811738e-84,0.808934335714231,0.371,0.217,1.04444130234371e-79,"6","PFKFB3","CD8_Memory_P2RY8"
8.39838984430486e-156,0.806526426909858,0.617,0.385,1.5893952780347e-151,"6","RNF149","CD8_Memory_P2RY8"
9.12188549864349e-86,0.806159365761358,0.399,0.239,1.72631683061828e-81,"6","CRYBG1","CD8_Memory_P2RY8"
7.61620009406431e-58,0.803474434542207,0.265,0.151,1.44136586780167e-53,"6","PAG1","CD8_Memory_P2RY8"
4.70975673573542e-46,0.799089211964069,0.251,0.152,8.91321462237928e-42,"6","CCPG1","CD8_Memory_P2RY8"
5.69395559392707e-152,0.798724941853892,0.62,0.4,1.0775810961507e-147,"6","CD96","CD8_Memory_P2RY8"
1.75560466062424e-144,0.79712401939117,0.583,0.358,3.32248182023137e-140,"6","AC016831.7","CD8_Memory_P2RY8"
3.66836825298403e-70,0.796306979659413,0.338,0.199,6.94238691877227e-66,"6","ABLIM1","CD8_Memory_P2RY8"
5.8902285035304e-119,0.795717356906032,0.521,0.317,1.11472574429313e-114,"6","SLC38A2","CD8_Memory_P2RY8"
6.92159114639782e-47,0.79184372792287,0.262,0.161,1.30991112445579e-42,"6","RC3H1","CD8_Memory_P2RY8"
1.88626194104989e-59,0.790252162429068,0.317,0.194,3.56975072343692e-55,"6","SPPL2A","CD8_Memory_P2RY8"
1.60532996339895e-78,0.783855848372325,0.401,0.246,3.03808695573252e-74,"6","CD55","CD8_Memory_P2RY8"
2.35010833850567e-116,0.783426345817705,0.533,0.337,4.44758003062198e-112,"6","CBLB","CD8_Memory_P2RY8"
2.93461980475357e-59,0.78300749317313,0.308,0.187,5.55376798049613e-55,"6","F2R","CD8_Memory_P2RY8"
3.48753851491246e-57,0.782173248657304,0.274,0.158,6.60016663947183e-53,"6","ANKHD1","CD8_Memory_P2RY8"
1.60211514446292e-55,0.781205899043416,0.275,0.16,3.03200291089608e-51,"6","POM121C","CD8_Memory_P2RY8"
1.80970230881989e-87,0.77991698199743,0.439,0.275,3.42486161944164e-83,"6","USP15","CD8_Memory_P2RY8"
6.24988155561788e-81,0.779219781062568,0.365,0.21,1.18279008440068e-76,"6","PTBP3","CD8_Memory_P2RY8"
1.72103226391252e-53,0.778080070235753,0.267,0.156,3.25705355945445e-49,"6","SENP6","CD8_Memory_P2RY8"
2.59602366485972e-59,0.776138862386877,0.288,0.168,4.91297478574701e-55,"6","NRDC","CD8_Memory_P2RY8"
3.51884594926866e-97,0.776041348752104,0.475,0.296,6.65941595899093e-93,"6","SLC7A5","CD8_Memory_P2RY8"
4.63076717751381e-55,0.775771060208005,0.29,0.174,8.76372688344488e-51,"6","FRYL","CD8_Memory_P2RY8"
4.82413415522968e-86,0.774041830110347,0.41,0.245,9.12967388877217e-82,"6","PAFAH1B1","CD8_Memory_P2RY8"
3.69235914065838e-124,0.774010900276656,0.54,0.326,6.98778967369598e-120,"6","KIAA1551","CD8_Memory_P2RY8"
2.42227665879059e-94,0.77367311394357,0.453,0.28,4.58415857676119e-90,"6","CYTH1","CD8_Memory_P2RY8"
9.01165324439743e-62,0.77295178519713,0.326,0.199,1.70545537650221e-57,"6","TM9SF2","CD8_Memory_P2RY8"
2.5522388989662e-61,0.772194851674708,0.312,0.186,4.83011211629353e-57,"6","PRKAR2A","CD8_Memory_P2RY8"
3.14847473379808e-63,0.771994224701867,0.299,0.172,5.95848843371286e-59,"6","PJA2","CD8_Memory_P2RY8"
3.95215751541727e-88,0.771072902205603,0.459,0.295,7.47945809792719e-84,"6","BIRC3","CD8_Memory_P2RY8"
7.48126860084573e-134,0.770596801490046,0.583,0.372,1.41583008271005e-129,"6","SMCHD1","CD8_Memory_P2RY8"
6.54474423802261e-89,0.76777834835257,0.427,0.257,1.23859284704578e-84,"6","SEMA4D","CD8_Memory_P2RY8"
0,0.767278489517463,0.896,0.614,0,"6","TNFAIP3","CD8_Memory_P2RY8"
5.37113054877789e-56,0.76440331968521,0.303,0.185,1.01648645635622e-51,"6","PDCD6IP","CD8_Memory_P2RY8"
4.90377707711498e-52,0.759669498300865,0.302,0.19,9.2803981184401e-48,"6","OS9","CD8_Memory_P2RY8"
3.40254065105969e-150,0.759566105088126,0.619,0.392,6.43930818213047e-146,"6","DDX6","CD8_Memory_P2RY8"
8.25844694829652e-51,0.755959789476283,0.316,0.203,1.56291108496512e-46,"6","SATB1","CD8_Memory_P2RY8"
6.71030618218023e-77,0.755785070922616,0.405,0.253,1.26992544497761e-72,"6","APOL6","CD8_Memory_P2RY8"
5.04910120270975e-73,0.753683663459432,0.365,0.219,9.55542402612819e-69,"6","HCG18","CD8_Memory_P2RY8"
2.88834299229001e-89,0.747807514422043,0.492,0.325,5.46618911290884e-85,"6","RORA","CD8_Memory_P2RY8"
6.7172717663618e-73,0.743649549051184,0.383,0.235,1.27124368178397e-68,"6","TMF1","CD8_Memory_P2RY8"
6.04526695267251e-198,0.743134512914566,0.757,0.494,1.14406677079327e-193,"6","TNFRSF1B","CD8_Memory_P2RY8"
2.34111044033322e-89,0.739646775777884,0.462,0.286,4.43055150833062e-85,"6","IL10RA","CD8_Memory_P2RY8"
1.04588955937832e-122,0.73911386334227,0.588,0.382,1.97934599112347e-118,"6","AHNAK","CD8_Memory_P2RY8"
1.00255953156202e-57,0.735010840888708,0.336,0.212,1.89734391348113e-53,"6","PNPLA8","CD8_Memory_P2RY8"
7.52035083270668e-53,0.731483344093168,0.306,0.19,1.42322639508974e-48,"6","FOXP1","CD8_Memory_P2RY8"
5.17173450847574e-126,0.729107506178279,0.589,0.378,9.78750755729034e-122,"6","CNOT6L","CD8_Memory_P2RY8"
1.24861448573863e-45,0.728151775295089,0.273,0.17,2.36300291426035e-41,"6","PRKX","CD8_Memory_P2RY8"
3.23290389555688e-45,0.727017364459703,0.281,0.178,6.11827062234139e-41,"6","B3GNT2","CD8_Memory_P2RY8"
8.19813927073299e-48,0.72009656352398,0.274,0.168,1.55149785698622e-43,"6","MAP4","CD8_Memory_P2RY8"
4.98186380960332e-45,0.719222055059869,0.262,0.16,9.42817725967428e-41,"6","INPP5D","CD8_Memory_P2RY8"
5.66570310888738e-47,0.717843792421883,0.305,0.199,1.07223431335694e-42,"6","ENC1","CD8_Memory_P2RY8"
6.21696134810953e-61,0.713218224820393,0.358,0.226,1.17655993512973e-56,"6","CTR9","CD8_Memory_P2RY8"
5.76169535666207e-53,0.709816780073191,0.316,0.197,1.0904008462483e-48,"6","TMEM165","CD8_Memory_P2RY8"
3.57874690684806e-66,0.70871610416201,0.396,0.252,6.77277852120995e-62,"6","PDE7A","CD8_Memory_P2RY8"
8.92997122197033e-49,0.704286092051848,0.285,0.175,1.68999705375788e-44,"6","BTN3A1","CD8_Memory_P2RY8"
1.16916793846406e-75,0.704089892474111,0.432,0.275,2.21265032354323e-71,"6","DYNC1H1","CD8_Memory_P2RY8"
5.19912955153237e-55,0.704031270631062,0.376,0.254,9.83935267627501e-51,"6","AKAP9","CD8_Memory_P2RY8"
1.67430198356554e-139,0.703348006999167,0.663,0.448,3.16861650389778e-135,"6","SPOCK2","CD8_Memory_P2RY8"
2.66386701961334e-97,0.701070942191902,0.493,0.302,5.04136833461825e-93,"6","SPTAN1","CD8_Memory_P2RY8"
9.33559182125768e-64,0.700596213183328,0.39,0.252,1.76676075217302e-59,"6","MYCBP2","CD8_Memory_P2RY8"
1.94189007836026e-37,0.699812135591373,0.274,0.181,3.6750269732968e-33,"6","NFKB2","CD8_Memory_P2RY8"
5.08756289236431e-73,0.698199624185443,0.427,0.276,9.62821277379946e-69,"6","ITK","CD8_Memory_P2RY8"
1.02988866359141e-52,0.69770191930912,0.326,0.205,1.94906429584675e-48,"6","KDM5A","CD8_Memory_P2RY8"
9.7589236593788e-46,0.697474433096835,0.286,0.178,1.84687630253744e-41,"6","STT3B","CD8_Memory_P2RY8"
1.0710880016722e-70,0.695730624505509,0.394,0.242,2.02703404316464e-66,"6","GLS","CD8_Memory_P2RY8"
4.48684766713477e-49,0.694837699663149,0.336,0.223,8.49135921005254e-45,"6","CTSS","CD8_Memory_P2RY8"
5.58890957949038e-49,0.694478860856899,0.287,0.175,1.05770113791855e-44,"6","SMU1","CD8_Memory_P2RY8"
2.31971549939721e-47,0.693884966804849,0.309,0.198,4.39006158260921e-43,"6","BDP1","CD8_Memory_P2RY8"
1.52152031217241e-62,0.692882504620501,0.322,0.189,2.87947719078628e-58,"6","HIST1H1E","CD8_Memory_P2RY8"
2.74747155258298e-97,0.690858376894204,0.516,0.33,5.19958991326329e-93,"6","CCND2","CD8_Memory_P2RY8"
8.56061117299271e-49,0.690662882699799,0.306,0.193,1.62009566448887e-44,"6","RBM5","CD8_Memory_P2RY8"
3.85307384686968e-48,0.689486627748013,0.312,0.198,7.29194225520087e-44,"6","NKTR","CD8_Memory_P2RY8"
1.30193610263197e-63,0.689391088335677,0.409,0.272,2.46391407423101e-59,"6","SERINC3","CD8_Memory_P2RY8"
5.21512525696407e-45,0.689360127774068,0.26,0.156,9.8696245488045e-41,"6","DOCK2","CD8_Memory_P2RY8"
4.75744495497795e-76,0.685472306500427,0.433,0.274,9.00346457729577e-72,"6","WNK1","CD8_Memory_P2RY8"
5.84492025933374e-67,0.684200612744717,0.368,0.225,1.10615115907891e-62,"6","JOSD1","CD8_Memory_P2RY8"
6.71807226316622e-120,0.682095314176468,0.601,0.393,1.27139517580421e-115,"6","NR4A3","CD8_Memory_P2RY8"
4.95463761974724e-39,0.681204346181452,0.271,0.175,9.37665169537165e-35,"6","YIPF5","CD8_Memory_P2RY8"
3.53995801695159e-88,0.679293705020251,0.521,0.348,6.69937054708088e-84,"6","TC2N","CD8_Memory_P2RY8"
9.25968734428922e-48,0.678470011818805,0.307,0.195,1.75239582990673e-43,"6","ACIN1","CD8_Memory_P2RY8"
7.28563040374622e-187,0.677943540935668,0.803,0.57,1.37880555390897e-182,"6","SLC2A3","CD8_Memory_P2RY8"
5.08040912659001e-50,0.677371317069489,0.314,0.198,9.61467427207158e-46,"6","SNRNP200","CD8_Memory_P2RY8"
2.01154936775173e-42,0.677001535222203,0.284,0.182,3.80685717847015e-38,"6","USP14","CD8_Memory_P2RY8"
2.02114461627555e-56,0.676103453555217,0.341,0.214,3.82501618630147e-52,"6","NIN","CD8_Memory_P2RY8"
2.42280818668825e-37,0.671290730033835,0.283,0.189,4.58516449330751e-33,"6","EVI2A","CD8_Memory_P2RY8"
1.51542263496284e-49,0.670310165987802,0.302,0.187,2.86793733666718e-45,"6","EPB41","CD8_Memory_P2RY8"
5.12152961638747e-92,0.670045772992391,0.524,0.346,9.69249479901328e-88,"6","RAB8B","CD8_Memory_P2RY8"
3.05367480313339e-82,0.668310808181458,0.505,0.338,5.77907956492995e-78,"6","GPBP1","CD8_Memory_P2RY8"
4.28977771341508e-48,0.665730318361754,0.329,0.214,8.11840432263804e-44,"6","OGA","CD8_Memory_P2RY8"
6.52630488088492e-50,0.664258321566936,0.337,0.219,1.23510319870747e-45,"6","PHF20L1","CD8_Memory_P2RY8"
5.06639870181536e-119,0.663022443742112,0.619,0.401,9.58815954318557e-115,"6","DDX17","CD8_Memory_P2RY8"
1.99848005431634e-43,0.662565678457426,0.279,0.174,3.78212350279367e-39,"6","PRRC2B","CD8_Memory_P2RY8"
3.80080059766348e-40,0.66178944218389,0.251,0.155,7.19301513107814e-36,"6","CUL3","CD8_Memory_P2RY8"
3.70009141217881e-47,0.660906679411142,0.31,0.196,7.00242299754839e-43,"6","SMG1","CD8_Memory_P2RY8"
9.75207421207968e-56,0.660272616950214,0.433,0.308,1.84558004463608e-51,"6","CXCR6","CD8_Memory_P2RY8"
1.09791368051209e-128,0.658977292721834,0.662,0.455,2.07780164036913e-124,"6","SAMSN1","CD8_Memory_P2RY8"
1.43289812648975e-84,0.657318228544813,0.531,0.372,2.71175970438186e-80,"6","ZEB2","CD8_Memory_P2RY8"
3.78577211398213e-47,0.657191394722139,0.276,0.166,7.16457372571119e-43,"6","NUFIP2","CD8_Memory_P2RY8"
1.95161547532414e-49,0.656793249469525,0.328,0.21,3.69343228705094e-45,"6","CENPC","CD8_Memory_P2RY8"
8.30729086258019e-150,0.656409649899812,0.718,0.495,1.5721547957433e-145,"6","AKAP13","CD8_Memory_P2RY8"
2.55049988683132e-41,0.656308704465263,0.258,0.159,4.82682103582827e-37,"6","PER1","CD8_Memory_P2RY8"
6.33897305654193e-74,0.655323427094667,0.484,0.329,1.19965065095056e-69,"6","AOAH","CD8_Memory_P2RY8"
2.10045193123354e-67,0.654684900238603,0.424,0.276,3.97510527985947e-63,"6","DIAPH1","CD8_Memory_P2RY8"
1.72876952289907e-46,0.653553635318381,0.305,0.192,3.27169632208649e-42,"6","OGT","CD8_Memory_P2RY8"
8.1556808631177e-64,0.653123835337211,0.432,0.289,1.54346260334503e-59,"6","CD5","CD8_Memory_P2RY8"
9.0842904112756e-70,0.653083411570228,0.432,0.276,1.71920196033391e-65,"6","ADAR","CD8_Memory_P2RY8"
3.74885634689341e-71,0.65294718249293,0.448,0.292,7.09471063649577e-67,"6","IVNS1ABP","CD8_Memory_P2RY8"
1.99792794790449e-46,0.652918470028946,0.323,0.21,3.78107864140925e-42,"6","RASA2","CD8_Memory_P2RY8"
8.65332032406077e-40,0.650769928393121,0.27,0.172,1.6376408713285e-35,"6","SLFN12L","CD8_Memory_P2RY8"
6.7131818204577e-45,0.650557303629773,0.3,0.19,1.27046965952162e-40,"6","LPCAT1","CD8_Memory_P2RY8"
2.61866430862474e-95,0.650293890105645,0.545,0.356,4.95582220407233e-91,"6","MATR3-1","CD8_Memory_P2RY8"
1.68726511626918e-67,0.649647834589631,0.443,0.292,3.19314923253943e-63,"6","DOCK8","CD8_Memory_P2RY8"
5.47633026963148e-53,0.647577831565042,0.358,0.232,1.03639550352776e-48,"6","TACC1","CD8_Memory_P2RY8"
3.13564278027786e-103,0.646916488532777,0.586,0.393,5.93420396167584e-99,"6","USP36","CD8_Memory_P2RY8"
3.67858616989654e-235,0.646185588182724,0.877,0.651,6.96172432652921e-231,"6","HSPA5","CD8_Memory_P2RY8"
3.20097031617863e-39,0.645385957960717,0.273,0.175,6.05783632336806e-35,"6","EIF4G1","CD8_Memory_P2RY8"
7.33517517940523e-63,0.644042697083521,0.44,0.303,1.38818190270244e-58,"6","ATRX","CD8_Memory_P2RY8"
7.51533744448176e-35,0.642692259729341,0.282,0.191,1.42227761136817e-30,"6","BPTF","CD8_Memory_P2RY8"
1.34139833983418e-97,0.640549625555557,0.578,0.387,2.53859635813618e-93,"6","SF3B1","CD8_Memory_P2RY8"
1.26659111241541e-44,0.63976889597823,0.318,0.208,2.39702368024616e-40,"6","SRP54","CD8_Memory_P2RY8"
2.37100047747731e-91,0.63841551246208,0.538,0.353,4.4871184036258e-87,"6","CDKN1B","CD8_Memory_P2RY8"
2.10214531041859e-64,0.637194904201668,0.445,0.296,3.97830999996718e-60,"6","ATP1A1","CD8_Memory_P2RY8"
1.08669025790044e-90,0.63619629226165,0.577,0.403,2.05656131307658e-86,"6","CLEC2D","CD8_Memory_P2RY8"
4.79031106075067e-158,0.635783766825778,0.77,0.544,9.06566368247065e-154,"6","RNF213","CD8_Memory_P2RY8"
5.27095103568268e-44,0.633851779753675,0.294,0.186,9.97527483502946e-40,"6","UHMK1","CD8_Memory_P2RY8"
2.47995713454562e-58,0.63294880207188,0.413,0.278,4.69331887712758e-54,"6","ROCK1","CD8_Memory_P2RY8"
3.1692127545448e-46,0.629147860696747,0.317,0.202,5.99773513797603e-42,"6","SYNE1","CD8_Memory_P2RY8"
1.52841659552379e-35,0.626843322509025,0.283,0.189,2.89252840702877e-31,"6","TNRC6B","CD8_Memory_P2RY8"
1.53574158131461e-38,0.623884055408607,0.271,0.173,2.9063909426379e-34,"6","WAPL","CD8_Memory_P2RY8"
1.28807696018873e-36,0.62326588320149,0.285,0.189,2.43768564715717e-32,"6","PTPRA","CD8_Memory_P2RY8"
5.53689140310054e-40,0.623056119494741,0.292,0.191,1.04785669803678e-35,"6","BCL11B","CD8_Memory_P2RY8"
5.36669046281338e-68,0.622833833943522,0.482,0.332,1.01564617008743e-63,"6","SCAF11","CD8_Memory_P2RY8"
3.46780856316551e-49,0.621433393070057,0.359,0.236,6.56282770579073e-45,"6","FNBP4","CD8_Memory_P2RY8"
8.75319567271692e-52,0.619245754038135,0.359,0.232,1.65654228106168e-47,"6","PPP4R3A","CD8_Memory_P2RY8"
3.50417899017643e-34,0.617621597718116,0.278,0.187,6.63165873890889e-30,"6","DNAJB14","CD8_Memory_P2RY8"
9.00311371782234e-72,0.617589912082658,0.498,0.338,1.70383927109788e-67,"6","PARP8","CD8_Memory_P2RY8"
2.69687248288032e-138,0.61660286107286,0.735,0.53,5.10383117385101e-134,"6","REL","CD8_Memory_P2RY8"
1.35140117876927e-50,0.616266950890975,0.404,0.28,2.55752673082084e-46,"6","COPB1","CD8_Memory_P2RY8"
1.98176177083923e-40,0.614713481496441,0.326,0.22,3.75048415131323e-36,"6","ARID5B","CD8_Memory_P2RY8"
2.71314438552677e-56,0.614448656524717,0.404,0.269,5.13462574960942e-52,"6","NAMPT","CD8_Memory_P2RY8"
3.70918422256635e-30,0.612421318109358,0.27,0.185,7.01963114120682e-26,"6","PRNP","CD8_Memory_P2RY8"
6.73334666230324e-101,0.612170380556684,0.61,0.419,1.27428585584089e-96,"6","IDS","CD8_Memory_P2RY8"
8.22709068560678e-62,0.608020332057009,0.421,0.276,1.55697691225108e-57,"6","PPP1R10","CD8_Memory_P2RY8"
2.75119004297219e-73,0.60667242124902,0.536,0.381,5.20662715632487e-69,"6","GPR65","CD8_Memory_P2RY8"
8.85456078834289e-117,0.60633216015187,0.685,0.482,1.67572562919389e-112,"6","NR3C1","CD8_Memory_P2RY8"
4.44282607708824e-115,0.605698192426296,0.705,0.513,8.40804835088949e-111,"6","HSP90B1","CD8_Memory_P2RY8"
1.28957426772986e-40,0.602561927191258,0.34,0.231,2.44051930167876e-36,"6","RNMT","CD8_Memory_P2RY8"
2.30943818881386e-42,0.60031322962159,0.405,0.293,4.37061177233023e-38,"6","IFNGR1","CD8_Memory_P2RY8"
2.26745375502988e-53,0.599986887086392,0.404,0.271,4.29115623139405e-49,"6","EIF3A","CD8_Memory_P2RY8"
5.36749560173899e-48,0.599713166531691,0.376,0.256,1.0157985426291e-43,"6","ITSN2","CD8_Memory_P2RY8"
4.90281393295451e-134,0.59795763410332,0.752,0.543,9.2785753681164e-130,"6","CD44","CD8_Memory_P2RY8"
6.6054341907532e-63,0.595737648051313,0.472,0.324,1.25007842060004e-58,"6","TRAM1","CD8_Memory_P2RY8"
9.02202639207569e-35,0.592329075774239,0.285,0.191,1.70741849470033e-30,"6","CASP3","CD8_Memory_P2RY8"
2.35252020859837e-60,0.591059548115117,0.445,0.301,4.45214449477242e-56,"6","G3BP1","CD8_Memory_P2RY8"
1.69147489553006e-30,0.590746337220858,0.259,0.173,3.20111623979063e-26,"6","PIK3IP1","CD8_Memory_P2RY8"
4.48972547024651e-51,0.586740159815859,0.425,0.296,8.49680545244152e-47,"6","GCC2","CD8_Memory_P2RY8"
1.87677751123486e-108,0.585974511109109,0.656,0.458,3.55180144001197e-104,"6","G3BP2","CD8_Memory_P2RY8"
6.61881515525403e-43,0.583808716560586,0.338,0.224,1.25261076813182e-38,"6","SMARCA2","CD8_Memory_P2RY8"
1.41330161899979e-29,0.581526395910288,0.258,0.175,2.67467331395711e-25,"6","SEC23B","CD8_Memory_P2RY8"
3.12689974019949e-54,0.580246501394577,0.441,0.305,5.91765775832754e-50,"6","CHD2","CD8_Memory_P2RY8"
9.4718087763512e-37,0.578309368440071,0.321,0.22,1.79253981092446e-32,"6","TGOLN2","CD8_Memory_P2RY8"
9.57539489971191e-33,0.577763379068403,0.266,0.175,1.81214348477048e-28,"6","TMOD3","CD8_Memory_P2RY8"
8.25663521372664e-44,0.577312481568521,0.346,0.23,1.56256821419777e-39,"6","CCSER2","CD8_Memory_P2RY8"
4.07862722993261e-36,0.576775323930284,0.313,0.214,7.71880203264747e-32,"6","TMED5","CD8_Memory_P2RY8"
2.36727616457005e-138,0.576105707607258,0.751,0.522,4.48007014144883e-134,"6","TENT5C","CD8_Memory_P2RY8"
1.67730900351329e-45,0.574346776497614,0.373,0.253,3.1743072891489e-41,"6","TAF15","CD8_Memory_P2RY8"
4.86229613891899e-85,0.57407243312883,0.588,0.41,9.20189544290419e-81,"6","FNBP1","CD8_Memory_P2RY8"
2.88875908390618e-29,0.572714193349965,0.256,0.172,5.46697656629244e-25,"6","CTNNB1","CD8_Memory_P2RY8"
3.49018473779534e-28,0.569851259741972,0.265,0.183,6.60517461627769e-24,"6","TTC14","CD8_Memory_P2RY8"
5.64935403519916e-55,0.569414332780338,0.462,0.324,1.06914025116144e-50,"6","CD6","CD8_Memory_P2RY8"
4.36367813778715e-37,0.567253822351017,0.328,0.226,8.25826087576218e-33,"6","INPP4B","CD8_Memory_P2RY8"
2.92435017376403e-54,0.565814570537261,0.473,0.336,5.53433270384843e-50,"6","N4BP2L2","CD8_Memory_P2RY8"
7.84504608791286e-26,0.565454279957272,0.25,0.172,1.48467497213751e-21,"6","ZNF644","CD8_Memory_P2RY8"
4.5532557832842e-114,0.56340537182144,0.715,0.536,8.61703656986535e-110,"6","PRRC2C","CD8_Memory_P2RY8"
2.42718706444375e-36,0.562937038053762,0.357,0.255,4.59345151945981e-32,"6","ATP6AP2","CD8_Memory_P2RY8"
6.26980811900902e-35,0.561461927647609,0.311,0.211,1.18656118652246e-30,"6","NFKBIZ","CD8_Memory_P2RY8"
3.34857816635285e-184,0.56145339023515,0.868,0.646,6.33718417982276e-180,"6","EZR","CD8_Memory_P2RY8"
2.21428360935513e-37,0.560258303810592,0.326,0.221,4.19053173070458e-33,"6","AFF4","CD8_Memory_P2RY8"
1.83310275099885e-67,0.555408689070394,0.515,0.351,3.46914695626532e-63,"6","TLN1","CD8_Memory_P2RY8"
7.25689801633677e-28,0.55531266300707,0.251,0.168,1.37336794959173e-23,"6","ARIH1","CD8_Memory_P2RY8"
4.15491530422038e-50,0.555009921703366,0.44,0.312,7.86317721323707e-46,"6","IQGAP2","CD8_Memory_P2RY8"
4.53664379575266e-62,0.551448901993922,0.504,0.354,8.58559838346191e-58,"6","BCLAF1","CD8_Memory_P2RY8"
7.23370557412079e-139,0.548425868085527,0.774,0.587,1.36897877990236e-134,"6","PIK3R1","CD8_Memory_P2RY8"
8.42839630968761e-130,0.547343571309015,0.741,0.545,1.59507400160838e-125,"6","EIF4G2","CD8_Memory_P2RY8"
3.29561742263686e-52,0.546995377905724,0.425,0.289,6.23695597234026e-48,"6","PPP1CB","CD8_Memory_P2RY8"
8.02762918935052e-59,0.543733237014895,0.463,0.315,1.51922882408459e-54,"6","NAA50","CD8_Memory_P2RY8"
8.64542414051556e-37,0.542200966024105,0.341,0.237,1.63614651859257e-32,"6","CYLD","CD8_Memory_P2RY8"
1.26974692860137e-215,0.541420791448227,0.883,0.694,2.40299606237809e-211,"6","LCP1","CD8_Memory_P2RY8"
4.72104421176363e-30,0.5377390698537,0.272,0.184,8.93457617076267e-26,"6","SUPT5H","CD8_Memory_P2RY8"
5.33100503580167e-47,0.537083797493454,0.427,0.3,1.00889270302547e-42,"6","AAK1","CD8_Memory_P2RY8"
1.49019437201706e-42,0.535621450723653,0.414,0.294,2.82019284904228e-38,"6","TMED10","CD8_Memory_P2RY8"
6.30096056460962e-70,0.535321792700967,0.561,0.397,1.19245678685237e-65,"6","STAT3","CD8_Memory_P2RY8"
1.88929962191629e-128,0.535260114921527,0.785,0.6,3.57549953447658e-124,"6","PDIA3","CD8_Memory_P2RY8"
7.0338169862454e-45,0.534930645831216,0.392,0.27,1.33114986464694e-40,"6","GRB2","CD8_Memory_P2RY8"
1.61792036207443e-28,0.533947863978131,0.253,0.169,3.06191428522587e-24,"6","EFR3A","CD8_Memory_P2RY8"
1.64419747251054e-26,0.533451119847405,0.291,0.208,3.1116437167262e-22,"6","KDM6B","CD8_Memory_P2RY8"
2.75464983545581e-29,0.53342604393697,0.293,0.205,5.21317481360011e-25,"6","ATM","CD8_Memory_P2RY8"
7.41755320541917e-25,0.532347334114757,0.269,0.19,1.40377194412558e-20,"6","TTC3","CD8_Memory_P2RY8"
8.85221858112606e-29,0.532187757193041,0.292,0.204,1.67528236647811e-24,"6","SRSF4","CD8_Memory_P2RY8"
1.37976923613304e-47,0.527392312552719,0.392,0.26,2.61121327938177e-43,"6","DUSP4","CD8_Memory_P2RY8"
1.90969946300649e-31,0.526390962395333,0.302,0.208,3.61410623373979e-27,"6","ANKRD11","CD8_Memory_P2RY8"
2.38881159780512e-111,0.525252453546297,0.735,0.554,4.52082594884618e-107,"6","MBNL1","CD8_Memory_P2RY8"
1.21381606535281e-41,0.525231166085718,0.416,0.299,2.29714690368019e-37,"6","CAST","CD8_Memory_P2RY8"
2.4469409301738e-31,0.523160550151798,0.286,0.193,4.63083571035391e-27,"6","LUC7L2","CD8_Memory_P2RY8"
1.07419798100021e-78,0.52192485210498,0.639,0.476,2.03291967904289e-74,"6","ATP1B3","CD8_Memory_P2RY8"
8.31280816601457e-102,0.520230832351906,0.715,0.525,1.57319894541826e-97,"6","STK4","CD8_Memory_P2RY8"
4.24592911995338e-45,0.519795545946772,0.421,0.296,8.03542085951177e-41,"6","ANKRD44","CD8_Memory_P2RY8"
7.79482955402207e-40,0.518248947008694,0.402,0.289,1.47517149309868e-35,"6","TPR","CD8_Memory_P2RY8"
1.29191191915839e-55,0.518142435340326,0.483,0.338,2.44494330700726e-51,"6","PAK2","CD8_Memory_P2RY8"
2.60876995506934e-28,0.517361403804849,0.266,0.18,4.93709713996874e-24,"6","THUMPD1","CD8_Memory_P2RY8"
1.37278126209163e-37,0.516543842287735,0.391,0.28,2.59798853850841e-33,"6","SPCS3","CD8_Memory_P2RY8"
6.25091452879519e-25,0.515991894244908,0.251,0.173,1.18298557457449e-20,"6","RNF10","CD8_Memory_P2RY8"
2.19306081672777e-68,0.514817251311231,0.584,0.426,4.1503675956573e-64,"6","ARID4B","CD8_Memory_P2RY8"
4.40402189348504e-41,0.514493781850783,0.4,0.282,8.33461143342045e-37,"6","ADSS","CD8_Memory_P2RY8"
4.80581215550513e-75,0.509541565094885,0.612,0.438,9.09499950429347e-71,"6","DDX3X","CD8_Memory_P2RY8"
6.93082774360012e-86,0.508455686372686,0.709,0.549,1.31165915047632e-81,"6","ADGRE5","CD8_Memory_P2RY8"
4.20078714576053e-67,0.507886871103903,0.562,0.401,7.94998967335181e-63,"6","ACTR2","CD8_Memory_P2RY8"
3.59630517159814e-25,0.504215645803153,0.278,0.197,6.80600753724947e-21,"6","WAC","CD8_Memory_P2RY8"
1.4298226469785e-27,0.50263942880188,0.278,0.192,2.70593935940681e-23,"6","PPP4R3B","CD8_Memory_P2RY8"
5.92771091171797e-33,0.502020351335074,0.374,0.274,1.12181929004263e-28,"6","M6PR","CD8_Memory_P2RY8"
4.55115470613988e-33,0.50172365685371,0.328,0.226,8.61306028136973e-29,"6","VPS4B","CD8_Memory_P2RY8"
4.1585259004045e-43,0.500105888269429,0.495,0.372,7.87001026651551e-39,"6","NEAT1","CD8_Memory_P2RY8"
2.96054856114187e-26,0.499639072844658,0.292,0.208,5.60283815196099e-22,"6","SAFB2","CD8_Memory_P2RY8"
1.02753101641285e-44,0.498940425569131,0.421,0.294,1.94460244856131e-40,"6","PRKAR1A","CD8_Memory_P2RY8"
4.75657709617937e-34,0.49858974135553,0.358,0.253,9.00182215451945e-30,"6","SEPT2","CD8_Memory_P2RY8"
1.31967126323907e-20,0.496913721637037,0.285,0.215,2.49747786567993e-16,"6","FASLG","CD8_Memory_P2RY8"
9.56656134045701e-26,0.495867370095097,0.267,0.186,1.81047173368149e-21,"6","NCKAP1L","CD8_Memory_P2RY8"
3.57104064307316e-23,0.495453541420636,0.272,0.195,6.75819441701596e-19,"6","PIAS1","CD8_Memory_P2RY8"
6.97574374251963e-31,0.495372112393219,0.279,0.185,1.32015950327184e-26,"6","GNA13","CD8_Memory_P2RY8"
5.07228720844683e-44,0.493752774478443,0.435,0.306,9.59930354198562e-40,"6","POLR2A","CD8_Memory_P2RY8"
2.04158805522676e-63,0.490038217022603,0.58,0.427,3.86370539451664e-59,"6","CDC42SE2","CD8_Memory_P2RY8"
2.86520806846889e-22,0.488515402074373,0.284,0.21,5.42240626957737e-18,"6","RNF115","CD8_Memory_P2RY8"
2.62247664593412e-109,0.488031815252253,0.762,0.575,4.96303705243032e-105,"6","STK17B","CD8_Memory_P2RY8"
2.2108104812108e-44,0.487141787572445,0.42,0.292,4.18395883569144e-40,"6","STK10","CD8_Memory_P2RY8"
4.86168224609854e-24,0.48592524267316,0.26,0.182,9.20073365074149e-20,"6","NDEL1","CD8_Memory_P2RY8"
8.08970209969127e-25,0.485120775091493,0.282,0.2,1.53097612236657e-20,"6","XRN2","CD8_Memory_P2RY8"
1.14916404030807e-21,0.484979263058795,0.254,0.182,2.17479294628303e-17,"6","UBE3A","CD8_Memory_P2RY8"
1.35298419736801e-28,0.484736110002922,0.33,0.237,2.56052259351897e-24,"6","ILF3","CD8_Memory_P2RY8"
1.13065827654023e-88,0.483749302197309,0.715,0.545,2.13977078835239e-84,"6","KMT2E","CD8_Memory_P2RY8"
4.74378514872067e-93,0.483637471923468,0.722,0.539,8.97761339395387e-89,"6","HNRNPU","CD8_Memory_P2RY8"
4.98062513045879e-20,0.479278209010858,0.269,0.2,9.42583305939325e-16,"6","HNRNPLL","CD8_Memory_P2RY8"
6.91781647321929e-54,0.478628839938118,0.546,0.405,1.30919676755675e-49,"6","SLA","CD8_Memory_P2RY8"
2.76423956311621e-37,0.477006680303789,0.419,0.307,5.23132337319744e-33,"6","IFRD1","CD8_Memory_P2RY8"
1.92655033495661e-38,0.476678997248742,0.43,0.314,3.64599650890538e-34,"6","RBL2","CD8_Memory_P2RY8"
2.3098823557934e-22,0.476396643884506,0.266,0.191,4.37145235833901e-18,"6","RAB10","CD8_Memory_P2RY8"
7.01430411712111e-51,0.475484587900578,0.581,0.435,1.32745705416517e-46,"6","MYADM","CD8_Memory_P2RY8"
1.1540465675945e-48,0.473423822096907,0.523,0.388,2.18403312917259e-44,"6","SURF4","CD8_Memory_P2RY8"
1.11285801100425e-40,0.472826199034964,0.477,0.355,2.10608378582555e-36,"6","PSAP","CD8_Memory_P2RY8"
4.17295161259243e-20,0.468972646104617,0.266,0.195,7.89731092683117e-16,"6","PTPN2","CD8_Memory_P2RY8"
1.58833297374547e-27,0.467883185176558,0.301,0.21,3.00592015281329e-23,"6","EPS15","CD8_Memory_P2RY8"
3.7685763404169e-37,0.46723926888404,0.408,0.294,7.13203072423898e-33,"6","IKZF3","CD8_Memory_P2RY8"
7.5748465513126e-36,0.466858073677576,0.437,0.326,1.43353970983591e-31,"6","DHX36","CD8_Memory_P2RY8"
7.46546977563566e-88,0.466128928991959,0.7,0.528,1.41284015503905e-83,"6","ETS1","CD8_Memory_P2RY8"
4.7083591049797e-32,0.465901730039862,0.406,0.305,8.91056960617408e-28,"6","BAZ1A","CD8_Memory_P2RY8"
1.62908573281182e-46,0.464950088884803,0.48,0.343,3.08304474934638e-42,"6","HP1BP3","CD8_Memory_P2RY8"
1.21059141978913e-40,0.464463290720702,0.475,0.354,2.29104426195092e-36,"6","GABARAPL1","CD8_Memory_P2RY8"
2.4479438487393e-23,0.46227618939716,0.309,0.227,4.63273373373912e-19,"6","PNN","CD8_Memory_P2RY8"
8.20691170844187e-30,0.462244690623969,0.337,0.24,1.55315804082262e-25,"6","ACAP2","CD8_Memory_P2RY8"
3.80612406151134e-28,0.459378055741644,0.387,0.294,7.20308978641021e-24,"6","SPN","CD8_Memory_P2RY8"
3.11666864805633e-23,0.455626001851575,0.292,0.211,5.89829541644661e-19,"6","TMED4","CD8_Memory_P2RY8"
4.6517838560993e-28,0.454703957432019,0.309,0.216,8.80350094766792e-24,"6","SLFN5","CD8_Memory_P2RY8"
5.52870277721643e-24,0.453585565772994,0.318,0.235,1.04630700058821e-19,"6","DERL1","CD8_Memory_P2RY8"
7.85647805383731e-39,0.449548260394665,0.477,0.357,1.48683847168871e-34,"6","TSPYL2","CD8_Memory_P2RY8"
5.96203280482427e-30,0.449189010428167,0.385,0.284,1.12831470831299e-25,"6","TRA2A","CD8_Memory_P2RY8"
1.13909343484082e-33,0.449082187664696,0.462,0.356,2.15573432543624e-29,"6","ELOVL5","CD8_Memory_P2RY8"
2.30587169374534e-20,0.448080292324984,0.283,0.21,4.36386218041306e-16,"6","SSR1","CD8_Memory_P2RY8"
9.29498369807604e-54,0.448029810922383,0.602,0.458,1.75907566486089e-49,"6","TAPBP","CD8_Memory_P2RY8"
5.56561589562294e-14,0.445154046563594,0.256,0.202,1.05329280824664e-09,"6","TNFRSF9","CD8_Memory_P2RY8"
4.26230998193201e-17,0.444114573944416,0.262,0.198,8.06642164080633e-13,"6","LMAN1","CD8_Memory_P2RY8"
1.2054057537382e-31,0.443786106206684,0.419,0.315,2.28123038894955e-27,"6","NFATC2","CD8_Memory_P2RY8"
5.38898736805803e-70,0.442012082861604,0.674,0.514,1.01986585940498e-65,"6","MSN","CD8_Memory_P2RY8"
5.33776125858707e-129,0.440335118190357,0.953,0.744,1.0101713181876e-124,"6","CXCR4","CD8_Memory_P2RY8"
2.69900849659998e-26,0.439395774876681,0.339,0.248,5.10787357981547e-22,"6","WBP11","CD8_Memory_P2RY8"
4.47344382238864e-19,0.437970037226639,0.253,0.183,8.4659924338705e-15,"6","SDHA","CD8_Memory_P2RY8"
6.91590337109312e-38,0.437156404028355,0.484,0.369,1.30883471297937e-33,"6","TAX1BP1","CD8_Memory_P2RY8"
2.47350300172654e-19,0.435661136035912,0.269,0.199,4.68110443076747e-15,"6","TIAL1","CD8_Memory_P2RY8"
4.22824527276875e-29,0.43467460945455,0.382,0.282,8.00195417871486e-25,"6","PDCD1","CD8_Memory_P2RY8"
1.07669467800717e-18,0.43297285794592,0.27,0.201,2.03764467812857e-14,"6","ANAPC5","CD8_Memory_P2RY8"
2.4221937091955e-68,0.432659343518842,0.692,0.53,4.58400159465249e-64,"6","BTG2","CD8_Memory_P2RY8"
3.67857126225004e-24,0.431454802941999,0.324,0.239,6.96169611380819e-20,"6","SELPLG","CD8_Memory_P2RY8"
1.47880269494878e-19,0.429917928559807,0.263,0.192,2.79863410019057e-15,"6","RAB6A","CD8_Memory_P2RY8"
1.81064488439961e-53,0.429509721089581,0.619,0.47,3.42664544372626e-49,"6","RSRP1","CD8_Memory_P2RY8"
2.72608254228805e-29,0.427933387039396,0.387,0.286,5.15911121128013e-25,"6","USP11","CD8_Memory_P2RY8"
1.49717399977676e-30,0.427557668124616,0.374,0.269,2.83340179457752e-26,"6","ETF1","CD8_Memory_P2RY8"
6.41111648247861e-20,0.427410540916371,0.314,0.241,1.21330379430908e-15,"6","TRAT1","CD8_Memory_P2RY8"
9.74796628726231e-20,0.4203854560866,0.262,0.19,1.84480261986439e-15,"6","PTPN1","CD8_Memory_P2RY8"
3.2210005534806e-21,0.418754161347767,0.31,0.231,6.09574354746204e-17,"6","STAU1","CD8_Memory_P2RY8"
3.13905208463709e-36,0.418017465855316,0.488,0.373,5.9406560701757e-32,"6","THRAP3","CD8_Memory_P2RY8"
4.89726912286014e-38,0.417762814565914,0.516,0.395,9.26808181501282e-34,"6","CCNL1","CD8_Memory_P2RY8"
3.08063296413445e-109,0.415324314534233,0.852,0.693,5.83009788462445e-105,"6","FYN","CD8_Memory_P2RY8"
0,0.415078483972065,0.99,0.927,0,"6","PTPRC","CD8_Memory_P2RY8"
1.8085339183456e-16,0.415021235464277,0.254,0.19,3.42265044046905e-12,"6","FOXN3","CD8_Memory_P2RY8"
1.08350145861172e-50,0.412030666674291,0.588,0.443,2.05052651042268e-46,"6","GSPT1","CD8_Memory_P2RY8"
2.4585848019556e-24,0.410001706817083,0.337,0.248,4.65287173770098e-20,"6","YME1L1","CD8_Memory_P2RY8"
2.15822398914368e-36,0.40981874500207,0.478,0.355,4.08443889945442e-32,"6","ZC3HAV1","CD8_Memory_P2RY8"
3.83716756060596e-25,0.409243620900889,0.398,0.308,7.26183960844677e-21,"6","SLC3A2","CD8_Memory_P2RY8"
5.65648259313928e-37,0.404739693661944,0.498,0.38,1.07048933075161e-32,"6","NOP58","CD8_Memory_P2RY8"
8.15688366130385e-39,0.403408556374743,0.51,0.383,1.54369023290175e-34,"6","HSPA9","CD8_Memory_P2RY8"
1.95380068371765e-22,0.403102941211646,0.347,0.263,3.69756779393564e-18,"6","RABGAP1L","CD8_Memory_P2RY8"
8.02768121987051e-64,0.401680504455547,0.693,0.546,1.51923867086049e-59,"6","JAK1","CD8_Memory_P2RY8"
1.2189507261263e-20,0.400516984176529,0.361,0.281,2.30686424919403e-16,"6","MAP3K8","CD8_Memory_P2RY8"
9.31742713786004e-37,0.400129857107531,0.529,0.412,1.76332308584001e-32,"6","APMAP","CD8_Memory_P2RY8"
2.7646955354875e-24,0.398666446171004,0.424,0.337,5.2321863009101e-20,"6","RPN1","CD8_Memory_P2RY8"
9.92707099215579e-25,0.39795156378779,0.4,0.307,1.87869818526548e-20,"6","SLA2","CD8_Memory_P2RY8"
9.75686411211889e-23,0.39713874083929,0.352,0.265,1.8464865332185e-18,"6","CLDND1","CD8_Memory_P2RY8"
2.04155539169605e-32,0.396919704470847,0.492,0.384,3.86364357878477e-28,"6","WSB1","CD8_Memory_P2RY8"
3.77663321070307e-68,0.395221720352583,0.718,0.559,7.14727835125557e-64,"6","MYH9","CD8_Memory_P2RY8"
2.32716279773901e-21,0.394996242759048,0.389,0.308,4.40415559472108e-17,"6","RPN2","CD8_Memory_P2RY8"
3.94255111243739e-23,0.394851805067731,0.405,0.319,7.46127798028776e-19,"6","KTN1","CD8_Memory_P2RY8"
1.75494842523106e-22,0.394713102591798,0.361,0.273,3.32123989474978e-18,"6","ARHGAP15","CD8_Memory_P2RY8"
1.20265387755852e-58,0.393864059364577,0.699,0.537,2.2760224632795e-54,"6","VPS37B","CD8_Memory_P2RY8"
1.28545546956023e-23,0.392706797801855,0.394,0.306,2.43272447614274e-19,"6","PRPF38B","CD8_Memory_P2RY8"
1.39735895729974e-28,0.392259384683541,0.418,0.314,2.64450182668976e-24,"6","CSNK1D","CD8_Memory_P2RY8"
2.11765800810019e-24,0.39147170934331,0.362,0.27,4.00766778032961e-20,"6","TMX4","CD8_Memory_P2RY8"
7.27165592303281e-23,0.389554231210981,0.346,0.258,1.37616088343396e-18,"6","CSNK1A1","CD8_Memory_P2RY8"
1.89539059239904e-15,0.389431884663428,0.296,0.232,3.58702669611519e-11,"6","HM13","CD8_Memory_P2RY8"
1.99644438167291e-39,0.385062854611552,0.556,0.432,3.77827099231597e-35,"6","AKNA","CD8_Memory_P2RY8"
9.35649754827969e-29,0.384777621516166,0.466,0.367,1.77071716101193e-24,"6","NCOR1","CD8_Memory_P2RY8"
2.27184751692927e-29,0.384576504973934,0.476,0.372,4.29947142578864e-25,"6","IL2RB","CD8_Memory_P2RY8"
1.11366254405324e-23,0.383601200116567,0.424,0.336,2.10760636462076e-19,"6","UBXN4","CD8_Memory_P2RY8"
1.87410259017471e-27,0.383378293194494,0.44,0.337,3.54673915190564e-23,"6","RBM25","CD8_Memory_P2RY8"
9.53038396670913e-19,0.381851493647075,0.351,0.277,1.8036251656997e-14,"6","LAPTM4A","CD8_Memory_P2RY8"
6.77914053371775e-34,0.379879878951937,0.496,0.381,1.28295234600608e-29,"6","CAPZA1","CD8_Memory_P2RY8"
2.56515956695933e-15,0.379817353195867,0.278,0.214,4.85456448047054e-11,"6","PHF1","CD8_Memory_P2RY8"
2.83269278690799e-18,0.378831723426842,0.308,0.233,5.36087109922338e-14,"6","RAB14","CD8_Memory_P2RY8"
1.71979835035679e-18,0.378725779334569,0.296,0.221,3.25471837805023e-14,"6","HNRNPH1","CD8_Memory_P2RY8"
3.67235196920403e-27,0.37827228643736,0.465,0.37,6.94992610171863e-23,"6","CD164","CD8_Memory_P2RY8"
4.63350202404801e-37,0.373398607725645,0.555,0.437,8.76890258051086e-33,"6","PRKCH","CD8_Memory_P2RY8"
1.9583397440982e-17,0.373066630809281,0.313,0.241,3.70615796570585e-13,"6","PRPF4B","CD8_Memory_P2RY8"
7.68712582882569e-24,0.370873895180211,0.432,0.341,1.45478856310526e-19,"6","DDX21","CD8_Memory_P2RY8"
2.36188409433976e-21,0.368461692366672,0.402,0.317,4.469865648538e-17,"6","PDIA6","CD8_Memory_P2RY8"
1.02079917706859e-14,0.364472621568756,0.317,0.254,1.93186244260232e-10,"6","CMTM6","CD8_Memory_P2RY8"
1.21326547272256e-46,0.363477398112636,0.664,0.531,2.29610490712745e-42,"6","SF1","CD8_Memory_P2RY8"
2.40448389818133e-62,0.362392717297932,0.787,0.634,4.55048577730817e-58,"6","LEPROTL1","CD8_Memory_P2RY8"
1.0475591976855e-24,0.355399541753549,0.464,0.368,1.98250578161981e-20,"6","SRSF11","CD8_Memory_P2RY8"
1.70567694631801e-16,0.354785761681836,0.275,0.206,3.22799362090683e-12,"6","THEMIS","CD8_Memory_P2RY8"
1.98011600506761e-19,0.353818791329502,0.429,0.35,3.74736953959046e-15,"6","LYST","CD8_Memory_P2RY8"
1.70134185693945e-15,0.353148091363322,0.305,0.237,3.21978946425791e-11,"6","GPR174","CD8_Memory_P2RY8"
2.70267459864919e-17,0.353060453836637,0.348,0.275,5.11481167794359e-13,"6","SLTM","CD8_Memory_P2RY8"
1.72992533159421e-22,0.353054338666112,0.405,0.315,3.27388369004205e-18,"6","RAD21","CD8_Memory_P2RY8"
1.75682414595054e-55,0.350260060184266,0.765,0.612,3.3247896962114e-51,"6","ZNF331","CD8_Memory_P2RY8"
4.25165680944419e-56,0.350051984700091,0.77,0.622,8.04626051187313e-52,"6","FUS","CD8_Memory_P2RY8"
7.02475552116184e-14,0.349055800952216,0.287,0.224,1.32943498237988e-09,"6","MECP2","CD8_Memory_P2RY8"
6.44140078053094e-40,0.347356510026783,0.649,0.526,1.21903509771548e-35,"6","ARL6IP1","CD8_Memory_P2RY8"
1.47961920629699e-12,0.34583489818469,0.283,0.227,2.80017934791705e-08,"6","BBX","CD8_Memory_P2RY8"
5.67016786308844e-17,0.344214682272806,0.332,0.259,1.07307926808949e-12,"6","KIF5B","CD8_Memory_P2RY8"
1.88019061157501e-29,0.343218731067954,0.553,0.45,3.55826073240571e-25,"6","ANKRD12","CD8_Memory_P2RY8"
3.79345276416283e-26,0.342868226012286,0.483,0.382,7.17910935617816e-22,"6","NFE2L2","CD8_Memory_P2RY8"
3.15000219918551e-12,0.336336264809499,0.251,0.196,5.96137916195859e-08,"6","FXR1","CD8_Memory_P2RY8"
4.23775903706665e-30,0.335873202020397,0.535,0.421,8.01995897764864e-26,"6","SYAP1","CD8_Memory_P2RY8"
7.03151045536761e-17,0.333175175724886,0.362,0.288,1.33071335367832e-12,"6","ZNF207","CD8_Memory_P2RY8"
9.23959086890665e-23,0.333118019861497,0.457,0.364,1.74859257194058e-18,"6","MBP","CD8_Memory_P2RY8"
9.95157463344014e-26,0.331475637946431,0.518,0.422,1.88333549937855e-21,"6","ARHGAP9","CD8_Memory_P2RY8"
1.1093528809702e-18,0.329502931705199,0.362,0.28,2.0994503272361e-14,"6","YTHDC1","CD8_Memory_P2RY8"
7.76695786412717e-17,0.32874099557858,0.361,0.286,1.46989677578607e-12,"6","CEBPZ","CD8_Memory_P2RY8"
2.61062020004014e-14,0.328724946694195,0.285,0.22,4.94059872857597e-10,"6","MIER1","CD8_Memory_P2RY8"
4.8703549305436e-27,0.327866366283412,0.557,0.458,9.21714670605376e-23,"6","CCNH","CD8_Memory_P2RY8"
6.04106792060866e-12,0.327687907273976,0.284,0.227,1.14327210397519e-07,"6","WDR33","CD8_Memory_P2RY8"
1.20595766549154e-16,0.324473297487978,0.368,0.296,2.28227488194273e-12,"6","DNTTIP2","CD8_Memory_P2RY8"
1.10337627108294e-10,0.322634522654161,0.254,0.203,2.08813959302447e-06,"6","LRPAP1","CD8_Memory_P2RY8"
2.27979233633175e-39,0.321889432331333,0.681,0.565,4.31450699650784e-35,"6","ELF1","CD8_Memory_P2RY8"
6.676679291875e-47,0.319438528747181,0.769,0.64,1.26356155598734e-42,"6","CD69","CD8_Memory_P2RY8"
1.00190867719409e-15,0.318982298554351,0.375,0.304,1.89611217158982e-11,"6","PPP1R12A","CD8_Memory_P2RY8"
1.45235555865506e-20,0.316275914116648,0.467,0.379,2.7485828947547e-16,"6","SUN2","CD8_Memory_P2RY8"
9.24096028059576e-28,0.314744145865036,0.524,0.41,1.74885173310275e-23,"6","FOSL2","CD8_Memory_P2RY8"
7.55398110604303e-12,0.314650290716159,0.26,0.204,1.42959092431864e-07,"6","BNIP2","CD8_Memory_P2RY8"
4.31225694407029e-18,0.314485164150042,0.399,0.318,8.16094626665302e-14,"6","ITGAL","CD8_Memory_P2RY8"
3.85626454084154e-12,0.311669737295094,0.315,0.256,7.29798064354262e-08,"6","EMC7","CD8_Memory_P2RY8"
4.00958884596235e-15,0.308951113594466,0.348,0.278,7.58814689098375e-11,"6","INSIG1","CD8_Memory_P2RY8"
6.11740905138551e-13,0.307086336079398,0.327,0.264,1.15771966297471e-08,"6","DDOST","CD8_Memory_P2RY8"
1.78848064522479e-18,0.304127408637269,0.46,0.376,3.38469962108792e-14,"6","CELF2","CD8_Memory_P2RY8"
4.09927633878171e-11,0.304031622163983,0.263,0.209,7.75788047114438e-07,"6","GNAI3","CD8_Memory_P2RY8"
2.65169641203129e-18,0.301906985755132,0.457,0.374,5.01833545976922e-14,"6","RUNX3","CD8_Memory_P2RY8"
4.55276095719474e-12,0.301686707655228,0.316,0.256,8.61610011149104e-08,"6","U2SURP","CD8_Memory_P2RY8"
7.96289130358264e-15,0.301243300560463,0.361,0.29,1.50697717920301e-10,"6","NDFIP1","CD8_Memory_P2RY8"
3.37994476407269e-45,0.2990039766563,0.791,0.679,6.39654546600757e-41,"6","TMBIM6","CD8_Memory_P2RY8"
1.87121588472743e-10,0.298209015970198,0.273,0.221,3.54127606184666e-06,"6","DDX27","CD8_Memory_P2RY8"
6.34921549162013e-13,0.296595963521612,0.376,0.313,1.20158903178911e-08,"6","GLIPR1","CD8_Memory_P2RY8"
3.9495954115809e-14,0.291662952426591,0.389,0.319,7.47460931641685e-10,"6","STOM","CD8_Memory_P2RY8"
1.34915670899619e-16,0.28515711092078,0.407,0.327,2.55327907177528e-12,"6","NSD3","CD8_Memory_P2RY8"
2.86343311717401e-15,0.284065185109044,0.413,0.338,5.41904717425182e-11,"6","PITPNC1","CD8_Memory_P2RY8"
1.94818865514325e-11,0.281596364068927,0.329,0.269,3.6869470298586e-07,"6","PRPF40A","CD8_Memory_P2RY8"
1.46184222050021e-14,0.281520801784709,0.399,0.331,2.76653640229665e-10,"6","TOP1","CD8_Memory_P2RY8"
7.10864207697153e-10,0.281440271897892,0.288,0.237,1.34531051306686e-05,"6","DDX46","CD8_Memory_P2RY8"
4.08914040975573e-10,0.281176312159252,0.305,0.25,7.73869822546272e-06,"6","DNAJB9","CD8_Memory_P2RY8"
1.52582494848059e-18,0.27830128510682,0.475,0.387,2.88762371499952e-14,"6","FLNA","CD8_Memory_P2RY8"
1.52933287256207e-10,0.277788303208696,0.278,0.224,2.89426246132371e-06,"6","PSIP1","CD8_Memory_P2RY8"
3.50819979089716e-30,0.276363892347945,0.678,0.574,6.63926810427288e-26,"6","RBM39","CD8_Memory_P2RY8"
3.91469439300493e-08,0.275862459511385,0.252,0.208,0.000740855913876182,"6","TMEM259","CD8_Memory_P2RY8"
8.67672908091657e-10,0.275434323331168,0.301,0.247,1.64207097856346e-05,"6","PHF20","CD8_Memory_P2RY8"
1.00804649193978e-12,0.271477578443487,0.335,0.268,1.90772798599604e-08,"6","SYNRG","CD8_Memory_P2RY8"
3.11244098856188e-13,0.270961993324736,0.396,0.329,5.89029457085336e-09,"6","FMNL1","CD8_Memory_P2RY8"
1.21900016449467e-54,0.268113373500916,0.903,0.784,2.30695781130616e-50,"6","SRSF7","CD8_Memory_P2RY8"
6.58782954278449e-32,0.266441350689103,0.683,0.585,1.24674674097196e-27,"6","WIPF1","CD8_Memory_P2RY8"
1.37034091395065e-09,0.266375782029223,0.268,0.217,2.5933701796516e-05,"6","TMEM248","CD8_Memory_P2RY8"
2.61845596802945e-24,0.262933331818755,0.649,0.546,4.95542791949573e-20,"6","CD3G","CD8_Memory_P2RY8"
7.74177088221579e-41,0.262199687799256,0.798,0.684,1.46513013945934e-36,"6","NCL","CD8_Memory_P2RY8"
6.92427395446134e-33,0.26120889425908,0.763,0.649,1.31041884588181e-28,"6","DDX24","CD8_Memory_P2RY8"
3.73627561996296e-14,0.259386126443174,0.438,0.362,7.07090161077990e-10,"6","ARGLU1","CD8_Memory_P2RY8"
1.40246552940459e-08,0.257437743096462,0.295,0.247,0.000265416601439818,"6","SCAMP2","CD8_Memory_P2RY8"
2.40828408080406e-08,0.256928890734337,0.251,0.204,0.000455767762292168,"6","ZNF800","CD8_Memory_P2RY8"
4.94830229495391e-16,0.256688531668775,0.453,0.369,9.36466209320028e-12,"6","SRRT","CD8_Memory_P2RY8"
8.0457013074131e-17,0.256141773117025,0.547,0.473,1.52264897242793e-12,"6","MT-ND6","CD8_Memory_P2RY8"
2.96331131546414e-09,0.253546551859814,0.251,0.202,5.60806666451589e-05,"6","TOX4","CD8_Memory_P2RY8"
8.43698591983743e-14,0.252722641408067,0.46,0.385,1.59669958532923e-09,"6","PPP2R5C","CD8_Memory_P2RY8"
3.78911623728885e-15,0.250423796873416,0.483,0.404,7.17090247906915e-11,"6","SRSF10","CD8_Memory_P2RY8"
0,5.53180954122345,0.438,0.01,0,"15","PRSS23","CD8_Cytotoxic_Effector"
0,4.78243031395567,0.794,0.032,0,"15","FGFBP2","CD8_Cytotoxic_Effector"
0,4.51924768157008,0.49,0.022,0,"15","CX3CR1","CD8_Cytotoxic_Effector"
0,3.85973652867412,0.275,0.019,0,"15","VCL","CD8_Cytotoxic_Effector"
0,3.53988186160901,0.765,0.075,0,"15","GNLY","CD8_Cytotoxic_Effector"
2.65807317462591e-321,3.10681817318116,0.462,0.053,5.03040348297953e-317,"15","ADGRG1","CD8_Cytotoxic_Effector"
1.08370855042927e-195,3.08264153827522,0.315,0.039,2.05091843168739e-191,"15","GK5","CD8_Cytotoxic_Effector"
7.57934535198264e-172,2.87890282662177,0.31,0.043,1.43439110786272e-167,"15","S1PR1","CD8_Cytotoxic_Effector"
8.58013595883505e-200,2.87476172582411,0.379,0.056,1.62379073020953e-195,"15","CEP78","CD8_Cytotoxic_Effector"
5.08493806756792e-305,2.81525362839973,0.635,0.109,9.62324529287229e-301,"15","FCGR3A","CD8_Cytotoxic_Effector"
1.98369239541452e-166,2.75275164384244,0.342,0.053,3.75413785832198e-162,"15","C1orf21","CD8_Cytotoxic_Effector"
6.65894484891434e-116,2.72407354000535,0.267,0.045,1.26020531265704e-111,"15","FGL2","CD8_Cytotoxic_Effector"
2.1427259234151e-163,2.67613753102036,0.392,0.071,4.05510881006307e-159,"15","HSH2D","CD8_Cytotoxic_Effector"
0,2.49725968056262,0.906,0.2,0,"15","GZMB","CD8_Cytotoxic_Effector"
7.49601929306884e-169,2.46028342607602,0.515,0.118,1.41862165121328e-164,"15","SPON2","CD8_Cytotoxic_Effector"
1.01057517657727e-230,2.41568027879508,0.619,0.126,1.91251352167249e-226,"15","S1PR5","CD8_Cytotoxic_Effector"
4.31833708939864e-195,2.37105963734875,0.544,0.111,8.17245294168692e-191,"15","KLF3","CD8_Cytotoxic_Effector"
2.66987779360437e-139,2.35541145771671,0.373,0.071,5.05274372439626e-135,"15","SORL1","CD8_Cytotoxic_Effector"
1.28199360533777e-210,2.33532285853446,0.623,0.141,2.42617289810173e-206,"15","TGFBR3","CD8_Cytotoxic_Effector"
1.09563653046073e-103,2.26666580364207,0.338,0.075,2.07349213389693e-99,"15","LYN","CD8_Cytotoxic_Effector"
1.92242201876186e-78,2.25810553102172,0.26,0.058,3.63818367050681e-74,"15","NCR1","CD8_Cytotoxic_Effector"
2.64629832331156e-83,2.1358025273706,0.31,0.075,5.00811957686713e-79,"15","KLRF1","CD8_Cytotoxic_Effector"
7.09899595706359e-73,2.11200458752448,0.267,0.063,1.34348498487428e-68,"15","CD226","CD8_Cytotoxic_Effector"
8.48343805205124e-166,2.07933710730588,0.592,0.148,1.6054906513507e-161,"15","RIPOR2","CD8_Cytotoxic_Effector"
4.70737466003327e-69,2.0346735839012,0.256,0.06,8.90870654411297e-65,"15","GALNT3","CD8_Cytotoxic_Effector"
6.99999390391115e-107,2.03310785204804,0.402,0.098,1.32474884631518e-102,"15","ADRB2","CD8_Cytotoxic_Effector"
9.46440295641198e-116,2.02602106953005,0.41,0.095,1.79113825950097e-111,"15","PLAC8","CD8_Cytotoxic_Effector"
1.16290155559931e-70,2.01053732894379,0.283,0.071,2.2007911939717e-66,"15","HAVCR2","CD8_Cytotoxic_Effector"
8.75082934255239e-132,2.0019391881011,0.508,0.13,1.65609445307804e-127,"15","STK38","CD8_Cytotoxic_Effector"
2.15725014641405e-110,1.92442073023951,0.498,0.144,4.08259590208858e-106,"15","IGF2R","CD8_Cytotoxic_Effector"
3.5485124542705e-160,1.91703101010263,0.679,0.204,6.71555981970693e-156,"15","SYNE1","CD8_Cytotoxic_Effector"
5.49287763960043e-101,1.90746288388213,0.425,0.112,1.03952709329438e-96,"15","RASA3","CD8_Cytotoxic_Effector"
1.98707253822892e-98,1.88740794350353,0.44,0.123,3.76053477859824e-94,"15","RAP2B","CD8_Cytotoxic_Effector"
9.14335722382381e-87,1.87319946462121,0.356,0.09,1.73038035460866e-82,"15","PDE3B","CD8_Cytotoxic_Effector"
5.13367826527583e-61,1.85761964934781,0.288,0.08,9.71548611703451e-57,"15","TFDP2","CD8_Cytotoxic_Effector"
2.98851793566734e-59,1.85246706844677,0.273,0.075,5.65577019325045e-55,"15","PXN","CD8_Cytotoxic_Effector"
1.12902238367586e-70,1.84157362352153,0.327,0.09,2.13667486110657e-66,"15","MCTP2","CD8_Cytotoxic_Effector"
2.96015983103076e-131,1.82100936221902,0.652,0.221,5.60210248022572e-127,"15","ITGB1","CD8_Cytotoxic_Effector"
9.1784864690712e-67,1.81993609891379,0.327,0.094,1.73702856427172e-62,"15","CD300A","CD8_Cytotoxic_Effector"
4.29151727768709e-48,1.77625417433038,0.252,0.075,8.12169644802281e-44,"15","FGR","CD8_Cytotoxic_Effector"
1.86666760966012e-77,1.75517604270192,0.415,0.128,3.53266845128178e-73,"15","GNPTAB","CD8_Cytotoxic_Effector"
4.89899019830635e-107,1.7119197325835,0.579,0.192,9.27133895029476e-103,"15","BHLHE40","CD8_Cytotoxic_Effector"
2.15664953938813e-148,1.71083954177454,0.758,0.277,4.08145925329205e-144,"15","SYNE2","CD8_Cytotoxic_Effector"
7.97065663712968e-133,1.70951889132902,0.667,0.218,1.50844676857679e-128,"15","PDE4D","CD8_Cytotoxic_Effector"
8.15747122822789e-85,1.70590703356181,0.458,0.143,1.54380142994213e-80,"15","ADAM10","CD8_Cytotoxic_Effector"
5.33453816882642e-59,1.70431273971768,0.304,0.089,1.0095613484504e-54,"15","YES1","CD8_Cytotoxic_Effector"
3.96968911530315e-79,1.69707337176836,0.44,0.14,7.51263665071121e-75,"15","DIP2A","CD8_Cytotoxic_Effector"
2.28129901043519e-54,1.69429762287244,0.327,0.107,4.31735837724859e-50,"15","TMEM71","CD8_Cytotoxic_Effector"
2.44832715162038e-64,1.67382606530546,0.333,0.097,4.63345913444156e-60,"15","PARP15","CD8_Cytotoxic_Effector"
4.58762799773853e-97,1.66043922422853,0.55,0.184,8.68208598572017e-93,"15","P2RY8","CD8_Cytotoxic_Effector"
2.14548276821529e-65,1.62410341661975,0.383,0.123,4.06032613884743e-61,"15","MYBL1","CD8_Cytotoxic_Effector"
4.33934686773049e-86,1.54780056159033,0.556,0.202,8.21221394717996e-82,"15","ENC1","CD8_Cytotoxic_Effector"
9.01528369219652e-110,1.52786033680497,0.683,0.251,1.70614243874819e-105,"15","CD55","CD8_Cytotoxic_Effector"
3.03524244406501e-61,1.52339685888504,0.402,0.138,5.74419632539304e-57,"15","SSH2","CD8_Cytotoxic_Effector"
9.36570291007123e-38,1.51148817714542,0.252,0.085,1.77245927573098e-33,"15","SYT11","CD8_Cytotoxic_Effector"
4.80258236481749e-62,1.48550318715865,0.444,0.164,9.08888712541711e-58,"15","ATP2B1","CD8_Cytotoxic_Effector"
2.50204201596544e-34,1.48222971077386,0.25,0.089,4.73511451521459e-30,"15","CPT1A","CD8_Cytotoxic_Effector"
4.49411579894856e-36,1.47913367921154,0.256,0.09,8.50511414951015e-32,"15","PPP3CA","CD8_Cytotoxic_Effector"
5.72292014804121e-60,1.47298062724589,0.45,0.174,1.0830626380168e-55,"15","AUTS2","CD8_Cytotoxic_Effector"
8.27322821395911e-44,1.4470504350747,0.346,0.132,1.56570843949176e-39,"15","PTPRE","CD8_Cytotoxic_Effector"
4.12959721178852e-66,1.4336282602679,0.5,0.194,7.81526272330977e-62,"15","LPCAT1","CD8_Cytotoxic_Effector"
3.78060116848467e-85,1.33314414884313,0.671,0.287,7.15478771135723e-81,"15","B4GALT1","CD8_Cytotoxic_Effector"
3.50672429070428e-29,1.32512935040797,0.273,0.112,6.63647572015786e-25,"15","HGSNAT","CD8_Cytotoxic_Effector"
1.07659749183597e-26,1.31916207034487,0.256,0.106,2.03746075329957e-22,"15","TPP1","CD8_Cytotoxic_Effector"
9.94269455650436e-49,1.31452113105475,0.431,0.175,1.88165494481845e-44,"15","SLC20A1","CD8_Cytotoxic_Effector"
2.70800255199231e-33,1.30312120529329,0.315,0.129,5.12489482964544e-29,"15","ITPRIP","CD8_Cytotoxic_Effector"
3.18667973335837e-45,1.29215026738893,0.36,0.131,6.03079139538071e-41,"15","TYROBP","CD8_Cytotoxic_Effector"
1.37986413644298e-33,1.28843124952308,0.312,0.127,2.61139287821834e-29,"15","CYP51A1","CD8_Cytotoxic_Effector"
7.17041850238285e-136,1.27717244352383,0.915,0.509,1.35700170157595e-131,"15","PRF1","CD8_Cytotoxic_Effector"
2.56363665547238e-51,1.26517327607529,0.485,0.207,4.85168237048148e-47,"15","ATM","CD8_Cytotoxic_Effector"
8.92124630863398e-32,1.26097362850696,0.288,0.113,1.68834586390898e-27,"15","RCOR1","CD8_Cytotoxic_Effector"
3.15976847533559e-27,1.24769562007163,0.258,0.104,5.97986183957261e-23,"15","CPD","CD8_Cytotoxic_Effector"
3.27691229600484e-39,1.24217636882936,0.371,0.152,6.20155652018915e-35,"15","SNRK","CD8_Cytotoxic_Effector"
4.93710195725821e-57,1.24066731919878,0.548,0.241,9.34346545411117e-53,"15","SELPLG","CD8_Cytotoxic_Effector"
4.0416733470037e-26,1.2362929079807,0.252,0.103,7.6488668092045e-22,"15","KIAA1109","CD8_Cytotoxic_Effector"
3.7084230325644e-33,1.23386881182897,0.312,0.127,7.01819058912813e-29,"15","TMEM30A","CD8_Cytotoxic_Effector"
9.5860282346905e-30,1.21923091514364,0.298,0.124,1.81415584341518e-25,"15","SAMD9","CD8_Cytotoxic_Effector"
1.04605345313307e-30,1.21179176221342,0.315,0.132,1.97965616005434e-26,"15","TLE4","CD8_Cytotoxic_Effector"
1.79079996229929e-89,1.2116981035027,0.773,0.378,3.3890889286514e-85,"15","ZEB2","CD8_Cytotoxic_Effector"
1.36094653254923e-58,1.20544989686357,0.573,0.256,2.57559131284942e-54,"15","LNPEP","CD8_Cytotoxic_Effector"
6.21504986123718e-26,1.18281719136069,0.265,0.11,1.17619818623914e-21,"15","TRANK1","CD8_Cytotoxic_Effector"
3.7839472861466e-24,1.17641275279553,0.26,0.112,7.16112023903243e-20,"15","KDM2B","CD8_Cytotoxic_Effector"
2.15606476690665e-38,1.17588398924123,0.41,0.179,4.08035257137084e-34,"15","PTPN4","CD8_Cytotoxic_Effector"
2.923736121324e-61,1.17090379200194,0.631,0.303,5.53317060960568e-57,"15","CAST","CD8_Cytotoxic_Effector"
5.32302113859227e-31,1.16704411536896,0.338,0.147,1.00738175047859e-26,"15","SYTL2","CD8_Cytotoxic_Effector"
1.81843432260914e-26,1.16450152177916,0.292,0.127,3.44138695553779e-22,"15","ADAM8","CD8_Cytotoxic_Effector"
1.43850606578676e-24,1.16210095342922,0.254,0.106,2.72237272950144e-20,"15","MKLN1","CD8_Cytotoxic_Effector"
7.08473339239084e-24,1.16090674882383,0.277,0.124,1.34078579450997e-19,"15","GTF3C1","CD8_Cytotoxic_Effector"
1.17795155628723e-27,1.16036674673679,0.279,0.115,2.22927332027359e-23,"15","UBR2","CD8_Cytotoxic_Effector"
5.16275119414764e-79,1.14742941330232,0.771,0.417,9.77050663492441e-75,"15","CD247","CD8_Cytotoxic_Effector"
7.03563074924287e-22,1.14635831404504,0.267,0.122,1.33149311929421e-17,"15","TMBIM1","CD8_Cytotoxic_Effector"
2.10392901462549e-24,1.13427281537285,0.256,0.107,3.98168566017875e-20,"15","SPTBN1","CD8_Cytotoxic_Effector"
3.20814116378883e-29,1.11933785267699,0.373,0.179,6.07140715247036e-25,"15","FRYL","CD8_Cytotoxic_Effector"
1.07298840743334e-33,1.11806731089557,0.373,0.163,2.0306305610676e-29,"15","MYO1F","CD8_Cytotoxic_Effector"
9.56759676318075e-52,1.11459585959014,0.592,0.291,1.81066768743196e-47,"15","UTRN","CD8_Cytotoxic_Effector"
8.66995021980855e-28,1.11442070900072,0.319,0.14,1.64078807909877e-23,"15","ITCH","CD8_Cytotoxic_Effector"
3.49573273371264e-22,1.10991380948445,0.256,0.113,6.61567419855117e-18,"15","CCNT2","CD8_Cytotoxic_Effector"
2.36724809876433e-22,1.10771354027765,0.256,0.113,4.48001702691149e-18,"15","SEC14L1","CD8_Cytotoxic_Effector"
3.8452813809156e-21,1.10768294556995,0.254,0.114,7.27719501338278e-17,"15","ELF2","CD8_Cytotoxic_Effector"
6.22306983184388e-32,1.10488315876206,0.419,0.205,1.17771596567645e-27,"15","ABLIM1","CD8_Cytotoxic_Effector"
1.08146971202964e-36,1.10035188025469,0.446,0.209,2.0466814300161e-32,"15","ATP2B4","CD8_Cytotoxic_Effector"
2.94820093487931e-27,1.08642859329947,0.34,0.157,5.5794702692591e-23,"15","RIOK3","CD8_Cytotoxic_Effector"
8.66838680554719e-73,1.08571228583866,0.754,0.389,1.64049220294981e-68,"15","FLNA","CD8_Cytotoxic_Effector"
1.66106909549585e-68,1.08225603778588,0.742,0.392,3.1435732632259e-64,"15","AHNAK","CD8_Cytotoxic_Effector"
1.04798076966175e-31,1.07129818366875,0.392,0.179,1.98330360658487e-27,"15","BTN3A1","CD8_Cytotoxic_Effector"
1.1614931513877e-20,1.07113042550578,0.271,0.127,2.19812578900122e-16,"15","GSK3B","CD8_Cytotoxic_Effector"
4.89764180770029e-42,1.0624824751709,0.535,0.267,9.2687871210728e-38,"15","MACF1","CD8_Cytotoxic_Effector"
8.55986428430473e-20,1.05636226815416,0.277,0.134,1.61995431580467e-15,"15","KLHL24","CD8_Cytotoxic_Effector"
1.23289756155287e-19,1.04711405902161,0.273,0.131,2.33325863523881e-15,"15","UAP1","CD8_Cytotoxic_Effector"
4.61811251672927e-22,1.03916652423755,0.292,0.138,8.73977793791014e-18,"15","SEL1L","CD8_Cytotoxic_Effector"
5.24271242142519e-24,1.03911968249714,0.312,0.146,9.92183325754717e-20,"15","MGAT4A","CD8_Cytotoxic_Effector"
3.85528793378113e-21,1.03352471349847,0.277,0.128,7.29613241468079e-17,"15","AP3B1","CD8_Cytotoxic_Effector"
1.13373628692615e-44,1.03294571774545,0.592,0.297,2.14559592300775e-40,"15","IFNGR1","CD8_Cytotoxic_Effector"
6.68532839291626e-22,1.02887153396521,0.31,0.152,1.2651983983594e-17,"15","SETX","CD8_Cytotoxic_Effector"
3.82618885918399e-26,1.02725296338576,0.346,0.161,7.24106241600571e-22,"15","TES","CD8_Cytotoxic_Effector"
1.31918423182257e-17,1.02653432558881,0.25,0.121,2.49655615872422e-13,"15","DPYD","CD8_Cytotoxic_Effector"
3.24763602215374e-21,1.02316775805418,0.275,0.126,6.14615117192595e-17,"15","BTN3A3","CD8_Cytotoxic_Effector"
1.4955217766756e-23,1.01598096491779,0.31,0.144,2.83027496235858e-19,"15","PUM2","CD8_Cytotoxic_Effector"
2.7136143405181e-23,1.01096888885953,0.329,0.16,5.13551513943051e-19,"15","RAB29","CD8_Cytotoxic_Effector"
3.06562035251304e-19,1.00472833426025,0.254,0.117,5.80168651713093e-15,"15","ADIPOR2","CD8_Cytotoxic_Effector"
7.02691085072184e-41,1.00252503645985,0.552,0.282,1.32984287849911e-36,"15","DIAPH1","CD8_Cytotoxic_Effector"
5.74783225216397e-41,1.00126851340416,0.573,0.303,1.08777725372203e-36,"15","EFHD2","CD8_Cytotoxic_Effector"
4.01157036887069e-28,0.998925709963011,0.398,0.196,7.59189692308779e-24,"15","ADD3","CD8_Cytotoxic_Effector"
1.5576344647261e-22,0.998271361538587,0.294,0.135,2.94782322449414e-18,"15","PPP2R5A","CD8_Cytotoxic_Effector"
2.99922785533065e-39,0.995457992018673,0.531,0.264,5.67603871621326e-35,"15","PLEKHA2","CD8_Cytotoxic_Effector"
6.24312039130065e-32,0.994502903936321,0.454,0.223,1.18151053405365e-27,"15","SAMD3","CD8_Cytotoxic_Effector"
1.77324624405438e-27,0.992717951422523,0.39,0.19,3.35586851687291e-23,"15","UHMK1","CD8_Cytotoxic_Effector"
3.49335981143682e-22,0.986614284219915,0.31,0.148,6.61118344314419e-18,"15","NR1D2","CD8_Cytotoxic_Effector"
7.04399806924773e-29,0.977096729830668,0.462,0.246,1.33307663460513e-24,"15","NFKB1","CD8_Cytotoxic_Effector"
8.10111917118541e-24,0.974284855056033,0.331,0.158,1.53313680314684e-19,"15","TRAPPC10","CD8_Cytotoxic_Effector"
1.27176989042513e-26,0.970235264985798,0.379,0.185,2.40682451762956e-22,"15","SACM1L","CD8_Cytotoxic_Effector"
3.68266767470017e-20,0.969448309984953,0.3,0.147,6.96944857437007e-16,"15","USP47","CD8_Cytotoxic_Effector"
1.28129258507827e-25,0.966211502362258,0.394,0.203,2.42484621726063e-21,"15","RNF168","CD8_Cytotoxic_Effector"
2.0158854597005e-28,0.965180716609726,0.423,0.212,3.81506323248319e-24,"15","CD46","CD8_Cytotoxic_Effector"
6.18035308508153e-29,0.964837701710417,0.438,0.223,1.16963182135168e-24,"15","NIPBL","CD8_Cytotoxic_Effector"
2.8241325439254e-19,0.960680150211046,0.25,0.114,5.34467083937882e-15,"15","USP33","CD8_Cytotoxic_Effector"
2.30765467294537e-27,0.957793764138487,0.421,0.215,4.36723646854911e-23,"15","PLEK","CD8_Cytotoxic_Effector"
2.01110244371427e-26,0.955817354634761,0.423,0.221,3.80601137472926e-22,"15","GLG1","CD8_Cytotoxic_Effector"
1.05324758684413e-26,0.954756960212531,0.415,0.213,1.99327105810251e-22,"15","GOLGA4","CD8_Cytotoxic_Effector"
4.01439084416896e-19,0.952497052611237,0.321,0.166,7.59723467258975e-15,"15","RC3H1","CD8_Cytotoxic_Effector"
5.77609163573467e-38,0.951508773537011,0.556,0.297,1.09312534206279e-33,"15","SPN","CD8_Cytotoxic_Effector"
4.65761617160732e-19,0.949453018979038,0.319,0.168,8.81453860476686e-15,"15","PRKDC","CD8_Cytotoxic_Effector"
2.4559158072553e-27,0.949174668024769,0.433,0.225,4.64782066523065e-23,"15","ARID5B","CD8_Cytotoxic_Effector"
4.63428154389418e-21,0.9478920266019,0.296,0.14,8.77037782181973e-17,"15","PARP14","CD8_Cytotoxic_Effector"
2.38735600662105e-17,0.941778666964705,0.281,0.144,4.51807124253034e-13,"15","PRDM2","CD8_Cytotoxic_Effector"
5.53455908858992e-17,0.937228245125603,0.275,0.14,1.04741530751564e-12,"15","BIRC2","CD8_Cytotoxic_Effector"
7.14050398427354e-29,0.935811277830792,0.444,0.222,1.35134037902377e-24,"15","GPCPD1","CD8_Cytotoxic_Effector"
1.89764483584927e-45,0.922447076304202,0.681,0.392,3.59129285184475e-41,"15","KLRD1","CD8_Cytotoxic_Effector"
2.7246326565247e-22,0.920600286320157,0.371,0.193,5.15636730247299e-18,"15","PTPRA","CD8_Cytotoxic_Effector"
1.20760403268635e-24,0.919545581794104,0.379,0.19,2.28539063185891e-20,"15","BIRC6","CD8_Cytotoxic_Effector"
4.92281008887065e-41,0.917773592642408,0.615,0.328,9.31641809318771e-37,"15","CDC42SE1","CD8_Cytotoxic_Effector"
9.64736888369441e-20,0.916533369062453,0.329,0.172,1.82576456123917e-15,"15","CLTC","CD8_Cytotoxic_Effector"
7.31061670620274e-51,0.915892863216784,0.717,0.403,1.38353421164887e-46,"15","DDX6","CD8_Cytotoxic_Effector"
2.09037269661526e-17,0.913943753782529,0.292,0.15,3.95603032834438e-13,"15","MFSD14A","CD8_Cytotoxic_Effector"
2.06307541995421e-23,0.913094520242162,0.385,0.2,3.90437023226334e-19,"15","SPPL2A","CD8_Cytotoxic_Effector"
9.57236563442546e-16,0.912233576648006,0.26,0.132,1.81157019631502e-11,"15","TMEM43","CD8_Cytotoxic_Effector"
5.07099782109785e-17,0.900959826723053,0.265,0.13,9.59686337642768e-13,"15","KANSL1","CD8_Cytotoxic_Effector"
5.9157221152236e-30,0.897108626496822,0.502,0.277,1.11955041030607e-25,"15","EIF3A","CD8_Cytotoxic_Effector"
1.0599412512485e-19,0.896222932299658,0.329,0.17,2.00593881798779e-15,"15","RB1CC1","CD8_Cytotoxic_Effector"
3.90049725966313e-18,0.895895352726075,0.321,0.169,7.38169106391247e-14,"15","ADD1","CD8_Cytotoxic_Effector"
1.09945322644597e-42,0.893630067460069,0.658,0.356,2.08071523104899e-38,"15","ARL4C","CD8_Cytotoxic_Effector"
4.23482035528442e-30,0.892898030527012,0.523,0.288,8.01439752237577e-26,"15","CYTH1","CD8_Cytotoxic_Effector"
1.89230450914582e-31,0.889693239057682,0.525,0.283,3.58118628355847e-27,"15","ITK","CD8_Cytotoxic_Effector"
5.39091008565534e-15,0.889491274253476,0.269,0.142,1.02022973371027e-10,"15","ARFGAP3","CD8_Cytotoxic_Effector"
3.10675794949874e-39,0.889227352584657,0.654,0.385,5.87953941942637e-35,"15","NFE2L2","CD8_Cytotoxic_Effector"
2.18293437967587e-36,0.888177621009916,0.602,0.34,4.13120331353658e-32,"15","CDK17","CD8_Cytotoxic_Effector"
3.09483593134574e-21,0.878076248055201,0.381,0.205,5.85697700007182e-17,"15","TBX21","CD8_Cytotoxic_Effector"
9.66445733063569e-20,0.876762293852556,0.304,0.149,1.8289985498228e-15,"15","CASP8","CD8_Cytotoxic_Effector"
9.19999140097514e-14,0.876285204314192,0.252,0.135,1.74109837263455e-09,"15","POM121","CD8_Cytotoxic_Effector"
2.10707421869998e-18,0.875782176640433,0.306,0.156,3.98763795888971e-14,"15","KMT2C","CD8_Cytotoxic_Effector"
3.70973955561545e-18,0.875649041680848,0.342,0.185,7.02068210900224e-14,"15","DNAJC3","CD8_Cytotoxic_Effector"
3.06700418856954e-70,0.867697571500078,0.871,0.544,5.80430542686786e-66,"15","SYTL3","CD8_Cytotoxic_Effector"
5.82239933080863e-18,0.863366821320714,0.323,0.17,1.10188907335553e-13,"15","CEP350","CD8_Cytotoxic_Effector"
3.20239914419021e-15,0.862137481040507,0.277,0.146,6.06054038037997e-11,"15","CRBN","CD8_Cytotoxic_Effector"
7.36749215151767e-37,0.85963143150236,0.646,0.382,1.39429788967472e-32,"15","SUN2","CD8_Cytotoxic_Effector"
1.50347637035622e-12,0.854382529415085,0.25,0.137,2.84532903089914e-08,"15","PBRM1","CD8_Cytotoxic_Effector"
3.29388049346517e-30,0.853422633225928,0.544,0.31,6.23366883388284e-26,"15","SLA2","CD8_Cytotoxic_Effector"
4.15689411615261e-30,0.849004687750791,0.558,0.318,7.86692211481881e-26,"15","IQGAP2","CD8_Cytotoxic_Effector"
5.58110704810606e-18,0.848965129912145,0.335,0.179,1.05622450885407e-13,"15","TMOD3","CD8_Cytotoxic_Effector"
1.63959794367773e-17,0.848672830257955,0.346,0.19,3.10293910841011e-13,"15","TPST2","CD8_Cytotoxic_Effector"
2.05502262248683e-20,0.844838729668037,0.362,0.189,3.88913031305633e-16,"15","NCKAP1L","CD8_Cytotoxic_Effector"
4.25307531720799e-14,0.843402894356825,0.254,0.133,8.04894503781611e-10,"15","NORAD","CD8_Cytotoxic_Effector"
8.6835322068192e-23,0.839059828990923,0.425,0.232,1.64335847014053e-18,"15","LBR","CD8_Cytotoxic_Effector"
9.68410717966489e-20,0.838038593509934,0.367,0.196,1.83271728375158e-15,"15","DOCK10","CD8_Cytotoxic_Effector"
8.72937915262234e-19,0.837683595642411,0.36,0.196,1.65203500463378e-14,"15","FBXO34","CD8_Cytotoxic_Effector"
2.08214683989453e-33,0.837543935384023,0.617,0.365,3.94046289450041e-29,"15","CHD1","CD8_Cytotoxic_Effector"
7.52968133770931e-21,0.835912028070281,0.392,0.211,1.42499219316149e-16,"15","KDM5A","CD8_Cytotoxic_Effector"
3.30604426357866e-17,0.835843470730542,0.312,0.165,6.25668876882262e-13,"15","INPP5D","CD8_Cytotoxic_Effector"
2.53789117110413e-15,0.835764858401445,0.273,0.143,4.80295904131456e-11,"15","MAP3K2","CD8_Cytotoxic_Effector"
5.49519435666789e-39,0.83521666845893,0.673,0.393,1.0399655319994e-34,"15","STAT4","CD8_Cytotoxic_Effector"
8.70020601757457e-24,0.832217157517431,0.462,0.257,1.64651398882599e-19,"15","PYHIN1","CD8_Cytotoxic_Effector"
6.80264940921485e-18,0.832141521663461,0.315,0.162,1.28740140069391e-13,"15","CAND1","CD8_Cytotoxic_Effector"
2.73955577101869e-23,0.831011807582455,0.481,0.284,5.18460929665287e-19,"15","MAP3K8","CD8_Cytotoxic_Effector"
5.31954002390172e-19,0.829242337910984,0.371,0.203,1.0067229495234e-14,"15","STAG2","CD8_Cytotoxic_Effector"
7.93656753097917e-32,0.827901990328559,0.594,0.335,1.50199540523781e-27,"15","RALGAPA1","CD8_Cytotoxic_Effector"
3.30569660337952e-22,0.826360041764224,0.435,0.242,6.25603082189575e-18,"15","ATP8A1","CD8_Cytotoxic_Effector"
9.72177337025564e-19,0.825939802688745,0.344,0.182,1.83984561032088e-14,"15","OSBPL8","CD8_Cytotoxic_Effector"
4.23681807920452e-15,0.825478515496292,0.267,0.138,8.01817821489455e-11,"15","NFAT5","CD8_Cytotoxic_Effector"
1.46605186749177e-14,0.825421128822354,0.288,0.157,2.77450315922818e-10,"15","CCPG1","CD8_Cytotoxic_Effector"
1.25293450186667e-20,0.824269970499266,0.415,0.23,2.37117854478266e-16,"15","VPS4B","CD8_Cytotoxic_Effector"
5.76614552077993e-24,0.82170445197257,0.442,0.236,1.0912430398076e-19,"15","VPS13C","CD8_Cytotoxic_Effector"
6.83441789551543e-17,0.819494488457632,0.346,0.195,1.2934135867263e-12,"15","BPTF","CD8_Cytotoxic_Effector"
4.48344931840033e-17,0.818462599433168,0.331,0.178,8.48492783507262e-13,"15","PJA2","CD8_Cytotoxic_Effector"
5.22205164597392e-16,0.814278342021985,0.312,0.169,9.88273274000564e-12,"15","BRAF","CD8_Cytotoxic_Effector"
1.02924373255012e-12,0.812710309451442,0.26,0.144,1.9478437638511e-08,"15","PRKCQ","CD8_Cytotoxic_Effector"
2.70770268468265e-38,0.811807389570046,0.677,0.398,5.12432733076191e-34,"15","IQGAP1","CD8_Cytotoxic_Effector"
5.60568797388711e-18,0.808240442777917,0.352,0.192,1.06087644905814e-13,"15","EPB41","CD8_Cytotoxic_Effector"
1.08634934282131e-18,0.807854103233177,0.367,0.201,2.05591613128932e-14,"15","ACIN1","CD8_Cytotoxic_Effector"
1.3019919692512e-32,0.805132504777946,0.617,0.367,2.4640198018079e-28,"15","MBP","CD8_Cytotoxic_Effector"
3.7313829437138e-34,0.804996450706521,0.631,0.358,7.06164222097837e-30,"15","TLN1","CD8_Cytotoxic_Effector"
2.12937525183269e-18,0.801651723124104,0.373,0.205,4.02984266409337e-14,"15","TM9SF2","CD8_Cytotoxic_Effector"
9.42653348172786e-21,0.79951717036355,0.402,0.218,1.783971461417e-16,"15","PTBP3","CD8_Cytotoxic_Effector"
3.55406912958723e-14,0.795443756759782,0.277,0.148,6.72607582774383e-10,"15","RUNX1","CD8_Cytotoxic_Effector"
2.75251679317649e-15,0.793714577288487,0.308,0.169,5.20913803108651e-11,"15","CCDC88C","CD8_Cytotoxic_Effector"
4.29339139320476e-16,0.790994266019436,0.323,0.176,8.12524321164001e-12,"15","ZNF292","CD8_Cytotoxic_Effector"
9.83887522091147e-22,0.790772343213917,0.452,0.254,1.8620071355575e-17,"15","PAFAH1B1","CD8_Cytotoxic_Effector"
7.70169178731804e-12,0.785480365179638,0.254,0.142,1.45754517074994e-07,"15","CLIC3","CD8_Cytotoxic_Effector"
1.90696702880364e-18,0.779937017576017,0.39,0.22,3.60893510201088e-14,"15","OGA","CD8_Cytotoxic_Effector"
4.34889531127545e-14,0.779483451410484,0.288,0.158,8.23028437658879e-10,"15","TNIK","CD8_Cytotoxic_Effector"
3.24129352159833e-14,0.777917403798322,0.29,0.159,6.13414798962484e-10,"15","GFPT1","CD8_Cytotoxic_Effector"
2.23901685103882e-31,0.77623017157647,0.627,0.377,4.23733939059096e-27,"15","NEAT1","CD8_Cytotoxic_Effector"
2.9653570538793e-15,0.775499397456895,0.329,0.185,5.61193822446658e-11,"15","XRN1","CD8_Cytotoxic_Effector"
1.13095169055156e-21,0.772500645541852,0.458,0.26,2.14032607436883e-17,"15","APOL6","CD8_Cytotoxic_Effector"
1.44126253756785e-14,0.771364897905055,0.327,0.188,2.72758935234716e-10,"15","FAM13B","CD8_Cytotoxic_Effector"
2.31901478512653e-11,0.770503578759891,0.252,0.141,4.38873548085196e-07,"15","CNOT4","CD8_Cytotoxic_Effector"
4.6920827115838e-18,0.768952678422915,0.423,0.253,8.87976653167234e-14,"15","GPRIN3","CD8_Cytotoxic_Effector"
2.1548458049745e-17,0.768444184718332,0.373,0.209,4.07804568591424e-13,"15","SATB1","CD8_Cytotoxic_Effector"
5.94250666885987e-14,0.766085217308663,0.283,0.155,1.12461938708173e-09,"15","MSL2","CD8_Cytotoxic_Effector"
6.74496861113668e-23,0.764334800642558,0.475,0.265,1.27648530965762e-18,"15","SEMA4D","CD8_Cytotoxic_Effector"
4.08068984561104e-14,0.763622327896178,0.335,0.195,7.72270553281889e-10,"15","TAOK3","CD8_Cytotoxic_Effector"
3.02920571902084e-17,0.76336036087997,0.404,0.239,5.73277182324694e-13,"15","TACC1","CD8_Cytotoxic_Effector"
1.10702423699879e-11,0.758928314304272,0.267,0.153,2.09504336852021e-07,"15","S1PR4","CD8_Cytotoxic_Effector"
2.06032090100064e-13,0.758025373285792,0.304,0.175,3.89915730514371e-09,"15","NRDC","CD8_Cytotoxic_Effector"
3.87455067753717e-15,0.757171677742492,0.3,0.161,7.3325871572391e-11,"15","ASH1L","CD8_Cytotoxic_Effector"
2.53474750913086e-22,0.755901944632948,0.504,0.298,4.79700966103015e-18,"15","STK10","CD8_Cytotoxic_Effector"
3.41142778057085e-36,0.752624173955603,0.702,0.437,6.45612707473033e-32,"15","AKNA","CD8_Cytotoxic_Effector"
2.20271760737376e-44,0.752288926360703,0.8,0.507,4.16864307195484e-40,"15","TNFRSF1B","CD8_Cytotoxic_Effector"
1.52896967787785e-13,0.751988674446671,0.315,0.182,2.89357511538383e-09,"15","LMNB1","CD8_Cytotoxic_Effector"
3.17473666786064e-22,0.751703634151658,0.498,0.295,6.00818914392626e-18,"15","BIN2","CD8_Cytotoxic_Effector"
1.20840424175256e-10,0.748574454772338,0.262,0.156,2.28690502751673e-06,"15","DSTN","CD8_Cytotoxic_Effector"
1.03058440792956e-17,0.747242832264471,0.406,0.233,1.95038099200669e-13,"15","RFTN1","CD8_Cytotoxic_Effector"
1.33822333466414e-14,0.746488933040147,0.331,0.189,2.53258766085188e-10,"15","COPA","CD8_Cytotoxic_Effector"
1.68262831716572e-18,0.746220741282762,0.417,0.238,3.18437409023612e-14,"15","PPP4R3A","CD8_Cytotoxic_Effector"
1.2475889247445e-25,0.746017457215383,0.575,0.341,2.36106204007896e-21,"15","SMARCA5","CD8_Cytotoxic_Effector"
5.066829221604e-13,0.744471406626244,0.292,0.164,9.58897430188557e-09,"15","SAFB","CD8_Cytotoxic_Effector"
3.31245814496257e-11,0.743883043097326,0.265,0.153,6.26882703934167e-07,"15","EFCAB14","CD8_Cytotoxic_Effector"
1.0273738272076e-17,0.742026423781017,0.404,0.232,1.94430496799038e-13,"15","JOSD1","CD8_Cytotoxic_Effector"
2.55618151243718e-11,0.7415863762734,0.269,0.156,4.83757351228737e-07,"15","UBQLN1","CD8_Cytotoxic_Effector"
7.60947593145004e-22,0.736294159686681,0.529,0.331,1.44009332002692e-17,"15","CD47","CD8_Cytotoxic_Effector"
1.62079727151086e-13,0.735016757116913,0.31,0.178,3.06735883633431e-09,"15","HELZ","CD8_Cytotoxic_Effector"
5.51064059392943e-14,0.734043109134751,0.294,0.16,1.04288873240114e-09,"15","SRPK2","CD8_Cytotoxic_Effector"
2.31444461597265e-15,0.733041976069573,0.388,0.231,4.38008643572824e-11,"15","CCNT1","CD8_Cytotoxic_Effector"
3.28791733625446e-14,0.732636947736112,0.346,0.204,6.22238355886156e-10,"15","BDP1","CD8_Cytotoxic_Effector"
8.86992409672537e-28,0.730929627995621,0.631,0.388,1.67863313530528e-23,"15","GPR65","CD8_Cytotoxic_Effector"
4.90939145471555e-16,0.729634652246815,0.362,0.204,9.29102332804919e-12,"15","PHF3","CD8_Cytotoxic_Effector"
1.94392931544155e-16,0.72644342234149,0.423,0.26,3.67888622947313e-12,"15","CNOT2","CD8_Cytotoxic_Effector"
8.05087806912489e-12,0.726194068700418,0.271,0.153,1.52362867458188e-07,"15","SP3","CD8_Cytotoxic_Effector"
6.36592389809488e-15,0.724348498676767,0.342,0.195,1.20475109771446e-10,"15","HIST1H1E","CD8_Cytotoxic_Effector"
7.42498370333041e-23,0.724004944691157,0.531,0.313,1.40517816585528e-18,"15","CANX","CD8_Cytotoxic_Effector"
9.98282175944023e-21,0.72286110748945,0.525,0.337,1.88924901797406e-16,"15","AOAH","CD8_Cytotoxic_Effector"
1.06509366161958e-15,0.722336802874193,0.369,0.213,2.01568975461506e-11,"15","RNF115","CD8_Cytotoxic_Effector"
3.185364932973e-25,0.721030263424514,0.565,0.333,6.0283031356514e-21,"15","RORA","CD8_Cytotoxic_Effector"
1.67288406312021e-31,0.72069909121063,0.673,0.417,3.16593308945499e-27,"15","ITGA4","CD8_Cytotoxic_Effector"
4.2660479999375e-39,0.719679013495043,0.815,0.487,8.07349583988171e-35,"15","GZMH","CD8_Cytotoxic_Effector"
5.13368983075918e-13,0.718952586509981,0.312,0.181,9.71550800471175e-09,"15","SMU1","CD8_Cytotoxic_Effector"
5.1728409056703e-22,0.71680677828164,0.535,0.331,9.78960141398105e-18,"15","FMNL1","CD8_Cytotoxic_Effector"
5.20383912335618e-14,0.71532736596334,0.312,0.174,9.84826554095157e-10,"15","TM9SF3","CD8_Cytotoxic_Effector"
4.9840556999214e-11,0.706559206832698,0.279,0.165,9.43232541210126e-07,"15","SIRT2","CD8_Cytotoxic_Effector"
5.49145310676812e-11,0.706298567079004,0.254,0.144,1.03925750045587e-06,"15","NFATC3","CD8_Cytotoxic_Effector"
4.81865924837005e-15,0.705670539387516,0.39,0.236,9.11931262754032e-11,"15","ITGB7","CD8_Cytotoxic_Effector"
5.57582548781001e-11,0.705641193662177,0.273,0.159,1.05522497356804e-06,"15","TMEM87A","CD8_Cytotoxic_Effector"
2.60062895776288e-09,0.701950374153633,0.265,0.165,4.92169030256626e-05,"15","CD38","CD8_Cytotoxic_Effector"
8.26044999828992e-14,0.701103195131046,0.371,0.226,1.56329016217637e-09,"15","AFF4","CD8_Cytotoxic_Effector"
9.14331167551286e-11,0.700337024046715,0.256,0.148,1.73037173459081e-06,"15","ARCN1","CD8_Cytotoxic_Effector"
3.23344283700304e-11,0.695043166018374,0.315,0.193,6.11929056902825e-07,"15","F2R","CD8_Cytotoxic_Effector"
1.7382413512624e-11,0.694518910910683,0.325,0.2,3.2896217572641e-07,"15","MYO1G","CD8_Cytotoxic_Effector"
9.56060194291831e-24,0.694026804665494,0.556,0.33,1.80934391769729e-19,"15","ZBTB1","CD8_Cytotoxic_Effector"
3.06195843282e-12,0.691963853184528,0.269,0.149,5.79475633411185e-08,"15","HUWE1","CD8_Cytotoxic_Effector"
8.05663200277144e-26,0.691399388418443,0.642,0.417,1.52471760652449e-21,"15","APMAP","CD8_Cytotoxic_Effector"
9.6578811670679e-10,0.685985483688654,0.256,0.154,1.8277540108676e-05,"15","PIK3AP1","CD8_Cytotoxic_Effector"
8.05994040935546e-14,0.684407611792572,0.356,0.211,1.52534372247052e-09,"15","ARHGAP30","CD8_Cytotoxic_Effector"
2.46686259925687e-11,0.68321071679841,0.31,0.188,4.66853746909364e-07,"15","RASSF1","CD8_Cytotoxic_Effector"
9.93875719734117e-19,0.680858436113829,0.496,0.302,1.88090979959682e-14,"15","ANKRD44","CD8_Cytotoxic_Effector"
4.85018542432885e-12,0.680369876170093,0.31,0.184,9.17897591554235e-08,"15","GOLGB1","CD8_Cytotoxic_Effector"
3.28594877769913e-15,0.67909557155204,0.385,0.225,6.2186580617956e-11,"15","TGOLN2","CD8_Cytotoxic_Effector"
1.46669112981231e-09,0.678811267287462,0.265,0.161,2.7757129631698e-05,"15","UBN1","CD8_Cytotoxic_Effector"
2.84653274639993e-10,0.677936945077402,0.267,0.157,5.38706322256186e-06,"15","POLR2B","CD8_Cytotoxic_Effector"
3.95365928954021e-20,0.676024342569546,0.537,0.34,7.48230020545485e-16,"15","CCND2","CD8_Cytotoxic_Effector"
1.5549298815403e-13,0.675888206170451,0.354,0.208,2.94270480081502e-09,"15","SRSF4","CD8_Cytotoxic_Effector"
1.47728424380687e-11,0.675359130987103,0.271,0.153,2.79576043140451e-07,"15","JADE2","CD8_Cytotoxic_Effector"
1.31572812938451e-11,0.675339590208429,0.317,0.191,2.49001548486018e-07,"15","ELL2","CD8_Cytotoxic_Effector"
7.43578267314962e-11,0.672954136518513,0.306,0.187,1.40722187089357e-06,"15","USP14","CD8_Cytotoxic_Effector"
3.76084833873974e-20,0.672749253109927,0.531,0.328,7.11740548106497e-16,"15","SLC38A2","CD8_Cytotoxic_Effector"
1.94330288094789e-12,0.67201097769025,0.354,0.216,3.67770070219388e-08,"15","RASA2","CD8_Cytotoxic_Effector"
4.21394517404843e-36,0.670733605797543,0.773,0.528,7.97489124188666e-32,"15","GNG2","CD8_Cytotoxic_Effector"
1.42417676110969e-10,0.669445847233772,0.304,0.19,2.6952545204001e-06,"15","HECTD1","CD8_Cytotoxic_Effector"
5.54635635183319e-25,0.669264492470687,0.569,0.317,1.04964793958443e-20,"15","KLF2","CD8_Cytotoxic_Effector"
1.27454479055139e-10,0.667046708592481,0.292,0.176,2.4120760161185e-06,"15","PRKX","CD8_Cytotoxic_Effector"
6.54109810186524e-16,0.665529942408034,0.412,0.244,1.237902815778e-11,"15","CAPN2","CD8_Cytotoxic_Effector"
3.62549436421735e-11,0.664972886743468,0.317,0.194,6.86124808428134e-07,"15","TNRC6B","CD8_Cytotoxic_Effector"
2.3839859826466e-18,0.663240255047442,0.51,0.32,4.5116934721587e-14,"15","NFATC2","CD8_Cytotoxic_Effector"
1.18476507857926e-09,0.662660246310187,0.258,0.154,2.24216791121126e-05,"15","ERCC5","CD8_Cytotoxic_Effector"
1.94756160610206e-10,0.662589907759864,0.265,0.154,3.68576033954816e-06,"15","TOR1AIP1","CD8_Cytotoxic_Effector"
2.82230993714379e-13,0.660754476112081,0.373,0.228,5.34122155604462e-09,"15","CTSS","CD8_Cytotoxic_Effector"
7.41659342861578e-26,0.658841712091001,0.648,0.408,1.40359030636554e-21,"15","ACTR2","CD8_Cytotoxic_Effector"
1.57730386629165e-11,0.655126133089322,0.323,0.195,2.98504756695694e-07,"15","OS9","CD8_Cytotoxic_Effector"
1.041796031917e-19,0.654969612198574,0.55,0.36,1.97159899040292e-15,"15","PSAP","CD8_Cytotoxic_Effector"
1.61036345581231e-12,0.654641942866381,0.381,0.242,3.0476128401248e-08,"15","CYLD","CD8_Cytotoxic_Effector"
1.24046738041954e-17,0.652004256534083,0.508,0.32,2.34758451744399e-13,"15","RASSF5","CD8_Cytotoxic_Effector"
1.4574874155265e-19,0.650399699426654,0.537,0.335,2.75829493388389e-15,"15","MAPRE2","CD8_Cytotoxic_Effector"
1.80054837885808e-24,0.647261855123653,0.652,0.42,3.40753780698892e-20,"15","RNF125","CD8_Cytotoxic_Effector"
7.34649272847702e-14,0.646108793832162,0.415,0.262,1.39032374886428e-09,"15","ITSN2","CD8_Cytotoxic_Effector"
1.08011402458697e-08,0.64524030539676,0.254,0.157,0.000204411579153083,"15","RASGRP1","CD8_Cytotoxic_Effector"
1.57014244908978e-17,0.643433385593847,0.531,0.345,2.97149458490241e-13,"15","SRPRA","CD8_Cytotoxic_Effector"
2.10225486860568e-16,0.641781187025827,0.475,0.296,3.97851733883625e-12,"15","IL10RA","CD8_Cytotoxic_Effector"
1.56701624647906e-08,0.638207200835565,0.269,0.17,0.000296557824646163,"15","TOB1","CD8_Cytotoxic_Effector"
1.33031611959434e-08,0.634007420384412,0.252,0.156,0.000251762325633228,"15","SEC61A1","CD8_Cytotoxic_Effector"
2.2647340382121e-10,0.633780325695219,0.3,0.181,4.28600916731641e-06,"15","PRKCB","CD8_Cytotoxic_Effector"
4.27317136519746e-11,0.633153534926875,0.346,0.219,8.08697680863619e-07,"15","TMED5","CD8_Cytotoxic_Effector"
3.50527982774272e-15,0.632774213703613,0.423,0.258,6.6337420740031e-11,"15","ATF7IP","CD8_Cytotoxic_Effector"
5.9395253841171e-11,0.632435947558225,0.3,0.178,1.12405517894416e-06,"15","HIF1A","CD8_Cytotoxic_Effector"
4.67198720764743e-09,0.630392230042741,0.281,0.176,8.84173579047275e-05,"15","CTNNB1","CD8_Cytotoxic_Effector"
4.59955076804141e-10,0.63012047160745,0.256,0.149,8.70464982851838e-06,"15","PCSK7","CD8_Cytotoxic_Effector"
1.13978829489801e-11,0.628806780825685,0.358,0.223,2.15704934809449e-07,"15","SYTL1","CD8_Cytotoxic_Effector"
3.06316574149009e-18,0.628688447403341,0.558,0.366,5.79704116576999e-14,"15","PTGER4","CD8_Cytotoxic_Effector"
8.37723591741721e-08,0.627778170181021,0.25,0.16,0.00158539189737121,"15","SECISBP2L","CD8_Cytotoxic_Effector"
7.06569940359783e-23,0.626001170020556,0.637,0.415,1.33718361213089e-18,"15","FOSL2","CD8_Cytotoxic_Effector"
8.07063584633607e-09,0.623231558281323,0.258,0.159,0.00015273678339191,"15","SUPT6H","CD8_Cytotoxic_Effector"
1.02263038613921e-08,0.617966485412037,0.267,0.166,0.000193532800576846,"15","POM121C","CD8_Cytotoxic_Effector"
1.47928629163776e-09,0.616090157740784,0.273,0.164,2.79954930692446e-05,"15","ANKHD1","CD8_Cytotoxic_Effector"
1.9035735917462e-10,0.613982445662451,0.31,0.191,3.60251302237969e-06,"15","PDCD6IP","CD8_Cytotoxic_Effector"
1.26870690169761e-12,0.613313723553422,0.388,0.243,2.40102781146272e-08,"15","FNBP4","CD8_Cytotoxic_Effector"
2.36030596424286e-20,0.612607301681986,0.596,0.384,4.46687903732961e-16,"15","SMCHD1","CD8_Cytotoxic_Effector"
9.83646959254652e-13,0.610529401902067,0.375,0.23,1.86155187038943e-08,"15","SMARCA2","CD8_Cytotoxic_Effector"
4.05101113115669e-09,0.610174009408174,0.281,0.176,7.66653856571404e-05,"15","CCDC47","CD8_Cytotoxic_Effector"
1.01924824532289e-16,0.606661683427717,0.506,0.321,1.92892730427356e-12,"15","ITGAL","CD8_Cytotoxic_Effector"
8.01331547033464e-10,0.605866355143601,0.269,0.16,1.51651995276083e-05,"15","NIPA2","CD8_Cytotoxic_Effector"
1.95064368458099e-16,0.60405421172476,0.531,0.355,3.69159317306953e-12,"15","RAB8B","CD8_Cytotoxic_Effector"
6.93745399833197e-23,0.60296733886756,0.65,0.413,1.31291316918432e-18,"15","DDX17","CD8_Cytotoxic_Effector"
8.16035189146933e-19,0.601293641839619,0.575,0.366,1.54434659546057e-14,"15","SERINC1","CD8_Cytotoxic_Effector"
1.03751381561581e-12,0.600712797818382,0.406,0.252,1.96349489605291e-08,"15","DDX3Y","CD8_Cytotoxic_Effector"
2.90007103180796e-10,0.599737375907451,0.317,0.196,5.48838442769656e-06,"15","FOXP1","CD8_Cytotoxic_Effector"
2.33577661535906e-30,0.597857317142328,0.777,0.553,4.42045724456702e-26,"15","JAK1","CD8_Cytotoxic_Effector"
1.2010697144826e-08,0.597477141330498,0.26,0.161,0.000227302443465832,"15","UBTF","CD8_Cytotoxic_Effector"
3.42444870367109e-31,0.597038929211386,0.796,0.556,6.48076917169753e-27,"15","RNF213","CD8_Cytotoxic_Effector"
1.53620979935731e-10,0.59650216246047,0.373,0.245,2.90727704528371e-06,"15","ACAP2","CD8_Cytotoxic_Effector"
4.32146066506864e-11,0.595453366196437,0.39,0.26,8.1783643086424e-07,"15","ATP6AP2","CD8_Cytotoxic_Effector"
6.42228567403969e-10,0.594475549159091,0.31,0.193,1.21541756381201e-05,"15","PTPN1","CD8_Cytotoxic_Effector"
1.64276216202137e-08,0.593685362191285,0.288,0.185,0.000310892739162544,"15","UBE3A","CD8_Cytotoxic_Effector"
3.39620565297808e-08,0.592943699372905,0.279,0.181,0.000642731919826101,"15","PPM1K","CD8_Cytotoxic_Effector"
2.51716628094377e-10,0.59286046365448,0.312,0.191,4.76373718668608e-06,"15","DNAJB14","CD8_Cytotoxic_Effector"
4.2212862696719e-10,0.591831697317722,0.35,0.224,7.98878426535407e-06,"15","MTPN","CD8_Cytotoxic_Effector"
5.06503213244689e-08,0.591745196217074,0.275,0.177,0.000958557331065574,"15","URI1","CD8_Cytotoxic_Effector"
3.88558333438006e-10,0.590217448327424,0.312,0.192,7.35346646031426e-06,"15","KIF2A","CD8_Cytotoxic_Effector"
8.07542524516901e-10,0.587886718629084,0.323,0.204,1.52827422764824e-05,"15","NKTR","CD8_Cytotoxic_Effector"
1.98364918480112e-09,0.585675546616859,0.267,0.16,3.75405608223612e-05,"15","CAPRIN1","CD8_Cytotoxic_Effector"
3.52030001963720e-09,0.585068029467968,0.285,0.177,6.66216778716339e-05,"15","SLFN12L","CD8_Cytotoxic_Effector"
8.47150932926713e-12,0.58506596747598,0.396,0.255,1.6032331405638e-07,"15","SERPINB9","CD8_Cytotoxic_Effector"
1.87171159800699e-08,0.584537783534921,0.29,0.187,0.000354221419922823,"15","TTC14","CD8_Cytotoxic_Effector"
1.29091251643153e-25,0.582801891242895,0.744,0.519,2.44305193734667e-21,"15","CEMIP2","CD8_Cytotoxic_Effector"
1.2169146941045e-20,0.581457295409931,0.665,0.442,2.30301105859277e-16,"15","PRKCH","CD8_Cytotoxic_Effector"
1.33174731620972e-08,0.57686011974965,0.262,0.161,0.00025203317959269,"15","TMEM123","CD8_Cytotoxic_Effector"
2.91829814634791e-08,0.576766299954794,0.277,0.177,0.000552287924196343,"15","TRPC4AP","CD8_Cytotoxic_Effector"
1.25243431795864e-10,0.574977001369727,0.394,0.261,2.37023194673672e-06,"15","AKAP9","CD8_Cytotoxic_Effector"
2.91935596022139e-12,0.574454543023268,0.429,0.282,5.52488115471898e-08,"15","BTN3A2","CD8_Cytotoxic_Effector"
1.11878335271144e-09,0.572077692371698,0.312,0.194,2.11729749500641e-05,"15","FCRL6","CD8_Cytotoxic_Effector"
2.32620012743578e-07,0.571096670078111,0.256,0.165,0.00440233374117221,"15","BRD7","CD8_Cytotoxic_Effector"
1.87218154960349e-12,0.560524412993197,0.435,0.283,3.54310358262461e-08,"15","DYNC1H1","CD8_Cytotoxic_Effector"
1.24129264260406e-07,0.560371593105814,0.256,0.163,0.00234914632612818,"15","NEMF","CD8_Cytotoxic_Effector"
3.30626146033092e-12,0.557353884355084,0.433,0.285,6.25709981367628e-08,"15","ROCK1","CD8_Cytotoxic_Effector"
3.08260258997713e-33,0.554669644344527,0.89,0.629,5.83382540153171e-29,"15","TNFAIP3","CD8_Cytotoxic_Effector"
9.52262804254746e-09,0.551371375439567,0.298,0.189,0.000180215735705211,"15","PRNP","CD8_Cytotoxic_Effector"
5.86233300832986e-14,0.55089389928076,0.537,0.377,1.10944652182643e-09,"15","IL2RB","CD8_Cytotoxic_Effector"
2.95962665671068e-11,0.550718138529253,0.429,0.288,5.60109344782495e-07,"15","ADSS","CD8_Cytotoxic_Effector"
5.30889176311518e-14,0.55057669877766,0.485,0.313,1.00470776616955e-09,"15","POLR2A","CD8_Cytotoxic_Effector"
5.78595465046169e-15,0.550150956880438,0.552,0.374,1.09499191759987e-10,"15","CD164","CD8_Cytotoxic_Effector"
4.78626359795893e-08,0.549203912951918,0.26,0.162,0.000905800385913728,"15","SENP6","CD8_Cytotoxic_Effector"
1.3027068760277e-16,0.546001067140789,0.588,0.398,2.46537276288243e-12,"15","RNF149","CD8_Cytotoxic_Effector"
6.32188734606734e-08,0.544266294144943,0.31,0.206,0.00119641718024324,"15","ZNF800","CD8_Cytotoxic_Effector"
1.43496907100242e-11,0.542722261047727,0.406,0.259,2.71567896687208e-07,"15","TAF15","CD8_Cytotoxic_Effector"
7.27620431202366e-07,0.540511345336888,0.265,0.176,0.0137702166605048,"15","COPB2","CD8_Cytotoxic_Effector"
2.52178486526406e-10,0.539944078691466,0.371,0.239,4.77247785751223e-06,"15","DDX46","CD8_Cytotoxic_Effector"
8.41746988162721e-10,0.539508910638159,0.356,0.231,1.59300617509795e-05,"15","PNN","CD8_Cytotoxic_Effector"
8.62425167601046e-08,0.538598001664815,0.277,0.178,0.00163213962968498,"15","WAPL","CD8_Cytotoxic_Effector"
6.1321979989086e-08,0.53846303202399,0.292,0.19,0.00116051847129345,"15","ST3GAL1","CD8_Cytotoxic_Effector"
1.13980416451141e-14,0.538404616629344,0.517,0.337,2.15707938133784e-10,"15","KIAA1551","CD8_Cytotoxic_Effector"
7.51042423735213e-08,0.534546619935107,0.296,0.194,0.00142134778691889,"15","RAB10","CD8_Cytotoxic_Effector"
1.05329652224655e-18,0.533684973738311,0.675,0.462,1.99336366835159e-14,"15","PTPN22","CD8_Cytotoxic_Effector"
5.32668011632175e-08,0.530334711681155,0.352,0.244,0.00100807421201389,"15","PRPF4B","CD8_Cytotoxic_Effector"
2.69746898693574e-11,0.528721479908702,0.431,0.284,5.10496005777589e-07,"15","USP15","CD8_Cytotoxic_Effector"
3.61765008701623e-07,0.528304016197187,0.267,0.174,0.00684640278967822,"15","EFR3A","CD8_Cytotoxic_Effector"
7.80911772051295e-09,0.52821801194526,0.31,0.198,0.000147787552860708,"15","WASF2","CD8_Cytotoxic_Effector"
2.62584837838722e-19,0.527434789576134,0.688,0.477,4.96941805609781e-15,"15","RSRP1","CD8_Cytotoxic_Effector"
8.33059224566508e-20,0.527017480221684,0.694,0.492,1.57656458249212e-15,"15","SLC38A1","CD8_Cytotoxic_Effector"
2.70009459001082e-13,0.526876095539137,0.529,0.378,5.10992901159548e-09,"15","THRAP3","CD8_Cytotoxic_Effector"
5.20470639431535e-10,0.526537076800363,0.377,0.247,9.84990685124179e-06,"15","PRPF8","CD8_Cytotoxic_Effector"
4.70829811991446e-08,0.526485052674654,0.342,0.231,0.000891045419193811,"15","PRKACB","CD8_Cytotoxic_Effector"
4.90963541339733e-07,0.520424256320963,0.29,0.195,0.00929148501985446,"15","RAB6A","CD8_Cytotoxic_Effector"
7.583595116733e-08,0.519432554319037,0.315,0.208,0.00143519537584172,"15","FAM133B","CD8_Cytotoxic_Effector"
4.04797367483921e-08,0.518643878698945,0.275,0.172,0.00076607901796332,"15","NUFIP2","CD8_Cytotoxic_Effector"
3.33673925082208e-08,0.516514331842227,0.358,0.248,0.000631477903218078,"15","CRYBG1","CD8_Cytotoxic_Effector"
4.57748105228926e-09,0.514349683628762,0.35,0.227,8.66288289145742e-05,"15","HCG18","CD8_Cytotoxic_Effector"
4.11075153909341e-11,0.508804909648986,0.465,0.319,7.77959728773428e-07,"15","RAD21","CD8_Cytotoxic_Effector"
1.48417688739736e-06,0.506762731640612,0.262,0.176,0.0280880475939951,"15","NARF","CD8_Cytotoxic_Effector"
1.07491713854598e-12,0.506549026461614,0.531,0.37,2.03428068469828e-08,"15","AC016831.7","CD8_Cytotoxic_Effector"
5.28231176276801e-07,0.503959213229249,0.288,0.193,0.00999677501103846,"15","FOXN3","CD8_Cytotoxic_Effector"
1.60386162861704e-06,0.503345668209273,0.25,0.164,0.0303530813215775,"15","KMT2A","CD8_Cytotoxic_Effector"
7.27876605849401e-10,0.503073863956545,0.41,0.276,1.37750647656999e-05,"15","GRB2","CD8_Cytotoxic_Effector"
3.19634673074136e-23,0.501989246856762,0.815,0.597,6.04908618792802e-19,"15","PIK3R1","CD8_Cytotoxic_Effector"
4.72323723939233e-08,0.501451481418986,0.331,0.221,0.000893872647554998,"15","SLFN5","CD8_Cytotoxic_Effector"
1.62117166216828e-08,0.500610501065647,0.327,0.212,0.000306806737065348,"15","ANKRD11","CD8_Cytotoxic_Effector"
5.17312603531543e-07,0.499416155768288,0.296,0.199,0.00979014102183446,"15","PIAS1","CD8_Cytotoxic_Effector"
2.19294331492697e-08,0.498530294451925,0.317,0.204,0.000415014522349929,"15","XRN2","CD8_Cytotoxic_Effector"
1.19711315390319e-08,0.493140458639625,0.317,0.202,0.00022655366437618,"15","SMG1","CD8_Cytotoxic_Effector"
2.14129102152875e-08,0.492974707335801,0.362,0.245,0.000405239325824315,"15","IL21R","CD8_Cytotoxic_Effector"
8.07032893160424e-11,0.492192456424387,0.454,0.31,1.5273097503061e-06,"15","ATRX","CD8_Cytotoxic_Effector"
1.30992011694842e-10,0.491920763100887,0.427,0.281,2.47902382132489e-06,"15","SP100","CD8_Cytotoxic_Effector"
5.0631062134158e-08,0.489992277063937,0.306,0.199,0.000958192850888941,"15","RBM5","CD8_Cytotoxic_Effector"
5.49098753855521e-07,0.489029747326067,0.317,0.219,0.0103916939167157,"15","PNPLA8","CD8_Cytotoxic_Effector"
8.90594139544796e-12,0.487509735780616,0.515,0.356,1.68544940908853e-07,"15","SKIL","CD8_Cytotoxic_Effector"
2.300404791839e-10,0.486864902322415,0.442,0.3,4.3535160685553e-06,"15","TMED10","CD8_Cytotoxic_Effector"
9.46560104354937e-07,0.485473691739685,0.283,0.192,0.0179136499749172,"15","ZRANB2","CD8_Cytotoxic_Effector"
8.40042683994628e-19,0.485125718683001,0.756,0.545,1.58978077945983e-14,"15","VPS37B","CD8_Cytotoxic_Effector"
2.01492626518629e-08,0.482694724618193,0.394,0.272,0.000381324795686506,"15","SERPINB1","CD8_Cytotoxic_Effector"
6.43603204131984e-11,0.480060133637773,0.5,0.343,1.21801906381978e-06,"15","N4BP2L2","CD8_Cytotoxic_Effector"
9.1550712284639e-18,0.47802115843835,0.725,0.522,1.73259722998679e-13,"15","MSN","CD8_Cytotoxic_Effector"
2.6365267663542e-06,0.477363254826159,0.26,0.174,0.0498962690532533,"15","KCNAB2","CD8_Cytotoxic_Effector"
4.67464897211549e-08,0.475708694974671,0.317,0.206,0.000884677317972856,"15","BNIP2","CD8_Cytotoxic_Effector"
7.02797558449193e-07,0.475418538114328,0.306,0.207,0.013300443793651,"15","ABI1","CD8_Cytotoxic_Effector"
1.70597226928927e-08,0.475069492321777,0.39,0.27,0.000322855251962995,"15","IFI16","CD8_Cytotoxic_Effector"
2.39693702196946e-10,0.47437885583869,0.49,0.342,4.5362033140772e-06,"15","RBM25","CD8_Cytotoxic_Effector"
2.15109033165078e-09,0.471104137940152,0.446,0.307,4.0709384526491e-05,"15","PPP1R12A","CD8_Cytotoxic_Effector"
6.23377036393433e-11,0.469848522862253,0.5,0.346,1.17974104137457e-06,"15","PAK2","CD8_Cytotoxic_Effector"
9.52574211528979e-08,0.464806227107006,0.331,0.219,0.00180274669531859,"15","JMJD1C","CD8_Cytotoxic_Effector"
1.91251335977679e-07,0.46075396376206,0.354,0.244,0.00361943153337758,"15","TMF1","CD8_Cytotoxic_Effector"
1.54603330759122e-06,0.459460464613439,0.277,0.184,0.0292586803461639,"15","THUMPD1","CD8_Cytotoxic_Effector"
1.8325819239347e-08,0.455145536681008,0.425,0.301,0.000346816129104643,"15","PRKAR1A","CD8_Cytotoxic_Effector"
3.41076576348663e-12,0.452341270668681,0.6,0.431,6.45487420739845e-08,"15","RNF19A","CD8_Cytotoxic_Effector"
8.23765622826104e-08,0.450642475682333,0.41,0.296,0.0015589764411984,"15","HNRNPR","CD8_Cytotoxic_Effector"
1.34488759644686e-06,0.450027439429071,0.356,0.254,0.0254519977627569,"15","ARIH2","CD8_Cytotoxic_Effector"
1.678070670692e-07,0.445283939042564,0.394,0.28,0.00317574874428461,"15","SERINC3","CD8_Cytotoxic_Effector"
3.58095885202471e-07,0.44408333042424,0.367,0.258,0.00677696462745676,"15","LINC00861","CD8_Cytotoxic_Effector"
7.45093898309128e-07,0.44272692531653,0.333,0.23,0.0141009020255002,"15","PCM1","CD8_Cytotoxic_Effector"
1.17774407220712e-07,0.440019715458323,0.371,0.257,0.00222888065665197,"15","CMTM6","CD8_Cytotoxic_Effector"
2.0678518216884e-08,0.439828208231897,0.408,0.285,0.00039134095725453,"15","ADAR","CD8_Cytotoxic_Effector"
1.3659716989075e-06,0.436943630972295,0.327,0.227,0.0258510144018245,"15","SPSB3","CD8_Cytotoxic_Effector"
2.31050874604506e-09,0.436629878598145,0.485,0.347,4.37263780189027e-05,"15","GPBP1","CD8_Cytotoxic_Effector"
5.66865734841008e-09,0.43617227883234,0.45,0.313,0.000107279340318661,"15","SPTAN1","CD8_Cytotoxic_Effector"
5.18487818543526e-08,0.434070306506696,0.406,0.285,0.000981238196593623,"15","PPP1R16B","CD8_Cytotoxic_Effector"
8.15098002698599e-09,0.425769716316929,0.473,0.34,0.00015425729701071,"15","SCAF11","CD8_Cytotoxic_Effector"
1.38569908856683e-12,0.425450691325147,0.679,0.493,2.62243552511272e-08,"15","NR3C1","CD8_Cytotoxic_Effector"
5.83169909956423e-07,0.42507781152206,0.354,0.249,0.0110364905459253,"15","PHF20","CD8_Cytotoxic_Effector"
6.78120044255898e-13,0.423709319738825,0.665,0.508,1.28334218375429e-08,"15","AKAP13","CD8_Cytotoxic_Effector"
1.90245549219521e-07,0.422728616075489,0.367,0.252,0.00360039701897943,"15","YME1L1","CD8_Cytotoxic_Effector"
2.49395633689979e-06,0.420792272132882,0.296,0.201,0.0471981236758286,"15","LMAN1","CD8_Cytotoxic_Effector"
2.16456036669722e-07,0.418614176146237,0.421,0.303,0.00409643049397449,"15","TSEN54","CD8_Cytotoxic_Effector"
2.99453117226817e-07,0.41712331460688,0.39,0.277,0.0056671502435175,"15","LSM14A","CD8_Cytotoxic_Effector"
8.26512394843626e-07,0.416077314616157,0.358,0.251,0.0156417470724156,"15","GLS","CD8_Cytotoxic_Effector"
1.39887539097463e-14,0.415892863615417,0.727,0.538,2.64737167741949e-10,"15","BTG2","CD8_Cytotoxic_Effector"
1.63986149606757e-09,0.412740795536101,0.54,0.39,3.10343788130788e-05,"15","CNOT6L","CD8_Cytotoxic_Effector"
5.87910464587013e-09,0.409473743641789,0.506,0.366,0.000111262055423092,"15","TCF25","CD8_Cytotoxic_Effector"
3.12473730052212e-10,0.408527328858032,0.594,0.434,5.91356534123811e-06,"15","ARID4B","CD8_Cytotoxic_Effector"
4.47196266461004e-15,0.40555014102748,0.767,0.565,8.4631893427745e-11,"15","IER2","CD8_Cytotoxic_Effector"
2.8260415754453e-08,0.40351574814338,0.504,0.372,0.000534828368153023,"15","SRSF11","CD8_Cytotoxic_Effector"
4.06494852472384e-08,0.402443914887407,0.421,0.291,0.000769291508303986,"15","ZNF207","CD8_Cytotoxic_Effector"
1.31477894693558e-15,0.40207416926678,0.779,0.61,2.48821915707558e-11,"15","PDIA3","CD8_Cytotoxic_Effector"
1.02187750199819e-12,0.40059740346958,0.694,0.523,1.93390317253157e-08,"15","HSP90B1","CD8_Cytotoxic_Effector"
1.52563936532602e-11,0.398518993369656,0.692,0.541,2.8872724988795e-07,"15","REL","CD8_Cytotoxic_Effector"
3.84073957558381e-07,0.396094294471207,0.433,0.32,0.00726859964679235,"15","RBL2","CD8_Cytotoxic_Effector"
7.18749108712957e-09,0.394881239928837,0.49,0.351,0.000136023268823927,"15","HP1BP3","CD8_Cytotoxic_Effector"
2.23280823761195e-07,0.393256415033001,0.427,0.309,0.00422558958968061,"15","G3BP1","CD8_Cytotoxic_Effector"
6.65406026890874e-07,0.392015275536032,0.421,0.307,0.0125928090589098,"15","AAK1","CD8_Cytotoxic_Effector"
8.98635971643798e-09,0.387474243455369,0.55,0.406,0.000170066857633589,"15","STAT3","CD8_Cytotoxic_Effector"
5.99720396061805e-22,0.3869183401798,0.875,0.705,1.13497084954697e-17,"15","LCP1","CD8_Cytotoxic_Effector"
5.34941279793291e-11,0.383192361618588,0.685,0.535,1.0123763720088e-06,"15","CD53","CD8_Cytotoxic_Effector"
8.02328235508239e-07,0.378614249811297,0.402,0.286,0.0151840618569934,"15","SPCS3","CD8_Cytotoxic_Effector"
2.22022108999103e-06,0.373758734093863,0.392,0.284,0.0420176841280803,"15","PPP1R10","CD8_Cytotoxic_Effector"
3.16898673662507e-12,0.368599192111588,0.715,0.555,5.99730739906294e-08,"15","EIF4G2","CD8_Cytotoxic_Effector"
3.5207542100449e-09,0.362886770057995,0.621,0.482,6.66302734250998e-05,"15","RAP1B","CD8_Cytotoxic_Effector"
1.25759719409362e-06,0.361737232838622,0.44,0.319,0.0238000268982218,"15","CSNK1D","CD8_Cytotoxic_Effector"
5.19013295520236e-07,0.360651803212236,0.483,0.363,0.00982232661772046,"15","BCLAF1","CD8_Cytotoxic_Effector"
4.45881731413347e-08,0.356933457181226,0.531,0.398,0.00084383117669976,"15","SF3B1","CD8_Cytotoxic_Effector"
4.85959345384675e-11,0.354893362003759,0.756,0.583,9.19678061140498e-07,"15","SLC2A3","CD8_Cytotoxic_Effector"
1.22543849044785e-15,0.351354867106129,0.842,0.702,2.31914234317255e-11,"15","ITGB2","CD8_Cytotoxic_Effector"
4.35783005301816e-07,0.345182109489902,0.508,0.388,0.00824719337533686,"15","PPP2R5C","CD8_Cytotoxic_Effector"
1.61101863950637e-56,0.340569497652912,0.998,0.93,3.04885277526581e-52,"15","PTPRC","CD8_Cytotoxic_Effector"
6.84864572952102e-08,0.340349954204034,0.613,0.489,0.00129610620431185,"15","LRRFIP1","CD8_Cytotoxic_Effector"
1.12829748613535e-07,0.339157598336687,0.59,0.458,0.00213530299251115,"15","ACTR3","CD8_Cytotoxic_Effector"
7.77533719392425e-08,0.337124054809374,0.596,0.466,0.00147148256395017,"15","TAPBP","CD8_Cytotoxic_Effector"
5.51890307550862e-09,0.325149914950736,0.671,0.522,0.000104445240704001,"15","EML4","CD8_Cytotoxic_Effector"
2.24639878454809e-09,0.323169415944595,0.702,0.554,4.25130969975726e-05,"15","KMT2E","CD8_Cytotoxic_Effector"
2.56920290125192e-06,0.32001821792102,0.506,0.39,0.0486221649061925,"15","HSPA9","CD8_Cytotoxic_Effector"
1.78565912948287e-06,0.315225948602853,0.483,0.362,0.0337935990254633,"15","ZC3HAV1","CD8_Cytotoxic_Effector"
4.45017595483256e-08,0.312952156000613,0.644,0.484,0.000842195799452061,"15","EMP3","CD8_Cytotoxic_Effector"
5.0893586646922e-09,0.312946528725042,0.694,0.535,9.63161127292999e-05,"15","STK4","CD8_Cytotoxic_Effector"
1.30375348943945e-06,0.301278187103369,0.6,0.476,0.0246735347876416,"15","MT-ND6","CD8_Cytotoxic_Effector"
1.24724502545061e-08,0.298037212130717,0.794,0.636,0.000236041121066528,"15","CTSW","CD8_Cytotoxic_Effector"
7.00192144940421e-09,0.291380918501381,0.812,0.664,0.000132511363429975,"15","HSPA5","CD8_Cytotoxic_Effector"
1.01437443769957e-06,0.285549444986132,0.662,0.546,0.0191970362334644,"15","PRRC2C","CD8_Cytotoxic_Effector"
5.75892052342705e-08,0.262698729217092,0.8,0.659,0.00108987570905857,"15","EZR","CD8_Cytotoxic_Effector"
1.9743566741155e-06,0.254452673490646,0.675,0.564,0.0373647000576359,"15","MBNL1","CD8_Cytotoxic_Effector"
1.74997223610285e-06,0.25284923308918,0.696,0.569,0.0331182245682465,"15","SH2D2A","CD8_Cytotoxic_Effector"
