"p_val","avg_log2FC","pct.1","pct.2","p_val_adj","cluster","gene"
9.02427226899064e-245,2.03030957628647,1,0.757,2.20661505521359e-240,"0","S100A8"
8.48823149349737e-201,0.873771948043015,1,0.99,2.07554236478998e-196,"0","S100A6"
1.5447827133323e-187,1.3198942095727,0.977,0.814,3.77730269064015e-183,"0","FOS"
2.96200645208307e-184,1.6665663130173,0.928,0.766,7.24269817663351e-180,"0","CSTA"
8.31603373390242e-184,0.741872902958468,0.998,0.987,2.03343656861382e-179,"0","FAU"
2.30503519188201e-180,1.84737510684207,0.896,0.384,5.63627205118989e-176,"0","S100A12"
7.63294496558616e-176,1.143466938855,1,0.951,1.86640770298513e-171,"0","LYZ"
1.60233457947746e-166,0.986846560708214,0.987,0.952,3.91802851373827e-162,"0","ATP5MC2"
6.63803155663178e-164,1.57758219167102,0.915,0.714,1.6231314762276e-159,"0","MNDA"
6.24884580642442e-147,0.837459726005128,0.994,0.975,1.5279677765869e-142,"0","GABARAP"
1.6562772469936e-143,1.60660702391449,0.86,0.572,4.04992912434875e-139,"0","TMEM176B"
6.3517979315516e-133,0.817791408990936,0.994,0.981,1.553141630223e-128,"0","GAPDH"
5.16658458959672e-131,2.05319790288547,0.743,0.379,1.26333326384819e-126,"0","TMEM176A"
4.0061415955521e-127,0.654757023128013,0.999,0.98,9.79581742944399e-123,"0","ATP5F1E"
4.59493747046496e-126,0.580932196450311,1,0.99,1.12355411027809e-121,"0","TYROBP"
7.54403551897095e-122,1.25173466183536,0.907,0.539,1.84466756509878e-117,"0","VCAN"
5.86070290998059e-121,1.01082723683052,0.993,0.863,1.43305907554845e-116,"0","S100A9"
6.56176304632955e-113,0.89070717488243,0.958,0.943,1.6044823000885e-108,"0","TSPO"
2.5732747367118e-110,1.68894032905053,0.774,0.472,6.29217138620768e-106,"0","NCF1"
3.64172613190068e-107,1.40477083110123,0.846,0.668,8.90474873772355e-103,"0","CEBPD"
4.8627753131285e-105,0.478458324728098,1,0.992,1.18904581956618e-100,"0","TMSB10"
1.79884301501614e-96,1.25166136697219,0.821,0.717,4.39853094031746e-92,"0","NDUFB1"
3.16170405587398e-94,0.520092695950486,0.999,0.994,7.73099875742307e-90,"0","S100A4"
3.30181638966208e-91,1.26158189984931,0.798,0.489,8.07360143600171e-87,"0","CD14"
3.22387484121783e-89,0.728754575245969,0.951,0.936,7.88301876174583e-85,"0","ATP5MG"
3.88244733971919e-85,0.72305192073146,0.984,0.906,9.49336023508137e-81,"0","FCN1"
2.51633795429294e-80,0.712780868024923,0.953,0.945,6.1529495658371e-76,"0","BTF3"
4.12251041428533e-79,0.71248891565455,0.951,0.937,1.00803624650105e-74,"0","TMA7"
7.67118749713593e-79,0.641735402376387,0.967,0.962,1.87575876679968e-74,"0","COX4I1"
9.66689322857706e-78,1.1124510908183,0.827,0.776,2.36374873225166e-73,"0","ATP5ME"
2.99554828798999e-75,0.545473772303396,0.984,0.978,7.32471467379313e-71,"0","PFDN5"
5.27063431564484e-75,1.47973722417082,0.709,0.429,1.28877550286148e-70,"0","LGALS2"
7.75704695863439e-75,1.3074059097339,0.749,0.51,1.89675312232528e-70,"0","MS4A6A"
8.16770345520541e-73,1.49990341206297,0.682,0.516,1.99716684886683e-68,"0","GLRX"
2.42794304641528e-69,0.487084790591655,0.994,0.975,5.93680633709464e-65,"0","NACA"
6.80354942736727e-69,0.855566907244213,0.889,0.868,1.66360390597984e-64,"0","COMMD6"
2.37631274293404e-65,0.650992953939157,0.96,0.963,5.81055991902231e-61,"0","EEF1D"
5.47852775533747e-65,0.806145896542799,0.895,0.858,1.33960960673512e-60,"0","BRI3"
9.24954322217018e-65,1.02063598520868,0.729,0.403,2.26169830868505e-60,"0","TXNIP"
4.05327625760662e-64,0.457612215283009,0.996,0.982,9.9110711050997e-60,"0","SERF2"
6.44091683743635e-63,1.62823067015632,0.601,0.371,1.57493298508994e-58,"0","CD36"
7.21456475219244e-63,0.78877012918898,0.889,0.888,1.7641053732061e-58,"0","ELOB"
3.09145836677217e-62,0.458241556879998,0.984,0.976,7.5592339984313e-58,"0","UBA52"
3.44132522231593e-60,0.792939350770783,0.882,0.874,8.41472843360691e-56,"0","UQCR11"
3.47276346494746e-58,0.974589405155796,0.807,0.793,8.49160122448952e-54,"0","ATP5MPL"
5.37715602063723e-58,1.66411437005326,0.605,0.442,1.31482219016622e-53,"0","NUP214"
1.86408700262737e-55,1.10231408372771,0.743,0.684,4.55806553882445e-51,"0","NDUFA3"
2.03525772442764e-50,1.22704665537392,0.682,0.585,4.97661218777048e-46,"0","BLVRB"
5.37862650752132e-48,1.73643313357664,0.495,0.288,1.31518175361911e-43,"0","KCTD12"
1.67437391366667e-45,1.84107987682604,0.453,0.245,4.09417909369773e-41,"0","RNASE6"
1.67128734502603e-44,0.623180220759688,0.889,0.894,4.08663181605765e-40,"0","EIF3K"
6.90987202539377e-44,0.793735092796865,0.814,0.822,1.68960190764929e-39,"0","PYCARD"
2.16336209730489e-41,3.43561856639491,0.208,0.039,5.28985300032992e-37,"0","CCR2"
2.20263173794113e-41,2.49993400136006,0.263,0.073,5.38587512561366e-37,"0","NFE2"
4.89775977011417e-41,1.0566221102322,0.647,0.506,1.19760021898832e-36,"0","ZFP36L2"
9.31109538525042e-41,1.49863888466154,0.435,0.216,2.27674904360143e-36,"0","GIMAP7"
1.04154169118947e-40,1.8745018817659,0.446,0.254,2.5467777432965e-36,"0","RBP7"
9.98529130229391e-40,0.338419533858774,0.997,0.983,2.44160342923691e-35,"0","SH3BGRL3"
1.11820369820733e-39,0.372583124706125,0.994,0.994,2.73423168285656e-35,"0","MT-ND1"
7.11622482328341e-39,0.688187619047214,0.828,0.841,1.74005929378926e-34,"0","LAMTOR4"
8.39594475464772e-38,0.815092054661551,0.785,0.775,2.05297641140646e-33,"0","FYB1"
1.57950116323794e-37,1.4051092964608,0.449,0.233,3.86219624434942e-33,"0","EGR1"
3.53062066453828e-37,1.58922583219045,0.499,0.349,8.63307364892899e-33,"0","YPEL3"
4.17678785168013e-37,0.526468574666179,0.913,0.903,1.02130816549283e-32,"0","LSP1"
5.80774823390677e-37,0.978237046378247,0.7,0.655,1.42011059815488e-32,"0","MPEG1"
1.14987480012413e-36,1.23997046969029,0.603,0.54,2.81167386126353e-32,"0","PGD"
9.51795596122917e-36,1.15290113129043,0.624,0.582,2.32733059163976e-31,"0","LAMTOR1"
1.94021123549724e-35,0.919658726757295,0.684,0.657,4.74420451303785e-31,"0","C4orf48"
2.29725082044101e-35,0.603576111206371,0.879,0.914,5.61723770614236e-31,"0","RNASEK"
5.35107186578902e-35,1.12492337437846,0.622,0.561,1.30844409262273e-30,"0","TMEM219"
1.56605758003026e-34,1.05614119061613,0.605,0.451,3.82932399468999e-30,"0","CSF3R"
2.51529373135832e-34,0.377575904541195,0.975,0.972,6.15039623191736e-30,"0","RACK1"
3.29104340208357e-34,0.620752538434146,0.848,0.857,8.04725932677475e-30,"0","TKT"
6.31922300235766e-34,0.761468714289626,0.793,0.809,1.5451764085365e-29,"0","AP1S2"
6.65990716124326e-34,0.664138757914624,0.831,0.847,1.6284804990672e-29,"0","GMFG"
1.95331142678828e-33,0.743398166916931,0.769,0.802,4.7762371007827e-29,"0","TALDO1"
2.98576853829858e-33,0.809362362780635,0.722,0.734,7.30080122984768e-29,"0","UQCRQ"
7.2172973352738e-33,0.378911217760442,0.989,0.986,1.76477354442115e-28,"0","MT-ND2"
1.0210595621042e-32,1.41857433089248,0.465,0.299,2.49669484125718e-28,"0","SELL"
5.225149272048e-32,0.748833177720596,0.732,0.743,1.27765350000118e-27,"0","VAMP8"
6.37564347174512e-32,1.13124028449437,0.573,0.474,1.55897234171112e-27,"0","CRTAP"
1.81508577093212e-31,0.88530634761526,0.729,0.727,4.43824772708322e-27,"0","HCST"
1.83466160451512e-31,1.2159340830987,0.581,0.522,4.48611455536036e-27,"0","C8orf59"
1.90600094948233e-31,1.11055572651762,0.608,0.564,4.66055352167419e-27,"0","AGTRAP"
2.10266327614615e-31,0.502971354210178,0.897,0.927,5.14143224283258e-27,"0","FXYD5"
2.43274307010659e-31,1.8664237851851,0.391,0.238,5.94854335502462e-27,"0","FAM200B"
1.01300322173225e-30,0.994924592689925,0.649,0.653,2.4769954777797e-26,"0","TRAPPC5"
1.49753765626886e-30,0.5185017635041,0.903,0.92,3.66177907710862e-26,"0","SERP1"
3.25028498883825e-30,0.455579418737153,0.905,0.909,7.94759685470729e-26,"0","COX7C"
6.46082147028837e-30,1.11241920421759,0.618,0.597,1.57980006591491e-25,"0","CD302"
1.60423270601175e-29,0.569234448150419,0.81,0.844,3.92266981273993e-25,"0","OST4"
2.70128515722379e-29,0.462218560189316,0.92,0.924,6.6051824664436e-25,"0","GSTP1"
3.35814052750623e-28,1.72595641961721,0.395,0.254,8.21132521785824e-24,"0","ASGR1"
3.83102832974686e-28,0.645793471167664,0.761,0.803,9.36763047189701e-24,"0","UQCRH"
4.61719326547033e-28,0.964761475941445,0.613,0.529,1.1289960972728e-23,"0","TAF10"
1.2645259119038e-27,0.595559298236368,0.805,0.843,3.09201875978718e-23,"0","CARD16"
1.79571730712819e-27,0.278478845913169,0.989,0.988,4.39088795938985e-23,"0","H3F3A"
2.2603954096683e-27,0.725727673844022,0.73,0.751,5.52711885572092e-23,"0","PGLS"
5.59711111355213e-27,0.479677320510715,0.875,0.902,1.36860560948577e-22,"0","COX6B1"
6.73549830984659e-27,0.539463994066451,0.827,0.862,1.64696404672369e-22,"0","COX8A"
2.11065657646085e-26,1.09777731333791,0.589,0.562,5.16097746076206e-22,"0","DDT"
8.55983303849958e-26,1.12560250009755,0.561,0.496,2.09305037457392e-21,"0","PLP2"
1.06547091901167e-25,0.729664701972196,0.748,0.76,2.60528949116733e-21,"0","IER2"
1.43927911278372e-25,1.35253915200943,0.46,0.345,3.51932528657876e-21,"0","HEBP2"
6.89146401890724e-24,2.08646382264263,0.244,0.107,1.6851007819032e-19,"0","CD1D"
1.02187409279653e-23,0.835182983402836,0.657,0.69,2.49868653170607e-19,"0","SNRPD2"
1.32000176866635e-23,0.855680127094916,0.66,0.65,3.22766832474297e-19,"0","EVI2B"
1.63916899727458e-23,1.0644112254936,0.578,0.555,4.0080960321358e-19,"0","NSA2"
2.32834076924209e-23,1.17701038456486,0.532,0.466,5.69325884895076e-19,"0","CKLF"
3.49570791613384e-23,0.841102044603153,0.644,0.683,8.54770499653046e-19,"0","ERP29"
3.95073647080591e-23,0.25808739964813,0.988,0.98,9.66034081841462e-19,"0","OAZ1"
4.08429460044006e-23,0.705278628831473,0.725,0.763,9.98691715699604e-19,"0","UQCR10"
4.1627171429554e-23,0.733293149205119,0.702,0.762,1.01786759579545e-18,"0","HINT1"
4.95076835631058e-23,1.42482330949329,0.421,0.308,1.21056187848506e-18,"0","CDA"
9.80243811962674e-23,0.382185796201474,0.926,0.94,2.39689216901113e-18,"0","LGALS1"
1.70397144278066e-22,0.73692327083798,0.687,0.742,4.16655097188727e-18,"0","ATP5F1D"
1.88636377231141e-22,2.00620546044173,0.23,0.098,4.61253669605585e-18,"0","ALOX5AP"
4.52702813902276e-22,0.789682029737236,0.669,0.711,1.10694892055385e-17,"0","NDUFB11"
1.95866540916872e-20,0.514083250798218,0.775,0.83,4.78932865849936e-16,"0","NDUFA1"
4.2186717409706e-20,0.502949626820446,0.809,0.877,1.03154961410213e-15,"0","TOMM7"
6.05126931832647e-20,0.818309154597919,0.624,0.668,1.47965637371719e-15,"0","SMDT1"
8.90512579219532e-20,1.41661837428084,0.384,0.278,2.1774813587076e-15,"0","BX284668.5"
9.0889553117877e-20,0.378211641365832,0.876,0.897,2.22243135283833e-15,"0","UQCRB"
1.02383559459811e-19,0.33687929131955,0.951,0.955,2.50348279591129e-15,"0","ARPC1B"
1.45054903994745e-19,1.36334677982924,0.424,0.333,3.54688251247951e-15,"0","IL17RA"
1.49622328705584e-19,1.29491468353388,0.446,0.374,3.65856518150895e-15,"0","CLEC4A"
2.77887039645591e-19,1.05656556996825,0.473,0.39,6.79489389341399e-15,"0","GIMAP4"
2.98532478472846e-19,1.33715235655017,0.444,0.374,7.29971616361803e-15,"0","FBXL5"
6.5390747182261e-19,0.939346860232094,0.552,0.529,1.59893455010065e-14,"0","JAML"
1.55818203628345e-18,0.50318101290719,0.791,0.857,3.81006671512029e-14,"0","UBL5"
1.94607348245908e-18,1.28991205745173,0.316,0.192,4.75853887930894e-14,"0","LMO2"
2.63781160391658e-18,1.81134265230487,0.272,0.157,6.44997693389683e-14,"0","MEGF9"
3.21200136198436e-18,0.535482862994659,0.79,0.839,7.85398573032415e-14,"0","TYMP"
4.60883461420451e-18,1.71475221263392,0.296,0.183,1.12695223986529e-13,"0","MGST1"
4.95875256566843e-18,0.673899201930504,0.669,0.74,1.21251417735724e-13,"0","AP2S1"
5.97317206940627e-18,0.525445929918241,0.736,0.793,1.46056003441122e-13,"0","ATP5MD"
7.81647623510833e-18,0.617989506760787,0.698,0.763,1.91128476900869e-13,"0","WDR83OS"
8.97020880524645e-18,0.579422873438763,0.708,0.778,2.19339545705886e-13,"0","SEC61B"
1.22353688461573e-17,0.485219358718081,0.762,0.843,2.99179239026237e-13,"0","ATP5MF"
1.32848085397215e-17,1.08468893690012,0.5,0.457,3.2484013841327e-13,"0","LY86"
1.80824083532003e-17,1.0560841341501,0.502,0.461,4.42151049052455e-13,"0","NDUFA11"
3.89497717504111e-17,1.20494950791003,0.444,0.385,9.52399818841053e-13,"0","METTL9"
6.00218522895319e-17,0.455662426061809,0.8,0.85,1.46765433218363e-12,"0","HIGD2A"
3.7734431026966e-16,1.14372525951892,0.454,0.396,9.22682307471372e-12,"0","RAB32"
8.36570972782014e-16,1.83808739831623,0.215,0.111,2.04558334264658e-11,"0","IFI44"
1.71150744775693e-15,1.06804206570086,0.488,0.456,4.18497801125524e-11,"0","GCA"
3.00826732568156e-15,0.539590309470126,0.713,0.787,7.35581526475655e-11,"0","POLR2L"
3.6019991166838e-15,0.686096923138675,0.638,0.651,8.80760824011523e-11,"0","TNFSF13B"
5.66762140671271e-15,0.389138495614614,0.813,0.881,1.38584678636939e-10,"0","COX5B"
9.89605720204808e-15,1.43739574639499,0.335,0.245,2.4197839070448e-10,"0","NAIP"
1.13422331223854e-14,1.36259168723023,0.322,0.226,2.77340284308569e-10,"0","GIMAP1"
1.69550684868427e-14,0.724081955124942,0.608,0.65,4.14585334640278e-10,"0","ROMO1"
1.74774669296027e-14,1.65098731857187,0.206,0.106,4.27359021362645e-10,"0","NRG1"
2.32048892338989e-14,1.34169787508285,0.349,0.266,5.67405951547295e-10,"0","PLEKHO1"
2.84585501098277e-14,1.40657369680272,0.354,0.278,6.95868467285506e-10,"0","MARCH1"
2.86041930097854e-14,0.554694308576523,0.686,0.768,6.99429727475273e-10,"0","TMEM258"
3.56329653655394e-14,0.382973758809838,0.853,0.887,8.71297269118169e-10,"0","CD37"
3.63699192151894e-14,1.37990832726901,0.245,0.142,8.89317264649812e-10,"0","P2RY13"
7.45441831025546e-14,0.298912269441219,0.917,0.933,1.82275436522367e-09,"0","SLC25A6"
1.47145700866661e-13,1.02887301224111,0.47,0.452,3.59800667759158e-09,"0","TMEM256"
1.97746446644383e-13,1.68854402737004,0.224,0.131,4.83529611334846e-09,"0","SMARCD3"
2.20838013142409e-13,1.84108429054705,0.212,0.12,5.39993109735819e-09,"0","ZNF467"
2.80040938990565e-13,0.753849934928109,0.572,0.597,6.84756104019729e-09,"0","NDUFB9"
3.0435994010926e-13,0.718468985552817,0.506,0.439,7.44220925555163e-09,"0","CAPG"
3.80073758457383e-13,0.71785922870231,0.598,0.644,9.29356354179994e-09,"0","TBCA"
8.53819421921232e-13,0.93197742438652,0.503,0.514,2.0877592504818e-08,"0","SCAND1"
1.01892263955542e-12,0.711081386923046,0.576,0.619,2.4914696382409e-08,"0","APRT"
1.12563656471501e-12,0.491059681582985,0.754,0.814,2.75240652804113e-08,"0","SAMHD1"
1.27029726785661e-12,0.42262904567748,0.771,0.854,3.10613087936298e-08,"0","NME2"
3.84758037255899e-12,0.943528548822186,0.423,0.356,9.40810352698125e-08,"0","TNFSF10"
5.28570874590096e-12,0.536143520888651,0.675,0.731,1.2924615025477e-07,"0","APLP2"
5.30443187694699e-12,0.502204370815833,0.699,0.792,1.29703968255108e-07,"0","GPSM3"
6.50857521350971e-12,1.74598792314798,0.199,0.114,1.59147681120739e-07,"0","ALDH1A1"
8.94318430839449e-12,0.636238915895011,0.623,0.702,2.18678742708862e-07,"0","CNPY3"
1.10837529985182e-11,0.900890044435172,0.481,0.479,2.71019928319767e-07,"0","RAB5IF"
1.45955800771959e-11,1.30362906538828,0.337,0.273,3.56891124047593e-07,"0","OGFRL1"
2.56609540674787e-11,1.20318459487312,0.287,0.201,6.27461648857989e-07,"0","MT1X"
2.66611930318359e-11,1.08085028174962,0.415,0.384,6.51919492014452e-07,"0","SMIM26"
4.567647684754e-11,1.43315707513668,0.286,0.212,1.11688121187605e-06,"0","CARS2"
5.67665221684384e-11,1.03012278677014,0.454,0.444,1.38805500006266e-06,"0","HACD4"
9.24295280640439e-11,0.595190816011167,0.52,0.467,2.260086820222e-06,"0","CD99"
1.69262972062625e-10,0.976625004575665,0.434,0.411,4.1388181928753e-06,"0","RCSD1"
2.05243134202677e-10,0.94240370853585,0.454,0.444,5.01860511752386e-06,"0","CUTA"
2.94936603203678e-10,0.278329024513942,0.892,0.922,7.21178982153632e-06,"0","EEF1B2"
3.36679604563633e-10,2.02173458399638,0.129,0.061,8.23248969078995e-06,"0","HOMER3"
3.45703381053237e-10,2.04000227285097,0.13,0.062,8.45313907351375e-06,"0","CATSPER1"
3.46518943076471e-10,0.974582657763063,0.164,0.085,8.47308119610588e-06,"0","FOLR3"
8.80926623085506e-10,0.545071925288377,0.624,0.709,2.15404177876868e-05,"0","C4orf3"
1.68971489472646e-09,1.31741381488148,0.29,0.228,4.13169086058514e-05,"0","BST1"
1.75916776635336e-09,0.99061098977382,0.445,0.448,4.30151702228725e-05,"0","MRPL33"
2.04666240670094e-09,1.42084814880795,0.255,0.187,5.00449891686514e-05,"0","EVI2A"
2.30572435609192e-09,0.426780510828048,0.715,0.802,5.63795719551595e-05,"0","COX7A2"
2.87272603879142e-09,0.483547338652744,0.665,0.76,7.02438971005279e-05,"0","EDF1"
3.47654767505845e-09,0.347170806561687,0.776,0.871,8.50085437505292e-05,"0","SRP14"
3.86320926123262e-09,0.495097054737731,0.656,0.761,9.44631928556599e-05,"0","SEC11A"
3.96886569358012e-09,1.59960078215706,0.206,0.137,9.70467039394212e-05,"0","RAB3D"
4.96057839599618e-09,0.603537438014027,0.603,0.689,0.000121296062938899,"0","ATP5PD"
6.06145659953889e-09,1.51800830265285,0.205,0.133,0.000148214736771925,"0","IFI44L"
6.9635248693309e-09,0.346068156695623,0.784,0.867,0.000170272110104879,"0","RAC1"
7.71425086096097e-09,0.649344647689117,0.556,0.597,0.000188628862052218,"0","TXN"
8.02577618151671e-09,1.53020811496629,0.201,0.132,0.000196246279190447,"0","HIST1H1E"
8.13285830770649e-09,1.64435952717104,0.13,0.067,0.000198864651340039,"0","ARMH1"
8.30294074486104e-09,1.41245361481084,0.25,0.185,0.000203023507093342,"0","ARID1A"
8.50358085287152e-09,0.983150012118275,0.412,0.408,0.000207929559014414,"0","LY96"
1.10789737228111e-08,1.15425976625609,0.204,0.132,0.000270903065470178,"0","F13A1"
1.7239085394689e-08,0.571164252869796,0.611,0.716,0.000421530116070935,"0","SSR4"
2.00936222332784e-08,0.581908716441446,0.581,0.644,0.000491329250848124,"0","TGFB1"
2.0539456670516e-08,1.78759563718664,0.113,0.055,0.000502230794507457,"0","CRISPLD2"
3.28937279277287e-08,0.922238373893236,0.447,0.466,0.000804317435288822,"0","POLE4"
4.9195364568115e-08,1.53181222840332,0.153,0.089,0.00120292505441955,"0","EMB"
5.11117581349865e-08,0.392185988258486,0.699,0.808,0.00124978470991669,"0","HMGB1"
5.46257622384661e-08,0.940042637260382,0.4,0.366,0.00133570913825497,"0","H1FX"
6.36846058969812e-08,1.66214333508708,0.162,0.1,0.00155721598339298,"0","FCGR1B"
7.79322843275036e-08,0.299207465007521,0.753,0.775,0.00190560021637612,"0","GRN"
9.2300742772772e-08,0.356046977903355,0.747,0.858,0.00225693776227982,"0","PCBP2"
1.21629121582849e-07,1.61338923920372,0.136,0.077,0.00297407528094381,"0","LINC00937"
1.30845639566135e-07,1.16446669492149,0.272,0.215,0.00319943757867113,"0","ITGAM"
1.65127771487596e-07,1.81790461514955,0.147,0.089,0.00403770426841469,"0","LINC01506"
2.31877952884785e-07,0.512330180219615,0.586,0.668,0.00566987970393877,"0","SEM1"
2.5482338541589e-07,0.895203305832421,0.452,0.482,0.00623094142018935,"0","TMEM167A"
3.38058577875609e-07,1.76115819949689,0.116,0.063,0.00826620834621438,"0","MT1F"
3.61073901380179e-07,0.931178433236267,0.378,0.359,0.00882897903654813,"0","IFI16"
3.63845258070834e-07,1.33114137706581,0.173,0.112,0.00889674425034802,"0","LPAR6"
4.27712924935408e-07,0.268069384758039,0.106,0.195,0.0104584364405206,"0","PIGT"
4.59923856642329e-07,0.466489312015701,0.622,0.726,0.0112460581426182,"0","MINOS1"
4.63274365272196e-07,0.286779234199589,0.102,0.191,0.0113279847796357,"0","DNPEP"
4.68285481825968e-07,0.705915939175214,0.523,0.592,0.0114505166016086,"0","STMP1"
4.95590783809009e-07,1.05663578212937,0.35,0.323,0.0121181858456979,"0","PTRHD1"
5.05728498761317e-07,1.36383814995781,0.226,0.173,0.0123660732517117,"0","RAB27A"
5.45750961401714e-07,0.692645132760658,0.487,0.498,0.0133447025081947,"0","CTSD"
5.48916301340432e-07,0.29331500037123,0.768,0.87,0.0134221014003762,"0","COX6A1"
5.79865808564665e-07,1.26678367886739,0.246,0.192,0.0141788787510232,"0","HRH2"
6.06859573594871e-07,0.27549919111769,0.118,0.212,0.0148389302935418,"0","VPS36"
6.76576847986041e-07,0.716870008387311,0.502,0.558,0.0165436570869547,"0","EID1"
7.24108526081903e-07,0.424731002107889,0.678,0.79,0.0177059016797547,"0","EIF3F"
7.82902035472607e-07,0.596036518075503,0.507,0.488,0.0191435205713762,"0","DUSP6"
8.23159843702123e-07,0.266046371611708,0.16,0.275,0.0201279044982043,"0","PHF5A"
8.4019580786908e-07,1.28728282366599,0.265,0.222,0.0205444678940147,"0","ETHE1"
9.29626154634154e-07,0.288159147996204,0.083,0.159,0.0227312187331143,"0","DHX8"
9.45595842104378e-07,0.305864390512737,0.748,0.859,0.0231217095311362,"0","GNAI2"
9.599016477592e-07,0.756394679981435,0.254,0.192,0.023471515091008,"0","CD163"
1.00310936360539e-06,0.43505816186231,0.691,0.802,0.0245280301588789,"0","ATP6V0E1"
1.00803008463786e-06,0.478678772580012,0.62,0.737,0.0246483516295648,"0","PET100"
1.11466180898709e-06,1.49604797678609,0.133,0.079,0.0272557105533523,"0","CES1"
1.16647810962162e-06,0.268142515870713,0.143,0.249,0.028522722736468,"0","RHOQ"
1.21570631643008e-06,0.738524265233433,0.483,0.518,0.0297264508493482,"0","GLIPR2"
1.3407304501185e-06,1.0031408025923,0.341,0.312,0.0327835409662976,"0","HMGB2"
1.36927557407817e-06,0.261214588454976,0.137,0.238,0.0334815263373595,"0","ARRB1"
1.5747084504917e-06,0.252086699819278,0.171,0.288,0.0385047710314231,"0","CCDC124"
1.71401788401285e-06,0.26825313313872,0.147,0.254,0.0419111652998821,"0","PPP2R5C"
1.78163079703569e-06,1.45189184651343,0.14,0.087,0.0435644362491166,"0","GIMAP8"
1.87491379032874e-06,0.851423592239844,0.402,0.385,0.0458453920011183,"0","HLA-DMB"
1.90679346946778e-06,1.31276030710773,0.231,0.183,0.0466249139154261,"0","GTF2I"
1.97428148833309e-06,1.34808107828495,0.221,0.17,0.0482751309527207,"0","MSRB1"
2.01891317725219e-06,0.338809427560942,0.154,0.261,0.0493664650101705,"0","SENP6"
2.05096432831621e-06,1.80097488025319,0.12,0.07,0.050150179755988,"0","LTB4R"
2.14158360969543e-06,0.271018460380364,0.154,0.262,0.0523660024242727,"0","ABTB1"
2.2644383149987e-06,0.262663321841978,0.219,0.365,0.0553700456783483,"0","PSENEN"
2.34059836218912e-06,1.09985711100821,0.343,0.329,0.0572323111522483,"0","DNAJC4"
2.35205109804817e-06,1.38284104910153,0.221,0.173,0.0575123534494738,"0","TNFSF12"
2.43895010498195e-06,0.597799265490606,0.525,0.576,0.0596372079670187,"0","CLEC12A"
2.46994540780238e-06,1.36601810750975,0.252,0.212,0.0603951051115838,"0","BRD7"
2.49569005245534e-06,0.882605885734685,0.42,0.45,0.061024613162638,"0","TXNDC17"
2.7020851043218e-06,0.286101777037843,0.115,0.202,0.0660713849708768,"0","PKN2"
2.78308456966666e-06,0.328863490400307,0.701,0.818,0.0680519838974892,"0","C1orf162"
2.85635514249208e-06,0.2884270848483,0.069,0.135,0.0698435959442162,"0","UBQLN2"
3.27443154547611e-06,0.340918946298351,0.13,0.225,0.0800664001499819,"0","SYPL1"
3.43696632281165e-06,0.264849418644714,0.133,0.227,0.0840407005253905,"0","PRKDC"
3.51600225421925e-06,0.354882099592023,0.124,0.216,0.0859732871201692,"0","WDFY2"
3.73711076307281e-06,0.895413475926952,0.408,0.418,0.0913798323786563,"0","LSM6"
3.79381607733044e-06,1.53018899206981,0.159,0.108,0.0927663907228839,"0","EIF4E3"
4.13111834253193e-06,0.283648473643942,0.073,0.138,0.101014105711591,"0","MON1B"
4.32279815579977e-06,1.13568581329578,0.268,0.227,0.105701060505616,"0","SNHG7"
4.60378212469134e-06,0.493585994316298,0.609,0.722,0.112571680512953,"0","SEC61G"
4.94696997813948e-06,0.788093494603841,0.32,0.277,0.120963309905467,"0","RGS18"
5.04101003567134e-06,0.253845080540626,0.17,0.282,0.123262777392236,"0","GLTP"
5.21368703357702e-06,0.306282213041673,0.11,0.192,0.127485075345025,"0","SNRNP200"
5.32243999151894e-06,0.824501364753792,0.269,0.213,0.130144302672621,"0","CLEC4E"
5.32842035371609e-06,0.425956391116356,0.608,0.719,0.130290534489066,"0","COX5A"
5.38203671081335e-06,0.292510533647561,0.748,0.829,0.131601561652808,"0","FGL2"
5.70903102203834e-06,1.027283918865,0.224,0.171,0.139597226550881,"0","MRPL23"
5.75137183495264e-06,0.531840729594996,0.559,0.638,0.140632544108262,"0","SELENOH"
5.9227805439971e-06,1.07293538332459,0.226,0.174,0.144823829861817,"0","FCGR1A"
6.0617731103219e-06,0.272118156911381,0.135,0.23,0.148222476093591,"0","GLB1"
6.32258648280672e-06,0.253526751320671,0.087,0.158,0.15459988467759,"0","UNC50"
6.34283934437049e-06,0.262733767504969,0.153,0.255,0.155095107648547,"0","NDUFAF8"
6.80655179299061e-06,0.312807552389504,0.089,0.162,0.166433804442206,"0","UTP11"
7.4684017944463e-06,0.312867305721895,0.048,0.1,0.182617360677801,"0","PRKRA"
7.50485792212027e-06,0.252734469328549,0.121,0.206,0.183508785911685,"0","SRSF1"
7.51657243436641e-06,0.2565881100306,0.157,0.262,0.183795229165127,"0","YTHDF2"
7.74269337502105e-06,0.297929726851406,0.139,0.234,0.189324338406015,"0","CREBBP"
8.12754200022379e-06,0.33065448407876,0.132,0.224,0.198734656989472,"0","ZNF24"
8.76244912446666e-06,0.481840476736871,0.602,0.712,0.214259405991459,"0","NDUFA13"
9.05926481619917e-06,0.272966862598115,0.093,0.165,0.221517143285702,"0","EXOSC1"
9.94354709568236e-06,1.20884586804158,0.229,0.185,0.243139613583625,"0","MGST2"
1.00392906047147e-05,0.904295917254611,0.385,0.383,0.245480733866484,"0","PLBD1"
1.01580990868399e-05,0.256663781199149,0.179,0.29,0.248385838871409,"0","HOOK3"
1.02203271699451e-05,0.279645612171957,0.14,0.233,0.249907439959497,"0","GIT2"
1.08186142869871e-05,0.266932648192264,0.061,0.118,0.264536756545409,"0","SESN3"
1.11348795211737e-05,0.272107073674327,0.151,0.249,0.272270074051739,"0","CPNE3"
1.21574741191996e-05,0.30490946827761,0.16,0.265,0.297274557162669,"0","LTBR"
1.27537394584232e-05,0.631740019108876,0.505,0.579,0.311854437237364,"0","KRTCAP2"
1.3046131410921e-05,0.557294861505306,0.549,0.656,0.31900400525984,"0","EIF3G"
1.3153808101415e-05,1.3011609403601,0.156,0.106,0.3216369156958,"0","HHEX"
1.3520103444426e-05,0.283117744995672,0.082,0.147,0.330593569423105,"0","WDFY1"
1.41716322145415e-05,1.61166486535292,0.134,0.088,0.346524750909969,"0","AGO4"
1.4215110490962e-05,0.273612528127241,0.222,0.355,0.347587881725003,"0","SLTM"
1.43907858296876e-05,0.272434511969657,0.124,0.208,0.351883495107521,"0","TMEM243"
1.44183678121378e-05,0.293215732465043,0.088,0.156,0.352557929742393,"0","CRLF3"
1.46064444125727e-05,0.328457552576718,0.072,0.133,0.357156778776227,"0","TGS1"
1.54978219744476e-05,0.283639741899724,0.167,0.272,0.378952742919192,"0","TRIP12"
1.59786771650475e-05,0.270395170344578,0.056,0.109,0.390710614039741,"0","SACM1L"
1.61085994669638e-05,0.311699711144696,0.127,0.214,0.393887474166199,"0","LAGE3"
1.678819986345e-05,0.35469029799866,0.118,0.2,0.410505063061078,"0","EDEM3"
1.68058434404102e-05,0.897406759351778,0.393,0.409,0.410936483804911,"0","PRAM1"
1.69303927970589e-05,1.70625610960045,0.11,0.067,0.413981964673685,"0","PIP4P2"
1.75333892812075e-05,0.62613381521987,0.491,0.537,0.428726434704086,"0","NAA38"
1.78441656681242e-05,0.764215780542943,0.457,0.518,0.436325538916974,"0","MZT2B"
1.87824156463184e-05,0.350293352523542,0.099,0.171,0.459267627383777,"0","CASC3"
1.96733960615795e-05,0.277301437489379,0.158,0.257,0.481053880497742,"0","CDC26"
2.08407580386191e-05,0.273706619878399,0.227,0.359,0.509598215560313,"0","PTPN2"
2.12983759479607e-05,0.315581546451314,0.147,0.24,0.520787888679535,"0","USP4"
2.25092120371997e-05,0.298471055531018,0.095,0.164,0.550395252733608,"0","GRIPAP1"
2.33112754319948e-05,0.386424301603667,0.055,0.106,0.570007306863136,"0","UNC45A"
2.38659959560728e-05,0.282439150732137,0.146,0.24,0.583571333117893,"0","NARS"
2.42186823138218e-05,0.443975242198285,0.074,0.135,0.592195219937571,"0","CALCOCO1"
2.52677744842109e-05,0.257639353076446,0.162,0.263,0.617847621687925,"0","DCTN2"
2.57109877150337e-05,0.253092423350602,0.077,0.138,0.628685071608005,"0","C1orf131"
2.57234155688962e-05,1.18816015662523,0.184,0.137,0.62898895749065,"0","ITGAE"
2.699033509442e-05,0.299058187830912,0.104,0.177,0.659967673728759,"0","ZNF277"
2.71999134694144e-05,0.303937449840376,0.105,0.178,0.665092284154122,"0","HGS"
2.85074777033957e-05,0.278459085000046,0.06,0.113,0.697064844803432,"0","HSPBAP1"
3.01860602917126e-05,0.250544633505519,0.124,0.205,0.738109546252956,"0","MARCH7"
3.03502865202247e-05,0.260824739346487,0.069,0.126,0.742125205992533,"0","MRPL44"
3.1078287717272e-05,0.68948318586022,0.474,0.54,0.759926291262736,"0","SF3B5"
3.10808618320521e-05,0.259377094050807,0.246,0.394,0.759989233517338,"0","DCXR"
3.11579507464716e-05,0.356245572139843,0.083,0.147,0.761874211652725,"0","TSN"
3.14336757607205e-05,0.26591359655372,0.086,0.15,0.768616239701139,"0","PEX16"
3.15475925266082e-05,1.03000693787665,0.274,0.238,0.771401732460625,"0","AC020656.1"
3.23692046655183e-05,0.271308628747453,0.275,0.442,0.791491792481254,"0","UBE2L3"
3.24670417253056e-05,0.347362524740406,0.172,0.276,0.793884104267172,"0","ADPGK"
3.26507047983874e-05,1.00359766755211,0.329,0.318,0.798375033730168,"0","TRMT1"
3.36298342885923e-05,1.71561874476486,0.124,0.082,0.822316708024658,"0","INPPL1"
3.37517613341079e-05,0.269897745607511,0.083,0.146,0.825298068141605,"0","CCNL2"
3.39544185686146e-05,0.31391668533885,0.069,0.126,0.830253442839764,"0","CCNQ"
3.40233351643997e-05,1.38938816890829,0.174,0.13,0.831938591439903,"0","VNN2"
3.52520271202272e-05,0.295711704220871,0.072,0.13,0.861982567143796,"0","DCTD"
3.58095084907942e-05,0.322894301442598,0.122,0.204,0.8756141016169,"0","SPOP"
3.98593058246304e-05,0.25255617192465,0.172,0.272,0.974639746023863,"0","FLI1"
4.16192240969339e-05,0.44965135180813,0.135,0.222,1,"0","SPSB3"
4.17188518669308e-05,0.266959389870436,0.22,0.344,1,"0","NHP2"
4.46108137735535e-05,0.947831382698076,0.315,0.296,1,"0","NDUFC2"
4.4721227975555e-05,0.375717852657838,0.099,0.168,1,"0","ZC3H7A"
4.52295439575187e-05,0.254626007320118,0.06,0.112,1,"0","ZC3H4"
4.52825354770499e-05,0.270470274834812,0.167,0.268,1,"0","CPNE1"
4.52888986569201e-05,0.361641371631236,0.1,0.169,1,"0","TRAF7"
4.63826155939468e-05,0.291728128932504,0.131,0.216,1,"0","OVCA2"
4.72166198357749e-05,0.324795232821518,0.218,0.347,1,"0","FLII"
4.8048541013088e-05,0.417925854775917,0.187,0.3,1,"0","TRABD"
4.80848374838896e-05,0.26652115957708,0.157,0.251,1,"0","FLOT2"
4.81098845233014e-05,1.23967229392063,0.211,0.169,1,"0","PPP1R9B"
4.82735230364072e-05,0.264075303429739,0.059,0.11,1,"0","DTNBP1"
5.17333026721638e-05,0.252742126337971,0.145,0.234,1,"0","CHMP4A"
5.25634223084668e-05,0.2606916822998,0.111,0.184,1,"0","TMEM18"
5.26323796567706e-05,0.406317688909557,0.106,0.177,1,"0","AD000671.2"
5.28599713419829e-05,0.352401405938934,0.128,0.21,1,"0","SLCO3A1"
5.36193582438986e-05,0.25616559305087,0.056,0.105,1,"0","CTSO"
5.53267037319402e-05,0.322480229422665,0.148,0.238,1,"0","SRSF6"
5.62743363381159e-05,0.263121772013882,0.197,0.31,1,"0","G6PD"
5.72834479254057e-05,0.29189163134574,0.209,0.329,1,"0","EIF2A"
5.76431667329125e-05,0.333764325809852,0.124,0.203,1,"0","KIAA0513"
6.15595443854752e-05,0.379187482815724,0.118,0.195,1,"0","RBL2"
6.23066426860432e-05,0.284718379301617,0.196,0.308,1,"0","NDUFV1"
6.59396344036999e-05,0.965961069618704,0.34,0.336,1,"0","H2AFJ"
6.79321181025481e-05,0.284097373541093,0.076,0.134,1,"0","EXOC3"
7.1034716254813e-05,0.330744902916641,0.173,0.275,1,"0","GAA"
7.13966512001058e-05,0.298343581224663,0.132,0.211,1,"0","CHPT1"
7.30315071967052e-05,0.347174920660564,0.063,0.115,1,"0","TPK1"
7.33348128976685e-05,0.376627838049482,0.066,0.119,1,"0","RUVBL2"
7.4568726562337e-05,0.735189148823491,0.396,0.4,1,"0","ALDH2"
7.94318151414324e-05,0.328129774275767,0.091,0.154,1,"0","FKBP3"
7.95346973136065e-05,1.10683869041468,0.304,0.295,1,"0","CD33"
7.95935056515843e-05,0.282705356667062,0.108,0.178,1,"0","C5orf24"
8.15926294559932e-05,0.35353682042741,0.098,0.165,1,"0","NBR1"
8.21370594751231e-05,0.320426419093996,0.136,0.221,1,"0","IER3IP1"
8.5070924392599e-05,0.284392509807458,0.156,0.247,1,"0","IDH3B"
8.53766332366148e-05,0.327220262416315,0.196,0.31,1,"0","AIP"
8.58916843286761e-05,0.268887043560216,0.054,0.101,1,"0","C6orf120"
8.6224081146492e-05,0.325243920423576,0.073,0.128,1,"0","ZNF451"
8.93782267190244e-05,1.40058837691248,0.106,0.067,1,"0","GCHFR"
9.36579977945324e-05,0.694985335393318,0.487,0.556,1,"0","MEF2C"
9.38553929764943e-05,0.300817021757226,0.132,0.212,1,"0","CHD4"
9.46813102998622e-05,0.260521442117167,0.172,0.269,1,"0","MAP3K11"
9.80631640432579e-05,0.329823195832407,0.057,0.106,1,"0","CCDC22"
9.94950732307981e-05,0.359327684919886,0.089,0.15,1,"0","COX19"
9.98437302297003e-05,0.250936250483475,0.088,0.15,1,"0","NUBP2"
0.000100221719492296,1.14826468754196,0.251,0.223,1,"0","KCNE3"
0.000100722948092795,0.299067624942215,0.25,0.388,1,"0","SSNA1"
0.000101655354097749,0.317866999377413,0.069,0.121,1,"0","TIMM50"
0.000103134047266006,0.981473094945513,0.312,0.302,1,"0","CHCHD5"
0.000104006492229303,0.321115537011448,0.147,0.233,1,"0","CFDP1"
0.00010474623340485,0.617258352523891,0.429,0.439,1,"0","BLOC1S1"
0.000111891266566234,0.33958395124124,0.11,0.18,1,"0","C1orf123"
0.000118482541656022,0.254607723134432,0.191,0.294,1,"0","PLCB2"
0.000120143724992537,0.338940487321536,0.662,0.778,1,"0","PRR13"
0.000123280221111169,0.362632531463704,0.127,0.206,1,"0","LRP10"
0.00012424424490127,0.277072116634594,0.073,0.126,1,"0","MAP3K7"
0.000126873894898421,0.291003081496984,0.109,0.178,1,"0","IREB2"
0.000127374927202272,0.793643928413014,0.427,0.471,1,"0","TGFBI"
0.000129739821313879,0.283591305431146,0.081,0.138,1,"0","C6orf89"
0.000131552858742675,0.301697530892192,0.054,0.1,1,"0","RETREG3"
0.000131816681808157,0.30802551063775,0.1,0.165,1,"0","USP7"
0.000134967784678787,0.294261686128838,0.158,0.247,1,"0","NSRP1"
0.000136946171402822,0.288791603466099,0.062,0.112,1,"0","EXOSC10"
0.000140564754961734,0.257819882657583,0.176,0.274,1,"0","SNRNP70"
0.000140648870049528,0.321532809109031,0.104,0.17,1,"0","TTC14"
0.000145122400128732,1.05043806211406,0.25,0.219,1,"0","ZSCAN16-AS1"
0.00014644679876159,0.384566452085346,0.134,0.213,1,"0","ANKRD13A"
0.000155825650874654,0.309147214111046,0.218,0.339,1,"0","POLR2G"
0.000163716021589425,0.35179171923744,0.156,0.243,1,"0","TTC3"
0.000165821511335684,0.344117868515478,0.058,0.105,1,"0","UBA6"
0.000166591363386795,0.31035407585265,0.23,0.352,1,"0","IK"
0.000166972035982141,0.330811996496033,0.065,0.115,1,"0","LMAN1"
0.00016876115754317,0.4268629344124,0.069,0.12,1,"0","THG1L"
0.000168793685729228,0.269624067311066,0.246,0.379,1,"0","TMEM14B"
0.000170838249873968,0.329668562533984,0.068,0.118,1,"0","PGM2"
0.000171726857412459,0.395522375107976,0.079,0.135,1,"0","MRPL32"
0.000172579064116378,0.305968156889982,0.212,0.326,1,"0","RBM17"
0.000174072341786101,0.324056561100336,0.124,0.198,1,"0","MPV17"
0.000174537512592611,0.314989413836578,0.088,0.147,1,"0","CTCF"
0.000176793140645055,0.281494222535283,0.065,0.115,1,"0","FLYWCH2"
0.00017890029210528,0.254273065710015,0.781,0.871,1,"0","CHCHD2"
0.000191773784421674,0.293193047892543,0.233,0.356,1,"0","YY1"
0.000194189417701152,0.38347249286527,0.062,0.111,1,"0","RSPRY1"
0.000194709521619883,0.259421113450822,0.088,0.147,1,"0","LONP2"
0.00021021624737968,0.430257312337109,0.061,0.108,1,"0","KDM4B"
0.000210416542921669,0.443706940451064,0.123,0.197,1,"0","SLC27A3"
0.000210531533202263,0.292239369242844,0.249,0.381,1,"0","PPIG"
0.00021454020136048,0.301726033246399,0.082,0.137,1,"0","UBE3C"
0.000217663034609766,0.339055350184589,0.195,0.302,1,"0","TRIM44"
0.000220350582963198,0.281152195169504,0.265,0.409,1,"0","RBMX"
0.000221999802071373,0.339053451207528,0.149,0.234,1,"0","RAB18"
0.000223254644033112,0.882295758065835,0.358,0.369,1,"0","MRPL41"
0.000224279268010767,0.323621418226953,0.085,0.142,1,"0","EMC8"
0.000227524206164454,0.336326320089848,0.093,0.153,1,"0","NUTM2B-AS1"
0.000229701335335319,0.344405015759327,0.091,0.15,1,"0","WAC-AS1"
0.000231646830098565,0.260949915217023,0.078,0.132,1,"0","SEC16A"
0.000233798825481458,0.273915105822914,0.108,0.172,1,"0","HUWE1"
0.000235024807175976,0.320241305967005,0.071,0.122,1,"0","HDAC3"
0.00023976116572123,0.525918002363277,0.546,0.666,1,"0","SRSF9"
0.000246298809824494,0.425113836707109,0.11,0.177,1,"0","TAF12"
0.000246420963718436,0.281714746874709,0.095,0.154,1,"0","ARPC5L"
0.000250022167075293,0.257445314819624,0.138,0.216,1,"0","HIKESHI"
0.000251578841483305,1.34505596529338,0.184,0.148,1,"0","FRAT2"
0.000252522871564671,1.25826616086522,0.172,0.133,1,"0","PXN"
0.000264988230306201,0.27903797089325,0.11,0.176,1,"0","SEC63"
0.000269901370278376,1.46687653631803,0.166,0.13,1,"0","FAM111A"
0.00027046842910766,0.37163700716793,0.092,0.151,1,"0","BBIP1"
0.00027173330359853,0.451470432417719,0.186,0.289,1,"0","CYBC1"
0.000276967730819879,0.402251886211165,0.104,0.168,1,"0","GMPR2"
0.000283065316249771,0.344420251974399,0.168,0.26,1,"0","CCDC59"
0.000284137100776243,0.265494458883915,0.086,0.141,1,"0","COQ4"
0.000287179156722027,0.252996174072941,0.274,0.421,1,"0","PAK1"
0.000287254053046214,0.306313969989707,0.127,0.201,1,"0","ARHGEF2"
0.000288170590864779,0.340642442673255,0.15,0.234,1,"0","EFCAB14"
0.000290332912186661,0.294357563356363,0.173,0.265,1,"0","BOD1L1"
0.000293675394262227,0.319090488956926,0.154,0.238,1,"0","CARD19"
0.000294310426585857,1.14583567172639,0.201,0.165,1,"0","APOBR"
0.000295329183803227,1.37924978452847,0.177,0.142,1,"0","APAF1"
0.000297695852953249,0.279780847594549,0.075,0.126,1,"0","CHFR"
0.000297885408682042,0.291945501313441,0.23,0.347,1,"0","PDXK"
0.000300410839239498,1.42887676270319,0.116,0.079,1,"0","C15orf61"
0.000301513571916211,0.255135747800844,0.075,0.126,1,"0","CYBRD1"
0.000304839576430324,0.394130006276055,0.146,0.228,1,"0","DHX9"
0.000309678845844036,0.309444876696749,0.243,0.374,1,"0","PQBP1"
0.000313263269129811,0.371032414772392,0.064,0.112,1,"0","MRPL2"
0.000313976244410745,0.344626198193722,0.129,0.202,1,"0","RABL6"
0.00031473551196296,0.256490552007519,0.056,0.1,1,"0","C3orf38"
0.000315434792759144,0.365460591634085,0.075,0.127,1,"0","MKNK1"
0.000319923059616323,0.293366019055953,0.092,0.149,1,"0","ITPR2"
0.000321362528403108,0.469285387923931,0.088,0.145,1,"0","MVB12A"
0.000322104901151029,0.37185495482688,0.183,0.281,1,"0","COMMD9"
0.000325266867210276,0.345546876437995,0.075,0.126,1,"0","SLK"
0.000329240017321505,0.256369825034245,0.098,0.157,1,"0","BUD23"
0.000331604566052053,0.265641792000817,0.086,0.141,1,"0","MCRS1"
0.000332613828840719,0.336576934821947,0.151,0.234,1,"0","PDCD2"
0.000352078966792245,0.273944777313084,0.123,0.192,1,"0","ORAI1"
0.00036154266035432,0.514772052024649,0.527,0.609,1,"0","IFNGR2"
0.000370194934482294,0.323983035096751,0.106,0.168,1,"0","SPG7"
0.000375413718130498,0.278529052077389,0.141,0.219,1,"0","NUDT21"
0.000378805632694226,0.381416509241001,0.082,0.135,1,"0","UTP6"
0.000387096797577295,0.261442814777437,0.074,0.124,1,"0","UBE2W"
0.000394223108502117,0.329465367249709,0.123,0.194,1,"0","SMIM12"
0.000397413252645009,0.442971840305466,0.571,0.677,1,"0","PSMB10"
0.00039815961810108,0.260571707699444,0.062,0.108,1,"0","RNF20"
0.000404850528927198,0.782651674595518,0.434,0.5,1,"0","NDUFAB1"
0.00041086407205098,0.51171908264116,0.105,0.168,1,"0","USP33"
0.000411857967959974,0.363084684559681,0.644,0.763,1,"0","ZFAS1"
0.000414413105361764,0.329172375009539,0.083,0.136,1,"0","CUL1"
0.000436143532249024,0.306924073880305,0.111,0.175,1,"0","UBR2"
0.000438599416288756,0.282825235471038,0.08,0.132,1,"0","EDEM2"
0.000442491499158039,0.358900844499716,0.12,0.187,1,"0","KARS"
0.000445002329077528,0.34515737754722,0.096,0.155,1,"0","CCNG1"
0.000446817429988442,0.336619393845756,0.232,0.353,1,"0","KDELR2"
0.000448962563251241,0.381331297365495,0.069,0.117,1,"0","APC"
0.000452403475032516,0.372075120837181,0.099,0.159,1,"0","CD81"
0.000460243306218358,0.2544179670782,0.28,0.421,1,"0","STAT6"
0.000464228002134704,0.33986896685794,0.121,0.187,1,"0","UBE2J2"
0.0004704970887835,0.366518131552394,0.141,0.219,1,"0","ADD1"
0.000478671720336642,0.368741377486165,0.091,0.147,1,"0","PAIP1"
0.000481781093335294,0.353460263084737,0.154,0.236,1,"0","UBE2E3"
0.000482440766496679,0.306320471923745,0.09,0.145,1,"0","DDX42"
0.000495133469654167,0.318065398299638,0.06,0.103,1,"0","PDZD11"
0.000498861370415119,0.508244654359201,0.172,0.264,1,"0","ELOVL5"
0.000508691918764307,1.05962894504886,0.297,0.297,1,"0","HEBP1"
0.000508871363000507,0.266528833253843,0.105,0.165,1,"0","CTR9"
0.000509251319109759,0.308799853458578,0.278,0.421,1,"0","N4BP2L2"
0.00051098326326086,0.316231340179388,0.155,0.237,1,"0","RAB4A"
0.000511003659206469,0.390663324050265,0.134,0.207,1,"0","TIMM10"
0.000513861105135271,0.326751546241031,0.203,0.304,1,"0","PHIP"
0.000521681912801963,0.399597220572419,0.176,0.269,1,"0","PEPD"
0.000538642650950177,0.2908276464802,0.137,0.209,1,"0","AGPAT2"
0.000542697205698674,0.356764366941702,0.084,0.137,1,"0","RNF4"
0.000551415596129026,0.426841960500537,0.074,0.123,1,"0","ARFIP1"
0.000552537078636488,0.307782549477063,0.103,0.163,1,"0","CYSLTR1"
0.000554870986469816,0.375245832501679,0.135,0.21,1,"0","ZNF511"
0.000564729236183636,0.290625517805498,0.113,0.175,1,"0","GAK"
0.000570008863411065,0.285981856347339,0.152,0.231,1,"0","VCL"
0.000574442800897225,0.330977267065584,0.082,0.134,1,"0","DCPS"
0.000575851583577037,0.254137587403002,0.145,0.22,1,"0","ZNF638"
0.000576293464309516,1.21359841441544,0.14,0.104,1,"0","QPCT"
0.000577866336617337,1.28368365668444,0.217,0.192,1,"0","MPLKIP"
0.000585447053211447,0.449277481815242,0.196,0.299,1,"0","PRPF6"
0.000588052779909637,0.318350433914875,0.064,0.109,1,"0","BTBD7"
0.000588796661439512,0.313802164241708,0.151,0.23,1,"0","FDFT1"
0.000589311088517148,0.5264120395209,0.092,0.148,1,"0","AKAP17A"
0.000590384388798411,0.402671503583526,0.068,0.114,1,"0","ASB8"
0.00061131106459972,0.333566241895692,0.106,0.166,1,"0","ZNF292"
0.000617229138956882,0.270431182546672,0.239,0.356,1,"0","QKI"
0.00062384932839216,0.460309106749433,0.075,0.124,1,"0","MEMO1"
0.000627846815536184,0.393710882976789,0.093,0.148,1,"0","HCFC1"
0.000629635355487199,0.504448746654644,0.074,0.123,1,"0","VCPIP1"
0.000643709903127761,0.481347241298228,0.131,0.204,1,"0","CAPN1"
0.000644117121077014,0.72145353281387,0.443,0.511,1,"0","COX7A2L"
0.000646127883569815,0.402684732071927,0.168,0.256,1,"0","TMEM141"
0.00065394933678532,0.371564248163663,0.121,0.187,1,"0","PARP4"
0.000654634970601703,0.343114073390951,0.065,0.11,1,"0","MLLT10"
0.000656624220006263,1.44074783032353,0.122,0.088,1,"0","FMC1"
0.00065683945056238,0.360749678154324,0.103,0.162,1,"0","DNAJB14"
0.000663159978866695,0.47204960376656,0.071,0.118,1,"0","ANP32E"
0.000666807356302094,0.345146179309694,0.113,0.176,1,"0","PDS5A"
0.000693600574480331,1.42662388487297,0.136,0.103,1,"0","ARID3A"
0.00070090598206244,0.352169330014212,0.134,0.204,1,"0","UQCC2"
0.000703242968597981,0.321509594586105,0.069,0.114,1,"0","CBFB"
0.000704987368077863,1.56165062215033,0.102,0.07,1,"0","TPCN1"
0.000705583505866408,0.365334825408015,0.103,0.162,1,"0","LZIC"
0.000712131261142946,0.420872295469336,0.161,0.246,1,"0","INPP5D"
0.00072101059050271,0.29667637281013,0.103,0.162,1,"0","LETMD1"
0.000743282071481764,0.272632915999276,0.317,0.481,1,"0","ARPC4"
0.000745819653880479,0.353115145260978,0.167,0.252,1,"0","CNOT1"
0.000751145728496487,0.539437831653045,0.535,0.633,1,"0","PPT1"
0.000751763819044321,1.47279086801158,0.114,0.081,1,"0","CEBPA"
0.000758674117259119,0.263236318410391,0.286,0.43,1,"0","PTPN18"
0.000777887984488954,0.254269662115862,0.154,0.233,1,"0","MARCH2"
0.000785434853337333,0.345311288824027,0.145,0.22,1,"0","FAM173A"
0.000792758145731524,0.293741581992474,0.094,0.147,1,"0","PLA2G7"
0.000799756643559801,0.419218143754314,0.058,0.1,1,"0","CEP85L"
0.000807833965521888,0.363047030047805,0.074,0.121,1,"0","MRPL38"
0.000809645491194582,0.417652518261057,0.069,0.114,1,"0","PTPA"
0.000812775996751077,0.257031647293271,0.259,0.387,1,"0","TRAF3IP3"
0.000818942735715686,0.380144139631386,0.079,0.128,1,"0","XAB2"
0.000822284908941177,0.301585710959725,0.062,0.103,1,"0","SYNE3"
0.000823621506657565,0.26469344389079,0.061,0.103,1,"0","DAXX"
0.000825412250399136,1.38682486307018,0.132,0.098,1,"0","FHL3"
0.000831249694662758,0.973158011106873,0.322,0.332,1,"0","HNMT"
0.00083339523227412,0.380950912305847,0.068,0.112,1,"0","RNF40"
0.000844402356183176,0.424094721755996,0.106,0.165,1,"0","MPPE1"
0.000863259086438996,1.28261814679746,0.174,0.144,1,"0","MPST"
0.000867452041180095,0.529948931820104,0.064,0.108,1,"0","PTGES2"
0.000870946292820286,0.419792279482642,0.131,0.201,1,"0","TSSC4"
0.000888411766049046,0.315861220572748,0.267,0.403,1,"0","ISCU"
0.000890557102516838,0.33888465652029,0.091,0.145,1,"0","ATG101"
0.000892681567895879,0.256186723382959,0.305,0.459,1,"0","BLVRA"
0.000895827370121738,0.267564483192641,0.064,0.107,1,"0","GMPPA"
0.00089796035246281,0.268540238868199,0.143,0.216,1,"0","PNN"
0.000901501348179308,0.917225017010674,0.339,0.35,1,"0","TIMP2"
0.000910367615502209,0.291693838859087,0.075,0.121,1,"0","RDH11"
0.000915457816930565,0.426356824701846,0.139,0.212,1,"0","UBE2F"
0.000922872045776857,0.328535135011734,0.189,0.285,1,"0","SRP19"
0.000929572676976601,0.363305745403661,0.087,0.138,1,"0","RWDD4"
0.000933349160705269,0.331835345876045,0.115,0.177,1,"0","POLR2B"
0.000939100058399331,0.285355503016299,0.059,0.1,1,"0","ALAS1"
0.000964525865424596,0.579760547386391,0.105,0.164,1,"0","BCL2L13"
0.000974272870434913,0.309938734233841,0.062,0.103,1,"0","UBR3"
0.000980472630130421,0.377743563920854,0.101,0.157,1,"0","SAMD9"
0.000982961126839166,0.333321346058941,0.085,0.135,1,"0","MAML2"
0.000991873297164905,1.1660912969759,0.127,0.093,1,"0","CYP27A1"
0.00103524893658575,0.261353086860339,0.071,0.116,1,"0","CEBPZOS"
0.00104020502438076,0.450734289731909,0.095,0.149,1,"0","KMT5B"
0.0010402987594863,0.250689131962083,0.061,0.102,1,"0","TP53"
0.00104290847521829,0.250421344472338,0.066,0.109,1,"0","WDFY3"
0.00104679103564082,0.330287708072783,0.061,0.102,1,"0","ADNP"
0.00104746577307843,0.250321863150981,0.279,0.412,1,"0","PLXDC2"
0.00105715183266392,0.335996164006151,0.062,0.104,1,"0","AP2A2"
0.00106697311967449,0.321922122884209,0.108,0.166,1,"0","ATF6"
0.00107025543583749,0.888412341017859,0.324,0.337,1,"0","EIF4EBP1"
0.00108144393983467,0.27858511915667,0.3,0.449,1,"0","SNX17"
0.00108259511418474,0.325149100289035,0.083,0.132,1,"0","TRAPPC11"
0.00110180986586274,0.27869554640258,0.108,0.166,1,"0","THYN1"
0.00113080275303905,0.467382869725071,0.109,0.168,1,"0","ARHGEF6"
0.00113123596573935,0.437194767868285,0.212,0.321,1,"0","TMEM147"
0.00113214054098144,0.557918276518498,0.532,0.667,1,"0","CSNK2B"
0.00114593056546868,0.279648074833441,0.236,0.348,1,"0","U2SURP"
0.00115029580030022,0.416384554888962,0.103,0.16,1,"0","SDHA"
0.00115449750745316,0.250349186735822,0.095,0.147,1,"0","KMT2A"
0.00115478817728565,0.930416799698168,0.297,0.284,1,"0","KLF10"
0.00115945649822177,1.46787881287889,0.122,0.09,1,"0","TMEM91"
0.00116395241333059,0.308211930484223,0.087,0.137,1,"0","PCSK7"
0.00116414989127402,0.508297090050957,0.07,0.115,1,"0","TEN1"
0.00118371442944343,0.416839375507158,0.073,0.118,1,"0","ZDHHC24"
0.00118890704193521,0.330354267487691,0.17,0.251,1,"0","ZSWIM7"
0.0012199625896056,0.375700367148697,0.209,0.311,1,"0","SETX"
0.00122157597546752,0.368993852768452,0.079,0.126,1,"0","FARSA"
0.00123265443972006,0.38359885198462,0.22,0.329,1,"0","OGFR"
0.00123363740587402,0.375520384134017,0.069,0.112,1,"0","DLGAP4"
0.0012639429838252,0.490252165408052,0.09,0.142,1,"0","WBP1"
0.00126519822495658,0.449779169280362,0.21,0.314,1,"0","SIGIRR"
0.00127482743254294,0.256629870342088,0.745,0.85,1,"0","SLC25A5"
0.00128599394555391,0.356113046833202,0.068,0.111,1,"0","TAZ"
0.0012866665983805,0.305743591422876,0.066,0.108,1,"0","WASHC5"
0.0013064934247606,0.27145232878153,0.176,0.26,1,"0","MTMR11"
0.00130732835450336,0.486363612707396,0.084,0.133,1,"0","MRPS28"
0.00131144295856994,1.17655969831981,0.225,0.202,1,"0","TSEN34"
0.0013392823946123,1.22252027048846,0.167,0.135,1,"0","SNHG9"
0.00134746510007265,0.350775803624333,0.062,0.103,1,"0","RNF24"
0.0013700546615017,1.22776759333484,0.137,0.104,1,"0","ASGR2"
0.00137453298521119,0.625405028729607,0.454,0.517,1,"0","DYNLT1"
0.00139819741367684,0.469560879010014,0.091,0.143,1,"0","RAB5B"
0.00141297540448541,0.368681523410283,0.081,0.128,1,"0","STYXL1"
0.00144104448766829,0.294369303867642,0.141,0.21,1,"0","UBA3"
0.00144819078839205,0.319246667251183,0.09,0.141,1,"0","DCTN6"
0.00148428488652005,0.345615023358466,0.123,0.187,1,"0","SLC25A39"
0.00152959035264503,0.287032350588291,0.12,0.18,1,"0","CUL3"
0.00154783211380095,0.305803449406789,0.199,0.291,1,"0","EPSTI1"
0.00155068373957535,0.309382627199685,0.121,0.183,1,"0","MRPL16"
0.00156561363449519,0.867733255070569,0.348,0.372,1,"0","IFI27L2"
0.00157122360310088,0.409334879825731,0.134,0.2,1,"0","DPY30"
0.00157644385608973,0.345479792627635,0.078,0.124,1,"0","FEM1B"
0.00158118452431219,0.505263239025396,0.167,0.252,1,"0","UBL7"
0.00158853978376599,0.33484848180582,0.146,0.218,1,"0","CD2BP2"
0.00159902027479551,0.311604936421315,0.157,0.234,1,"0","MRPS5"
0.00161456671695036,0.290531656157879,0.062,0.101,1,"0","OTUD4"
0.00164102946206869,0.426658287426942,0.087,0.136,1,"0","EHMT1"
0.00167523179589706,1.21207688241753,0.166,0.136,1,"0","CREB5"
0.00172459256863469,0.381003256674892,0.072,0.115,1,"0","REEP4"
0.00172642974587994,0.924320368207303,0.294,0.29,1,"0","SORL1"
0.00174107488851525,0.427934339838465,0.07,0.113,1,"0","RNF216"
0.00174364921694637,0.443025789570013,0.142,0.213,1,"0","CENPX"
0.00175076156824587,0.413672156320593,0.164,0.244,1,"0","YIF1B"
0.00175589059517173,0.282488911195668,0.078,0.123,1,"0","MDFIC"
0.00176210439049085,0.387428172929856,0.168,0.249,1,"0","RNPEPL1"
0.00177555481291837,0.333839980875746,0.067,0.108,1,"0","WDR43"
0.00177893098612152,0.385678413803604,0.107,0.162,1,"0","MAD2L2"
0.00183674272208237,0.36814847358054,0.096,0.148,1,"0","MRPL15"
0.00184261805022109,0.369835515707775,0.066,0.106,1,"0","AP3M1"
0.00185284392968092,0.349243037146791,0.082,0.128,1,"0","GTF2E2"
0.00185850883082168,0.612472745188677,0.449,0.518,1,"0","GABARAPL2"
0.00186134321696923,0.423095187029096,0.073,0.116,1,"0","SMG5"
0.00189790825542118,0.350811011036993,0.122,0.183,1,"0","IFT20"
0.00190105230720295,0.33790823345174,0.138,0.204,1,"0","MEFV"
0.00192953897265331,1.21588440657545,0.18,0.153,1,"0","DGKZ"
0.00195224472453689,1.49512687544936,0.113,0.083,1,"0","PLA2G16"
0.00199043881423798,0.292493613081825,0.078,0.122,1,"0","DPM2"
0.00199229788008569,0.336681941490889,0.547,0.567,1,"0","ZFP36L1"
0.00200379933575091,0.367719835976453,0.169,0.248,1,"0","FBXW5"
0.0020154156762659,0.383468370587214,0.16,0.237,1,"0","GTF2H5"
0.00204824309495236,0.260698852858908,0.345,0.515,1,"0","LAMTOR5"
0.00205051219839623,0.344008089891907,0.149,0.22,1,"0","MPC2"
0.00206706746579506,0.341655424147224,0.137,0.204,1,"0","TRIB1"
0.00207040524399325,0.284876964439404,0.062,0.101,1,"0","SGMS2"
0.00211896421534481,0.508614582347601,0.125,0.188,1,"0","NPL"
0.0021368220375222,0.414530642530165,0.097,0.149,1,"0","SBNO1"
0.00214470332402569,0.355527084842108,0.094,0.144,1,"0","RNF41"
0.00214490719671338,0.610240882371633,0.455,0.523,1,"0","NDUFC1"
0.00217583889945401,0.279858300176691,0.091,0.139,1,"0","YPEL2"
0.00218248613587046,0.291671827578106,0.082,0.128,1,"0","NUP210"
0.00221939367214041,0.379908766638077,0.104,0.158,1,"0","CCDC107"
0.00223136923061264,0.609356487624212,0.457,0.551,1,"0","C19orf53"
0.00223509668394601,1.15534440004776,0.193,0.168,1,"0","LBR"
0.00224349819780256,0.475024623816815,0.147,0.216,1,"0","APP"
0.00225559277905682,0.399986169879461,0.191,0.281,1,"0","NDUFA10"
0.0022713992685182,0.366061641981813,0.075,0.118,1,"0","SKA2"
0.00229302598587448,0.277188014419391,0.083,0.129,1,"0","CPNE8"
0.00229363337871245,0.278969692860455,0.123,0.182,1,"0","ZDHHC20"
0.00229595005618942,0.539366580442174,0.5,0.609,1,"0","SPCS1"
0.00229896853208943,0.374989691929076,0.131,0.195,1,"0","ACTN1"
0.00231149913954101,0.641220278720298,0.481,0.591,1,"0","ANAPC11"
0.00235128860294176,0.48207802614296,0.209,0.31,1,"0","PJA2"
0.00236527332901375,0.343097913655461,0.172,0.254,1,"0","MFF"
0.00237207532426154,0.350685380922688,0.637,0.772,1,"0","NOP10"
0.00237730405962058,0.377536140473868,0.062,0.101,1,"0","ZMIZ2"
0.00238313709392513,0.272040633045981,0.077,0.12,1,"0","CHD3"
0.00238914023622354,0.46398809470652,0.147,0.218,1,"0","MRPL28"
0.00240714819188192,0.382417693568557,0.085,0.132,1,"0","C1GALT1"
0.0024465421496321,0.478791062899626,0.109,0.165,1,"0","METTL22"
0.00245773499440877,0.447283410188088,0.092,0.141,1,"0","PHKG2"
0.00246643898466935,0.409947976337213,0.064,0.103,1,"0","KRIT1"
0.00254125211460442,0.377627086852102,0.189,0.278,1,"0","MRPL14"
0.00259936418878422,0.62381313713761,0.454,0.537,1,"0","RTRAF"
0.00261128683662267,0.439974805879172,0.11,0.165,1,"0","CPSF7"
0.00261169719005678,0.546764433910673,0.113,0.171,1,"0","DR1"
0.0026405892813885,0.400918676294561,0.13,0.194,1,"0","LILRA6"
0.00264313525093938,0.311331795176038,0.317,0.477,1,"0","CHMP2A"
0.00265511625104141,0.50453691869289,0.11,0.166,1,"0","TRIM27"
0.00266505935833004,0.393058916721146,0.174,0.256,1,"0","SPAG7"
0.00273274127256583,0.55084290276926,0.082,0.128,1,"0","DEDD"
0.00274665000591012,0.25451868901204,0.068,0.107,1,"0","SRD5A1"
0.00278405713604244,0.404139296895637,0.138,0.203,1,"0","ZRANB2"
0.00284896207456206,0.460425460415627,0.154,0.227,1,"0","R3HDM4"
0.00288082621673081,0.42948031924635,0.166,0.243,1,"0","CWC15"
0.00288485969226054,0.392458495109864,0.212,0.308,1,"0","SRP72"
0.00288581192676864,0.260922221443344,0.709,0.808,1,"0","SUMO2"
0.00293019881238535,0.354171226131355,0.638,0.763,1,"0","LIMD2"
0.00300267938594332,0.477735841829509,0.082,0.128,1,"0","KLC1"
0.00301628366722519,0.406441079021315,0.108,0.162,1,"0","KAT8"
0.00303030001369842,0.296096605189473,0.07,0.111,1,"0","SIN3B"
0.00304839703341208,0.416960105599306,0.067,0.106,1,"0","SPPL3"
0.00309686186758194,0.363063705364703,0.079,0.122,1,"0","PI4KB"
0.00309840783605174,0.371572122726485,0.291,0.438,1,"0","SH3KBP1"
0.00310327975700865,0.502310902827188,0.207,0.303,1,"0","C19orf24"
0.0031078581523608,0.328507073506658,0.109,0.163,1,"0","PHKB"
0.00312354962486451,1.27893781469346,0.125,0.096,1,"0","PIGBOS1"
0.00318869352659772,0.316090371057069,0.062,0.1,1,"0","NFKBIL1"
0.00320597198893157,0.416434793786459,0.567,0.666,1,"0","GLIPR1"
0.00322790577633556,0.278282234542538,0.144,0.209,1,"0","SNAPIN"
0.00324912776790786,0.362113121270894,0.062,0.1,1,"0","SIKE1"
0.0032492327938059,0.346375216712984,0.212,0.308,1,"0","PABPN1"
0.00325740585914734,0.296469026576146,0.067,0.105,1,"0","TRPS1"
0.00326358007406992,0.356753235125956,0.22,0.321,1,"0","ATRX"
0.0032921521167291,0.398632207623726,0.077,0.119,1,"0","FCHSD2"
0.00337877283316862,0.585573716654433,0.082,0.126,1,"0","TIA1"
0.00338304940519258,0.652146286502287,0.079,0.123,1,"0","EXOSC5"
0.00341232111343899,0.263180502647995,0.063,0.1,1,"0","PPM1A"
0.00342807174239768,0.531054983965765,0.079,0.122,1,"0","PHF14"
0.00343531461697391,0.344711041534066,0.159,0.228,1,"0","RNF141"
0.00344411008692816,0.357011019208082,0.066,0.104,1,"0","HMGCR"
0.00344583935027428,0.370937864780184,0.134,0.195,1,"0","FNTA"
0.00346237490306635,0.271114873561742,0.099,0.147,1,"0","UROS"
0.00347769365445361,0.792782275271622,0.376,0.417,1,"0","MRPL20"
0.00348567947028017,0.459300729992242,0.545,0.677,1,"0","ATP5PB"
0.00358469711165816,0.3682513020959,0.143,0.207,1,"0","ADAM15"
0.00360511906395865,0.298484423778196,0.185,0.264,1,"0","IRF2"
0.00360613774138009,0.28464544423358,0.072,0.112,1,"0","FAM241A"
0.00360980193285991,0.368946916946843,0.101,0.15,1,"0","CASP8"
0.00364548667556566,0.358371770060588,0.171,0.248,1,"0","ATP6V1A"
0.0036923555480352,0.56042271727327,0.108,0.162,1,"0","ERO1A"
0.00370376437055397,0.459121956885883,0.118,0.174,1,"0","LGALS8"
0.0037426511432464,0.39520581248708,0.063,0.1,1,"0","POLG"
0.00374788026017849,0.452710215021032,0.066,0.104,1,"0","ALDH3A2"
0.00377336137072742,0.456308556164067,0.172,0.25,1,"0","EPS15"
0.00379513910523613,1.1674746273504,0.207,0.19,1,"0","MRPL36"
0.00382425123150329,0.394969198435307,0.079,0.121,1,"0","MAP3K13"
0.00383177234948169,0.389313920948875,0.076,0.118,1,"0","RFC1"
0.0038516550155894,0.307982415973019,0.147,0.21,1,"0","C11orf21"
0.00385180403535382,0.976075495641382,0.273,0.27,1,"0","MTIF3"
0.00385783921772283,0.473426692345596,0.163,0.237,1,"0","TRIM8"
0.00398969599723355,0.354252735940602,0.108,0.16,1,"0","RAF1"
0.00399557111621923,0.426638391644882,0.147,0.214,1,"0","CAB39"
0.0040033504955454,0.323491344860562,0.277,0.401,1,"0","MCUB"
0.00406269115177001,0.580836018757946,0.108,0.161,1,"0","ANKRD17"
0.00406876764698346,0.384453714687322,0.241,0.353,1,"0","PTTG1IP"
0.00407401953247184,1.28776854344675,0.104,0.076,1,"0","PAM16"
0.00407865146872812,0.36086160856565,0.196,0.282,1,"0","BLOC1S2"
0.00408278955670309,0.690097669251666,0.418,0.471,1,"0","MRPL52"
0.00409245906240546,0.350540926857212,0.206,0.298,1,"0","EIF3J"
0.00411716499323538,0.440312966531891,0.075,0.115,1,"0","SURF2"
0.00416994810390843,0.807663602930715,0.352,0.376,1,"0","SAT2"
0.00418270989151688,0.577643755227271,0.077,0.119,1,"0","AGGF1"
0.00423482590826963,0.596753789557907,0.108,0.161,1,"0","SLC12A9"
0.00425679005091834,0.527863381850807,0.322,0.311,1,"0","CD93"
0.00427198461596004,0.31840329201207,0.066,0.103,1,"0","KDM3B"
0.00428708875057596,0.318178629542122,0.258,0.372,1,"0","TLR2"
0.00429725882346087,0.512249937482455,0.155,0.228,1,"0","FEZ2"
0.00437147177198554,0.346024524653445,0.082,0.124,1,"0","PPP6R2"
0.00439082367018005,0.370894271336992,0.167,0.243,1,"0","MAP7D1"
0.00440204353567712,0.382822880104162,0.18,0.258,1,"0","FYN"
0.00442101864569094,0.296312431647308,0.072,0.111,1,"0","B3GNT2"
0.00442853984527116,0.266530629256637,0.339,0.495,1,"0","GNB1"
0.00449397380676717,0.305951950901067,0.076,0.117,1,"0","TMEM126B"
0.00452493383331632,0.365251324295229,0.076,0.116,1,"0","JPX"
0.00457021715942463,0.385073432052722,0.615,0.784,1,"0","BRK1"
0.00461242090618533,0.502942626883742,0.08,0.122,1,"0","ICE1"
0.00468647300380439,1.0590712311246,0.201,0.18,1,"0","ZNF524"
0.00473190373708464,0.441058069171826,0.14,0.202,1,"0","NBEAL2"
0.00481009400522898,0.31929401927809,0.241,0.346,1,"0","C1QBP"
0.00482364345002256,0.361556973845466,0.097,0.144,1,"0","EIF2AK1"
0.00484191151870104,0.693887744800093,0.424,0.487,1,"0","LRP1"
0.00498791653468339,0.363896843684815,0.121,0.177,1,"0","CHTF8"
0.00506314157173724,0.416763553284516,0.129,0.188,1,"0","FAM192A"
0.00508355533162953,0.379060674758956,0.067,0.103,1,"0","ABCB7"
0.00508840337205196,0.420756342545186,0.234,0.341,1,"0","PPP1CC"
0.0051008746021007,0.523120740978591,0.108,0.16,1,"0","UBE2G2"
0.00510680495102933,0.42508838919055,0.094,0.139,1,"0","RERE"
0.00514829187028175,0.936449013594286,0.244,0.231,1,"0","NDUFA7"
0.00514950969307114,0.335192623995365,0.235,0.337,1,"0","ATG16L2"
0.00519111769289803,0.414335083123893,0.099,0.147,1,"0","ZNF580"
0.00534397527069661,0.409959809724527,0.112,0.165,1,"0","ITGB2-AS1"
0.00541555091839119,0.447855490728867,0.202,0.291,1,"0","PRPF8"
0.00543025364633778,0.371265195235757,0.136,0.196,1,"0","UBAC1"
0.00549063936216793,0.968037871826231,0.175,0.148,1,"0","STAB1"
0.0055101151013963,0.444467007527236,0.157,0.225,1,"0","TIAL1"
0.00555739861226794,0.456943501770421,0.188,0.272,1,"0","BPTF"
0.00558966723472419,0.356238660296445,0.072,0.11,1,"0","UTP18"
0.00562113600442156,0.320085181822432,0.145,0.208,1,"0","PLEKHJ1"
0.00570064065133037,0.379461161352243,0.07,0.108,1,"0","SUSD1"
0.00571797009581111,0.543140827867562,0.074,0.113,1,"0","SELENOO"
0.00573957202328627,0.508793164811961,0.101,0.15,1,"0","SERTAD2"
0.00575014969476308,0.442767440537986,0.097,0.144,1,"0","NFIL3"
0.00587838144228175,0.396243963442813,0.116,0.168,1,"0","TTC7A"
0.00589259982891766,0.429189375856305,0.145,0.209,1,"0","ST8SIA4"
0.00593022846950501,0.417536940179387,0.138,0.199,1,"0","MIIP"
0.00595248863270756,0.27214078838484,0.072,0.11,1,"0","TMEM69"
0.00597986896438177,0.331035834373098,0.309,0.452,1,"0","RTN3"
0.00610791428663108,0.511705944897018,0.489,0.576,1,"0","RGS10"
0.00617353763867013,0.401617594375653,0.069,0.106,1,"0","SMIM15"
0.00621555595779117,0.484048080336422,0.16,0.23,1,"0","JAK2"
0.00628584041808202,0.482906788913084,0.102,0.15,1,"0","RNF138"
0.00628627805924378,0.293224061861689,0.074,0.112,1,"0","CLMN"
0.00638859225700834,0.607590728694808,0.416,0.44,1,"0","IFI6"
0.00639460361834033,0.259647523670624,0.075,0.112,1,"0","LCMT1"
0.00639988300852187,0.344459210131637,0.085,0.126,1,"0","TRIM33"
0.00647565877354405,1.22030753579567,0.167,0.144,1,"0","SREK1IP1"
0.00651688548034639,0.425021591305732,0.566,0.712,1,"0","ARF5"
0.00681127174829855,0.41557107230137,0.125,0.181,1,"0","ZNHIT3"
0.00683084536087645,0.862322537594127,0.346,0.384,1,"0","MRPL57"
0.0068329563663223,0.422479525952597,0.12,0.172,1,"0","RBM33"
0.00684587299700506,0.292743272676057,0.075,0.113,1,"0","DYNLL2"
0.00701073211159942,0.353434817250098,0.247,0.355,1,"0","PTBP3"
0.00711740818649639,0.360316427895058,0.322,0.479,1,"0","SSBP1"
0.00727915147693314,0.489418758725032,0.14,0.201,1,"0","TMEM33"
0.00738663284228699,0.30910855853641,0.103,0.15,1,"0","SGK3"
0.00755140525995947,0.515214734089019,0.232,0.335,1,"0","STUB1"
0.0076955497731483,0.667098294641839,0.071,0.109,1,"0","PPP2R2D"
0.00772042674265138,0.584012704128294,0.112,0.163,1,"0","STOML2"
0.00790122353408273,0.482940903492787,0.081,0.121,1,"0","SMIM10L1"
0.00801535063977167,0.368955568308002,0.094,0.138,1,"0","DDX41"
0.00801789273892223,0.328018301632018,0.209,0.296,1,"0","TNRC6B"
0.00804673312219969,0.383717075307102,0.154,0.219,1,"0","GYPC"
0.00807979177422958,0.781067761778034,0.344,0.374,1,"0","LDHB"
0.00819337571034075,0.402299639339026,0.186,0.266,1,"0","ZBTB8OS"
0.00821424801565301,0.892939179683736,0.279,0.274,1,"0","XAF1"
0.0083188303485283,0.455663239923302,0.079,0.118,1,"0","AP1G2"
0.00839535665767874,0.443123984067628,0.099,0.144,1,"0","MTMR3"
0.00845586298889218,0.426948353678602,0.086,0.126,1,"0","DGAT1"
0.00845737249121523,0.523720677875679,0.153,0.221,1,"0","GID8"
0.0085618859509489,0.678667792086093,0.385,0.441,1,"0","ATP5IF1"
0.00870345690450677,0.368871204680755,0.069,0.105,1,"0","MRPL9"
0.00871732594080986,0.417989368642477,0.132,0.189,1,"0","BRMS1"
0.00873222939724585,0.505182812247977,0.199,0.287,1,"0","FAM204A"
0.00888477278013348,0.402148893113329,0.174,0.244,1,"0","ATM"
0.00909136042358726,0.309471581303328,0.343,0.506,1,"0","SSR3"
0.00913561873524418,0.45144341327878,0.068,0.103,1,"0","SLC25A40"
0.00916499420602994,0.443937711718385,0.239,0.344,1,"0","DDX46"
0.00919703356056091,0.37711392108497,0.302,0.439,1,"0","CTSA"
0.00925966257378597,0.919487047711198,0.162,0.138,1,"0","SOX4"
0.00929638988336609,0.406930795241034,0.07,0.106,1,"0","GOPC"
0.00933612596921084,0.493148546422295,0.107,0.154,1,"0","PPP2R5E"
0.00942616722050186,0.465924657950551,0.179,0.254,1,"0","RTF1"
0.00943154429831549,0.356735925644772,0.089,0.13,1,"0","XPA"
0.00950124797143229,0.401525528722395,0.19,0.269,1,"0","SMIM7"
0.00953391293298186,0.332092633306472,0.263,0.375,1,"0","GTF3A"
0.00957639126868436,0.361181006960523,0.113,0.162,1,"0","SHMT2"
0.00959686179758437,0.339968699673547,0.59,0.708,1,"0","ZYX"
0.00960897814248468,0.330122889710815,0.074,0.11,1,"0","ARNT"
0.00962419950675342,1.16116970584006,0.2,0.186,1,"0","IRF5"
0.00971741993182673,0.541379269610599,0.078,0.116,1,"0","GNPAT"
0.00980501085069434,0.432479946736045,0.091,0.132,1,"0","DDX1"
0.00994324068656169,0.435662616659136,0.118,0.169,1,"0","MRPS33"
0.00996391692428573,1.08753359159626,0.109,0.084,1,"0","UQCC3"
2.44232966931746e-268,3.97043581047894,0.823,0.13,5.97198450741505e-264,"1","PPIF"
1.20052669778011e-251,6.10052061182453,0.616,0.028,2.93552788141193e-247,"1","PHLDA1"
3.57491570377536e-239,3.86910117128193,0.851,0.202,8.74138387887151e-235,"1","IER3"
2.58342767212646e-221,4.33566852413538,0.664,0.072,6.31699734388362e-217,"1","CXCL2"
3.54884105607341e-214,4.73744429372949,0.558,0.027,8.67762615031071e-210,"1","GPR183"
8.19943953221453e-204,4.14399995985359,0.661,0.089,2.0049269544171e-199,"1","EREG"
4.15334188782784e-197,2.3841858590956,0.969,0.541,1.01557515841166e-192,"1","SOD2"
3.03999351700164e-193,2.91571036893797,0.789,0.171,7.4333921477724e-189,"1","FOSB"
1.52372834059682e-192,5.50782732667973,0.552,0.046,3.72582053842734e-188,"1","THBS1"
1.66231128543015e-187,4.09499376683132,0.639,0.093,4.0646835551338e-183,"1","CXCL8"
1.89979162424827e-187,4.7876644388734,0.493,0.023,4.64537047961187e-183,"1","C15orf48"
3.17441697183775e-184,2.54847999937492,0.817,0.217,7.76208437953766e-180,"1","KDM6B"
2.42866178382397e-180,3.62634941554004,0.786,0.226,5.93856379380636e-176,"1","IL1B"
4.53920509218342e-170,2.51549797914602,0.792,0.204,1.10992642914069e-165,"1","G0S2"
7.83213638980102e-162,2.82646025592239,0.67,0.128,1.91511399003415e-157,"1","PHACTR1"
1.33955441868156e-161,3.85266061014102,0.479,0.036,3.27547846456015e-157,"1","ZC3H12A"
2.74399680339558e-161,2.2348435686486,0.904,0.447,6.70962098366288e-157,"1","PPP1R15A"
1.70128209561805e-160,2.14971197574527,0.878,0.321,4.15997498020525e-156,"1","LITAF"
1.88613910657031e-158,2.84543352269765,0.647,0.118,4.61198734338572e-154,"1","CCRL2"
1.87129847966791e-157,3.24097593916453,0.698,0.173,4.57569904248397e-153,"1","TNFAIP3"
2.71689654644985e-157,2.10266942065694,0.88,0.347,6.64335543537917e-153,"1","ATP2B1"
5.76120900132209e-154,1.09953034715776,0.992,0.97,1.40873082500328e-149,"1","SRGN"
3.74854420775926e-153,2.06832248421895,0.926,0.441,9.16594029681294e-149,"1","PLAUR"
2.24399476285585e-150,1.66395221863163,0.96,0.484,5.48701599413512e-146,"1","NAMPT"
3.56971652867382e-149,2.30773688698364,0.707,0.165,8.72867085591322e-145,"1","CREM"
1.37430539393196e-147,2.53287980335271,0.938,0.673,3.36045154924243e-143,"1","NFKBIA"
2.47916873915561e-145,2.13058281708522,0.826,0.301,6.0620634009833e-141,"1","EZR"
1.03356430329272e-143,4.20201053804891,0.461,0.045,2.52727143441136e-139,"1","RGCC"
3.06146978818467e-143,4.70696168831493,0.405,0.024,7.48590592606916e-139,"1","LMNA"
6.88145580905436e-143,2.66479773555008,0.653,0.146,1.68265357442997e-138,"1","PDE4B"
1.82841799187781e-141,3.03139387533877,0.55,0.084,4.47084767373961e-137,"1","ATP13A3"
3.64847860779567e-141,1.84049289091479,0.843,0.295,8.92125989178197e-137,"1","CDKN1A"
4.15269243869375e-137,4.39194259965992,0.438,0.042,1.0154163551094e-132,"1","CXCL3"
1.07572199107034e-133,1.81107467272949,0.869,0.345,2.6303554125652e-129,"1","NFE2L2"
2.59655036555281e-132,1.65236138894592,0.994,0.872,6.34908495384972e-128,"1","NEAT1"
1.07183535104018e-130,2.41668043997093,0.683,0.178,2.62085180036345e-126,"1","SLC2A3"
1.89839792687664e-130,6.81360875137746,0.308,0.003,4.64196261079875e-126,"1","SEMA6B"
4.76377148350842e-129,4.14711262186237,0.399,0.033,1.16483740314748e-124,"1","SLC7A5"
5.399664822328e-129,4.16394157859466,0.365,0.02,1.32032604235564e-124,"1","LDLR"
5.61274804317758e-127,3.68901731023663,0.413,0.039,1.37242915151778e-122,"1","OLR1"
1.4219851451319e-124,2.7277940261098,0.613,0.146,3.47703807687653e-120,"1","ICAM1"
4.97712766107232e-122,2.4828813446395,0.595,0.131,1.2170072556854e-117,"1","GK"
9.8297172162088e-122,2.72644680638047,0.664,0.203,2.40356245370737e-117,"1","CHMP1B"
2.96390882167951e-121,1.78144473950656,0.886,0.481,7.24734985077074e-117,"1","SQSTM1"
1.06891933304792e-117,2.49859279572627,0.659,0.192,2.61372155316878e-113,"1","ATP2B1-AS1"
2.22079655929747e-114,3.31612262480949,0.399,0.043,5.43029174679417e-110,"1","PHLDA2"
1.24377744103932e-113,1.37648385998399,0.961,0.736,3.04128459882933e-109,"1","BTG1"
6.12783223941862e-113,2.11587205192168,0.675,0.203,1.49837753918264e-108,"1","SERPINB9"
6.49536712065617e-113,1.88581480459474,0.723,0.235,1.58824716834285e-108,"1","BCL3"
2.64224184294739e-112,3.47730999101405,0.508,0.099,6.46080975437496e-108,"1","IL1RN"
3.56854436659507e-109,1.87912203812425,0.75,0.279,8.72580468519827e-105,"1","CD83"
4.65681345673661e-109,2.28442850169453,0.562,0.122,1.13868402644124e-104,"1","SPAG9"
1.56004702650882e-108,1.64309182425286,0.829,0.327,3.81462698921936e-104,"1","SAMSN1"
2.84713934315279e-107,1.95076736120636,0.672,0.201,6.9618251218772e-103,"1","TREM1"
3.70184691908097e-107,3.5032750866498,0.467,0.087,9.05175608653678e-103,"1","CCL4"
1.83428090937518e-106,1.87187529198739,0.735,0.257,4.4851836796042e-102,"1","TPM4"
2.51939351320179e-104,2.3596911383973,0.639,0.198,6.16042101848101e-100,"1","GADD45B"
7.39026517542843e-104,2.20328243622171,0.718,0.266,1.80706764069576e-99,"1","WTAP"
1.38143544258813e-103,2.19287977038732,0.619,0.18,3.3778859442165e-99,"1","SYAP1"
2.82676991280848e-103,4.06312306879462,0.354,0.037,6.91201779079928e-99,"1","PTX3"
1.21767032005461e-102,1.62907927861191,0.824,0.39,2.97744746659754e-98,"1","MYADM"
1.31051796220937e-101,3.74413880792605,0.382,0.051,3.20447852119435e-97,"1","THBD"
1.91952513298997e-101,3.59602705570442,0.384,0.05,4.69362285518706e-97,"1","AREG"
1.99185127346896e-101,4.97898027451277,0.31,0.022,4.87047473388631e-97,"1","TRAF1"
6.78031232425635e-101,4.23382872922762,0.311,0.023,1.65792196952716e-96,"1","LUCAT1"
2.26751056616765e-99,2.09859494572711,0.569,0.147,5.54451683639314e-95,"1","ZNF267"
7.81758277943036e-99,2.10356357503827,0.667,0.216,1.91155534122631e-94,"1","NFKB1"
1.78657259664212e-98,4.79433963612971,0.276,0.013,4.36852731330931e-94,"1","IRAK2"
4.80769070578096e-98,2.03307683528822,0.635,0.198,1.17557653137756e-93,"1","PIM3"
9.51873239097095e-97,2.94201917375416,0.379,0.051,2.32752044424022e-92,"1","ETV3"
2.8828955866816e-96,6.0000574647876,0.279,0.016,7.04925628855385e-92,"1","SERPINB2"
3.55336306618143e-96,2.45721731414543,0.499,0.113,8.68868336942682e-92,"1","NR4A3"
5.29346174496612e-94,2.35843728217692,0.488,0.107,1.29435726587911e-89,"1","TGIF1"
9.24042094452301e-94,1.99339894090735,0.607,0.187,2.25946772935477e-89,"1","PNP"
2.74512246978797e-93,1.60483999468781,0.723,0.257,6.71237346312555e-89,"1","FOSL2"
1.11300482651965e-91,2.39488629967616,0.555,0.158,2.72151940180586e-87,"1","AQP9"
2.80303161312053e-90,1.88064391526065,0.622,0.204,6.85397290040232e-86,"1","XBP1"
3.8463395015001e-89,1.99310615826732,0.655,0.225,9.40506934906803e-85,"1","MAP3K8"
4.32749622553415e-89,1.89413903608206,0.632,0.21,1.05815937706761e-84,"1","PNPLA8"
3.43576241445855e-87,2.17507521692234,0.641,0.245,8.40112625583404e-83,"1","BASP1"
6.36504981398642e-87,1.44608847632311,0.834,0.415,1.55638198051596e-82,"1","RILPL2"
7.83860057460393e-87,1.87096667136111,0.636,0.215,1.91669461250215e-82,"1","MAT2A"
1.98453530130798e-86,1.57607311023722,0.867,0.539,4.85258571875826e-82,"1","MAFB"
4.92298488361487e-86,2.43567353032815,0.498,0.129,1.20376826374151e-81,"1","ARL4C"
9.4186348329077e-86,4.06225185760495,0.313,0.037,2.30304458934259e-81,"1","TNFAIP6"
1.3715893869076e-85,5.55385174628008,0.22,0.005,3.35381036886646e-81,"1","SDC4"
1.77385547631472e-85,2.57154835072579,0.418,0.082,4.33743141068475e-81,"1","PDE4DIP"
3.21596589823201e-85,1.64538635241591,0.619,0.197,7.86367981435691e-81,"1","ETF1"
4.46048986872596e-84,1.40673136348229,0.929,0.724,1.09067898270087e-79,"1","PNRC1"
1.46889240519385e-83,2.30631157603826,0.424,0.086,3.59173570917999e-79,"1","DDIT4"
1.08980927102754e-82,3.51873223398502,0.473,0.129,2.66480162951655e-78,"1","CCL3"
1.65931887831751e-82,1.51146719594344,0.766,0.333,4.05736652126197e-78,"1","ATP1B3"
1.73078673671802e-82,1.98401637559798,0.652,0.252,4.23211972862289e-78,"1","DUSP2"
6.11961879209532e-82,3.75399320846235,0.267,0.022,1.49636918704315e-77,"1","CCL20"
1.0792129716678e-81,2.13449218757745,0.461,0.109,2.6388915583221e-77,"1","SH3BP5"
3.50481037635122e-81,2.08911221522459,0.553,0.171,8.569962332254e-77,"1","BIRC3"
8.47915399054488e-81,1.85703992551217,0.558,0.167,2.07332273376804e-76,"1","SKIL"
1.08805653357078e-80,2.33076600500113,0.575,0.201,2.66051583588726e-76,"1","PLIN2"
1.09658901153005e-79,5.33859484302353,0.236,0.014,2.68137945099329e-75,"1","IL1A"
6.35233971820076e-79,2.69055053381195,0.394,0.08,1.55327410789445e-74,"1","NFKBID"
8.16858737843905e-79,2.59635260687333,0.367,0.065,1.99738298577592e-74,"1","ZBTB43"
4.10021111816566e-78,1.97283769975554,0.516,0.146,1.00258362261387e-73,"1","RASGEF1B"
5.60352296588583e-78,2.38268439025561,0.459,0.114,1.3701734356184e-73,"1","NABP1"
1.08592297968199e-77,2.38765393401383,0.393,0.078,2.6552988699184e-73,"1","THAP2"
5.86102081933917e-76,2.93743935490123,0.327,0.051,1.43313681074481e-71,"1","ELL2"
6.58693691073709e-76,0.962749690178133,0.943,0.732,1.61063781341343e-71,"1","ANXA5"
1.50509618967498e-75,2.04661304247781,0.471,0.124,3.68026120299326e-71,"1","SERTAD1"
2.07131517478064e-75,1.8697518349186,0.627,0.238,5.06477986537362e-71,"1","SGK1"
2.14687808236264e-75,2.41002396681411,0.381,0.075,5.24954628699313e-71,"1","AC015912.3"
3.89102604945501e-75,1.99879690586447,0.428,0.099,9.51433689612739e-71,"1","RBKS"
9.6411992705003e-75,5.74448210292994,0.196,0.005,2.35746604562273e-70,"1","MIR155HG"
1.2054538726817e-74,1.64711653487247,0.538,0.162,2.9475758094813e-70,"1","PPP1R10"
1.2199500070194e-74,1.86008920871003,0.595,0.207,2.98302175716384e-70,"1","ACSL1"
1.29883898348641e-74,1.47166419781179,0.704,0.284,3.17592108242097e-70,"1","GPCPD1"
2.70339568454575e-74,1.68596153616323,0.418,0.085,6.61034312785126e-70,"1","ITGA5"
3.34477888094987e-74,1.03286123146531,0.951,0.692,8.17865331969861e-70,"1","MCL1"
5.08187863954911e-74,3.75954163119315,0.219,0.012,1.24262096494255e-69,"1","GPR84"
7.67545911509521e-74,2.00373817755442,0.505,0.151,1.87680326282308e-69,"1","EHD1"
2.23881884860889e-73,3.96761886281844,0.248,0.023,5.47435984861845e-69,"1","MAFF"
4.63591271855404e-73,1.42514825765494,0.692,0.271,1.13357337794083e-68,"1","JMJD1C"
9.29623007628184e-73,2.71070728104914,0.28,0.033,2.27311417825244e-68,"1","SPHK1"
1.31774313376053e-72,1.87687500903816,0.492,0.137,3.22214551067126e-68,"1","OXSR1"
1.98923201369759e-72,4.63099595616384,0.223,0.015,4.86407011989335e-68,"1","AC016831.1"
2.3383753095742e-72,2.0999893512813,0.512,0.16,5.71779530697083e-68,"1","NR4A2"
1.55542637013959e-71,1.17788065822696,0.831,0.397,3.80332856026532e-67,"1","CD55"
1.58682548644138e-71,1.50917723287232,0.649,0.252,3.88010567944647e-67,"1","CTNNB1"
3.23793223207474e-71,1.5530021958045,0.604,0.216,7.91739189386916e-67,"1","ARL8B"
5.92223085996115e-71,1.31378199950584,0.783,0.411,1.4481038898777e-66,"1","SFPQ"
2.29829268213177e-70,2.68559279769604,0.287,0.038,5.61978526634861e-66,"1","VEGFA"
2.83084154200001e-70,1.7314885673281,0.504,0.148,6.92197373849842e-66,"1","B4GALT1"
1.2123795935228e-69,1.39860869302916,0.753,0.352,2.96451058208196e-65,"1","CFLAR"
4.29341278206686e-69,1.740139850841,0.512,0.159,1.04982529347099e-64,"1","IVNS1ABP"
7.03640147133616e-69,1.58526146468849,0.532,0.168,1.72054088777112e-64,"1","RAB20"
7.54408334006491e-69,2.62084413891586,0.31,0.051,1.84467925831267e-64,"1","FCAR"
3.62126368110446e-68,2.11691652984597,0.362,0.073,8.85471395303663e-64,"1","FNDC3A"
9.13368876923267e-68,2.38170838107281,0.353,0.072,2.23336957785277e-63,"1","OSM"
1.37734094277515e-67,1.17633526392234,0.928,0.647,3.36787407327379e-63,"1","HSP90AA1"
2.00665812695029e-67,1.8358273364546,0.499,0.156,4.90668045201886e-63,"1","SOCS3"
5.24875081462033e-67,1.8932105489777,0.448,0.125,1.28342454919096e-62,"1","PLK3"
9.69319104959309e-67,1.79770961490549,0.525,0.177,2.3701790754465e-62,"1","ETS2"
1.43613413504248e-66,3.75051284337882,0.196,0.01,3.51163518700587e-62,"1","EMP1"
2.33424817251254e-66,1.10617919522939,0.814,0.414,5.70770363142766e-62,"1","DNAJA1"
2.49164843243391e-66,2.41707434259207,0.319,0.057,6.0925787469874e-62,"1","TRMT6"
3.12405200632477e-66,1.31905376390213,0.584,0.193,7.63893196586532e-62,"1","IL6R"
3.51741048573895e-66,4.03813978567097,0.265,0.036,8.60077211972889e-62,"1","CCL4L2"
5.29089417321422e-66,1.55372829340149,0.544,0.18,1.29372944323434e-61,"1","NFKB2"
8.32807924057295e-66,2.08767572016516,0.373,0.082,2.0363819359049e-61,"1","PID1"
1.41263931947066e-65,2.53051631745676,0.314,0.056,3.45418566396966e-61,"1","ARL5B"
1.61374482858749e-65,0.885761371064869,0.857,0.461,3.94592885486213e-61,"1","C5AR1"
2.31997959738024e-65,1.81836415357306,0.448,0.126,5.67281411151417e-61,"1","RRP12"
2.79009731381997e-65,4.86361091891463,0.186,0.009,6.8223459517526e-61,"1","MIR222HG"
7.14969727839274e-65,1.58254568131122,0.65,0.278,1.74824397851259e-60,"1","KYNU"
9.95632265012225e-65,4.56558811084891,0.193,0.011,2.43452001440789e-60,"1","IL1R2"
1.41292679700697e-64,2.07822036473832,0.341,0.067,3.45488860404145e-60,"1","BHLHE40"
4.90393201990781e-64,4.25784387601433,0.18,0.008,1.19910945750786e-59,"1","CYB5D1"
5.6625868705097e-64,1.0778848571539,0.928,0.692,1.38461574157703e-59,"1","CD44"
5.9812829465789e-64,1.62217097501357,0.53,0.176,1.46254330609747e-59,"1","ANPEP"
1.93462262472585e-63,1.75346758368016,0.433,0.118,4.73053924197966e-59,"1","MIR22HG"
2.15120658731537e-63,0.903290952247529,0.954,0.736,5.26013034730354e-59,"1","TIMP1"
2.52009730974469e-63,1.2309993359852,0.783,0.411,6.1621419417877e-59,"1","REL"
2.70803357887506e-63,0.5967006582526,1,1,6.62168370706529e-59,"1","FTH1"
2.74589011351544e-63,1.14472304760215,0.763,0.349,6.71425050556795e-59,"1","DDX3X"
5.76576211620184e-63,0.850384897229574,0.989,0.94,1.40984415265367e-58,"1","SAT1"
1.28240760774158e-62,1.40301643255354,0.777,0.412,3.13574308244972e-58,"1","GLUL"
1.84217688631448e-62,1.81905559171176,0.492,0.163,4.50449092241616e-58,"1","MXD1"
3.34470325484951e-62,2.61186594409535,0.313,0.061,8.17846839875803e-58,"1","TIPARP"
4.63509695146097e-62,2.36377103115934,0.324,0.065,1.13337390657124e-57,"1","RABGEF1"
9.36511304384675e-62,1.96579160983473,0.374,0.089,2.28995744148141e-57,"1","MAFG"
1.0433393903392e-61,3.07677725898186,0.245,0.032,2.5511734772574e-57,"1","TUBB6"
3.09909177510009e-61,0.888943717437568,0.909,0.63,7.57789920847474e-57,"1","TAGLN2"
4.18706260721779e-61,3.64347006827399,0.222,0.024,1.0238205487169e-56,"1","LAMB3"
4.32248895948456e-61,1.76673716049297,0.422,0.118,1.05693500037317e-56,"1","ERN1"
5.03117660725347e-61,1.79920184430159,0.545,0.205,1.23022330400562e-56,"1","NLRP3"
1.25052265276977e-60,2.10942333643452,0.344,0.075,3.05777799055265e-56,"1","ANTXR2"
1.39121429828823e-60,1.73811717550436,0.424,0.115,3.40179720217438e-56,"1","ZFYVE16"
3.70352477086848e-60,2.33309220168493,0.35,0.082,9.05585876972761e-56,"1","USP36"
4.89350714824336e-60,1.99259773908423,0.365,0.088,1.19656036788847e-55,"1","AVPI1"
7.75344435751129e-60,1.207736109951,0.659,0.273,1.89587221429866e-55,"1","CHD1"
1.25276505233644e-59,2.24651272421203,0.35,0.08,3.06326110597307e-55,"1","EAF1"
1.33198901516605e-59,1.09360567577795,0.826,0.451,3.25697953988402e-55,"1","MGAT1"
3.72348297717847e-59,2.05768474770713,0.333,0.072,9.1046605757968e-55,"1","TPRA1"
1.36738069293545e-58,1.09381178718646,0.901,0.639,3.34351927036575e-54,"1","CTSB"
6.64700823021976e-58,1.39279895258311,0.536,0.189,1.62532645245333e-53,"1","RELB"
2.32154437269235e-57,1.7513656785129,0.421,0.124,5.67664030010734e-53,"1","NDEL1"
3.42332411049834e-57,1.36976327251984,0.488,0.159,8.37071211499054e-53,"1","KCTD20"
8.37937500393699e-57,1.54759243079292,0.471,0.155,2.04892477596267e-52,"1","MALT1"
1.01400041625371e-56,0.578216921618512,0.989,0.963,2.47943381782358e-52,"1","H3F3B"
2.48739203270774e-56,1.59499980499208,0.447,0.137,6.08217099837697e-52,"1","ATF5"
4.36964198422926e-56,0.882008578875273,0.897,0.589,1.06846485798374e-51,"1","SDCBP"
1.40747375446238e-55,1.42535850545486,0.529,0.195,3.4415548244114e-51,"1","ISG20"
2.78698294264994e-55,2.90638173969706,0.228,0.031,6.81473069136763e-51,"1","ABL2"
3.65239834461355e-55,6.36686788362202,0.14,0.003,8.93084443224905e-51,"1","MMP19"
4.86090718682849e-55,0.689749204558108,0.994,0.989,1.1885890253233e-50,"1","VIM"
1.08801634373652e-54,1.3313994050253,0.626,0.273,2.66041756370454e-50,"1","HIF1A"
1.27454479258804e-54,3.30180088052173,0.199,0.021,3.11651692683627e-50,"1","PRDM1"
1.45014923043664e-54,1.47803123184432,0.414,0.119,3.54590489826368e-50,"1","SERPINB8"
1.6400777017784e-54,2.18908908550656,0.257,0.042,4.01031799638854e-50,"1","AC245128.3"
3.63616434034159e-54,1.13189060793813,0.664,0.298,8.89114904500324e-50,"1","MAP2K3"
4.267141524955e-54,2.8187999269986,0.251,0.042,1.043401445682e-49,"1","ZNF331"
6.29369031501706e-54,3.08203246182867,0.388,0.126,1.53893315582797e-49,"1","TNF"
7.38037155925055e-54,4.87475128804577,0.148,0.005,1.80464845366794e-49,"1","LONRF3"
7.75800460680521e-54,1.41608973303398,0.492,0.172,1.89698728645601e-49,"1","CLK1"
7.55707292151324e-53,1.52038259900874,0.441,0.141,1.84785547076842e-48,"1","HMGA1"
1.14318970756763e-52,2.14228955358005,0.339,0.086,2.79532747294437e-48,"1","ABCA1"
2.55071792917551e-52,1.20175272669534,0.627,0.278,6.23701548041997e-48,"1","TUBB4B"
2.91702470800834e-52,1.29161319263557,0.803,0.497,7.132708816022e-48,"1","PLEK"
4.77036255829772e-52,1.37016325470478,0.513,0.19,1.16644905275496e-47,"1","TET2"
7.1410368344029e-52,1.27045204852342,0.525,0.191,1.7461263267482e-47,"1","TOM1"
1.37588954923214e-51,2.4077411787112,0.336,0.087,3.36432512578244e-47,"1","FABP5"
1.76987355516929e-51,1.69897467701772,0.433,0.142,4.32769481709996e-47,"1","DDX3Y"
3.98822409508727e-51,1.36368906795774,0.561,0.227,9.75200555730739e-47,"1","HSPH1"
4.75244362390009e-51,1.33157405255904,0.481,0.169,1.16206751491605e-46,"1","FOXO3"
6.97732660171183e-51,1.51254020574287,0.407,0.121,1.70609590065058e-46,"1","JARID2"
1.04317439107687e-50,4.43396041466066,0.159,0.011,2.55077002106116e-46,"1","SLC39A8"
1.45153783876543e-50,1.14694597755079,0.592,0.248,3.54930032334923e-46,"1","EMD"
3.24636421112866e-50,2.4752330917961,0.342,0.096,7.93800976905179e-46,"1","TWISTNB"
2.81622305228833e-49,3.3468462477926,0.19,0.022,6.88622860745543e-45,"1","RALGDS"
7.56403863552907e-49,1.33869800428834,0.49,0.183,1.84955872715957e-44,"1","LPCAT1"
8.33430661569088e-49,1.30761552837328,0.807,0.522,2.03790465366873e-44,"1","BCL2A1"
8.58714216347396e-49,0.903707825604798,0.969,0.95,2.09972800181265e-44,"1","HLA-DRA"
2.67521447033873e-48,2.80374895779085,0.179,0.019,6.54143442287226e-44,"1","FOSL1"
3.63572578264059e-48,3.55148132628021,0.168,0.016,8.89007668371276e-44,"1","AC016831.5"
3.64143145935292e-48,0.545883127119572,0.986,0.958,8.90402820440976e-44,"1","HLA-A"
7.34503075777576e-48,0.933031718462644,0.76,0.392,1.79600692089133e-43,"1","LIMS1"
9.44718213201809e-48,3.58856122600996,0.159,0.013,2.31002497492106e-43,"1","SNAI1"
1.02392429811745e-47,1.391359230166,0.565,0.241,2.5036996937568e-43,"1","MBP"
1.11150579859459e-47,0.745073966536687,0.963,0.808,2.71785397872348e-43,"1","UBC"
3.07890976874488e-47,1.08370764350007,0.653,0.31,7.52855016653497e-43,"1","PPP1CB"
5.56027198944594e-47,3.37992917442338,0.179,0.021,1.35959770685932e-42,"1","AC007384.1"
5.79919211481294e-47,2.41654181340321,0.188,0.023,1.41801845591406e-42,"1","LRG1"
8.3777219230683e-47,1.4689058991949,0.615,0.275,2.04852056462866e-42,"1","ITGAX"
1.16934855003013e-46,1.06568707850405,0.676,0.32,2.85929107453366e-42,"1","EIF5"
4.11250182661915e-46,2.39306051928481,0.262,0.057,1.00558894664491e-41,"1","PTGS2"
4.1733222811812e-46,3.00788629261624,0.179,0.021,1.02046076419443e-41,"1","MFSD2A"
4.29544114752079e-46,2.79061891496487,0.183,0.022,1.05032126939178e-41,"1","LHFPL2"
7.59572046879058e-46,1.19107492755276,0.542,0.224,1.85730556902867e-41,"1","SLC3A2"
2.25194132732016e-45,3.16717727811509,0.165,0.017,5.50644693356324e-41,"1","IL4I1"
2.33096566654932e-45,4.54280433711667,0.139,0.009,5.6996772478464e-41,"1","NRIP3"
2.35719288449891e-45,1.50618746092473,0.341,0.096,5.76380804117673e-41,"1","NQO2"
9.79052068552998e-45,1.80201201571588,0.314,0.085,2.39397811802579e-40,"1","REV3L"
1.14766972906083e-44,1.30022010629568,0.471,0.18,2.80628202149955e-40,"1","DNTTIP2"
3.86537570264836e-44,1.35345411429841,0.479,0.191,9.45161666811578e-40,"1","ARL4A"
5.72237264236741e-44,0.759877913664694,0.898,0.668,1.39923455851168e-39,"1","PKM"
5.91067808696593e-44,2.72210406079985,0.19,0.028,1.44527900582491e-39,"1","PLCXD1"
8.34503362451353e-44,1.33899154474513,0.481,0.188,2.04052762186605e-39,"1","RANBP2"
1.03987365420711e-43,1.8099520741769,0.436,0.167,2.54269905926722e-39,"1","ATF3"
1.07360030776993e-43,1.4068974700468,0.331,0.093,2.62516747255902e-39,"1","NSMAF"
1.09422025303103e-43,1.00754709811209,0.612,0.279,2.67558736271149e-39,"1","TOP1"
1.22585960875692e-43,1.10838256335291,0.492,0.189,2.99747191533242e-39,"1","CDC42EP2"
1.79935257921643e-43,0.835859138357141,0.843,0.526,4.39977692670003e-39,"1","PTPRE"
2.19117174625893e-43,1.88060068157094,0.308,0.085,5.35785315395233e-39,"1","TBC1D7"
2.19450064469496e-43,0.84325027369805,0.92,0.762,5.36599297640811e-39,"1","ANXA1"
3.0766274072863e-43,1.52451474876388,0.333,0.094,7.52296933629647e-39,"1","PPP1R15B"
3.8049528210463e-43,1.17335596106377,0.456,0.162,9.30387063802242e-39,"1","LPXN"
5.70791280925753e-43,5.18515521152368,0.114,0.003,1.39569884011965e-38,"1","LYPD3"
8.23891236032451e-43,1.07107622513407,0.72,0.386,2.01457885034655e-38,"1","SELENOK"
1.22438547493023e-42,1.58808731222023,0.317,0.09,2.99386736329939e-38,"1","MAPK6"
1.24998145930929e-42,1.35868880640614,0.402,0.136,3.05645466430309e-38,"1","FNIP1"
2.51833132599714e-42,1.12444000038475,0.676,0.364,6.15782375832821e-38,"1","MARCKS"
2.56547885330604e-42,0.929608795072564,0.758,0.426,6.27310889210392e-38,"1","CD63"
3.62859314726848e-42,1.50004096518438,0.504,0.221,8.87263596370088e-38,"1","SLA"
6.35981367861514e-42,1.36097048051435,0.405,0.14,1.55510164069498e-37,"1","AHR"
6.5399591079199e-42,1.07325041113066,0.732,0.407,1.59915080106857e-37,"1","LCP2"
7.48425801682471e-42,2.88441260260143,0.183,0.028,1.83005077027398e-37,"1","PDE4D"
8.3564640302078e-42,1.41478967681872,0.553,0.256,2.04332258466641e-37,"1","INSIG1"
1.73651160876363e-41,1.06180549834039,0.619,0.295,4.24611818574884e-37,"1","DNAJB6"
1.88787504630807e-41,2.9860987003039,0.157,0.017,4.6162320632325e-37,"1","ANKRD28"
2.03435686940819e-41,3.18618488028173,0.159,0.018,4.9744094170769e-37,"1","AF213884.3"
3.87199011433388e-41,0.88066659832332,0.784,0.48,9.46779022756921e-37,"1","NINJ1"
3.88385825593531e-41,2.2666590528561,0.2,0.035,9.49681020741302e-37,"1","STARD8"
5.26415023625043e-41,1.83118536773153,0.294,0.082,1.28719001576796e-36,"1","ACSL3"
5.56713466956394e-41,1.0829094390807,0.51,0.207,1.36127576940178e-36,"1","AFF4"
5.59122671282024e-41,1.27734121891517,0.353,0.108,1.3671667558188e-36,"1","GSN"
5.75851214992103e-41,1.09681324073859,0.607,0.287,1.40807139089869e-36,"1","SLC43A2"
6.16022821951357e-41,3.61334946903217,0.122,0.007,1.50629900423546e-36,"1","ZC3H12C"
6.86415413403727e-41,1.55456989847332,0.304,0.085,1.67842296885479e-36,"1","ADAM8"
7.59752724257072e-41,1.10423619263788,0.559,0.253,1.85774736135339e-36,"1","DYNC1H1"
1.03795751567437e-40,1.61923249072154,0.367,0.127,2.53801371732697e-36,"1","FNIP2"
1.50418581587077e-40,1.15977442803149,0.858,0.599,3.6780351569672e-36,"1","ZEB2"
2.06328898092507e-40,1.01968216513028,0.744,0.41,5.04515421615798e-36,"1","JUND"
2.16789175443211e-40,1.39201297518199,0.322,0.095,5.30092891793738e-36,"1","GNA15"
2.32513028963234e-40,1.16284041707437,0.442,0.166,5.685408584209e-36,"1","HBP1"
3.61882145447871e-40,1.44151904939912,0.381,0.134,8.84874222049134e-36,"1","PFKFB3"
3.99794433126873e-40,2.51493878010454,0.196,0.034,9.77577347881829e-36,"1","BTG3"
4.95580139877025e-40,1.41307983516402,0.33,0.098,1.2117925580273e-35,"1","DSE"
5.60967148499436e-40,1.27341890599151,0.424,0.159,1.37167687151082e-35,"1","METRNL"
9.32946844207863e-40,3.78468459282261,0.159,0.02,2.28124162345707e-35,"1","SDS"
1.53343503202979e-39,1.66985039080558,0.336,0.109,3.74955534031924e-35,"1","RUNX3"
2.08045149855284e-39,1.98375483287685,0.26,0.066,5.0871200042614e-35,"1","BRAF"
4.47115716367508e-39,2.57007360284331,0.197,0.037,1.09328734966183e-34,"1","EIF2AK3"
7.45032521020294e-39,2.28737230414103,0.208,0.041,1.82175352039882e-34,"1","B3GNT5"
8.00344519890201e-39,0.936323346154071,0.621,0.297,1.95700242003552e-34,"1","BRD2"
9.40467470167547e-39,1.47637655563362,0.274,0.072,2.29963105805369e-34,"1","KMT2E-AS1"
9.81176764036153e-39,1.74525573729969,0.337,0.111,2.3991734234212e-34,"1","NBPF19"
1.47762323339457e-38,1.44212006176971,0.341,0.112,3.6130843302964e-34,"1","AGO2"
1.51787373934858e-38,0.949729809664271,0.681,0.345,3.71150486745516e-34,"1","BZW1"
1.90343957315925e-38,0.640241029058291,0.934,0.794,4.65429044428901e-34,"1","MT-ATP8"
3.95982605692485e-38,2.0384415100698,0.21,0.042,9.68256667439265e-34,"1","RAPGEF2"
4.02083194455186e-38,0.955791179603694,0.582,0.264,9.8317382708182e-34,"1","RBM47"
8.95071116987238e-38,1.62399267530004,0.364,0.132,2.18862789525719e-33,"1","JUN"
1.51039207192589e-37,1.02904212257842,0.533,0.24,3.69321069427318e-33,"1","ARF4"
1.61853360571414e-37,1.14782437170868,0.402,0.148,3.95763837269222e-33,"1","PEA15"
2.73647442149191e-37,0.845580147289839,0.764,0.439,6.69122725543201e-33,"1","RBM39"
3.11806757023049e-37,1.42462549430936,0.379,0.139,7.6242988227276e-33,"1","JOSD1"
3.36709026167612e-37,3.06042698582312,0.151,0.02,8.23320910785046e-33,"1","PLEKHG2"
4.18235897106894e-37,0.955268757904503,0.721,0.425,1.02267041560578e-32,"1","YBX3"
4.25759912329567e-37,0.916286233607185,0.696,0.373,1.04106813762826e-32,"1","PLSCR1"
5.4473132677719e-37,0.899371989198481,0.525,0.231,1.33197704023558e-32,"1","LACTB"
7.31096069275161e-37,2.58587848602901,0.156,0.021,1.78767610859162e-32,"1","TNFSF14"
1.17975448884841e-36,1.66024134609767,0.233,0.053,2.88473567613214e-32,"1","CXXC5"
1.33205656186669e-36,1.41490623703642,0.35,0.122,3.25714470507642e-32,"1","TLE3"
1.38476553182907e-36,0.869322580929442,0.644,0.33,3.38602867842844e-32,"1","SRSF2"
2.16354725288108e-36,1.10732549797869,0.533,0.252,5.29030574274482e-32,"1","MARCKSL1"
2.184532770806e-36,0.810667670839615,0.792,0.476,5.34161953117484e-32,"1","DDX21"
2.5856441861782e-36,1.23801697015998,0.325,0.103,6.32241716404293e-32,"1","TFDP1"
2.79084730629758e-36,1.27150368453929,0.487,0.217,6.82417983335885e-32,"1","CXCR4"
3.04969437104867e-36,2.34049170501384,0.214,0.049,7.4571126760882e-32,"1","TP53INP2"
3.24517894313519e-36,1.1713082191428,0.411,0.157,7.93511155175416e-32,"1","SLC25A37"
3.60916462187171e-36,1.3773807104141,0.373,0.135,8.82512933340071e-32,"1","STX4"
3.7442488730269e-36,1.3617710649512,0.325,0.106,9.15543734432539e-32,"1","ZBTB1"
4.579416171752e-36,1.97091963718183,0.203,0.042,1.1197588423168e-31,"1","CLEC10A"
9.38215986624966e-36,1.81726367574185,0.28,0.086,2.29412573049537e-31,"1","FBXO34"
9.9085441341944e-36,0.786299310936679,0.656,0.331,2.42283721169322e-31,"1","BACH1"
9.96641027290977e-36,2.93735330538071,0.123,0.011,2.4369866399319e-31,"1","TMEM273"
1.0437566173809e-35,1.90887420031948,0.234,0.059,2.55219368081977e-31,"1","DNAJB9"
1.24181663625999e-35,1.28603798847965,0.388,0.149,3.03649003898294e-31,"1","CSRNP1"
1.27497397278762e-35,1.39340727418302,0.267,0.073,3.11756635826029e-31,"1","STK17A"
1.52490490340659e-35,1.40262222034408,0.341,0.12,3.72869746980978e-31,"1","ARFGAP3"
1.59416792547239e-35,1.0362354247362,0.619,0.311,3.89805941136508e-31,"1","HSPD1"
1.97220090418408e-35,1.65873580509835,0.587,0.366,4.82242565091091e-31,"1","HLA-DQA1"
2.84048664301052e-35,2.94187859411756,0.148,0.021,6.94555793948933e-31,"1","DNAAF1"
5.22464660957148e-35,1.29059920208689,0.337,0.115,1.27753058897242e-30,"1","VPS37B"
5.65211623212776e-35,0.578933084799117,0.963,0.833,1.38205546107988e-30,"1","MT-ND4L"
6.90199802387516e-35,1.03549897207452,0.641,0.361,1.68767655679795e-30,"1","CALR"
7.25073695841571e-35,1.58033596932561,0.334,0.117,1.77295020107181e-30,"1","NFAT5"
8.92790617633234e-35,0.968320481123069,0.439,0.175,2.18305161823678e-30,"1","ZMIZ1"
1.02240491403869e-34,1.19177249442576,0.368,0.132,2.49998449580741e-30,"1","CHD2"
1.17481856478741e-34,0.940746742865044,0.59,0.289,2.87266635461819e-30,"1","UPP1"
1.36694555673013e-34,0.978362603834004,0.481,0.209,3.34245527531652e-30,"1","HSPA9"
1.67273956639101e-34,1.54373334231345,0.308,0.1,4.09018278773931e-30,"1","ACSL5"
2.10974101535039e-34,1.27181834529777,0.416,0.172,5.15873873073477e-30,"1","GABARAPL1"
2.14924648273365e-34,2.5382003916172,0.156,0.024,5.25533749958031e-30,"1","UBTD2"
2.15802890620333e-34,0.871718429070828,0.447,0.177,5.27681228144838e-30,"1","GAS7"
2.16925147798576e-34,0.983257101355645,0.476,0.202,5.30425371397078e-30,"1","GPBP1"
3.21074727216571e-34,1.14334068000765,0.616,0.335,7.8509192298996e-30,"1","HSPA5"
3.36618776874169e-34,1.00825751451941,0.448,0.185,8.23100233212719e-30,"1","TRA2A"
3.7502146979231e-34,2.38840429346918,0.16,0.026,9.17002497936157e-30,"1","CDCA4"
4.1604606346503e-34,0.696532908495164,0.75,0.4,1.01731583438469e-29,"1","CD99"
5.07492127268709e-34,4.32277440900932,0.108,0.008,1.24091974959745e-29,"1","MELTF"
5.56150719729866e-34,0.82566532652854,0.683,0.378,1.35989973988347e-29,"1","ELF1"
7.50379515751237e-34,2.16237387589639,0.203,0.047,1.83482799191492e-29,"1","GRASP"
1.05560606639051e-33,1.26647749148669,0.257,0.071,2.58116795353808e-29,"1","GPR35"
1.23162730382577e-33,1.05685434890132,0.37,0.137,3.01157508331478e-29,"1","VPS26A"
1.45559751872615e-33,1.99595543570542,0.228,0.059,3.55922705278919e-29,"1","AGPAT4"
2.42838560200455e-33,0.699647801822039,0.621,0.299,5.93788847402152e-29,"1","NR4A1"
3.55963493131154e-33,1.22531665663698,0.328,0.115,8.70401933404298e-29,"1","NUP98"
3.79693936929185e-33,0.956298025046753,0.82,0.588,9.28427614579244e-29,"1","HSP90AB1"
7.88787871808938e-33,1.08147223259819,0.404,0.162,1.92874410414722e-28,"1","CSNK1D"
9.08083129649995e-33,2.75993711466379,0.273,0.09,2.22044486862017e-28,"1","CCL3L1"
9.64505379055115e-33,0.848141283816352,0.428,0.174,2.35840855286557e-28,"1","FOXN3"
1.15237618025894e-32,3.59873367138262,0.123,0.014,2.81779023596917e-28,"1","FLT1"
1.53971459370762e-32,1.32119534097177,0.262,0.076,3.76491012453388e-28,"1","ITPRIP"
1.55467066893023e-32,2.73865335295951,0.12,0.013,3.80148071966821e-28,"1","NECTIN2"
2.12850359920717e-32,2.35472149915918,0.12,0.013,5.20461700078137e-28,"1","CCR5"
2.23786259163304e-32,1.38149724395228,0.24,0.065,5.47202160906111e-28,"1","NFKBIE"
2.65121400842368e-32,0.863111006239412,0.553,0.267,6.48274849339759e-28,"1","ARL6IP1"
3.09786721058958e-32,0.851287877344294,0.604,0.317,7.57490490333363e-28,"1","CSNK1A1"
4.66627560878951e-32,0.979520228145355,0.481,0.217,1.14099771186121e-27,"1","MAP2K1"
7.64762000208089e-32,3.40763744425826,0.111,0.01,1.86999604290882e-27,"1","CHRNE"
7.88340318130893e-32,0.622838152350692,0.898,0.688,1.92764974589366e-27,"1","ANXA2"
8.77819890330913e-32,1.39935720360912,0.277,0.088,2.14644519583715e-27,"1","INPP1"
9.3732591654819e-32,1.15633778125574,0.365,0.141,2.29194933114363e-27,"1","YTHDF3"
1.30749469047284e-31,1.08378341425006,0.422,0.179,3.19708601714419e-27,"1","TNIP1"
1.45089593774023e-31,3.21628731090502,0.143,0.023,3.54773074696241e-27,"1","LGMN"
1.9109348994405e-31,1.96154761151615,0.239,0.069,4.67261801611191e-27,"1","HIVEP1"
1.96908424829061e-31,2.65256081357287,0.139,0.021,4.8148048039202e-27,"1","HLA-DQA2"
2.2097327923431e-31,0.726875589595712,0.68,0.368,5.40323862383734e-27,"1","CANX"
3.22758749353719e-31,1.25952045934019,0.336,0.122,7.89209693919713e-27,"1","PRKAG2"
3.35267095371762e-31,1.43471273902021,0.287,0.095,8.19795101603033e-27,"1","PDE4A"
3.94614462733543e-31,0.821338258992089,0.669,0.371,9.6491128427606e-27,"1","FUS"
4.00639750861818e-31,0.927473788072708,0.461,0.202,9.79644318807317e-27,"1","PHF20L1"
4.14796345931418e-31,1.43406881297283,0.307,0.108,1.0142600250715e-26,"1","DRAM1"
4.19072668226407e-31,1.82630721337503,0.225,0.061,1.02471648834721e-26,"1","ZEB2-AS1"
4.37816784713471e-31,1.50076712658662,0.242,0.069,1.07054960198138e-26,"1","DENND4A"
5.42201669890789e-31,0.904677623399677,0.495,0.227,1.32579152321696e-26,"1","SH2B3"
8.17034256351903e-31,1.10599032076249,0.279,0.088,1.99781216363167e-26,"1","SPTY2D1"
8.43889639052549e-31,1.15013407916915,0.291,0.096,2.06347894541129e-26,"1","RLIM"
8.48942640073117e-31,1.10830180562173,0.33,0.121,2.07583454350679e-26,"1","MORF4L2"
9.01467344548602e-31,0.883648048980745,0.596,0.315,2.20426795089024e-26,"1","ATP1A1"
1.21683814777287e-30,1.49922383719527,0.655,0.391,2.97541263893422e-26,"1","HSPA1A"
1.23951252731251e-30,1.39979784833258,0.254,0.076,3.03085603178454e-26,"1","AP1G1"
1.28237517412692e-30,1.42681728692164,0.262,0.082,3.13566377577514e-26,"1","NDRG1"
1.94958208170547e-30,1.02235449436345,0.747,0.472,4.76711810618622e-26,"1","TNFAIP2"
1.95422988306812e-30,2.20687681710763,0.174,0.038,4.77848291007816e-26,"1","LINC01678"
2.68833603763663e-30,1.05045862416888,0.414,0.177,6.57351927922908e-26,"1","C16orf72"
3.32904354497566e-30,1.26243436634684,0.333,0.125,8.14017727617449e-26,"1","RAB9A"
3.82992944631396e-30,1.08750857001674,0.344,0.127,9.36494348212689e-26,"1","FNDC3B"
4.11272471427143e-30,1.21144711264169,0.277,0.089,1.00564344713365e-25,"1","ZFHX3"
4.59106867043782e-30,1.0432446163978,0.365,0.142,1.12260811129546e-25,"1","WDR33"
4.82327667714532e-30,1.7320688048967,0.216,0.058,1.17938761309557e-25,"1","SMAD3"
5.120175468629e-30,2.35842121841944,0.137,0.021,1.25198530558916e-25,"1","CCND2"
5.12725192837667e-30,1.16601148753523,0.347,0.133,1.25371564152666e-25,"1","THUMPD3-AS1"
5.13666711716716e-30,0.978547337415868,0.364,0.142,1.25601784348971e-25,"1","CSGALNACT2"
5.77182028646791e-30,0.883456494406064,0.465,0.205,1.41132549644713e-25,"1","FLOT1"
5.80030879160116e-30,2.29945870145667,0.171,0.037,1.41829150572232e-25,"1","STARD4"
5.90158987996115e-30,0.981937925228004,0.579,0.308,1.4430567574481e-25,"1","CYCS"
6.54895123557282e-30,1.13839290312187,0.305,0.107,1.60134955612227e-25,"1","RUNX1"
7.47438433663381e-30,0.863450419096556,0.683,0.423,1.8276364579937e-25,"1","STX11"
7.51525771567087e-30,1.03756144761624,0.337,0.125,1.83763081663584e-25,"1","UBAP1"
7.63584940229626e-30,1.921688783771,0.183,0.042,1.86711789584948e-25,"1","SLC16A6"
1.25733867937659e-29,2.51948083439742,0.165,0.035,3.07444453881163e-25,"1","MIR3945HG"
1.69313508390442e-29,2.21237645432921,0.151,0.028,4.14005390716308e-25,"1","PPARD"
1.70517738924778e-29,1.14941553566682,0.242,0.07,4.16949975218867e-25,"1","FAM129A"
2.83334491733672e-29,1.01868099070388,0.408,0.177,6.92809499187175e-25,"1","STK40"
2.99291022951728e-29,2.91568916344574,0.103,0.01,7.31826409321565e-25,"1","KCNN4"
3.38512157013971e-29,2.64603189970688,0.12,0.016,8.27729926330562e-25,"1","HCAR2"
3.8580015835936e-29,1.00152196924207,0.254,0.076,9.43358547220307e-25,"1","PLA2G7"
3.88791197634404e-29,2.74744289229759,0.108,0.011,9.50672236455644e-25,"1","AC006449.6"
4.0792501240702e-29,0.838992228733281,0.51,0.242,9.97458240337646e-25,"1","IDS"
4.4457709247485e-29,1.08802207997177,0.421,0.186,1.0870799065195e-24,"1","EIF4A3"
5.29626892096823e-29,0.98251658857167,0.422,0.185,1.29504367655515e-24,"1","FGD4"
7.88942337222994e-29,1.45051901625464,0.239,0.073,1.92912180297766e-24,"1","GPR132"
8.48474165940846e-29,0.706780546033776,0.535,0.258,2.07468903055856e-24,"1","ATF4"
9.14707731941935e-29,0.845760948644906,0.565,0.29,2.23664334614442e-24,"1","ANXA11"
9.32219939127058e-29,1.09638401280452,0.33,0.124,2.27946419515348e-24,"1","ZFC3H1"
9.91660205682331e-29,1.18898113779334,0.311,0.116,2.42480753493444e-24,"1","ATP6V1C1"
1.38489907108681e-28,2.08211689271401,0.316,0.129,3.38635520862148e-24,"1","HSPA1B"
1.55612950515103e-28,0.944498636058397,0.345,0.132,3.80504786599529e-24,"1","DDX39A"
1.60046083584307e-28,1.45805199501069,0.288,0.102,3.91344683580348e-24,"1","GPAT3"
4.14652681643757e-28,1.09722523184834,0.314,0.117,1.01390873715531e-23,"1","SEC22B"
4.67881199228234e-28,0.617725401474037,0.8,0.515,1.14406310835288e-23,"1","EIF4G2"
5.13636834014285e-28,0.815276245201336,0.864,0.663,1.25594478653173e-23,"1","CEBPB"
1.33469009883911e-27,0.949048160778415,0.331,0.125,3.26358422968139e-23,"1","PLEKHO2"
1.5526675425996e-27,1.57794211225162,0.19,0.048,3.79658267516453e-23,"1","CD82"
1.80730642053139e-27,0.715553940997332,0.316,0.112,4.41922565948336e-23,"1","ACTN1"
1.99578895191367e-27,0.983410292413363,0.317,0.121,4.8801031452193e-23,"1","CWC25"
2.24532754416124e-27,2.32609324859214,0.145,0.028,5.49027491098306e-23,"1","ASPH"
2.27041213205633e-27,1.00600680116256,0.313,0.117,5.55161174530415e-23,"1","UBAC2"
2.52755088969556e-27,0.734577192149392,0.549,0.278,6.18036743548359e-23,"1","CAPN2"
2.68837100406186e-27,1.1360830366083,0.257,0.084,6.57360477913206e-23,"1","TNFRSF10B"
2.96012440407742e-27,1.06586092131197,0.413,0.185,7.23809619285012e-23,"1","FAM107B"
3.80301475395064e-27,0.960005442185607,0.324,0.123,9.2991316763601e-23,"1","ABCF1"
4.50010330789041e-27,1.16648967346756,0.327,0.129,1.10036526084536e-22,"1","B4GALT5"
6.92944802649758e-27,1.03097477191036,0.299,0.111,1.69438863143919e-22,"1","COQ10B"
9.70553206958635e-27,0.987497656903264,0.436,0.205,2.37319670165525e-22,"1","PSEN1"
9.77974298999532e-27,0.737299676358944,0.49,0.235,2.39134275591366e-22,"1","RAB1A"
1.05882873532942e-26,1.11667010654735,0.284,0.102,2.5890480236275e-22,"1","SLC36A4"
1.07993879096209e-26,0.706862960736629,0.883,0.711,2.64066633166051e-22,"1","SERPINB1"
1.26054015801428e-26,1.71932485675652,0.18,0.046,3.08227279437653e-22,"1","SYTL3"
1.3454628010609e-26,0.515375724534941,0.901,0.64,3.28992564115412e-22,"1","YWHAZ"
1.37269451082844e-26,0.857844422014012,0.348,0.138,3.3565126178777e-22,"1","ARHGAP26"
1.40139103150968e-26,1.22580326023643,0.609,0.393,3.42668135024748e-22,"1","NFKBIZ"
1.42275820417668e-26,1.48482911674025,0.199,0.055,3.47892836085282e-22,"1","SGMS1"
1.61312359650295e-26,0.913703067052748,0.505,0.266,3.944409818169e-22,"1","CTSL"
1.66871690539539e-26,1.33028280899491,0.276,0.098,4.08034657707282e-22,"1","TLNRD1"
1.67028142917247e-26,0.662167612265189,0.807,0.543,4.08417215061252e-22,"1","RAB31"
1.68471719202417e-26,0.921374635627868,0.337,0.135,4.11947047793751e-22,"1","ZNFX1"
1.97419826217439e-26,0.616865877986458,0.761,0.476,4.82730959066881e-22,"1","SRSF3"
2.01138814767032e-26,1.20432445243398,0.297,0.111,4.91824629868347e-22,"1","CYB561A3"
2.56591520534889e-26,0.736489927335142,0.783,0.532,6.2741758601191e-22,"1","HNRNPU"
2.89398891096429e-26,1.55484709506604,0.206,0.06,7.07638168508989e-22,"1","VPS37C"
3.86352932802811e-26,0.814391824650824,0.495,0.249,9.44710191289432e-22,"1","GTF2B"
4.20158384856291e-26,0.929056652908696,0.345,0.141,1.0273712826506e-21,"1","AKIRIN1"
4.8383665907482e-26,0.792726049946352,0.556,0.292,1.18307739876975e-21,"1","AKIRIN2"
4.90627616025928e-26,1.04877724342098,0.344,0.144,1.1996826467066e-21,"1","SPATA13"
6.61401647044391e-26,1.0141896569918,0.273,0.095,1.61725930735294e-21,"1","IL4R"
7.86147567814861e-26,0.510985796252397,0.867,0.728,1.9222880328209e-21,"1","GRN"
8.35591018885818e-26,1.19058243001183,0.228,0.07,2.0431871593796e-21,"1","HK2"
1.27158120680227e-25,1.40166920875131,0.171,0.041,3.10927036687291e-21,"1","FAM129B"
1.67869600936473e-25,1.94198670680608,0.179,0.048,4.10474748209865e-21,"1","TMCC3"
1.75198004141235e-25,1.73972725256241,0.176,0.046,4.28394159726148e-21,"1","IL18BP"
1.95733509916413e-25,0.717440687990864,0.569,0.3,4.78607578447614e-21,"1","EMILIN2"
1.99230809939795e-25,0.800199747543588,0.518,0.267,4.87159176464788e-21,"1","MYO9B"
2.14346373334048e-25,1.06221826713623,0.213,0.063,5.24119752076415e-21,"1","SNX29"
2.98549280415839e-25,0.267177620342478,0.985,0.997,7.30012700472808e-21,"1","TPT1"
3.52886436882093e-25,0.852911809150807,0.419,0.191,8.62877915464094e-21,"1","YME1L1"
3.7201666105837e-25,1.84667789514371,0.123,0.021,9.09655139619927e-21,"1","SLC35B2"
3.72043526705826e-25,0.896048043349545,0.364,0.155,9.09720831501086e-21,"1","SPNS1"
4.21252483537284e-25,1.17427424354302,0.305,0.121,1.03004657274537e-20,"1","HAVCR2"
5.40566472117125e-25,1.27060042119362,0.308,0.128,1.32179313762079e-20,"1","RETN"
5.75954930801023e-25,0.968312812815256,0.339,0.14,1.40832499679466e-20,"1","CRK"
6.28964601464672e-25,0.719581961914259,0.436,0.203,1.53794424350142e-20,"1","MOB3A"
6.60736057585408e-25,0.6465550512087,0.872,0.683,1.61563180800784e-20,"1","AHNAK"
7.8328842283667e-25,1.09573465288623,0.253,0.088,1.91529685152023e-20,"1","RNF19B"
9.67038551519288e-25,1.79998225371116,0.165,0.042,2.36460266617496e-20,"1","CYP51A1"
1.09173444191416e-24,0.817403713348563,0.428,0.203,2.66950905736851e-20,"1","GNA13"
1.17390761650663e-24,0.69121756466384,0.492,0.241,2.870438903882e-20,"1","PNRC2"
1.31760076203501e-24,1.2896922052162,0.165,0.04,3.221797383328e-20,"1","PTMS"
1.696552083224e-24,2.37144637122376,0.114,0.018,4.14840915389932e-20,"1","ATP1B1"
2.05214100106628e-24,0.76480724873991,0.485,0.235,5.01789517580727e-20,"1","SLC38A2"
2.07099078816798e-24,0.729856591550155,0.508,0.248,5.06398667522834e-20,"1","CD93"
2.09888438402432e-24,0.776408501085563,0.357,0.153,5.13219209581627e-20,"1","BLOC1S6"
2.15147542847239e-24,1.13731532006704,0.324,0.137,5.26078771770068e-20,"1","NEDD9"
2.29649696295455e-24,2.17374290374242,0.151,0.036,5.61539437381647e-20,"1","PLK2"
2.62404368779585e-24,1.68956182768118,0.199,0.061,6.41631162539841e-20,"1","TTC19"
2.78703538129526e-24,1.50859322720035,0.259,0.096,6.81485891434316e-20,"1","EHD4"
2.9047485374676e-24,0.785066912721445,0.425,0.197,7.10269112381577e-20,"1","ILF3"
2.93834573239828e-24,0.855552354354691,0.398,0.183,7.18484298486028e-20,"1","PTPN1"
2.97623719748506e-24,1.46865209805691,0.174,0.046,7.27749519529047e-20,"1","FAM102B"
3.01112782122773e-24,1.2054191981199,0.25,0.089,7.36280974846604e-20,"1","SLC25A33"
3.67293379317765e-24,1.09162271263661,0.328,0.139,8.98105771107798e-20,"1","EIF4E"
4.64241211866053e-24,0.67582286299355,0.518,0.273,1.13516261125487e-19,"1","RAB11FIP1"
4.67126470851973e-24,1.16674779837006,0.243,0.085,1.14221764652724e-19,"1","ARID5A"
5.22396127265596e-24,1.47255634320417,0.133,0.027,1.27736301038984e-19,"1","KLHL21"
5.40820076622069e-24,1.58481739029526,0.151,0.035,1.32241325135628e-19,"1","ERC1"
5.4562824293747e-24,1.57959790466325,0.231,0.08,1.3341701796307e-19,"1","ADM"
5.61399692530403e-24,1.07310521618914,0.319,0.132,1.37273452817534e-19,"1","MCEMP1"
6.03304201613478e-24,1.19468276606334,0.257,0.093,1.47519943378528e-19,"1","ARIH1"
6.09155524224091e-24,0.996707487394555,0.398,0.188,1.48950708783275e-19,"1","CCNH"
6.13409545647071e-24,0.920723287847261,0.619,0.38,1.49990902101622e-19,"1","HSPE1"
6.24009927260096e-24,0.671497003913459,0.618,0.354,1.52582907413639e-19,"1","IL10RA"
6.51009344715373e-24,1.70718292851048,0.169,0.045,1.59184804969803e-19,"1","SEC24A"
7.66768153264375e-24,1.08244725834608,0.291,0.113,1.87490148836205e-19,"1","PIK3R5"
9.03766853365409e-24,1.86990373081299,0.159,0.04,2.2098907098491e-19,"1","IL1RAP"
1.13617848335301e-23,0.947323019979564,0.419,0.206,2.77818362749479e-19,"1","ACOT9"
1.2406477239535e-23,0.881109601115942,0.304,0.12,3.03363181461109e-19,"1","RAB5A"
1.63495295862233e-23,1.63851236533753,0.169,0.046,3.99778697442332e-19,"1","SIK2"
1.68140972992018e-23,2.06627821082555,0.102,0.015,4.11138307160083e-19,"1","DCUN1D3"
1.97719831641538e-23,0.588247951650026,0.402,0.18,4.83464532329889e-19,"1","EIF4G1"
2.4642112077996e-23,1.09389378095168,0.297,0.121,6.02548924531159e-19,"1","DDIT3"
2.81302170863253e-23,1.5113786471103,0.196,0.06,6.87840068194827e-19,"1","TP53BP2"
3.31039090059668e-23,0.809650682598655,0.485,0.252,8.09456783013901e-19,"1","TANK"
3.36407077412923e-23,1.25216119221343,0.333,0.149,8.2258258569008e-19,"1","GLA"
3.63186407577357e-23,1.21449541354809,0.304,0.127,8.88063403808154e-19,"1","SIPA1L1"
3.68678641500043e-23,1.11283091799864,0.216,0.07,9.01493014195904e-19,"1","GPAT4"
4.26215471061363e-23,1.24435222324321,0.228,0.079,1.04218206983924e-18,"1","ATP6V1H"
4.39098161171237e-23,0.601508168159642,0.658,0.388,1.07368282369591e-18,"1","PRRC2C"
5.34187052989615e-23,1.72113082241431,0.168,0.046,1.30619418197021e-18,"1","JMY"
5.76968067840917e-23,0.907670764859963,0.342,0.151,1.41080231948461e-18,"1","HGSNAT"
8.1397579003138e-23,1.05903012316399,0.251,0.092,1.99033360178473e-18,"1","TENT4B"
9.07845051904205e-23,0.679226460145249,0.47,0.235,2.21986272091616e-18,"1","STAT3"
1.00801152364191e-22,0.962075541476116,0.308,0.129,2.46478977760921e-18,"1","RAB21"
1.16220525929299e-22,0.913976256458235,0.27,0.102,2.84182430002323e-18,"1","NUP58"
1.16989570302091e-22,0.795142717310769,0.598,0.361,2.86062897302673e-18,"1","CD300E"
1.35504915736404e-22,0.664572384825675,0.404,0.181,3.31336619958655e-18,"1","CLEC4E"
1.38778549528389e-22,1.10508958806769,0.291,0.118,3.39341309306816e-18,"1","GSAP"
1.77533259384649e-22,0.628765747768842,0.689,0.414,4.34104325847343e-18,"1","MAP1LC3B"
1.97152842585659e-22,0.970434247662343,0.177,0.049,4.82078130690454e-18,"1","RASA4"
2.1555941598592e-22,0.537054422296053,0.86,0.596,5.27085883968772e-18,"1","TNFRSF1B"
2.41365671366715e-22,0.946904444686228,0.304,0.125,5.90187339625892e-18,"1","SLC43A3"
2.44136715967204e-22,1.3265322304135,0.176,0.05,5.96963097883006e-18,"1","TAF13"
2.53529305792919e-22,0.865743552391955,0.368,0.172,6.19929858524845e-18,"1","DHX36"
2.868151428349e-22,0.784967475317453,0.356,0.156,7.01320387259898e-18,"1","AC005280.2"
3.01915342772286e-22,0.777067069205968,0.385,0.181,7.38243396146795e-18,"1","RIPK2"
3.17730650015498e-22,1.86040887574648,0.108,0.018,7.76914985417897e-18,"1","DUSP10"
3.24078092562389e-22,0.969229599955516,0.379,0.179,7.92435751933554e-18,"1","MAP4K4"
3.62026090255889e-22,0.722859523076047,0.687,0.439,8.852261958937e-18,"1","BNIP3L"
4.80994826633451e-22,1.66329361099688,0.191,0.061,1.17612855008412e-17,"1","SRC"
5.02103411620881e-22,0.770876664536247,0.333,0.144,1.22774326209538e-17,"1","LRRC59"
6.34875341182757e-22,0.944672913098911,0.27,0.105,1.55239718426008e-17,"1","ZSWIM6"
6.45670960287633e-22,0.548128860749384,0.701,0.409,1.57879463209532e-17,"1","UBE2B"
6.88428394182416e-22,2.45659086341752,0.111,0.021,1.68334510945484e-17,"1","AEN"
7.19492926996559e-22,0.684343277188328,0.499,0.261,1.75930410509199e-17,"1","CCDC88A"
9.29748207627923e-22,0.520750219510467,0.84,0.618,2.2734203172918e-17,"1","ENO1"
1.08581616350563e-21,0.928668237485174,0.331,0.147,2.65503768300396e-17,"1","SIAH2"
1.14455820730462e-21,0.575904950189708,0.854,0.644,2.79867372850126e-17,"1","FLNA"
1.15304072545558e-21,0.593029596765474,0.467,0.232,2.81941518188399e-17,"1","MAPK1IP1L"
1.36908407949598e-21,0.738465895537396,0.385,0.181,3.34768439118356e-17,"1","CYLD"
1.38846735559359e-21,0.573432011435232,0.559,0.303,3.39508037789744e-17,"1","ROCK1"
1.56965992237349e-21,1.27614834232738,0.222,0.078,3.83813244218767e-17,"1","ACP5"
1.71674421118733e-21,0.628605701465908,0.396,0.185,4.19778294519527e-17,"1","YWHAG"
1.81622120322328e-21,1.22875245314389,0.242,0.091,4.44102408612155e-17,"1","GGA1"
2.39134865886435e-21,0.976008823615468,0.219,0.076,5.84732574065512e-17,"1","MGAT2"
2.3964072261897e-21,1.35450490180534,0.188,0.06,5.85969494947905e-17,"1","RLF"
2.70074773355612e-21,0.587933807735013,0.676,0.425,6.60386835809143e-17,"1","RAB7A"
2.83696764240038e-21,0.921216831034792,0.28,0.114,6.93695327919741e-17,"1","NFKBIB"
2.97434979271311e-21,0.547087778095481,0.744,0.455,7.2728801131421e-17,"1","ARHGDIA"
2.9844111567867e-21,1.22125033694084,0.213,0.074,7.29748216057484e-17,"1","SFXN3"
2.98678270352098e-21,1.0526698874842,0.247,0.094,7.3032810666495e-17,"1","AAED1"
3.23623973075088e-21,0.495431464453,0.687,0.393,7.91325338963204e-17,"1","CAPG"
3.82299972249789e-21,1.3527071635954,0.193,0.063,9.34799892145183e-17,"1","NOD2"
4.4591432681859e-21,0.877842730546677,0.28,0.114,1.09034971193682e-16,"1","PCYT1A"
4.72191023766252e-21,0.784731876827457,0.373,0.174,1.15460149131324e-16,"1","SMG1"
5.00047449820017e-21,0.880914346339129,0.282,0.117,1.22271602429991e-16,"1","PTGER2"
5.1957694611195e-21,0.800670291464247,0.479,0.252,1.27046954863294e-16,"1","NUMB"
5.36757944678886e-21,0.626654494250691,0.495,0.26,1.31248052632881e-16,"1","PLEKHB2"
5.65821228726613e-21,1.15652238560313,0.211,0.074,1.38354606848231e-16,"1","BTAF1"
5.69046141163746e-21,1.13512877751904,0.237,0.088,1.39143162437359e-16,"1","ISG20L2"
5.84760440448703e-21,0.870358059891177,0.313,0.135,1.42985622898517e-16,"1","MPHOSPH6"
6.11697286455416e-21,0.696936191335779,0.436,0.216,1.49572220484078e-16,"1","RHEB"
6.53049685654472e-21,0.57442668559453,0.582,0.327,1.59683709136232e-16,"1","P4HB"
6.67716017383213e-21,0.793854488193321,0.384,0.185,1.63269920570543e-16,"1","MAP3K2"
6.77169004302344e-21,1.00026896559222,0.25,0.096,1.65581364932009e-16,"1","VRK2"
6.77992906713334e-21,0.905040655694496,0.337,0.154,1.65782825549544e-16,"1","NUFIP2"
6.79486739163529e-21,0.746154453800643,0.39,0.186,1.66148097460266e-16,"1","TPD52L2"
6.90674034952613e-21,0.649397875306619,0.271,0.105,1.68883615026613e-16,"1","CBWD1"
6.91128306585725e-21,2.26814915879763,0.114,0.023,1.68994693526341e-16,"1","UAP1"
7.11544525739262e-21,0.603068872005688,0.673,0.412,1.73986867433764e-16,"1","AKAP13"
8.61997372586976e-21,1.78990076342051,0.131,0.031,2.10775597544967e-16,"1","NAF1"
9.0893263064718e-21,1.18710479754627,0.256,0.103,2.22252206845848e-16,"1","HEXIM1"
9.37551467305955e-21,1.94217703787605,0.129,0.03,2.29250084785652e-16,"1","APBB3"
9.9836612563886e-21,1.49209726208519,0.136,0.033,2.44120485041214e-16,"1","AL118516.1"
1.03574953225036e-20,1.91480095788213,0.146,0.039,2.53261475625859e-16,"1","NPC1"
1.06787398857224e-20,2.21969338888417,0.1,0.017,2.61116547685684e-16,"1","ARMCX1"
1.28861075429053e-20,1.85406922442018,0.194,0.067,3.1509110163912e-16,"1","BAG3"
1.62447754548704e-20,0.668119691345571,0.479,0.254,3.97217249422491e-16,"1","SNN"
1.65924055939964e-20,0.56731763228274,0.689,0.412,4.05717501584399e-16,"1","EIF3A"
1.70337808074255e-20,1.29751324675095,0.156,0.043,4.16510008303169e-16,"1","HMGCS1"
2.03676757927773e-20,1.13758906555045,0.151,0.04,4.9803040848499e-16,"1","PLCB1"
2.12276171282458e-20,0.805181773563753,0.498,0.282,5.19057694019865e-16,"1","APOBEC3A"
2.35271446750934e-20,0.257889483518721,0.998,0.999,5.75285741595383e-16,"1","MT-CO1"
2.92166491126933e-20,0.932430157503531,0.231,0.086,7.14405504103576e-16,"1","ARHGEF40"
3.01706050628767e-20,1.47846745984236,0.16,0.047,7.37731634997462e-16,"1","FADS1"
3.16181927279784e-20,2.38726182519806,0.156,0.046,7.73128048584528e-16,"1","PROK2"
3.19628833253093e-20,0.809212502294376,0.345,0.162,7.81556423070463e-16,"1","SNX9"
3.4449764052994e-20,2.17595049978769,0.116,0.025,8.4236563062381e-16,"1","SQLE"
4.02597585452503e-20,0.771946066130837,0.166,0.048,9.8443161594846e-16,"1","STX3"
4.16246696512114e-20,0.592549963416456,0.96,0.937,1.01780642231142e-15,"1","HLA-DRB1"
4.67961280496245e-20,0.541943969208606,0.663,0.401,1.14425892306942e-15,"1","VAPA"
5.1947373191508e-20,1.9741655865933,0.139,0.037,1.27021716927875e-15,"1","PRR7"
5.39036433259933e-20,0.482456897722758,0.538,0.285,1.31805188660719e-15,"1","PLXDC2"
7.01649862146797e-20,0.89323004813384,0.197,0.065,1.71567424292135e-15,"1","RNASE2"
7.1634580905741e-20,1.54332767462025,0.176,0.057,1.75160877230718e-15,"1","RALGAPA1"
7.18225926547879e-20,1.0867180378013,0.156,0.044,1.75620603559487e-15,"1","ARHGAP31"
7.91815462711824e-20,0.54053407853788,0.575,0.316,1.93614716942295e-15,"1","HNRNPA0"
9.07707226341382e-20,0.812549344040329,0.288,0.123,2.21952570984995e-15,"1","RRAGC"
9.21546556210331e-20,1.58506713001813,0.143,0.039,2.2533656392455e-15,"1","DHX34"
9.53044423601395e-20,0.758167622182627,0.202,0.069,2.33038422459013e-15,"1","LATS2"
9.65350095670676e-20,0.571212790915975,0.311,0.133,2.36047405393394e-15,"1","GOLGA4"
9.9800289496746e-20,1.45954813839183,0.177,0.058,2.44031667877443e-15,"1","CCDC93"
1.07162362348853e-19,0.482787620527148,0.487,0.248,2.62033408415414e-15,"1","PPP2CA"
1.12012054712964e-19,1.12822769909566,0.468,0.265,2.7389187618414e-15,"1","DNAJB1"
1.20078190294066e-19,0.440490051533475,0.965,0.839,2.93615190907049e-15,"1","MT-ND5"
1.30064670626728e-19,0.69434043165712,0.32,0.145,3.18034132616476e-15,"1","RCOR1"
1.36590813329657e-19,0.801252619932691,0.316,0.143,3.33991856753677e-15,"1","CPD"
1.4089256600848e-19,0.990986716084362,0.233,0.088,3.44510502403934e-15,"1","ATG7"
1.48520605215501e-19,0.713196920255438,0.418,0.213,3.63162583872942e-15,"1","RBBP6"
1.58351174671572e-19,1.73343648525327,0.169,0.054,3.87200292306928e-15,"1","SLC9A8"
1.72950351681125e-19,0.536919321052424,0.602,0.349,4.22898199930688e-15,"1","MFSD1"
1.75594398095851e-19,0.769256349122698,0.396,0.197,4.29363422223974e-15,"1","FAM177A1"
1.7661257202546e-19,1.73368358522945,0.136,0.035,4.31853061116655e-15,"1","DOT1L"
1.90022937931333e-19,1.02974950679345,0.239,0.093,4.64644087829695e-15,"1","VIM-AS1"
1.99969439912515e-19,0.990692053116561,0.199,0.069,4.88965274474081e-15,"1","PURB"
2.12375966743804e-19,1.74383232604876,0.129,0.033,5.19301713881949e-15,"1","RPGR"
2.12521162261813e-19,0.743020426912131,0.378,0.184,5.19656745962585e-15,"1","AZIN1"
2.13002781903299e-19,1.29617627153789,0.2,0.071,5.20834402309947e-15,"1","CLIC4"
2.29765266644654e-19,0.58320813354206,0.388,0.188,5.61822029999508e-15,"1","MBOAT7"
2.46452539931281e-19,1.02150855826358,0.256,0.104,6.02625750639969e-15,"1","MAEA"
2.51562333030592e-19,0.6969431283641,0.257,0.101,6.15120216726403e-15,"1","IGFBP7"
2.71582454972512e-19,0.772238835777036,0.257,0.103,6.64073418898786e-15,"1","ATP2A2"
2.91238879126996e-19,0.657247258029662,0.341,0.159,7.1213730724133e-15,"1","TUBA1C"
3.11347090927814e-19,1.3011285203245,0.146,0.041,7.61305906736692e-15,"1","TMEM44-AS1"
3.18991823823121e-19,1.13140381706003,0.153,0.043,7.79998807612295e-15,"1","ELL"
3.33108213185293e-19,0.639892120262794,0.468,0.252,8.14516202880679e-15,"1","PRCP"
3.60644323594102e-19,1.24291832853363,0.347,0.177,8.81847500052297e-15,"1","CYP1B1"
3.78546623122185e-19,0.93833918017132,0.263,0.111,9.25622202858367e-15,"1","CPEB4"
4.29904381334374e-19,1.23057792509207,0.242,0.098,1.05120219323881e-14,"1","SLC37A2"
4.34412173521253e-19,0.889271148994333,0.222,0.083,1.06222464669417e-14,"1","TMEM71"
5.09660372773872e-19,0.732049447168187,0.35,0.168,1.24622154350667e-14,"1","MECP2"
6.5120132271261e-19,1.61651009034168,0.202,0.076,1.59231747429687e-14,"1","SLAMF7"
7.27365592056174e-19,0.829835172003824,0.262,0.108,1.77855434569576e-14,"1","RYBP"
7.28215045254811e-19,1.63430280803212,0.12,0.029,1.78063142865706e-14,"1","HIVEP2"
7.81497392168365e-19,0.791754271807828,0.213,0.077,1.91091742333009e-14,"1","MAML2"
7.89049177804082e-19,1.91597245973782,0.193,0.07,1.92938304956654e-14,"1","AC016831.7"
8.32913716158295e-19,0.709972089649087,0.265,0.11,2.03664061875026e-14,"1","IL6ST"
8.85322317510385e-19,0.997493802314855,0.16,0.048,2.16479013077639e-14,"1","CPM"
9.23143785975314e-19,1.50307350128574,0.182,0.064,2.25727118546684e-14,"1","CASP9"
9.30931870453919e-19,1.15395013270522,0.194,0.069,2.27631460963392e-14,"1","INTS6"
9.37858743060796e-19,0.683804646910384,0.362,0.176,2.29325219853226e-14,"1","SLC15A3"
1.01944767040006e-18,0.83588552691684,0.319,0.148,2.49275344366222e-14,"1","ADAM17"
1.06248550389931e-18,1.29471131359079,0.142,0.04,2.59798955413458e-14,"1","PRMT9"
1.14908333353834e-18,1.3156769206124,0.125,0.031,2.80973856716794e-14,"1","RFX2"
1.3213881414911e-18,0.689118659104279,0.39,0.198,3.23105828357405e-14,"1","PAFAH1B1"
1.35001621645236e-18,0.578848144595558,0.641,0.403,3.30105965246931e-14,"1","PDIA3"
1.35735146208083e-18,1.93623358086778,0.105,0.022,3.31899579508004e-14,"1","ZBTB10"
1.51837782248468e-18,1.10405716397451,0.245,0.102,3.71273745153954e-14,"1","IPMK"
1.80747049629276e-18,0.60172665791845,0.347,0.164,4.41962685753506e-14,"1","PPP4R2"
1.83543323166689e-18,1.44110786047176,0.182,0.064,4.48800133807189e-14,"1","ANKRD37"
1.87737239713512e-18,0.565059373979823,0.294,0.127,4.59055098547479e-14,"1","SIGLEC9"
1.88635874615291e-18,0.45828724232725,0.348,0.16,4.6125244060931e-14,"1","PARVB"
1.9821928428601e-18,1.26997844239895,0.21,0.08,4.84685793936152e-14,"1","GPATCH2L"
2.04253471356644e-18,0.512814705471828,0.686,0.415,4.99440588161266e-14,"1","CDC37"
2.0687292159097e-18,0.536392434206808,0.495,0.272,5.0584566787424e-14,"1","EPC1"
2.10463871811238e-18,0.45714421857073,0.254,0.099,5.1462625935284e-14,"1","IL13RA1"
2.17561675095867e-18,1.33300151580132,0.126,0.032,5.31981807944414e-14,"1","TNFSF8"
2.18967294233027e-18,1.15068105443907,0.302,0.141,5.35418827858597e-14,"1","IFRD1"
2.24697689785214e-18,0.608526612377514,0.448,0.238,5.49430791062806e-14,"1","STRAP"
2.27305279213387e-18,0.822794029696132,0.22,0.083,5.55806868732574e-14,"1","PDLIM7"
2.49702809801725e-18,0.289327258763642,0.977,0.966,6.10573310527178e-14,"1","HLA-C"
2.54693226911439e-18,0.894617902979033,0.22,0.085,6.2277587844385e-14,"1","PAF1"
2.55328647481874e-18,0.84139007888106,0.299,0.135,6.24329608822678e-14,"1","TICAM1"
2.78042304091242e-18,1.65483482072462,0.134,0.037,6.79869041963905e-14,"1","FAM210A"
3.60415100588548e-18,0.339040271689813,0.955,0.876,8.81287003959117e-14,"1","EMP3"
3.86858318921847e-18,1.05620088528295,0.185,0.064,9.45945961427699e-14,"1","TCN2"
4.14909445588483e-18,0.605639430646421,0.455,0.245,1.01453657635296e-13,"1","COPA"
4.17500710141223e-18,1.43505748969672,0.126,0.033,1.02087273643732e-13,"1","TMEM106A"
4.30368678360499e-18,1.07889042511853,0.136,0.038,1.05233749232709e-13,"1","GNA12"
4.49829672108417e-18,0.837711427876873,0.156,0.047,1.0999235142395e-13,"1","MICAL2"
4.567232242174e-18,0.812704649015939,0.239,0.096,1.11677962785639e-13,"1","GGA2"
4.64565223300875e-18,0.549132125738567,0.448,0.238,1.1359548840153e-13,"1","MTHFD2"
4.73389202982432e-18,1.37485053102954,0.137,0.039,1.15753127913264e-13,"1","GPD2"
4.75497052268731e-18,0.447018496218886,0.522,0.283,1.1626853922075e-13,"1","HNRNPH1"
5.13453899142214e-18,1.15326710675474,0.236,0.098,1.25549747418254e-13,"1","ARMCX3"
5.30298724180526e-18,0.786162974531428,0.21,0.079,1.29668644036622e-13,"1","ANKHD1"
5.37487058634645e-18,2.32360457070695,0.122,0.032,1.31426335577343e-13,"1","TSPYL2"
5.39738820227638e-18,0.485973153563784,0.304,0.133,1.31976936322062e-13,"1","ADAM15"
5.56228744871796e-18,1.24220757598724,0.227,0.092,1.36009052696052e-13,"1","ANKLE2"
5.97323308044907e-18,0.964017502880258,0.222,0.088,1.46057495283141e-13,"1","PPIL4"
5.99980559213897e-18,0.768196518716295,0.39,0.199,1.46707246338982e-13,"1","RSRC2"
6.16313579289095e-18,0.785768609293472,0.227,0.089,1.50700996407769e-13,"1","TSPAN4"
6.58707101610831e-18,0.620783861275614,0.387,0.193,1.6106706048588e-13,"1","PRNP"
6.77491563725666e-18,1.02262686924807,0.208,0.079,1.656602371622e-13,"1","EDEM1"
6.91945605463927e-18,0.665244972881683,0.327,0.155,1.69194539448039e-13,"1","SUPT6H"
8.07790789162885e-18,1.38252576845736,0.129,0.035,1.97521003766109e-13,"1","LPIN1"
8.13137378189666e-18,0.635772411028242,0.33,0.155,1.98828351714937e-13,"1","RNF10"
9.91711853077568e-18,0.488514064864551,0.991,0.995,2.42493382314527e-13,"1","CD74"
1.0908952925681e-17,2.05160890731398,0.108,0.025,2.66745716938751e-13,"1","ALCAM"
1.09609310267334e-17,0.628895223747461,0.391,0.201,2.68016685465686e-13,"1","EPB41L3"
1.10312368852477e-17,1.47155938575667,0.202,0.08,2.69735804318076e-13,"1","NOCT"
1.23772282170216e-17,0.537622688613352,0.419,0.218,3.02647984362612e-13,"1","RTF2"
1.24797283040531e-17,0.524837002768475,0.778,0.52,3.05154316490706e-13,"1","HNRNPC"
1.29917250801841e-17,1.27954602571622,0.145,0.043,3.17673661660661e-13,"1","ERO1B"
1.32755420800986e-17,0.705814775655362,0.384,0.195,3.24613554942571e-13,"1","VPS4B"
1.50118454316087e-17,0.614076388023845,0.374,0.188,3.67069644493697e-13,"1","BORCS7"
1.5749235340752e-17,0.525675537722892,0.507,0.285,3.85100302552067e-13,"1","TMED10"
1.80347299895041e-17,0.577327008032749,0.378,0.188,4.40985217703354e-13,"1","PRPF38B"
1.85108623778216e-17,0.572408256868554,0.342,0.165,4.52627606862493e-13,"1","KPNA4"
1.98333077250755e-17,0.705795362368079,0.382,0.197,4.84964040493545e-13,"1","OSER1"
2.02489210023312e-17,0.631418017920926,0.334,0.162,4.95126616349002e-13,"1","SAR1A"
2.11381775351505e-17,0.503314349046211,0.502,0.279,5.16870717089499e-13,"1","PLEC"
2.12098961185791e-17,0.609391189890788,0.424,0.224,5.18624379891497e-13,"1","AMPD2"
2.18326062228417e-17,0.677608056757578,0.271,0.118,5.33850887360924e-13,"1","DNAJB11"
2.3572673238655e-17,1.16095931530839,0.202,0.078,5.76399006031592e-13,"1","CCNT1"
2.54575236705715e-17,1.39208687924185,0.162,0.054,6.22487368792813e-13,"1","NAB1"
2.63581018399759e-17,0.395422864410171,0.341,0.16,6.4450830619109e-13,"1","SIRPA"
3.03427328510672e-17,0.679772914262443,0.337,0.166,7.41940503674296e-13,"1","G3BP1"
3.07953168754418e-17,1.19077448001327,0.183,0.066,7.53007088238302e-13,"1","KIF1B"
3.09669710837949e-17,0.590698792003173,0.485,0.271,7.57204376940952e-13,"1","CYTH1"
3.34877074460162e-17,1.8152276197491,0.103,0.023,8.18841422469987e-13,"1","CXorf40A"
3.46491024459704e-17,0.816262779309794,0.28,0.125,8.47239853008868e-13,"1","NAA50"
3.79365068599057e-17,0.629697963309964,0.31,0.143,9.27623465738414e-13,"1","WASHC2C"
4.23554325850981e-17,0.542034447815217,0.367,0.18,1.03567503757082e-12,"1","LAMTOR3"
4.31237264982616e-17,0.530859958898234,0.498,0.279,1.05446136033549e-12,"1","C9orf72"
4.34833664029369e-17,0.937101660676698,0.211,0.082,1.06325527528461e-12,"1","OAF"
4.52541982232787e-17,0.777639984027598,0.219,0.087,1.10655565495561e-12,"1","USP12"
4.66008760727061e-17,0.892752933779619,0.165,0.054,1.13948462172981e-12,"1","SGMS2"
4.80847905765587e-17,0.712642233115756,0.356,0.182,1.17576929917801e-12,"1","RNMT"
5.02894569097898e-17,0.706415648632108,0.359,0.172,1.22967780035818e-12,"1","CD163"
5.19098106713281e-17,0.56636416420051,0.473,0.264,1.26929869053532e-12,"1","SELENOS"
5.32401691756229e-17,1.20046092856368,0.191,0.072,1.30182861668233e-12,"1","SLC8B1"
5.72996770487966e-17,0.792682450165679,0.24,0.101,1.40109170319717e-12,"1","PIP4P1"
5.89053081827278e-17,0.557715321991139,0.337,0.162,1.44035259568406e-12,"1","HDGF"
6.12008013589405e-17,0.583117678966154,0.476,0.262,1.49648199482881e-12,"1","TES"
6.56049255324953e-17,0.45996044566129,0.501,0.279,1.60417163912057e-12,"1","MAN2B1"
6.93761806499395e-17,0.305566389679075,0.408,0.201,1.69638636925232e-12,"1","AC020656.1"
8.40833275064766e-17,0.700047478062669,0.324,0.157,2.05600552418837e-12,"1","CHIC2"
8.97210628441267e-17,0.380721967343413,0.308,0.14,2.19385942866459e-12,"1","APP"
9.59265473716739e-17,1.90008855220103,0.1,0.023,2.34559593633217e-12,"1","PIGA"
1.01330082339234e-16,1.12382807040264,0.367,0.202,2.47772317335895e-12,"1","RNF144B"
1.17405268744907e-16,1.83432686062639,0.108,0.027,2.87079363135048e-12,"1","PI4K2A"
1.1964550012174e-16,1.70357027843053,0.117,0.032,2.92557176897678e-12,"1","HIC1"
1.24372200272421e-16,0.3812752843194,0.441,0.233,3.04114904106125e-12,"1","NORAD"
1.30163551052065e-16,0.575913741318536,0.339,0.166,3.1827591503251e-12,"1","BCL7B"
1.31433356743528e-16,0.545705946334282,0.549,0.332,3.21380843909275e-12,"1","KMT2E"
1.43031126483904e-16,1.28018571220407,0.117,0.032,3.49739710478442e-12,"1","VSTM1"
1.47175871925995e-16,1.91007807020626,0.142,0.046,3.59874442033443e-12,"1","MIR181A1HG"
1.58989033426582e-16,0.3643644830161,0.894,0.675,3.88759984534678e-12,"1","LRRFIP1"
1.65322425707328e-16,0.756066956085834,0.28,0.13,4.04246395339558e-12,"1","VHL"
1.82329509054079e-16,0.509209561452858,0.478,0.271,4.45832115539033e-12,"1","KIF5B"
1.87127098573958e-16,0.881434048092114,0.173,0.06,4.57563181433041e-12,"1","CD300LB"
2.14994150836598e-16,0.701309234960459,0.356,0.181,5.2570369762565e-12,"1","SPPL2A"
2.16228490165119e-16,0.829026175939687,0.259,0.115,5.2872190415175e-12,"1","TRIM25"
2.17212560960119e-16,0.813846166376929,0.23,0.095,5.31128154059682e-12,"1","IRAK1"
2.18632653303665e-16,1.8409810260893,0.109,0.028,5.34600563858122e-12,"1","AC092803.2"
2.27672881940051e-16,0.273335875960922,0.988,0.972,5.56705730919814e-12,"1","MT-CYB"
2.29743913415862e-16,1.94726447671888,0.106,0.027,5.61769817084465e-12,"1","LINC00528"
2.36930865599364e-16,0.493160879917986,0.525,0.298,5.79343352563566e-12,"1","EWSR1"
2.51704362562536e-16,0.488854951731875,0.282,0.123,6.15467507337914e-12,"1","TFEC"
2.52183278438996e-16,1.47247369307113,0.136,0.041,6.16638552439034e-12,"1","SLC5A3"
2.70904979345243e-16,0.406481055553461,0.277,0.12,6.62416855494989e-12,"1","STAB1"
2.7898102595489e-16,0.939678405321095,0.217,0.09,6.82164404664897e-12,"1","GMFB"
3.11740302169576e-16,1.49450908761547,0.143,0.046,7.62267386865046e-12,"1","LACC1"
3.12758619871422e-16,0.800038780725459,0.242,0.104,7.647573773096e-12,"1","STK38L"
3.13587387176233e-16,1.80675810446332,0.145,0.048,7.66783879123326e-12,"1","HES1"
3.58602924069343e-16,0.512440275536378,0.512,0.295,8.76855869934359e-12,"1","PHF20"
4.02332788186301e-16,1.11244839517321,0.149,0.049,9.83784133673143e-12,"1","CXorf40B"
4.17182912061366e-16,0.65533685958322,0.228,0.093,1.02009565657245e-11,"1","SGK3"
4.23947591999843e-16,1.74374427285942,0.145,0.048,1.03663665195802e-11,"1","CRADD"
4.46246295801427e-16,0.524808695200962,0.518,0.303,1.09116144249365e-11,"1","BAZ1A"
5.00234640372199e-16,0.435797975972417,0.604,0.362,1.2231737426381e-11,"1","ZNF385A"
5.06346809327076e-16,0.585139976656618,0.313,0.15,1.23811921816657e-11,"1","ACIN1"
5.23262921036908e-16,0.445689202434919,0.539,0.32,1.27948249451945e-11,"1","TMEM123"
5.27542092147389e-16,1.19400710433382,0.242,0.109,1.2899459237188e-11,"1","KMO"
5.71177034138506e-16,0.308548020443896,0.991,0.985,1.39664208387548e-11,"1","MT-ND4"
5.87115554099545e-16,0.93904731767741,0.23,0.097,1.43561495288421e-11,"1","MAP3K20"
6.97016865112315e-16,0.435849433155187,0.621,0.379,1.70434563857263e-11,"1","TPP1"
7.61667860611419e-16,0.656762280131015,0.612,0.392,1.86243025276704e-11,"1","HERPUD1"
8.44238727337317e-16,1.83768716967787,0.16,0.059,2.06433253608521e-11,"1","TGM2"
8.7578786810777e-16,0.492210862054367,0.424,0.227,2.14147649509712e-11,"1","TCP1"
8.91003717081934e-16,0.837343641009246,0.243,0.109,2.17868228900875e-11,"1","MDM2"
9.20634712491613e-16,1.08699720236243,0.299,0.15,2.25113599898449e-11,"1","TNFAIP8"
9.41915094337853e-16,0.615837317734332,0.287,0.136,2.30317078867492e-11,"1","SUPT5H"
1.00917635546196e-15,0.64942791793442,0.28,0.132,2.46763802437558e-11,"1","DDX27"
1.0964674960965e-15,0.779984887946618,0.177,0.065,2.68108232145517e-11,"1","CLMN"
1.5803429142748e-15,0.506779662438442,0.659,0.421,3.86425449398473e-11,"1","RSRP1"
1.60961278428099e-15,0.594900872626448,0.438,0.246,3.93582518012388e-11,"1","SLC9A3R1"
1.66822742177114e-15,0.667352530748614,0.37,0.196,4.07914969171479e-11,"1","OGDH"
1.71635624938059e-15,0.500948152436959,0.649,0.404,4.19683430098543e-11,"1","CCNL1"
1.74944632492916e-15,0.960478790515274,0.171,0.063,4.27774615371677e-11,"1","TRAF3"
1.76854917908502e-15,0.832597693305151,0.29,0.141,4.32445645269868e-11,"1","GOLGB1"
2.00608462955037e-15,0.910114462158949,0.185,0.072,4.90527813617657e-11,"1","RRN3"
2.03061447633327e-15,1.59906781847856,0.183,0.074,4.96525851753011e-11,"1","GK5"
2.04773467033288e-15,0.777557948812771,0.28,0.135,5.00712081589797e-11,"1","OTUD1"
2.18553610172685e-15,0.472003443053677,0.427,0.232,5.34407287594249e-11,"1","SERINC3"
2.19147093542283e-15,0.514895634871611,0.55,0.333,5.3585847312959e-11,"1","IFNGR1"
2.36600755663047e-15,0.60549413234809,0.31,0.152,5.78536167747283e-11,"1","CSF2RA"
2.63226621283407e-15,1.01553147168993,0.165,0.06,6.43641734362187e-11,"1","RASA2"
2.82468801413607e-15,0.783879307037815,0.222,0.094,6.90692713216551e-11,"1","WASHC2A"
2.89111143858604e-15,0.340880937862301,0.243,0.103,7.06934568963058e-11,"1","ENTPD1"
2.94401669434596e-15,1.1324891856918,0.151,0.052,7.19870962101475e-11,"1","SLC25A19"
2.95903911135112e-15,0.546995446884278,0.487,0.277,7.23544243507575e-11,"1","GNAI3"
3.01571146708059e-15,0.707372963503349,0.305,0.153,7.37401767930546e-11,"1","EFR3A"
3.06307720356727e-15,0.649115944503739,0.316,0.158,7.4898363781627e-11,"1","EP300"
3.4285329526025e-15,0.774885140050395,0.267,0.123,8.38344877570364e-11,"1","QSOX1"
3.68428951497445e-15,0.861420424023515,0.299,0.148,9.00882472201553e-11,"1","SLC6A6"
3.96683697406139e-15,0.433464988829945,0.475,0.27,9.6997097689749e-11,"1","DIAPH1"
4.48009582524563e-15,0.406597578465871,0.41,0.223,1.09547303118906e-10,"1","TMED2"
4.99929332551129e-15,0.321602524351815,0.451,0.244,1.22242720395402e-10,"1","ACADVL"
5.3136254034252e-15,0.809831974356975,0.223,0.097,1.29928768364553e-10,"1","MTMR6"
5.59317132670099e-15,1.1590446621646,0.174,0.068,1.36764225280493e-10,"1","ATG2A"
6.67162598523826e-15,1.26233676350467,0.148,0.052,1.63134598591046e-10,"1","HCAR3"
6.69564120718073e-15,0.9035556496399,0.177,0.067,1.63721818797983e-10,"1","SERINC5"
6.76720637404744e-15,0.447463271628275,0.351,0.18,1.65471730258208e-10,"1","IQSEC1"
7.13813019888088e-15,0.711719072501972,0.368,0.196,1.74541559623035e-10,"1","CCR1"
7.17005016683581e-15,1.16427390054352,0.112,0.032,1.75322066679469e-10,"1","TGIF2"
7.20311704451609e-15,2.04609160936442,0.103,0.028,1.76130617972507e-10,"1","AC087239.1"
7.50412381628373e-15,1.65513271577767,0.156,0.058,1.8349083555577e-10,"1","HIST3H2A"
8.2287787135987e-15,0.661706329430971,0.33,0.171,2.01210097104915e-10,"1","CD58"
8.60880860463852e-15,0.372033504868619,0.464,0.258,2.10502588000621e-10,"1","MTCH1"
9.40979069541728e-15,0.810214920243062,0.162,0.058,2.30088202084343e-10,"1","PLAGL1"
9.89378509768613e-15,0.453454692461661,0.354,0.183,2.41922833208621e-10,"1","RAP2B"
9.90490372902671e-15,0.719579770501864,0.248,0.113,2.42194705982161e-10,"1","SIK3"
1.14301017660927e-14,0.4487140203153,0.473,0.268,2.79488848384498e-10,"1","YWHAQ"
1.21435021334395e-14,0.863881215064855,0.28,0.138,2.96932914166863e-10,"1","BCAS2"
1.23393909724162e-14,0.88340271099086,0.276,0.139,3.0172278805752e-10,"1","CHORDC1"
1.23482498521357e-14,1.01698723136807,0.24,0.11,3.01939405384422e-10,"1","GLS"
1.35323100000189e-14,1.12565172321334,0.163,0.062,3.30892044120463e-10,"1","SEC24D"
1.43111344348623e-14,0.798033689792261,0.294,0.146,3.49935859201253e-10,"1","SLC12A7"
1.62639687811245e-14,0.409556013089196,0.552,0.324,3.97686564636057e-10,"1","RNF13"
1.63518342260833e-14,0.727016939477534,0.294,0.148,3.99835050496188e-10,"1","ST3GAL1"
1.81081890116331e-14,0.506048728941525,0.202,0.081,4.42781437712452e-10,"1","HPSE"
1.88209360563206e-14,0.413870126303633,0.622,0.382,4.60209528449152e-10,"1","NAPA"
1.92040779797342e-14,1.0222227535957,0.213,0.094,4.69578114760461e-10,"1","TOB2"
2.03881244052775e-14,0.84939600497793,0.148,0.052,4.98530417957845e-10,"1","DPP9"
2.10819374184661e-14,0.559785419553011,0.325,0.162,5.15495533756332e-10,"1","PTAFR"
2.13767298718886e-14,0.865201587260773,0.188,0.076,5.22703798827419e-10,"1","SLC25A32"
2.23556383555793e-14,0.430763817474713,0.513,0.304,5.46640069070626e-10,"1","VCP"
2.40231109698363e-14,0.707650430471306,0.163,0.06,5.87413109434436e-10,"1","TRPS1"
2.61971880497813e-14,0.361023256973931,0.672,0.426,6.40573642193252e-10,"1","HNRNPF"
2.74854067501091e-14,0.720468737640047,0.137,0.045,6.72073165853667e-10,"1","ACAP1"
2.88661196011031e-14,0.759557124005428,0.21,0.091,7.05834356486173e-10,"1","TBC1D2"
2.95198263388156e-14,1.01202630406597,0.237,0.111,7.2181879363672e-10,"1","CKS2"
2.98667077406591e-14,0.393106891476626,0.424,0.232,7.30300737674595e-10,"1","YTHDC1"
3.01019090674042e-14,0.389729292176182,0.453,0.253,7.36051880516169e-10,"1","UBE2A"
3.07267879704258e-14,0.653170565438305,0.18,0.07,7.51331419452851e-10,"1","RTN1"
3.22016540700682e-14,0.428068391964197,0.379,0.201,7.87394845321308e-10,"1","SYNCRIP"
3.30959637238507e-14,0.505732568036479,0.341,0.177,8.09262504975597e-10,"1","DNAJC3"
3.60732887696167e-14,0.543862990005766,0.371,0.201,8.82064056994666e-10,"1","HNRNPAB"
3.69753829623925e-14,0.662158739429407,0.243,0.112,9.04122064196421e-10,"1","SPART"
3.76837306330634e-14,1.00026916123862,0.193,0.082,9.21442581439667e-10,"1","SDE2"
3.83705931785285e-14,0.609414655891204,0.231,0.103,9.38237744401379e-10,"1","PER1"
3.9087143412053e-14,0.645450972609718,0.216,0.093,9.5575883071152e-10,"1","MAPKAPK2"
3.99602210330537e-14,0.681518601167177,0.294,0.148,9.77107324700229e-10,"1","PTP4A1"
4.17047814985957e-14,1.67513233277595,0.106,0.03,1.01976531720366e-09,"1","HCG18"
4.392047423896e-14,1.54392413853134,0.123,0.04,1.07394343609105e-09,"1","SCML1"
6.54313574672462e-14,0.353303596823885,0.322,0.162,1.5999275527891e-09,"1","MED13L"
7.21923024378854e-14,0.950281090695544,0.108,0.031,1.76524617921117e-09,"1","PDE7A"
7.49678782077975e-14,0.608031250827134,0.191,0.078,1.83311455793706e-09,"1","CAMK2D"
7.63823404395443e-14,0.89182774740497,0.219,0.1,1.86770098842774e-09,"1","MEF2D"
7.70627033211591e-14,0.757313755060054,0.273,0.135,1.88433722160898e-09,"1","ALG13"
7.71963421751604e-14,0.922056726489401,0.153,0.056,1.88760495886702e-09,"1","YARS"
8.62600161929813e-14,0.894820775601938,0.177,0.071,2.10922991595078e-09,"1","ESYT2"
8.65634334674548e-14,1.74200331233645,0.111,0.033,2.1166490751462e-09,"1","CD9"
8.7202199407085e-14,0.863894227453734,0.188,0.079,2.13226817990204e-09,"1","ADIPOR2"
8.87650557745387e-14,0.626977416813306,0.145,0.051,2.17048314379902e-09,"1","FRMD4B"
9.24866156530327e-14,1.7985747906624,0.102,0.029,2.26148272594796e-09,"1","SLC35E4"
9.71266615556644e-14,0.51232581862659,0.256,0.121,2.37494112835911e-09,"1","DCTN4"
9.79875302056614e-14,0.883526988031133,0.225,0.104,2.39599108858883e-09,"1","DOCK10"
9.86158033431678e-14,0.380483922417357,0.387,0.211,2.41135362334714e-09,"1","POLR2A"
1.01572813052264e-13,1.3002374976226,0.1,0.028,2.48365842475395e-09,"1","TNFRSF10A"
1.02181156939056e-13,0.360204440145066,0.863,0.697,2.49853364947379e-09,"1","HSPA8"
1.1021805218477e-13,0.837950004692113,0.186,0.078,2.695051812022e-09,"1","EPM2AIP1"
1.12801230139152e-13,0.69615496437479,0.288,0.147,2.75821567936255e-09,"1","MTF1"
1.12949339903055e-13,0.597931249960708,0.367,0.202,2.76183725930951e-09,"1","ERGIC1"
1.13956480270063e-13,0.869982220569742,0.257,0.128,2.78646385556359e-09,"1","LINC00877"
1.22206098200637e-13,0.505757995789231,0.3,0.153,2.98818351320197e-09,"1","ZNF800"
1.24042024403879e-13,0.325300539626621,0.94,0.818,3.03307558072365e-09,"1","ITGB2"
1.25651610098854e-13,0.887370885133571,0.182,0.075,3.07243317013718e-09,"1","CCNT2"
1.3765288448442e-13,0.962938253044371,0.186,0.079,3.36588833141303e-09,"1","BORCS5"
1.41053362363742e-13,0.904850351547193,0.223,0.104,3.44903681651823e-09,"1","ECE1"
1.44205251244371e-13,0.418407541978212,0.418,0.233,3.52610680342735e-09,"1","SULF2"
1.72320804186857e-13,0.711002926720033,0.248,0.118,4.21358830397704e-09,"1","TDG"
1.77971062174363e-13,0.787508751515189,0.222,0.102,4.35174841228752e-09,"1","JMJD6"
1.88585652300632e-13,0.580992184447612,0.696,0.481,4.61129637005505e-09,"1","SLC11A1"
1.96791512314377e-13,0.974267170374681,0.116,0.036,4.81194605911113e-09,"1","HYOU1"
1.98909007495448e-13,0.735924860816054,0.233,0.11,4.86372305127868e-09,"1","CDC73"
2.05557528957741e-13,1.14653619144325,0.174,0.073,5.02629269807468e-09,"1","MEPCE"
2.0822504718807e-13,0.300053534445045,0.31,0.152,5.09151885384269e-09,"1","HEXA"
2.08739521087819e-13,0.378851824681807,0.488,0.289,5.10409876963936e-09,"1","DNAJC8"
2.19550391587275e-13,0.453125342119138,0.341,0.178,5.36844617509204e-09,"1","RB1CC1"
2.21470699346933e-13,0.339152364668156,0.263,0.126,5.4154015404312e-09,"1","CYFIP1"
2.40308853741803e-13,0.868325925580324,0.106,0.031,5.87603209169456e-09,"1","ARPIN"
2.41906240757911e-13,0.377405769560472,0.538,0.323,5.91509139901244e-09,"1","FAM49A"
2.55473588229661e-13,0.952792365668241,0.231,0.111,6.24684017939168e-09,"1","RAPGEF1"
2.82760563150933e-13,1.1042937771374,0.133,0.046,6.91406129016661e-09,"1","SDSL"
2.95929962355699e-13,0.307705960201105,0.376,0.201,7.23607943952154e-09,"1","GNAQ"
3.0161163923167e-13,1.01819677284258,0.194,0.086,7.37500780249279e-09,"1","VDR"
3.0280968223385e-13,0.625359962329459,0.504,0.315,7.40430234998209e-09,"1","YPEL5"
3.06225881049272e-13,0.492974720591254,0.205,0.088,7.48783524341681e-09,"1","IL18"
3.1474660167494e-13,0.380420730151289,0.447,0.256,7.69618390415565e-09,"1","KMT2C"
3.18910730277057e-13,1.08085626293265,0.108,0.033,7.7980051767346e-09,"1","FASTKD2"
3.23809578613776e-13,0.496641134429505,0.381,0.207,7.91779181626405e-09,"1","ETV6"
3.41635194563504e-13,1.09034784701704,0.154,0.06,8.3536637774668e-09,"1","PRPF4"
3.4803188871558e-13,0.463592781820116,0.27,0.133,8.51007574287337e-09,"1","RELA"
3.68517158522039e-13,0.360822951323736,0.413,0.228,9.01098156018091e-09,"1","NANS"
3.74952395909159e-13,0.281271552321889,0.373,0.197,9.16833598477075e-09,"1","USP16"
4.12249853956071e-13,1.42534082351645,0.1,0.029,1.00803334289338e-08,"1","ZNF668"
4.25559359527864e-13,0.706326615769975,0.129,0.043,1.04057774591753e-08,"1","RAB13"
4.43843662915927e-13,0.720177793907886,0.284,0.145,1.08528652456203e-08,"1","DDX60L"
4.54072074223202e-13,0.51689176534069,0.578,0.372,1.11029703589057e-08,"1","NBPF26"
4.83106391098352e-13,0.714009626101269,0.277,0.143,1.18129174751369e-08,"1","CREBRF"
5.38698419779253e-13,0.519203314623869,0.319,0.166,1.31722537604423e-08,"1","IPO7"
5.59647946820759e-13,0.863780707003019,0.156,0.06,1.36845115956612e-08,"1","ATXN1"
5.62369205630465e-13,0.46806671139221,0.33,0.176,1.37510518160761e-08,"1","PCF11"
6.33126645219267e-13,0.405465903312202,0.479,0.284,1.54812127289015e-08,"1","RBM25"
6.74738753315347e-13,0.486621826560882,0.25,0.119,1.64987119960669e-08,"1","ANXA6"
6.86521151684314e-13,0.967808103558002,0.116,0.037,1.67868152009849e-08,"1","ARHGAP18"
6.87645966899044e-13,0.562814791656491,0.265,0.13,1.68143191826154e-08,"1","PPFIA1"
7.06215885573047e-13,0.800238609935016,0.231,0.11,1.72683908340321e-08,"1","ZNF394"
7.5175195677277e-13,0.299310972187731,0.493,0.288,1.83818388470078e-08,"1","FKBP2"
7.69110923592812e-13,0.417295064464745,0.757,0.593,1.88063003036914e-08,"1","CPVL"
8.03749679069201e-13,0.918804233168801,0.111,0.035,1.96532871526001e-08,"1","IARS"
8.36095316411521e-13,0.693432675371744,0.245,0.121,2.04442026768945e-08,"1","MPDU1"
8.63476209682667e-13,0.400069019971952,0.243,0.112,2.11137202791606e-08,"1","GM2A"
8.9790867971584e-13,1.24930997100816,0.142,0.053,2.19556630364117e-08,"1","TRIM11"
8.99405321908919e-13,0.532814272561273,0.239,0.113,2.19922589313169e-08,"1","MED13"
9.57642251060833e-13,0.413725501194049,0.328,0.171,2.34162683229395e-08,"1","ATP6V1A"
9.9435873584784e-13,0.600941449370046,0.182,0.076,2.43140598089514e-08,"1","KDM7A"
1.03535222984571e-12,0.95503951247161,0.183,0.08,2.53164327241873e-08,"1","PPID"
1.08696906478934e-12,0.389115827658795,0.464,0.272,2.65785675722288e-08,"1","BCLAF1"
1.23947733738834e-12,0.37672507485802,0.231,0.107,3.03076998538196e-08,"1","CPSF7"
1.31140884822268e-12,0.721526595572074,0.231,0.111,3.20665691567409e-08,"1","MIR4435-2HG"
1.31699293944623e-12,0.740157056320459,0.159,0.062,3.22031113553392e-08,"1","EIF4G3"
1.37161405062393e-12,0.822941457013805,0.149,0.058,3.35387067658564e-08,"1","TCF4"
1.41321234042345e-12,0.458319338769291,0.444,0.261,3.45558681480341e-08,"1","MPP1"
1.42534185332336e-12,0.681879650743925,0.182,0.077,3.48524589974628e-08,"1","PPTC7"
1.46998507266582e-12,0.741771434524219,0.234,0.114,3.59440749968246e-08,"1","OAT"
1.47966110844819e-12,0.446015518760566,0.447,0.259,3.61806734237751e-08,"1","ADGRE2"
1.51707336210548e-12,0.257252613959311,0.274,0.136,3.70954778502033e-08,"1","UBE2Z"
1.56396542422037e-12,0.507809190139002,0.476,0.289,3.82420825530366e-08,"1","LAMP1"
1.58908986376673e-12,0.53193283940482,0.199,0.088,3.88564253488242e-08,"1","LUC7L"
1.68031366663634e-12,0.591730384965343,0.234,0.111,4.10870297765919e-08,"1","UBAP2L"
1.69004704048596e-12,0.401632626478665,0.427,0.241,4.13250302339627e-08,"1","TMEM165"
1.75757535949234e-12,0.578500475073995,0.262,0.132,4.29762326903068e-08,"1","PPP2R3C"
1.78839179000404e-12,1.13032426111443,0.134,0.05,4.37297560491787e-08,"1","TMEM104"
1.86873841198981e-12,0.679702244789138,0.247,0.122,4.56943916499749e-08,"1","POR"
2.04768267207744e-12,0.280707782079247,0.549,0.335,5.00699366976377e-08,"1","FERMT3"
2.08323601998323e-12,0.383094175422185,0.353,0.19,5.093928716063e-08,"1","HIPK3"
2.13584699171051e-12,0.374359630090817,0.294,0.151,5.22257306413054e-08,"1","CKAP4"
2.15146211290879e-12,0.506163460103744,0.601,0.386,5.26075515848458e-08,"1","HM13"
2.19677532429562e-12,0.610187032711201,0.191,0.085,5.37155502296766e-08,"1","ENG"
2.21354377741433e-12,0.303190105595226,0.268,0.13,5.41255724453352e-08,"1","SHTN1"
2.26142873061281e-12,0.682703863268791,0.217,0.102,5.52964553209445e-08,"1","GAB2"
2.28777349169162e-12,0.441866230249719,0.376,0.211,5.59406374188434e-08,"1","BRD4"
2.38402414560389e-12,0.312683184319034,0.296,0.151,5.82941584083064e-08,"1","IST1"
2.46298770363571e-12,0.700587862760613,0.168,0.07,6.02249753293005e-08,"1","SSH1"
2.4944422892174e-12,1.04658290775537,0.114,0.038,6.09941028559439e-08,"1","SKI"
2.49532469996351e-12,0.651773737009182,0.2,0.091,6.10156795635078e-08,"1","PACSIN2"
2.54300154580298e-12,0.47592280865356,0.282,0.145,6.21814737979746e-08,"1","TOX4"
2.73228289265096e-12,0.539760375199808,0.223,0.105,6.68097812911014e-08,"1","HECA"
2.88494721451325e-12,1.0098988975233,0.149,0.06,7.0542729289278e-08,"1","SIRT1"
3.03791829437441e-12,0.341386052182781,0.436,0.254,7.42831781340431e-08,"1","QKI"
3.19528762800268e-12,0.726243342657193,0.177,0.076,7.81311730799215e-08,"1","FAM53C"
3.40195374285178e-12,0.384515188371074,0.424,0.245,8.31845729202118e-08,"1","MANBA"
3.41399648362809e-12,0.682575815821085,0.136,0.05,8.34790420176741e-08,"1","NCOA5"
3.43221055458603e-12,0.810754167365915,0.136,0.051,8.39244124807376e-08,"1","SLC39A9"
3.73248607664984e-12,0.582424412295525,0.253,0.127,9.12667495462418e-08,"1","IRS2"
4.23261445667401e-12,0.6923797863098,0.137,0.051,1.03495888694593e-07,"1","NCLN"
4.23624837522872e-12,0.655705514330033,0.254,0.129,1.03584745271093e-07,"1","BCL10"
4.24305368339394e-12,0.479415982340569,0.271,0.14,1.03751148666349e-07,"1","SMU1"
4.27144767777638e-12,0.512783856574924,0.254,0.128,1.04445438616988e-07,"1","CHRAC1"
4.28656973143435e-12,0.487585499933314,0.398,0.231,1.04815203073033e-07,"1","TMED5"
4.31110599369342e-12,0.653681767728632,0.173,0.073,1.05415163757792e-07,"1","GOLT1B"
4.60225565850722e-12,0.676462812188029,0.263,0.138,1.12534355361819e-07,"1","SH3TC1"
4.78911881138744e-12,0.611376255868581,0.23,0.112,1.17103533176046e-07,"1","TMEM189"
5.39063048287528e-12,0.726274293811888,0.222,0.106,1.31811696567266e-07,"1","P2RX4"
5.52172281645586e-12,0.993038826012236,0.109,0.036,1.35017166307979e-07,"1","ZRANB1"
5.7587379162514e-12,0.865551033850778,0.153,0.062,1.40812659528179e-07,"1","PRPF3"
6.07242900344069e-12,0.522659022530574,0.394,0.232,1.48483033992132e-07,"1","MCTP1"
6.15256948337364e-12,0.266779816071444,0.519,0.314,1.50442629007452e-07,"1","OS9"
6.24871615159628e-12,0.352867065276724,0.223,0.104,1.52793607338832e-07,"1","IL27RA"
6.55764351834453e-12,0.618098627475999,0.228,0.111,1.60347499310561e-07,"1","DNM1L"
6.89863656666463e-12,0.862893524680284,0.133,0.049,1.68685461328084e-07,"1","KHDC4"
7.03292864499292e-12,0.450847205474637,0.478,0.291,1.71969171227367e-07,"1","TACC1"
7.08162846384581e-12,0.451612896312065,0.297,0.158,1.73159979197958e-07,"1","SEC61A1"
7.3045974093031e-12,0.695855047473312,0.242,0.121,1.7861201585228e-07,"1","CCDC47"
7.38712949252386e-12,1.10854875040185,0.126,0.046,1.80630090351193e-07,"1","ACAT2"
7.49273374213226e-12,0.847689922936512,0.151,0.061,1.83212325462618e-07,"1","KAT5"
7.58745941577222e-12,0.620752032772808,0.262,0.135,1.85528557634462e-07,"1","CAMKK2"
7.7850354766305e-12,0.62727986533745,0.109,0.036,1.90359687474569e-07,"1","OSBPL1A"
7.93113283450181e-12,0.285913008914255,0.31,0.162,1.93932060069238e-07,"1","MLEC"
8.03664282191372e-12,0.445105715134597,0.284,0.147,1.96511990281434e-07,"1","SAP30BP"
8.11528992070997e-12,0.748153435419046,0.149,0.06,1.984350691412e-07,"1","TBC1D15"
8.36514905336116e-12,0.767488151529837,0.197,0.091,2.04544624652787e-07,"1","SATB1"
8.44135351574215e-12,0.922481783252844,0.148,0.06,2.06407976166927e-07,"1","PPM1D"
8.58122413957226e-12,0.450028084532169,0.211,0.098,2.09828092660821e-07,"1","DYM"
8.58704487193126e-12,0.376875073608695,0.758,0.56,2.09970421208463e-07,"1","GSTO1"
9.01519318536214e-12,1.01473797500382,0.103,0.033,2.20439503768475e-07,"1","HMGXB3"
9.19740803715827e-12,0.260385889890181,0.672,0.442,2.24895021324594e-07,"1","CTSH"
9.20055956190081e-12,0.466682909311939,0.549,0.352,2.24972082407599e-07,"1","DMXL2"
9.22957127468786e-12,1.09396444909427,0.125,0.046,2.25681476808667e-07,"1","ZFY"
9.26006448328696e-12,0.300612134858863,0.502,0.303,2.26427096745333e-07,"1","ENSA"
9.34830452162636e-12,0.941599209004027,0.179,0.08,2.28584742162808e-07,"1","GNL1"
9.56780046544387e-12,0.717199550046877,0.254,0.129,2.33951856981033e-07,"1","NOTCH2NL"
9.77491107017914e-12,0.381699396507628,0.274,0.141,2.3901612548802e-07,"1","TROVE2"
9.86067142572106e-12,1.05920209286929,0.126,0.047,2.41113137701731e-07,"1","PDE12"
1.0226934179928e-11,0.451339344010919,0.308,0.168,2.500689945676e-07,"1","SNHG15"
1.07286619509829e-11,0.32260167988306,0.467,0.279,2.62337242025433e-07,"1","RARA"
1.1143583132988e-11,0.316063719912701,0.77,0.545,2.72482894767822e-07,"1","ATP6V0D1"
1.18893551484905e-11,0.337827044636989,0.445,0.264,2.90718512090889e-07,"1","RIOK3"
1.1890357670485e-11,0.521356719812923,0.341,0.192,2.90743025758699e-07,"1","LRRFIP2"
1.20672566564703e-11,0.367435090597338,0.293,0.154,2.95068559764012e-07,"1","CREBBP"
1.21714587319636e-11,0.374882553976809,0.328,0.18,2.97616508913975e-07,"1","PSMD2"
1.22401038918283e-11,0.461935591570302,0.288,0.15,2.99295020362986e-07,"1","GSDMD"
1.23928743983431e-11,0.890453781731692,0.153,0.062,3.03030564788285e-07,"1","ATAD2B"
1.30234231017774e-11,0.31255764887605,0.284,0.146,3.1844874168466e-07,"1","SAFB"
1.31184342510214e-11,1.02579733417377,0.25,0.132,3.20771954305974e-07,"1","PELI1"
1.32417274658694e-11,0.772311865193076,0.143,0.057,3.2378671999544e-07,"1","H2AFX"
1.40064179707697e-11,0.336771849487198,0.564,0.359,3.4248493222126e-07,"1","RPN1"
1.43726385343280e-11,0.411987271214869,0.211,0.099,3.51439757441389e-07,"1","CHST11"
1.46659292194384e-11,0.300953191362409,0.28,0.145,3.58611301273708e-07,"1","NXF1"
1.51769678336254e-11,0.309703543032129,0.382,0.22,3.71107217467809e-07,"1","NR1H2"
1.53346281217064e-11,1.0057567387513,0.149,0.062,3.74962326831966e-07,"1","MIOS"
1.55246529048113e-11,0.984095720358028,0.126,0.047,3.79608812828445e-07,"1","TMEM115"
1.59797508946389e-11,0.449263607471622,0.219,0.104,3.9073686887571e-07,"1","RIT1"
1.63921620809143e-11,0.683570416909117,0.199,0.091,4.00821147202517e-07,"1","SLC44A1"
1.64995863779828e-11,0.990872082187866,0.131,0.05,4.03447886114436e-07,"1","CHSY1"
1.69548539754378e-11,0.375294676860919,0.263,0.133,4.14580089407404e-07,"1","ARHGEF2"
1.72584561251998e-11,0.426113457066804,0.277,0.145,4.22003769173385e-07,"1","SURF4"
1.74156003531783e-11,0.532318458949217,0.151,0.061,4.25846259835916e-07,"1","RNF24"
1.78100911664864e-11,0.455979985088012,0.291,0.155,4.35492349202926e-07,"1","PRKAR2A"
1.86962024231189e-11,0.492000956034041,0.208,0.099,4.57159541650104e-07,"1","TMEM70"
1.88029759366969e-11,0.343432448186624,0.667,0.452,4.59770367604114e-07,"1","BID"
1.88469870936957e-11,0.843694826200777,0.176,0.079,4.60846528415048e-07,"1","TBK1"
1.90065477202119e-11,0.481474122378361,0.3,0.16,4.6474810485462e-07,"1","CORO1C"
1.9197390891774e-11,0.753141695810093,0.156,0.065,4.69414602085657e-07,"1","ABHD12"
1.92196422969386e-11,0.577820870091087,0.169,0.073,4.69958693444744e-07,"1","NGLY1"
2.17053760117507e-11,0.263787538198832,0.421,0.24,5.30739854239328e-07,"1","ATP6AP1"
2.17735489627666e-11,0.469138553229605,0.191,0.086,5.32406819237568e-07,"1","MANF"
2.19476082841082e-11,0.559910161556819,0.174,0.076,5.36662917763014e-07,"1","ORAI2"
2.3020578860834e-11,0.926513745292181,0.133,0.052,5.62899194305113e-07,"1","RIPK1"
2.34399769587368e-11,1.28105578419058,0.116,0.042,5.73154316595033e-07,"1","LRIF1"
2.42021294202381e-11,0.491064725832869,0.373,0.218,5.91790468583663e-07,"1","ARID4B"
2.57670702342712e-11,0.716789371183308,0.231,0.118,6.300564013684e-07,"1","CHST7"
2.72331452215147e-11,0.626494909976547,0.171,0.074,6.65904866956478e-07,"1","MARCO"
2.77417928294152e-11,0.450345652398327,0.253,0.128,6.78342318264861e-07,"1","AP3D1"
3.11714625112929e-11,0.453779178398126,0.245,0.125,7.62204601326134e-07,"1","TMEM167B"
3.17171465277263e-11,1.03081346754571,0.157,0.068,7.75547666895963e-07,"1","WIPI1"
3.24000804971421e-11,0.923712569925865,0.117,0.042,7.92246768316119e-07,"1","RPRD1B"
3.36111983592011e-11,0.600593549288749,0.274,0.149,8.21861022279186e-07,"1","MED29"
3.7070098439603e-11,1.29919549951545,0.111,0.039,9.06438047045172e-07,"1","NLN"
3.76766706793515e-11,0.459225763231052,0.231,0.115,9.21269951451502e-07,"1","SRRT"
3.91911023642538e-11,0.291414767944992,0.385,0.22,9.58300835010735e-07,"1","LAMP2"
4.02074627107478e-11,0.282288925826383,0.484,0.291,9.83152878203206e-07,"1","CREG1"
4.07872570764928e-11,0.436397676793351,0.223,0.11,9.97330010034402e-07,"1","RBM7"
4.25352204207174e-11,1.0818963277003,0.105,0.036,1.04007120972738e-06,"1","DNMBP"
4.25852482042861e-11,0.289942015395701,0.639,0.424,1.0412944890912e-06,"1","HNRNPA3"
4.2674919611724e-11,0.671398238576455,0.105,0.035,1.04348713434588e-06,"1","EEPD1"
4.34088334901871e-11,0.789584509930158,0.165,0.072,1.06143279650206e-06,"1","VTI1A"
4.35595136368805e-11,0.77048642909673,0.14,0.057,1.065117227449e-06,"1","NUP153"
4.38405767387379e-11,0.612267678177975,0.194,0.092,1.07198978241562e-06,"1","NEK7"
4.39001898131343e-11,1.12006675990231,0.131,0.052,1.07344744131076e-06,"1","ARID5B"
4.55818764952409e-11,1.05082049763993,0.116,0.042,1.11456804406163e-06,"1","SETDB2"
4.5921576695464e-11,0.362286080027982,0.353,0.202,1.12287439335749e-06,"1","PTBP1"
4.60613913459161e-11,0.345726506992523,0.254,0.13,1.12629314119034e-06,"1","DARS"
4.61558918328372e-11,0.58602007828067,0.19,0.088,1.12860386709653e-06,"1","PLEKHF2"
4.83881293893171e-11,0.401259954443202,0.276,0.147,1.18318653982758e-06,"1","TM2D3"
5.1250147369756e-11,0.323429580801324,0.248,0.126,1.25316860348527e-06,"1","PPP3CA"
5.39855706603043e-11,0.402288277913868,0.647,0.448,1.32005517378576e-06,"1","HSP90B1"
5.63456873899619e-11,0.470531839473556,0.173,0.076,1.37776474805935e-06,"1","MAP3K13"
5.86185879422196e-11,0.338079725830015,0.373,0.215,1.43334171236315e-06,"1","LILRB4"
6.09897316292369e-11,0.623141496915965,0.173,0.077,1.4913209177981e-06,"1","ZNF131"
6.12578256527439e-11,0.436334812056759,0.291,0.157,1.49787635286089e-06,"1","ERBIN"
6.41680012186683e-11,0.375553918751261,0.647,0.454,1.56903596579888e-06,"1","CHMP4B"
6.55854639112898e-11,0.50706112005053,0.257,0.135,1.60369576355886e-06,"1","SOAT1"
6.66724520849985e-11,0.373862618792827,0.664,0.455,1.63027479838238e-06,"1","NCL"
6.71184218528041e-11,0.298823468445533,0.589,0.383,1.64117965114477e-06,"1","TRA2B"
6.9612137613161e-11,0.303220654703682,0.345,0.195,1.70215598891701e-06,"1","RAB8B"
7.26806460238896e-11,0.550581449343626,0.584,0.41,1.77718715657615e-06,"1","BTG2"
7.37838715255919e-11,0.551907269605699,0.191,0.089,1.80416322654377e-06,"1","CDK4"
7.62487882814067e-11,0.421587764113583,0.254,0.131,1.86443537105696e-06,"1","CAMK1D"
7.69394737423448e-11,0.478978113080529,0.233,0.117,1.88132401194781e-06,"1","CEP170"
7.931342466801e-11,0.533745893560196,0.186,0.086,1.93937185998218e-06,"1","PSPC1"
8.25965042582042e-11,0.721729848815433,0.128,0.049,2.01964972212161e-06,"1","SREBF2"
8.27537161015164e-11,0.535212118275544,0.356,0.212,2.02349386611428e-06,"1","FPR2"
8.32910974208882e-11,0.469880337280717,0.247,0.128,2.03663391413556e-06,"1","PITPNA"
8.40339578929106e-11,0.371371444352197,0.294,0.16,2.05479833839745e-06,"1","PEBP1"
8.41258743293466e-11,0.304324187522489,0.404,0.238,2.05704587910118e-06,"1","C6orf62"
8.58103388930751e-11,0.769472392701107,0.128,0.049,2.09823440661347e-06,"1","PLEKHM2"
8.77694898732641e-11,0.654378986248565,0.173,0.078,2.14613956638105e-06,"1","TMEM43"
9.02280526376701e-11,0.386260249241218,0.253,0.129,2.20625634309631e-06,"1","DENND1A"
9.30418941883082e-11,0.377806194586206,0.51,0.321,2.27506039669251e-06,"1","CLTC"
9.5276148859261e-11,0.301521733793524,0.619,0.411,2.32969239190665e-06,"1","YWHAE"
1.03896147807061e-10,0.39959861446679,0.282,0.152,2.54046860617826e-06,"1","BDP1"
1.04500620527573e-10,0.471993527903556,0.242,0.126,2.55524917314021e-06,"1","FAM13B"
1.06949642449568e-10,0.492052669994448,0.274,0.147,2.61513265717683e-06,"1","NRIP1"
1.07462937590294e-10,0.600975921249612,0.237,0.122,2.62768374995787e-06,"1","USP34"
1.07927803504394e-10,0.570869096723147,0.239,0.124,2.63905065128944e-06,"1","CUL4A"
1.10579960393001e-10,0.351711521941378,0.883,0.72,2.70390119152967e-06,"1","HNRNPA2B1"
1.13929501073572e-10,0.981198420780505,0.103,0.036,2.78580416025097e-06,"1","ZBTB21"
1.15540044669891e-10,0.463416983956998,0.194,0.091,2.82518517226819e-06,"1","SEC23B"
1.17647688396827e-10,0.455869778255163,0.236,0.121,2.8767212766792e-06,"1","PRDM2"
1.23235040590076e-10,0.399795093703562,0.324,0.182,3.01334321250854e-06,"1","USP8"
1.28293137976071e-10,0.337208257321092,0.493,0.312,3.1370238097909e-06,"1","OSBPL8"
1.29965656352064e-10,0.404296102291325,0.253,0.132,3.17792022912067e-06,"1","ZNF644"
1.33001624790706e-10,0.463175003377253,0.28,0.152,3.25215572938234e-06,"1","STARD3NL"
1.39437315612285e-10,0.929196987246293,0.112,0.041,3.40952124135158e-06,"1","ADNP2"
1.39885200748824e-10,0.374268281064245,0.273,0.147,3.42047292871024e-06,"1","CTNNBL1"
1.40211425003135e-10,0.331203079931534,0.319,0.179,3.42844976417665e-06,"1","RNF145"
1.42153407934949e-10,1.13174099045998,0.105,0.037,3.47593513082537e-06,"1","SLC11A2"
1.42610223560607e-10,0.690336397439785,0.162,0.072,3.48710518650397e-06,"1","VPS13D"
1.43312956778374e-10,0.840236953944719,0.133,0.054,3.5042884191448e-06,"1","SNHG12"
1.46773381677419e-10,0.707981465958123,0.2,0.098,3.58890272877625e-06,"1","IL10RB-DT"
1.51855849160822e-10,0.385334206201132,0.259,0.134,3.71317922368042e-06,"1","FKBP5"
1.53583982967828e-10,0.503788496221139,0.237,0.123,3.75543555152932e-06,"1","ETNK1"
1.59654792934118e-10,0.313809018777241,0.763,0.568,3.90387899682505e-06,"1","EIF4A1"
1.62844081039568e-10,0.292845017311592,0.579,0.372,3.98186346957951e-06,"1","PAIP2"
1.8718978514194e-10,0.702865893909155,0.387,0.234,4.57716462629071e-06,"1","ABHD5"
1.92145625064485e-10,0.661550592967317,0.206,0.103,4.69834482407678e-06,"1","SLC12A6"
1.94806286700723e-10,0.917697514567891,0.122,0.047,4.76340332240607e-06,"1","CCSER2"
2.04945531320597e-10,0.295270133046199,0.552,0.355,5.01132813185124e-06,"1","XRCC6"
2.07478933135498e-10,2.22114784132442,0.136,0.058,5.0732748730292e-06,"1","MGLL"
2.11196948688541e-10,0.937047115353288,0.163,0.074,5.16418778933221e-06,"1","HPS5"
2.17399298322535e-10,0.410271497870294,0.382,0.231,5.31584764258262e-06,"1","PARP14"
2.18462898520959e-10,0.557709549541588,0.396,0.24,5.34185479463449e-06,"1","TLE4"
2.42631694332324e-10,0.348578064752478,0.347,0.201,5.93283018981397e-06,"1","PRPF4B"
2.56280439288076e-10,0.959211689322827,0.114,0.043,6.26656930147204e-06,"1","CHKA"
2.59987175706423e-10,0.311406270866724,0.133,0.053,6.35720642037345e-06,"1","TCEAL4"
2.73382060978227e-10,0.502503896087339,0.225,0.115,6.6847381550396e-06,"1","SUSD6"
2.80678984564648e-10,0.423382454727792,0.253,0.132,6.86316253057477e-06,"1","AC020916.1"
2.82358803505776e-10,1.24402080293368,0.102,0.036,6.90423746332324e-06,"1","SNAPC1"
2.89968286744063e-10,0.572649997036349,0.279,0.154,7.09030454746582e-06,"1","DENND5A"
2.94173865834132e-10,0.327568097593036,0.365,0.214,7.1931393673762e-06,"1","RC3H1"
2.97014214378277e-10,0.290894826995336,0.792,0.598,7.26259156997762e-06,"1","ATP6V1F"
3.0610702901493e-10,0.396269360942291,0.31,0.174,7.48492907347306e-06,"1","TUBGCP2"
3.09132634185257e-10,0.417193403064614,0.49,0.311,7.55891117109791e-06,"1","MX2"
3.15943079205489e-10,0.554150607248646,0.435,0.278,7.72544017273262e-06,"1","GCH1"
3.23806131052228e-10,0.430342445825427,0.213,0.108,7.91770751648907e-06,"1","RNF139"
3.2947289163352e-10,0.396932149717478,0.3,0.169,8.05627114622284e-06,"1","UBQLN1"
3.43372750874422e-10,0.504928072240018,0.177,0.082,8.39615050438137e-06,"1","MYO5A"
3.48365937654086e-10,0.508221488613853,0.165,0.074,8.51824390751771e-06,"1","DCP1A"
3.60907135956834e-10,0.476987313706215,0.194,0.095,8.82490128841651e-06,"1","CARD8-AS1"
3.79001531509417e-10,0.401830732919012,0.737,0.537,9.26734544846826e-06,"1","SEC62"
3.97732292000312e-10,0.261508040401406,0.451,0.278,9.72535000399163e-06,"1","ZBTB7A"
4.00224426670723e-10,0.684184483537752,0.182,0.087,9.78628768095252e-06,"1","GTF2H1"
4.11036568705182e-10,0.311793336559525,0.251,0.131,1.00506661779791e-05,"1","CLDND1"
4.20379076089732e-10,0.409969360094108,0.313,0.177,1.02791091685461e-05,"1","BIRC6"
4.21924566802889e-10,0.906312469809211,0.123,0.049,1.03168995074642e-05,"1","LYSMD3"
4.24085668758784e-10,0.550670538352783,0.208,0.105,1.03697427724898e-05,"1","ITCH"
4.48744235711427e-10,0.25542683235382,0.26,0.139,1.09726940516158e-05,"1","PRPF38A"
4.65438102383581e-10,0.396974084552274,0.285,0.159,1.13808924794833e-05,"1","IGF2R"
4.77544007904249e-10,0.501828804465582,0.173,0.08,1.16769060812747e-05,"1","HSD17B12"
4.94355698159891e-10,0.581163527273076,0.197,0.098,1.20879855314057e-05,"1","KPNA2"
4.97226288500176e-10,0.608054686985611,0.143,0.062,1.21581772064063e-05,"1","SENP5"
4.97276526915913e-10,0.897943969501611,0.114,0.044,1.21594056361479e-05,"1","GALNT6"
5.03306234119079e-10,0.80536064488972,0.125,0.051,1.23068440366797e-05,"1","GZF1"
5.1907767069882e-10,0.512856203532606,0.231,0.123,1.26924872039275e-05,"1","NDUFV3"
5.2174829767123e-10,0.569733379067861,0.237,0.125,1.27577893746569e-05,"1","HPS3"
5.27666968615489e-10,0.518068762712611,0.151,0.066,1.29025127165859e-05,"1","BAIAP2"
5.30481880800494e-10,0.292939273010901,0.287,0.158,1.29713429493337e-05,"1","TAF7"
5.76003781102587e-10,0.658640568505378,0.142,0.06,1.40844444555204e-05,"1","ELK3"
6.01195431595522e-10,0.495653548352324,0.177,0.083,1.47004306933737e-05,"1","ELMSAN1"
6.29313636264127e-10,0.476826767803572,0.273,0.153,1.53879770339304e-05,"1","MAPRE2"
6.54015559773331e-10,0.260312527799055,0.729,0.56,1.59919884675775e-05,"1","HLA-DMA"
6.63799768226264e-10,0.331741826274577,0.341,0.198,1.62312319326686e-05,"1","SMARCA5"
6.65327150721165e-10,0.754048748750741,0.21,0.109,1.62685794894339e-05,"1","ZFAND2A"
6.65518199226348e-10,0.29279669022289,0.317,0.18,1.62732510074827e-05,"1","TAF9"
6.78633945151206e-10,0.501313005855546,0.267,0.148,1.65939572268373e-05,"1","SAFB2"
6.84821839578926e-10,0.468907677763675,0.208,0.105,1.67452636213839e-05,"1","MORC3"
6.89181981604602e-10,0.428870360623473,0.137,0.057,1.68518778141957e-05,"1","NAA15"
7.23732559633433e-10,0.450416410246972,0.134,0.055,1.76967085481567e-05,"1","NME1"
7.4488874134665e-10,0.272240867255614,0.721,0.473,1.82140195034083e-05,"1","RNF149"
7.6254542793586e-10,0.472343957959492,0.208,0.105,1.86457608038877e-05,"1","SLC39A1"
7.94720125909422e-10,0.468721465894345,0.199,0.099,1.94324965187372e-05,"1","FBXW7"
8.27585296967629e-10,0.540259938227967,0.136,0.057,2.02361156814525e-05,"1","FURIN"
8.67858136345613e-10,0.281760644937993,0.758,0.533,2.12208671499229e-05,"1","ARF1"
8.84404528488001e-10,0.662534298029202,0.217,0.115,2.16254595305886e-05,"1","TXNRD1"
9.23050333888573e-10,0.298527681249041,0.239,0.126,2.25704267642434e-05,"1","EIF2S1"
9.35700947907125e-10,0.488223586082364,0.183,0.088,2.2879759578225e-05,"1","ELMO1"
9.39808597801934e-10,0.363015749315783,0.336,0.197,2.29801998334529e-05,"1","MIER1"
9.5007505603766e-10,0.381800372766707,0.851,0.713,2.32312352702329e-05,"1","CRIP1"
1.00264129863264e-09,0.687472358100856,0.14,0.061,2.45165850341652e-05,"1","FAF2"
1.00685053734158e-09,0.351874397567423,0.47,0.302,2.46195093390764e-05,"1","ANKRD12"
1.00774969636494e-09,0.356015087070793,0.197,0.096,2.46414955755154e-05,"1","NDUFAF2"
1.07912932811928e-09,0.291170635813076,0.374,0.224,2.63868703311726e-05,"1","MTMR14"
1.16638643969863e-09,0.305990353475345,0.225,0.116,2.8520481223511e-05,"1","TTC7A"
1.18632226620854e-09,0.431729200001358,0.176,0.083,2.90079520533313e-05,"1","IKBKB"
1.19703561350921e-09,0.542570207311865,0.154,0.069,2.92699148215273e-05,"1","DGKD"
1.26545943268452e-09,0.37065362635727,0.274,0.152,3.0943014048002e-05,"1","TM9SF3"
1.29142526187996e-09,0.258104838657286,0.262,0.141,3.15779305034888e-05,"1","BBX"
1.33038916606048e-09,0.738362619616394,0.186,0.094,3.25306758885109e-05,"1","FEM1C"
1.35675889663076e-09,0.304987730143004,0.821,0.613,3.31754685404154e-05,"1","UBE2D3"
1.37938986663626e-09,0.356853378539285,0.182,0.088,3.37288410189899e-05,"1","RAB35"
1.3812910007657e-09,0.495296568913106,0.325,0.197,3.37753275507229e-05,"1","MCOLN1"
1.45134663774435e-09,0.591519854787283,0.119,0.048,3.54883279861249e-05,"1","RRM2B"
1.46435080039582e-09,0.369941452951721,0.205,0.104,3.58063057712787e-05,"1","NUP62"
1.48283554347745e-09,0.454122678478083,0.194,0.097,3.62582947091107e-05,"1","GNL2"
1.48891336483895e-09,0.534889570440698,0.202,0.102,3.64069095970421e-05,"1","TMEM170A"
1.49577680152706e-09,0.542517036352515,0.245,0.136,3.65747343509396e-05,"1","ADK"
1.49714013382014e-09,0.559282629574964,0.169,0.08,3.66080705521701e-05,"1","SAMD4B"
1.52759861284089e-09,0.411764226081655,0.2,0.1,3.73528412811856e-05,"1","USE1"
1.6324109021043e-09,0.594416256808035,0.146,0.065,3.99157113782544e-05,"1","HMGCR"
1.66472051296408e-09,0.356752568687257,0.319,0.185,4.07057459829977e-05,"1","KDM5A"
1.70166654343799e-09,0.458121952244491,0.227,0.121,4.16091503201456e-05,"1","AFG3L2"
1.73332328026233e-09,0.680477549984046,0.169,0.082,4.23832208489744e-05,"1","OSBPL9"
1.79255687287969e-09,0.427670234337487,0.239,0.128,4.38316006556541e-05,"1","SMNDC1"
1.82802757513094e-09,0.50885257193716,0.151,0.068,4.46989302671018e-05,"1","TBC1D9B"
1.93778599478035e-09,0.337038047565037,0.273,0.151,4.73827431443692e-05,"1","USP9X"
1.97191553218233e-09,0.420682724798597,0.398,0.247,4.82172785929222e-05,"1","ID2"
1.97478762937359e-09,0.714530462696446,0.136,0.059,4.82875071134429e-05,"1","INO80"
2.08848460592858e-09,1.06205902064361,0.117,0.048,5.10676255841658e-05,"1","SNIP1"
2.09455435433729e-09,0.30773855714678,0.468,0.293,5.12160430722555e-05,"1","PICALM"
2.15556660757437e-09,0.344774126485629,0.558,0.377,5.27079146884085e-05,"1","ITGB1"
2.21320822310495e-09,0.832459444770511,0.126,0.053,5.41173674713623e-05,"1","ITPR1"
2.32256841996065e-09,0.573622162422049,0.16,0.076,5.67914430048777e-05,"1","RIF1"
2.33313330040231e-09,0.410925789703338,0.253,0.14,5.70497754614373e-05,"1","DIAPH2"
2.33562130667794e-09,0.408211920575272,0.256,0.142,5.7110612190889e-05,"1","PLEKHA2"
2.37534300196737e-09,0.600294375101555,0.262,0.148,5.80818870841062e-05,"1","NBN"
2.40791029081717e-09,0.698729250368894,0.179,0.089,5.88782224310615e-05,"1","DPM1"
2.50206109302379e-09,0.741656951206773,0.16,0.076,6.11803978466178e-05,"1","CTNND1"
2.53064893270409e-09,0.511688091695881,0.182,0.09,6.18794277024804e-05,"1","WDR74"
2.58366108748501e-09,1.14059056442732,0.112,0.046,6.31756809111834e-05,"1","FAM3C"
2.70488065161516e-09,0.275948992411587,0.807,0.612,6.6139741693294e-05,"1","IQGAP1"
2.79135737764115e-09,0.864973938510534,0.105,0.04,6.82542705980813e-05,"1","IRGQ"
2.83919503846998e-09,0.31928381691657,0.263,0.146,6.94239970806678e-05,"1","CLIP1"
3.14460179554455e-09,0.476990435884197,0.193,0.098,7.68918031046553e-05,"1","ITPR2"
3.1837253495152e-09,0.251059480453851,0.401,0.246,7.78484522463456e-05,"1","GLUD1"
3.28435362141722e-09,0.943281064970976,0.179,0.09,8.03090147508938e-05,"1","NKG7"
3.28769059316419e-09,0.319485804612683,0.236,0.127,8.03906103840507e-05,"1","ACER3"
3.36397501595822e-09,0.273264129818804,0.202,0.102,8.22559170902103e-05,"1","CPSF6"
3.45175507888188e-09,0.939800789819975,0.126,0.054,8.44023151888198e-05,"1","LINC00847"
3.47790332026102e-09,0.485408079941904,0.223,0.12,8.50416919870224e-05,"1","PSMD12"
3.53650186023157e-09,0.459517943055517,0.183,0.091,8.64745434863825e-05,"1","TCERG1"
3.67993670303924e-09,0.415238487007054,0.168,0.08,8.99818122627155e-05,"1","ALG2"
3.8074486015454e-09,0.357051383868307,0.291,0.165,9.3099733204988e-05,"1","DDX39B"
3.83401976439491e-09,0.29313956921114,0.399,0.245,9.37494512789843e-05,"1","ANKRD11"
3.8407427362021e-09,0.67837226480158,0.149,0.069,9.39138413856138e-05,"1","NBPF10"
3.84351557125072e-09,0.280142565371042,0.307,0.177,9.39816427482227e-05,"1","HNRNPH2"
3.95230725111915e-09,0.303818201000326,0.753,0.539,9.66418169043654e-05,"1","WSB1"
3.97843510489656e-09,0.254553966786132,0.809,0.589,9.72806951849306e-05,"1","ACTR2"
4.003460806511e-09,0.269479204650675,0.92,0.802,9.7892623640807e-05,"1","DDX5"
4.25018591465378e-09,0.88446592317755,0.19,0.099,0.000103925545985114,"1","SLC25A13"
4.25964585244619e-09,0.647511378279002,0.196,0.103,0.000104156860384014,"1","SESTD1"
4.3855876029984e-09,0.707322900817142,0.157,0.075,0.000107236388068517,"1","TMEM138"
4.44517243481061e-09,0.843786272287338,0.105,0.041,0.000108693356375989,"1","RHOU"
4.52978741431472e-09,0.573453538955014,0.227,0.124,0.000110762361854823,"1","ASH1L"
4.55348595774924e-09,0.69461636871611,0.128,0.055,0.000111341838638884,"1","ZNF830"
4.69571462962416e-09,0.422135792279249,0.142,0.064,0.00011481961412357,"1","KDM5C"
4.80874032884988e-09,0.266178127237624,0.416,0.259,0.000117583318521037,"1","TRAM1"
4.90593791491763e-09,0.747491528016255,0.116,0.048,0.000119959993895566,"1","SOCS4"
5.46844572395593e-09,0.318958068126865,0.217,0.114,0.00013371443484217,"1","GLYR1"
5.52795812842657e-09,0.303394891383749,0.305,0.176,0.000135169632156287,"1","DHX15"
5.53960303414154e-09,0.287652588096613,0.464,0.299,0.000135454373390829,"1","PABPC4"
5.59287249890095e-09,0.814719708704165,0.299,0.188,0.000136756918343126,"1","HBEGF"
6.04235414821268e-09,0.250862291318803,0.529,0.338,0.000147747643632096,"1","NOTCH2"
6.07593704084019e-09,0.606673498692665,0.914,0.848,0.000148568812522624,"1","ZFP36"
6.12261598400888e-09,0.261404698408782,0.311,0.179,0.000149710206040985,"1","ERCC1"
6.29526076879216e-09,0.352948901649409,0.163,0.078,0.000153931716318506,"1","NAGPA"
6.31797503326031e-09,0.276662207610885,0.211,0.111,0.000154487125513281,"1","LYAR"
6.4547556967641e-09,0.760274084074004,0.122,0.052,0.000157831686297276,"1","GTPBP1"
6.72028689346754e-09,0.292563730163425,0.339,0.203,0.000164324455119068,"1","KCNAB2"
6.86022218832699e-09,0.45966870076083,0.165,0.079,0.000167746152948972,"1","LDLRAD4"
6.88784486035038e-09,0.458760062323485,0.169,0.082,0.000168421582525287,"1","SETD5"
6.99304156508115e-09,0.359717577995081,0.191,0.097,0.000170993852349364,"1","HIPK1"
6.99866972936889e-09,0.428404546615194,0.18,0.09,0.000171131472222528,"1","PTPN11"
7.06688501363337e-09,0.535484877426494,0.12,0.051,0.000172799472353363,"1","WASL"
7.11332901548859e-09,0.758996142309124,0.122,0.052,0.000173935121086727,"1","RAB4B"
7.13696920227113e-09,0.959054722621215,0.103,0.041,0.000174513170933934,"1","GPR107"
7.23038901623521e-09,0.298428990477528,0.149,0.068,0.000176797472224983,"1","CACNA2D4"
7.29736448664421e-09,0.316889739767486,0.296,0.172,0.000178435156427424,"1","COPB1"
7.36929069732737e-09,0.251056379960518,0.539,0.354,0.000180193896131049,"1","HNRNPM"
7.7765033116704e-09,0.273078210036468,0.22,0.117,0.000190151058976965,"1","HGS"
7.85352528793744e-09,0.362407603678006,0.265,0.152,0.000192034400340646,"1","FNBP4"
7.92152144752525e-09,0.620932224515503,0.12,0.051,0.000193697042434887,"1","KHNYN"
7.98676157375306e-09,0.517853279317533,0.185,0.093,0.00019529229400141,"1","FBRS"
8.1583981603464e-09,0.292700055133398,0.274,0.155,0.00019948915181679,"1","UBE2E1"
8.36416190135565e-09,0.48413270111608,0.179,0.09,0.000204520486811948,"1","PES1"
8.4328952691244e-09,0.274526174056358,0.622,0.42,0.00020620115512063,"1","ATP6V1B2"
8.65927708511185e-09,1.03103785013421,0.108,0.044,0.000211736643285155,"1","RAPGEF6"
9.10446545979902e-09,0.461833212867808,0.16,0.077,0.000222622389423006,"1","ASXL1"
9.18774000446476e-09,0.581867403678373,0.199,0.106,0.000224658618589172,"1","CEMIP2"
9.5083980591346e-09,0.495775342657734,0.27,0.155,0.000232499349341959,"1","GDI1"
9.53168172329434e-09,0.37086843764385,0.43,0.279,0.000233068681497993,"1","LIPA"
9.60542117198373e-09,0.347267213093747,0.291,0.17,0.000234871758497346,"1","PSMD11"
9.80515898289222e-09,0.308157544757916,0.311,0.184,0.000239755747449681,"1","SND1"
9.90615248172162e-09,0.259175044405324,0.436,0.274,0.000242225240483057,"1","PDIA6"
1.03353300516969e-08,0.268257252989407,0.314,0.185,0.000252719490424092,"1","CCT2"
1.04340910829804e-08,0.530386916887097,0.125,0.054,0.000255134395161036,"1","TPCN2"
1.077546721876e-08,0.594843010439938,0.171,0.086,0.000263481724433121,"1","GATAD2A"
1.09778318814586e-08,0.593707932551347,0.145,0.068,0.000268429945165427,"1","AC025164.1"
1.24871522518607e-08,0.456372848673829,0.305,0.186,0.000305335846862498,"1","ELF2"
1.25226983866345e-08,0.381258433455473,0.285,0.167,0.000306205020949986,"1","TSG101"
1.28065339417786e-08,0.863116163523614,0.174,0.09,0.000313145367944371,"1","BCAT1"
1.28224610712199e-08,0.358704663665083,0.354,0.217,0.000313534818113468,"1","SRPRA"
1.34524168474338e-08,0.295528387029668,0.165,0.08,0.000328938496753452,"1","SLK"
1.35072422606743e-08,0.561127086511444,0.137,0.062,0.000330279087758008,"1","RBM14"
1.35296836878576e-08,0.344342814921315,0.236,0.129,0.000330827825535493,"1","RBM22"
1.35973866792419e-08,0.704554756187706,0.139,0.065,0.000332483299080822,"1","DNAJB2"
1.4554248838365e-08,0.394203427278722,0.123,0.053,0.000355880492595701,"1","PTGIR"
1.49249697372564e-08,0.570890152011199,0.137,0.063,0.000364945360015393,"1","KDSR"
1.50945951968494e-08,0.393469573792722,0.188,0.097,0.000369093041753362,"1","NFATC2IP"
1.51201327828538e-08,0.343144200175061,0.576,0.397,0.000369717486806341,"1","EIF1B"
1.51767105472021e-08,0.696479106465382,0.105,0.042,0.000371100926300185,"1","GABPB1-AS1"
1.52462485745575e-08,0.593439631953106,0.183,0.095,0.000372801270145079,"1","RAP2C"
1.55917322260866e-08,0.443531147734779,0.191,0.1,0.000381249036392269,"1","FAM207A"
1.59354460671654e-08,0.430231873303791,0.14,0.064,0.000389653527234328,"1","ARHGEF10L"
1.63053113495798e-08,0.615574055537925,0.105,0.042,0.000398697473119926,"1","GTF3C1"
1.7169389254318e-08,0.418347036703173,0.145,0.068,0.000419825906046584,"1","ZFX"
1.73306091759801e-08,0.600144605286749,0.171,0.086,0.000423768055571066,"1","TXNDC11"
1.76451490789803e-08,0.529874612861982,0.116,0.049,0.000431459185279226,"1","PIP5K1A"
1.781664088744e-08,0.606076663414407,0.179,0.092,0.000435652502979684,"1","IL2RG"
1.82195287486992e-08,0.390972116162035,0.139,0.064,0.000445503916963193,"1","ZMIZ2"
1.91610575844648e-08,0.420659710880866,0.354,0.224,0.000468526180055334,"1","PDCD4"
1.9317644206607e-08,0.555073503547684,0.117,0.05,0.000472355036139954,"1","IDH1"
1.94069687891389e-08,0.43892660608183,0.199,0.105,0.000474539200832025,"1","STARD3"
1.96201143290535e-08,0.551426859581909,0.368,0.239,0.000479751035574017,"1","SLC2A6"
1.97705916686346e-08,0.571344175878237,0.128,0.057,0.000483430507481453,"1","PDXDC1"
1.99985541611042e-08,0.448605648273449,0.287,0.171,0.000489004646347319,"1","SDF2"
2.15523147991643e-08,0.563630868437037,0.16,0.079,0.000526997201469165,"1","CDK13"
2.1590841232189e-08,0.552813849814569,0.151,0.072,0.000527939249809486,"1","FOXJ3"
2.18933986716952e-08,0.683220810540592,0.145,0.07,0.000535337384320291,"1","UPF3B"
2.20876430176542e-08,0.60784995598151,0.157,0.077,0.00054008704706768,"1","PSMD14"
2.21065343491415e-08,0.362965341835563,0.188,0.097,0.000540548977905208,"1","RCC2"
2.21076209167532e-08,0.480411448920234,0.302,0.183,0.000540575546656448,"1","STIP1"
2.28391326356704e-08,0.304330161411327,0.174,0.088,0.000558462471207413,"1","POM121C"
2.32654013952473e-08,0.590348246818229,0.142,0.067,0.000568885594916586,"1","PIM1"
2.36239546327394e-08,0.515804789172836,0.139,0.065,0.000577652938679744,"1","TOPORS"
2.41477352049501e-08,0.290670069084515,0.285,0.167,0.000590460421231439,"1","TMX4"
2.47949220950129e-08,1.01373253647057,0.108,0.046,0.000606285435067254,"1","MFSD14A"
2.65000276491185e-08,0.612799312007798,0.173,0.089,0.000647978676076246,"1","CNOT4"
2.72511300199842e-08,0.996686092838732,0.103,0.043,0.000666344631248653,"1","RNF103"
2.75278637150079e-08,0.657600571056,0.151,0.074,0.000673111323559373,"1","CDK16"
2.7708505655514e-08,0.36970545162604,0.151,0.072,0.000677528380288628,"1","FASTK"
2.84961507705228e-08,0.327275751293701,0.203,0.108,0.000696787878640824,"1","API5"
2.93844981870288e-08,0.599695532355155,0.169,0.086,0.000718509749669228,"1","RNF168"
2.96530051606125e-08,0.310770917123018,0.24,0.135,0.000725075282187298,"1","DDB1"
3.08431224405033e-08,0.633427070441472,0.119,0.052,0.000754176029915187,"1","CBX6"
3.30574527796242e-08,0.429171115175463,0.202,0.109,0.00080832083536737,"1","CDK12"
3.39354307635231e-08,0.753820826165691,0.169,0.088,0.000829789153029666,"1","ABHD16A"
3.59588157472158e-08,0.341440203913131,0.143,0.067,0.000879264962650922,"1","TARS"
3.69318327499193e-08,0.276433401658847,0.165,0.082,0.000903057174401027,"1","ZFP91"
3.74843841375643e-08,0.310656986701339,0.216,0.118,0.000916568160931721,"1","SBDS"
4.01736308263073e-08,0.270920878288273,0.2,0.107,0.000982325620964867,"1","PPP6R3"
4.15020601167578e-08,0.515147413617223,0.108,0.046,0.00101480837397496,"1","TRIO"
4.2331368211123e-08,0.695194974919896,0.108,0.046,0.00103508661549838,"1","ZBED1"
4.26005091890391e-08,0.518153391788172,0.186,0.099,0.00104166765069038,"1","ZNF622"
4.51273236578666e-08,0.539614673519245,0.154,0.077,0.00110345331808215,"1","TTC39C"
4.63535698515694e-08,0.70983130490768,0.1,0.041,0.00113343749001058,"1","MLLT6"
4.89705755523741e-08,0.616248486213395,0.171,0.09,0.00119742851340665,"1","NOLC1"
4.97235609567756e-08,0.282774046976328,0.337,0.209,0.00121584051251508,"1","CYB5R4"
5.11741058423031e-08,0.284356467455084,0.208,0.113,0.001251309236056,"1","ZPR1"
5.1873308816057e-08,0.268779078774521,0.176,0.09,0.00126840614717023,"1","SLC30A7"
5.89303047610586e-08,0.389798187805941,0.133,0.062,0.0014409638120174,"1","C3orf58"
5.92418101732413e-08,0.474518045612099,0.169,0.088,0.0014485807423561,"1","KPNA1"
5.94192330550075e-08,0.350230839311777,0.183,0.096,0.00145291908666104,"1","FBXO11"
6.05125682412057e-08,0.447470200238749,0.153,0.075,0.00147965331863396,"1","P2RX7"
6.55263847847942e-08,0.345611359707997,0.216,0.119,0.00160225116075779,"1","DENND4B"
6.55643876651076e-08,0.359766603756719,0.214,0.12,0.00160318040718721,"1","ARRDC2"
6.62985218245787e-08,0.354302212106723,0.102,0.042,0.0016211314556546,"1","SNTB1"
6.63715016837119e-08,0.360062881305251,0.177,0.092,0.00162291595917012,"1","GOSR1"
6.83629418371851e-08,0.33502889757026,0.106,0.045,0.00167161065380285,"1","AFF1"
7.0592861189073e-08,0.550718982306182,0.134,0.064,0.00172613664179521,"1","RSBN1"
7.17798871228451e-08,0.703269690176162,0.137,0.066,0.00175516179992781,"1","FBXW2"
7.53659529385391e-08,0.325875496045709,0.256,0.147,0.00184284828125316,"1","ZC3H13"
7.56291106468862e-08,0.252345519213135,0.157,0.078,0.00184928301353766,"1","MAP3K5"
8.05880086220319e-08,0.272321928669288,0.419,0.269,0.00197053798682592,"1","THRAP3"
8.29821912956295e-08,0.319024077126869,0.29,0.174,0.00202908054156073,"1","MACF1"
8.7455833295719e-08,0.260771991008556,0.22,0.123,0.00213847003574692,"1","PTOV1"
8.78991912421483e-08,0.917991708820745,0.122,0.057,0.00214931102425301,"1","CDK17"
8.84456317896402e-08,0.363958986689005,0.955,0.912,0.00216267258852028,"1","S100A9"
9.04224878299274e-08,0.254550762487021,0.254,0.147,0.00221101067241739,"1","ATXN2L"
9.24545378349334e-08,0.764922888334081,0.12,0.055,0.00226069835913979,"1","MFSD11"
9.59075835789288e-08,0.649794658627739,0.109,0.048,0.00234513223367197,"1","OSBP"
9.78956035372249e-08,0.968690633304433,0.109,0.048,0.00239374329769222,"1","GFOD1"
9.92518859848832e-08,0.362896646914679,0.143,0.07,0.00242690711610236,"1","WDFY3"
1.01348138679199e-07,0.384930312428749,0.234,0.134,0.00247816468698378,"1","MAN2A1"
1.0234954432703e-07,0.33420733979256,0.117,0.052,0.00250265105788454,"1","RCN1"
1.10872752891689e-07,0.36910963434191,0.143,0.07,0.00271106055370758,"1","CRELD2"
1.12095089329901e-07,0.447636046638777,0.18,0.095,0.00274094912429473,"1","MUC20-OT1"
1.1340245167964e-07,0.600913699906105,0.1,0.042,0.00277291674847056,"1","VAT1"
1.18532709884725e-07,0.282096683005001,0.234,0.134,0.0028983618221013,"1","CCAR1"
1.24201791341683e-07,0.333987354399977,0.203,0.112,0.00303698220188684,"1","YY1AP1"
1.29113490057358e-07,0.440469462854823,0.154,0.078,0.00315708305888253,"1","PGS1"
1.3273105578254e-07,0.34864635858462,0.21,0.116,0.00324553977599466,"1","CREB1"
1.39242360043562e-07,0.622668813917845,0.116,0.052,0.00340475418778517,"1","BEX4"
1.42680510024268e-07,0.371495244975573,0.242,0.141,0.0034888238311134,"1","SSFA2"
1.42891274731639e-07,0.657219852821716,0.103,0.045,0.00349397744973805,"1","CLN8"
1.47795036213037e-07,0.670294308540502,0.117,0.054,0.00361388422548119,"1","PLBD2"
1.49134149363079e-07,0.348623126055281,0.126,0.059,0.003646628220226,"1","CREB3"
1.49506069298842e-07,0.312200712072559,0.179,0.095,0.00365572240649528,"1","CCDC32"
1.50041400514764e-07,0.400833713570244,0.227,0.131,0.003668812325387,"1","LPP"
1.52378718790935e-07,0.599122592595036,0.122,0.057,0.00372596443187595,"1","PANK3"
1.57921911676603e-07,0.383139695185561,0.177,0.095,0.00386150658431629,"1","KBTBD2"
1.61985401680632e-07,0.501898908968333,0.149,0.076,0.00396086704189483,"1","PCID2"
1.67432544262192e-07,0.546530571078046,0.16,0.084,0.00409406057229913,"1","NAPG"
1.71145047011673e-07,0.549046619509657,0.116,0.053,0.00418483868952944,"1","ECD"
1.72709574967907e-07,0.885106230608936,0.102,0.045,0.00422309452711527,"1","SMG9"
1.73985326038196e-07,0.417165544159565,0.166,0.087,0.00425428919228596,"1","CPNE8"
1.86984491818755e-07,0.689926751727869,0.149,0.077,0.00457214479395221,"1","TSC22D2"
1.89186929984414e-07,0.739190834029928,0.114,0.052,0.00462599881197889,"1","LARP4"
1.90164602435314e-07,0.264148820189049,0.125,0.058,0.0046499048587483,"1","UIMC1"
1.90185621737164e-07,0.302918586149306,0.126,0.059,0.00465041882271713,"1","SLC39A4"
1.94043021917946e-07,0.376221260384204,0.379,0.251,0.00474473997193761,"1","MRPL18"
1.99992827821951e-07,0.423898869046328,0.14,0.069,0.00489022462590235,"1","DLST"
2.0443588762778e-07,0.426501532415809,0.211,0.119,0.00499886632427447,"1","LUC7L2"
2.06421617927987e-07,0.486923368220967,0.162,0.084,0.00504742140157514,"1","SLFN11"
2.15230008650981e-07,0.572056282924049,0.126,0.06,0.00526280417153378,"1","SBNO2"
2.2155967461754e-07,0.260641309793029,0.319,0.199,0.00541757716374809,"1","RBM23"
2.25533093711383e-07,0.815079026947493,0.146,0.075,0.00551473520743074,"1","YTHDC2"
2.28442561354337e-07,0.564354543644658,0.19,0.107,0.00558587751023625,"1","PNKP"
2.38440520168302e-07,0.650209212576157,0.142,0.071,0.00583034759915532,"1","BET1L"
2.52372315347373e-07,1.09166214466441,0.156,0.084,0.00617100785487397,"1","TFRC"
2.55089987685877e-07,0.335516543312664,0.163,0.085,0.00623746037889507,"1","POGZ"
2.59743816702194e-07,0.256376137614418,0.146,0.074,0.00635125580600205,"1","RNF111"
2.63549260642682e-07,0.289195547910543,0.203,0.114,0.00644430652123486,"1","IDI1"
2.64989301213372e-07,0.493117926698763,0.21,0.119,0.00647951839326938,"1","PEF1"
2.72318434478771e-07,0.282676569196132,0.277,0.169,0.00665873035987491,"1","PHYKPL"
2.77170970879575e-07,0.25693572217406,0.165,0.085,0.00677738457994737,"1","TMUB1"
2.7836949530767e-07,0.906096160377495,0.304,0.193,0.00680669089926315,"1","HSPB1"
2.8770212372283e-07,0.364527058128458,0.156,0.08,0.00703489232927065,"1","TRAPPC8"
3.00607388339085e-07,0.537018733841013,0.125,0.06,0.00735045185966732,"1","CCDC186"
3.10217870835015e-07,0.334886455763692,0.153,0.079,0.00758544737765778,"1","CLASP2"
3.13202529969852e-07,1.01351154552231,0.1,0.045,0.00765842826282282,"1","DNAJB4"
3.14526584284098e-07,0.546917583278156,0.126,0.061,0.00769080403891477,"1","SNX8"
3.17235530401599e-07,0.490751668869817,0.143,0.072,0.0077570431893799,"1","HUS1"
3.18442591828285e-07,0.323740538931708,0.16,0.084,0.00778655825538523,"1","NRAS"
3.19010315990795e-07,0.317245889518088,0.182,0.099,0.00780044024660692,"1","IBTK"
3.28739494228843e-07,0.403989929311664,0.157,0.082,0.00803833811288367,"1","TMEM109"
3.39808092545711e-07,0.273484807613161,0.174,0.093,0.00830898747892772,"1","SLC31A1"
3.41442026335835e-07,0.388985747059336,0.133,0.065,0.00834894042796384,"1","RBM12"
3.4234552481566e-07,0.256382163167902,0.242,0.144,0.00837103277279251,"1","AP3B1"
3.47814323644102e-07,0.470899329171794,0.166,0.089,0.00850475584174558,"1","PITPNB"
3.48262227731975e-07,0.280555125294395,0.322,0.205,0.00851570799250225,"1","RBM5"
3.69736863769371e-07,0.345349760580485,0.214,0.124,0.00904080579288865,"1","ASAP1"
3.72083664403737e-07,0.653674964445327,0.103,0.046,0.00909818976200017,"1","HDAC4"
3.80853866290716e-07,0.423140797959677,0.21,0.121,0.00931263873854058,"1","STX5"
3.86653079736351e-07,0.298072547455709,0.159,0.083,0.00945444110571325,"1","GIGYF2"
4.00458492815681e-07,0.361387582516012,0.142,0.072,0.00979201106632904,"1","RING1"
4.05713777670435e-07,0.670574553719685,0.103,0.046,0.00992051329159749,"1","CRTAM"
4.07541919982788e-07,1.10657087992655,0.129,0.066,0.00996521502741913,"1","SFMBT2"
4.19758254975087e-07,0.461146085450825,0.1,0.044,0.0102639288506508,"1","NOC4L"
4.26200079566158e-07,0.650310584122167,0.111,0.052,0.0104214443455517,"1","MAPK8"
4.51970799788845e-07,0.372942063940686,0.24,0.146,0.0110515899964368,"1","XIAP"
4.65281613698701e-07,0.642872918812211,0.16,0.087,0.0113770660181606,"1","FFAR2"
4.70742751782479e-07,0.605870895938579,0.119,0.057,0.0115106017665852,"1","FPGS"
4.93902550224523e-07,0.265048725927216,0.174,0.094,0.01207690515809,"1","USP47"
5.08901206773919e-07,0.25931723535034,0.757,0.564,0.0124436523080359,"1","H2AFY"
5.48581684691604e-07,0.402369406334467,0.139,0.07,0.0134139193540791,"1","BTBD7"
5.58721322148635e-07,0.314508941315753,0.284,0.177,0.0136618537691784,"1","SP3"
5.61541022369729e-07,0.779568533402448,0.123,0.061,0.0137308010789846,"1","DKC1"
5.76529419284021e-07,0.322058929791654,0.293,0.184,0.0140972973603329,"1","DCP2"
5.79526531800236e-07,0.505472882828384,0.817,0.789,0.0141705827555794,"1","HLA-DPB1"
6.15633081774909e-07,0.275951394788036,0.163,0.087,0.0150534601155601,"1","COMMD4"
6.15831111837935e-07,0.336748726469426,0.219,0.128,0.0150583023466612,"1","CHCHD3"
6.18224973316152e-07,0.339240642344747,0.146,0.075,0.0151168370475265,"1","GNL3"
6.21333453384342e-07,0.383288120845619,0.451,0.318,0.0151928456021539,"1","MIDN"
6.223613184041e-07,0.46811521242554,0.136,0.068,0.015217978957617,"1","MTHFD2L"
6.22715734993746e-07,0.364869684558853,0.126,0.061,0.0152266451520671,"1","AC103591.3"
6.44360486183839e-07,0.487725812039724,0.143,0.074,0.0157559026081672,"1","NUS1"
7.03486042859442e-07,0.589258280516287,0.116,0.055,0.0172016407199991,"1","ATF2"
7.56832823670253e-07,0.295378237737786,0.129,0.064,0.018506076204385,"1","ASMTL"
7.68464036964922e-07,0.467800573124818,0.126,0.062,0.0187904826318663,"1","DUS3L"
7.87293829387371e-07,0.40684852154013,0.137,0.07,0.01925090871618,"1","RFLNB"
7.98721949695631e-07,0.267751304844583,0.26,0.159,0.0195303491139576,"1","TMBIM1"
7.9960312769828e-07,0.514565091631713,0.111,0.052,0.0195518956784783,"1","RNASEH1"
8.28468955948346e-07,0.344305195147984,0.146,0.076,0.020257722910849,"1","ECPAS"
8.46701879725654e-07,0.394259633774542,0.193,0.11,0.0207035543630517,"1","MKLN1"
8.49317357521001e-07,0.651558136020396,0.1,0.045,0.0207675080261035,"1","CDK10"
8.52846922344651e-07,0.251191228454251,0.162,0.088,0.0208538129451714,"1","DESI2"
8.76095053182167e-07,0.257780453303224,0.151,0.079,0.0214222762404104,"1","SLC35B1"
8.95809798931044e-07,0.368275715068829,0.149,0.079,0.0219043412034619,"1","IFIH1"
9.31621473200355e-07,0.539317968866184,0.166,0.092,0.0227800082626951,"1","HMGXB4"
9.31713323362126e-07,0.539574567692341,0.123,0.061,0.0227822541828507,"1","PHF12"
9.96884054085332e-07,0.861686729298387,0.105,0.049,0.0243758088904945,"1","AC007388.1"
1.00433232028912e-06,0.464020085437766,0.129,0.065,0.0245579338957096,"1","NAT9"
1.01350474622805e-06,0.297932887963455,0.149,0.079,0.0247822180547682,"1","ZNF672"
1.02454383416826e-06,0.291127112092493,0.214,0.126,0.0250521458330822,"1","WDR26"
1.03785432547975e-06,0.319542655943921,0.165,0.09,0.0253776139666309,"1","CDK11A"
1.05835754436142e-06,0.315020464126826,0.145,0.076,0.0258789586747255,"1","RAP1GDS1"
1.06030143729865e-06,0.41637514969077,0.166,0.092,0.0259264907448265,"1","ABR"
1.07866722193773e-06,0.456688236685799,0.116,0.056,0.0263755709108214,"1","SIRT6"
1.08058119941141e-06,0.316480559406221,0.12,0.059,0.0264223714880077,"1","ZCCHC8"
1.08882619900367e-06,0.426958334524519,0.126,0.063,0.0266239782180377,"1","GFM1"
1.09709159630968e-06,0.333886483094043,0.139,0.071,0.0268260837129642,"1","WDR43"
1.13165278254987e-06,0.501997641408305,0.251,0.158,0.0276711738389094,"1","MID1IP1"
1.13269376492599e-06,0.292133179997924,0.166,0.091,0.0276966279399704,"1","CLASRP"
1.19644026338112e-06,0.295087415823168,0.203,0.118,0.0292553573201953,"1","MARCH6"
1.25823527576349e-06,0.426619071589163,0.159,0.086,0.0307663689629689,"1","ZC3H18"
1.35279520624977e-06,0.262815883917239,0.256,0.159,0.0330785483832194,"1","OGA"
1.37089617234966e-06,0.314788855540361,0.123,0.061,0.0335211532062938,"1","TNS3"
1.46425693982727e-06,0.448460838941515,0.131,0.067,0.0358040106926563,"1","IP6K1"
1.50450800310073e-06,0.307236581804535,0.153,0.081,0.0367882296918191,"1","UBE2H"
1.58413526294251e-06,0.358123655962248,0.197,0.115,0.0387352754494703,"1","PPP2R2A"
1.62214421165252e-06,0.275280442314222,0.129,0.065,0.0396646702633274,"1","MED1"
1.800637752483e-06,0.546626242519924,0.128,0.066,0.0440291943237142,"1","KIF13B"
1.80320510940212e-06,0.431902274576929,0.136,0.071,0.0440919713351008,"1","DHX38"
1.8623039997433e-06,0.274340981163383,0.122,0.06,0.0455370574017231,"1","RFX5"
1.98447877315276e-06,0.428910628341246,0.185,0.105,0.0485244749611312,"1","P4HA1"
2.00062097999748e-06,0.501239332185578,0.116,0.057,0.0489191842028983,"1","SCYL1"
2.17069897907795e-06,0.255021855017519,0.197,0.114,0.0530779314364139,"1","USP10"
2.17243224008496e-06,0.435449784320954,0.112,0.055,0.0531203131345574,"1","ADPRH"
2.19365768484925e-06,0.277979358257215,0.217,0.13,0.0536393177099339,"1","AHCY"
2.19834556254689e-06,0.317606973651443,0.136,0.071,0.0537539456953966,"1","TBC1D23"
2.22655591044621e-06,0.514249707076537,0.14,0.075,0.0544437451222306,"1","TCF12"
2.26390497745027e-06,0.432823007570247,0.103,0.049,0.0553570045086141,"1","UBAP2"
2.27573791084255e-06,0.370919353751944,0.126,0.065,0.0556463433959221,"1","SEH1L"
2.28200823121953e-06,0.302002918508183,0.149,0.08,0.0557996652697799,"1","CERS6"
2.370743944107e-06,0.26504339082452,0.136,0.07,0.0579694309213044,"1","LMNB1"
2.41791541734454e-06,0.385583220077637,0.136,0.071,0.0591228677849087,"1","KAT6B"
2.45724283645484e-06,0.305179206254017,0.16,0.088,0.0600845018369936,"1","SEC16A"
2.48252626851314e-06,0.371568283332775,0.143,0.076,0.0607027323176834,"1","LRRC58"
2.50482740966982e-06,0.360970235741362,0.156,0.085,0.0612480398212464,"1","APMAP"
2.52770339767502e-06,0.273447929376618,0.33,0.217,0.0618074034799496,"1","ZFAND6"
2.60123652461252e-06,0.351531249546784,0.129,0.067,0.0636054354998253,"1","TRPM7"
2.74180694967852e-06,0.525313601159471,0.156,0.086,0.0670426635335393,"1","NFX1"
2.76389298282709e-06,0.270288873978414,0.274,0.176,0.0675827112160881,"1","ZFR"
2.84014687694328e-06,0.253540632635745,0.122,0.061,0.069447271435017,"1","MTG1"
2.92075740535146e-06,0.409939909644995,0.225,0.139,0.0714183600756539,"1","PMAIP1"
2.94095629122106e-06,0.701856339560817,0.139,0.074,0.0719122632329374,"1","TMEM107"
3.01314434516891e-06,0.541109757535994,0.117,0.059,0.0736774055280701,"1","UBXN7"
3.04943560355603e-06,0.415507565733879,0.149,0.082,0.0745647993781519,"1","CRNKL1"
3.07760588702941e-06,0.450771669893147,0.173,0.099,0.0752536191496432,"1","ING3"
3.19976302939213e-06,0.519595687588585,0.133,0.07,0.0782406055946963,"1","SLC35E3"
3.40388354835364e-06,0.402710339266078,0.163,0.092,0.0832317605243432,"1","USP14"
3.62797029502753e-06,0.563573191370814,0.111,0.055,0.0887111296540131,"1","VPS37A"
3.73718472920782e-06,0.390222483843041,0.148,0.082,0.0913816409985897,"1","MAP2K4"
3.82915131153646e-06,0.312867540425606,0.268,0.172,0.0936304078696896,"1","BEST1"
4.13690900836889e-06,0.252266815876687,0.108,0.053,0.101155699072636,"1","PPP2CB"
4.17472090197175e-06,0.26576165412094,0.133,0.07,0.102080275495013,"1","UBE2Q2"
4.23790039502062e-06,0.258350982799066,0.197,0.117,0.103625140459044,"1","CLIP4"
4.32453799196554e-06,0.262521398479898,0.251,0.157,0.105743602979541,"1","NCOR2"
4.51618949902079e-06,0.299328732209717,0.213,0.128,0.110429865630056,"1","ANKRD10"
4.62824216157683e-06,0.271905493837027,0.19,0.112,0.113169777334877,"1","FAM120AOS"
4.79951396122085e-06,0.334236247160095,0.156,0.086,0.117357715379772,"1","MON2"
5.3119834743321e-06,0.345503052643828,0.213,0.13,0.129888619914369,"1","SLC20A1"
5.48220503754586e-06,0.448260054507208,0.257,0.166,0.134050877578071,"1","DOCK5"
5.55025690292433e-06,0.252046759443789,0.116,0.058,0.135714881790306,"1","ARSD"
5.64976326950139e-06,0.262941484060354,0.126,0.066,0.138148011465848,"1","GSS"
5.88361944178645e-06,0.358807818554582,0.119,0.061,0.143866262590562,"1","TOMM40"
6.15908224877466e-06,0.345981895698272,0.183,0.109,0.150601879147038,"1","MGRN1"
6.2852253465852e-06,0.353324838096896,0.125,0.066,0.153686330174701,"1","NSUN2"
6.36913755247744e-06,0.438115320952653,0.208,0.129,0.155738151433178,"1","ARPP19"
6.93497773225783e-06,0.445471008872785,0.131,0.07,0.169574075509168,"1","CHD6"
7.00256942462709e-06,0.251471357405226,0.109,0.054,0.171226827570982,"1","NOP14"
7.03091240760948e-06,0.72710573427258,0.126,0.068,0.171919870190867,"1","THAP9-AS1"
7.21167548818949e-06,0.644986409432747,0.109,0.056,0.176339889037209,"1","CYSLTR2"
7.23622233551392e-06,0.280573305774857,0.196,0.117,0.176940108547986,"1","PDIA4"
7.28392630892504e-06,0.423019825930486,0.163,0.094,0.178106566105835,"1","RHBDD2"
7.67151479315281e-06,0.377259745731943,0.134,0.073,0.187583879722172,"1","CCDC91"
7.81047216522122e-06,0.334864393521583,0.163,0.094,0.190981665383989,"1","AGO3"
8.01581643668521e-06,0.413500959147933,0.117,0.06,0.196002743509827,"1","RAD51C"
8.11374331677315e-06,0.344648219324367,0.109,0.055,0.198397251581737,"1","ELK4"
8.11940471391158e-06,0.301248724907969,0.156,0.089,0.198535684064566,"1","UBR5"
9.62898308341128e-06,0.318169435164541,0.116,0.059,0.235447894355573,"1","NSMCE2"
9.69345409217973e-06,0.370127230996526,0.125,0.066,0.237024339461979,"1","STAG1"
9.73731203232373e-06,0.35014539890934,0.128,0.068,0.23809675381438,"1","FRMD8"
9.81551026151331e-06,0.255829203390657,0.311,0.208,0.240008856914524,"1","AMD1"
1.01720140320051e-05,0.381081445148626,0.137,0.076,0.24872608711059,"1","CLCN3"
1.05510875267336e-05,0.364509758535398,0.111,0.057,0.25799519220369,"1","ARHGEF7"
1.0618758345996e-05,0.413732263240219,0.142,0.079,0.259649879076295,"1","PCNX4"
1.0885653840116e-05,0.36562153114739,0.109,0.055,0.266176007698516,"1","PAFAH1B3"
1.10195337619763e-05,0.558247557867464,0.105,0.053,0.269449639547844,"1","INO80D"
1.11772096631145e-05,0.353597876609722,0.125,0.066,0.273305130682475,"1","NECAP1"
1.23013103370034e-05,0.425327563138876,0.136,0.075,0.300791640360407,"1","AP5Z1"
1.27104427957159e-05,0.436770937051795,0.14,0.079,0.310795747240845,"1","GTPBP4"
1.30730835897208e-05,0.603258638513148,0.105,0.054,0.319663039935852,"1","ZNF438"
1.36489399546822e-05,0.426244394013454,0.219,0.139,0.33374387977189,"1","AGFG1"
1.44011174351505e-05,0.633470305215174,0.106,0.055,0.352136123524299,"1","CLSTN1"
1.47957591876447e-05,0.335410095183315,0.142,0.079,0.361785903656287,"1","SCYL2"
1.49299348058678e-05,0.380478783406006,0.173,0.102,0.365066765873079,"1","CDK11B"
1.51179576142203e-05,0.421851711280575,0.14,0.079,0.369664299582915,"1","FAM118A"
1.5320528364245e-05,0.409899908655698,0.142,0.08,0.37461755956252,"1","GTF2F2"
1.56010536240808e-05,0.287128181951896,0.134,0.074,0.381476963216024,"1","CYP20A1"
1.63391559774539e-05,0.29292127155336,0.111,0.058,0.399525041960703,"1","SLC35F6"
1.649163981788e-05,0.486161312558358,0.131,0.072,0.403253576826802,"1","DDHD1"
1.68726027757949e-05,0.33493726115925,0.111,0.058,0.412568883073738,"1","C21orf2"
1.71459936321035e-05,0.491022959045973,0.109,0.057,0.419253836292196,"1","MTMR10"
1.71737034230521e-05,0.440023936292302,0.111,0.058,0.419931396100471,"1","IKBKE"
1.80483304927317e-05,0.417583153145059,0.137,0.077,0.441317777208275,"1","CDK9"
1.92698129610305e-05,0.346984361802028,0.116,0.061,0.471185466523118,"1","MTRNR2L12"
2.16024298073076e-05,0.40846555647726,0.134,0.076,0.528222613648284,"1","CCDC130"
2.16264134162642e-05,0.41254496199078,0.122,0.066,0.528809060854492,"1","RCHY1"
2.34213669790519e-05,0.435428292747289,0.106,0.055,0.572699265371777,"1","KCTD5"
2.3626345667599e-05,0.381428294880535,0.126,0.07,0.577711404264132,"1","MBD1"
2.4284172135505e-05,0.337374179465464,0.162,0.096,0.593796577057369,"1","RIC8A"
2.60916753417613e-05,0.276025766538301,0.28,0.188,0.637993645456747,"1","AHSA1"
2.62351385287169e-05,0.336104760516833,0.143,0.082,0.641501607304186,"1","OPA1"
2.72539445853548e-05,0.406066079329712,0.14,0.08,0.666413453001095,"1","DYRK1A"
3.16581331347895e-05,0.282891725508566,0.185,0.115,0.774104671411873,"1","MAPK7"
3.26488964461947e-05,0.561482097773094,0.162,0.099,0.798330815902352,"1","LIPN"
3.38513394763675e-05,0.2661044153615,0.131,0.074,0.827732952876139,"1","KLHL2"
3.51631166377696e-05,0.256979492013406,0.105,0.054,0.859808528026741,"1","MGA"
4.02406023859355e-05,0.607648319349328,0.102,0.053,0.983963209540894,"1","B3GALT6"
4.12567748681403e-05,0.263462282470551,0.25,0.166,1,"1","PSTPIP2"
4.7719482710027e-05,0.385247567081445,0.154,0.093,1,"1","MTHFR"
4.89925822568167e-05,0.403041839430457,0.126,0.072,1,"1","CNST"
5.32806212908447e-05,0.260428918534256,0.162,0.098,1,"1","ISY1"
5.44238799426694e-05,0.335692806463232,0.1,0.053,1,"1","MAFK"
5.45953006533057e-05,0.475302530648864,0.154,0.093,1,"1","PLEKHM1"
5.46255376460913e-05,0.257801042616813,0.109,0.059,1,"1","PIK3C2A"
5.55443170677292e-05,0.283309231511572,0.105,0.055,1,"1","COMTD1"
5.55865351882839e-05,0.341995429644536,0.117,0.065,1,"1","MINK1"
5.58956677922938e-05,0.397001764319583,0.119,0.066,1,"1","PTS"
5.71138998894257e-05,0.282338588769903,0.102,0.054,1,"1","CHERP"
5.87219488453633e-05,0.260832541626844,0.148,0.088,1,"1","LCOR"
7.17843446503576e-05,0.436558841455041,0.102,0.054,1,"1","GSE1"
7.31908744111243e-05,0.550082159676032,0.114,0.064,1,"1","MAN1A1"
7.3690338270076e-05,0.344905159041942,0.105,0.057,1,"1","MSL2"
7.63935686881891e-05,0.276146682162803,0.125,0.071,1,"1","MAPK8IP3"
7.73093424141774e-05,0.417304416227159,0.105,0.057,1,"1","CD40"
8.34596260070634e-05,0.380839555827319,0.193,0.124,1,"1","RBBP8"
8.98491603312733e-05,0.445221585416036,0.109,0.061,1,"1","SCAF8"
0.000101002852881625,0.301887421681262,0.116,0.065,1,"1","FH"
0.000109546235476882,0.326085460645591,0.12,0.068,1,"1","RPRD1A"
0.000112250997657203,0.300840484635873,0.245,0.166,1,"1","PDCL3"
0.000112293812506996,0.368481248099938,0.125,0.072,1,"1","ZDHHC6"
0.00012349419795961,0.326284236067205,0.131,0.078,1,"1","CLK4"
0.000133727456588146,0.255896045196059,0.106,0.059,1,"1","SCAMP1"
0.000139439415219791,0.469479581843766,0.12,0.07,1,"1","ARRDC3"
0.000139890704561179,0.439793992715616,0.123,0.072,1,"1","DIS3"
0.0001408637861758,0.38595944741917,0.119,0.069,1,"1","SEC24B"
0.000143323287471132,0.349055969701166,0.112,0.064,1,"1","YRDC"
0.000187275845538341,0.269756834947413,0.109,0.062,1,"1","PELI2"
0.000193194874746363,0.329500660213434,0.116,0.067,1,"1","APPBP2"
0.00019838145878696,0.322227945272745,0.108,0.061,1,"1","PMM2"
0.000208752973214912,0.474086963719504,0.128,0.077,1,"1","YIPF6"
0.000221210846705897,0.397215971507272,0.139,0.085,1,"1","CXXC1"
0.000222393421521545,0.333465314349447,0.163,0.104,1,"1","BCL2L11"
0.000292559964512907,0.347787801982383,0.151,0.096,1,"1","NTMT1"
0.000315219854689701,0.448063774259933,0.129,0.079,1,"1","SGTA"
0.000331111206757441,0.397989902893303,0.12,0.072,1,"1","SUGP2"
0.000335037985468559,0.386135281405541,0.102,0.058,1,"1","PYROXD1"
0.000387534489520458,0.366605050772625,0.108,0.063,1,"1","FMR1"
0.000389190678168524,0.386347051061619,0.716,0.651,1,"1","HLA-DQB1"
0.000401343952821105,0.310283674580135,0.146,0.093,1,"1","CHMP1A"
0.000438362199290555,0.267313519493051,0.128,0.078,1,"1","AKT2"
0.000467089891843893,0.289768867645374,0.125,0.077,1,"1","RHOT2"
0.000557817508562277,0.405815089815678,0.1,0.058,1,"1","TBRG4"
0.000640821094717565,0.288174404157428,0.111,0.067,1,"1","CCDC117"
0.000677783579934246,0.324024822492025,0.166,0.11,1,"1","CSNK1G2"
0.000710843973801983,0.279630326424538,0.111,0.067,1,"1","POLR2D"
0.000776003715021716,0.378532805069178,0.123,0.077,1,"1","SGTB"
0.000839257812280124,0.299047781408001,0.122,0.076,1,"1","STK26"
0.000851191969094455,0.47861785445197,0.1,0.06,1,"1","TFIP11"
0.000937467832957879,0.396379901778809,0.103,0.062,1,"1","TRMO"
0.000960985040356761,0.261652774498049,0.122,0.076,1,"1","XPNPEP1"
0.00102256262991377,0.254217996235823,0.193,0.133,1,"1","TTYH2"
0.0010900912419332,0.298988960224428,0.111,0.068,1,"1","GATD3B"
0.00129147503423883,0.286677872850649,0.123,0.079,1,"1","PIK3C3"
0.00143476504502441,0.302609367228702,0.166,0.112,1,"1","SRGAP2"
0.00221481895577279,0.302339077219505,0.105,0.065,1,"1","EIF1AD"
0.0023250543356767,0.257685028529548,0.847,0.774,1,"1","LGALS3"
0.0028916149159652,0.267988778691967,0.114,0.074,1,"1","GUCD1"
0.00323613687938039,0.286243338910834,0.136,0.092,1,"1","AHCTF1"
0.00434499861212296,0.281976025728908,0.122,0.082,1,"1","SRGAP2B"
0.00496368669727868,0.278762919163577,0.273,0.203,1,"1","GBP1"
0.00874725556745198,0.399972797486241,0.117,0.082,1,"1","MSR1"
1.57725222893278e-223,3.60740536649609,0.932,0.172,3.85669715018644e-219,"2","PAPSS2"
5.70480130568481e-208,5.53819680006047,0.554,0.025,1.39493801526605e-203,"2","VMO1"
8.82924768553665e-198,2.7250041024937,0.976,0.215,2.15892764406742e-193,"2","FCGR3A"
6.22560101013698e-176,3.03254474959625,0.688,0.075,1.5222839589987e-171,"2","CDKN1C"
5.16553425531501e-172,2.76301497284986,0.878,0.177,1.26307643610963e-167,"2","MTSS1"
2.37975988405617e-166,2.7508488291065,0.854,0.163,5.81898886849414e-162,"2","HES4"
9.78444455848747e-146,2.27332864755343,0.884,0.216,2.39249238344136e-141,"2","RHOC"
2.29956547268714e-144,2.19244791995669,0.991,0.498,5.6228974938146e-140,"2","C5AR1"
1.77387277707695e-142,2.46777530150902,0.869,0.227,4.33747371450857e-138,"2","SPN"
1.04157769514766e-138,2.36231421214029,0.911,0.31,2.54686578017505e-134,"2","CYTIP"
4.44022552373806e-137,4.22803900703892,0.458,0.035,1.08572394506443e-132,"2","PPP1R17"
5.141525734974e-132,1.99186616775998,0.991,0.557,1.25720587271584e-127,"2","MS4A7"
2.41477152801332e-128,3.06694938993177,0.592,0.085,5.90459934029818e-124,"2","ZNF703"
3.0989057967301e-128,2.40400993290229,0.911,0.301,7.57744445416445e-124,"2","NR4A1"
4.67788050982142e-128,2.35366933135176,0.893,0.288,1.14383534226153e-123,"2","CXCL16"
7.17762475273595e-124,2.55114212868376,0.699,0.134,1.75507280453899e-119,"2","SNX9"
6.19831168519765e-121,2.11952106155587,0.991,0.762,1.51561117326453e-116,"2","TIMP1"
8.51103247317669e-119,2.33253487831199,0.682,0.127,2.08111766034116e-114,"2","SIGLEC10"
8.57104066993004e-119,2.55793555291136,0.896,0.319,2.09579086461129e-114,"2","HMOX1"
1.18188901474703e-118,2.29157461304438,0.753,0.165,2.88995501885943e-114,"2","TCF7L2"
6.91074877441943e-112,1.76802811369056,0.952,0.316,1.68981629032104e-107,"2","CD83"
1.60556066795411e-110,2.69331476767301,0.658,0.136,3.92591694528138e-106,"2","DUSP5"
2.42480484619306e-110,2.00178254612582,0.875,0.273,5.92913280991128e-106,"2","RASSF5"
1.74663586354405e-108,2.1641135359319,0.56,0.081,4.2708740135379e-104,"2","SLC44A2"
1.05017740745039e-107,1.87867282946984,0.958,0.44,2.56789379669769e-103,"2","CD55"
6.34223399514318e-107,1.81179166507643,0.86,0.251,1.55080305649241e-102,"2","INSIG1"
2.76532777194881e-106,2.3805233943731,0.506,0.066,6.76177946796923e-102,"2","CKB"
1.08986973376513e-105,1.6543160536763,0.964,0.58,2.66494947300249e-101,"2","LYN"
1.84325809162207e-103,1.19878839459756,0.991,0.837,4.50713468563428e-99,"2","HLA-E"
5.97639846792377e-102,2.13929300214802,0.744,0.194,1.46134895337672e-97,"2","CDC42EP2"
3.02719591752372e-101,1.87983867056581,0.958,0.483,7.40209945752899e-97,"2","WARS"
9.46905262670443e-99,1.89291846005437,0.705,0.162,2.31537274828177e-94,"2","GABARAPL1"
1.71661978566248e-98,1.42012155522465,0.994,0.825,4.19747869990189e-94,"2","UBC"
1.99465425577946e-97,1.64193168113694,0.949,0.381,4.87732858623194e-93,"2","SAMSN1"
4.96042987812002e-95,2.1281166566664,0.503,0.075,1.21292431379791e-90,"2","CYFIP2"
1.53801400137107e-94,2.91065262581136,0.378,0.038,3.76075183615254e-90,"2","NEURL1"
9.61064877014209e-94,1.98345643523198,0.664,0.148,2.34999583727514e-89,"2","PAG1"
1.79552819359377e-93,1.81058427392865,0.932,0.435,4.39042553897549e-89,"2","CTSC"
8.03030564418291e-93,2.16193742972476,0.89,0.385,1.9635703361156e-88,"2","SOD1"
1.4711839750495e-91,1.14770890605093,1,0.946,3.59733905579105e-87,"2","SAT1"
3.7496436702965e-91,2.02909065821572,0.801,0.255,9.16862870260901e-87,"2","CTSL"
7.22734793232536e-91,2.5730199808904,0.515,0.091,1.7672311164122e-86,"2","CHST7"
1.90923916211929e-90,1.44080868877105,0.976,0.61,4.66847159921409e-86,"2","LILRB2"
4.55559000277173e-90,1.9451953388922,0.78,0.241,1.11393286747774e-85,"2","HSPH1"
6.68788014203892e-89,1.0353725792074,0.997,0.932,1.63532045233136e-84,"2","LST1"
8.68867254242634e-89,1.49323930072009,0.985,0.806,2.12455421007409e-84,"2","MT-ATP8"
6.42698141079218e-88,1.74818444932026,0.824,0.266,1.5715254945669e-83,"2","ICAM2"
1.21967606047377e-87,1.553090875853,0.938,0.506,2.98235190307046e-83,"2","CMTM6"
5.06333740802071e-87,1.14512855969977,0.997,0.847,1.23808726300922e-82,"2","MT-ND4L"
7.38695787314097e-87,1.51908664087639,0.949,0.508,1.80625893914043e-82,"2","RAP1B"
1.41912361412857e-86,1.41928874515477,0.967,0.587,3.47004106126717e-82,"2","NAP1L1"
1.46017796927174e-86,1.85145249561635,0.592,0.119,3.57042717046326e-82,"2","SYTL1"
4.062426424406e-85,3.63779709046872,0.333,0.033,9.93344509295755e-81,"2","PTGES"
3.1472648440068e-84,2.32235505998821,0.473,0.08,7.69569199656542e-80,"2","MAPK7"
3.55882625052684e-84,1.50240819402946,0.964,0.471,8.70204194778824e-80,"2","RNF149"
2.12596162895902e-83,1.48559028434802,0.845,0.281,5.19840137513058e-79,"2","G0S2"
2.84349917867989e-82,1.35117730297901,0.973,0.611,6.95292419170806e-78,"2","SMIM25"
1.35950521502458e-81,1.52260908713507,0.979,0.68,3.32426215177809e-77,"2","HSP90AA1"
1.65914179698149e-81,1.58350610650075,0.795,0.244,4.05693352197913e-77,"2","GCH1"
3.8048127907375e-81,1.2567276963828,0.976,0.55,9.30352823591135e-77,"2","NAMPT"
8.77490395604895e-81,1.60732526651556,0.926,0.454,2.14563951533309e-76,"2","DNAJA1"
1.67615904364725e-80,2.14695224187923,0.5,0.093,4.09854409352625e-76,"2","TTYH2"
4.89008857568014e-80,3.27014607688505,0.265,0.018,1.19572445852531e-75,"2","PTP4A3"
4.46449633320188e-78,2.9688179869963,0.292,0.025,1.09165864339452e-73,"2","PPM1N"
8.34426797047281e-78,0.900722667362466,0.997,0.903,2.04034040414001e-73,"2","SERPINA1"
2.42567125955376e-77,1.6147207218304,0.765,0.235,5.93125136386084e-73,"2","CREM"
3.02898890792652e-77,1.95849712338959,0.646,0.17,7.40648367766193e-73,"2","RIPK2"
1.65696885942148e-76,1.56126673802018,0.896,0.412,4.05162025505739e-72,"2","JPT1"
1.72474300812395e-76,0.737248156668348,1,1,4.21734160346469e-72,"2","FTH1"
9.80123713400277e-76,1.53800140806657,0.929,0.496,2.39659850400636e-71,"2","LILRA5"
6.78671449998471e-75,2.13513492047448,0.455,0.082,1.65948742953626e-70,"2","ADA"
1.08624838853554e-74,1.96295434069756,0.568,0.135,2.6560945596471e-70,"2","TBC1D8"
2.67531026087031e-74,1.7423946963266,0.708,0.222,6.54166864988009e-70,"2","CXCR4"
1.26624815724568e-71,0.732022985754529,0.997,0.981,3.09622999409713e-67,"2","PSAP"
4.26653843676705e-71,1.4505368401611,0.854,0.345,1.04325397855828e-66,"2","SELPLG"
1.40686433589338e-70,1.03709852020273,0.988,0.769,3.44006467412648e-66,"2","PTPRC"
1.73609076954154e-70,1.46455106822215,0.842,0.346,4.24508914968296e-66,"2","CSF1R"
1.24132494739763e-69,1.62754650931369,0.595,0.154,3.03528776137668e-65,"2","NR4A3"
2.41152564707109e-69,3.51475949325617,0.214,0.012,5.89666251221824e-65,"2","RGL4"
2.970513268275e-69,1.19017196457026,0.976,0.504,7.26349904358602e-65,"2","PLAUR"
7.97256989731282e-69,1.43280384823301,0.908,0.446,1.94945279129093e-64,"2","BID"
8.74356773913191e-69,1.99502582871477,0.738,0.253,2.13797718357253e-64,"2","DNAJB1"
5.18779428198088e-68,1.68125374929123,0.774,0.301,1.26851945782997e-63,"2","CLEC2B"
1.6621623652819e-67,1.41957262250649,0.911,0.492,4.0643194155873e-63,"2","PECAM1"
5.28888222158759e-67,1.42187009049719,0.881,0.368,1.2932374808226e-62,"2","CDKN1A"
5.67917008155044e-67,1.42638266719277,0.836,0.349,1.38867066834071e-62,"2","CUX1"
8.97942989298844e-67,1.78419569096686,0.524,0.119,2.19565019743353e-62,"2","SIDT2"
1.06820034156797e-66,2.22313080268846,0.393,0.068,2.611963475202e-62,"2","NOCT"
1.94129610282527e-66,1.70674254714284,0.5,0.108,4.74685723062836e-62,"2","SH2D3C"
2.17950315585473e-66,1.31237048605785,0.964,0.706,5.32932111669598e-62,"2","HSPA8"
2.26420674842873e-65,2.05969037662,0.414,0.077,5.53643834125792e-61,"2","GPR137B"
2.74225183721448e-65,1.43253167822248,0.786,0.282,6.70535419235684e-61,"2","LILRB1"
6.67628152864086e-65,1.32600219078361,0.869,0.379,1.63248435938326e-60,"2","ATP1B3"
8.00759083831029e-65,1.65814731908851,0.583,0.154,1.95801611178363e-60,"2","EVL"
8.43825675027633e-65,1.38785496919763,0.818,0.31,2.06332254057757e-60,"2","FAM49A"
2.05922111982025e-64,1.31742859311547,0.69,0.207,5.03520748218448e-60,"2","UNC119"
1.87980761156142e-63,1.77073054460113,0.53,0.132,4.59650557178997e-59,"2","ST3GAL1"
2.53396887654132e-63,1.7247030821173,0.476,0.103,6.19606069691883e-59,"2","MS4A4A"
7.77183130637084e-63,1.61407497634471,0.628,0.185,1.9003681910338e-58,"2","OSER1"
1.89034007468903e-62,0.70392982106844,0.997,0.965,4.62225955062962e-58,"2","HLA-C"
4.74434391488292e-62,1.77877661756002,0.542,0.142,1.16008697406717e-57,"2","SPATA13"
2.54583498784722e-61,1.48318291724506,0.851,0.387,6.22507571228403e-57,"2","CD86"
2.65168738624209e-61,3.029292670396,0.25,0.026,6.48390599683916e-57,"2","CLCF1"
3.03489827442006e-61,1.05059850889503,0.973,0.667,7.42093326061193e-57,"2","YWHAZ"
3.17300231909204e-61,3.4305848196109,0.199,0.013,7.75862527064387e-57,"2","TIAM2"
5.88733666185593e-60,3.84528529675408,0.193,0.013,1.43957156055701e-55,"2","FAM20A"
7.88397104752236e-60,1.42678325490669,0.61,0.171,1.92778860054017e-55,"2","MCOLN1"
1.16526312611825e-59,2.02985071132726,0.39,0.076,2.84930139598434e-55,"2","FEM1C"
1.58980097935439e-59,2.15727010737466,0.351,0.06,3.88738135471735e-55,"2","PIK3CG"
2.14917816367439e-59,1.99365307585308,0.438,0.096,5.25517044581663e-55,"2","RBBP8"
3.88508919893073e-59,1.36500707749108,0.872,0.428,9.49982010922543e-55,"2","LIMS1"
6.11026834051066e-59,1.94362129349975,0.435,0.096,1.49408281462167e-54,"2","NFATC1"
1.77458654014188e-58,1.8455409521763,0.393,0.076,4.33921900795492e-54,"2","DIRC2"
3.59076848150728e-58,1.72180567963607,0.47,0.113,8.78014709098161e-54,"2","IL3RA"
4.37975827701862e-58,1.2761003952152,0.824,0.32,1.07093849389659e-53,"2","ATP1A1"
4.47953534864766e-58,2.16676028813164,0.321,0.052,1.09533598345133e-53,"2","C1QA"
1.37655146039524e-57,1.47191781829392,0.491,0.116,3.36594363095844e-53,"2","SNX18"
1.48480659852758e-57,2.32923059387759,0.268,0.033,3.63064909471963e-53,"2","HEG1"
2.30141132634767e-57,2.03258262237124,0.286,0.039,5.62741097518533e-53,"2","LYPD2"
3.75984002885683e-57,1.85031919814148,0.461,0.111,9.19356083856071e-53,"2","CDKN1B"
1.71948349934628e-56,1.83929344199014,0.399,0.082,4.20448105260153e-52,"2","ADGRE3"
4.42313132639091e-56,0.903124101809358,0.988,0.6,1.08154407192911e-51,"2","SOD2"
1.73899470690263e-55,1.98460634124208,0.375,0.074,4.25218985731832e-51,"2","PHTF2"
1.86299782841469e-55,1.35727777784276,0.708,0.258,4.5554022900396e-51,"2","CD47"
3.24024178321411e-54,1.80808720112663,0.485,0.13,7.92303920831515e-50,"2","TICAM1"
4.11669632189425e-54,1.07860856730344,0.932,0.562,1.00661458462958e-49,"2","PILRA"
5.50416839843476e-54,1.40884706590754,0.423,0.092,1.34587925678527e-49,"2","P2RX1"
5.77862904858426e-54,0.960814041040334,0.967,0.706,1.41299037495982e-49,"2","ASAH1"
6.59239377811341e-54,1.5481328684268,0.595,0.19,1.61197212662429e-49,"2","RNF144B"
1.69752229600438e-53,1.80594615151086,0.363,0.07,4.15078151818992e-49,"2","ADGRE1"
1.99654683213102e-53,1.10062157129997,0.899,0.421,4.88195631392676e-49,"2","UBE2B"
2.05270852541316e-53,2.27650945050627,0.247,0.03,5.01928288634026e-49,"2","FCGR3B"
4.96828673390617e-53,1.35084033447691,0.634,0.214,1.21484547217474e-48,"2","BIRC3"
1.82866862345028e-52,1.09355645893207,0.938,0.543,4.47146051806062e-48,"2","BCL2A1"
2.54611400623354e-52,1.65287689495091,0.464,0.118,6.22575796804226e-48,"2","ADK"
5.29871596749642e-52,1.26724244421674,0.646,0.214,1.29564202837222e-47,"2","SLC2A6"
1.49654569689234e-51,2.11711308280349,0.363,0.077,3.65935353804116e-47,"2","PLD4"
1.61341408613486e-51,1.36521721877018,0.67,0.239,3.94512012341695e-47,"2","GNG2"
5.31416714378693e-51,0.505110205253188,0.997,0.999,1.29942014999878e-46,"2","MT-CO1"
7.24015361596894e-51,1.81284222726247,0.366,0.076,1.77036236217673e-46,"2","LIPN"
9.3766233393372e-51,1.45929201919058,0.479,0.124,2.29277193893473e-46,"2","TMC6"
9.45188459960665e-51,1.02931126787764,0.932,0.623,2.31117482229582e-46,"2","TNFRSF1B"
1.19349765967729e-50,1.31109945033235,0.786,0.33,2.91834047744292e-46,"2","HSPD1"
1.20737348469815e-50,0.54153768512796,0.997,0.982,2.95226964478392e-46,"2","FCER1G"
2.74703869760356e-50,1.40599618444872,0.458,0.115,6.71705902338023e-46,"2","LTB"
3.49656520722275e-50,1.33783290264944,0.676,0.251,8.54980124470106e-46,"2","ADGRE2"
5.18896835673635e-50,1.40450936984982,0.551,0.163,1.26880654258917e-45,"2","C12orf57"
6.96036159925522e-50,0.910719286636529,0.97,0.695,1.70194761824989e-45,"2","LRRFIP1"
1.22091983561722e-49,1.89227682273311,0.438,0.117,2.98539318205124e-45,"2","AVPI1"
1.41286826611294e-49,1.71714686971677,0.804,0.406,3.45474548429936e-45,"2","HSPA1A"
6.12681206719721e-49,1.79889000767028,0.33,0.064,1.49812808667106e-44,"2","CNEP1R1"
8.22615816719657e-49,1.37939225168107,0.452,0.114,2.01146019504291e-44,"2","CALML4"
1.52071262135855e-48,1.1264234394958,0.955,0.6,3.71844650174593e-44,"2","HSP90AB1"
1.8912709447679e-48,1.06216185473508,0.777,0.307,4.62453571414646e-44,"2","SLC43A2"
5.67285775115924e-48,1.04299999182981,0.935,0.576,1.38712717731346e-43,"2","MAFB"
5.7090494736451e-48,1.29333171790367,0.634,0.227,1.3959767772957e-43,"2","ISG20"
6.75397733711168e-48,2.0995950340369,0.312,0.059,1.65148253847055e-43,"2","UBASH3B"
7.88088383331583e-48,1.08125084649231,0.812,0.359,1.92703371492239e-43,"2","LRRC25"
8.47208572512501e-48,1.05427901231819,0.795,0.314,2.07159440150757e-43,"2","FOSL2"
9.79784213593675e-48,1.22223651428301,0.714,0.275,2.39576835907925e-43,"2","SEC14L1"
1.05785662176856e-47,1.03672659361844,0.857,0.416,2.58667101154847e-43,"2","RGS2"
1.71719202067653e-47,1.40886571362819,0.577,0.19,4.19887792895824e-43,"2","FAM110A"
1.79553597915003e-47,1.7627509322398,0.327,0.067,4.39044457621766e-43,"2","AC016831.7"
3.0597640333268e-47,1.25986689244383,0.735,0.306,7.48173501429069e-43,"2","SLC31A2"
3.39958278458626e-47,1.1213996598362,0.735,0.286,8.31265982487033e-43,"2","PIK3AP1"
3.92633362175853e-47,1.35693718226478,0.554,0.178,9.60067097192396e-43,"2","SEPT6"
9.83790883725861e-47,1.24972251084803,0.545,0.165,2.40556546888647e-42,"2","HBEGF"
1.20643319904925e-46,1.5155894921786,0.482,0.139,2.94997045831523e-42,"2","NEDD9"
1.36056423648662e-46,1.25333090065531,0.613,0.209,3.32685167105709e-42,"2","LPCAT1"
1.86786275604109e-46,0.557977539943903,0.997,0.958,4.56729801107168e-42,"2","COTL1"
6.94858491848125e-46,1.79838401478606,0.467,0.141,1.69906798426703e-41,"2","RBKS"
1.50950163619922e-45,1.09780943015761,0.804,0.376,3.69103340083434e-41,"2","MYD88"
1.66883996217769e-45,2.14214877056591,0.283,0.051,4.08064747551688e-41,"2","SFMBT2"
2.23909933956755e-45,1.47791952484902,0.5,0.151,5.47504570511058e-41,"2","PFKFB3"
4.83756732618324e-45,0.869472302535266,0.961,0.661,1.18288196259832e-40,"2","PTP4A2"
5.4453090711514e-45,1.74895001343796,0.36,0.082,1.33148697407794e-40,"2","ARAP2"
8.93395941339997e-45,0.814534112923723,0.964,0.769,2.18453175576456e-40,"2","CD68"
1.01237512784044e-44,0.836827767508807,0.976,0.766,2.47545966259544e-40,"2","BTG1"
1.36916445866225e-44,1.25872771052585,0.583,0.2,3.34788093432093e-40,"2","NR4A2"
4.6205578995762e-44,0.915173000990687,0.887,0.418,1.12981881760437e-39,"2","NFE2L2"
4.65651723423597e-44,2.04470847267012,0.295,0.057,1.13861159411538e-39,"2","CHST2"
1.0229549184513e-43,2.85866960952835,0.182,0.019,2.50132936659711e-39,"2","CASP5"
2.2561492636598e-43,1.03013769809571,0.631,0.223,5.51673617950094e-39,"2","PDE4B"
2.77145279050843e-43,1.14108520193682,0.744,0.327,6.77675636335121e-39,"2","RNF13"
3.38638663774045e-43,1.31479816988924,0.39,0.094,8.28039260660294e-39,"2","LINC02432"
3.68112379253806e-43,2.83319510273342,0.217,0.031,9.00108389751405e-39,"2","SYN1"
5.30681506696963e-43,1.09692286890775,0.726,0.304,1.29762242017542e-38,"2","OAS1"
5.65023054149331e-43,0.984810651434023,0.905,0.512,1.38159437200594e-38,"2","SYNGR2"
6.72377073532e-43,1.59995080377791,0.324,0.069,1.64409642020045e-38,"2","AHCTF1"
1.07243872574062e-42,1.53186997257311,0.411,0.111,2.62232717218095e-38,"2","AC090559.1"
1.80584414340945e-42,1.25907750137181,0.524,0.175,4.41565009946479e-38,"2","HSPB1"
2.66607745896084e-42,2.40769215358852,0.247,0.042,6.51909260265105e-38,"2","CYSLTR2"
6.64724209065942e-42,1.50662317488726,0.318,0.069,1.62538363600804e-37,"2","TFRC"
8.0410906284996e-42,1.49596483985927,0.345,0.081,1.96620748048072e-37,"2","RFTN1"
8.81236459767982e-42,1.78717910843764,0.277,0.052,2.15479939142467e-37,"2","ICAM4"
1.06048069778854e-41,1.24143116983038,0.726,0.325,2.59308740223253e-37,"2","SLC16A3"
1.36279534257291e-41,0.799923120590116,0.887,0.423,3.33230717165927e-37,"2","ATP2B1"
2.0619173091927e-41,1.480824121233,0.39,0.103,5.041800204438e-37,"2","PTGER4"
2.73540999863579e-41,0.968187267855327,0.866,0.432,6.68862452866422e-37,"2","STX11"
2.73620282860062e-41,1.05373065870132,0.595,0.203,6.69056315649424e-37,"2","CAMK1"
3.06730193346029e-41,0.630432079006118,0.994,0.894,7.5001666876971e-37,"2","IFITM2"
3.72495567355051e-41,1.11726699931239,0.601,0.217,9.10826161296572e-37,"2","SKIL"
6.43008688506153e-41,1.76375175696684,0.351,0.087,1.57228484513524e-36,"2","ODC1"
7.21608526441234e-41,1.85083771342487,0.271,0.052,1.76447716885411e-36,"2","MS4A14"
8.06478323807734e-41,1.20885626158965,0.568,0.2,1.97200079737467e-36,"2","FPR2"
1.08801841332717e-40,1.44592583681329,0.318,0.069,2.66042262426761e-36,"2","RAP1GAP2"
1.36931752340442e-40,1.05532730744518,0.702,0.283,3.34825520822849e-36,"2","TACC1"
1.40162151287637e-40,1.00301250253319,0.622,0.222,3.42724492328531e-36,"2","ABI3"
1.57100709597518e-40,1.49317806932471,0.39,0.105,3.8414265510785e-36,"2","HEXIM1"
1.66861628581659e-40,1.18404917721763,0.545,0.189,4.08010054207873e-36,"2","ATF3"
1.72023553915052e-40,1.07519100883017,0.542,0.18,4.20631994033086e-36,"2","EML4"
2.37956198041726e-40,0.835557919493572,0.827,0.377,5.81850495451628e-36,"2","MYO1G"
9.32074406025283e-40,1.15888858276606,0.586,0.211,2.27910833761302e-35,"2","GNA13"
1.06035219745603e-39,1.04666781528821,0.744,0.316,2.59277319321949e-35,"2","CHD1"
1.60173340593154e-39,1.7304707837852,0.28,0.057,3.91655852418381e-35,"2","MAGED2"
1.78906990879747e-39,1.05468947711868,0.622,0.231,4.37463374099158e-35,"2","ITGAL"
1.86649805335354e-39,1.17825058445996,0.735,0.329,4.56396104006009e-35,"2","RHOB"
5.05946983059802e-39,1.03713075405809,0.515,0.163,1.23714156297783e-34,"2","AP2A1"
6.12574106213415e-39,1.23830988190204,0.36,0.089,1.49786620451304e-34,"2","RHOF"
7.15095556291973e-39,1.26773963292432,0.348,0.085,1.74855165424513e-34,"2","TBC1D10C"
9.28833407375936e-39,1.04391549482211,0.83,0.418,2.27118344771564e-34,"2","SELENOK"
1.63237808801056e-38,0.965964401915911,0.821,0.402,3.99149090080343e-34,"2","RAB10"
3.45608468660406e-38,0.709427166612175,0.976,0.75,8.45081827568425e-34,"2","TPM3"
4.28193939295462e-38,2.59735223828562,0.176,0.022,1.04701982036526e-33,"2","TRAF4"
5.31086409014154e-38,1.40581371808711,0.473,0.154,1.29861248732141e-33,"2","GLA"
5.72140070477452e-38,1.69012084097885,0.315,0.076,1.39899690033147e-33,"2","SLAMF7"
6.28919083279884e-38,1.47151085200319,0.375,0.103,1.53783294243597e-33,"2","IPMK"
1.06444227370617e-37,0.947423824479162,0.869,0.452,2.60277424766634e-33,"2","REL"
1.25855091488357e-37,0.769390928261852,0.958,0.683,3.0774086970733e-33,"2","PGK1"
1.53917796615938e-37,1.07351099294028,0.723,0.314,3.76359796285292e-33,"2","TUBB4B"
1.66645299287631e-37,1.11642671577822,0.482,0.158,4.07481085818115e-33,"2","JOSD1"
2.26585235092486e-37,1.0417390416123,0.798,0.395,5.54046216848147e-33,"2","NFKBIZ"
2.29655221167969e-37,0.995498592587697,0.902,0.547,5.61552946799917e-33,"2","WSB1"
3.2841500697776e-37,1.17898581989876,0.339,0.082,8.0304037506202e-33,"2","CD79B"
3.82354503602067e-37,1.6812075722955,0.238,0.043,9.34933232207775e-33,"2","AC119396.1"
3.87470884951948e-37,0.582056663631709,0.982,0.878,9.47443807884502e-33,"2","YBX1"
3.92574356008906e-37,1.10546293240672,0.467,0.146,9.59922815312977e-33,"2","DEDD2"
4.9023872672752e-37,0.936775020424105,0.801,0.394,1.19873173459413e-32,"2","HERPUD1"
8.94653226187356e-37,0.837893148407352,0.926,0.537,2.18760606867332e-32,"2","PTPN6"
9.2598155466984e-37,1.21199636767046,0.536,0.197,2.26421009747869e-32,"2","RASGEF1B"
9.94142186745498e-37,1.0730003087498,0.503,0.167,2.43087647503009e-32,"2","AHSA1"
1.03019887524629e-36,1.11094415896893,0.408,0.122,2.51904228975222e-32,"2","TWISTNB"
1.08737405529369e-36,1.73808048491988,0.301,0.07,2.65884704000413e-32,"2","AL139246.5"
1.22312925140057e-36,1.10095649504221,0.363,0.094,2.99079564552467e-32,"2","SVIL"
1.24501258529433e-36,1.54081315238221,0.351,0.096,3.0443047735617e-32,"2","SLC25A33"
1.58011104059127e-36,0.996359350661185,0.673,0.272,3.86368751645378e-32,"2","SERPINB9"
1.63788712784311e-36,0.86552691690664,0.738,0.32,4.00496160500198e-32,"2","BIN2"
1.66858992557286e-36,1.49684730217612,0.369,0.102,4.08003608601075e-32,"2","CLIP4"
1.79311975674148e-36,1.71573875696517,0.31,0.076,4.38453642918427e-32,"2","BORCS5"
2.00204850252892e-36,1.64726444905319,0.286,0.064,4.89540899838371e-32,"2","KLF11"
3.03677883440882e-36,0.847559546598628,0.881,0.477,7.42553160589644e-32,"2","VASP"
3.22984698809967e-36,2.71531021415001,0.131,0.011,7.8976218553013e-32,"2","PRR5"
3.48778897559906e-36,0.764578533458738,0.943,0.651,8.52834160313481e-32,"2","RNASET2"
3.49609770940582e-36,0.87769234537573,0.777,0.361,8.54865811903912e-32,"2","NAAA"
3.63950062854533e-36,1.68665490647548,0.28,0.061,8.89930693691904e-32,"2","MSR1"
5.03018397028848e-36,1.29435161045446,0.378,0.106,1.22998058441494e-31,"2","RAPGEF1"
5.41838609079826e-36,0.88472035514493,0.824,0.418,1.32490376692199e-31,"2","SEPT9"
5.56464820926323e-36,1.4250505677324,0.336,0.086,1.36066778012905e-31,"2","BCL2L11"
6.88147142366928e-36,1.67761570907453,0.372,0.108,1.68265739251561e-31,"2","KMO"
8.37879550580732e-36,1.72086545263451,0.238,0.045,2.04878307708001e-31,"2","AC011899.2"
1.43587400485091e-35,2.89450058236332,0.152,0.017,3.51099911666145e-31,"2","IL21R"
2.18975882810486e-35,0.887088386998275,0.857,0.5,5.354398286482e-31,"2","MGAT1"
2.33232170017731e-35,0.683744402175947,0.991,0.882,5.70299302127357e-31,"2","EMP3"
2.5185846289022e-35,0.894429964210379,0.78,0.385,6.15844313459166e-31,"2","EZR"
3.35103824320669e-35,2.77911890818838,0.149,0.016,8.193958712289e-31,"2","ADORA2A"
6.89249864697251e-35,1.04379922247414,0.411,0.124,1.68535376915772e-30,"2","PELI1"
7.71230693052221e-35,1.2356215427723,0.446,0.144,1.88581329065129e-30,"2","MAPRE2"
1.02546822863848e-34,0.588468001398855,0.991,0.974,2.5074749126668e-30,"2","MT-CYB"
1.02875779143853e-34,1.28536157753339,0.357,0.098,2.5155185516255e-30,"2","APH1B"
1.06367235154566e-34,0.785050202029742,0.905,0.498,2.60089163399944e-30,"2","CIRBP"
1.13139938998846e-34,0.465564089700982,1,0.972,2.76649778839979e-30,"2","SRGN"
1.76681884931236e-34,0.548097103067168,0.973,0.867,4.32022545033858e-30,"2","ARPC2"
2.00687952411581e-34,0.934599413761141,0.571,0.213,4.90722181236797e-30,"2","ACOT9"
2.3808501408123e-34,0.914163930432721,0.702,0.304,5.82165476431425e-30,"2","RIN3"
5.48717669031807e-34,0.924315060037054,0.557,0.205,1.34172444431657e-29,"2","TMEM9B"
7.15708944434347e-34,1.43198611128232,0.357,0.103,1.75005151093087e-29,"2","FKBP4"
8.77320955527059e-34,1.17138851323006,0.554,0.218,2.14522520045476e-29,"2","RAB20"
9.21672122515255e-34,1.10318543730918,0.491,0.171,2.2536726739743e-29,"2","STIP1"
1.2042332129069e-33,1.36572104092127,0.438,0.146,2.94459105219996e-29,"2","NEU1"
1.51303434553531e-33,0.966478825544205,0.619,0.248,3.69967158170293e-29,"2","CD300A"
1.63432689074118e-33,0.840527061576687,0.661,0.271,3.99625611324034e-29,"2","LILRA1"
1.97220378148905e-33,1.29370463027048,0.333,0.088,4.82243268649702e-29,"2","SMPDL3A"
2.0408444328026e-33,1.15180785078479,0.56,0.22,4.99027280708892e-29,"2","CACYBP"
2.22518384073205e-33,0.980620695235886,0.637,0.262,5.44101952735802e-29,"2","SNN"
2.57832787058526e-33,2.76047287880911,0.116,0.009,6.30452730915508e-29,"2","CYP4F22"
2.77872465025039e-33,1.01395321209888,0.542,0.211,6.79453751479224e-29,"2","CCRL2"
3.26812147518125e-33,2.16201555633824,0.196,0.033,7.99121063111319e-29,"2","PPM1L"
3.61495187160974e-33,2.47455552486362,0.17,0.024,8.83928031646013e-29,"2","RASL11A"
4.30482199517388e-33,0.623425828223105,0.982,0.854,1.05261507425992e-28,"2","MT-ND5"
5.57131051646178e-33,1.85761280902256,0.19,0.031,1.36229684748524e-28,"2","AP000547.3"
8.96313913966107e-33,1.80031366053011,0.274,0.066,2.19166678242993e-28,"2","ANKRD37"
1.0576293781596e-32,2.95435563523615,0.116,0.009,2.58611535547587e-28,"2","SETBP1"
1.06462592953044e-32,0.938778610032657,0.58,0.228,2.60322332288782e-28,"2","PCGF5"
1.11751164635923e-32,0.986616825493995,0.476,0.167,2.73253947767758e-28,"2","DSTN"
1.19433183451819e-32,1.2056815585569,0.423,0.14,2.92038020176389e-28,"2","HSPA1B"
1.47460152957998e-32,1.17741829657692,0.408,0.131,3.60569566012896e-28,"2","SNX20"
1.60563960601803e-32,0.81902592630574,0.562,0.209,3.9261099646353e-28,"2","SUN2"
2.92523603640717e-32,1.20793564844565,0.438,0.144,7.15278715622282e-28,"2","MYOF"
2.96989688834642e-32,1.33758960833304,0.289,0.072,7.26199187138466e-28,"2","LPCAT3"
2.99633820813587e-32,0.878587636248384,0.884,0.509,7.32664618653384e-28,"2","NINJ1"
3.10657045124439e-32,1.18470093410535,0.312,0.081,7.59618606738277e-28,"2","CDH23"
5.05719770669986e-32,0.873250663238716,0.905,0.636,1.23658598324225e-27,"2","CD52"
5.23206155374607e-32,1.01899868930869,0.783,0.389,1.27934369112199e-27,"2","HSPE1"
6.24646525450405e-32,1.99057932032924,0.214,0.042,1.52738568403133e-27,"2","EPS8"
6.465254797068e-32,1.0507891025434,0.467,0.164,1.58088410297907e-27,"2","SNHG15"
7.78994873776997e-32,1.41746662919343,0.307,0.083,1.90479826535951e-27,"2","HIVEP1"
1.02106662247537e-31,1.01917379683048,0.429,0.144,2.49671210527677e-27,"2","IFRD1"
1.24154326595846e-31,0.792019505629582,0.914,0.597,3.03582159392162e-27,"2","HCK"
1.25045421506138e-31,1.22540745578303,0.31,0.081,3.05761064666808e-27,"2","PITPNM1"
1.39909868035922e-31,0.711697759419213,0.929,0.617,3.42107609321436e-27,"2","MSN"
2.2767474661599e-31,0.810512450558704,0.601,0.236,5.56710290425418e-27,"2","RABGAP1L"
3.36171853855371e-31,0.809562982175702,0.696,0.301,8.22007417047153e-27,"2","MAPKAPK3"
3.52843751832266e-31,1.39116353683866,0.262,0.061,8.62773541980258e-27,"2","MFAP1"
3.53156396025384e-31,0.848497949179264,0.53,0.198,8.63538019561269e-27,"2","PDLIM5"
3.53511370200951e-31,2.49872829659725,0.143,0.018,8.64406002415365e-27,"2","GUCY1B1"
4.4329071712649e-31,0.951569949034601,0.458,0.157,1.08393446151769e-26,"2","CACUL1"
5.25965845200086e-31,2.4612666440672,0.149,0.02,1.28609168468325e-26,"2","ZSCAN16"
7.17456493042201e-31,0.384253632804825,0.997,0.989,1.75432461678679e-26,"2","EIF1"
7.70042351904819e-31,0.766367087842137,0.905,0.531,1.88290755887766e-26,"2","ACTR3"
8.45959467773251e-31,0.752248481310031,0.744,0.334,2.06854009059915e-26,"2","IFNGR1"
1.00076387568621e-30,0.983506162282431,0.533,0.203,2.44706782882792e-26,"2","EIF4A3"
1.1112009058854e-30,0.746739729596607,0.961,0.665,2.71710845507099e-26,"2","UBB"
1.32916757580026e-30,1.10706961540014,0.378,0.118,3.2500805563468e-26,"2","MPDU1"
1.44026692448384e-30,1.08220368859815,0.417,0.137,3.52174068374788e-26,"2","CHORDC1"
1.68770192934546e-30,0.73781665023454,0.973,0.713,4.12676875763551e-26,"2","CRIP1"
1.75314625357102e-30,0.8276643947007,0.801,0.404,4.28679321923185e-26,"2","ELF1"
1.80071029586457e-30,0.817321179790032,0.527,0.201,4.40309681544803e-26,"2","ERGIC1"
1.89551346571361e-30,0.82030353642683,0.562,0.219,4.63490952636292e-26,"2","PSEN1"
2.01997311923667e-30,0.857025625095698,0.571,0.232,4.93923827115752e-26,"2","PFKL"
2.17419982479344e-30,0.859575045780439,0.762,0.37,5.31635341158492e-26,"2","M6PR"
2.22414405773683e-30,0.850589748265983,0.699,0.321,5.43847704997809e-26,"2","ITGA4"
2.30225074678107e-30,0.790645525945631,0.717,0.326,5.62946352602908e-26,"2","CYCS"
2.4736146967386e-30,1.79364117559978,0.289,0.078,6.04848265646523e-26,"2","FFAR2"
2.50858267294539e-30,0.809368913005001,0.673,0.296,6.13398635188606e-26,"2","STK10"
2.63113748960883e-30,1.28449496575203,0.354,0.108,6.4336573895915e-26,"2","TXNRD1"
2.82840766502484e-30,1.0359937314079,0.506,0.196,6.91602242251875e-26,"2","HBP1"
3.32608701865855e-30,0.92971368678751,0.881,0.52,8.13294797802389e-26,"2","TSC22D3"
3.72514250130712e-30,2.47802112565416,0.143,0.019,9.10871844419617e-26,"2","AL157402.2"
4.4116007396418e-30,0.707791041703631,0.938,0.647,1.07872461285721e-25,"2","SARAF"
4.60444209951179e-30,0.922376446662037,0.435,0.149,1.12587818217262e-25,"2","MRPS35"
5.17852069669207e-30,0.983541674998209,0.473,0.168,1.26625188075514e-25,"2","SMAD2"
5.21448550326335e-30,1.37031530496397,0.256,0.061,1.27504599525795e-25,"2","TSTD1"
5.76905817251364e-30,1.41222721423729,0.307,0.085,1.41065010434304e-25,"2","VDR"
6.24402910792471e-30,2.32302401821737,0.324,0.101,1.52678999746975e-25,"2","MT1E"
6.35444291016368e-30,1.2217050506172,0.372,0.117,1.55378838039322e-25,"2","SWAP70"
6.70199626377143e-30,0.879413508477053,0.458,0.16,1.63877212641739e-25,"2","SLU7"
7.09571886668368e-30,1.87177922304289,0.205,0.041,1.73504517728149e-25,"2","USP11"
7.29822709012567e-30,2.77371037924019,0.125,0.013,1.78456248807753e-25,"2","SCGB3A1"
7.41030653092224e-30,1.10703999768588,0.616,0.266,1.81196815294111e-25,"2","GTF2B"
7.62400191549987e-30,1.01713826795691,0.658,0.302,1.86422094837803e-25,"2","IER5"
7.85626604422442e-30,2.54351667618952,0.149,0.021,1.92101417313376e-25,"2","OSGIN1"
7.94173113649888e-30,1.51319690049488,0.277,0.072,1.94191209749671e-25,"2","CASP3"
1.2989913565788e-29,0.88364873388559,0.423,0.139,3.17629366510648e-25,"2","LMBRD1"
1.3884708877251e-29,1.22678952656994,0.289,0.075,3.39508901466541e-25,"2","AC064805.1"
1.48519804472908e-29,0.935226426946237,0.562,0.23,3.63160625897154e-25,"2","NFKB2"
1.50379559360116e-29,1.87022029862532,0.202,0.04,3.67708098547356e-25,"2","NR1D2"
1.52535638366972e-29,1.02305925514838,0.539,0.217,3.7298014293492e-25,"2","PPP1R10"
1.76349647542325e-29,0.631258763288319,0.426,0.149,4.31210158170494e-25,"2","CCL4"
2.12454977047731e-29,0.9946262737168,0.548,0.222,5.19494909877111e-25,"2","ARL4A"
2.40387024311124e-29,0.92196483615194,0.58,0.242,5.87794351845562e-25,"2","KRAS"
2.98350080739315e-29,0.759585336088968,0.688,0.311,7.29525617423774e-25,"2","ACAA1"
3.22806973699928e-29,1.08375241076355,0.426,0.148,7.89327612091064e-25,"2","TMBIM1"
3.46773378074065e-29,0.920096155930208,0.664,0.314,8.47930264066704e-25,"2","AKIRIN2"
4.03258643497544e-29,1.60375643137139,0.223,0.048,9.86048035080194e-25,"2","IRF2BPL"
7.07762189275488e-29,1.03984940261341,0.366,0.115,1.73062010521642e-24,"2","WDR11"
7.31818453746588e-29,0.823369898305212,0.491,0.18,1.78944248310116e-24,"2","IL10RB"
7.58316632518123e-29,0.898873391099689,0.435,0.15,1.85423582983331e-24,"2","AP1M1"
7.63270962738253e-29,0.991319782879616,0.53,0.215,1.86635015808758e-24,"2","POLR2A"
1.15773668111089e-28,0.879503992511894,0.485,0.179,2.83089773265235e-24,"2","NDUFA5"
1.15778864963637e-28,1.82740036991162,0.188,0.036,2.83102480609086e-24,"2","HAUS8"
1.26733238557698e-28,1.8254604603437,0.22,0.048,3.09888114921284e-24,"2","TNFRSF8"
1.58339964692132e-28,0.849423442446038,0.667,0.307,3.87172881665202e-24,"2","CTNNB1"
1.63505181290415e-28,1.87735170230727,0.152,0.022,3.99802869291324e-24,"2","LINC02384"
1.7992266304783e-28,0.781397483840627,0.708,0.329,4.39946895684554e-24,"2","TAOK3"
1.92665670001503e-28,0.929765878306898,0.515,0.203,4.71106096287674e-24,"2","RALB"
2.10758390535078e-28,0.892903079422463,0.622,0.279,5.15346416536372e-24,"2","MARCKSL1"
4.5603188953068e-28,1.50942775681727,0.271,0.073,1.11508917628042e-23,"2","BAG3"
5.25197250208831e-28,1.14793774214052,0.348,0.111,1.28421231621063e-23,"2","TMEM189"
5.75853292674988e-28,0.629346245917269,0.345,0.104,1.40807647124888e-23,"2","IFIT2"
6.12375324161788e-28,0.838777970874422,0.369,0.118,1.4973801426404e-23,"2","OSTM1"
7.77562082615922e-28,1.40845305093959,0.289,0.081,1.90129480441245e-23,"2","ABHD16A"
8.51110272219431e-28,0.755916622481468,0.795,0.404,2.08113483763095e-23,"2","LAPTM4A"
8.52861681531588e-28,0.892084533821942,0.61,0.272,2.08541738368104e-23,"2","TES"
1.3181760525709e-27,0.917589638788548,0.411,0.142,3.22320408374635e-23,"2","NBN"
1.31948624030459e-27,1.34186976967946,0.601,0.297,3.22640775479279e-23,"2","APOBEC3A"
1.34000818831177e-27,1.22301612869713,0.283,0.078,3.27658802205995e-23,"2","BATF3"
1.81790996090456e-27,0.796090060751633,0.815,0.465,4.44515343640383e-23,"2","PTGES3"
1.83975484822729e-27,0.793520559851681,0.562,0.236,4.49856855488538e-23,"2","TLE4"
1.98931576849245e-27,0.706554159403383,0.595,0.252,4.86427491711774e-23,"2","TESC"
2.15073324236589e-27,1.14033087223671,0.336,0.105,5.25897292423309e-23,"2","FBXO34"
2.80898131602042e-27,1.70318826256811,0.241,0.061,6.86852111393314e-23,"2","TGM2"
3.09453858905994e-27,1.02193720686739,0.378,0.127,7.56676575796937e-23,"2","TENT5A"
3.1288451663121e-27,0.807925921136307,0.5,0.192,7.65065220066634e-23,"2","SNAP29"
3.13348762708004e-27,0.966808761007726,0.381,0.128,7.66200394573613e-23,"2","LINC00877"
3.61635097702547e-27,0.792490506652006,0.452,0.166,8.84270140902268e-23,"2","SP3"
3.70503048696765e-27,0.91418347820418,0.417,0.146,9.0595405467333e-23,"2","VAV1"
3.92277072657642e-27,2.03163935151599,0.152,0.024,9.59195898062466e-23,"2","FMNL2"
4.05690246926996e-27,0.742277347914857,0.685,0.312,9.91993791785891e-23,"2","BCL3"
4.20808383423467e-27,0.994081903011877,0.568,0.24,1.02896065914706e-22,"2","MRPL18"
5.15002873455109e-27,2.18452825717159,0.113,0.012,1.25928502617243e-22,"2","L1TD1"
6.18363730109392e-27,0.836353710623915,0.818,0.47,1.51202299286349e-22,"2","TUBA1B"
6.60538803581492e-27,0.716242397108325,0.5,0.191,1.61514948251746e-22,"2","DAPK1"
7.49792840928069e-27,1.20750881840459,0.312,0.094,1.83339345463731e-22,"2","CDIP1"
8.71660930363219e-27,0.827269426798582,0.536,0.215,2.13138530692414e-22,"2","PDCD4"
8.72594655551066e-27,0.876914759249785,0.554,0.235,2.13366845175347e-22,"2","TCP1"
9.03664771665831e-27,0.595222958387554,0.699,0.309,2.20964109967729e-22,"2","ANXA11"
9.22092457645173e-27,1.18533067290207,0.292,0.084,2.25470047743398e-22,"2","BCAT1"
9.75393669677978e-27,1.48851092381635,0.211,0.047,2.38503260109659e-22,"2","CKS1B"
9.75992541635583e-27,0.699950910305708,0.839,0.463,2.38649696280733e-22,"2","MTPN"
1.00425670008398e-26,1.26269537312578,0.28,0.08,2.45560848304535e-22,"2","PPID"
1.40189712369431e-26,0.781974926260634,0.536,0.216,3.42791884685732e-22,"2","GRK6"
1.71840657686544e-26,0.930107912016286,0.479,0.189,4.20184776175137e-22,"2","METRNL"
1.78729197275947e-26,0.795977346051226,0.598,0.264,4.37028633179145e-22,"2","CDK2AP2"
1.80368513424854e-26,0.691882131064569,0.711,0.334,4.41037089026452e-22,"2","UBE2J1"
1.8358082463209e-26,0.968132650030701,0.393,0.139,4.48891832390387e-22,"2","NFAT5"
1.85509331287971e-26,1.27819234093994,0.196,0.041,4.53607416865347e-22,"2","FAM172A"
2.10262154437447e-26,0.921680139872872,0.399,0.14,5.14133020030446e-22,"2","BCAS2"
2.41818680813326e-26,0.749763644848267,0.753,0.373,5.91295038324744e-22,"2","ITGB1"
2.63924338412328e-26,1.52592212095328,0.211,0.048,6.45347792285825e-22,"2","PDE8A"
2.65442496431671e-26,0.590768821622417,0.964,0.765,6.49059992274722e-22,"2","CALM2"
3.15022267168359e-26,2.22003463063263,0.125,0.016,7.70292447680071e-22,"2","PRR5L"
4.34538663314775e-26,0.640119985357967,0.875,0.546,1.06253393953729e-21,"2","DRAP1"
4.42348156552505e-26,0.83534190551765,0.512,0.209,1.08162971240219e-21,"2","FOXO3"
4.98761325430331e-26,0.632456995587499,0.914,0.609,1.21957119294225e-21,"2","CAPZB"
6.03198658939068e-26,0.480285178248462,0.661,0.299,1.47494136083781e-21,"2","BASP1"
6.84581540546661e-26,0.64988305277451,0.61,0.257,1.6739387829447e-21,"2","ERP44"
7.13007932390537e-26,1.60753674180499,0.238,0.062,1.74344699628134e-21,"2","SLC35E3"
1.28877175208211e-25,1.03165888392501,0.363,0.124,3.15130468819118e-21,"2","FAM13B"
1.3494296334308e-25,0.690584713618985,0.818,0.436,3.29962533966499e-21,"2","CAPZA2"
1.91019721417067e-25,0.710091265700617,0.804,0.443,4.67081422809013e-21,"2","LCP2"
2.05991952459836e-25,0.732126986800812,0.446,0.167,5.03691522154791e-21,"2","RAB6A"
2.24129563993588e-25,0.867534238353182,0.491,0.198,5.48041609877121e-21,"2","MALT1"
2.29660111663996e-25,0.743701125509718,0.497,0.199,5.61564905040802e-21,"2","G3BP2"
2.73122431896652e-25,0.821932098935841,0.354,0.117,6.67838970473693e-21,"2","ALDH16A1"
2.80724354102364e-25,0.821078768360048,0.554,0.233,6.86427190651101e-21,"2","UTRN"
2.83299657118113e-25,0.787321972873238,0.571,0.253,6.92724321585209e-21,"2","SLC9A3R1"
3.05349720905748e-25,1.4354140490029,0.277,0.082,7.46641137558736e-21,"2","TXNDC11"
3.13045778959886e-25,0.803558387387161,0.432,0.16,7.65459538712713e-21,"2","C3AR1"
3.23694180100741e-25,0.717581607463776,0.61,0.27,7.91497009182331e-21,"2","SERINC1"
3.26285957602102e-25,0.88146200372737,0.815,0.483,7.97834423528659e-21,"2","TUBA1A"
3.47218608092587e-25,0.689477306503631,0.693,0.325,8.49018940507993e-21,"2","KYNU"
4.1943746316384e-25,0.807172724479903,0.518,0.216,1.02560848492822e-20,"2","CHMP2B"
4.37951964450877e-25,1.10333187927523,0.315,0.1,1.07088014347528e-20,"2","MAP4"
4.97072025698068e-25,1.8635669240284,0.185,0.04,1.21544051723691e-20,"2","PIM2"
5.20961809608488e-25,0.87361057212645,0.259,0.069,1.27385581685468e-20,"2","HEATR3"
5.27701348975692e-25,0.991541546830005,0.336,0.111,1.29033533851536e-20,"2","PARP1"
5.33835907198593e-25,0.796291130317208,0.485,0.192,1.305335560282e-20,"2","NRBF2"
6.25979362051496e-25,1.58509847648741,0.232,0.06,1.53064473608832e-20,"2","HIST3H2A"
6.6972368559168e-25,0.355643148632733,0.997,0.976,1.63760835600878e-20,"2","AIF1"
6.97629973737789e-25,0.819958911435314,0.446,0.172,1.70584481178364e-20,"2","PLK3"
8.11331231208321e-25,0.822500356274307,0.476,0.188,1.98386712655059e-20,"2","RNMT"
1.06780080854855e-24,0.829726998908782,0.411,0.15,2.61098653706292e-20,"2","GDI1"
1.20951729140344e-24,1.19284828412843,0.307,0.097,2.95751168093968e-20,"2","TOB2"
1.21866889494826e-24,0.939789636235737,0.649,0.313,2.97988918192748e-20,"2","IRF7"
1.42245964599592e-24,0.621310555905915,0.515,0.205,3.47819832638923e-20,"2","ZFAND6"
1.52496815435243e-24,0.62113101687129,0.94,0.694,3.72885213102257e-20,"2","CALM1"
1.59620263005834e-24,1.00428933670902,0.292,0.087,3.90303467101866e-20,"2","PHF19"
1.63027886303447e-24,0.755089308719872,0.613,0.272,3.98635787589189e-20,"2","SELENOS"
1.85915663736338e-24,0.734869652135857,0.491,0.196,4.54600980968095e-20,"2","CNPPD1"
1.86723097236058e-24,0.691829628891551,0.53,0.22,4.5657531736161e-20,"2","NR1H2"
1.88440604491511e-24,0.862160266629694,0.381,0.133,4.60774966102642e-20,"2","HAGH"
2.19341325180595e-24,1.04944716654255,0.268,0.077,5.36333408331591e-20,"2","GK5"
2.21855613271217e-24,0.854151389743453,0.488,0.203,5.42481345570781e-20,"2","OGDH"
2.46611786715886e-24,0.926328821318887,0.378,0.137,6.03015140877684e-20,"2","HAVCR2"
2.47986693947273e-24,0.704705648657119,0.432,0.158,6.06377064039872e-20,"2","SSBP4"
2.48420080440573e-24,1.14179053991333,0.241,0.064,6.07436780693289e-20,"2","RASAL3"
2.53003462840172e-24,0.814370404190488,0.491,0.2,6.18644067336789e-20,"2","GUSB"
2.5641371143291e-24,1.2822472833273,0.188,0.04,6.26982807195751e-20,"2","SCRN1"
2.71450223982346e-24,0.59694139202758,0.818,0.434,6.63750087681633e-20,"2","POLD4"
2.80386957281607e-24,0.776997915542631,0.589,0.265,6.85602187944985e-20,"2","CORO1B"
3.20875598492293e-24,1.00365882403269,0.375,0.134,7.84605013433355e-20,"2","MATR3-1"
3.38191578495379e-24,1.17211529381308,0.247,0.069,8.26946047736901e-20,"2","AMZ2"
4.69087366598367e-24,1.51443213536359,0.185,0.041,1.14701242880633e-19,"2","MRAS"
4.70367898620506e-24,1.87826221957627,0.182,0.04,1.15014358570686e-19,"2","DNAJB4"
5.26422639440691e-24,0.672400078948447,0.369,0.126,1.28720863796038e-19,"2","TSPAN32"
5.52112663450708e-24,0.658393278884308,0.908,0.597,1.35002588466967e-19,"2","ATP5F1B"
5.96421406855387e-24,1.7943900327827,0.155,0.029,1.45836962404279e-19,"2","CYTH3"
6.13418819501747e-24,1.11055919958571,0.208,0.05,1.49993169744567e-19,"2","IL12RB1"
6.53588213421755e-24,0.760040319626869,0.405,0.146,1.59815389945888e-19,"2","IL16"
6.97484736824915e-24,0.787857111990769,0.542,0.235,1.70548967848428e-19,"2","KLF3"
6.9809339741665e-24,0.846162834616897,0.429,0.166,1.70697797536319e-19,"2","NDEL1"
7.19913387720311e-24,1.33883731474581,0.211,0.052,1.76033221565371e-19,"2","TVP23B"
8.82733295934652e-24,0.683923041192263,0.872,0.522,2.15845945521941e-19,"2","CD53"
9.18143218824946e-24,1.34708710754108,0.247,0.07,2.24504379867076e-19,"2","CENPC"
9.39567089345838e-24,1.43858435414239,0.185,0.04,2.29742944686844e-19,"2","TAGLN"
9.74116212239913e-24,0.576602381588645,0.574,0.251,2.38190896216904e-19,"2","SLA"
1.07825649733835e-23,0.711268375440847,0.503,0.207,2.63655278729173e-19,"2","CYB5R3"
1.11334746160725e-23,0.727079013154246,0.402,0.148,2.72235721312205e-19,"2","GCC2"
1.17001720014271e-23,0.773084011691923,0.485,0.194,2.86092605778896e-19,"2","FGD2"
1.48352702647945e-23,0.657249146222678,0.705,0.342,3.62752028514754e-19,"2","CCT5"
1.4994397380131e-23,0.724253854151669,0.58,0.256,3.66643004738962e-19,"2","MPC1"
1.5937462048578e-23,0.787786837787748,0.432,0.168,3.89702822011828e-19,"2","IDH2"
1.78785519794236e-23,1.6045262153595,0.19,0.044,4.37166353000865e-19,"2","NSMF"
2.1639375676816e-23,0.376646977901198,0.997,0.96,5.29126014049506e-19,"2","HLA-A"
2.38207581798552e-23,1.55567360732411,0.158,0.031,5.82465179013819e-19,"2","SGPP1"
2.5751138999831e-23,0.60160539528307,0.539,0.227,6.29666850823867e-19,"2","LFNG"
2.71254036657304e-23,1.31249731795447,0.241,0.069,6.63270370434439e-19,"2","TP53INP2"
2.92111674253318e-23,0.929275398751576,0.378,0.139,7.14271465884214e-19,"2","PLEKHA2"
3.14900931517413e-23,0.580473768585388,0.908,0.619,7.69995757746378e-19,"2","RAC2"
3.17763782964688e-23,0.959835808204432,0.28,0.085,7.76996002105256e-19,"2","MFSD12"
3.31360547454841e-23,0.849706443358233,0.333,0.112,8.10242810636578e-19,"2","BCAP29"
3.39420457339967e-23,0.550788611349427,0.961,0.767,8.29950902287687e-19,"2","ATP6V0C"
3.71831965779415e-23,2.04370887016232,0.11,0.014,9.09203522723825e-19,"2","P2RY1"
3.72487697689792e-23,1.79894812908716,0.128,0.02,9.1080691839108e-19,"2","KCNMA1"
4.67394194521693e-23,0.636005222211526,0.634,0.291,1.14287228444444e-18,"2","RAB8A"
4.92587119550885e-23,1.2298408432193,0.235,0.065,1.20447402472582e-18,"2","STK26"
5.29189912895178e-23,1.28301616026382,0.217,0.055,1.29397517501129e-18,"2","SNAPC3"
5.29207987960636e-23,1.30908207171374,0.235,0.065,1.29401937216135e-18,"2","KLHL28"
5.31016398003538e-23,0.542568311190117,0.616,0.273,1.29844129639825e-18,"2","PDCD6IP"
5.65569185233257e-23,0.905394112493779,0.354,0.124,1.38292977173236e-18,"2","PRDX4"
5.83981281055272e-23,1.89725332079751,0.14,0.025,1.42795102843635e-18,"2","MYO18A"
5.91432503595237e-23,0.764350457921509,0.464,0.187,1.44617075779107e-18,"2","PSMC4"
6.06608417993673e-23,0.722248282030245,0.426,0.164,1.48327890367813e-18,"2","PPM1F"
6.08752927994717e-23,1.34014743125992,0.238,0.067,1.48852265953268e-18,"2","CYP20A1"
6.39197888671852e-23,0.737128785227567,0.488,0.201,1.56296667738041e-18,"2","FOXP1"
6.44698423686886e-23,0.777679088426486,0.366,0.13,1.57641658559917e-18,"2","CCM2"
7.39978546481121e-23,0.548639157188353,0.78,0.417,1.80939554185564e-18,"2","LITAF"
7.5673577170734e-23,1.09517564160902,0.274,0.085,1.85037030897879e-18,"2","SDE2"
8.84258767361e-23,0.307552969418341,0.649,0.329,2.16218953795112e-18,"2","IL1B"
1.03101301450361e-22,0.670522742158527,0.711,0.366,2.52103302306423e-18,"2","EIF5"
1.03411509105153e-22,0.652669164952416,0.685,0.342,2.5286182206392e-18,"2","GNS"
1.1097346705992e-22,0.592693753036811,0.643,0.298,2.71352321654916e-18,"2","NR3C1"
1.17422474959045e-22,0.717931989998594,0.518,0.231,2.87121435769857e-18,"2","PHACTR1"
1.31695254223674e-22,1.79090526820921,0.137,0.024,3.22021235627728e-18,"2","HYAL2"
1.58573330405075e-22,0.872868657981127,0.315,0.104,3.87743507506489e-18,"2","LRMP"
1.68340062048671e-22,0.934343353769905,0.375,0.138,4.11625119721411e-18,"2","SH3TC1"
1.7954791625242e-22,0.523592273140611,0.616,0.277,4.39030564820416e-18,"2","RASGRP2"
1.88292722407437e-22,0.63631512286902,0.786,0.424,4.60413364830664e-18,"2","CAPZA1"
2.00290568349701e-22,0.606238049005764,0.836,0.489,4.89750497728688e-18,"2","WASF2"
2.01365508942266e-22,1.04250121066796,0.411,0.164,4.92378942465628e-18,"2","ERN1"
2.09762971835148e-22,2.2196118357681,0.113,0.016,5.12912418731305e-18,"2","RETREG1"
2.15180871492648e-22,0.681697679840093,0.812,0.462,5.26160266973822e-18,"2","ZFAND5"
2.15520779566892e-22,0.460961002299264,0.414,0.16,5.26991410196965e-18,"2","TNF"
2.55258907024952e-22,0.690276256676499,0.786,0.441,6.24159079457414e-18,"2","LYST"
2.88420673739306e-22,0.663048013906542,0.396,0.149,7.05246231427351e-18,"2","MED29"
2.89795809175183e-22,1.81296955355494,0.131,0.022,7.08608712595157e-18,"2","CEACAM3"
3.05758934027285e-22,0.95234703163515,0.33,0.115,7.47641745483517e-18,"2","ARRDC2"
3.14113146709055e-22,0.872341627599283,0.292,0.093,7.68069466332982e-18,"2","FAM126A"
3.53259189901022e-22,0.719419110468812,0.485,0.207,8.6378937114598e-18,"2","VPS4B"
3.60810285986782e-22,1.21177540824865,0.295,0.098,8.8225331129488e-18,"2","IL10RB-DT"
3.8317246929151e-22,1.60658667780093,0.188,0.045,9.369333219116e-18,"2","LONRF1"
4.54923355894975e-22,1.01179480013178,0.223,0.06,1.11237858983439e-17,"2","C5AR2"
6.34262595386878e-22,0.574007906711298,0.753,0.375,1.55089889823999e-17,"2","PAIP2"
6.4711880514291e-22,1.38813521394063,0.17,0.037,1.58233490233544e-17,"2","CDADC1"
6.50099867246455e-22,0.860110408122234,0.307,0.103,1.58962419539103e-17,"2","CEMIP2"
6.98900511872845e-22,0.963692432559855,0.449,0.193,1.70895153163148e-17,"2","DDX6"
7.08821570139064e-22,0.768540728817301,0.625,0.298,1.73321050330404e-17,"2","PABPC4"
7.55103495388483e-22,1.02299445786028,0.354,0.131,1.84637906692392e-17,"2","PMAIP1"
7.8889818138294e-22,2.55018114770098,0.104,0.014,1.92901383311756e-17,"2","NR1D1"
7.90257429006019e-22,0.848582079585141,0.345,0.123,1.93233746540552e-17,"2","SUMF2"
8.07644302003891e-22,1.40842414164415,0.179,0.041,1.97485184725992e-17,"2","KLHDC2"
8.75548290868163e-22,0.403968327982442,0.997,0.966,2.14089068083083e-17,"2","H3F3B"
1.05754576819753e-21,0.686064048709339,0.351,0.125,2.58591091239661e-17,"2","FAM162A"
1.07584381848271e-21,1.24819364973261,0.185,0.044,2.63065330495391e-17,"2","SLC29A1"
1.08391823403245e-21,0.70862625765476,0.577,0.273,2.65039686585614e-17,"2","ADAM10"
1.22908011527455e-21,0.573888968051068,0.786,0.402,3.00534669786933e-17,"2","OSTF1"
1.24657714311098e-21,2.46338199111628,0.125,0.021,3.04813043033498e-17,"2","ID3"
1.45452342434779e-21,0.696046030696124,0.473,0.201,3.55660067721521e-17,"2","RP2"
1.49208148961704e-21,0.610202527542621,0.693,0.351,3.64843765841157e-17,"2","VPS35"
1.50830347819057e-21,0.619467196855941,0.488,0.205,3.68810366487158e-17,"2","SNX5"
1.55622191639236e-21,0.689714170263328,0.318,0.107,3.8052738299626e-17,"2","NOP56"
1.68682329800125e-21,0.529496820732957,0.932,0.649,4.12462032827267e-17,"2","ARPC5"
1.7456947091358e-21,0.845803835962465,0.399,0.157,4.26857270277886e-17,"2","FNIP2"
1.92854625174397e-21,0.840208977423278,0.324,0.114,4.71568129476436e-17,"2","PEF1"
2.00679249656318e-21,0.943175006024439,0.289,0.096,4.90700901259629e-17,"2","ZNF622"
2.06028152962488e-21,1.12611468809482,0.196,0.05,5.03780039623876e-17,"2","ZBTB4"
2.12364868643285e-21,0.94603172238485,0.196,0.049,5.19274576806562e-17,"2","C3orf14"
2.1561461722937e-21,0.670322061360589,0.387,0.148,5.27220862049256e-17,"2","TM2D3"
2.32170920224618e-21,0.612734574010707,0.458,0.189,5.67704334133235e-17,"2","CTBS"
2.3800022860756e-21,0.911757086844993,0.301,0.101,5.81958158991205e-17,"2","FBXL3"
2.4187211194975e-21,0.697099931823754,0.679,0.335,5.91425688139528e-17,"2","BRD2"
2.66310176979937e-21,0.679865917208256,0.521,0.235,6.51181644751341e-17,"2","ABHD5"
2.71809883887633e-21,0.713138132726564,0.39,0.151,6.6462952808204e-17,"2","HDAC1"
2.92754618741861e-21,0.612653791681129,0.497,0.21,7.15843593747599e-17,"2","TRIM38"
3.07445252515232e-21,0.783166460377936,0.461,0.194,7.51765131450246e-17,"2","GSPT1"
3.33945619510189e-21,0.941857098433081,0.292,0.097,8.16563828826314e-17,"2","INPP5K"
3.36559787100225e-21,0.932805365086356,0.333,0.123,8.2295599141747e-17,"2","USP36"
3.45319933470189e-21,2.15308709730376,0.107,0.015,8.44376301321307e-17,"2","KIF21B"
3.71225709615329e-21,0.753186064862356,0.339,0.122,9.07721105151404e-17,"2","NDUFV3"
3.79468369473111e-21,1.33554828613853,0.188,0.047,9.27876057035651e-17,"2","GXYLT1"
4.19468036224943e-21,0.607797005380283,0.595,0.279,1.02568324217723e-16,"2","YWHAQ"
4.61452109103451e-21,1.1812456799887,0.223,0.063,1.12834269717976e-16,"2","CASP7"
5.60013436957076e-21,0.539913168763571,0.473,0.193,1.36934485604744e-16,"2","PLXNC1"
5.62828054115443e-21,0.842119561732506,0.363,0.138,1.37622715792308e-16,"2","RUNX3"
5.80456816967255e-21,0.55620374144879,0.405,0.155,1.41933300884833e-16,"2","FDX1"
5.81198971371392e-21,0.617414951951629,0.729,0.375,1.42114772479733e-16,"2","IL10RA"
5.87665963155411e-21,0.740858277535707,0.354,0.131,1.43696081310761e-16,"2","DELE1"
6.1048389729216e-21,1.288530776262,0.164,0.036,1.49275522565879e-16,"2","LRRC57"
6.34824489854163e-21,0.676650743435027,0.601,0.289,1.5522728425914e-16,"2","GNAI3"
6.37119795448712e-21,0.513935532727298,0.753,0.398,1.55788532383119e-16,"2","CPPED1"
7.5749749084086e-21,0.555056287966792,0.905,0.577,1.85223286460407e-16,"2","RNH1"
7.67258172619493e-21,1.8214095587939,0.149,0.031,1.87609968368918e-16,"2","SPATA2L"
8.07431864002847e-21,0.636153491845253,0.473,0.201,1.97433239385976e-16,"2","STK40"
8.60016378888028e-21,1.64612749684774,0.122,0.02,2.10291204965701e-16,"2","LINC02345"
9.28766072595527e-21,0.649221563018247,0.479,0.205,2.27101880071058e-16,"2","CCNH"
9.39406968214673e-21,1.0160954421543,0.241,0.072,2.29703791867852e-16,"2","TOR1B"
9.89927470870666e-21,1.16514735709361,0.238,0.071,2.42057065177295e-16,"2","SLFN5"
1.05884017349669e-20,0.697821878461565,0.488,0.211,2.58907599223411e-16,"2","RSRC2"
1.06098025400818e-20,0.887939197944311,0.464,0.203,2.59430891710081e-16,"2","PTPN1"
1.16449380861339e-20,2.72090594625033,0.131,0.025,2.84742026082147e-16,"2","GPX3"
1.21530600137873e-20,0.979187197317067,0.286,0.095,2.97166623457128e-16,"2","PLAGL2"
1.31603950830701e-20,0.847177254611192,0.289,0.098,3.21797980571231e-16,"2","PITHD1"
1.47483595280593e-20,0.710505281608217,0.467,0.198,3.60626887180105e-16,"2","AMD1"
1.57362352319803e-20,0.534356731577663,0.723,0.357,3.84782423892383e-16,"2","XRCC6"
1.57834169443199e-20,0.509884117755055,0.58,0.266,3.85936111122511e-16,"2","THRAP3"
1.6733380378999e-20,1.36470244848298,0.164,0.038,4.09164617027283e-16,"2","NUDT15"
1.69538770869293e-20,0.615922795477059,0.881,0.553,4.14556202529596e-16,"2","PRDX1"
1.7948303771853e-20,1.60546712890391,0.143,0.029,4.38871923829349e-16,"2","AC100786.1"
2.04594217342692e-20,1.13903728885578,0.286,0.098,5.00273780246351e-16,"2","KPNA2"
2.05383478484476e-20,0.636409174811473,0.634,0.314,5.02203681590242e-16,"2","EWSR1"
2.14837268696546e-20,0.999628746581605,0.348,0.134,5.25320089416795e-16,"2","CAMK1D"
2.32078660987376e-20,0.649344456088619,0.545,0.253,5.67478741846333e-16,"2","MTHFD2"
2.36138926638121e-20,0.367220023021682,0.69,0.324,5.77406903415532e-16,"2","KDM6B"
2.37928525715172e-20,1.19905520376016,0.238,0.073,5.81782831078738e-16,"2","FAM118A"
2.54226597073655e-20,0.536881569605729,0.688,0.351,6.21634875164502e-16,"2","RAB24"
2.71802346083872e-20,0.646233627525039,0.503,0.222,6.64611096644283e-16,"2","NUDC"
2.8256554599247e-20,0.81863534883148,0.39,0.157,6.90929273060786e-16,"2","THUMPD3-AS1"
2.83470450004236e-20,0.624316010094227,0.839,0.489,6.93141944350357e-16,"2","LDHA"
3.03985698734487e-20,0.552966608116116,0.792,0.414,7.43305830545568e-16,"2","PDIA3"
3.11968382508738e-20,0.419234246805916,0.804,0.437,7.62825088910365e-16,"2","CALHM6"
3.44956107012798e-20,1.33109981829051,0.235,0.072,8.43486672867693e-16,"2","CASP9"
3.67539931359849e-20,0.671932627750157,0.31,0.108,8.98708640161103e-16,"2","CCDC88C"
3.87601291601091e-20,1.04644985331589,0.277,0.095,9.47762678222987e-16,"2","ADM"
3.95038611300999e-20,0.586196449928981,0.443,0.181,9.65948412353202e-16,"2","GOLPH3"
4.07005200813437e-20,1.43626530315147,0.152,0.033,9.95209117029015e-16,"2","ATAD1"
4.09976260440517e-20,0.700120575578522,0.357,0.137,1.00247395202915e-15,"2","CISD2"
4.15317954713939e-20,0.618521465697658,0.586,0.274,1.01553546286652e-15,"2","ARF4"
4.18361004011914e-20,0.437207595164302,0.643,0.3,1.02297632700993e-15,"2","CALCOCO2"
4.4262366127198e-20,0.805768366182202,0.298,0.102,1.08230337654225e-15,"2","WBP1L"
4.46799337510925e-20,0.741358517730594,0.429,0.177,1.09251374008171e-15,"2","G3BP1"
4.49481002004138e-20,0.490314541880825,0.696,0.342,1.09907094610052e-15,"2","TBCB"
4.51381761252608e-20,0.4458892253133,0.613,0.287,1.10371868261488e-15,"2","ARHGAP4"
4.52044825123713e-20,0.622387987501829,0.408,0.164,1.1053400063925e-15,"2","PHYKPL"
4.61969804769107e-20,0.460490605999905,0.967,0.758,1.12960856662142e-15,"2","ANXA5"
5.09049719662645e-20,0.676425027142629,0.321,0.114,1.2447283745191e-15,"2","AGPAT3"
5.16494029100783e-20,0.54870238199684,0.452,0.186,1.26293119995724e-15,"2","CHST15"
5.40807313029107e-20,0.642562295489716,0.488,0.214,1.32238204181877e-15,"2","EPB41L3"
5.50398402048356e-20,0.777712740380101,0.28,0.093,1.34583417268864e-15,"2","CD244"
5.66379960892055e-20,1.55825613974147,0.119,0.02,1.38491228037325e-15,"2","CYB561"
6.22047268744611e-20,0.547863524388184,0.571,0.261,1.52102998153432e-15,"2","SECTM1"
6.770954404555e-20,1.45137042026782,0.119,0.02,1.65563377100179e-15,"2","SH2D1B"
7.00407197694937e-20,0.873449548382984,0.259,0.083,1.71263567980366e-15,"2","PPCDC"
7.73028087513629e-20,1.19507922482856,0.185,0.047,1.89020827958833e-15,"2","SRD5A3"
7.77337673668415e-20,1.48455737750414,0.131,0.025,1.90074607965401e-15,"2","MINDY3"
8.16766165994843e-20,0.645101583335796,0.402,0.161,1.99715662909059e-15,"2","TADA3"
8.32125415756284e-20,1.17027284116045,0.202,0.056,2.03471306660727e-15,"2","SP140"
8.44544277863785e-20,0.510755272908756,0.592,0.279,2.06507966823253e-15,"2","ARHGEF1"
8.76292647217422e-20,0.943165178010094,0.208,0.057,2.14271078097604e-15,"2","RAB37"
8.81783444260325e-20,1.84110772280665,0.161,0.038,2.15613687790535e-15,"2","LINC00278"
9.19806806213604e-20,0.889390969042248,0.298,0.104,2.24911160255351e-15,"2","TPPP3"
9.7141007853474e-20,0.584341616253244,0.595,0.289,2.37529192403315e-15,"2","GPI"
9.9261806104786e-20,0.447828491964642,0.622,0.288,2.42714968287423e-15,"2","PSMD4"
9.96107463412343e-20,0.875640160634839,0.301,0.106,2.43568196953586e-15,"2","FAM120AOS"
1.06418427350114e-19,0.941427195050907,0.253,0.081,2.60214338556498e-15,"2","NFX1"
1.07466007312077e-19,0.877683119360666,0.28,0.094,2.6277588107949e-15,"2","VPS53"
1.0884461982224e-19,0.61320172593023,0.479,0.209,2.66146864389341e-15,"2","SF3A1"
1.09848871903645e-19,0.488460894170801,0.542,0.239,2.68602461578794e-15,"2","C9orf78"
1.1101625356785e-19,0.841766525605786,0.265,0.086,2.71456943224108e-15,"2","NTMT1"
1.33546457457528e-19,0.633128981402935,0.533,0.241,3.26547797775147e-15,"2","UBE2N"
1.37440659351272e-19,0.47946243323668,0.545,0.245,3.36069900245731e-15,"2","UNC93B1"
1.49753832060435e-19,2.49870953757049,0.101,0.015,3.66178070154177e-15,"2","NRARP"
1.55458257543738e-19,0.584754490114667,0.443,0.185,3.80126531345949e-15,"2","MTHFS"
1.56419802011329e-19,0.596520044058003,0.554,0.256,3.82477699878102e-15,"2","PNP"
1.69536947233609e-19,0.77402382177329,0.336,0.125,4.1455174337562e-15,"2","TOB1"
1.73526134997987e-19,0.721288684366966,0.31,0.11,4.24306105297078e-15,"2","PLCG2"
1.76531986790435e-19,1.01272572135502,0.315,0.118,4.31656014099971e-15,"2","CKS2"
1.77166205649756e-19,0.6179376861561,0.515,0.232,4.33206806054783e-15,"2","ITSN2"
1.86974809416757e-19,1.02370229873454,0.277,0.096,4.57190803985853e-15,"2","TRIM69"
1.94323644313689e-19,1.0197277039233,0.214,0.062,4.75160175075832e-15,"2","SLC16A7"
2.3792929527307e-19,0.539390897407939,0.554,0.255,5.81784712801711e-15,"2","SYAP1"
2.38783158286474e-19,0.630598488486971,0.351,0.134,5.83872578642086e-15,"2","COPS3"
2.53378556136187e-19,0.562461039918244,0.461,0.197,6.19561245464204e-15,"2","PPP4R3A"
2.76352547075688e-19,1.18909779225769,0.202,0.057,6.75737248109471e-15,"2","FBXO38"
2.78666330365078e-19,0.614722728502922,0.405,0.165,6.81394911008688e-15,"2","LNPEP"
2.79913846463705e-19,0.581403457331428,0.839,0.515,6.84445337373052e-15,"2","ADGRE5"
2.88509333745329e-19,0.722688161321758,0.408,0.17,7.05463022874078e-15,"2","ANXA4"
3.18200782445004e-19,1.54117541991006,0.241,0.08,7.78064553234523e-15,"2","LDLRAD4"
3.4128325192201e-19,0.523599614332537,0.821,0.477,8.34505807599698e-15,"2","TCIRG1"
3.42675740390575e-19,0.644216049633556,0.557,0.266,8.37910720403033e-15,"2","UBE2A"
3.45662683927368e-19,0.653487753748299,0.461,0.199,8.45214394739201e-15,"2","CCT7"
3.45852783563559e-19,0.500423039143673,0.637,0.307,8.45679226369615e-15,"2","NDFIP1"
3.47457410868945e-19,1.0414260118195,0.19,0.051,8.49602861056744e-15,"2","ERCC5"
3.5183396516379e-19,0.634282696691836,0.435,0.183,8.60304411618499e-15,"2","CCPG1"
3.5520952955144e-19,1.29793415796635,0.173,0.044,8.6855834165918e-15,"2","CCDC137"
3.60774492692815e-19,0.564839181550765,0.568,0.271,8.8216578953247e-15,"2","MTCH1"
3.67207911907904e-19,0.901318670284341,0.292,0.104,8.97896786197206e-15,"2","TBC1D22A"
3.81782006868778e-19,1.0353771688705,0.196,0.054,9.33533363195536e-15,"2","BSDC1"
3.85534442641176e-19,0.291605808340247,0.997,0.998,9.42708819146203e-15,"2","TMSB4X"
4.71724088714901e-19,0.567524780519081,0.262,0.085,1.15345974172568e-14,"2","APOBEC3G"
4.74781155896522e-19,1.52781003680361,0.143,0.031,1.16093488239818e-14,"2","CYP4V2"
5.46182863302855e-19,0.562483544206722,0.47,0.208,1.33552633734814e-14,"2","EHD1"
5.84082940152601e-19,0.51814245763595,0.497,0.22,1.42819960526114e-14,"2","DPEP2"
5.86943399164515e-19,0.586608344109681,0.503,0.231,1.43519399963707e-14,"2","SCAMP2"
5.95159721870591e-19,0.784270381308385,0.408,0.173,1.45528455191797e-14,"2","MACF1"
6.63241359500483e-19,1.03921293114549,0.185,0.049,1.62175777225058e-14,"2","STIM2"
7.8545008233216e-19,0.832194151611662,0.262,0.087,1.9205825413186e-14,"2","POLR2C"
7.86786710651251e-19,0.671802183517129,0.574,0.284,1.92385086488444e-14,"2","DIAPH1"
8.52605988462061e-19,0.879552680523819,0.259,0.087,2.08479216298743e-14,"2","USP14"
9.16271753074513e-19,0.43415674662888,0.565,0.26,2.2404676906178e-14,"2","HK3"
9.51785902371258e-19,1.47584018563733,0.125,0.025,2.3273068884782e-14,"2","C1QB"
9.54991395123616e-19,0.661750806627423,0.455,0.201,2.33514495935627e-14,"2","SMARCA5"
9.61091977835281e-19,0.779785682140793,0.372,0.152,2.35006210420283e-14,"2","TLE3"
9.82787865124723e-19,0.681823820133232,0.286,0.099,2.40311288780297e-14,"2","EAF2"
1.01892410427641e-18,0.579027988047641,0.637,0.327,2.49147321977667e-14,"2","GBP2"
1.03302618939929e-18,0.637136292936142,0.289,0.101,2.52595563831914e-14,"2","NLRC4"
1.03568769381164e-18,0.778107090369021,0.202,0.059,2.53246354890822e-14,"2","MGLL"
1.0608419442547e-18,1.09202010177727,0.315,0.118,2.5939707220916e-14,"2","GBP5"
1.0632741692715e-18,0.522785902427854,0.753,0.409,2.59991799870268e-14,"2","WDR1"
1.08821650171605e-18,0.64591856997325,0.533,0.248,2.66090698999608e-14,"2","GLUD1"
1.17259841021247e-18,1.02569671652301,0.217,0.065,2.86723763265153e-14,"2","HSH2D"
1.23287197420105e-18,0.743033189695556,0.345,0.136,3.01461855131641e-14,"2","LPCAT2"
1.24986500113062e-18,0.506360969246302,0.387,0.155,3.05616990076459e-14,"2","TMEM134"
1.28300148993454e-18,1.23578038667733,0.19,0.053,3.13719524318795e-14,"2","IFT57"
1.3160271197316e-18,0.563333184349839,0.595,0.294,3.21794951316771e-14,"2","CMTM7"
1.42948401236632e-18,2.02766626321708,0.104,0.017,3.49537430703812e-14,"2","INKA2"
1.44075391644593e-18,0.589455725202324,0.351,0.136,3.52293147649358e-14,"2","PCMTD1"
1.47113252360436e-18,1.09083906563429,0.217,0.067,3.59721324671738e-14,"2","TBC1D23"
1.47229467141722e-18,0.6147608979266,0.863,0.546,3.6000549305494e-14,"2","EIF4G2"
1.50161872829362e-18,0.486270692314294,0.42,0.173,3.67175811442355e-14,"2","AAMP"
1.61633174124288e-18,0.952076757405606,0.208,0.061,3.95225437368708e-14,"2","TBC1D10A"
1.72939233204654e-18,0.552987118122496,0.568,0.268,4.2287101303202e-14,"2","PRCP"
1.76233400328092e-18,0.52755086529363,0.768,0.42,4.30925910482251e-14,"2","POU2F2"
1.77363221144177e-18,0.40548987616162,0.539,0.242,4.33688548341741e-14,"2","RAB1B"
2.05409072000774e-18,0.543584789095129,0.542,0.255,5.02266262856293e-14,"2","MAPK1IP1L"
2.0657275225267e-18,0.456376746265979,0.369,0.146,5.05111693808228e-14,"2","MICAL1"
2.07707113834589e-18,0.865729867892031,0.262,0.09,5.07885434748337e-14,"2","SCFD1"
2.13705457223487e-18,0.635267861000917,0.506,0.237,5.22552584002871e-14,"2","GPBP1"
2.19993320466696e-18,0.845911286862501,0.315,0.119,5.37927667205165e-14,"2","MBNL2"
2.24583504850488e-18,0.316761036651781,0.991,0.899,5.49151586060413e-14,"2","IFITM3"
2.34821432458714e-18,0.550091777045129,0.619,0.303,5.74185366648048e-14,"2","ANKRD12"
2.36258081864546e-18,0.297646116005534,0.991,0.98,5.77698261775187e-14,"2","PFN1"
2.37714258918401e-18,0.559888880473829,0.851,0.535,5.81258905907274e-14,"2","ARL6IP5"
2.46225465633902e-18,0.739074629827999,0.402,0.172,6.02070508568016e-14,"2","RRBP1"
2.59395553149073e-18,0.57223992462175,0.637,0.321,6.34274006560114e-14,"2","YPEL5"
2.81237644537977e-18,1.06665944407577,0.211,0.065,6.87682288424261e-14,"2","SLC9A8"
2.83445850336528e-18,0.531606384644143,0.598,0.292,6.93081793242878e-14,"2","MVP"
2.92274557954391e-18,0.893132379551497,0.223,0.069,7.14669749110077e-14,"2","SH2B2"
3.00567994972326e-18,0.756769993742284,0.438,0.196,7.34948861306331e-14,"2","LAMTOR3"
3.01405683196227e-18,0.616025632226972,0.432,0.183,7.36997176551413e-14,"2","ELF2"
3.2477594540304e-18,0.706380535122059,0.286,0.103,7.94142141699514e-14,"2","DLD"
3.36506914952311e-18,0.492847725431997,0.938,0.664,8.2282670844139e-14,"2","HCLS1"
3.55890986488095e-18,0.937160403128498,0.298,0.111,8.70224640160689e-14,"2","R3HDM2"
3.55967424613242e-18,0.572736039513454,0.443,0.19,8.70411546664299e-14,"2","EMC4"
3.74613500364741e-18,0.643656223335834,0.533,0.256,9.16004931091866e-14,"2","CCT3"
3.97544066655172e-18,0.488828052860375,0.509,0.228,9.72074751785226e-14,"2","BTK"
4.67992295231666e-18,1.4530910412447,0.158,0.039,1.14433476030047e-13,"2","TSPYL2"
4.69443559138224e-18,0.62805353393669,0.509,0.238,1.14788339080478e-13,"2","MCTP1"
4.77677168348125e-18,0.607327992203274,0.411,0.173,1.16801621204483e-13,"2","S1PR4"
5.01941600581556e-18,0.633128804305769,0.286,0.101,1.22734760174202e-13,"2","RASSF1"
5.04248500303291e-18,0.637114500559992,0.253,0.084,1.23298843294161e-13,"2","ARHGAP25"
5.13472627141194e-18,0.640033393223368,0.357,0.143,1.25554326788565e-13,"2","UHMK1"
5.20732671124142e-18,0.608465036931701,0.307,0.113,1.27329552743275e-13,"2","SPTLC1"
5.35595788363907e-18,1.7415742928772,0.131,0.028,1.30963882170742e-13,"2","CDC37L1"
5.49239039449426e-18,0.472542536769302,0.485,0.216,1.34299929926174e-13,"2","TMED9"
5.57507089654347e-18,0.767652601156818,0.312,0.118,1.36321633562281e-13,"2","STX5"
5.7580188644091e-18,0.603769990021934,0.399,0.166,1.40795077272531e-13,"2","TSG101"
5.89716320333817e-18,0.824533362278349,0.301,0.113,1.44197434648025e-13,"2","SF3A3"
6.1017485541396e-18,0.632297690621434,0.455,0.208,1.49199955645821e-13,"2","B4GALT1"
6.95845808345925e-18,0.780261619168849,0.333,0.131,1.70148217056746e-13,"2","RECQL"
7.10372472593442e-18,0.519270343223902,0.807,0.464,1.73700276998549e-13,"2","NCL"
7.48645934959842e-18,0.910957086579741,0.196,0.057,1.83058904016381e-13,"2","C1orf174"
7.78222942294668e-18,0.500067052683862,0.896,0.58,1.90291073849892e-13,"2","PPP1CA"
7.82993283338409e-18,1.02891654279877,0.205,0.062,1.91457517641908e-13,"2","GNGT2"
8.35949499496411e-18,0.539765953190024,0.848,0.491,2.04406371616862e-13,"2","MORF4L1"
1.02174496352842e-17,0.778741023441749,0.375,0.158,2.49837078481969e-13,"2","ZNFX1"
1.02890056486125e-17,1.54508305639296,0.158,0.04,2.51586766119873e-13,"2","KCNE1"
1.07289864025494e-17,0.849435078369737,0.304,0.115,2.62345175515139e-13,"2","HMG20B"
1.08122752541193e-17,1.09636970580591,0.185,0.052,2.64381754513726e-13,"2","ABCC3"
1.23524894982997e-17,0.846240753105195,0.25,0.085,3.02043073212424e-13,"2","CHMP1A"
1.27741159355698e-17,0.342136920366865,0.476,0.206,3.12352682856553e-13,"2","TSPAN14"
1.45266128044486e-17,0.352766895697536,0.381,0.15,3.55204736294378e-13,"2","C11orf21"
1.55892420532119e-17,0.687067352204364,0.351,0.143,3.81188146685138e-13,"2","NUP98"
1.61613654969456e-17,0.744601439265722,0.277,0.098,3.95177709131315e-13,"2","MICU2"
1.66921613797183e-17,0.576844063253517,0.277,0.098,4.08156730056871e-13,"2","IRAK4"
1.70369076908014e-17,0.389831728778485,0.426,0.178,4.16586466855476e-13,"2","ORMDL1"
1.72287984215925e-17,0.812749837059151,0.22,0.07,4.2127857900478e-13,"2","PRADC1"
1.73087868500976e-17,0.588607852580434,0.432,0.19,4.23234456058586e-13,"2","PSMC3"
1.80941647464082e-17,1.23517321846773,0.185,0.053,4.42438516379174e-13,"2","MIR181A1HG"
1.85169263567472e-17,1.83377006395281,0.137,0.032,4.52775883275183e-13,"2","KCNQ1OT1"
1.87314062066689e-17,0.815974845584647,0.229,0.075,4.58020344565468e-13,"2","ATG2A"
1.96986067716354e-17,0.987476213892977,0.199,0.059,4.81670332780029e-13,"2","UPF1"
1.97912424456798e-17,0.476934835643892,0.631,0.319,4.83935460281762e-13,"2","RALY"
2.07902154111444e-17,1.00908365785559,0.193,0.057,5.08362347233303e-13,"2","MAN2A2"
2.08757899092943e-17,0.513446310891441,0.729,0.392,5.10454814862063e-13,"2","SNRPB"
2.13876975904456e-17,0.570684860364233,0.375,0.154,5.22971981481576e-13,"2","GBP4"
2.25223901385021e-17,0.638162656937464,0.307,0.116,5.50717483666654e-13,"2","CDC73"
2.39584369494524e-17,0.592658824051751,0.839,0.514,5.85831700288011e-13,"2","GRINA"
2.74537412014296e-17,0.425062620975309,0.503,0.229,6.71298879857358e-13,"2","MAT2B"
2.89893752558442e-17,1.74864167417288,0.122,0.026,7.08848203755903e-13,"2","BTBD9"
2.93455385585377e-17,0.727119220952816,0.277,0.1,7.17557108833363e-13,"2","COQ2"
2.98608392838945e-17,0.548485097364235,0.836,0.536,7.30157242169788e-13,"2","PLEK"
3.07407294850115e-17,0.455805826916253,0.426,0.185,7.51672317367501e-13,"2","SZRD1"
3.16778260674605e-17,0.638741284721195,0.503,0.241,7.74586203001545e-13,"2","NANS"
3.35681143503831e-17,0.576931768748737,0.649,0.335,8.20807532095568e-13,"2","SRI"
3.46664401763143e-17,0.607102481169679,0.253,0.086,8.47663795191238e-13,"2","PITPNC1"
3.54946139468562e-17,0.527197673281042,0.479,0.22,8.67914300228527e-13,"2","PKN1"
3.85295363564198e-17,0.943714853409394,0.274,0.103,9.42124222987177e-13,"2","P4HA1"
4.07934467961969e-17,0.461568745160311,0.631,0.323,9.97481361060607e-13,"2","EIF4A2"
4.20160876477555e-17,0.461829068930018,0.455,0.202,1.02737737516292e-12,"2","MFSD10"
4.48203649007928e-17,0.4813719244217,0.589,0.287,1.09594756255418e-12,"2","TRAF3IP3"
4.6197842447668e-17,1.08100860733563,0.158,0.041,1.12962964353038e-12,"2","DBF4"
4.74909104967911e-17,0.852695532388575,0.25,0.086,1.16124774346754e-12,"2","RASA3"
4.84240192302553e-17,0.480933567729763,0.494,0.227,1.1840641182182e-12,"2","HAX1"
5.08452494562347e-17,0.898653284164407,0.176,0.048,1.24326803970385e-12,"2","MDM1"
5.35873153013719e-17,0.56909200054492,0.351,0.141,1.31031703374915e-12,"2","DERL1"
5.54471973225988e-17,0.641432269392732,0.238,0.079,1.35579486893219e-12,"2","ADPRHL2"
5.83662623101871e-17,1.11515323184674,0.214,0.069,1.42717184600869e-12,"2","CBFA2T3"
6.1539513597756e-17,1.7992729546042,0.116,0.024,1.50476418649233e-12,"2","TRAF5"
6.41321273872909e-17,0.465578749357961,0.482,0.22,1.56815877887404e-12,"2","TBRG1"
6.64259001582435e-17,0.567822622914121,0.64,0.344,1.62424611066937e-12,"2","HNRNPA0"
6.82427470491619e-17,0.861946114754675,0.292,0.113,1.66867165084611e-12,"2","PIP4P1"
7.91869674484218e-17,0.899682561595167,0.274,0.101,1.93627972804881e-12,"2","DNASE2"
8.81508032678142e-17,0.4669405229051,0.86,0.511,2.15546344150459e-12,"2","DDX21"
9.83335603795239e-17,0.561558704549308,0.509,0.244,2.40445221840012e-12,"2","NOL7"
1.01494870343308e-16,0.414147705503415,0.506,0.232,2.48175256963457e-12,"2","PQLC3"
1.05207131931224e-16,0.78583735150002,0.205,0.063,2.57252478998228e-12,"2","TBCD"
1.16116974202561e-16,0.67242563698988,0.324,0.13,2.83929225320103e-12,"2","PFDN6"
1.22033655852887e-16,0.479156355545771,0.863,0.543,2.98396695291479e-12,"2","SQSTM1"
1.22139227685622e-16,0.437740000148605,0.5,0.231,2.98654839536882e-12,"2","MKRN1"
1.25449680511863e-16,0.950262672182835,0.202,0.064,3.06749558787609e-12,"2","PPM1D"
1.32208536812087e-16,1.10735650876403,0.235,0.082,3.23276314212914e-12,"2","SLC8B1"
1.33330418816432e-16,1.27169722785148,0.185,0.055,3.26019540089939e-12,"2","ARID5B"
1.33615999849601e-16,0.473861556833927,0.44,0.197,3.26717842832244e-12,"2","RBM23"
1.36554352506415e-16,1.17596601155435,0.167,0.046,3.33902702748686e-12,"2","RUVBL1"
1.37720769214247e-16,0.861977595137034,0.667,0.385,3.36754824882676e-12,"2","KLF4"
1.41368720825638e-16,0.713727300977827,0.426,0.199,3.4567479616285e-12,"2","OXSR1"
1.51863480828446e-16,0.353568879053632,0.988,0.892,3.71336583321716e-12,"2","LAPTM5"
1.57151716350935e-16,0.435577968602613,0.622,0.309,3.84267376821306e-12,"2","SCIMP"
1.61428993614128e-16,0.521679750680172,0.533,0.255,3.94726175185266e-12,"2","STRAP"
1.70270708712361e-16,0.442561509555769,0.61,0.316,4.16345936943465e-12,"2","DUSP2"
1.76232078371576e-16,0.600499028210161,0.455,0.213,4.30922678034177e-12,"2","SLC8A1"
1.89549584392713e-16,0.524368025265912,0.5,0.241,4.63486643757061e-12,"2","AMPD2"
1.94452814298773e-16,0.827825567504753,0.188,0.055,4.7547602152336e-12,"2","FAM117B"
1.95447944107899e-16,0.433774883865234,0.455,0.206,4.77909312932634e-12,"2","TGFBR2"
1.99595773863045e-16,0.655108905625238,0.399,0.176,4.88051586249917e-12,"2","EMC7"
2.00301971664606e-16,0.828670375481579,0.304,0.12,4.89778381114294e-12,"2","OAT"
2.05030510192544e-16,0.772344918595464,0.277,0.103,5.01340603522809e-12,"2","NOC2L"
2.08874286094015e-16,0.763254915255664,0.271,0.1,5.10739404357085e-12,"2","SLC25A13"
2.09439499605593e-16,1.48483748660078,0.137,0.033,5.12121464435596e-12,"2","MIR29B2CHG"
2.11369879480553e-16,0.60323992043937,0.381,0.165,5.16841629305847e-12,"2","AKIRIN1"
2.17054013728974e-16,1.3464041421509,0.176,0.052,5.30740474370088e-12,"2","MIR3945HG"
2.26935088131725e-16,0.618811339189229,0.327,0.134,5.54901677499693e-12,"2","COQ10B"
2.3147849600979e-16,0.50662049639025,0.509,0.243,5.66011218443138e-12,"2","CD300C"
2.35151870915079e-16,0.501186590300773,0.286,0.107,5.74993354761552e-12,"2","MEF2D"
2.41541498655443e-16,0.964064694614196,0.283,0.111,5.90617272512289e-12,"2","AAED1"
2.45276812825781e-16,0.535355657576907,0.5,0.243,5.99750862721600e-12,"2","TOM1"
2.5171906095851e-16,0.649934450591982,0.429,0.198,6.15503447855749e-12,"2","ZC3HAV1"
2.5384149155672e-16,0.725649685005731,0.295,0.113,6.20693215154491e-12,"2","NCOA2"
2.53882423368373e-16,0.522076867448787,0.655,0.337,6.20793301620345e-12,"2","DNAJB6"
2.54120501366124e-16,0.579150501952912,0.235,0.079,6.21375449940446e-12,"2","ARFIP1"
2.68806007287589e-16,0.684914490476542,0.336,0.14,6.57284449019612e-12,"2","DDIT3"
2.73419840381482e-16,0.969741650699239,0.137,0.033,6.685661937008e-12,"2","HAL"
2.78827416816194e-16,0.669589662758211,0.25,0.088,6.81788799598957e-12,"2","YIPF5"
2.82112873570137e-16,0.487928238918657,0.274,0.1,6.89822398453699e-12,"2","VOPP1"
3.05633156213752e-16,0.493808294999455,0.551,0.268,7.47334193573867e-12,"2","PPP2R1A"
3.2964972728312e-16,1.22368622732776,0.113,0.023,8.06059513152685e-12,"2","ZNF708"
3.40788705635428e-16,0.70190013947287,0.33,0.136,8.33296543019749e-12,"2","USO1"
3.41676393936636e-16,0.533958345587449,0.625,0.325,8.35467118453863e-12,"2","AUP1"
3.44848422731772e-16,0.5546581195881,0.348,0.144,8.43223363263728e-12,"2","CCNK"
3.45801695477786e-16,0.59569271761883,0.271,0.099,8.45554305782282e-12,"2","EXOC7"
3.48547237573495e-16,0.541983877080526,0.622,0.33,8.5226770531471e-12,"2","TUBB"
3.54422469015742e-16,1.53609255459208,0.125,0.028,8.66633821237291e-12,"2","IQCB1"
3.61544391786443e-16,0.52058832762384,0.488,0.233,8.8404834679621e-12,"2","WBP2"
3.63790096570483e-16,1.54442334095198,0.107,0.021,8.89539544134146e-12,"2","SMAD1"
3.70779658288665e-16,0.748753389454536,0.348,0.145,9.06630420447443e-12,"2","SCLT1"
3.82905048408619e-16,0.389907477857829,0.399,0.17,9.36279424368754e-12,"2","ZFR"
3.86556951994947e-16,0.440963610384409,0.682,0.359,9.45209059018045e-12,"2","SNX2"
4.59531365642416e-16,1.56686621619788,0.182,0.056,1.12364609526884e-11,"2","HES1"
4.98818321690718e-16,1.77337380432941,0.113,0.024,1.21971056019814e-11,"2","EGR3"
5.48997030919542e-16,0.70254918252531,0.262,0.097,1.34240754000446e-11,"2","PDHA1"
5.63592401308218e-16,0.483521308943278,0.548,0.275,1.37809613967886e-11,"2","IDS"
5.74019885208761e-16,0.836938403783269,0.229,0.079,1.40359342331246e-11,"2","MEPCE"
5.98977981482418e-16,0.402950603312924,0.586,0.29,1.46462096032081e-11,"2","SNAP23"
6.04750270574079e-16,0.515435045968048,0.574,0.289,1.47873536160774e-11,"2","RARA"
6.13554100446316e-16,1.41098657931205,0.14,0.035,1.50026248641133e-11,"2","XPO4"
6.29512925844424e-16,0.339794055951661,0.378,0.157,1.53928500627479e-11,"2","NUB1"
6.33588793701662e-16,1.00054966865037,0.238,0.085,1.54925131835930e-11,"2","GNL1"
6.78508361510295e-16,0.82301332227423,0.247,0.089,1.65908864556497e-11,"2","CCNT1"
7.02677279769257e-16,0.494819075431736,0.545,0.269,1.71818648449179e-11,"2","PNRC2"
7.15449962823609e-16,0.588021983656247,0.321,0.131,1.74941824909629e-11,"2","WASHC3"
7.17871218530284e-16,0.620838911105126,0.399,0.18,1.75533870355025e-11,"2","SPNS1"
7.43335352221876e-16,0.359718377729472,0.473,0.215,1.81760360325293e-11,"2","COL4A3BP"
7.51418923248062e-16,0.483576025521663,0.292,0.113,1.83736955112616e-11,"2","STXBP3"
7.73790930506662e-16,0.429613038562051,0.821,0.485,1.89207358327489e-11,"2","ARHGDIA"
7.89846228500972e-16,0.426124590238207,0.461,0.216,1.93133199793058e-11,"2","MXD1"
7.91591455672991e-16,0.48477404321785,0.726,0.405,1.9355994274116e-11,"2","FUS"
8.09212592159463e-16,0.356447452609779,0.604,0.304,1.97868663034832e-11,"2","SH3BP2"
8.37317844560375e-16,0.639146607486878,0.229,0.078,2.04740959351903e-11,"2","SS18"
8.55582410618018e-16,0.371612296486198,0.562,0.274,2.09207011044318e-11,"2","WASHC4"
8.66002570820804e-16,0.530602813017909,0.348,0.145,2.11754948617103e-11,"2","CCDC115"
8.80394114233061e-16,1.57653031948438,0.119,0.026,2.15273968812268e-11,"2","KIFAP3"
9.02544389363353e-16,0.678886521586424,0.22,0.073,2.20690154087127e-11,"2","SLC25A36"
9.06560713244078e-16,0.851002368914519,0.262,0.098,2.21672225602442e-11,"2","CARD8-AS1"
9.41050628796335e-16,0.650348422805446,0.304,0.122,2.3010569975328e-11,"2","SPART"
9.56627960168911e-16,0.274919510224827,0.577,0.28,2.33914668820502e-11,"2","PNPLA8"
9.58945896504049e-16,0.640545035211772,0.354,0.15,2.3448145061317e-11,"2","CREBRF"
9.6395190144742e-16,0.988032792886877,0.202,0.065,2.35705518941923e-11,"2","AIG1"
1.02531692143784e-15,0.436398150034844,0.387,0.169,2.50710493629981e-11,"2","TTYH3"
1.06317383927291e-15,0.468736949291387,0.5,0.236,2.59967267179012e-11,"2","TMED2"
1.11168484112654e-15,0.575528381905396,0.292,0.113,2.71829177352263e-11,"2","ABT1"
1.12936746803615e-15,0.671945287355641,0.298,0.119,2.761529332842e-11,"2","CCDC90B"
1.13437182314711e-15,0.532541570821658,0.393,0.174,2.7737659819593e-11,"2","UBQLN1"
1.15664227167147e-15,0.406310740063564,0.348,0.146,2.82822168269107e-11,"2","SIPA1L1"
1.1757005020871e-15,0.514657857612012,0.33,0.135,2.87482286770337e-11,"2","PDPK1"
1.17850081392134e-15,0.685850430684962,0.25,0.091,2.88167019020045e-11,"2","KLHL24"
1.19728793812298e-15,1.23716788379262,0.205,0.069,2.92760846629832e-11,"2","GRASP"
1.2111145730403e-15,0.611521374435735,0.351,0.15,2.96141735399813e-11,"2","HSF1"
1.28079253397573e-15,1.23360986862683,0.122,0.028,3.13179390407746e-11,"2","TRMT61A"
1.30322398914999e-15,0.402261210081575,0.622,0.318,3.18664329826955e-11,"2","CCT4"
1.30595625223282e-15,0.345651678473787,0.533,0.252,3.19332422795969e-11,"2","CNIH4"
1.35038747117983e-15,0.439134875494696,0.515,0.25,3.30196744452892e-11,"2","MAP2K1"
1.36449539575106e-15,0.71574533093595,0.22,0.076,3.33646414169049e-11,"2","PLOD3"
1.38473792375163e-15,0.834452697884008,0.211,0.07,3.3859611711575e-11,"2","LINC01504"
1.4044756132559e-15,0.48171100673178,0.327,0.132,3.43422376953332e-11,"2","TOR1AIP1"
1.41926762112286e-15,0.564329033739965,0.548,0.276,3.47039318716961e-11,"2","TANK"
1.42103427640496e-15,0.714900711319172,0.256,0.094,3.4747130126654e-11,"2","TIGAR"
1.45483819541164e-15,1.06721471373327,0.152,0.041,3.55737035542055e-11,"2","HSD17B7"
1.52366444763446e-15,0.556764257028232,0.399,0.178,3.72566430735577e-11,"2","SFT2D2"
1.61205862713177e-15,0.885300730275635,0.214,0.072,3.94180575506261e-11,"2","CLK4"
1.81406572056135e-15,0.431748001568095,0.554,0.272,4.43575349991661e-11,"2","ADRM1"
1.81446230967301e-15,0.879639401606905,0.298,0.12,4.43672323961244e-11,"2","MDM2"
1.91948108349818e-15,0.514541029664628,0.664,0.365,4.69351514536976e-11,"2","C20orf27"
2.02066876966875e-15,0.438953672563625,0.562,0.276,4.94093927559402e-11,"2","SSH2"
2.03391902637874e-15,1.88566128709931,0.134,0.034,4.9733388033013e-11,"2","SLC35E4"
2.3148648129604e-15,0.685980765826012,0.274,0.106,5.66030744065077e-11,"2","CDC123"
2.33469163320085e-15,0.475448881047264,0.396,0.176,5.70878798150271e-11,"2","HK1"
2.41352646405806e-15,0.431834824918804,0.396,0.176,5.90155490991477e-11,"2","RBM42"
2.45798474028865e-15,1.22938395681955,0.104,0.021,6.0102642869538e-11,"2","MUT"
2.46349449395227e-15,0.738238100538995,0.232,0.082,6.0237367366121e-11,"2","RPA2"
2.576193254248e-15,0.264063618608517,0.997,0.989,6.2993077452872e-11,"2","PTMA"
2.73987537901791e-15,1.71834916846551,0.116,0.026,6.69954327677459e-11,"2","CDC42EP4"
2.81521610753883e-15,0.326858526107552,0.551,0.268,6.88376642615395e-11,"2","GPBAR1"
2.85709073447694e-15,0.557748702055636,0.339,0.143,6.98615826394302e-11,"2","AP3B1"
2.86113662120417e-15,0.426889777846326,0.673,0.351,6.99605126616843e-11,"2","SRSF7"
2.90653422601132e-15,0.674314387367899,0.277,0.108,7.10705748944288e-11,"2","MAGT1"
3.03454150498964e-15,1.0969731248551,0.14,0.036,7.42006088800068e-11,"2","SENP2"
3.06913786357998e-15,0.480804923786643,0.771,0.441,7.50465590402576e-11,"2","MAP1LC3B"
3.07412903832399e-15,0.489026923045075,0.363,0.155,7.51686032450982e-11,"2","ITPK1"
3.09302731966171e-15,0.74467573066467,0.217,0.075,7.56307040203681e-11,"2","CDK16"
3.26139497242104e-15,0.645112953944825,0.274,0.106,7.97476298656392e-11,"2","ASCC2"
3.27070129395735e-15,0.813551999891864,0.295,0.121,7.99751880398452e-11,"2","PDE4A"
3.39548986959931e-15,0.432939511435431,0.938,0.712,8.30265182914422e-11,"2","CAP1"
3.51153271714991e-15,0.425245845032747,0.696,0.383,8.58639979997496e-11,"2","NBPF26"
3.61875382930937e-15,0.494368643889068,0.539,0.271,8.84857686342726e-11,"2","ETF1"
3.61960876587852e-15,0.44166717252144,0.768,0.464,8.85066735432616e-11,"2","THEMIS2"
3.80565450142921e-15,0.558367696159265,0.378,0.169,9.3055863868947e-11,"2","BEST1"
3.82611999740179e-15,0.615545772635577,0.333,0.14,9.35562861764686e-11,"2","SECISBP2"
4.52964937555612e-15,0.786139692054983,0.238,0.087,1.10758986531098e-10,"2","TRPV2"
4.5652194280071e-15,1.10884636178068,0.179,0.056,1.1162874545363e-10,"2","RIPK1"
5.07747308360522e-15,0.448623249214525,0.94,0.688,1.24154371840315e-10,"2","CDC42"
5.08724095548906e-15,0.641962491209335,0.426,0.204,1.24393215843619e-10,"2","AZIN1"
5.19052523565894e-15,1.63472512009698,0.122,0.029,1.26918723062332e-10,"2","MIR3142HG"
5.35419624565191e-15,1.02028611978327,0.176,0.054,1.30920806598681e-10,"2","PBXIP1"
5.38588151503907e-15,0.591734614177812,0.351,0.154,1.31695574805735e-10,"2","B4GALT5"
5.39779419304658e-15,0.880032280300789,0.17,0.051,1.31986863608375e-10,"2","ACP2"
5.63806968745216e-15,0.418124583313716,0.399,0.177,1.3786207999758e-10,"2","SAR1A"
5.76344444634801e-15,0.585070379683605,0.482,0.235,1.40927743602102e-10,"2","ETS2"
5.95891900336422e-15,0.363026401787558,0.485,0.231,1.45707487470262e-10,"2","CCNDBP1"
6.13325763706075e-15,0.493762827187574,0.467,0.225,1.49970415741409e-10,"2","PFDN1"
6.22182384282671e-15,0.52356149550039,0.414,0.191,1.52136036604799e-10,"2","CBWD2"
6.34996447469247e-15,1.07729399606536,0.152,0.042,1.5526933133518e-10,"2","SRBD1"
6.48430246912344e-15,0.484666766752343,0.562,0.298,1.58554163975006e-10,"2","NFKB1"
6.58025619369039e-15,1.13789802871171,0.179,0.056,1.60900424448117e-10,"2","TRMO"
6.58860870591549e-15,0.454983076770037,0.384,0.17,1.61104660077046e-10,"2","EAPP"
6.63031684961478e-15,0.799542616629681,0.235,0.085,1.62124507606781e-10,"2","EXOC1"
6.85209834095414e-15,0.405172941867034,0.56,0.278,1.67547508633011e-10,"2","DDX24"
6.87375760516055e-15,0.80912060913245,0.241,0.089,1.68077120961386e-10,"2","CDS2"
6.92901780063589e-15,0.571621235274623,0.312,0.127,1.69428343261149e-10,"2","ARID4A"
7.15732584357456e-15,0.668911280394207,0.22,0.077,1.75010931527085e-10,"2","ABHD3"
7.17970120875951e-15,0.54184356351312,0.256,0.096,1.75558053956588e-10,"2","DERA"
7.26026706061113e-15,0.437957680012864,0.369,0.162,1.77528050166063e-10,"2","DOCK5"
7.30836639801907e-15,0.809015214511352,0.196,0.065,1.78704175164362e-10,"2","MRRF"
7.40272061062739e-15,0.446567989773471,0.5,0.245,1.81011324371061e-10,"2","RELB"
7.54915274909918e-15,0.388888713744267,0.744,0.437,1.84591883020973e-10,"2","CSK"
7.74032112743335e-15,0.530087985505955,0.372,0.167,1.89266332208e-10,"2","TMX1"
7.85925891733747e-15,0.60467088697024,0.36,0.159,1.92174599046736e-10,"2","PDCL3"
8.14904501564762e-15,0.522102050308269,0.396,0.182,1.99260448722616e-10,"2","KPNA4"
8.27015326202899e-15,0.306829970904132,0.583,0.291,2.02221787563133e-10,"2","RAB11A"
8.33885899342717e-15,0.489767764945528,0.36,0.157,2.03901780107281e-10,"2","ATF6B"
8.5189208221474e-15,0.443080858819595,0.292,0.115,2.08304651943148e-10,"2","REST"
8.73100727654568e-15,0.509702163768859,0.554,0.289,2.13490589926095e-10,"2","MAPK1"
8.97998723508544e-15,0.445957976090314,0.536,0.269,2.19578647872309e-10,"2","TMPO"
9.37128960279606e-15,0.418416300051276,0.479,0.229,2.29146773367569e-10,"2","ADSS"
9.55279588687972e-15,0.886068372413113,0.122,0.029,2.33584965025983e-10,"2","FZD1"
9.83527090124441e-15,0.622602179580975,0.253,0.095,2.40492044077228e-10,"2","GLRX2"
9.8919463925501e-15,0.680690415461936,0.336,0.147,2.41877873190635e-10,"2","OTUD1"
1.04189699140786e-14,0.949950951199811,0.196,0.065,2.54764652339049e-10,"2","ARRDC3"
1.07613548885542e-14,0.449722734330249,0.44,0.204,2.63136649734926e-10,"2","BAG6"
1.12371804397471e-14,0.346483863524375,0.958,0.858,2.74771536112696e-10,"2","ARHGDIB"
1.13746635974403e-14,0.385889272665519,0.318,0.13,2.7813327428461e-10,"2","TUBA4A"
1.30790369650959e-14,0.498435613431801,0.768,0.47,3.19808611870524e-10,"2","TBXAS1"
1.42863326680572e-14,0.752449704182043,0.211,0.073,3.49329406399336e-10,"2","SUCO"
1.45719998418541e-14,0.393171964146946,0.327,0.137,3.56314540133017e-10,"2","TM9SF4"
1.49182921068736e-14,0.456461839988585,0.524,0.261,3.64782078597274e-10,"2","SH2B3"
1.50562786536524e-14,0.57704959218208,0.366,0.166,3.6815612563911e-10,"2","ADAM17"
1.51983427428302e-14,0.665602003487666,0.259,0.1,3.71629876747684e-10,"2","MAD1L1"
1.5226157241372e-14,0.717814159614044,0.256,0.099,3.72309996866028e-10,"2","PAF1"
1.55701279692683e-14,0.598973126537861,0.259,0.1,3.80720769104549e-10,"2","TNPO1"
1.57986252973011e-14,0.537359472208535,0.458,0.225,3.86307985769607e-10,"2","DNTTIP2"
1.60042649746962e-14,0.634292718768036,0.333,0.145,3.91336287161272e-10,"2","DDX27"
1.62471370244027e-14,0.570433395966715,0.28,0.111,3.97274994520695e-10,"2","EGLN2"
1.64327477804164e-14,0.338952242567839,0.476,0.225,4.01813548726742e-10,"2","ARID4B"
1.65882325535071e-14,0.667501337069099,0.31,0.131,4.05615462398355e-10,"2","POR"
1.7551937581384e-14,0.506716887639144,0.339,0.144,4.29179977740001e-10,"2","XIAP"
1.8544134988873e-14,0.50714108916432,0.241,0.089,4.53441188747923e-10,"2","MTHFR"
1.86654910015079e-14,0.716170457994095,0.283,0.115,4.56408585968872e-10,"2","ZPR1"
1.86679656458556e-14,0.373148356095262,0.396,0.177,4.56469095972461e-10,"2","CDK2AP1"
1.94907069083551e-14,0.610509159882171,0.22,0.078,4.76586765323098e-10,"2","TSPAN3"
1.96398012875329e-14,0.451635851102367,0.351,0.152,4.80232421082754e-10,"2","CYB561D2"
1.96926128271937e-14,0.325832875783408,0.646,0.335,4.8152376885054e-10,"2","WIPF1"
1.99514245816338e-14,0.407866126632143,0.432,0.203,4.8785223387011e-10,"2","CYLD"
2.02151815325663e-14,0.495808443259384,0.33,0.141,4.9430161883431e-10,"2","PMVK"
2.03166735678064e-14,0.506270088450477,0.497,0.246,4.96783302080001e-10,"2","HSPA9"
2.04397622912902e-14,0.932416216723336,0.173,0.054,4.99793067546627e-10,"2","ST6GAL1"
2.05772542325941e-14,0.385466602874765,0.405,0.186,5.03155020495392e-10,"2","MECP2"
2.15311714443999e-14,0.791569064722692,0.253,0.098,5.26480204158466e-10,"2","PACSIN2"
2.22139018518255e-14,1.74652096482284,0.101,0.021,5.43174328080837e-10,"2","ST6GALNAC2"
2.30478412749011e-14,0.474326254272889,0.378,0.171,5.63565814853881e-10,"2","YTHDF3"
2.39996606898531e-14,0.438297066013588,0.44,0.209,5.86839703188289e-10,"2","GYG1"
2.42411654194531e-14,0.722273968809294,0.292,0.121,5.92744976836468e-10,"2","DNAJC2"
2.43764112926936e-14,0.699870872104215,0.199,0.067,5.96052008928944e-10,"2","NUP93"
2.44534443108175e-14,0.462561742504885,0.384,0.172,5.97935620288109e-10,"2","HGSNAT"
2.50102610269981e-14,0.308038336818322,0.372,0.163,6.11550902632157e-10,"2","ARRB1"
2.59000021083157e-14,0.35749292868158,0.262,0.102,6.33306851552535e-10,"2","DHX8"
2.60809398175146e-14,0.517240040245137,0.405,0.19,6.37731140417866e-10,"2","CCT2"
2.63389081373456e-14,1.02416258884301,0.167,0.051,6.44038981774374e-10,"2","FAF1"
2.78114159134177e-14,0.375207764629815,0.524,0.26,6.80044741914889e-10,"2","TPR"
2.79322804195885e-14,0.375530372145295,0.762,0.437,6.83000120819777e-10,"2","JAK1"
2.93326039640381e-14,0.635101871540011,0.286,0.117,7.17240832128659e-10,"2","SNRK"
3.05852182744301e-14,0.633143226154609,0.336,0.146,7.47869757246365e-10,"2","AGO2"
3.06210163914184e-14,1.02745992662084,0.179,0.058,7.48745092802962e-10,"2","ZNF830"
3.25284973550765e-14,0.584657921237381,0.824,0.572,7.95386817326331e-10,"2","SRSF5"
3.28059329658841e-14,0.35397974798972,0.625,0.319,8.02170672881799e-10,"2","VDAC1"
3.33243198157711e-14,0.960809945677344,0.131,0.034,8.14846268135234e-10,"2","FAM157C"
3.49893142326267e-14,0.348220609142485,0.655,0.345,8.55558711616189e-10,"2","CELF2"
3.68960606907674e-14,0.40916503513303,0.708,0.392,9.02182476010645e-10,"2","CALR"
3.80475718793731e-14,0.442633254689402,0.301,0.123,9.30339227594432e-10,"2","MOB4"
4.03521939828255e-14,0.535839678697501,0.345,0.153,9.8669184726805e-10,"2","MRPL47"
4.22769030100014e-14,0.306067114103191,0.467,0.225,1.03375483240055e-09,"2","MPHOSPH8"
4.40553108863921e-14,0.514767915783307,0.393,0.183,1.07724046179406e-09,"2","BCL7B"
4.41455461428581e-14,0.317853353918451,0.307,0.125,1.07944689428517e-09,"2","TPST2"
4.7150839793373e-14,0.707562276312209,0.22,0.08,1.15293233462756e-09,"2","CRNKL1"
4.75355835772307e-14,0.296434490370042,0.384,0.171,1.16234008963045e-09,"2","TMEM120A"
4.77318818210956e-14,0.392603205234209,0.205,0.07,1.16713997428943e-09,"2","HSPBAP1"
4.87410584368881e-14,0.705241912105353,0.268,0.109,1.19181636089879e-09,"2","MTMR6"
4.88545443294116e-14,0.930507287335891,0.128,0.033,1.19459131794277e-09,"2","CGRRF1"
4.9712488925517e-14,0.416314499225081,0.417,0.197,1.21556977920674e-09,"2","SPPL2A"
5.02208369754756e-14,0.644072182942005,0.372,0.174,1.22799990572433e-09,"2","MIR22HG"
5.08386816908603e-14,0.670288436715885,0.265,0.106,1.24310744470492e-09,"2","TMEM70"
5.18400168434351e-14,0.347856089558038,0.643,0.339,1.26759209185568e-09,"2","PAPOLA"
5.3517215289726e-14,0.433052850449484,0.333,0.144,1.30860294826438e-09,"2","RNF187"
5.3595211103402e-14,0.319760181285742,0.414,0.192,1.31051010190039e-09,"2","NECAP2"
5.36297395539543e-14,0.683985817693014,0.247,0.093,1.31135439157329e-09,"2","FRY"
5.38903483338702e-14,1.15343219131058,0.143,0.04,1.31772679745979e-09,"2","ILVBL"
5.45582364618601e-14,0.424721766755113,0.387,0.176,1.3340579979654e-09,"2","ACTR1A"
5.48955144808311e-14,0.408171037222322,0.455,0.221,1.34230512008528e-09,"2","CNDP2"
5.49229099502201e-14,1.15967775493413,0.122,0.031,1.34297499410278e-09,"2","LOXL3"
5.91090113661776e-14,1.11305008698003,0.146,0.042,1.44533354592577e-09,"2","ZNF100"
5.99741482063986e-14,0.7415593664877,0.277,0.114,1.46648787194286e-09,"2","NIPA2"
6.14564590052233e-14,0.433969862849972,0.455,0.225,1.50273333559572e-09,"2","PPP1R11"
6.17395656614355e-14,1.07778956724612,0.185,0.062,1.50965585955342e-09,"2","CCDC117"
6.39397863729641e-14,0.578085995453244,0.318,0.137,1.56345565639172e-09,"2","BCL10"
6.43994053183624e-14,0.433266862678146,0.39,0.182,1.5746942588446e-09,"2","RRP12"
6.48316747824949e-14,0.438004821384529,0.321,0.136,1.58526411178156e-09,"2","CNTRL"
6.60547443400474e-14,0.657536538621807,0.185,0.061,1.61517060860284e-09,"2","TOR4A"
6.69819250957259e-14,1.24454262139502,0.101,0.022,1.63784203244069e-09,"2","MROH6"
6.80456134341444e-14,0.385317915833172,0.56,0.289,1.6638513396917e-09,"2","SHISA5"
6.86181294084232e-14,0.925423988629766,0.217,0.081,1.67785050029476e-09,"2","GOLT1B"
6.94004981130814e-14,1.27438191776236,0.134,0.037,1.69698097986107e-09,"2","RBM48"
7.15582125669199e-14,0.391372294893598,0.58,0.307,1.74974141368632e-09,"2","NUCB1"
7.28410956861612e-14,0.459985474629362,0.688,0.393,1.78111047171801e-09,"2","BZW1"
7.34587145194105e-14,0.889516532051065,0.161,0.049,1.79621248742862e-09,"2","MACO1"
7.41568381378049e-14,0.583111407930646,0.327,0.144,1.8132830061456e-09,"2","IMPDH2"
7.62743437159104e-14,0.548406220275906,0.193,0.065,1.86506025254144e-09,"2","TSR2"
7.68017135586341e-14,0.568211983217858,0.256,0.1,1.87795549993572e-09,"2","CNOT6L"
7.80968729853123e-14,1.47843992767293,0.137,0.039,1.90962473823686e-09,"2","TUBB2A"
7.90046803007108e-14,0.813515348867531,0.202,0.072,1.93182244271298e-09,"2","UPF3B"
8.02886507664097e-14,0.491441424787062,0.366,0.165,1.96321808854025e-09,"2","ACO2"
8.02976104542969e-14,0.564811919037201,0.241,0.092,1.96343717082847e-09,"2","PWP1"
8.34223200817843e-14,0.711100894591052,0.193,0.065,2.03984257063979e-09,"2","TBCC"
8.3672342456965e-14,0.417732866768676,0.42,0.198,2.04595611775771e-09,"2","NRBP1"
8.42390676970827e-14,0.944771239136001,0.185,0.062,2.05981368332907e-09,"2","RCE1"
8.44323308246541e-14,0.440350634940707,0.491,0.246,2.06453935332444e-09,"2","MAPRE1"
8.72898800675286e-14,1.48630031691166,0.101,0.022,2.13441214741121e-09,"2","FAM200A"
8.86313191691575e-14,0.395996380155339,0.815,0.478,2.16721301632424e-09,"2","NOP53"
8.94729897950998e-14,0.437493214501193,0.929,0.628,2.18779354646978e-09,"2","SDCBP"
9.06940975017389e-14,0.891598985952401,0.182,0.06,2.21765207211252e-09,"2","TWF1"
9.55887077339817e-14,0.639850156604907,0.265,0.106,2.33733508151132e-09,"2","MRPS22"
9.58593229504234e-14,0.601689115310138,0.36,0.163,2.34395216478375e-09,"2","IRF8"
1.0275943046338e-13,0.403713843011966,0.482,0.242,2.51267359369056e-09,"2","TMOD3"
1.02970040394393e-13,1.10909776785573,0.119,0.03,2.5178234277237e-09,"2","MOB3C"
1.06795375307028e-13,0.603103131221131,0.256,0.102,2.61136051700746e-09,"2","GNL2"
1.10717689513283e-13,0.753807111133458,0.182,0.06,2.7072689439788e-09,"2","CUL2"
1.15035241849071e-13,0.276841994832456,0.402,0.184,2.81284173369349e-09,"2","C15orf39"
1.16576985376913e-13,0.539150968511098,0.217,0.078,2.85054044643627e-09,"2","SP140L"
1.16648852500984e-13,0.54651637180998,0.256,0.102,2.85229774135406e-09,"2","PPIL4"
1.19071251896967e-13,1.04215927720916,0.173,0.056,2.91153025138464e-09,"2","PDK3"
1.22209916445342e-13,0.348683005783123,0.277,0.111,2.9882768769215e-09,"2","CEP57"
1.24422219144097e-13,0.619550869922675,0.241,0.092,3.04237210251146e-09,"2","DPM1"
1.26122765155596e-13,0.548308046455139,0.205,0.072,3.08395385358464e-09,"2","PIK3C3"
1.28837952012393e-13,0.380935170704753,0.482,0.24,3.15034560260705e-09,"2","FAM32A"
1.32415315113772e-13,0.617294633185847,0.283,0.117,3.23781928516194e-09,"2","WDR13"
1.34534183097652e-13,1.04598154520326,0.143,0.041,3.2896298451038e-09,"2","SPATA5L1"
1.38987361277468e-13,0.307721171047376,0.387,0.176,3.39851895795664e-09,"2","ATG12"
1.42228591023599e-13,0.476351353939719,0.256,0.101,3.47777350770904e-09,"2","DDX50"
1.42883075664412e-13,1.17708550452618,0.161,0.051,3.49377696614621e-09,"2","PLK2"
1.42995254918459e-13,0.301014667240875,0.607,0.311,3.49651997326615e-09,"2","LMAN2"
1.51186858659752e-13,0.341189654917234,0.759,0.447,3.69682106794827e-09,"2","VMP1"
1.55350090071552e-13,0.453263549601642,0.554,0.295,3.79862040242958e-09,"2","RNPEP"
1.57014500127181e-13,0.349247515268146,0.833,0.476,3.83931855710983e-09,"2","RILPL2"
1.59809977983073e-13,0.367189465110421,0.274,0.109,3.90767358164211e-09,"2","INPP4A"
1.62264241277929e-13,0.310703254038935,0.557,0.288,3.96768522772792e-09,"2","TREM1"
1.67733103829279e-13,0.820291424746493,0.274,0.116,4.10140985483352e-09,"2","INPP1"
1.68981392174012e-13,0.446198084845762,0.283,0.117,4.13193300143893e-09,"2","NASP"
1.7519971031119e-13,0.926731685475246,0.134,0.037,4.28398331652922e-09,"2","CD101"
1.85232714442805e-13,0.407971406497112,0.289,0.119,4.52931033355547e-09,"2","SORT1"
1.96177549115347e-13,0.624083368711356,0.235,0.091,4.79693343096847e-09,"2","SMC5"
1.97819375072958e-13,0.546085394678129,0.58,0.334,4.83707935928396e-09,"2","ISG15"
1.97930719641398e-13,0.612274105523204,0.223,0.084,4.83980195667147e-09,"2","VRK3"
2.04704303625162e-13,0.321331975880147,0.354,0.159,5.00542963224246e-09,"2","STARD3NL"
2.07989698505195e-13,0.672158117682748,0.247,0.098,5.08576410784902e-09,"2","RAP2C"
2.13782826924381e-13,0.837770137076333,0.152,0.046,5.22741768395496e-09,"2","MYNN"
2.18965635957328e-13,0.526961390009538,0.241,0.093,5.35414773042858e-09,"2","SYNRG"
2.22455420409546e-13,0.430363602494905,0.327,0.144,5.43947993985423e-09,"2","GPAA1"
2.24237513876173e-13,1.11141148172658,0.128,0.035,5.48305568930018e-09,"2","XYLT1"
2.24801338680272e-13,0.408260131149131,0.286,0.118,5.49684233341002e-09,"2","ISCA1"
2.26797400964936e-13,0.400410755809683,0.342,0.152,5.54565004839462e-09,"2","MED4"
2.27203451915453e-13,0.471096978471247,0.277,0.115,5.55557880623665e-09,"2","TPP2"
2.2859993660408e-13,0.345946235961324,0.631,0.341,5.58972564984296e-09,"2","CNN2"
2.32537038663848e-13,0.628999829168652,0.22,0.082,5.68599566940842e-09,"2","RBM18"
2.36919155491261e-13,0.770920561081156,0.205,0.074,5.79314719007232e-09,"2","TCF12"
2.64096573484164e-13,0.389298868931228,0.223,0.082,6.45768941483478e-09,"2","RAB29"
2.69829595426015e-13,0.822711000947845,0.155,0.047,6.59787326735693e-09,"2","THOC5"
2.70649906814851e-13,0.383204234040699,0.494,0.249,6.61793152143673e-09,"2","SERINC3"
2.76272498704356e-13,0.420954298893059,0.324,0.142,6.75541513831892e-09,"2","SMARCC1"
2.78373934384836e-13,0.39623096829948,0.658,0.371,6.806799443578e-09,"2","DBNL"
3.00118305508868e-13,0.601893480407289,0.307,0.132,7.33849280630283e-09,"2","LPP"
3.06011568240797e-13,0.314469039633419,0.58,0.3,7.48259486662396e-09,"2","LAMP1"
3.09360426525564e-13,0.620298064286898,0.235,0.091,7.56448114940308e-09,"2","TMEM199"
3.28908827521836e-13,0.705461998588065,0.235,0.092,8.04247865056394e-09,"2","COPS8"
3.36282516625188e-13,0.332511199651972,0.387,0.179,8.22278009651909e-09,"2","TXNDC12"
3.42107343299214e-13,0.298108661102443,0.503,0.251,8.36520875835239e-09,"2","VAMP3"
3.50122873334272e-13,0.548781408131023,0.271,0.111,8.56120449876962e-09,"2","SCAMP3"
3.51972424520217e-13,0.682964272930145,0.208,0.076,8.60642972436836e-09,"2","CA5B"
3.59247644203708e-13,0.31063763121467,0.446,0.217,8.78432339606907e-09,"2","TUT7"
3.60316422406347e-13,0.502561491609564,0.286,0.12,8.81045716067999e-09,"2","CCDC174"
3.63374277492685e-13,0.704451651129879,0.247,0.099,8.88522783325114e-09,"2","RNFT1"
3.77180142008867e-13,0.326755117223374,0.443,0.215,9.22280883240081e-09,"2","DCAF7"
3.83542268297989e-13,0.66654800018379,0.205,0.074,9.37837554442243e-09,"2","CFAP298"
3.93720791426133e-13,1.32866363284724,0.101,0.023,9.62726079195182e-09,"2","GALE"
4.31915166759241e-13,0.695899031900399,0.274,0.115,1.0561189657597e-08,"2","OXR1"
4.54810697746796e-13,0.874365293566189,0.164,0.052,1.11210311813047e-08,"2","LIMD1"
4.60760432922845e-13,0.922120679936885,0.152,0.046,1.12665141058294e-08,"2","SLC39A6"
4.73415858268995e-13,0.859289340045491,0.185,0.065,1.15759645663935e-08,"2","SMC4"
4.78672157023189e-13,0.364293771265296,0.527,0.271,1.1704491583531e-08,"2","KMT2C"
4.85730014793334e-13,0.365890819438353,0.506,0.255,1.18770703217266e-08,"2","IKZF1"
4.91449994601184e-13,0.288117898138063,0.324,0.142,1.20169352679881e-08,"2","KIAA0513"
4.92497519409614e-13,0.859128753095368,0.19,0.067,1.20425493446039e-08,"2","DNAJB2"
4.94204991364324e-13,0.610487091697233,0.22,0.084,1.20843004488404e-08,"2","MCM5"
4.95274089671656e-13,0.676970590372335,0.182,0.062,1.21104420406513e-08,"2","REPS1"
4.99441144415854e-13,0.330660231732887,0.277,0.114,1.22123348632565e-08,"2","TIAM1"
4.9956955846847e-13,0.767187088769528,0.211,0.078,1.2215474843671e-08,"2","CWC22"
5.03295632262609e-13,0.700536353208324,0.208,0.077,1.23065848000853e-08,"2","ARMCX6"
5.05028507432382e-13,1.11197687356676,0.137,0.04,1.23489570637366e-08,"2","PIGH"
5.09188646345862e-13,0.355714827576744,0.964,0.839,1.2450680780449e-08,"2","SPI1"
5.09882824325422e-13,0.502688152133239,0.253,0.101,1.24676548204052e-08,"2","SMARCE1"
5.17717447502932e-13,0.37285952429118,0.747,0.438,1.26592270263417e-08,"2","AKAP13"
5.21298176985711e-13,0.303272668418487,0.452,0.222,1.27467830236546e-08,"2","CD300LF"
5.26853396491466e-13,0.6381221572366,0.205,0.075,1.28826192510093e-08,"2","SGTA"
5.30238960285073e-13,0.607744957568514,0.265,0.11,1.29654030568906e-08,"2","SNX14"
5.36608436066155e-13,0.313015319300268,0.619,0.332,1.31211494786896e-08,"2","RAB2A"
5.41639767229835e-13,0.328476843321613,0.262,0.105,1.32441755883039e-08,"2","ARSA"
5.53860590343008e-13,0.380984644984474,0.875,0.587,1.35429991550672e-08,"2","LY6E"
5.88502821780235e-13,0.672341106458762,0.229,0.089,1.43900709981703e-08,"2","RNF168"
5.88646515128233e-13,0.426685227689227,0.869,0.568,1.43935845879156e-08,"2","PTPRE"
5.96904159171042e-13,0.352690889606279,0.5,0.253,1.45955005000503e-08,"2","CD46"
6.01283254451585e-13,0.503527596379874,0.244,0.097,1.47025781378502e-08,"2","PLAA"
6.06834575915623e-13,0.364060099624656,0.438,0.216,1.48383190502888e-08,"2","SOCS3"
6.11175147001065e-13,0.968057556074249,0.211,0.081,1.49444546944701e-08,"2","VPS37C"
6.12043588785449e-13,0.255860082969459,0.574,0.295,1.49656898329818e-08,"2","MYO9B"
6.14876452552816e-13,0.467722236255531,0.381,0.181,1.50349590178215e-08,"2","ABI1"
6.21747730227482e-13,0.305478568570255,0.482,0.238,1.52029754995224e-08,"2","FAM50A"
6.24990425086607e-13,0.369329263426678,0.342,0.154,1.52822658742177e-08,"2","SAFB2"
6.37673604183141e-13,0.596611528435147,0.232,0.09,1.55923949694862e-08,"2","PLEKHM1"
6.43696125735755e-13,0.733023301339014,0.17,0.056,1.57396576664907e-08,"2","WDR48"
6.45516779997979e-13,0.491430055090865,0.443,0.218,1.57841763045106e-08,"2","TXNL1"
6.68414090799778e-13,0.946201176592352,0.173,0.059,1.63440613482362e-08,"2","SNHG12"
6.74917465656129e-13,0.354937492550567,0.938,0.741,1.65030818702237e-08,"2","MYL12B"
6.83752682988307e-13,0.401732403204328,0.786,0.459,1.67191206044301e-08,"2","MYADM"
6.88979809504849e-13,0.378797609758787,0.435,0.209,1.68469343020126e-08,"2","YIPF3"
7.06765938678414e-13,0.29102733902407,0.717,0.405,1.72818407325646e-08,"2","NDUFA6"
7.2760330283291e-13,0.408651862835244,0.423,0.205,1.77913559608703e-08,"2","PSMD13"
7.2768537730952e-13,0.795792991664466,0.211,0.08,1.77933628459724e-08,"2","CRKL"
7.33995870466244e-13,1.37407432440404,0.113,0.029,1.79476670246406e-08,"2","VAV2"
7.52689634207261e-13,0.266659961975582,0.411,0.194,1.84047669356359e-08,"2","DHX36"
7.54411207284532e-13,0.345721989647041,0.482,0.242,1.84468628405214e-08,"2","TMED5"
7.72161018106083e-13,0.409743474185134,0.958,0.732,1.88808812147299e-08,"2","HNRNPA2B1"
7.7558873403842e-13,0.52135736372248,0.265,0.109,1.89646957247074e-08,"2","RPIA"
7.9392537306603e-13,0.965189547709226,0.173,0.059,1.94130632222106e-08,"2","PLRG1"
8.0271457213834e-13,0.310553328683297,0.423,0.203,1.96279767179267e-08,"2","RBM4"
8.04255176384949e-13,0.328578798106365,0.399,0.19,1.96656475729648e-08,"2","RNF167"
8.16893435057975e-13,0.335489764064531,0.354,0.161,1.99746782740376e-08,"2","NKTR"
8.4914309264906e-13,0.453045055801176,0.521,0.274,2.07632469014548e-08,"2","SLC3A2"
9.12067800281665e-13,0.465312758653573,0.324,0.146,2.23018818524873e-08,"2","HPRT1"
9.42453305669678e-13,0.990068186243481,0.122,0.033,2.3044868230235e-08,"2","SPATA6"
9.55328679089838e-13,0.856077490525623,0.155,0.049,2.33596968611047e-08,"2","BIN3"
9.56948654472689e-13,0.695352756476465,0.208,0.078,2.33993084991662e-08,"2","NSMCE3"
9.70334662601524e-13,0.449144722712184,0.312,0.139,2.37266231699325e-08,"2","KIDINS220"
9.73327494681526e-13,0.437048279246417,0.354,0.164,2.37998038999527e-08,"2","TMF1"
9.93273230814658e-13,0.67171118803441,0.232,0.092,2.428751703988e-08,"2","CYB5B"
1.01544435607508e-12,0.436422336830149,0.634,0.351,2.48296453947478e-08,"2","IRAK3"
1.02505794748625e-12,0.575829507699537,0.232,0.092,2.50647169319339e-08,"2","TAPBPL"
1.02877570213939e-12,0.251059733585387,0.658,0.353,2.51556234687123e-08,"2","MAP2K3"
1.06514464445766e-12,0.464821771442985,0.363,0.172,2.60449168462787e-08,"2","VPS26A"
1.08232503214377e-12,0.996036697587497,0.134,0.039,2.64650116859794e-08,"2","TAF1B"
1.08835167764048e-12,0.677096476054154,0.173,0.058,2.66123752216649e-08,"2","CRADD"
1.09407900818546e-12,0.274693400336643,0.357,0.165,2.67524199081509e-08,"2","RCOR1"
1.0988687303841e-12,0.495472397782613,0.259,0.106,2.68695381953521e-08,"2","DCTN1"
1.12798635145046e-12,0.300265000499465,0.369,0.17,2.75815222656666e-08,"2","ADAP2"
1.14999220816158e-12,0.406262673097106,0.711,0.413,2.8119609473967e-08,"2","KHDRBS1"
1.16559546594944e-12,0.413049394127927,0.295,0.128,2.85011403333958e-08,"2","NGDN"
1.17873589999425e-12,1.31801520737682,0.125,0.035,2.88224502266593e-08,"2","AFMID"
1.17911802012604e-12,0.358623395830605,0.583,0.307,2.88317938281218e-08,"2","CCT8"
1.24104366085647e-12,0.255508560008722,0.827,0.492,3.03459995952624e-08,"2","SLC11A1"
1.2453049095993e-12,0.264473299100533,0.81,0.471,3.0450195649522e-08,"2","C19orf38"
1.26222219926668e-12,1.07884505425527,0.152,0.048,3.08638572164688e-08,"2","AMDHD2"
1.27265039698996e-12,0.673476103690495,0.167,0.055,3.11188475071985e-08,"2","TFIP11"
1.2933900783646e-12,0.618460426700479,0.324,0.148,3.16259741961712e-08,"2","CWC25"
1.29525464456725e-12,0.398510494789868,0.583,0.315,3.16715665689584e-08,"2","PHF20"
1.42321433935738e-12,0.801388745406197,0.17,0.057,3.48004370259668e-08,"2","SNAPC5"
1.49210650992355e-12,0.995709404900993,0.14,0.042,3.64849883806507e-08,"2","ATRIP"
1.50513556089257e-12,0.387514239587239,0.649,0.36,3.68035747349452e-08,"2","PPP1CB"
1.50905632871427e-12,0.464863353819537,0.226,0.087,3.68994453497214e-08,"2","UNC13D"
1.53596568751481e-12,0.593909927666759,0.199,0.072,3.75574329911122e-08,"2","AGA"
1.58292352675682e-12,0.683706546577646,0.196,0.072,3.87056460762577e-08,"2","CCDC91"
1.59098281628806e-12,0.38770235848805,0.744,0.433,3.89027118238755e-08,"2","CIB1"
1.61243602066076e-12,0.327104066541998,0.765,0.457,3.94272855771968e-08,"2","MT-ND6"
1.65276326566774e-12,0.259239137027283,0.622,0.327,4.04133673721076e-08,"2","MAGOH"
1.65458070023576e-12,0.363245983937982,0.446,0.225,4.04578072821649e-08,"2","CLK1"
1.68877849858514e-12,1.25689359810221,0.122,0.034,4.12940118474038e-08,"2","RIOX1"
1.74264039444711e-12,0.474156669713369,0.396,0.193,4.26110429250206e-08,"2","KDM5A"
1.76322939299934e-12,0.282942968973998,0.446,0.218,4.31144851176198e-08,"2","MEA1"
1.81646674534893e-12,0.734222252333323,0.262,0.112,4.44162448572721e-08,"2","RABGEF1"
1.86405955016501e-12,0.432352000807717,0.268,0.111,4.55799841206348e-08,"2","TPMT"
1.88418401836999e-12,0.882896257106042,0.208,0.08,4.6072067617183e-08,"2","CYTH2"
1.93475248744768e-12,0.5932699489784,0.307,0.137,4.73085678230706e-08,"2","RABGGTB"
1.93546842178451e-12,0.929767722972227,0.205,0.077,4.73260738494749e-08,"2","XPC"
1.93832300517714e-12,0.497557036233141,0.259,0.106,4.73958741225914e-08,"2","SESTD1"
1.94265948629917e-12,0.48050200043785,0.28,0.118,4.75019097589873e-08,"2","HERC1"
1.98155553317848e-12,0.934552227923962,0.205,0.078,4.84529958972801e-08,"2","TSC22D2"
1.98723137238882e-12,0.502381237593891,0.217,0.082,4.85917815176515e-08,"2","PPP1R21"
1.99008030545811e-12,0.506662879182368,0.185,0.065,4.86614436290618e-08,"2","LINC00324"
1.9955832767395e-12,0.752913331703805,0.205,0.077,4.87960022828342e-08,"2","RMC1"
2.09038728164386e-12,0.448171947297599,0.256,0.105,5.11141498107557e-08,"2","TMEM87A"
2.11396951139157e-12,0.876210136310239,0.199,0.075,5.16907824925468e-08,"2","NGRN"
2.1284536965072e-12,0.63631272841762,0.289,0.125,5.2044949786994e-08,"2","KIAA1109"
2.14467312533736e-12,0.414350899436169,0.312,0.14,5.24415472607491e-08,"2","ZNF644"
2.16923353448159e-12,0.76088432710798,0.202,0.077,5.30420983851438e-08,"2","RLF"
2.22643381538761e-12,0.748686914429653,0.214,0.084,5.44407596538579e-08,"2","RRN3"
2.41121818645035e-12,0.387000801966509,0.72,0.418,5.89591070950841e-08,"2","PRRC2C"
2.45001569219034e-12,0.73456472730805,0.226,0.091,5.99077837054382e-08,"2","PRELID3B"
2.49113599295092e-12,0.511744221244681,0.202,0.075,6.09132572996359e-08,"2","DTD1"
2.51457726157945e-12,0.309447192151624,0.363,0.171,6.14864432001407e-08,"2","YIPF4"
2.5636242004533e-12,0.348249028969962,0.568,0.306,6.26857389494841e-08,"2","ARL6IP1"
2.7042304407055e-12,0.658424114522334,0.289,0.131,6.61238427361308e-08,"2","ABCA1"
2.78616411588009e-12,0.408024201243404,0.342,0.158,6.81272849615e-08,"2","YIF1A"
2.90501605553064e-12,0.60029038798329,0.217,0.085,7.10334525898353e-08,"2","TNNI2"
2.93708915418472e-12,0.465285894142242,0.289,0.126,7.18177039981249e-08,"2","AFG3L2"
2.96561472102779e-12,0.672979308095751,0.179,0.063,7.25152111585714e-08,"2","CNTLN"
2.98296687372309e-12,0.320563343508632,0.732,0.434,7.2939505996277e-08,"2","GHITM"
3.01816757546158e-12,0.54508276245064,0.268,0.115,7.38002335551866e-08,"2","DOCK10"
3.30410162865527e-12,0.341958953264038,0.768,0.447,8.07918930238788e-08,"2","RAB7A"
3.38694436295766e-12,0.595514923688839,0.176,0.061,8.28175635630408e-08,"2","MED11"
3.44854877587712e-12,0.473302059722151,0.417,0.208,8.43239146677474e-08,"2","BORCS7"
3.55749308284268e-12,0.956378976682499,0.14,0.043,8.69878208616691e-08,"2","DPP3"
3.56974507191403e-12,0.590632401901108,0.208,0.079,8.72874064984419e-08,"2","GET4"
3.58324539364892e-12,0.456981226339798,0.336,0.157,8.76175163655035e-08,"2","NCOR2"
3.70985271057457e-12,0.655065923152422,0.185,0.066,9.07133184789694e-08,"2","CEP164"
3.73489824923934e-12,0.360765514350417,0.333,0.151,9.13257319904004e-08,"2","RAB21"
3.74130797362875e-12,0.826870084159228,0.161,0.053,9.14824625711701e-08,"2","PYCR2"
3.85068994826831e-12,0.644958250177234,0.205,0.078,9.41570706150566e-08,"2","ARL6IP6"
3.95037009858747e-12,0.980582566043757,0.125,0.036,9.65944496506609e-08,"2","DHDDS"
4.06658715631086e-12,1.27590547059751,0.134,0.041,9.9436189146113e-08,"2","EED"
4.11560671278166e-12,0.381614563580891,0.33,0.152,1.00634815340937e-07,"2","RRP7A"
4.1616747614803e-12,1.05984721847144,0.116,0.032,1.01761271267716e-07,"2","FARP2"
4.21970427961885e-12,0.408235068129207,0.259,0.108,1.0318020904524e-07,"2","PNKP"
4.30896159473355e-12,0.373758475643246,0.396,0.19,1.05362728914425e-07,"2","SUGT1"
4.33100334972399e-12,0.901276013999259,0.11,0.029,1.05901693907451e-07,"2","RNF219"
4.41934581678555e-12,0.709796581867653,0.152,0.049,1.0806184391204e-07,"2","RNF34"
4.75656166215085e-12,0.289570721520376,0.455,0.238,1.16307445762913e-07,"2","ICAM1"
4.90803986946042e-12,0.776834053690526,0.122,0.034,1.20011390888046e-07,"2","MUL1"
4.92472440609918e-12,0.592539388199606,0.152,0.049,1.20419361177937e-07,"2","DHRS7B"
4.97518974883836e-12,0.81718975868832,0.167,0.057,1.21653339738596e-07,"2","TP53RK"
5.0907314099552e-12,0.420260010995616,0.223,0.088,1.24478564436224e-07,"2","KPNA3"
5.34623209042365e-12,0.378384034953015,0.753,0.444,1.30726067075039e-07,"2","EIF4B"
5.71552220276055e-12,0.417783342860123,0.268,0.114,1.39755948901901e-07,"2","ECE1"
5.73909896224185e-12,0.392554245912535,0.345,0.161,1.40332447824738e-07,"2","AATF"
5.7681027025832e-12,0.293349790289122,0.976,0.871,1.41041647283564e-07,"2","ALDOA"
5.94189432226727e-12,0.330602016781943,0.244,0.099,1.45291199968079e-07,"2","C19orf25"
6.12199979351082e-12,0.259759267282457,0.509,0.261,1.49695138950927e-07,"2","UFM1"
6.12852787368136e-12,0.767759608193451,0.217,0.086,1.49854763567257e-07,"2","TBK1"
6.17007639155821e-12,0.477231463547075,0.28,0.123,1.50870707926381e-07,"2","HAT1"
6.34036773932743e-12,0.257116628967523,0.652,0.348,1.55034671962034e-07,"2","BSG"
6.36770439079202e-12,1.17434185021786,0.152,0.051,1.55703107763647e-07,"2","GFOD1"
6.78925957822897e-12,0.814095921980892,0.149,0.048,1.66010975206855e-07,"2","RBBP5"
7.02717645726788e-12,0.669916580763253,0.196,0.074,1.71828518733114e-07,"2","AP5Z1"
7.02779596677908e-12,0.320198089218565,0.744,0.425,1.71843666979682e-07,"2","BCAP31"
7.06534974167879e-12,1.32815049719553,0.128,0.039,1.7276193188353e-07,"2","TMEM185B"
7.14412894983156e-12,0.932543763153066,0.104,0.026,1.74688241081281e-07,"2","TBC1D25"
7.24761222027306e-12,0.815118639457039,0.113,0.031,1.77218614010117e-07,"2","GSKIP"
7.25814638410876e-12,0.304376890037376,0.699,0.402,1.77476195384227e-07,"2","HM13"
7.2782781938139e-12,1.37179394721863,0.107,0.028,1.77968458395137e-07,"2","SIK1B"
7.29363789740961e-12,0.964260098572634,0.107,0.028,1.7834403386746e-07,"2","SLC35A2"
7.44949209918725e-12,0.329699298194863,0.646,0.364,1.82154980809327e-07,"2","TNFRSF14"
7.52681432724568e-12,0.968153933742828,0.143,0.046,1.84045663929811e-07,"2","RNF103"
7.53802011058422e-12,0.65841510044277,0.259,0.112,1.84319667744005e-07,"2","SLC39A1"
7.58812194212348e-12,0.902955882032971,0.128,0.038,1.85544757728803e-07,"2","STX17"
7.69720182617938e-12,0.587025929749033,0.366,0.181,1.88211979053738e-07,"2","HSPA4"
7.71693036783285e-12,0.423648561866374,0.298,0.134,1.88694381354249e-07,"2","KDM1B"
7.7820551963928e-12,0.90628795975704,0.167,0.059,1.90286813662197e-07,"2","LINC00847"
7.83344679181008e-12,0.61825575029582,0.193,0.072,1.9154344095334e-07,"2","TOR1AIP2"
8.03674382376892e-12,1.11255525002529,0.131,0.04,1.96514459978798e-07,"2","CDK6"
8.35321849106365e-12,0.367893591083763,0.238,0.097,2.04252898543488e-07,"2","TRIM26"
8.37269827114983e-12,0.387559413304111,0.75,0.45,2.04729218126156e-07,"2","HNRNPF"
8.48368211864073e-12,0.515040035604606,0.271,0.118,2.07442995165003e-07,"2","PSMD3"
8.52474357576978e-12,0.626836089131332,0.185,0.068,2.08447029914723e-07,"2","BANP"
8.55591504706158e-12,0.933464530747781,0.137,0.043,2.0920923473075e-07,"2","MAD2L1BP"
8.62473255806105e-12,0.504774123926157,0.247,0.103,2.10891960509709e-07,"2","RABEP1"
8.81421973283746e-12,1.37673849948998,0.113,0.031,2.15525300907342e-07,"2","FBXO8"
9.03307568153233e-12,0.493624761925223,0.25,0.104,2.20876766564829e-07,"2","RETREG2"
9.25432585977625e-12,0.518798709453457,0.226,0.091,2.26286775923249e-07,"2","GORASP2"
9.32797583242627e-12,0.266186197180916,0.661,0.368,2.28087665054487e-07,"2","SF3B2"
9.55290082123426e-12,0.386377896924004,0.223,0.089,2.3358753088082e-07,"2","ATXN3"
9.55349664190376e-12,0.414058216596558,0.336,0.157,2.33602099887831e-07,"2","FNBP4"
9.5732468555796e-12,0.342689336156284,0.363,0.174,2.34085032112632e-07,"2","UBE3A"
9.79490706323188e-12,0.269676049454894,0.199,0.074,2.39505067510146e-07,"2","SESN3"
9.90939682753353e-12,0.687763345683053,0.179,0.065,2.4230457122685e-07,"2","APPBP2"
1.00878507811627e-11,0.402792347002109,0.232,0.094,2.46668127300991e-07,"2","NT5C3A"
1.050185523906e-11,0.311696504047148,0.548,0.296,2.56791364305494e-07,"2","EPC1"
1.05957407357375e-11,0.261918920491519,0.982,0.816,2.59087052470253e-07,"2","HLA-DPA1"
1.10890815224074e-11,0.707178649882844,0.202,0.078,2.71150221385905e-07,"2","GTPBP4"
1.14951710884722e-11,0.340535560982012,0.467,0.242,2.81079923455322e-07,"2","PPP1R2"
1.17903714319418e-11,0.567900179209865,0.247,0.104,2.88298162253842e-07,"2","SLC1A5"
1.18676754341783e-11,1.14937592997195,0.134,0.042,2.90188399716527e-07,"2","EIF2B3"
1.20532418499503e-11,0.35849815000622,0.286,0.127,2.94725869714986e-07,"2","RALA"
1.20726812936156e-11,0.62884214088906,0.199,0.077,2.95201202991488e-07,"2","YTHDC2"
1.2149802360103e-11,1.07336199775441,0.167,0.059,2.97086967309238e-07,"2","CYP51A1"
1.2190017952108e-11,0.58389383367904,0.229,0.094,2.98070318964945e-07,"2","ENG"
1.27706650057285e-11,0.739152814595107,0.164,0.057,3.12268300720073e-07,"2","SCAMP1"
1.31342584725713e-11,0.673196914009976,0.179,0.065,3.21158888171313e-07,"2","SEH1L"
1.33001791380133e-11,0.674398760651634,0.179,0.065,3.25215980282701e-07,"2","MNT"
1.34612497170627e-11,0.314337589752307,0.22,0.087,3.29154478081616e-07,"2","TGS1"
1.39940591808477e-11,0.412978615426448,0.188,0.069,3.42182735090087e-07,"2","CARS"
1.41011484615149e-11,0.465315389007999,0.149,0.048,3.44801282180963e-07,"2","MOB2"
1.5076511354076e-11,0.26543395577962,0.381,0.189,3.68650855629866e-07,"2","SERTAD1"
1.52043582590629e-11,1.03537045670767,0.113,0.032,3.71776968150606e-07,"2","B4GALT4"
1.5892706851274e-11,0.758874407866539,0.214,0.087,3.88608467927352e-07,"2","DNAJB9"
1.59626981409887e-11,0.341170984462989,0.286,0.126,3.90319894943455e-07,"2","CDIPT"
1.61035133387096e-11,0.733604194062184,0.185,0.069,3.93763108158127e-07,"2","ERAP2"
1.61399292915752e-11,0.625956979016878,0.205,0.081,3.94653551037597e-07,"2","HPS5"
1.66245810454525e-11,0.977987091431883,0.128,0.039,4.06504255723405e-07,"2","TCTN3"
1.71065204682833e-11,0.36948464124446,0.262,0.113,4.18288638490464e-07,"2","JMJD6"
1.72134450968658e-11,0.501307473090895,0.211,0.083,4.20903159508562e-07,"2","INIP"
1.797828456835e-11,0.402013651906556,0.312,0.144,4.39605014265293e-07,"2","ATP6V1C1"
1.97950220285257e-11,1.12900301408777,0.101,0.026,4.8402787864151e-07,"2","SLC25A45"
2.00419642372496e-11,0.332836907389697,0.229,0.093,4.90066109529226e-07,"2","PDCD7"
2.01258833959463e-11,0.562838277046446,0.188,0.07,4.92118100797679e-07,"2","VPS35L"
2.03729016633553e-11,0.401276910773197,0.241,0.099,4.98158191472364e-07,"2","DCK"
2.07392376023645e-11,0.303989060481377,0.39,0.192,5.07115837853016e-07,"2","PSMD2"
2.10410840274219e-11,0.727356678822138,0.262,0.116,5.14496586638521e-07,"2","ZFAND2A"
2.15256860280581e-11,0.350191179657332,0.667,0.385,5.26346074758076e-07,"2","CD300E"
2.15958673315443e-11,0.4400279391488,0.238,0.1,5.28062147990921e-07,"2","NEK7"
2.21783417689312e-11,0.262405676672564,0.568,0.306,5.42304812933906e-07,"2","FKBP2"
2.30877922571927e-11,0.295308847335795,0.33,0.153,5.64542696272877e-07,"2","GMIP"
2.32241479033158e-11,0.25094677226318,0.443,0.225,5.67876864531879e-07,"2","MMADHC"
2.38849022587339e-11,0.309892872078816,0.699,0.41,5.84033630030561e-07,"2","ICAM3"
2.40687212163781e-11,0.668452250680116,0.235,0.1,5.88528371182876e-07,"2","SCAF4"
2.4304130600092e-11,0.300028311920428,0.652,0.368,5.94284601433449e-07,"2","CCT6A"
2.4754820199402e-11,0.922527546301605,0.11,0.03,6.05304863515778e-07,"2","KANSL1-AS1"
2.52142209948813e-11,0.827917740775904,0.208,0.083,6.16538131766837e-07,"2","ATP10D"
2.55207709947063e-11,0.350516996222626,0.217,0.087,6.24033892362559e-07,"2","QRICH1"
2.56289686532802e-11,0.543221378479283,0.235,0.098,6.26679541510007e-07,"2","TMEM50B"
2.56961418197772e-11,0.311493262911892,0.908,0.676,6.28322059777192e-07,"2","HMGN2"
2.62166927608939e-11,0.281570872647541,0.711,0.407,6.41050571389378e-07,"2","RSL24D1"
2.62723081541511e-11,0.315754643416472,0.461,0.241,6.42410478985303e-07,"2","HNRNPR"
2.68703236022385e-11,0.361439882717626,0.304,0.139,6.57033152721936e-07,"2","CHRAC1"
2.73901269058604e-11,0.683781351834488,0.11,0.03,6.69743383102098e-07,"2","RRM1"
2.78944444297342e-11,0.463836642926217,0.262,0.115,6.8207495519586e-07,"2","CLPTM1"
2.8288856421719e-11,0.748069088741111,0.143,0.047,6.91719117223873e-07,"2","CEP135"
2.83687204130089e-11,0.716965974034735,0.205,0.083,6.93671951538894e-07,"2","DDX56"
2.84896682157944e-11,1.64693193244721,0.131,0.042,6.96629367212604e-07,"2","HIC1"
2.87959021514454e-11,0.563308984013849,0.208,0.083,7.04117399407143e-07,"2","METTL21A"
2.88253343336881e-11,0.642984726728944,0.202,0.079,7.0483707512734e-07,"2","KDM4C"
2.89724630293268e-11,0.380046900197398,0.214,0.085,7.08434665993099e-07,"2","YKT6"
2.9101658387302e-11,1.12659549142424,0.101,0.026,7.11593750886309e-07,"2","SNX24"
2.94420295766851e-11,0.44315562486396,0.223,0.092,7.19916507209105e-07,"2","KPNA1"
2.95602886811848e-11,0.575115712368854,0.214,0.086,7.2280817883233e-07,"2","TMEM175"
3.04198374246118e-11,0.347946575214762,0.667,0.373,7.43825864706609e-07,"2","SRSF2"
3.13182110302591e-11,0.504477654272706,0.426,0.225,7.65792896111896e-07,"2","GK"
3.15353098130303e-11,0.409291605295635,0.268,0.116,7.71101395548217e-07,"2","RBBP7"
3.18472010053313e-11,0.268692535470037,0.613,0.335,7.7872775898236e-07,"2","DOCK2"
3.21683356325694e-11,0.276060878039269,0.467,0.242,7.86580142887586e-07,"2","PSMA3"
3.22167753184725e-11,0.681194930603624,0.205,0.082,7.8776459008729e-07,"2","CGAS"
3.35359717212559e-11,0.753664425141357,0.176,0.065,8.2002158052815e-07,"2","GATD3B"
3.35602522485536e-11,0.459414171391436,0.375,0.186,8.20615287981632e-07,"2","CSRNP1"
3.39480192203274e-11,0.287026354334608,0.312,0.144,8.30096965975445e-07,"2","RNF5"
3.48204201390084e-11,0.681375056600679,0.188,0.072,8.51428913239034e-07,"2","KAT6B"
3.49881783908288e-11,0.737109362505663,0.161,0.056,8.55530938012546e-07,"2","RAB28"
3.53451403601676e-11,0.454681823866929,0.253,0.108,8.64259372086817e-07,"2","ARAF"
3.56980815184227e-11,0.301334140450501,0.292,0.132,8.72889489288473e-07,"2","PIGT"
3.92769902202767e-11,1.14054942310263,0.107,0.03,9.60400964866206e-07,"2","RNF25"
4.00311254042997e-11,0.34037169474545,0.583,0.324,9.78841078385936e-07,"2","BAZ1A"
4.04316077446911e-11,0.356036280925622,0.348,0.166,9.88633672573188e-07,"2","MESD"
4.08510453972808e-11,0.334094662095336,0.25,0.107,9.9888976205431e-07,"2","GLO1"
4.14044406132086e-11,0.322635822376376,0.268,0.117,1.01242138187418e-06,"2","PIEZO1"
4.1667589224921e-11,1.11808285560572,0.107,0.03,1.01885589172777e-06,"2","SLC39A13"
4.20075516121407e-11,0.303642081887297,0.438,0.219,1.02716865202007e-06,"2","ELOVL1"
4.21357057753996e-11,1.32696100904834,0.104,0.028,1.03030227762007e-06,"2","ZDHHC18"
4.35984181855487e-11,0.762444426298741,0.125,0.038,1.06606852147304e-06,"2","TMEM140"
4.36893572413421e-11,0.32343261095275,0.804,0.512,1.0682921632653e-06,"2","ZNF706"
4.39672002534717e-11,0.509205749368256,0.289,0.133,1.07508598059789e-06,"2","HPS3"
4.42856813493763e-11,0.487500144067871,0.229,0.096,1.08287348035495e-06,"2","MYLIP"
4.72979499274254e-11,0.682714535805037,0.185,0.071,1.1565294716254e-06,"2","CNST"
4.90521950721152e-11,0.905780579248255,0.173,0.065,1.19942427390336e-06,"2","H2AFX"
5.14026133654506e-11,0.304372392413444,0.307,0.141,1.256896702012e-06,"2","EIF1AY"
5.28785835728112e-11,0.794287759049751,0.208,0.086,1.29298712552238e-06,"2","FAM53C"
5.3576526559146e-11,0.361598780202784,0.366,0.179,1.31005322742424e-06,"2","COPB1"
5.56460791421938e-11,0.383838823318796,0.36,0.181,1.36065792718492e-06,"2","FNIP1"
5.6469734999296e-11,0.392229085037461,0.83,0.554,1.38079796020279e-06,"2","ARF1"
5.67167623180389e-11,0.948234114054547,0.116,0.034,1.38683827220069e-06,"2","HARS2"
5.98286024385321e-11,0.817142414025538,0.107,0.03,1.46292898682699e-06,"2","BBS7"
6.07349527230481e-11,0.35447138573589,0.274,0.121,1.48509106398397e-06,"2","TIMMDC1"
6.14840168095305e-11,0.300303437814805,0.289,0.131,1.50340717902664e-06,"2","CCDC47"
6.18215451514776e-11,0.378445333694659,0.869,0.628,1.51166042204393e-06,"2","SH3BGRL"
6.24797498526443e-11,0.355601727613518,0.708,0.424,1.52775484339686e-06,"2","PRKAR1A"
6.33821886285957e-11,0.952731757379627,0.134,0.043,1.54982127634642e-06,"2","DIMT1"
6.45284920433896e-11,0.459903755261048,0.202,0.08,1.57785068744496e-06,"2","MXD3"
6.49326879164806e-11,0.36386074815339,0.89,0.654,1.58773408493378e-06,"2","VSIR"
6.94058605699085e-11,0.396970684686133,0.214,0.087,1.6971121026554e-06,"2","DENND1C"
7.04219992742211e-11,0.649490054969168,0.173,0.064,1.72195872625325e-06,"2","HAUS2"
7.09575302908426e-11,0.371069404630625,0.226,0.094,1.73505353067168e-06,"2","HMGXB4"
7.35110071386738e-11,0.435722227777091,0.208,0.085,1.79749114655485e-06,"2","ERGIC2"
7.67236559246561e-11,0.48968622809147,0.179,0.067,1.87604683466969e-06,"2","GDAP2"
7.91245225310117e-11,0.658105737994674,0.179,0.068,1.9347528249283e-06,"2","SIRT1"
8.0164066738289e-11,0.338535940968682,0.351,0.171,1.96017175988464e-06,"2","SIAH2"
8.51360331180082e-11,0.599243683849131,0.193,0.077,2.08174628180154e-06,"2","NUS1"
8.58927399798032e-11,0.380602790258276,0.42,0.224,2.10024927798615e-06,"2","YME1L1"
8.87881234757395e-11,0.293811715021053,0.307,0.143,2.17104719522878e-06,"2","RAMMET"
9.27674909911147e-11,0.359106552526774,0.893,0.676,2.26835068971474e-06,"2","GNB2"
9.69970603145812e-11,0.601840703659701,0.185,0.072,2.37177211881214e-06,"2","STT3A"
9.7542502028828e-11,0.392958346933851,0.417,0.214,2.3851092596089e-06,"2","TERF2IP"
9.8072833133482e-11,0.365502575289091,0.429,0.223,2.3980769157799e-06,"2","CD151"
9.87437682438539e-11,0.373056529400573,0.271,0.124,2.41448262109872e-06,"2","CARD9"
1.00421466260008e-10,0.780714933994572,0.176,0.068,2.45550569298973e-06,"2","ERVK3-1"
1.0141833481496e-10,0.596274701416696,0.158,0.056,2.47988112289541e-06,"2","NIP7"
1.0350220606683e-10,0.511777508862566,0.211,0.087,2.53083594274612e-06,"2","NAPG"
1.05983903909485e-10,0.673233793083045,0.122,0.037,2.59151841839472e-06,"2","RNASEL"
1.07629123615222e-10,0.381981418885838,0.289,0.134,2.63174733063941e-06,"2","MKL1"
1.07769677407281e-10,0.440288103141381,0.286,0.133,2.63518415196283e-06,"2","PSMC2"
1.12601612555964e-10,0.271310160323581,0.539,0.294,2.75333463021842e-06,"2","CYTH1"
1.18645928334312e-10,0.294179204064876,0.696,0.405,2.90113023963059e-06,"2","NAPA"
1.18918968267998e-10,0.296335299523339,0.485,0.258,2.90780661208908e-06,"2","SDHB"
1.22712506536946e-10,0.354020172725067,0.256,0.113,3.0005662098414e-06,"2","ITCH"
1.22781741120282e-10,0.811735851316175,0.125,0.039,3.00225913387314e-06,"2","MAF"
1.23504011081951e-10,0.600028535512044,0.214,0.089,3.01992007897587e-06,"2","WWP2"
1.24311813089287e-10,0.943978542567611,0.143,0.05,3.03967245365924e-06,"2","SLC35F5"
1.24466550007024e-10,0.765745137860481,0.11,0.032,3.04345608077174e-06,"2","GALNT3"
1.2856479920953e-10,0.387068832253283,0.232,0.098,3.14366647027142e-06,"2","KBTBD2"
1.31630305719425e-10,0.655888202550711,0.179,0.069,3.21862423545137e-06,"2","SENP5"
1.40352736391553e-10,0.300411144049789,0.256,0.112,3.43190511024625e-06,"2","EXOSC1"
1.41235751952431e-10,0.843016953457217,0.161,0.059,3.45349660674085e-06,"2","PMM2"
1.46598014971249e-10,0.791812406677664,0.119,0.037,3.58461466207697e-06,"2","TNKS"
1.46624525148977e-10,0.415152145841852,0.262,0.118,3.58526288894278e-06,"2","IDI1"
1.46636577269828e-10,0.439343254980117,0.268,0.121,3.58555758740182e-06,"2","HERPUD2"
1.47011150850841e-10,0.460002156930263,0.214,0.088,3.59471666060475e-06,"2","COPS4"
1.47304320454273e-10,0.605172959387671,0.176,0.067,3.60188524374789e-06,"2","DYNLT3"
1.47875221353901e-10,0.407034237779985,0.143,0.048,3.6158449125456e-06,"2","AC147067.1"
1.5005163204315e-10,0.533489539436654,0.161,0.058,3.66906250671909e-06,"2","DALRD3"
1.5326171749089e-10,0.522734732683605,0.19,0.075,3.74755551608723e-06,"2","AC004922.1"
1.53841691006315e-10,0.69252875996038,0.176,0.068,3.76173702848642e-06,"2","NAB1"
1.55264550607558e-10,0.380408471482138,0.586,0.333,3.79652879145601e-06,"2","UPP1"
1.57798795830621e-10,0.345583266534436,0.738,0.448,3.85849615565035e-06,"2","ATG3"
1.58248234496852e-10,0.678733734370574,0.155,0.055,3.86948582991703e-06,"2","NCBP1"
1.62086157155292e-10,0.334692126509399,0.506,0.28,3.96333071476119e-06,"2","CDV3"
1.6578307586762e-10,0.307121587188258,0.318,0.153,4.05372777111504e-06,"2","MORF4L2"
1.66143607103106e-10,0.522137268683571,0.158,0.057,4.06254348088515e-06,"2","FAM208B"
1.66590641020403e-10,0.700387885149903,0.137,0.046,4.0734743542309e-06,"2","SPAST"
1.66892549934721e-10,0.415608605619595,0.211,0.087,4.0808566310038e-06,"2","PSIP1"
1.67266381628745e-10,0.400536487950959,0.429,0.227,4.08999756358607e-06,"2","TRA2A"
1.67828123211885e-10,0.920931396613678,0.143,0.049,4.10373326877701e-06,"2","MFSD14A"
1.71726009312064e-10,0.422759175033103,0.211,0.086,4.1990443796986e-06,"2","ASL"
1.7255686590287e-10,0.6778766539575,0.202,0.083,4.21936048505699e-06,"2","MAP2K4"
1.75608151094561e-10,1.01525102519696,0.146,0.052,4.29397051056421e-06,"2","FOXO1"
1.83034774913025e-10,0.344729855524486,0.318,0.154,4.47556631617328e-06,"2","ZFAND3"
1.87707222759102e-10,0.80578733454528,0.164,0.061,4.58981701090556e-06,"2","MLH1"
1.88313795310783e-10,0.450308129341954,0.324,0.157,4.60464892293927e-06,"2","HIGD1A"
1.93263536603282e-10,0.278072440465563,0.574,0.321,4.72567999702346e-06,"2","ENSA"
1.95638070126738e-10,0.822667204670883,0.119,0.037,4.783742090739e-06,"2","AF117829.1"
1.98956513284597e-10,0.30296678732296,0.315,0.152,4.86488466283497e-06,"2","GSK3B"
2.00219545509538e-10,0.25942321237875,0.446,0.23,4.89576832679923e-06,"2","AP3S1"
2.0519270387237e-10,0.596138026540435,0.176,0.067,5.01737199508718e-06,"2","ZMPSTE24"
2.06960810938808e-10,0.909622829071575,0.149,0.053,5.06060574907573e-06,"2","CRCP"
2.12903742602951e-10,0.633782582853905,0.179,0.069,5.20592231412737e-06,"2","IP6K1"
2.15110655071887e-10,0.498651278235078,0.176,0.067,5.25988573781777e-06,"2","SEC24B"
2.38908399488275e-10,0.642010139526541,0.116,0.035,5.84178818428731e-06,"2","C1RL"
2.5269873387366e-10,0.581699297555771,0.149,0.052,6.17898944067872e-06,"2","MAP4K2"
2.68678583092203e-10,0.588045461979219,0.182,0.071,6.56972871377056e-06,"2","IVD"
2.7013936089522e-10,0.796870602113094,0.173,0.067,6.60544765260992e-06,"2","STAG1"
2.78463996933248e-10,0.784894369805272,0.205,0.086,6.80900165301178e-06,"2","PDK4"
2.7958787162566e-10,0.343250777015254,0.286,0.132,6.83648263699064e-06,"2","AHCY"
2.85647137761229e-10,0.295945497848763,0.351,0.174,6.98464381253758e-06,"2","C7orf50"
2.88467659159596e-10,0.484948911937711,0.256,0.117,7.05361120177045e-06,"2","SLC37A2"
2.89779541807803e-10,0.261048871507007,0.452,0.238,7.0856893562844e-06,"2","NUTF2"
2.9062504828057e-10,0.755483312487959,0.167,0.064,7.10636368055649e-06,"2","JMY"
2.96210608230122e-10,0.317207252785031,0.44,0.232,7.24294179244295e-06,"2","PPP1R12A"
3.00987921065879e-10,0.960459173882493,0.119,0.038,7.35975664590287e-06,"2","CRY2"
3.09838285375028e-10,0.790046574166785,0.173,0.067,7.57616575399018e-06,"2","FAF2"
3.11376445022637e-10,0.333440516033515,0.836,0.556,7.61377683369351e-06,"2","WAS"
3.12155532327452e-10,0.644894459682077,0.161,0.06,7.63282707647084e-06,"2","CDK17"
3.20916461123363e-10,0.299501846756314,0.232,0.101,7.84704930738848e-06,"2","ING3"
3.21618406503492e-10,1.53844290022967,0.104,0.031,7.86421327582338e-06,"2","NAB2"
3.36396901635477e-10,0.806833646751789,0.143,0.051,8.22557703879069e-06,"2","TM9SF1"
3.41561193751006e-10,0.428466565365405,0.22,0.094,8.35185430959961e-06,"2","NOLC1"
3.41835890713079e-10,0.344697760504807,0.932,0.713,8.35857119971621e-06,"2","ANXA2"
3.46299096220872e-10,0.826405422329593,0.152,0.056,8.46770550079277e-06,"2","KCTD5"
3.47744925722975e-10,0.689868498241728,0.116,0.036,8.50305892377817e-06,"2","TFDP2"
3.53212535233303e-10,0.566245828848259,0.223,0.098,8.63675291152472e-06,"2","SLC31A1"
3.94382114390301e-10,0.327501457352487,0.372,0.188,9.64343146107164e-06,"2","CD58"
4.06426961924162e-10,0.344053896117632,0.384,0.2,9.9379520729696e-06,"2","IQSEC1"
4.0643353405146e-10,0.641095568812004,0.182,0.073,9.93811277462629e-06,"2","DLST"
4.07367459091332e-10,0.55052696975821,0.167,0.063,9.96094910970124e-06,"2","MAN1A1"
4.12687043932761e-10,0.519108446581528,0.164,0.062,1.00910235982439e-05,"2","ZNF430"
4.18324676106948e-10,0.500860104729488,0.167,0.063,1.02288749801671e-05,"2","STK32C"
4.20299722810075e-10,0.582263895084166,0.158,0.058,1.0277168822152e-05,"2","HIF1AN"
4.2162984205618e-10,0.431514254551079,0.259,0.118,1.03096928979577e-05,"2","CSRP1"
4.33391322351196e-10,0.739515866347629,0.137,0.047,1.05972846141314e-05,"2","NR2C2"
4.38522580636551e-10,0.489741737522911,0.14,0.049,1.0722754141725e-05,"2","EXOC8"
4.43692380399178e-10,0.947125424817891,0.116,0.037,1.08491660855207e-05,"2","SGSM3"
4.54124212577238e-10,0.702584226731877,0.146,0.052,1.11042452459386e-05,"2","TAF6"
4.58309506969829e-10,1.04764747813838,0.125,0.041,1.12065840644263e-05,"2","BOLA3"
4.66262966702953e-10,0.706627672813021,0.143,0.051,1.14010620618206e-05,"2","NBAS"
4.68124455341549e-10,0.601119744222775,0.14,0.049,1.14465791820115e-05,"2","EEFSEC"
4.73924635874212e-10,0.635808546203126,0.158,0.059,1.15884051963962e-05,"2","FAM120B"
4.81229197427119e-10,0.570308779097395,0.149,0.053,1.17670163354879e-05,"2","CNOT10"
4.82103626592448e-10,0.359845633363033,0.182,0.071,1.17883978774385e-05,"2","IRF9"
4.84405493309975e-10,0.514503221021605,0.402,0.219,1.18446831224155e-05,"2","PRNP"
4.90406170681277e-10,0.34208160026983,0.202,0.084,1.19914116854986e-05,"2","TMC8"
5.01391829402346e-10,0.470917128027334,0.217,0.093,1.22600330125462e-05,"2","DNASE1L1"
5.06482725941971e-10,0.716205180062355,0.173,0.068,1.23845156147331e-05,"2","TMCC3"
5.24442520776469e-10,0.869668964471852,0.152,0.056,1.28236685180262e-05,"2","TBRG4"
5.46502285277724e-10,0.437764669460524,0.161,0.06,1.33630738796109e-05,"2","CMAS"
5.69206812664264e-10,0.448220317315372,0.259,0.12,1.39182449832666e-05,"2","TNIP2"
5.70184678661708e-10,1.08014367415308,0.101,0.029,1.39421557626361e-05,"2","KCTD18"
5.90306626127114e-10,0.268112080553895,0.238,0.104,1.44341776220602e-05,"2","PLSCR3"
5.94965752011055e-10,0.294668560680326,0.256,0.115,1.45481025681743e-05,"2","TRPC4AP"
5.99454039232095e-10,0.498669415414343,0.256,0.118,1.46578501673032e-05,"2","PPP2R2A"
6.07544557888514e-10,0.358293628427357,0.307,0.15,1.48556795294899e-05,"2","SLC43A3"
6.28082930283625e-10,0.299026634821401,0.336,0.17,1.53578838112952e-05,"2","CRK"
6.59919141672953e-10,0.254871986015919,0.557,0.307,1.6136342852187e-05,"2","SELENOF"
6.60382838434071e-10,0.653230980909613,0.179,0.072,1.61476811653899e-05,"2","CCDC82"
6.76594166182286e-10,0.273242858554633,0.527,0.291,1.65440805514893e-05,"2","ZBTB7A"
6.7903828568497e-10,0.324443381593883,0.223,0.097,1.66038441615689e-05,"2","COMMD10"
6.7935395080341e-10,0.353911520202763,0.217,0.093,1.6611562805045e-05,"2","C1orf131"
6.88845997483479e-10,0.458576209774769,0.182,0.072,1.6843662330466e-05,"2","ESYT1"
7.17331689543745e-10,0.686974009149575,0.149,0.054,1.75401944727236e-05,"2","ZNF438"
7.24188901728395e-10,0.663900707723438,0.292,0.144,1.77078670250627e-05,"2","AL034397.3"
7.25407291345606e-10,0.623707496485272,0.128,0.043,1.77376590879828e-05,"2","ZNF384"
7.56365912756936e-10,0.66876139512693,0.193,0.08,1.84946592987326e-05,"2","MED19"
7.69802052252683e-10,0.451086825052032,0.125,0.041,1.88231997816826e-05,"2","CCDC71"
7.97932958139668e-10,0.574013929364581,0.202,0.085,1.95110566924312e-05,"2","ALG5"
8.18860949462981e-10,0.280258967837223,0.536,0.293,2.00227879362688e-05,"2","FNBP1"
8.20870379662934e-10,0.260202596617793,0.946,0.751,2.00719225235181e-05,"2","PNRC1"
8.29897270136747e-10,0.67961840416974,0.188,0.077,2.02926480493837e-05,"2","WIPI1"
8.37601471183494e-10,0.25883686732807,0.339,0.169,2.04810311733788e-05,"2","CNOT2"
8.70113947829633e-10,0.332344232232096,0.842,0.533,2.12760262523302e-05,"2","SAP18"
8.72785588051162e-10,0.527620376903844,0.214,0.094,2.1341353199027e-05,"2","SFXN3"
8.83169713634656e-10,0.566285407366651,0.164,0.063,2.15952658377946e-05,"2","RARA-AS1"
8.99479496974887e-10,0.681078702205332,0.283,0.141,2.19940726600299e-05,"2","THAP2"
9.10746491645341e-10,0.262091010171104,0.298,0.142,2.22695732137119e-05,"2","CRBN"
9.29856819204868e-10,0.276579909652372,0.551,0.302,2.27368589431974e-05,"2","CYC1"
9.33829764642952e-10,0.499058509595054,0.381,0.204,2.28340054050495e-05,"2","RAP2B"
9.46993751280876e-10,0.280811687090956,0.217,0.093,2.315589120632e-05,"2","C5orf51"
9.61129416015955e-10,0.343262734877874,0.304,0.148,2.35015364804221e-05,"2","DIAPH2"
9.81403336144621e-10,0.382642208641277,0.277,0.132,2.39972743754083e-05,"2","RNF11"
1.00306539358602e-09,0.394178704113184,0.185,0.074,2.45269550039653e-05,"2","ATP11B"
1.02638862268357e-09,0.417051041551698,0.176,0.07,2.50972546018586e-05,"2","SACM1L"
1.03992983758187e-09,0.677714608859727,0.137,0.049,2.54283643885519e-05,"2","MINDY2"
1.06771214130208e-09,0.671299620082996,0.17,0.067,2.61076972791185e-05,"2","INO80C"
1.07132983872081e-09,0.516996362156264,0.22,0.098,2.61961572164012e-05,"2","IL2RG"
1.07484099035505e-09,0.559480731394198,0.167,0.065,2.62820118961616e-05,"2","PACS1"
1.14878803548062e-09,0.929604598182863,0.131,0.046,2.8090165043572e-05,"2","SASH1"
1.15394052507525e-09,0.344652324751556,0.196,0.082,2.82161537191401e-05,"2","MRPL42"
1.16050802353955e-09,0.477258405453874,0.226,0.102,2.83767421915891e-05,"2","SATB1"
1.16354124040797e-09,0.377103267625581,0.229,0.101,2.84509104104557e-05,"2","THUMPD1"
1.16928115650437e-09,0.28227525414672,0.44,0.235,2.8591262838845e-05,"2","MTMR14"
1.20198639806563e-09,0.388600705822732,0.711,0.475,2.93909714055009e-05,"2","GLUL"
1.21121276678835e-09,0.593734806135665,0.149,0.055,2.96165745735088e-05,"2","TRNT1"
1.21237102121264e-09,0.354212014157596,0.262,0.123,2.96448962106914e-05,"2","DNM1L"
1.25562121031198e-09,0.353936335602839,0.348,0.179,3.07024498345486e-05,"2","NUFIP2"
1.26700490888608e-09,0.978757524563758,0.104,0.032,3.09808040320825e-05,"2","PEX10"
1.28214213785656e-09,0.381757537399754,0.217,0.095,3.13509395548686e-05,"2","C6orf89"
1.28681474064064e-09,0.269383713782314,0.414,0.221,3.1465194038145e-05,"2","FGD4"
1.31747730770562e-09,0.251807893989541,0.247,0.113,3.22149551280178e-05,"2","MKLN1"
1.31757302210226e-09,0.310028437529185,0.247,0.111,3.22172955364445e-05,"2","ZFAND2B"
1.32904837408058e-09,0.766311075330124,0.164,0.065,3.24978908430183e-05,"2","FH"
1.33762165481244e-09,0.741875244170039,0.116,0.038,3.27075247034738e-05,"2","LMNB2"
1.35480609019678e-09,0.931983955195732,0.14,0.051,3.31277185174916e-05,"2","UBAP2"
1.36182207871937e-09,0.43176326836397,0.17,0.066,3.3299273468846e-05,"2","CEP85L"
1.38222323682157e-09,0.530416853013542,0.185,0.076,3.37981225867609e-05,"2","AKT2"
1.38818407848244e-09,0.274609715256878,0.232,0.103,3.39438770870526e-05,"2","MIA2"
1.41447606700283e-09,0.269917118972178,0.318,0.157,3.45867687903532e-05,"2","SURF4"
1.45884155163343e-09,0.277684275640049,0.253,0.117,3.56715936205407e-05,"2","RNF139"
1.48933582316784e-09,0.328876714627186,0.89,0.653,3.64172395481001e-05,"2","ARRB2"
1.67082859631303e-09,1.15320541169122,0.11,0.035,4.08551008370462e-05,"2","HACL1"
1.69267475972413e-09,0.590736630650847,0.173,0.069,4.13892832247745e-05,"2","THAP9-AS1"
1.69599630048319e-09,0.472472532951115,0.167,0.065,4.14705015394149e-05,"2","GMEB1"
1.70700349358527e-09,0.773191871024245,0.128,0.044,4.17396494251471e-05,"2","ZNF160"
1.72422655990705e-09,0.999856910272298,0.134,0.048,4.21607878428472e-05,"2","ELP2"
1.72656981750926e-09,0.297421192446088,0.301,0.15,4.22180851777364e-05,"2","NBPF19"
1.79301326848971e-09,0.375610017043663,0.211,0.091,4.38427604411105e-05,"2","ARHGAP1"
1.80663610387876e-09,0.694907918776053,0.899,0.752,4.41758660120434e-05,"2","MT2A"
1.83189221956863e-09,0.310648967440474,0.226,0.101,4.47934285528922e-05,"2","TMUB2"
1.83412819909315e-09,0.429486713025649,0.253,0.118,4.48481027242258e-05,"2","PPA2"
1.85115830174303e-09,0.322973093058541,0.244,0.112,4.52645227942206e-05,"2","RAB22A"
1.85447485181053e-09,0.605584234891761,0.122,0.041,4.5345619076471e-05,"2","GPRIN3"
1.88475360788909e-09,0.328160274115301,0.268,0.127,4.60859952201041e-05,"2","RAB3GAP1"
1.88761947718795e-09,0.303003145600442,0.315,0.156,4.61560714561999e-05,"2","ARFGAP3"
1.91858835485136e-09,0.339330221336728,0.262,0.124,4.69133224528254e-05,"2","OPN3"
1.95624775166321e-09,0.309342704002099,0.176,0.07,4.78341700236689e-05,"2","TRPT1"
1.97134238624679e-09,0.291255319255536,0.408,0.22,4.82032640285064e-05,"2","HNRNPAB"
2.02556391562113e-09,0.550913870181241,0.158,0.061,4.95290888647679e-05,"2","PRPF18"
2.03816594720982e-09,0.464334811783808,0.211,0.093,4.98372337411746e-05,"2","SYS1"
2.16479061895331e-09,0.44569038326483,0.199,0.085,5.29334602146465e-05,"2","PRKAG1"
2.29107711372361e-09,0.896339849435011,0.11,0.035,5.60214175847697e-05,"2","AL390728.5"
2.32324040566987e-09,0.743599378110872,0.134,0.048,5.68078743994395e-05,"2","SPRYD3"
2.34286907890369e-09,0.307039175945166,0.185,0.076,5.72878347173529e-05,"2","CCDC130"
2.34584021101283e-09,0.349498763174276,0.185,0.076,5.73604848396856e-05,"2","SUSD1"
2.35777907905987e-09,0.577875477825095,0.199,0.086,5.76524140411719e-05,"2","EIF2B1"
2.36342841908968e-09,0.437730967685764,0.208,0.091,5.77905517035808e-05,"2","DESI2"
2.37073655279467e-09,0.342684915616275,0.342,0.177,5.79692501889354e-05,"2","IFNAR1"
2.45599221757835e-09,0.28899429087761,0.179,0.072,6.00539217042258e-05,"2","SLC25A46"
2.47024268481887e-09,0.325649606211475,0.461,0.263,6.04023741291909e-05,"2","TMEM165"
2.48587135114671e-09,0.30455404257126,0.607,0.36,6.07845262782393e-05,"2","GPCPD1"
2.51367399817964e-09,0.542217139664772,0.17,0.068,6.14643566034886e-05,"2","NAT9"
2.5340836797818e-09,0.302415996026907,0.321,0.162,6.19634141380245e-05,"2","FGD5-AS1"
2.57084240475645e-09,0.349237994377925,0.182,0.074,6.28622384811046e-05,"2","STK19"
2.62253638956109e-09,0.251705036946321,0.994,0.902,6.41262597975477e-05,"2","ITM2B"
2.68560512474166e-09,0.416440732387512,0.28,0.137,6.56684165101831e-05,"2","FYTTD1"
2.70756670817318e-09,0.741131726580167,0.128,0.045,6.62054211482506e-05,"2","GTF2A1"
2.78239772929524e-09,0.636896565616265,0.146,0.054,6.80351892767272e-05,"2","F11R"
2.80268558169108e-09,0.309265990845137,0.932,0.683,6.85312678435104e-05,"2","TMBIM6"
2.82514413196147e-09,0.443337342462023,0.223,0.1,6.9080424314722e-05,"2","MZT1"
2.85289391888673e-09,0.363419391449759,0.295,0.146,6.97589621046183e-05,"2","ITGB1BP1"
2.97086419232822e-09,0.302525859026986,0.265,0.125,7.26435712308096e-05,"2","AIMP2"
3.05322980753283e-09,0.463791317477285,0.167,0.066,7.46575752537927e-05,"2","C3orf38"
3.0946446901649e-09,0.52432784201042,0.283,0.143,7.56702519639122e-05,"2","NOTCH2NL"
3.12211502587925e-09,0.302131360461393,0.446,0.245,7.63419566127994e-05,"2","ZMAT2"
3.13568122242954e-09,0.361692640522342,0.914,0.687,7.66736772508472e-05,"2","CFP"
3.18598145138705e-09,0.354040173924127,0.235,0.108,7.79036184493161e-05,"2","SBNO1"
3.25605778709278e-09,0.539723500118893,0.202,0.089,7.96171250099926e-05,"2","ZBTB11"
3.29528512469864e-09,1.04374272888628,0.128,0.046,8.05763118691311e-05,"2","KANSL2"
3.37550045618866e-09,0.68276417739321,0.113,0.037,8.25377371547252e-05,"2","NHEJ1"
3.47823343003948e-09,0.425905169548101,0.301,0.153,8.50497638313254e-05,"2","BBX"
3.67081359478416e-09,0.387821566449552,0.298,0.148,8.97587340196623e-05,"2","SPEN"
3.74096453386253e-09,0.336721989445757,0.289,0.142,9.14740647820067e-05,"2","TBC1D5"
3.75828522009881e-09,0.489016115045304,0.193,0.082,9.1897590201856e-05,"2","CALHM2"
3.7861231671509e-09,0.714736961797745,0.146,0.055,9.25782836831738e-05,"2","ZDHHC5"
3.81221306211571e-09,0.386877308155854,0.179,0.073,9.32162337948534e-05,"2","UCHL5"
3.98553296376225e-09,0.421748378683441,0.396,0.22,9.74542520299146e-05,"2","ZMIZ1"
4.10907862798039e-09,0.782564918416714,0.161,0.065,0.000100475190611377,"2","SLC25A19"
4.13786526058291e-09,0.535112615261911,0.131,0.047,0.000101179081351773,"2","LRCH3"
4.30948928315520e-09,0.800622794503225,0.253,0.128,0.000105375631951711,"2","OSM"
4.34018286979237e-09,0.498249377079514,0.167,0.067,0.000106126151532163,"2","DUSP11"
4.45885247124361e-09,0.327157575640934,0.149,0.056,0.000109027860626849,"2","CCNG2"
4.49129559632309e-09,0.294948185562208,0.72,0.431,0.000109821159921292,"2","RAB5C"
4.59309863561337e-09,0.788366307854671,0.116,0.039,0.000112310447838018,"2","CLN6"
4.68391452911422e-09,0.689905585397609,0.137,0.051,0.000114531078065901,"2","GNL3L"
4.76563739998356e-09,0.442348550192495,0.173,0.071,0.000116529365704398,"2","GUCD1"
4.96328806140582e-09,0.285535329064253,0.777,0.478,0.000121362319677495,"2","RBM8A"
4.98388623221489e-09,0.264401893289745,0.235,0.109,0.000121865986150118,"2","TMED3"
5.11629458346732e-09,0.782696968162792,0.161,0.065,0.000125103635154943,"2","ABCE1"
5.12235265861975e-09,0.64646519322784,0.131,0.048,0.00012525176720857,"2","TSPAN31"
5.22072455756871e-09,0.430606989696801,0.17,0.069,0.00012765715688167,"2","SYNJ1"
5.39601527048946e-09,0.424172527934854,0.286,0.144,0.000131943365394008,"2","ZBTB1"
5.49069620574647e-09,0.576831753272345,0.158,0.063,0.000134258503622913,"2","EIF1AD"
5.54384813161607e-09,1.00756908357722,0.122,0.043,0.000135558174514276,"2","VSTM1"
5.68293336258519e-09,0.428452629251351,0.244,0.117,0.000138959086581933,"2","TENT4B"
5.7010623646981e-09,0.313350077947062,0.283,0.139,0.000139402376941598,"2","CHD9"
5.75157468730471e-09,0.311366564564995,0.179,0.074,0.000140637504253975,"2","STIM1"
5.76285739557685e-09,0.263102347202486,0.22,0.099,0.000140913389036645,"2","WIPF2"
5.80388758557446e-09,0.274381340976554,0.53,0.306,0.000141916659242467,"2","C9orf72"
5.85846754387073e-09,0.574628830039247,0.241,0.112,0.000143251248382727,"2","GLOD4"
5.89675324221474e-09,0.292427160398351,0.238,0.11,0.000144187410278635,"2","CERK"
5.91843640563164e-09,0.439418701777881,0.134,0.049,0.000144717606990505,"2","SKIV2L"
6.21511998287855e-09,0.28575582349593,0.292,0.145,0.000151972113821346,"2","SMARCB1"
6.31559158720777e-09,1.03951953534558,0.104,0.033,0.000154428845490404,"2","RCC1L"
6.61464559883664e-09,0.267173892723916,0.33,0.17,0.000161741314182753,"2","NFYC"
6.75923095021100e-09,0.858207631285025,0.131,0.048,0.000165276715194559,"2","FCGR2B"
7.44062578803794e-09,0.941829862827757,0.119,0.042,0.000181938181769104,"2","ABHD6"
7.5029989080219e-09,0.44855161147552,0.152,0.059,0.000183463329298951,"2","TMEM104"
7.52696640292946e-09,0.595446713319107,0.179,0.076,0.000184049382484431,"2","RING1"
7.57251145955775e-09,0.814369624609136,0.134,0.05,0.000185163050209106,"2","SCML1"
7.64939444105681e-09,0.536176755941323,0.14,0.052,0.000187042992872721,"2","ING5"
7.75897883261790e-09,0.281013719723197,0.19,0.082,0.000189722550415173,"2","ELOA"
7.8678990852292e-09,0.301582728047209,0.36,0.196,0.000192385868432024,"2","DDX3Y"
7.95445734847647e-09,0.617089029299144,0.167,0.069,0.000194502391084947,"2","GSS"
8.05045403724082e-09,1.05090279996295,0.11,0.037,0.000196849702118613,"2","EML2"
8.14245594742952e-09,0.736136164238888,0.122,0.043,0.000199099332826547,"2","LNPK"
8.1924054049652e-09,0.512859294429048,0.211,0.097,0.000200320696962209,"2","RHBDD2"
8.19684986607347e-09,0.588472105833756,0.155,0.061,0.000200429372925228,"2","RIN2"
8.34694631257969e-09,0.29092168409292,0.298,0.15,0.000204099531235199,"2","FDPS"
8.54687723425632e-09,0.266510895245767,0.399,0.215,0.000208988242132036,"2","TAF15"
8.81719301538425e-09,0.942740216034438,0.11,0.037,0.000215598003612176,"2","GHDC"
8.92926601399577e-09,0.30358448539731,0.259,0.126,0.000218338412574224,"2","SUSD6"
9.00216026094218e-09,0.403816833660446,0.196,0.087,0.000220120822700558,"2","RSRC1"
9.18024140781049e-09,0.669377567322142,0.107,0.035,0.000224475262903782,"2","WDR81"
9.27952906195877e-09,0.558308205653435,0.211,0.098,0.000226903044623016,"2","ANKHD1"
9.40484927629227e-09,0.647634071970336,0.131,0.048,0.000229967374503899,"2","SMG9"
9.48736204906342e-09,0.394569940494974,0.241,0.116,0.000231984976823699,"2","API5"
9.51906171560588e-09,0.610322346216031,0.107,0.035,0.000232760097069995,"2","PGRMC2"
9.97547160817737e-09,0.364036102970069,0.22,0.1,0.000243920231763153,"2","POP4"
1.02579416718313e-08,0.368639370443067,0.155,0.061,0.000250827189759618,"2","BTBD10"
1.05142192814052e-08,0.48452764973223,0.277,0.141,0.000257093689868921,"2","DRAM1"
1.07344544890086e-08,0.360512228821793,0.253,0.122,0.000262478881165239,"2","RBM7"
1.0836687719491e-08,0.257779457798092,0.259,0.124,0.000264978688116995,"2","PPIP5K2"
1.08814748323424e-08,0.504754505203746,0.152,0.06,0.000266073822600435,"2","TMEM106B"
1.10924425421801e-08,0.416882950689786,0.179,0.076,0.000271232405041388,"2","YIPF6"
1.15208160510253e-08,0.597837183946575,0.158,0.064,0.00028170699407967,"2","WDR70"
1.17294722693163e-08,0.47070165856637,0.128,0.046,0.000286809055929321,"2","HELZ2"
1.19164929586812e-08,0.314809683223733,0.193,0.085,0.000291382085825672,"2","RNF6"
1.23611674912868e-08,0.301749996819967,0.259,0.126,0.000302255267496945,"2","RUFY1"
1.24439015499096e-08,0.412942212224266,0.211,0.096,0.000304278280698388,"2","ATG5"
1.24806196968766e-08,0.665208569097014,0.137,0.052,0.000305176112828026,"2","CTDP1"
1.26114435342183e-08,0.692068542826177,0.158,0.065,0.000308375017298706,"2","SIK2"
1.30633769471722e-08,0.254874196182416,0.247,0.118,0.000319425693112254,"2","GRAMD1A"
1.35370904390832e-08,0.29054371034127,0.256,0.126,0.000331008935416463,"2","TBC1D7"
1.36000514005853e-08,0.614359378983024,0.137,0.052,0.000332548456847113,"2","PAK1IP1"
1.3996804227947e-08,0.251964938042268,0.488,0.282,0.00034224985698176,"2","PPP2CA"
1.40659722567442e-08,0.328193731382438,0.179,0.076,0.00034394115362191,"2","MRPL2"
1.44119374996722e-08,0.591745988644044,0.152,0.061,0.000352400695741985,"2","BRAP"
1.47225693597089e-08,0.279048421745617,0.214,0.098,0.000359996265983602,"2","UTP23"
1.49726366890896e-08,0.923371809350593,0.125,0.046,0.00036611091232162,"2","ZNF410"
1.50547480735429e-08,0.521526642485003,0.122,0.044,0.000368118699894272,"2","ELMO2"
1.52143813589667e-08,0.292948329875158,0.152,0.06,0.000372022052989453,"2","CERS5"
1.58465399467496e-08,0.33174598672943,0.256,0.126,0.00038747959477792,"2","MAEA"
1.73337090944749e-08,0.304852152444897,0.238,0.114,0.000423843854778099,"2","GGA1"
1.75353522827372e-08,0.446773346524946,0.143,0.056,0.00042877443401749,"2","AAR2"
1.76438091183964e-08,0.81017238386058,0.119,0.043,0.00043142642056303,"2","CAAP1"
1.81287981997335e-08,0.402627189834262,0.164,0.068,0.000443285373579884,"2","GBF1"
1.81404143900634e-08,0.3266171643745,0.345,0.185,0.00044356941266583,"2","LAIR1"
1.86296736975776e-08,0.609578374741546,0.116,0.041,0.000455532781253168,"2","C8orf82"
1.87551034858009e-08,0.374059893615923,0.295,0.151,0.000458599790434803,"2","PIK3R1"
1.91236735131279e-08,0.285253489772783,0.289,0.148,0.000467612064743002,"2","SOAT1"
1.98333311528843e-08,0.268587389986301,0.31,0.159,0.000484964613350326,"2","CTNNBL1"
1.98458857248854e-08,0.680742903537105,0.146,0.058,0.000485271597744898,"2","EBP"
2.09493700031025e-08,0.302545347249429,0.512,0.288,0.000512253995315861,"2","LIPA"
2.1020091451237e-08,0.462594007583838,0.146,0.058,0.000513983276165647,"2","ODF2"
2.11269814974536e-08,0.379131065533058,0.214,0.099,0.000516596951575736,"2","HTATSF1"
2.12496078588757e-08,0.275410242541523,0.223,0.104,0.000519595411365229,"2","RNPC3"
2.29152160913193e-08,0.284274225677608,0.262,0.13,0.00056032286386494,"2","ADSL"
2.34974917461402e-08,0.64289672329966,0.137,0.053,0.00057456066817662,"2","MAP4K5"
2.3565377237359e-08,0.492883812293039,0.134,0.051,0.000576220604207902,"2","SLC10A3"
2.52794035001656e-08,0.556380347111384,0.134,0.052,0.000618131974386049,"2","KATNA1"
2.65944574126695e-08,0.305186121639935,0.122,0.045,0.000650287672654594,"2","HIVEP3"
2.71271836885424e-08,0.263373629706124,0.262,0.129,0.00066331389555224,"2","LSM1"
2.72343531190728e-08,0.279337094384643,0.14,0.054,0.000665934402467569,"2","FBXO42"
2.7940929937405e-08,0.265179692190773,0.259,0.128,0.000683211618829427,"2","IMP4"
2.81182273621449e-08,0.422965681352542,0.152,0.062,0.000687546895459168,"2","JUP"
2.83148139176354e-08,0.637600909606404,0.122,0.045,0.00069235382991402,"2","AATBC"
2.99602199124244e-08,0.907794165988629,0.101,0.034,0.000732587297298601,"2","SLC41A3"
3.07390314861058e-08,0.632287076028048,0.152,0.062,0.000751630797898259,"2","TCTA"
3.13220967976253e-08,0.639880314329621,0.143,0.057,0.000765887910895534,"2","FBXO28"
3.13323330848321e-08,0.474454749063598,0.179,0.079,0.000766138208590316,"2","MTRF1L"
3.16754108143194e-08,0.356594690604188,0.185,0.082,0.000774527145231738,"2","PCNX4"
3.29866159471802e-08,0.73570438305553,0.122,0.046,0.000806588733140451,"2","CDKN2AIP"
3.32138560389778e-08,0.341096720780092,0.173,0.074,0.000812145207865086,"2","DDHD1"
3.45711553874603e-08,0.43216417272566,0.164,0.069,0.00084533389153418,"2","ING4"
3.51571039161265e-08,0.709683592447675,0.119,0.044,0.000859661504957125,"2","GPN1"
3.56777120964045e-08,0.716639579874059,0.101,0.034,0.000872391416181283,"2","MUM1"
3.61253659599688e-08,0.61150436928141,0.125,0.047,0.000883337448453157,"2","RANGAP1"
3.69614204121184e-08,0.464839536180926,0.146,0.059,0.00090378065191712,"2","DCAF10"
3.72927915265349e-08,0.483912477283597,0.167,0.072,0.000911883338406831,"2","PRPF4"
3.84384051002048e-08,0.3477400054593,0.161,0.067,0.000939895881510208,"2","BTN2A1"
3.88634325759069e-08,0.348458365467476,0.211,0.1,0.000950288653346076,"2","USP47"
3.93040130957976e-08,0.375539703079539,0.235,0.115,0.000961061728218444,"2","PPP6R3"
3.93175521930222e-08,1.10575107167235,0.104,0.036,0.000961392786223779,"2","PRKCA"
4.02569843533953e-08,0.316230845063697,0.146,0.058,0.000984363781409221,"2","FLT3LG"
4.03043983030016e-08,0.681527644351714,0.128,0.049,0.000985523147304995,"2","FCHO2"
4.06774998406966e-08,0.832587843043648,0.107,0.037,0.000994646226104714,"2","PHYH"
4.12975183934627e-08,0.551714187167274,0.122,0.046,0.00100980691975695,"2","MOV10"
4.31734479440564e-08,0.401598210459947,0.167,0.072,0.00105567714912807,"2","PIKFYVE"
4.32210592126406e-08,0.543427882465597,0.107,0.037,0.00105684133986749,"2","ZNF397"
4.36186404349981e-08,0.262597263900055,0.324,0.173,0.00106656299591657,"2","LRRC59"
4.49543403377756e-08,0.77083730435177,0.14,0.057,0.00109922352993929,"2","TMEM115"
4.6310867415707e-08,0.296237442508467,0.122,0.045,0.00113239333004887,"2","RBM28"
4.66277545275124e-08,0.664603245477847,0.113,0.04,0.00114014185370673,"2","ARMC1"
4.66851110618642e-08,0.284298199982081,0.205,0.096,0.0011415443356847,"2","N4BP1"
4.80825928645285e-08,0.483911291419442,0.167,0.072,0.00117571556072345,"2","PREP"
4.80839575751018e-08,0.287216935919564,0.488,0.288,0.00117574893062639,"2","YWHAH"
4.94221119239213e-08,0.276084754822405,0.208,0.097,0.00120846948076372,"2","FBXO33"
4.94568461613971e-08,0.377449788019186,0.217,0.103,0.00120931880233848,"2","PTRH2"
5.11586286717726e-08,0.525298074473204,0.119,0.044,0.00125093078828218,"2","DDX19B"
5.40989789526293e-08,0.299984146492522,0.143,0.057,0.00132282823334969,"2","MRPS30"
5.55910134893683e-08,0.259418757926926,0.271,0.137,0.00135931146184203,"2","EPRS"
5.58722908964321e-08,0.269934080410716,0.286,0.148,0.00136618925699956,"2","PAPSS1"
5.63305708017533e-08,0.338618596795023,0.182,0.081,0.00137739511724447,"2","SRC"
5.64892354282584e-08,0.812684081168334,0.104,0.036,0.00138127478469178,"2","CSKMT"
5.70508923058168e-08,0.477006238995117,0.158,0.067,0.00139500841866183,"2","FTSJ1"
5.82031929418695e-08,1.15655647856821,0.107,0.039,0.00142318447381459,"2","NID1"
5.91877404492638e-08,0.251952281647041,0.211,0.099,0.0014472586294654,"2","GOSR1"
5.97521005164389e-08,0.532143617372227,0.14,0.056,0.00146105836182796,"2","UCKL1"
6.01301866743523e-08,0.330713312661665,0.205,0.096,0.00147030332456126,"2","SDAD1"
6.05976855236016e-08,0.439454377201699,0.167,0.072,0.00148173460642311,"2","RNF19A"
6.14195305704461e-08,0.626202674684579,0.131,0.051,0.00150183036150855,"2","ZFYVE27"
6.17634857337056e-08,0.756857204697977,0.125,0.048,0.00151024075316057,"2","WDR55"
6.31703411815706e-08,0.725004198503526,0.116,0.043,0.00154464118257177,"2","PRDM4"
6.53559017519455e-08,0.665392195940085,0.131,0.052,0.00159808250963857,"2","PDCL"
6.61373794387694e-08,0.256298863955516,0.146,0.059,0.00161719120203679,"2","FAM104B"
6.61851287845523e-08,0.364810010301926,0.262,0.133,0.00161835876903987,"2","COP1"
6.65162025106445e-08,0.521012316772746,0.11,0.039,0.00162645418379028,"2","MTG2"
6.68042391965556e-08,0.52011957028525,0.149,0.062,0.00163349725683418,"2","SCAF8"
6.69050564699168e-08,0.472021635202061,0.149,0.062,0.0016359624408024,"2","RIN1"
6.83658257087863e-08,0.440503558832222,0.167,0.072,0.00167168117023124,"2","AIDA"
7.03952771033677e-08,0.29204067222697,0.232,0.113,0.00172130531573155,"2","TXNDC15"
7.16836062246494e-08,0.330156411196604,0.688,0.451,0.00175280753940513,"2","RSRP1"
7.26683527984543e-08,0.61943942346325,0.205,0.099,0.00177688656262781,"2","NKG7"
7.27963017363103e-08,0.390848542993333,0.19,0.087,0.00178001517005626,"2","ZBTB20"
7.67588793891038e-08,0.396976531152007,0.128,0.05,0.00187690811882237,"2","SINHCAF"
7.83790963153307e-08,0.359100974303188,0.182,0.081,0.00191652566310247,"2","MRFAP1L1"
7.87022237094106e-08,0.523696508841932,0.137,0.055,0.00192442677414251,"2","RANBP3"
7.87408176712798e-08,0.36070469519154,0.134,0.053,0.00192537047369813,"2","RRP8"
7.90397857252079e-08,0.447037584482581,0.155,0.066,0.00193268084055278,"2","SNX8"
8.2911800124261e-08,0.325529388182265,0.185,0.084,0.00202735933663843,"2","ZNF672"
8.29499400568004e-08,0.6306873138245,0.122,0.046,0.00202829193426888,"2","MAP3K4"
8.69469687514488e-08,0.753848901917785,0.131,0.052,0.00212602727991043,"2","SLC35A5"
8.90718006167592e-08,0.291506072659663,0.128,0.049,0.00217798366868099,"2","VNN1"
8.93029965747408e-08,0.327318453854586,0.211,0.1,0.00218363687224556,"2","USP1"
9.13537223303779e-08,0.309647729710575,0.179,0.08,0.0022337812184224,"2","OTUD5"
9.54241728108146e-08,0.551831941542263,0.199,0.095,0.00233331187357004,"2","PITPNB"
9.64086563342452e-08,0.76096059759401,0.119,0.045,0.00235738446468496,"2","SEC22C"
9.83572016104476e-08,0.445882216487592,0.131,0.052,0.00240503029377866,"2","TIMM10B"
1.0037266610401e-07,0.335307696388234,0.161,0.07,0.00245431243157526,"2","CTSO"
1.07175927813233e-07,0.266315452199038,0.196,0.091,0.00262066578688916,"2","ZNF281"
1.07489878193147e-07,0.634680643434256,0.146,0.061,0.00262834250157884,"2","FPGS"
1.08710217607945e-07,0.312971277870232,0.22,0.106,0.00265818224094947,"2","DHX29"
1.1011017360652e-07,0.317157686288151,0.205,0.097,0.00269241396502662,"2","POLDIP2"
1.13901869445523e-07,0.590672785829754,0.137,0.056,0.00278512851168194,"2","HSPBP1"
1.14025410298242e-07,0.674979164817721,0.14,0.058,0.00278814933261261,"2","ECD"
1.14097763617107e-07,0.261869340316853,0.17,0.074,0.0027899185159655,"2","PPWD1"
1.14416788494746e-07,0.34698231415321,0.161,0.07,0.00279771931227353,"2","KIF13B"
1.15839364644084e-07,0.304953832154218,0.235,0.117,0.00283250414427714,"2","PBDC1"
1.16694238504085e-07,0.556414816580035,0.146,0.061,0.00285340751990188,"2","MFSD11"
1.19355668577576e-07,0.269573897320329,0.789,0.537,0.0029184848080589,"2","PPDPF"
1.19710937770766e-07,0.516667807922375,0.161,0.07,0.00292717185037077,"2","FAS"
1.19814007710525e-07,0.317578885335426,0.131,0.052,0.00292969211653777,"2","NDRG3"
1.20420827955664e-07,0.67537957065157,0.128,0.05,0.00294453008517191,"2","GOLGA5"
1.20590254451259e-07,0.30618432784754,0.202,0.096,0.00294867290184219,"2","RABGGTA"
1.2193676995039e-07,0.416371570506645,0.185,0.085,0.00298159789882695,"2","OPA1"
1.22334956374278e-07,0.37116766382776,0.167,0.073,0.00299133435326383,"2","DIS3"
1.22342900859315e-07,0.339225459683083,0.17,0.075,0.00299152861181197,"2","SSBP2"
1.22635124555885e-07,0.353736200946314,0.104,0.037,0.00299867406564049,"2","IQCE"
1.24922306669918e-07,0.51103794711367,0.107,0.039,0.00305460024269285,"2","BUD13"
1.25243163723647e-07,0.256655316020294,0.226,0.11,0.00306244583937062,"2","TRAPPC4"
1.25938922651759e-07,0.431931965132482,0.128,0.051,0.0030794585366808,"2","ABHD18"
1.29334135725276e-07,0.29075520781791,0.146,0.061,0.00316247828675444,"2","PIP5K1C"
1.34614572224545e-07,0.551607083534689,0.193,0.091,0.00329159552003456,"2","BRD9"
1.39145997154829e-07,0.665413091616557,0.131,0.052,0.00340239792242988,"2","FAM3C"
1.4270049557031e-07,0.561534079713387,0.107,0.039,0.00348931251768521,"2","KLHL7"
1.45621608956468e-07,0.555015473644155,0.113,0.042,0.00356073958220356,"2","VPS18"
1.54077232727074e-07,0.341980989120546,0.164,0.072,0.0037674964946424,"2","TOPORS"
1.54954736183745e-07,0.561598392413512,0.125,0.05,0.00378895320916492,"2","ESCO1"
1.57814468969288e-07,0.303029861316458,0.155,0.066,0.00385887939523703,"2","ZGPAT"
1.59558508372296e-07,0.554827123329189,0.259,0.137,0.00390152464671939,"2","GNA15"
1.61747079293924e-07,0.323149254869928,0.193,0.091,0.00395503958289503,"2","TRIM14"
1.62388825203345e-07,0.315403440990921,0.25,0.129,0.0039707315538722,"2","SRRT"
1.68206733109695e-07,0.935164098556956,0.101,0.036,0.00411299103799826,"2","TMEM184C"
1.70035037435183e-07,0.66287762675943,0.173,0.079,0.0041576967353651,"2","ZNF326"
1.70175862769699e-07,0.36814367727027,0.211,0.103,0.00416114019644469,"2","ATP6V1H"
1.73599196959939e-07,0.409138832654921,0.149,0.063,0.00424484756406444,"2","TMED1"
1.74728298327575e-07,0.570602323078877,0.134,0.055,0.00427245635070586,"2","GMDS"
1.75004511293367e-07,0.336997358617778,0.167,0.074,0.0042792103101454,"2","SLC50A1"
1.76191569085897e-07,0.730556568828454,0.104,0.038,0.00430823624728835,"2","MRM3"
1.77507510432824e-07,0.259673115286936,0.274,0.143,0.0043404136451034,"2","PUM2"
1.78643877605861e-07,0.271327996143027,0.938,0.738,0.00436820009521852,"2","SLC25A3"
1.84519666038935e-07,0.330258332142139,0.235,0.119,0.00451187487398403,"2","EFTUD2"
1.88553671681363e-07,0.410664561266938,0.107,0.039,0.0046105143799527,"2","NPAT"
1.90325827521412e-07,0.427503841861836,0.104,0.038,0.00465384713455355,"2","SLC25A16"
1.90619466493618e-07,0.665566518868287,0.137,0.057,0.00466102719470196,"2","MED27"
1.91236260972035e-07,0.268032740846956,0.214,0.104,0.0046761090532882,"2","PPM1B"
1.94507194505395e-07,0.832418537643917,0.134,0.056,0.00475608992004593,"2","ZFY"
1.95756784823818e-07,0.367751360266998,0.179,0.083,0.00478664490251199,"2","TP53BP2"
2.03137954674247e-07,0.268519176534311,0.185,0.085,0.00496712926769469,"2","PEX2"
2.08063337519932e-07,0.585323168039333,0.143,0.06,0.00508756472903739,"2","HIBADH"
2.16042146955401e-07,0.260873895536239,0.336,0.186,0.00528266257735346,"2","TUBA1C"
2.20819062022389e-07,0.621024491239585,0.134,0.055,0.00539946770457146,"2","RASA1"
2.21330911726792e-07,0.254202756610233,0.149,0.063,0.00541198345354352,"2","CASP10"
2.3806574254059e-07,0.333066088523057,0.152,0.065,0.00582118353660251,"2","MPHOSPH10"
2.40081021629877e-07,0.328689616165678,0.182,0.085,0.00587046114089375,"2","DCP1A"
2.58634841853057e-07,0.269612621265029,0.104,0.038,0.00632413915299094,"2","ZNF185"
2.58646599129072e-07,0.544549051536318,0.134,0.056,0.00632442664190407,"2","SLC49A3"
2.6184521715793e-07,0.418277471898481,0.173,0.08,0.00640263924994571,"2","C16orf54"
2.63959610165198e-07,0.755498658521215,0.101,0.037,0.00645434038775943,"2","ACAD9"
2.6534216135445e-07,0.253276676095664,0.795,0.558,0.00648814652943901,"2","UCP2"
2.788249731812e-07,0.406386394970865,0.345,0.194,0.0068178282442267,"2","DDAH2"
2.91023136171083e-07,0.428564418934962,0.149,0.065,0.00711609772565533,"2","TRIM11"
3.02924765190412e-07,0.339108302291832,0.173,0.078,0.00740711635843594,"2","MTREX"
3.09386871404949e-07,0.561934321673376,0.131,0.053,0.00756512777959382,"2","AC007388.1"
3.21672795921985e-07,0.479288206098879,0.11,0.041,0.00786554320588437,"2","SCOC"
3.22029317540001e-07,0.388445438967023,0.188,0.089,0.00787426087248811,"2","RFK"
3.23643880323116e-07,0.643078085420333,0.134,0.057,0.00791374016166085,"2","ACAT2"
3.24783598181566e-07,0.297143838762062,0.202,0.098,0.00794160854273565,"2","UBLCP1"
3.29376668889253e-07,0.771723990625403,0.104,0.039,0.00805391830768002,"2","GFPT1"
3.41532637421965e-07,0.300261336557237,0.265,0.139,0.00835115605024188,"2","DCTN4"
3.41584870222101e-07,0.597745314781374,0.143,0.062,0.00835243324667081,"2","KLHL6"
3.44467477590025e-07,0.357950587445324,0.188,0.089,0.0084229187620313,"2","NKAP"
3.51531173507737e-07,0.465575657233142,0.167,0.076,0.00859564025461119,"2","PSMD10"
3.73616295332016e-07,0.268545400440242,0.196,0.094,0.00913566565345844,"2","MAPKAP1"
3.85257895213443e-07,0.4705099513644,0.128,0.052,0.0094203260537591,"2","NOL11"
3.90211311993408e-07,0.325347877022288,0.128,0.052,0.00954144700086282,"2","CIAPIN1"
3.92298657187052e-07,0.607097716039996,0.104,0.039,0.00959248676553779,"2","ZNF506"
4.11245147600767e-07,0.579627904629872,0.119,0.047,0.010055766349134,"2","FBXO21"
4.1851529566158e-07,0.283219328942752,0.232,0.118,0.0102335360095169,"2","ARMCX3"
4.29914821863892e-07,0.346502249695313,0.182,0.085,0.0105122772242159,"2","HDAC5"
4.29984808895596e-07,0.509875558791553,0.101,0.037,0.0105139885471151,"2","EXOC2"
4.43732148131863e-07,0.620357609856471,0.113,0.044,0.0108501384861203,"2","SNAPC1"
4.54286512693939e-07,0.30425966057124,0.152,0.067,0.0111082138083922,"2","KLF7"
4.57265653040572e-07,0.639175414026505,0.113,0.045,0.0111810597481481,"2","DNMBP"
4.82469966933841e-07,0.530290199176999,0.122,0.049,0.0117973556314663,"2","PPP1R8"
4.93813746592443e-07,0.404364890100795,0.125,0.051,0.0120747337316784,"2","LMBR1L"
5.22292143739006e-07,0.372971273258918,0.199,0.098,0.0127710874987062,"2","RAB35"
5.30488177638191e-07,0.427924188621217,0.119,0.047,0.012971496919609,"2","ATR"
5.38712378893107e-07,0.534552864502381,0.152,0.068,0.0131725950886942,"2","IL18BP"
5.40330278751426e-07,0.313867778284174,0.214,0.11,0.0132121559760299,"2","STK17A"
5.44351050480903e-07,0.2641850656611,0.122,0.049,0.013310471886359,"2","GLE1"
5.51388978766693e-07,0.52935272022098,0.119,0.048,0.0134825633088032,"2","CHUK"
5.62816896552637e-07,0.660444001710078,0.277,0.158,0.0137619987545051,"2","DDIT4"
5.66554072344116e-07,0.821166703065781,0.101,0.038,0.0138533801769583,"2","ZUP1"
5.98005532778555e-07,0.754307324214148,0.122,0.05,0.0146224312875012,"2","TBP"
6.3092878487238e-07,0.366508642720443,0.152,0.067,0.0154274706476994,"2","ENTPD4"
6.65634013795401e-07,0.252040012114336,0.363,0.211,0.0162760829053252,"2","CEBPZ"
6.70094027891683e-07,0.402079656240458,0.176,0.083,0.0163851391700074,"2","SSH1"
6.77099043184112e-07,0.52275085564611,0.128,0.053,0.0165564258039379,"2","PRR7"
7.08430810956472e-07,0.303945110871046,0.119,0.048,0.0173225501895076,"2","ITFG2"
7.71676202552995e-07,0.484838875458722,0.119,0.048,0.0188690265048258,"2","ACD"
7.90748713950014e-07,0.604597710025137,0.143,0.064,0.0193353875535057,"2","AAGAB"
8.00078424142035e-07,0.322663992037529,0.205,0.103,0.019563517627121,"2","CCDC32"
8.02353353308254e-07,0.319300356133658,0.128,0.053,0.0196191441950934,"2","MADD"
8.04161438685434e-07,0.690814528469923,0.11,0.044,0.0196633554987362,"2","YJU2"
8.25034316593756e-07,0.447857250233068,0.122,0.05,0.0201737391093505,"2","C11orf24"
8.28295578966268e-07,0.352517262856004,0.119,0.048,0.0202534834968832,"2","PRKACB"
8.53011767415455e-07,0.307202271099327,0.143,0.062,0.0208578437368427,"2","NDUFAF4"
9.31449361715689e-07,0.35284613058252,0.173,0.082,0.022775799792672,"2","MED6"
9.3315244545859e-07,0.414298732229038,0.164,0.077,0.0228174435963534,"2","CCDC93"
9.61612105888719e-07,0.517892788888446,0.149,0.067,0.023513339213191,"2","PCK2"
9.87078582567903e-07,0.304042222943204,0.167,0.077,0.0241360455009504,"2","PIGF"
9.98176567980694e-07,0.257466568653412,0.104,0.04,0.0244074134402639,"2","USP42"
1.02747612217832e-06,0.411593910854123,0.167,0.078,0.0251238461395042,"2","CYB5A"
1.04157477636204e-06,0.312512208889098,0.155,0.07,0.0254685864316047,"2","ZBED5"
1.07245369797374e-06,0.258124365662194,0.155,0.07,0.026223637822854,"2","RCN2"
1.08942128583116e-06,0.69137268403791,0.107,0.042,0.0266385292811436,"2","ITPKB"
1.09590959156036e-06,0.340140949244813,0.149,0.067,0.0267971813328338,"2","ACTR1B"
1.10469733737739e-06,0.388239142106538,0.107,0.042,0.027012059293552,"2","ARFGAP1"
1.12395458265329e-06,0.265137609674363,0.298,0.167,0.0274829374550382,"2","SLC12A7"
1.18075115173961e-06,0.53956454426897,0.134,0.059,0.028871727162337,"2","SHLD2"
1.23664502442378e-06,0.372557888682695,0.149,0.067,0.0302384441372103,"2","C1orf35"
1.27899603455754e-06,0.74843921375251,0.11,0.045,0.0312740110370009,"2","ZBTB21"
1.28188194141895e-06,0.447740427341999,0.107,0.042,0.0313445772315761,"2","MED7"
1.29835482793659e-06,0.305696379614496,0.134,0.058,0.0317473722527055,"2","CNOT9"
1.31203855371875e-06,0.37455470710029,0.196,0.099,0.0320819667155309,"2","SSRP1"
1.32422244377433e-06,0.327757932636413,0.137,0.059,0.0323798871951698,"2","ZDHHC4"
1.34147501026458e-06,0.464990492809614,0.131,0.057,0.0328017469509895,"2","EXOSC7"
1.41066999869128e-06,0.318323079043795,0.119,0.05,0.0344937028079992,"2","IMPA1"
1.44838061756454e-06,0.260249893207386,0.381,0.23,0.0354158028606881,"2","FBP1"
1.45562493953907e-06,0.710522869747167,0.104,0.041,0.0355929410216093,"2","PNO1"
1.49870951549605e-06,0.460473372243951,0.143,0.064,0.0366464450729093,"2","PHC3"
1.50826624163282e-06,0.265703021302225,0.152,0.07,0.0368801261404058,"2","ASMTL"
1.57272555672211e-06,0.331495246414204,0.193,0.096,0.0384562853129691,"2","DGLUCY"
1.59630847489129e-06,0.47210757097536,0.131,0.057,0.0390329348280419,"2","TRAP1"
1.60264185437442e-06,0.389703124120029,0.125,0.053,0.0391877986231633,"2","NUP54"
1.63039713740053e-06,0.329673572417025,0.202,0.102,0.0398664708037179,"2","RNF126"
1.6375181685623e-06,0.362968329765508,0.202,0.104,0.0400405942576855,"2","RMND5A"
1.67920040211342e-06,0.384472932343902,0.14,0.062,0.0410598082324774,"2","CBLL1"
1.6958295819229e-06,0.251863627769166,0.185,0.091,0.0414664249371788,"2","ASCC3"
1.76713774550265e-06,0.648646280948756,0.11,0.046,0.0432100521530308,"2","LGMN"
1.79328542556906e-06,0.30873370629863,0.137,0.06,0.0438494152260146,"2","TRANK1"
1.82376877078394e-06,0.341706308703593,0.152,0.07,0.0445947939832089,"2","ZHX1"
2.000019733884e-06,0.305974305913875,0.199,0.101,0.0489044825329314,"2","TMX2"
2.00277057216782e-06,0.350557035511223,0.149,0.068,0.0489717460306475,"2","OTULIN"
2.03927323019807e-06,0.55438247537363,0.11,0.045,0.0498643090248033,"2","CCDC9"
2.05552219133905e-06,0.324266461089145,0.113,0.046,0.0502616286226224,"2","DMAC2"
2.11692318344128e-06,0.292623994329405,0.146,0.066,0.0517630056815061,"2","DKC1"
2.18180283222115e-06,0.300754373682496,0.179,0.089,0.0533494428534716,"2","VPS4A"
2.30531565270586e-06,0.26917651356565,0.202,0.104,0.0563695783399638,"2","RIC1"
2.30561040772756e-06,0.643276989433286,0.104,0.042,0.0563767856897544,"2","SESN1"
2.31488019594811e-06,0.574453942950406,0.11,0.046,0.0566034505513233,"2","WDR20"
2.31906344105109e-06,0.413726072969344,0.107,0.043,0.0567057392605813,"2","SUGP1"
2.33533660757836e-06,0.308333267874009,0.244,0.133,0.057103650728506,"2","RYBP"
2.3381410231314e-06,0.33392569693899,0.283,0.159,0.0571722242976089,"2","TROVE2"
2.35846000233898e-06,0.429411423885409,0.116,0.049,0.0576690639771926,"2","ATXN1L"
2.42436848207498e-06,0.339803406316983,0.137,0.061,0.0592806581236974,"2","SLC9A9"
2.52182494706282e-06,0.270291304006645,0.176,0.086,0.06166366360558,"2","RCC1"
2.690040751686e-06,0.319060935514521,0.116,0.049,0.0657768764602261,"2","ZMYM5"
2.75665040836342e-06,0.324537664622495,0.125,0.054,0.0674056157853024,"2","POLR2M"
2.76741446756141e-06,0.610750332039656,0.113,0.047,0.0676688185608115,"2","ERAL1"
2.88085077284488e-06,0.251805054257794,0.143,0.065,0.0704425630976029,"2","SLC52A2"
3.01181393373798e-06,0.281011575337287,0.226,0.122,0.073644874307761,"2","HECA"
3.11477635199925e-06,0.876007629112147,0.119,0.052,0.0761625113590857,"2","SETDB2"
3.43080921838806e-06,0.297145753036107,0.131,0.059,0.0838901470080249,"2","TDP2"
3.54627695797685e-06,0.314518776432991,0.137,0.062,0.08671356417645,"2","PSMG1"
3.70875111671932e-06,0.595259718585836,0.104,0.042,0.0906863823060209,"2","ESS2"
3.89380293887648e-06,0.416896082256083,0.104,0.042,0.0952112694614076,"2","ZXDC"
4.02597449290029e-06,0.449966675668813,0.146,0.068,0.098443128300398,"2","POLR2D"
4.13333888739787e-06,0.25994752351065,0.155,0.073,0.101068402474653,"2","PDS5B"
4.14446035559233e-06,0.437238510320434,0.101,0.041,0.101340344614944,"2","SPRTN"
4.20896656795395e-06,0.332623216119124,0.143,0.067,0.10291765051961,"2","MTG1"
4.25426825784528e-06,0.578476309629143,0.116,0.051,0.104025367440833,"2","KDM6A"
4.29578522223193e-06,0.404442956290795,0.134,0.061,0.105040540254015,"2","GOSR2"
4.65035518257079e-06,0.337525757315985,0.17,0.084,0.113710484924221,"2","SCYL2"
4.70421113233367e-06,0.459202106015329,0.122,0.053,0.115027370607823,"2","MFN2"
4.92111448760441e-06,0.573117816137912,0.11,0.046,0.120331091450903,"2","RBM4B"
4.97179755349974e-06,0.460274719432269,0.101,0.041,0.121570393778176,"2","RNGTT"
4.97662411840832e-06,0.428943440199513,0.104,0.043,0.12168841294332,"2","PKNOX1"
5.06217722330944e-06,0.464126042909032,0.134,0.062,0.123780357464363,"2","LACC1"
5.19012049211979e-06,0.275288208702339,0.226,0.119,0.126908826273313,"2","CRYL1"
5.32631581297877e-06,0.304257761827931,0.176,0.089,0.130239074258957,"2","NAGPA"
5.5724781921537e-06,0.275789714734566,0.173,0.086,0.136258236754542,"2","CLASP2"
5.7675243302999e-06,0.355185856708314,0.128,0.058,0.141027504924493,"2","MAPK8"
5.98404243109489e-06,0.332307714120193,0.155,0.075,0.146321805525132,"2","CHD6"
6.03426081411815e-06,0.387358454381722,0.107,0.045,0.147549745426817,"2","ZNF264"
6.07865630549219e-06,0.706338350973945,0.128,0.059,0.148635303981895,"2","PDE4D"
6.2791461196309e-06,0.450802778348934,0.11,0.047,0.153537680917215,"2","LSG1"
6.35779233515532e-06,0.259649110641189,0.208,0.111,0.155460738179218,"2","BZW2"
6.63151230560095e-06,0.470853813668278,0.14,0.066,0.162153738896554,"2","UFSP2"
6.67431553939028e-06,0.265724155889008,0.146,0.069,0.163200363569171,"2","ZFPL1"
6.83023759023318e-06,0.576017739584197,0.113,0.049,0.167012969556382,"2","PHF1"
6.95343922830052e-06,0.2848132657842,0.167,0.083,0.170025496010404,"2","ST3GAL5"
7.11765470819675e-06,0.277510098556376,0.19,0.098,0.174040892924827,"2","POM121"
7.11798415637354e-06,0.595591366393095,0.119,0.053,0.174048948591646,"2","FAM210A"
7.23657075978605e-06,0.375599695824912,0.158,0.078,0.176948628218289,"2","ACADM"
7.33549914124456e-06,0.508862758609656,0.158,0.078,0.179367625001712,"2","ABHD12"
7.51022493560682e-06,0.337888476308574,0.11,0.047,0.183640020125458,"2","FAM199X"
7.83704861419091e-06,0.537213722598612,0.14,0.067,0.191631512714196,"2","HCAR3"
8.00085765510319e-06,0.283364917176657,0.104,0.044,0.195636971382583,"2","PCNT"
8.08512107905464e-06,0.571476896479763,0.176,0.092,0.197697380625044,"2","LATS2"
8.25099778338681e-06,0.295174822976874,0.149,0.072,0.201753397799374,"2","C8orf33"
8.49078942271355e-06,0.437977145032649,0.113,0.05,0.207616782964192,"2","METTL14"
8.57111745349044e-06,0.54364472466005,0.134,0.063,0.209580963972748,"2","PUM3"
8.77786031655931e-06,0.383263710669212,0.167,0.084,0.214636240460508,"2","PCID2"
8.82005777834116e-06,0.923863319421961,0.137,0.067,0.215668052795998,"2","BTG3"
9.47761546017119e-06,0.449575918869479,0.131,0.06,0.231746653232106,"2","GZF1"
9.68803849472424e-06,0.325172654539562,0.146,0.071,0.236891917272997,"2","EXOSC3"
9.74795196630236e-06,0.358103730259934,0.107,0.046,0.238356921480025,"2","AP5B1"
9.7849630771228e-06,0.316665669495634,0.104,0.044,0.239261917161807,"2","ENOX2"
9.97413442855138e-06,0.398759199768172,0.131,0.061,0.243887535046938,"2","POFUT1"
1.03459053128438e-05,0.313559767262145,0.131,0.061,0.252978076709658,"2","GTPBP1"
1.0904869255121e-05,0.275773458911905,0.119,0.053,0.266645863026218,"2","ULK2"
1.09812105958779e-05,0.44437206094017,0.131,0.062,0.268512561490408,"2","CHSY1"
1.13296419593387e-05,0.274202114797376,0.137,0.065,0.27703240518975,"2","SUPT7L"
1.16747207565662e-05,0.553670842202896,0.134,0.064,0.285470271939556,"2","LINC01678"
1.28638550575827e-05,0.390786214593587,0.113,0.051,0.314546983868013,"2","FUCA1"
1.3192691826429e-05,0.274526312949143,0.185,0.098,0.322587700539841,"2","DDX49"
1.45015046196359e-05,0.324568118362728,0.161,0.082,0.354590790959337,"2","CDK9"
1.52402337068315e-05,0.317506865246318,0.119,0.054,0.372654194599444,"2","THOC3"
1.6495687659248e-05,0.282400536708486,0.11,0.048,0.403352554643932,"2","NUP133"
1.66174624933232e-05,0.369986945662769,0.155,0.077,0.406330192886738,"2","RAB3GAP2"
1.66233614104109e-05,0.252743125105186,0.161,0.081,0.406474433207368,"2","FAM168B"
1.73371791074429e-05,0.426483964116025,0.128,0.06,0.423928703535193,"2","CD40"
1.75002532626563e-05,0.282196026750733,0.11,0.049,0.427916192778472,"2","VAPB"
1.83390039972384e-05,0.269095118590075,0.122,0.056,0.448425325740472,"2","RNF14"
1.95456682491965e-05,0.350520248293873,0.11,0.049,0.477930680029352,"2","APTX"
1.95545395941141e-05,0.48180644821229,0.11,0.049,0.478147602155278,"2","PCNA"
1.9682256446879e-05,0.292886311520085,0.176,0.093,0.481270534639084,"2","ZEB2-AS1"
2.00678025774504e-05,0.396554897672377,0.104,0.046,0.490697908623816,"2","TBL2"
2.06980970426087e-05,0.276848438705363,0.104,0.046,0.506109868885867,"2","CLCN6"
2.17291441085029e-05,0.410199310572638,0.125,0.059,0.531321031741113,"2","LCORL"
2.24808125476961e-05,0.280299291110047,0.122,0.057,0.549700828416266,"2","STX18"
2.27581576521882e-05,0.97725532561907,0.101,0.045,0.556482470911306,"2","HIVEP2"
2.74176312807533e-05,0.30302490018034,0.125,0.059,0.670415920076979,"2","FAM76B"
2.83554004605933e-05,0.259520951279644,0.101,0.044,0.693346252062428,"2","LEMD2"
2.86615105687656e-05,0.264651377104037,0.104,0.046,0.700831256427456,"2","HELQ"
3.00710005630401e-05,0.256209468228557,0.11,0.05,0.735296105767458,"2","ATP2C1"
3.13177059220401e-05,0.29605691229193,0.164,0.086,0.765780545205724,"2","VTI1A"
3.22359706172087e-05,0.501494481364115,0.101,0.045,0.788233953531987,"2","PSMD5"
3.3135494956648e-05,0.28830633489109,0.104,0.046,0.810229122679958,"2","ENOPH1"
3.3949418284015e-05,0.310668251996514,0.113,0.052,0.830131175880734,"2","PDZD8"
3.44692755967105e-05,0.484482085936763,0.125,0.06,0.842842726890766,"2","C4orf33"
3.44946699766047e-05,0.485414908183895,0.101,0.045,0.843463670267938,"2","SLC25A25"
3.53497927297659e-05,0.636062239692895,0.113,0.053,0.864373131828236,"2","CRTAM"
3.81596454273222e-05,0.270616570277949,0.149,0.076,0.933079649988881,"2","DCAF13"
4.21819936974851e-05,0.258634022874554,0.143,0.072,1,"2","MED1"
4.39441858463667e-05,0.377719577674189,0.122,0.059,1,"2","RNASEH1"
4.39649795116117e-05,0.381245909307883,0.119,0.057,1,"2","ZNF431"
4.40597392449738e-05,0.268684459571698,0.137,0.068,1,"2","DOPEY2"
4.53555967232808e-05,0.427772649120315,0.107,0.049,1,"2","GPR107"
4.73770457314088e-05,0.376966902756889,0.155,0.081,1,"2","TRAF3"
4.79081980829208e-05,0.321080679266167,0.128,0.064,1,"2","NCOA5"
4.9731481379372e-05,0.305178859356426,0.113,0.053,1,"2","C18orf25"
5.16585324261112e-05,0.860752447717274,0.101,0.046,1,"2","DNAAF1"
5.26668256847451e-05,0.388883423521747,0.11,0.051,1,"2","LAS1L"
5.40899393729057e-05,0.259735892822795,0.116,0.055,1,"2","GON7"
5.41796265470675e-05,0.478933309145172,0.134,0.067,1,"2","TOMM40"
6.42926379989961e-05,0.539760496059718,0.131,0.067,1,"2","LAMB3"
7.28337040164136e-05,0.283188466504869,0.119,0.058,1,"2","TRAK2"
7.50209325884326e-05,0.3525620685759,0.11,0.052,1,"2","TOP3A"
8.11263089918161e-05,0.32179213707467,0.107,0.05,1,"2","RNF38"
8.64916277141775e-05,0.403686472973967,0.101,0.047,1,"2","QTRT1"
9.2308898794702e-05,0.337015338025016,0.11,0.053,1,"2","RAPGEF6"
0.000104685471542113,0.268161986303185,0.101,0.047,1,"2","PLPP5"
0.000105416083684664,0.250504615541355,0.286,0.179,1,"2","CHD2"
0.000121479662431936,0.387406398181752,0.125,0.064,1,"2","STARD4"
0.000121781214042497,0.473927867950934,0.208,0.125,1,"2","OLR1"
0.000124395684263708,0.559576478219902,0.131,0.069,1,"2","KATNBL1"
0.000130978575554359,0.283467900026811,0.107,0.052,1,"2","FAM3A"
0.000135328284212943,0.311124743680499,0.101,0.049,1,"2","SDS"
0.000138044924895763,0.311696784002082,0.11,0.053,1,"2","GALT"
0.000141550061788651,0.572387348110046,0.104,0.05,1,"2","HDAC8"
0.000150340083147855,0.734582898506854,0.131,0.07,1,"2","STARD8"
0.000167526403718337,0.269615379795071,0.113,0.056,1,"2","UBR1"
0.000169432772552332,0.404829256900501,0.104,0.051,1,"2","TEDC1"
0.000183855003568495,0.352289735694669,0.119,0.061,1,"2","BEX4"
0.000203514122192928,0.37019258958683,0.101,0.049,1,"2","CTDSPL2"
0.000233305426089288,0.360761858146961,0.104,0.051,1,"2","VEZT"
0.000239787680683523,0.361411867630539,0.119,0.061,1,"2","KHNYN"
0.000298463531192782,0.425993573763161,0.97,0.853,1,"2","IFI30"
0.00031068222354442,0.329780730870477,0.185,0.108,1,"2","FCAR"
0.000372660199653151,0.537622216989186,0.104,0.053,1,"2","ADNP2"
0.000731126182037838,0.354087716407124,0.104,0.055,1,"2","CHKA"
0.00107920276621503,0.343766386011209,0.104,0.055,1,"2","CHM"
0.00121825073002149,0.340137160277852,0.122,0.069,1,"2","FADS1"
0.00124448529405302,0.278236653768257,0.167,0.102,1,"2","NFKBIE"
0.00146726036622877,0.333286983544508,0.11,0.061,1,"2","EMC2"
0.00165704042779074,0.427567718074598,0.107,0.059,1,"2","WHAMM"
0.00301360427893224,0.250263430674596,0.119,0.07,1,"2","YRDC"
0.00378097868412578,0.315254714200179,0.113,0.066,1,"2","HMGCS1"
4.6710873106339e-135,2.42780649748898,0.915,0.241,1.1421742691962e-130,"3","FCGR3A"
9.62071591316961e-125,1.91318824772526,1,0.895,2.35245745508823e-120,"3","IFITM2"
1.37655014334239e-114,1.56967412409782,0.996,0.934,3.36594041050082e-110,"3","LST1"
3.3233217207641e-110,1.67233426285689,0.996,0.901,8.12618627161237e-106,"3","IFITM3"
5.9978643559895e-107,2.61904918376415,0.802,0.233,1.46659779232655e-102,"3","IFITM1"
1.67900634729693e-91,0.991667020632302,1,0.976,4.10550632041046e-87,"3","AIF1"
4.43816393989694e-87,0.912718089349652,1,0.982,1.0852198465836e-82,"3","FCER1G"
7.61034808176823e-83,2.27981771808115,0.749,0.249,1.86088231295397e-78,"3","RHOC"
1.47370895872877e-78,0.947604205664404,0.996,0.959,3.6035131458836e-74,"3","COTL1"
6.94822046264304e-73,0.586735044429135,1,1,1.69897886752548e-68,"3","B2M"
1.53416296530988e-72,1.45333162769084,0.958,0.622,3.75133528277572e-68,"3","SMIM25"
4.18604508036786e-70,0.803198614721214,1,0.979,1.02357174305155e-65,"3","PFN1"
7.10218837217876e-68,1.77232912322194,0.848,0.44,1.73662710076515e-63,"3","CALHM6"
6.47157406190518e-66,0.734274163754532,1,0.982,1.58242928961706e-61,"3","MYL6"
2.71189076315825e-64,3.02460324674182,0.406,0.079,6.63111529407456e-60,"3","CD79B"
3.18039917285213e-63,2.92125953579863,0.424,0.087,7.77671205745803e-59,"3","CKB"
5.60780014701919e-58,2.54519631284158,0.466,0.12,1.37121929194913e-53,"3","CALML4"
3.6096090504024e-56,1.31899905231632,0.922,0.562,8.82621605004395e-52,"3","KLF2"
6.78312156428472e-54,1.33746481699496,0.926,0.587,1.6586088848989e-49,"3","LY6E"
1.96041381220555e-53,1.3830630181369,0.883,0.553,4.79360385360501e-49,"3","DRAP1"
3.61183260085356e-52,0.907515217220701,0.996,0.906,8.83165307560712e-48,"3","SERPINA1"
4.96323088042395e-50,1.24246584999709,0.905,0.509,1.21360921488126e-45,"3","TXNIP"
1.99168903010677e-49,3.53255217793529,0.283,0.045,4.87007801641708e-45,"3","LYPD2"
8.78780269513982e-49,2.21949271242881,0.449,0.121,2.14879351501559e-44,"3","CDKN1C"
2.2095972768405e-48,0.526862999636482,1,0.999,5.40290726133038e-44,"3","FTL"
2.75468046816137e-48,0.58788033336589,1,0.995,6.73574468074818e-44,"3","CST3"
3.10596981308985e-47,2.07852841477814,0.509,0.167,7.5947173869673e-43,"3","RRAS"
3.6615213395671e-47,0.782256015024331,0.989,0.88,8.95315197950948e-43,"3","YBX1"
4.80033893992817e-47,2.55762319374162,0.42,0.119,1.17377887759123e-42,"3","MS4A4A"
5.12491075324962e-46,0.527693960470692,1,0.998,1.2531431773846e-41,"3","ACTB"
2.78138136628194e-45,2.22597824476708,0.502,0.169,6.80103371683261e-41,"3","CX3CR1"
5.67716974059787e-44,0.520491059340152,1,0.991,1.38818154497099e-39,"3","S100A11"
1.86198420907236e-42,1.70978147315862,0.668,0.322,4.55292378802373e-38,"3","OAS1"
3.64975438010898e-42,0.818447433292602,0.989,0.819,8.92437941024249e-38,"3","HLA-DPA1"
1.20331562466484e-41,1.93598597921717,0.53,0.206,2.94234736543046e-37,"3","FAM110A"
1.94931176949829e-41,1.58985931676569,0.763,0.427,4.76645713877722e-37,"3","PLAC8"
2.89600195038943e-41,1.0633001995789,0.943,0.729,7.08130396909222e-37,"3","CSTB"
4.91463835606767e-41,1.84886117695388,0.569,0.238,1.20172737082567e-36,"3","ABI3"
6.79732656572233e-41,0.999182621665064,0.965,0.83,1.66208229185042e-36,"3","CFD"
1.02219860320472e-40,0.93453354376449,0.936,0.709,2.49948002455619e-36,"3","PSMB9"
1.71257405320596e-39,1.32682769169731,0.809,0.48,4.18758607489921e-35,"3","TUBA1B"
9.7480904572623e-39,1.28885249041159,0.795,0.464,2.38360307860978e-34,"3","CTSC"
1.12378642103899e-37,0.411976187523813,1,0.997,2.74788255672454e-33,"3","TMSB4X"
1.71549679267617e-37,1.06931801474762,0.873,0.583,4.19473275745176e-33,"3","MS4A7"
8.60738439360859e-37,1.16368076736842,0.837,0.558,2.10467763192517e-32,"3","PTPN6"
3.08622147190132e-36,1.32193808950875,0.686,0.345,7.5464287430931e-32,"3","RHOB"
5.04488938256523e-36,1.38135361692898,0.707,0.383,1.23357635182485e-31,"3","LRRC25"
3.97983121626238e-35,0.954683837103811,0.898,0.664,9.73148329000478e-31,"3","RNASET2"
7.95963101134146e-35,0.762315092508266,0.972,0.859,1.94628897489321e-30,"3","ARHGDIB"
1.64749998229463e-34,2.03005841284454,0.399,0.131,4.02846695670682e-30,"3","LTB"
4.77566180710288e-33,2.46915330492623,0.3,0.08,1.1677448250728e-28,"3","BATF3"
7.32297088354086e-33,3.08627741048952,0.212,0.039,1.79061284044341e-28,"3","FCGR3B"
8.46786729052112e-33,1.13684908143554,0.76,0.447,2.07056290987823e-28,"3","VAMP5"
1.18730738656154e-32,1.38468235196075,0.551,0.236,2.90320402162027e-28,"3","MTSS1"
3.54188123409677e-32,1.06463017945037,0.82,0.514,8.66060799361342e-28,"3","PECAM1"
7.92727098357947e-31,1.01864225907391,0.823,0.56,1.93837630090485e-26,"3","UCP2"
1.15218103199312e-30,0.404313501663289,1,0.981,2.81731305942958e-26,"3","OAZ1"
1.81351713917855e-30,1.4860672250109,0.569,0.272,4.43441210871938e-26,"3","GPBAR1"
2.66377372669528e-30,2.24419899024463,0.378,0.133,6.51345951651529e-26,"3","IL3RA"
3.23874808591108e-30,3.83136666013376,0.148,0.019,7.91938681966977e-26,"3","LINC02345"
3.71507296794426e-30,0.469811019050382,0.996,0.981,9.0840964212173e-26,"3","PSAP"
4.16281698398269e-30,1.58773724992209,0.495,0.212,1.01789200892345e-25,"3","TCF7L2"
1.36722000131104e-29,1.20772875230284,0.686,0.385,3.34312634720575e-25,"3","RGS19"
1.40505355913566e-29,0.943221235872968,0.739,0.417,3.43563696279853e-25,"3","SOD1"
2.7505134013606e-29,2.31915365200538,0.286,0.08,6.72555536900695e-25,"3","AC064805.1"
5.17817963038853e-29,1.30007219331891,0.664,0.385,1.2661684832226e-24,"3","NAAA"
9.15396068646708e-29,1.02025564545601,0.83,0.601,2.23832646705493e-24,"3","CASP1"
1.27328676046574e-28,0.69070135933161,0.954,0.844,3.11344078669082e-24,"3","SPI1"
1.35139013521399e-28,1.70508146408577,0.445,0.182,3.30441915862526e-24,"3","EVL"
2.36853029624394e-27,3.91093160442044,0.141,0.02,5.79153028037568e-23,"3","SH2D1B"
3.82065314223801e-27,0.918114459467912,0.841,0.69,9.34226106340039e-23,"3","HMGN2"
7.74232616241858e-27,0.958271761533725,0.777,0.496,1.89315359323459e-22,"3","TUBA1A"
1.08078238427338e-26,1.40493995935061,0.629,0.388,2.64272908602528e-22,"3","CUX1"
3.74239810433675e-26,0.815267663857327,0.89,0.678,9.15091184472423e-22,"3","H2AFZ"
6.59476083505132e-26,0.715527085600552,0.905,0.75,1.61255091938675e-21,"3","MYL12B"
1.20303139221068e-25,0.595935526924132,0.986,0.875,2.94165236023356e-21,"3","UQCRB"
2.22643326488987e-25,1.2925775356021,0.58,0.311,5.44407461930872e-21,"3","ICAM2"
2.61452765037238e-25,0.369946787485531,1,0.995,6.39304301069054e-21,"3","TMSB10"
6.52099904724947e-25,0.742997422379452,0.915,0.78,1.59451468703344e-20,"3","CD68"
7.60489143817737e-25,0.599140417405521,0.982,0.736,1.85954805446313e-20,"3","HLA-DRB5"
1.02114441821442e-24,0.702042878530012,0.898,0.729,2.4969023314179e-20,"3","RHOG"
3.02097104894453e-24,0.463941300433746,0.975,0.951,7.38687840887917e-20,"3","ARPC3"
3.45177018995702e-24,0.617095599515324,0.961,0.834,8.44026846848291e-20,"3","PSME1"
5.28142356277148e-24,0.873202904231788,0.841,0.612,1.29141368956888e-19,"3","NAP1L1"
5.72269715491473e-24,0.993859482601048,0.883,0.646,1.39931390831975e-19,"3","CD52"
7.77586509271375e-24,0.917751679781986,0.777,0.538,1.90135453247037e-19,"3","SYNGR2"
4.02867251235876e-23,1.03681844106335,0.491,0.226,9.85091002721964e-19,"3","HES4"
5.70210472583374e-23,0.998601171141858,0.749,0.526,1.39427864756087e-18,"3","ZNF706"
6.72678831947201e-23,1.23032901146792,0.459,0.2,1.6448342798773e-18,"3","CDKN2D"
8.51962859855031e-23,0.990085683568163,0.76,0.552,2.08321958491752e-18,"3","HNRNPDL"
8.59632843200393e-23,0.776394733529347,0.912,0.734,2.1019742281936e-18,"3","PSME2"
1.04039789378943e-22,0.606463744468238,0.661,0.363,2.54398092989392e-18,"3","HMOX1"
2.21490908045042e-22,0.575488236465254,0.951,0.859,5.41589568351737e-18,"3","IFI30"
2.3580202832087e-22,1.07445525863825,0.693,0.451,5.7658311965019e-18,"3","CSK"
5.28343728258589e-22,0.694537940153908,0.852,0.604,1.2919060843379e-17,"3","LYN"
6.54316985550822e-22,0.50923288324892,0.958,0.933,1.59993589306887e-17,"3","DUSP1"
1.14051028006549e-21,0.493262327987886,0.961,0.903,2.78877573681613e-17,"3","RHOA"
1.65829874928799e-21,0.787481077166318,0.781,0.541,4.054872101759e-17,"3","TAF10"
3.04293559512156e-21,0.644745581697536,0.908,0.771,7.44058611719125e-17,"3","FKBP1A"
5.52618240277396e-21,0.648873002168565,0.869,0.706,1.35126212112629e-16,"3","PRR13"
5.78097742237459e-21,0.645083171655172,0.94,0.75,1.41356459931903e-16,"3","MT2A"
8.55525147472782e-21,0.612636896692481,0.915,0.814,2.09193009060045e-16,"3","CARD16"
1.15618263626886e-20,0.939052354135402,0.721,0.507,2.8270977822046e-16,"3","CHCHD10"
1.18005678232608e-20,0.659417355590046,0.862,0.634,2.88547484414374e-16,"3","LILRB2"
1.19969383150537e-20,0.943643229389594,0.576,0.284,2.93349135679692e-16,"3","GIMAP7"
1.44176726222766e-20,0.622381945504378,0.915,0.79,3.52540930959908e-16,"3","MYL12A"
1.71694385600124e-20,0.918711128364705,0.756,0.583,4.19827111669424e-16,"3","ABRACL"
1.77256142773308e-20,1.6353112296486,0.304,0.112,4.33426720309293e-16,"3","LINC02432"
5.22717515013449e-20,0.666173532040383,0.89,0.75,1.27814886771089e-15,"3","COX6C"
6.48376039071984e-20,0.537156065685114,0.933,0.809,1.58540909073882e-15,"3","COX6A1"
6.9937273596984e-20,2.50108906439428,0.216,0.065,1.71010621399345e-15,"3","ICAM4"
8.13010633040499e-20,1.19364109420185,0.495,0.258,1.98797359991063e-15,"3","RABGAP1L"
1.07383216238402e-19,0.358106397840475,1,0.996,2.62573440346141e-15,"3","S100A4"
1.46209429509991e-19,0.625241608646934,0.883,0.682,3.57511297037831e-15,"3","LIMD2"
1.75501471932949e-19,0.996628859233725,0.633,0.386,4.29136199170447e-15,"3","SELPLG"
2.81895868313117e-19,1.04454804106033,0.576,0.343,6.89291777199235e-15,"3","TUBB"
3.2271017407719e-19,0.577983452635376,0.883,0.752,7.89090917653546e-15,"3","ATP5MD"
5.00323120994495e-19,1.57004474031724,0.36,0.16,1.22339009545574e-14,"3","SYTL1"
6.11063099458804e-19,0.649969871404821,0.929,0.79,1.49417149079667e-14,"3","STXBP2"
7.59433779998078e-19,0.730117145066364,0.823,0.637,1.8569674788513e-14,"3","RAC2"
2.95229968096135e-18,0.952094951429774,0.569,0.324,7.2189631798867e-14,"3","SCIMP"
3.48671234717131e-18,1.04837242490613,0.558,0.328,8.52570903130329e-14,"3","MAPKAPK3"
3.68520465477139e-18,0.729467649267035,0.816,0.67,9.01106242184701e-14,"3","NDUFA4"
4.25339695746659e-18,1.39981401784567,0.325,0.13,1.04004062403973e-13,"3","GIMAP2"
5.4417594845243e-18,0.59670228352305,0.862,0.677,1.33061902915588e-13,"3","COX7B"
5.56941966375103e-18,1.75253988610807,0.208,0.063,1.3618344961804e-13,"3","AC116366.3"
5.75250888929906e-18,0.624289253625505,0.915,0.782,1.40660347361141e-13,"3","PRELID1"
6.42047428703797e-18,0.969834515291052,0.633,0.416,1.56993437266652e-13,"3","DOK2"
1.06513345249682e-17,1.13349980548204,0.509,0.3,2.60446431804522e-13,"3","LILRA1"
1.14321589112186e-17,0.290425346057027,0.996,0.987,2.79539149697116e-13,"3","SERF2"
1.24869077318467e-17,0.861675369622034,0.611,0.358,3.05329867859116e-13,"3","TNFSF10"
1.31291933782321e-17,1.77816731075926,0.163,0.04,3.21035036484532e-13,"3","IFIT1"
1.91162362209308e-17,0.753965729421221,0.784,0.59,4.674302080742e-13,"3","PILRA"
2.47082117406587e-17,2.34264015417941,0.184,0.054,6.04165193482586e-13,"3","CKS1B"
3.71150543520478e-17,0.597880660580101,0.905,0.746,9.07537309016272e-13,"3","C1orf162"
4.18593361169459e-17,1.48726631813676,0.375,0.18,1.02354448673156e-12,"3","SIGLEC10"
4.9428224947303e-17,1.3291429345796,0.456,0.248,1.20861895641145e-12,"3","UNC119"
5.09365612271135e-17,1.22564577997469,0.473,0.267,1.24550079512538e-12,"3","CNIH4"
5.21619954446889e-17,1.44360649546286,0.353,0.165,1.27546511261353e-12,"3","TMEM134"
2.34164262022416e-16,0.922375752009288,0.625,0.386,5.72578453497212e-12,"3","CSF1R"
3.13281269320305e-16,0.598029031701767,0.555,0.299,7.6603535974201e-12,"3","CTSL"
3.46957745942567e-16,0.925349613438686,0.519,0.287,8.48381080378765e-12,"3","SPN"
7.79338475028201e-16,0.897490657221998,0.512,0.29,1.90563843913896e-11,"3","CCND3"
8.81736620838056e-16,0.553665445698086,0.781,0.517,2.15602238527321e-11,"3","WARS"
1.12465710938967e-15,0.873987202981179,0.664,0.448,2.75001156387962e-11,"3","SEPT9"
1.27427335875702e-15,1.35503673763201,0.329,0.152,3.11585321683267e-11,"3","CCDC115"
1.45247198604567e-15,2.10106939933676,0.148,0.039,3.55158450027888e-11,"3","BBC3"
1.50341717182893e-15,0.661383173460979,0.82,0.628,3.67615566855611e-11,"3","CAPZB"
1.52292438729544e-15,0.775642916690038,0.686,0.451,3.7238547118148e-11,"3","JPT1"
2.34874462585146e-15,1.10268480468258,0.269,0.103,5.743150359132e-11,"3","IFIT3"
2.47885621264813e-15,0.487405517810389,0.982,0.886,6.06129921116721e-11,"3","EMP3"
3.63009138668188e-15,1.00652017536581,0.502,0.3,8.87629945871452e-11,"3","RASGRP2"
3.95523114071109e-15,0.904026161598022,0.572,0.366,9.67133118526675e-11,"3","TBCB"
4.01571523724522e-15,1.03794873328357,0.283,0.11,9.81922689811202e-11,"3","HHEX"
4.10012397414658e-15,2.7855074553832,0.124,0.029,1.00256231415832e-10,"3","LINC02384"
5.72915807979101e-15,0.285352414953682,1,0.989,1.4008937336705e-10,"3","PTMA"
1.12722508540384e-14,0.319508077464949,0.965,0.947,2.75629077882946e-10,"3","CFL1"
1.12838166779073e-14,0.807365739542414,0.728,0.551,2.75911885408189e-10,"3","PPDPF"
1.14646091419907e-14,0.464058261368935,0.954,0.872,2.80332622739955e-10,"3","ARPC2"
1.16359898768401e-14,0.435181755578209,0.958,0.878,2.84523224468494e-10,"3","NPC2"
1.35798392103594e-14,0.806924489783949,0.693,0.49,3.32054228371709e-10,"3","PTGES3"
1.69832877928053e-14,0.630505020097821,0.781,0.54,4.15275353109675e-10,"3","RAP1B"
1.82874178181803e-14,0.421138287041071,0.887,0.727,4.47163940490144e-10,"3","UQCR10"
2.22787925025769e-14,1.35375547887827,0.371,0.196,5.44761034273011e-10,"3","C12orf57"
2.48121358135978e-14,0.508729121874913,0.866,0.726,6.06706344914092e-10,"3","CAP1"
2.6036565110218e-14,1.11936702525418,0.442,0.255,6.36646090075051e-10,"3","KLF3"
2.6699661918962e-14,0.505310411266524,0.936,0.775,6.52860133242458e-10,"3","ATP6V0C"
2.92694492632377e-14,2.39037229455889,0.159,0.049,7.15696573384688e-10,"3","PPM1N"
4.55841742490586e-14,0.675479728207108,0.724,0.553,1.11462422873798e-09,"3","LGALS9"
4.79051337216388e-14,0.295271722632499,1,0.981,1.17137632976151e-09,"3","NACA"
9.48271159719571e-14,1.01294353764956,0.431,0.243,2.3187126397463e-09,"3","LYSMD2"
1.23886531263378e-13,0.742392270102643,0.647,0.45,3.02927346245212e-09,"3","VPS29"
2.6193120502071e-13,0.433898816131678,0.926,0.84,6.40474182516641e-09,"3","COX5B"
3.09177682902722e-13,1.62978535906255,0.251,0.109,7.56001270233735e-09,"3","RHOF"
4.00891298713476e-13,0.419869521628053,0.947,0.862,9.80259403614191e-09,"3","CD37"
4.43092977428408e-13,0.888691506703012,0.502,0.316,1.08345094840794e-08,"3","RAB8A"
4.60405203019576e-13,0.372124738916694,0.933,0.725,1.12578280242347e-08,"3","CRIP1"
4.64402529848854e-13,0.727382343779949,0.618,0.404,1.13555706598642e-08,"3","GIMAP4"
6.20688367698341e-13,0.67970776125148,0.647,0.46,1.51770719669598e-08,"3","NDUFA12"
6.25625367212907e-13,0.619376246253594,0.77,0.623,1.529779147909e-08,"3","HCK"
6.405439420643e-13,0.604002934348843,0.845,0.704,1.56625804713563e-08,"3","PGK1"
8.94952392059613e-13,1.13083411237587,0.286,0.131,2.18833758906416e-08,"3","ANAPC13"
9.47754508271454e-13,0.912013904873035,0.424,0.227,2.31744932362536e-08,"3","LMO2"
1.19098226863664e-12,0.459331178605243,0.912,0.821,2.9121898432703e-08,"3","TPI1"
1.83319302807425e-12,1.16604271416141,0.343,0.178,4.48252359224716e-08,"3","C3AR1"
2.11100125410466e-12,0.349182461323388,0.915,0.718,5.16182026653672e-08,"3","HSPA8"
2.11120245271164e-12,1.56828968196855,0.233,0.099,5.1623122373705e-08,"3","PHF19"
2.16110467318778e-12,0.674574093282391,0.459,0.246,5.28433314687875e-08,"3","GIMAP1"
2.88737159835867e-12,1.62778838782783,0.223,0.094,7.06020103230663e-08,"3","APOBEC3G"
2.91024262682783e-12,0.359383992304493,0.965,0.876,7.11612527111941e-08,"3","CORO1A"
3.01075666967975e-12,0.409017259007345,0.929,0.847,7.36190220870091e-08,"3","GNG5"
3.06107867420735e-12,0.607467421455142,0.753,0.545,7.48494957417181e-08,"3","TSC22D3"
4.69771272331917e-12,0.394792210741756,0.919,0.815,1.148684715106e-07,"3","HIGD2A"
6.21036115347073e-12,1.57445186564209,0.194,0.074,1.51855750924666e-07,"3","C1QA"
6.39359772778578e-12,0.504155810642199,0.795,0.644,1.56336251639818e-07,"3","NDUFA13"
7.08596338339391e-12,0.551401921399395,0.753,0.59,1.73265976650748e-07,"3","PSMB8"
7.14072317298435e-12,0.610422051006068,0.696,0.521,1.74604963025813e-07,"3","COX17"
9.40243755787993e-12,0.435605087516601,0.88,0.795,2.2990840316528e-07,"3","NDUFA1"
1.06035072583204e-11,0.371431541505314,0.975,0.899,2.5927695948045e-07,"3","LSP1"
1.09463958767655e-11,1.12627122240696,0.322,0.169,2.67661271978671e-07,"3","PDCL3"
1.14435258508025e-11,1.17576385122338,0.392,0.238,2.79817094103824e-07,"3","CAMK1"
1.38118157402077e-11,1.01835438438011,0.346,0.187,3.3772651847956e-07,"3","S1PR4"
1.40446691845689e-11,0.501723051857034,0.83,0.685,3.43420250901078e-07,"3","PTP4A2"
1.48716119932904e-11,0.512975621974452,0.83,0.689,3.63640656459937e-07,"3","GNB2"
1.87171080799536e-11,0.585989363796731,0.735,0.558,4.57670726771025e-07,"3","SNRPG"
2.88116784145965e-11,0.431851944852233,0.859,0.75,7.04503160593713e-07,"3","SUMO2"
3.07710577427668e-11,0.732312642661532,0.551,0.376,7.52413903926134e-07,"3","RAB24"
3.11236838292341e-11,0.604166648373493,0.735,0.596,7.61036316992432e-07,"3","RBX1"
4.12871875716069e-11,0.491084280018195,0.802,0.626,1.00955431050093e-06,"3","SNX3"
4.53925390926887e-11,1.251059909068,0.286,0.144,1.10993836589442e-06,"3","ZDHHC1"
4.7563820360676e-11,0.575343904729865,0.781,0.646,1.16303053545925e-06,"3","SH3BGRL"
5.98849475432062e-11,0.725727866183371,0.622,0.47,1.46430673732648e-06,"3","ATG3"
6.34801844693047e-11,1.55825630430407,0.201,0.084,1.55221747064344e-06,"3","CALHM2"
8.3525242870674e-11,0.372677198936035,0.905,0.807,2.04235923867372e-06,"3","PYCARD"
1.03541092978207e-10,0.908395995674366,0.456,0.296,2.53178680550311e-06,"3","YWHAH"
1.06875467296996e-10,0.835084463076518,0.53,0.356,2.61331892634615e-06,"3","BIN2"
1.3433678742812e-10,0.962382584100818,0.353,0.196,3.28480312619239e-06,"3","LYL1"
1.39359510646327e-10,1.41349556751423,0.198,0.083,3.40761875432399e-06,"3","MXD3"
1.68047725674799e-10,1.58252449510391,0.17,0.065,4.1091029882002e-06,"3","SNAPC3"
1.75025325201192e-10,0.570612089031672,0.823,0.669,4.27971925181955e-06,"3","SARAF"
1.97078403777119e-10,0.35452766260646,0.901,0.826,4.81896112915811e-06,"3","LAMTOR4"
2.06016562128439e-10,0.595121406148286,0.569,0.368,5.03751697716458e-06,"3","CYTIP"
2.07623686761519e-10,0.58071734578744,0.71,0.533,5.07681438869267e-06,"3","CIRBP"
2.33177529832169e-10,0.50480240619707,0.795,0.66,5.70165695945619e-06,"3","GDI2"
2.3673927275805e-10,0.7184282003951,0.541,0.374,5.78874869747983e-06,"3","SELENOW"
2.47026419727922e-10,1.75152598883451,0.159,0.06,6.04029001518715e-06,"3","TNFRSF8"
2.95278209270474e-10,0.798155209118218,0.466,0.306,7.22014277308163e-06,"3","SSNA1"
5.55790543645738e-10,0.840236770683152,0.3,0.152,1.35901903732256e-05,"3","LMO4"
5.72641389152468e-10,2.02613642284785,0.127,0.043,1.40022272475562e-05,"3","AP000547.3"
5.87138958217035e-10,1.1413317947343,0.332,0.19,1.43567218063229e-05,"3","CDK2AP1"
6.29510179469598e-10,1.66468104901785,0.141,0.05,1.53927829083906e-05,"3","AC147067.1"
6.58405013591585e-10,1.60837431586734,0.155,0.059,1.60993193923414e-05,"3","FLT3LG"
6.74413826419513e-10,0.496520520589901,0.809,0.652,1.64907668836099e-05,"3","C4orf3"
7.11609248213837e-10,0.43913957396821,0.859,0.685,1.74002693373248e-05,"3","UBB"
7.16981581213533e-10,0.89181699738278,0.438,0.293,1.75316336238333e-05,"3","C18orf32"
7.74466650404857e-10,0.993010261945503,0.24,0.11,1.89372585356996e-05,"3","SERTAD3"
8.32326942913955e-10,0.858326642400826,0.435,0.279,2.0352058408132e-05,"3","GNG2"
8.91016519181923e-10,0.69938205144297,0.541,0.381,2.17871359270364e-05,"3","TMEM179B"
9.79452482213696e-10,0.551407002751225,0.678,0.486,2.39495720950893e-05,"3","BID"
1.03099032660166e-09,0.546626607440893,0.749,0.606,2.52097754660639e-05,"3","PPP1CA"
1.06074122306242e-09,0.954489414705598,0.357,0.211,2.59372443863224e-05,"3","IRF2"
1.06502070138989e-09,1.33112137312528,0.269,0.141,2.60418861903856e-05,"3","FAM162A"
1.2227302068318e-09,0.378430337526559,0.919,0.781,2.98981990174511e-05,"3","HLA-DPB1"
1.2555458429968e-09,0.769900228691335,0.449,0.291,3.07006069529577e-05,"3","CDK2AP2"
1.41163715518111e-09,0.84683622082138,0.191,0.08,3.45173517184884e-05,"3","PPP1R17"
1.47447379707572e-09,0.666007845953404,0.519,0.345,3.60538332860955e-05,"3","CLEC2B"
1.5011210526755e-09,1.12097041619367,0.283,0.151,3.67054119800214e-05,"3","PMVK"
1.50152829339519e-09,0.924148747371031,0.378,0.229,3.67153698300991e-05,"3","CCDC12"
1.59525537186762e-09,1.03430553585744,0.304,0.165,3.90071843529071e-05,"3","FAM89B"
1.69754846386208e-09,1.42202421953967,0.212,0.099,4.15084550383557e-05,"3","CDH23"
1.8051404515787e-09,0.482723828851153,0.827,0.694,4.41392943220023e-05,"3","SKP1"
1.80756436581934e-09,0.867393160364018,0.36,0.209,4.41985638730146e-05,"3","GPR65"
2.4687678909026e-09,0.697171104862832,0.442,0.278,6.03663124683504e-05,"3","RGS18"
2.82190400457694e-09,0.621086594258851,0.537,0.369,6.90011967199153e-05,"3","BLVRA"
3.07547926092425e-09,0.783360942858148,0.459,0.308,7.52016188881197e-05,"3","SNRPC"
3.21597803660714e-09,0.696078162809497,0.523,0.369,7.86370949511177e-05,"3","MIEN1"
3.35592621436268e-09,0.293655100635088,0.951,0.902,8.20591077935962e-05,"3","COX7C"
3.4827951908935e-09,0.817623584368372,0.428,0.281,8.51613080077279e-05,"3","CD300A"
3.54874944651126e-09,0.616808775734375,0.664,0.515,8.67740214660934e-05,"3","VASP"
3.70566920340232e-09,0.742542867610201,0.329,0.172,9.06110233615936e-05,"3","P2RY13"
5.23309342654858e-09,0.920921731006589,0.318,0.18,0.000127959600465966,"3","RNF141"
6.76628466063447e-09,0.461465209114132,0.795,0.672,0.000165449192521834,"3","VSIR"
6.82551089669554e-09,0.388310152936957,0.89,0.797,0.000166897392445999,"3","GNAI2"
7.07568729299127e-09,1.21650338488763,0.226,0.111,0.000173014705688223,"3","EAF2"
8.71375176751463e-09,0.901663142771659,0.438,0.303,0.000213068658219268,"3","CD47"
8.9477465980736e-09,0.941997541885015,0.272,0.142,0.000218790299816096,"3","FGD3"
8.9480553951998e-09,0.559170181781795,0.661,0.522,0.000218797850523426,"3","REEP5"
1.00337465672534e-08,0.813168596137433,0.357,0.218,0.000245345171062479,"3","SNAP29"
1.12360774688273e-08,0.555574987287088,0.693,0.563,0.000274744566267764,"3","ARL6IP5"
1.1411784535727e-08,0.465159796472937,0.792,0.652,0.000279040955467596,"3","COX5A"
1.18515765687252e-08,0.779621686966041,0.42,0.281,0.000289794750258468,"3","ERICH1"
1.26938252611747e-08,1.06432130506035,0.283,0.158,0.000310389415286243,"3","MRPL13"
1.31748609800212e-08,0.697888701819869,0.417,0.264,0.000322151700683478,"3","HOTAIRM1"
1.3546895062213e-08,0.54921978710507,0.58,0.411,0.000331248678061231,"3","FAM45A"
1.48394473730383e-08,0.48317026004876,0.731,0.594,0.000362854167165534,"3","BST2"
2.01679801373631e-08,1.44077595215364,0.159,0.067,0.000493147450318802,"3","RAB37"
2.13821268975064e-08,0.346698335573616,0.83,0.715,0.000522835766897826,"3","UQCRQ"
2.14076977805082e-08,0.50726542411707,0.636,0.468,0.000523461026128985,"3","LYST"
2.21967668565531e-08,1.43505536716754,0.23,0.121,0.000542755343176437,"3","CYFIP2"
2.23834798451216e-08,1.17573055767746,0.23,0.117,0.000547320849172914,"3","TPPP3"
2.3208369930262e-08,0.769031371317746,0.396,0.26,0.000567491061534767,"3","PCGF5"
2.58956117851376e-08,0.283953871317502,0.961,0.915,0.000633199499370186,"3","CLIC1"
2.61322899745901e-08,0.407040323525209,0.894,0.779,0.000638986754458678,"3","CALM2"
2.61910356920589e-08,0.895381644241213,0.417,0.283,0.000640423204742225,"3","TESC"
2.67051769511385e-08,1.68640213536154,0.11,0.037,0.00065299498680924,"3","ZC2HC1A"
2.76412323457603e-08,0.96251286062802,0.293,0.166,0.000675883413318531,"3","C11orf21"
3.12080772009306e-08,1.55645231577098,0.117,0.041,0.000763099903717156,"3","GCNT1"
3.61018729774467e-08,0.438071251622066,0.777,0.671,0.000882762998044527,"3","NDUFB2"
4.33971776387454e-08,1.35944105825354,0.184,0.085,0.0010611477876226,"3","TLR1"
4.70345151303833e-08,0.290049131609792,0.968,0.917,0.00115008796396813,"3","GSTP1"
5.33122467213826e-08,1.04820899583196,0.258,0.141,0.00130359105683125,"3","MRPL16"
5.8895535523491e-08,0.590779117444151,0.53,0.385,0.0014401136346204,"3","SF3B6"
6.05048797419453e-08,0.849741860343949,0.357,0.228,0.00147946531945005,"3","TSPAN14"
6.10436560707023e-08,1.01799378311311,0.265,0.147,0.00149263947824081,"3","SH2D3C"
8.10418051101675e-08,1.66400478821006,0.166,0.077,0.00198163421855382,"3","TSTD1"
8.29818689793785e-08,0.330091588388569,0.852,0.75,0.00202907266028376,"3","COX7A2"
8.34265689147169e-08,0.960408762862956,0.286,0.166,0.00203994646310266,"3","HIGD1A"
8.42393932071074e-08,1.05722991667967,0.307,0.189,0.00205982164270019,"3","ANXA4"
8.86423882604913e-08,1.428198141333,0.212,0.111,0.00216748367774553,"3","GPR137B"
9.62218938283401e-08,0.658216944217219,0.491,0.361,0.00235281774789057,"3","RARRES3"
9.81108507884675e-08,0.586098522202187,0.47,0.323,0.00239900652347961,"3","ISCU"
1.02556187873757e-07,0.674204257066469,0.463,0.331,0.00250770390588911,"3","METTL26"
1.0431456698044e-07,0.527625294679098,0.569,0.417,0.00255069979180573,"3","BLOC1S1"
1.0716138700609e-07,1.59845297292003,0.148,0.064,0.0026203102350729,"3","POLR3K"
1.07270450179437e-07,0.868043348627529,0.36,0.234,0.00262297704778758,"3","MEA1"
1.09279326832231e-07,0.684142238339402,0.512,0.4,0.00267209809970172,"3","PSMA4"
1.11142484726682e-07,1.34117343274834,0.177,0.084,0.00271765603653682,"3","RMC1"
1.22738455299776e-07,1.21701303616126,0.212,0.109,0.00300120070899013,"3","PLAGL2"
1.36135571243162e-07,0.275580336306744,0.915,0.83,0.00332878698803779,"3","GMFG"
1.38645995252513e-07,0.258249876154056,0.912,0.87,0.00339017187591445,"3","BRI3"
1.40833411727957e-07,1.00783317151875,0.261,0.149,0.00344365858357201,"3","CCM2"
1.43006154239254e-07,1.15651681450035,0.272,0.161,0.00349678648345825,"3","SIDT2"
1.44487869332285e-07,0.764502705975129,0.378,0.251,0.00353301738091304,"3","CACYBP"
1.500954403252e-07,0.861351940252207,0.276,0.158,0.0036701337068318,"3","UQCC2"
1.53262754418788e-07,0.326761227227887,0.827,0.69,0.00374758087104819,"3","BRK1"
1.61337381092419e-07,0.421260447976076,0.686,0.561,0.00394502164247183,"3","NEDD8"
1.61918354186842e-07,0.820166869903357,0.392,0.266,0.00395922759657665,"3","C9orf78"
1.65023623651361e-07,1.41650594862736,0.148,0.065,0.00403515764552307,"3","PDE6D"
1.73697747806543e-07,1.29012537804592,0.201,0.103,0.00424725732936558,"3","PHTF2"
1.79987792905568e-07,0.570220098613215,0.399,0.254,0.00440106151212695,"3","PSMA2"
1.97288096154529e-07,0.467725525443886,0.717,0.564,0.00482408852717055,"3","ACTR3"
2.14164087353231e-07,0.505566521642375,0.544,0.397,0.0052367402639612,"3","LSM6"
2.35350450207089e-07,0.649499367276717,0.572,0.455,0.00575478920846374,"3","BCAP31"
2.55204599353672e-07,1.59784359197928,0.159,0.074,0.006240262863396,"3","NEURL1"
2.90450837282697e-07,0.665695907894966,0.445,0.324,0.00710210387323651,"3","SDHD"
2.95240649017129e-07,1.11691213821199,0.194,0.098,0.00721922434976683,"3","IDH3A"
3.45264253181266e-07,0.735779435331567,0.276,0.156,0.00844240151878832,"3","TNFAIP8L2"
3.45809846595333e-07,0.721976167469068,0.473,0.367,0.00845574236894907,"3","NDUFV2"
3.4618849801647e-07,1.01344340280428,0.276,0.165,0.00846500115349873,"3","LMBRD1"
3.58247850891654e-07,0.34703696439806,0.696,0.536,0.00875987645000272,"3","LILRA5"
3.68482063721391e-07,0.326353105562152,0.951,0.91,0.00901012342211546,"3","ITM2B"
4.06278599996467e-07,0.766540834240707,0.272,0.155,0.00993432432711361,"3","BCL7C"
4.21480933212673e-07,0.577874912328169,0.611,0.497,0.0103060517789163,"3","TBXAS1"
4.40530987573098e-07,0.655887763464516,0.325,0.201,0.0107718637081374,"3","TMEM141"
4.55210550503652e-07,0.620543500896882,0.516,0.391,0.0111308083809153,"3","C20orf27"
4.87969289646126e-07,0.429709059568936,0.7,0.585,0.0119318250704271,"3","ATP5PF"
4.90313783114464e-07,0.391356581540166,0.682,0.519,0.0119891526247149,"3","RNF149"
5.1901759313979e-07,0.723668557057555,0.24,0.127,0.0126910181874541,"3","LPAR6"
5.39509106539716e-07,0.488516416713126,0.682,0.586,0.0131920766731091,"3","PRDX1"
5.62610100684954e-07,1.36753384384,0.141,0.063,0.0137569421819485,"3","HIBADH"
5.64548732750911e-07,1.11060988523942,0.247,0.145,0.0138043456132253,"3","WASHC3"
5.67775499096657e-07,0.338561916141257,0.89,0.79,0.0138832465039114,"3","SLC25A5"
5.70259504277851e-07,1.01548649560747,0.247,0.144,0.013943985398602,"3","PRDX4"
5.87415696292042e-07,0.464609400025181,0.668,0.519,0.014363488605733,"3","LDHA"
5.88483973572138e-07,0.889656891757411,0.237,0.131,0.0143896101217859,"3","ZNF217"
6.00908412566496e-07,0.476442872969129,0.664,0.563,0.014693412504076,"3","SAP18"
6.42951667157869e-07,0.403599243541098,0.661,0.538,0.0157214541653442,"3","ATP5F1C"
6.68520196856547e-07,0.461749523006005,0.58,0.441,0.0163466558535363,"3","VDAC2"
8.13284243951695e-07,0.86129085845596,0.332,0.215,0.0198864263331068,"3","SH3BP1"
8.4393880613831e-07,0.47759988660293,0.491,0.348,0.020635991687694,"3","MRPL41"
8.5300487411965e-07,0.685791638560763,0.332,0.212,0.0208576751819737,"3","FLI1"
9.64333726975117e-07,0.888815489247419,0.279,0.172,0.0235798882919956,"3","MYOF"
9.97012740044911e-07,0.280248741951196,0.89,0.795,0.0243789555195782,"3","ATP5MF"
1.09491369543955e-06,0.526376755703275,0.519,0.392,0.0267728296808878,"3","FAM96A"
1.13275692608786e-06,0.66870733987103,0.435,0.315,0.0276981723567005,"3","NDUFB6"
1.17775236851749e-06,0.754894616003171,0.314,0.2,0.0287984009149896,"3","C15orf39"
1.28110464167463e-06,1.46502406735693,0.131,0.057,0.0313255706982281,"3","MDM1"
1.33789192172199e-06,0.9602568928218,0.258,0.155,0.0327141332699461,"3","HAGH"
1.39955690896003e-06,1.33539045289368,0.134,0.06,0.0342219655378907,"3","C3orf14"
1.39987371331663e-06,0.636959681519817,0.353,0.23,0.0342297120380182,"3","NUDT16"
1.59041292043545e-06,0.451935245815099,0.657,0.54,0.0388887767304875,"3","NDUFB4"
1.74732355282249e-06,0.300543138113223,0.926,0.873,0.0427255555136156,"3","JUNB"
1.78455115431718e-06,0.824397003887202,0.367,0.256,0.0436358448253637,"3","PQLC3"
1.80951571216834e-06,0.363323209337715,0.64,0.492,0.0442462781939403,"3","ZFAND5"
1.83771781112186e-06,1.04655466910837,0.198,0.106,0.0449358759175517,"3","MZT1"
1.87344384133899e-06,0.73407918800817,0.466,0.366,0.045809448808421,"3","SRI"
1.89274459020611e-06,1.23454408900358,0.23,0.135,0.0462813907197198,"3","SLC44A2"
1.89783629252328e-06,0.350195781812222,0.696,0.553,0.0464058930247791,"3","ANP32B"
1.91114437856411e-06,1.25248669672476,0.212,0.122,0.0467313023446495,"3","ADA"
2.0344926132121e-06,0.477315642168659,0.587,0.461,0.0497474133782622,"3","CIB1"
2.04239043870164e-06,0.378140125671676,0.763,0.677,0.0499405310071326,"3","ARPC5"
2.08485529643513e-06,0.943234549228365,0.279,0.175,0.0509788817084317,"3","MRPS35"
2.21939899198865e-06,1.02078376510855,0.177,0.091,0.0542687441521066,"3","RAB29"
2.25718211836987e-06,1.67679723168786,0.155,0.078,0.0551926171583801,"3","MAGED2"
2.43302667966041e-06,0.754883916514016,0.293,0.18,0.0594923683710563,"3","C11orf98"
2.52725724745605e-06,0.59711908949734,0.417,0.299,0.0617964942147954,"3","PCMT1"
2.66156652939842e-06,0.506067499636575,0.459,0.336,0.0650806247768501,"3","IER5"
2.66623634150783e-06,1.1675134879178,0.173,0.089,0.0651948110225495,"3","NTAN1"
2.72553432204876e-06,1.1742235677015,0.219,0.126,0.0666447652427362,"3","RBBP7"
2.81375559412362e-06,0.916048110740008,0.35,0.24,0.0688019517875106,"3","CD300LF"
2.823416137982e-06,1.56678613673917,0.124,0.055,0.0690381714059358,"3","SLC29A1"
2.86482189550824e-06,0.502977948974515,0.576,0.466,0.0700506249889675,"3","PSMA6"
3.0284480818489e-06,0.384387099637439,0.678,0.553,0.0740516124973694,"3","TRAPPC1"
3.10853731725574e-06,0.351552719155842,0.753,0.631,0.0760099544815372,"3","ARL6IP4"
3.21980843266361e-06,0.880462261032993,0.286,0.184,0.0787307557954906,"3","SSBP4"
3.26453264116702e-06,0.508717371571039,0.534,0.408,0.0798243521418159,"3","M6PR"
3.37757302701727e-06,1.13890918488348,0.201,0.113,0.0825884156566262,"3","SLC1A5"
3.44505141899358e-06,0.355111115589768,0.774,0.665,0.084238397297231,"3","MINOS1"
3.54618045025559e-06,0.407261781041779,0.608,0.498,0.0867112043696498,"3","PPP4C"
3.67543838379588e-06,0.736344312372791,0.367,0.26,0.0898718193605769,"3","FAM32A"
3.71264047704145e-06,0.971689364009234,0.173,0.088,0.0907814849446175,"3","SKA2"
3.72011620558501e-06,0.429650953226687,0.664,0.553,0.0909642814589647,"3","RAN"
3.7603277219265e-06,0.908121163939367,0.18,0.092,0.0919475334565467,"3","ISCA2"
3.78026469523266e-06,0.480297392509836,0.608,0.507,0.0924350323278291,"3","TMEM59"
4.00400178281647e-06,0.298462605762669,0.834,0.713,0.0979058515934284,"3","DAZAP2"
4.0441576704784e-06,0.626134655719287,0.516,0.408,0.0988877433585377,"3","BANF1"
4.11319305520969e-06,1.41402996125501,0.131,0.06,0.100575796585987,"3","MRPS30"
4.4504467765609e-06,0.327127204078697,0.869,0.745,0.108822324580467,"3","CD48"
4.64841009818691e-06,0.817608547555677,0.385,0.286,0.113662923720866,"3","PDCD5"
4.68347056761947e-06,0.677646969749336,0.375,0.268,0.114520222319431,"3","ADI1"
4.90532663453194e-06,0.801829994427666,0.314,0.208,0.119945046867575,"3","MTHFS"
4.93556584480905e-06,0.482264609403188,0.516,0.399,0.120684456037271,"3","NDUFB3"
4.97192211743424e-06,0.706832927608529,0.449,0.338,0.121573439615502,"3","LILRB1"
5.10320021244929e-06,0.568709289047319,0.502,0.39,0.12478345159481,"3","SNX2"
5.18440493855638e-06,0.40117560047872,0.594,0.462,0.126769069557581,"3","FIS1"
5.41299902191074e-06,0.667538937968742,0.382,0.273,0.132358652083761,"3","UNC93B1"
5.44198069778044e-06,0.608983015609917,0.375,0.264,0.133067312022127,"3","UTRN"
5.98994061467432e-06,0.730356377243241,0.339,0.231,0.146466027910017,"3","SNX5"
6.10580564869175e-06,0.566162579993475,0.353,0.235,0.149299159721811,"3","MRPS18C"
6.46573776395111e-06,0.430693090413682,0.689,0.575,0.158100219804133,"3","PSMB1"
6.49744005294562e-06,0.475091188068521,0.587,0.476,0.158875404174626,"3","CAPNS1"
6.58292671465684e-06,0.261888717472037,0.841,0.728,0.160965724026789,"3","PGLS"
6.86370444499945e-06,1.17963828242013,0.159,0.082,0.167831301089127,"3","AC004922.1"
7.03405394336786e-06,1.18840789803022,0.113,0.049,0.171996687023231,"3","ADRB2"
7.0363201257515e-06,0.899387034319302,0.223,0.13,0.172052099714876,"3","PDHB"
7.04781459417327e-06,1.53203969484667,0.145,0.073,0.172333162456725,"3","GNGT2"
7.06658207343065e-06,0.558313702744775,0.343,0.229,0.172792064859526,"3","BLOC1S2"
7.13262769799251e-06,0.502116156019943,0.495,0.367,0.174407012471313,"3","H1FX"
7.25634475888356e-06,1.29314653020802,0.163,0.086,0.177432142044221,"3","ARMCX6"
7.90370285974617e-06,0.865394052618697,0.201,0.112,0.193261342326513,"3","CMC1"
8.10556611197031e-06,0.63187359484349,0.428,0.327,0.198197302569898,"3","RER1"
8.27675735236965e-06,1.12494283565138,0.173,0.092,0.202383270780143,"3","PPIE"
8.74821091208415e-06,0.726627616072846,0.353,0.249,0.213911253222282,"3","PRMT2"
8.8692661463696e-06,1.73038967305515,0.117,0.053,0.216871295811029,"3","SCRN1"
9.49171775974144e-06,0.584777033352192,0.431,0.323,0.232091482661198,"3","CYC1"
9.81327955348947e-06,0.465689563627189,0.594,0.481,0.239954311641924,"3","TMEM50A"
9.85576353672016e-06,0.90976784869458,0.265,0.172,0.240993129999881,"3","YIF1A"
9.86213102304404e-06,0.483725070982961,0.463,0.349,0.241148827775473,"3","NDUFAF3"
1.05095294184017e-05,0.543184837417229,0.541,0.442,0.256979013338757,"3","OSTF1"
1.06388642222761e-05,0.353221593433364,0.675,0.539,0.260141507963094,"3","UBXN1"
1.08542781619981e-05,0.653204788021241,0.279,0.176,0.265408809617178,"3","CBR1"
1.14462174888525e-05,0.47105227885007,0.512,0.393,0.279882910037421,"3","PSMB2"
1.20188655556901e-05,0.689953248552464,0.385,0.277,0.293885300567734,"3","IKZF1"
1.23518502303885e-05,0.644867275457708,0.357,0.244,0.302027441833461,"3","DPEP2"
1.27179734313833e-05,0.608117005816913,0.565,0.476,0.310979886344183,"3","POLD4"
1.27327894351754e-05,0.298415108372728,0.82,0.681,0.311342167268909,"3","ATP5MC3"
1.33749931091603e-05,1.06569192125432,0.155,0.079,0.327045331505186,"3","PEX11B"
1.36578357643748e-05,0.56981888680465,0.336,0.228,0.333961400110492,"3","GYG1"
1.43522673695517e-05,0.410326225000437,0.717,0.617,0.350941641720277,"3","PSMB10"
1.51202140073865e-05,0.744355397752596,0.251,0.153,0.369719472908614,"3","OAS2"
1.57086031536211e-05,0.641641113626713,0.417,0.319,0.384106764312344,"3","RNPEP"
1.58380965386746e-05,0.861343265873751,0.265,0.168,0.387273136563672,"3","PLEKHJ1"
1.58617305169471e-05,0.434113672201869,0.537,0.42,0.387851034600391,"3","MYD88"
1.59822400650668e-05,0.671130927349509,0.389,0.288,0.390797734071012,"3","MPC1"
1.65455122609549e-05,1.17510179592053,0.138,0.068,0.404570865804869,"3","RARA-AS1"
1.75239816114244e-05,0.414329963566877,0.562,0.435,0.42849639836255,"3","ICAM3"
1.82651505653505e-05,0.926953243303594,0.159,0.083,0.44661946162395,"3","EMG1"
1.83270806123287e-05,0.514074326223752,0.445,0.325,0.448133775132661,"3","RIPOR2"
1.91380026233512e-05,0.575988051106372,0.428,0.312,0.467962440146182,"3","MARCKSL1"
1.96960543773638e-05,0.353521476901097,0.735,0.65,0.4816079216353,"3","HSBP1"
2.01124737430007e-05,0.547034562831746,0.42,0.314,0.491790207963854,"3","SHISA5"
2.10116117009404e-05,0.510603821564975,0.445,0.345,0.513775929311394,"3","DCTN3"
2.1075266959484e-05,1.24661151554723,0.11,0.049,0.515332427693304,"3","COQ9"
2.12075357447916e-05,0.453163472930818,0.484,0.371,0.518566664031645,"3","SPCS2"
2.14722430606504e-05,0.419049400637204,0.611,0.505,0.525039287319025,"3","C19orf38"
2.1749502937605e-05,0.369104208581467,0.717,0.606,0.531818845830316,"3","PARK7"
2.19490240519151e-05,0.49135597218121,0.216,0.126,0.536697536117428,"3","IFIT2"
2.20776110415493e-05,0.845652925772755,0.258,0.167,0.539841745187964,"3","NDUFA9"
2.21136024512833e-05,0.76037500815335,0.283,0.189,0.540721807138779,"3","ACAA2"
2.27201896355038e-05,0.956883543533753,0.198,0.114,0.555554076967338,"3","NUDCD2"
2.45882631424666e-05,0.916695425291023,0.208,0.124,0.601232210359593,"3","TRADD"
2.50021322796228e-05,0.965089774681714,0.219,0.133,0.611352138501336,"3","CCDC90B"
2.52394721204347e-05,0.605951714680068,0.403,0.296,0.61715557228887,"3","PPCS"
2.5951553706656e-05,0.632640073105414,0.304,0.203,0.634567391235152,"3","AL365205.1"
2.59695752469513e-05,0.500155385007064,0.431,0.315,0.635008053938453,"3","TRAF3IP3"
2.65538648973718e-05,0.359402985171452,0.601,0.505,0.649295104470536,"3","NAA38"
2.67706068279979e-05,0.449153513646072,0.534,0.432,0.654594878158204,"3","ZNHIT1"
2.68517274879806e-05,0.68895794458043,0.269,0.173,0.656578440536101,"3","GBP4"
2.69438711190279e-05,0.538935543323749,0.452,0.35,0.658831536602471,"3","COX16"
2.72142604468866e-05,0.929478326674436,0.198,0.115,0.665443096447271,"3","DNASE2"
2.75610386957813e-05,0.297895023204986,0.83,0.714,0.673922518189244,"3","CALM1"
2.78787095815805e-05,0.25168964901499,0.792,0.659,0.681690206688806,"3","POMP"
2.97351098840968e-05,1.48770131225062,0.113,0.053,0.727082906885936,"3","TAGLN"
3.17321083427488e-05,0.664744968909493,0.41,0.317,0.775913513196894,"3","RARA"
3.23070234655198e-05,0.356873115483371,0.594,0.479,0.78997133777889,"3","NDUFC1"
3.4048995119381e-05,0.558061645411559,0.389,0.292,0.832566028659104,"3","SECTM1"
3.50910140340948e-05,0.78382420916905,0.201,0.117,0.858045475161687,"3","MRPS23"
3.5649329842732e-05,0.632294501634803,0.35,0.252,0.871697413314483,"3","HAX1"
3.57844275686033e-05,0.919885163876155,0.177,0.099,0.875000822907487,"3","CCDC57"
3.69273591672562e-05,0.650913765394521,0.367,0.276,0.902947786357749,"3","ATRAID"
3.76867169813409e-05,0.715471208110711,0.35,0.255,0.921515603627747,"3","BTK"
3.84268889763173e-05,0.368163391477369,0.604,0.492,0.939614289248911,"3","CALM3"
3.84488686022468e-05,1.07307892655752,0.152,0.082,0.940151735062138,"3","PRADC1"
3.94168110392364e-05,0.293948756305182,0.816,0.71,0.963819863531407,"3","CDC42"
3.95128605731338e-05,0.891684869513212,0.18,0.101,0.966168466734267,"3","JKAMP"
3.97537510983251e-05,0.799974151618468,0.314,0.226,0.972058721856246,"3","CNPPD1"
4.04226664174053e-05,0.900218283498275,0.212,0.13,0.988415039238394,"3","THYN1"
4.05833110903832e-05,0.785650672919446,0.247,0.159,0.992343122782051,"3","DPY30"
4.0686538109046e-05,0.372396728438458,0.728,0.666,0.994867229842393,"3","GSTK1"
4.10822894978754e-05,0.717656912264744,0.325,0.232,1,"3","PIN1"
4.17599973839615e-05,1.40407414546595,0.102,0.046,1,"3","DCTPP1"
4.18313536296089e-05,0.751189964620163,0.276,0.182,1,"3","RELT"
4.28773887912326e-05,0.887724524309829,0.166,0.09,1,"3","TMA16"
4.5868398247763e-05,0.293000542008268,0.76,0.658,1,"3","SEC61G"
4.61864045506072e-05,1.07682762966141,0.113,0.053,1,"3","C16orf87"
4.78584460027735e-05,0.346861037155525,0.569,0.457,1,"3","NDUFB5"
5.0068341108355e-05,1.52582732133167,0.124,0.063,1,"3","AC119396.1"
5.04660781694205e-05,0.94582482860722,0.173,0.097,1,"3","ZRSR2"
5.08449813000579e-05,1.06194017729418,0.166,0.092,1,"3","TXNDC9"
5.1863742666236e-05,0.714540225465467,0.223,0.136,1,"3","TAF12"
5.30696109827563e-05,0.353746309317993,0.481,0.367,1,"3","SNX17"
5.36455504980329e-05,0.715641499527571,0.343,0.257,1,"3","MAT2B"
5.36950419357757e-05,0.383012904794056,0.611,0.513,1,"3","TMBIM4"
5.46921029140057e-05,1.4863906336692,0.102,0.047,1,"3","MOCS2"
5.60007242715411e-05,0.552941835056025,0.283,0.188,1,"3","EAPP"
5.92502226935865e-05,0.744301216251129,0.272,0.183,1,"3","TADA3"
6.4217460469982e-05,1.25805037283672,0.138,0.073,1,"3","TBC1D10A"
6.42802303207852e-05,0.814296331202444,0.279,0.194,1,"3","BCCIP"
6.54962835675187e-05,0.738304151934309,0.293,0.201,1,"3","POLR2K"
6.55144777737878e-05,0.714287694022951,0.378,0.285,1,"3","SLC9A3R1"
6.69831110616884e-05,0.964800835665197,0.173,0.1,1,"3","TMEM11"
6.90564161999294e-05,0.534652968699185,0.445,0.356,1,"3","MAGOH"
7.01622335496347e-05,0.75296165993576,0.205,0.122,1,"3","SAMD4A"
7.12047867355822e-05,0.436527375046135,0.53,0.437,1,"3","NDUFA6"
7.45289292188871e-05,0.604354720661059,0.18,0.1,1,"3","PIGBOS1"
8.43968258135453e-05,1.08744560486879,0.127,0.065,1,"3","RPP38"
8.48728457225762e-05,0.343916317678412,0.537,0.435,1,"3","RNF181"
8.60766858976529e-05,0.500346199953423,0.35,0.246,1,"3","PFDN1"
9.01869474368557e-05,0.521313105421412,0.293,0.199,1,"3","SMAD2"
9.41731572683152e-05,0.412690038654891,0.555,0.456,1,"3","POU2F2"
9.42401335082802e-05,0.493666726802941,0.509,0.427,1,"3","SLIRP"
9.90390868586985e-05,0.635454535413456,0.265,0.177,1,"3","NUB1"
0.000101914723528005,0.919091494793249,0.17,0.097,1,"3","MRPL22"
0.000103024439178504,0.511775932819964,0.233,0.143,1,"3","ZNF703"
0.000108113734167471,0.611650603748121,0.385,0.297,1,"3","PSMC5"
0.000109214716520211,0.783795816638442,0.247,0.165,1,"3","NDUFA8"
0.000114038564249109,0.258464087673723,0.816,0.718,1,"3","EFHD2"
0.000115224785046605,1.3182175266077,0.102,0.049,1,"3","BORCS6"
0.000115494834186497,0.615256166029071,0.396,0.308,1,"3","PFDN2"
0.000115959477536861,0.742384773042351,0.163,0.092,1,"3","METTL21A"
0.000116606955287405,0.463189327392974,0.42,0.322,1,"3","MVP"
0.000117457146324106,1.07723799780621,0.124,0.063,1,"3","LYRM1"
0.000119666137776572,0.570848192861128,0.29,0.196,1,"3","DUSP5"
0.000128043674993269,0.341874426909411,0.668,0.576,1,"3","ENY2"
0.000137605866673155,0.332256259822683,0.541,0.444,1,"3","ERH"
0.000139004577146751,0.711122375628448,0.163,0.09,1,"3","DOK1"
0.000148447295450758,0.740282647047179,0.187,0.113,1,"3","SMPDL3A"
0.000149551754825956,0.4191360198032,0.509,0.399,1,"3","MMP24OS"
0.00015770148993038,0.964200886437539,0.152,0.085,1,"3","GPN3"
0.000159602700436259,0.817041639343708,0.18,0.108,1,"3","POP4"
0.000161428591948147,0.349880848770194,0.721,0.609,1,"3","RNH1"
0.00016344352253393,1.06090784781751,0.17,0.102,1,"3","ADGRE1"
0.000164543830868139,1.20620392903844,0.141,0.078,1,"3","IVD"
0.000167988871559776,0.432615390028944,0.336,0.241,1,"3","COA3"
0.000172941718199512,0.586821004662035,0.442,0.354,1,"3","EIF4A2"
0.000177763680939146,0.894085065367918,0.269,0.193,1,"3","COX20"
0.000186690438001746,0.776562413465237,0.283,0.201,1,"3","AP2A1"
0.00018921706082262,0.344821135011977,0.696,0.598,1,"3","PSMB3"
0.00018979949767515,0.538195709706811,0.428,0.334,1,"3","SH3BP2"
0.000193875088311593,0.889020283479293,0.212,0.137,1,"3","NIPSNAP3A"
0.000194370277903801,0.545611313084953,0.187,0.11,1,"3","S100Z"
0.000198161402763519,0.411527577718507,0.47,0.374,1,"3","UBE2J1"
0.000201031743103195,1.01396650172711,0.191,0.119,1,"3","CERK"
0.000202763723056161,0.734394025722802,0.23,0.151,1,"3","TTC1"
0.000203202353527285,0.683155163215446,0.272,0.191,1,"3","TIMM17A"
0.000204205745301319,0.667849107536908,0.24,0.157,1,"3","SNX18"
0.000207147028568247,0.669707246420251,0.325,0.244,1,"3","PPM1G"
0.000227800638956965,0.703738779071747,0.173,0.1,1,"3","ASCL2"
0.00024616295197709,0.559452420522494,0.265,0.177,1,"3","PIN4"
0.000249306968803449,0.511317793602118,0.371,0.283,1,"3","CCT3"
0.000252636510051086,0.353978707852769,0.364,0.266,1,"3","LSM5"
0.000254449839463573,0.822709534596747,0.152,0.087,1,"3","THAP11"
0.00027274606542547,1.0755166736274,0.166,0.1,1,"3","RTL8A"
0.000273781649741226,1.07061960320782,0.113,0.058,1,"3","TAF6"
0.000277873447452859,0.480332440229434,0.435,0.348,1,"3","DHRS7"
0.000282180779273742,0.778332886917931,0.194,0.124,1,"3","PPIH"
0.000292981299085702,0.421499065815316,0.41,0.315,1,"3","HMGN1"
0.000296397114306194,0.472128075342883,0.442,0.36,1,"3","CLTB"
0.000297476821416203,0.671540551954262,0.343,0.261,1,"3","NDUFS2"
0.00030794783758042,0.621532673029948,0.283,0.197,1,"3","POLR2I"
0.000313219095650508,1.00344386815044,0.102,0.05,1,"3","DUSP7"
0.000321079391353536,0.729407615849038,0.325,0.246,1,"3","PKN1"
0.000326065492170907,0.483798143359916,0.431,0.35,1,"3","EIF6"
0.000332754923932733,0.548146340972411,0.23,0.148,1,"3","SAMD9L"
0.000333146646286354,0.635551517892657,0.258,0.175,1,"3","ARHGAP27"
0.000346369592346874,0.84115033016144,0.208,0.136,1,"3","RABIF"
0.000377443860575952,1.01556899134425,0.117,0.062,1,"3","CCNG2"
0.00038504564028928,0.394381542067257,0.661,0.545,1,"3","ADGRE5"
0.000385368623081578,0.626152239452219,0.389,0.311,1,"3","DECR1"
0.000387654095821948,0.518680878526029,0.346,0.263,1,"3","SLC2A6"
0.000394337018565018,0.71366081254081,0.205,0.131,1,"3","RNF135"
0.000397595024544951,0.532487393320917,0.336,0.253,1,"3","SUCLG1"
0.000431516042935179,0.501319307255483,0.36,0.274,1,"3","LEPROTL1"
0.000432312212350565,0.431279894065539,0.548,0.452,1,"3","EIF5A"
0.000439289885225653,0.379438104411002,0.509,0.43,1,"3","FAM96B"
0.00044432871902083,0.575618811062118,0.382,0.306,1,"3","FUNDC2"
0.000446519970688172,0.812804830954238,0.216,0.146,1,"3","PSMC2"
0.000462167123838732,1.33095427990941,0.124,0.069,1,"3","C1orf174"
0.000474122989321595,0.668745254931474,0.194,0.124,1,"3","EXOSC1"
0.000475207103179417,0.397136273038217,0.463,0.382,1,"3","SUMO1"
0.000491476206142826,0.735535726917281,0.163,0.097,1,"3","PPP1R14B"
0.000492829613457602,0.877427617671146,0.23,0.159,1,"3","ACTR10"
0.000492871387935585,0.616671460048974,0.272,0.192,1,"3","GTF2H5"
0.000494846942319073,0.464540892934417,0.463,0.382,1,"3","CCT5"
0.000499929614230587,0.901818267002767,0.198,0.127,1,"3","CYSLTR1"
0.000503241770326046,0.768918392026373,0.148,0.085,1,"3","BLOC1S4"
0.000509699727626836,0.611097100987534,0.152,0.087,1,"3","MRPS26"
0.000518582368751409,0.581273362232168,0.283,0.199,1,"3","PDLIM2"
0.000519968947963613,0.28331784245304,0.597,0.496,1,"3","C19orf53"
0.000522383221043283,0.448298275107978,0.314,0.229,1,"3","CARD8"
0.000527666630661343,0.701208053588669,0.212,0.14,1,"3","UCHL3"
0.000537583291267808,0.69542981307478,0.279,0.206,1,"3","DDAH2"
0.000547230551524705,0.372778666403256,0.523,0.43,1,"3","TM9SF2"
0.00055174290148427,0.513595422557853,0.329,0.24,1,"3","FBP1"
0.00055657710243828,0.384148328401077,0.47,0.384,1,"3","SMCO4"
0.000577238774823247,0.375621817620529,0.466,0.368,1,"3","GRK2"
0.000590862862197434,0.370602252244087,0.332,0.245,1,"3","MMADHC"
0.000606301766176146,0.591106960932461,0.311,0.236,1,"3","RALB"
0.00061185343478198,0.432577663778024,0.473,0.388,1,"3","VPS35"
0.000619152993934908,0.764019633946704,0.244,0.17,1,"3","TEX264"
0.000623736453522,0.599222310844892,0.265,0.184,1,"3","PSMB8-AS1"
0.000625748745692789,0.401564977883261,0.527,0.449,1,"3","MDH2"
0.000642481923506859,0.752667681414417,0.194,0.126,1,"3","CRYL1"
0.000646846474404935,0.517252533993403,0.438,0.352,1,"3","ACAA1"
0.000674041048287256,0.506439388599191,0.247,0.169,1,"3","UBE2F"
0.000676146036847142,0.66257342514802,0.325,0.25,1,"3","GRK6"
0.000676695522064207,0.2732100373647,0.654,0.56,1,"3","IFNGR2"
0.000703447614122095,0.801269251559743,0.187,0.12,1,"3","AC009779.3"
0.000705195073198504,0.92978336395421,0.11,0.058,1,"3","WRAP73"
0.000710364511685158,0.467786575090426,0.396,0.316,1,"3","DCXR"
0.000728291529443449,0.738213812050933,0.205,0.137,1,"3","RPA3"
0.000736894024618228,1.15600817956958,0.159,0.1,1,"3","PPCDC"
0.000741833526163548,0.981042585142088,0.131,0.075,1,"3","TATDN3"
0.000742679583534651,0.461311127947976,0.466,0.388,1,"3","OTUB1"
0.000743770570211957,0.439143090178747,0.329,0.245,1,"3","KXD1"
0.000757837304611,0.336784577840969,0.534,0.453,1,"3","NDUFS6"
0.000810137621966086,0.45402354374698,0.279,0.196,1,"3","RPP21"
0.000812112737419373,0.275826335572635,0.445,0.346,1,"3","SP110"
0.000821738299865782,0.263437538470328,0.512,0.42,1,"3","SSR3"
0.000894556691170803,0.305617393434067,0.534,0.448,1,"3","NDUFB7"
0.000896305675830579,0.528756005640007,0.378,0.3,1,"3","CORO1B"
0.000914255712433577,0.373051479444595,0.544,0.472,1,"3","PSMB6"
0.000917498338558975,0.337752017592026,0.509,0.426,1,"3","UBE2I"
0.000918010263338351,0.855286365040002,0.12,0.066,1,"3","GIMAP6"
0.000920151923307588,1.12417169509164,0.113,0.063,1,"3","C1GALT1C1"
0.000921570149754234,0.381701938446258,0.417,0.333,1,"3","SRP9"
0.000954537578545737,0.597304233816612,0.23,0.157,1,"3","MRPS18B"
0.000996687322229913,0.595050080304365,0.367,0.298,1,"3","PPP2R1A"
0.001011181516762,0.962823179195214,0.187,0.126,1,"3","TPMT"
0.00101983567737548,0.317214918241021,0.495,0.417,1,"3","SNRPD3"
0.00104546040100427,0.853886912484085,0.198,0.135,1,"3","BCAP29"
0.00107543081941071,1.06580366149856,0.124,0.072,1,"3","REPS1"
0.00111122977352178,0.51591716008831,0.3,0.225,1,"3","MLX"
0.0011393117407001,0.762952775842382,0.166,0.105,1,"3","COMMD2"
0.0011490049467243,0.463441929932927,0.364,0.286,1,"3","IK"
0.00115077521226003,0.945663651686437,0.187,0.126,1,"3","APH1B"
0.00120096922003868,0.465740156213734,0.205,0.134,1,"3","IKBIP"
0.00121349972845201,0.327785313148061,0.406,0.319,1,"3","CLNS1A"
0.00121743488871861,0.742044327438402,0.223,0.156,1,"3","EIF1AY"
0.00125524521109207,0.378767743629337,0.385,0.306,1,"3","DGUOK"
0.00127544364016255,0.78391277610997,0.184,0.121,1,"3","SNRNP40"
0.00127751719950938,1.11917949252677,0.11,0.061,1,"3","ACP2"
0.00129024443132546,0.266176941444472,0.512,0.427,1,"3","LAMTOR5"
0.0013065845293705,0.494093265429681,0.336,0.259,1,"3","MDH1"
0.00132035221931777,0.327137887089334,0.413,0.33,1,"3","CAT"
0.00139664566828185,0.835590556598038,0.166,0.105,1,"3","C15orf40"
0.00141275466032044,0.578295978617915,0.117,0.064,1,"3","POFUT1"
0.00141426257245231,0.449711609275227,0.424,0.355,1,"3","PTPN18"
0.00142581165550598,0.508408801252473,0.36,0.284,1,"3","DUT"
0.00143669689551747,0.504173896997052,0.24,0.17,1,"3","POLR3GL"
0.00146845939058564,0.684905209596853,0.212,0.146,1,"3","TOB1"
0.00149223576269847,1.02614691080679,0.138,0.084,1,"3","CYB5A"
0.00151074316788016,0.615067901509175,0.346,0.28,1,"3","FIBP"
0.00153162639965166,0.272708763283767,0.629,0.543,1,"3","CLEC12A"
0.00153397265516747,0.744237999184062,0.18,0.119,1,"3","TRAPPC4"
0.00154309353240012,0.566715989202223,0.279,0.21,1,"3","CITED2"
0.00154645324533204,0.317885005860075,0.583,0.507,1,"3","BAX"
0.00161692111401544,0.572301803499853,0.244,0.174,1,"3","IER3IP1"
0.00162025758307106,1.06296922015564,0.113,0.064,1,"3","PCTP"
0.00162820286177413,0.695916847741246,0.223,0.157,1,"3","NRROS"
0.00163333754616499,0.766254754408161,0.138,0.083,1,"3","HYPK"
0.00164566406539057,0.852195067211159,0.117,0.067,1,"3","PUM3"
0.00165928276390178,0.651730391502201,0.254,0.188,1,"3","PDCD2"
0.00167095536854653,0.829426255372293,0.113,0.063,1,"3","TREX1"
0.00167188568064611,0.559540905910868,0.269,0.202,1,"3","MED10"
0.00169323362899199,0.732887697619105,0.216,0.15,1,"3","MRPL40"
0.0017032825336511,1.22003419465733,0.127,0.077,1,"3","TBCD"
0.00173618641826382,0.529419750362352,0.163,0.101,1,"3","TMEM60"
0.00175116150753904,0.957379937738558,0.117,0.067,1,"3","TMEM80"
0.00176478384827813,0.441523386473882,0.399,0.321,1,"3","SNAP23"
0.00177603411177582,0.377747303999784,0.53,0.447,1,"3","LAPTM4A"
0.00178039251490124,0.965542285689085,0.127,0.076,1,"3","ING4"
0.00179503202183511,0.295017753580004,0.625,0.549,1,"3","SPCS1"
0.00180091470288037,0.285516953170344,0.353,0.266,1,"3","NUDT3"
0.00184314770120196,0.845533266223264,0.117,0.068,1,"3","CCDC25"
0.00185481749915348,0.418043685529522,0.403,0.323,1,"3","TRIM22"
0.00186476260687422,0.878407977164339,0.148,0.094,1,"3","INIP"
0.00193989048435063,0.397233233139725,0.375,0.3,1,"3","ADGRE2"
0.00198393791975599,0.446283114277893,0.283,0.214,1,"3","HSPB1"
0.00198605127794669,0.300271595246725,0.286,0.202,1,"3","NDUFB8"
0.0019934728131718,0.480092493227151,0.311,0.24,1,"3","ACP1"
0.00199965085279145,0.773881552748558,0.131,0.078,1,"3","PSMG3"
0.00202400469439458,0.897437326672169,0.173,0.117,1,"3","CDIP1"
0.00203762866586681,0.326411895686389,0.495,0.413,1,"3","PHB2"
0.00207625260633802,0.425568408700426,0.35,0.281,1,"3","SDHB"
0.00207803699846145,0.507621882417045,0.233,0.163,1,"3","MIIP"
0.00213342775689753,0.60679990628761,0.237,0.171,1,"3","CYB561D2"
0.00216190982492586,0.375206373506683,0.364,0.289,1,"3","LSM10"
0.00218637332094231,0.26139638943904,0.682,0.62,1,"3","PGAM1"
0.00218720534076794,0.43674165979539,0.339,0.272,1,"3","ILK"
0.00219920145863634,0.345005713913295,0.481,0.41,1,"3","EIF4E2"
0.00219974365175407,0.927729484284637,0.131,0.08,1,"3","HSH2D"
0.00221898609938281,0.636028261991873,0.269,0.2,1,"3","CYSTM1"
0.00224129188351503,0.505940744517969,0.279,0.209,1,"3","MEAF6"
0.00224826407054666,0.573600519402017,0.251,0.184,1,"3","ARRB1"
0.00228631594225315,0.266168849688543,0.555,0.477,1,"3","GABARAPL2"
0.00230160962146141,0.889152555330623,0.201,0.145,1,"3","AC090559.1"
0.00231974884693129,0.602024174220364,0.219,0.155,1,"3","MRPL4"
0.00233502081332458,0.439621683989963,0.23,0.155,1,"3","HIST1H1E"
0.00235449309538443,0.305686592984622,0.438,0.355,1,"3","SNRPB2"
0.00240381953064018,0.639612460045109,0.265,0.199,1,"3","EMC7"
0.00252904265453607,0.335379947078785,0.477,0.403,1,"3","SNHG8"
0.00260404751154861,0.263247309897586,0.795,0.721,1,"3","FGR"
0.00261795713423035,0.413332729292268,0.286,0.213,1,"3","GBP1"
0.00276308468801793,0.920802267313134,0.17,0.116,1,"3","PLSCR3"
0.00276887323958065,0.839720602352991,0.148,0.095,1,"3","ZMAT5"
0.00296287488543878,0.374901247173239,0.509,0.442,1,"3","UBE2L6"
0.00298703267477705,0.291895562478661,0.392,0.309,1,"3","GCH1"
0.00307396531157358,0.832128933021663,0.113,0.067,1,"3","SNAPC5"
0.00314815532125273,0.621478452020969,0.24,0.178,1,"3","NT5C"
0.00320863936928845,0.455743563330065,0.367,0.303,1,"3","SSB"
0.00325442524345367,0.548025314071545,0.311,0.249,1,"3","PPP1R11"
0.00330867948267024,0.515152240603378,0.212,0.148,1,"3","TUBA4A"
0.00331525420031848,0.308849543766059,0.413,0.343,1,"3","LSM8"
0.00332750563659551,0.364220764011327,0.3,0.228,1,"3","MIS18BP1"
0.00333018101168116,0.510659259657899,0.276,0.211,1,"3","PPP1R7"
0.00346041734635147,0.474679215589814,0.382,0.324,1,"3","GPI"
0.00346514372923477,0.513340543108886,0.336,0.272,1,"3","CD300C"
0.00346521504467594,0.543403266668599,0.399,0.345,1,"3","NDFIP1"
0.0036795957191327,0.50590249380016,0.194,0.134,1,"3","VPS25"
0.00369236241331928,0.292635410794973,0.643,0.56,1,"3","CD53"
0.00373565572517942,0.694951874474435,0.237,0.176,1,"3","ITPK1"
0.00374848411802345,0.54465299959257,0.332,0.273,1,"3","UBE2N"
0.00380499165258215,0.363747583840936,0.382,0.306,1,"3","SSH2"
0.00386368861996161,0.615448900587586,0.353,0.299,1,"3","ERP44"
0.00388120358345983,0.887391104707393,0.166,0.115,1,"3","TBC1D10C"
0.00391287253424389,0.797855201226426,0.208,0.153,1,"3","TSPAN32"
0.00393233170540214,0.407769228334374,0.399,0.327,1,"3","TOMM5"
0.0039597478699078,0.449325501512488,0.265,0.201,1,"3","SFT2D2"
0.0039812526320851,0.524439665083165,0.3,0.246,1,"3","TMEM9B"
0.0040444617687037,0.44721609713568,0.346,0.279,1,"3","NHP2"
0.00404453722227735,0.637710460573548,0.208,0.149,1,"3","DNAJC19"
0.00408758310306348,0.425648396022329,0.353,0.287,1,"3","UFM1"
0.00410606847558857,0.385915006520454,0.491,0.431,1,"3","SNRPB"
0.00415975211791276,0.658789015659895,0.258,0.201,1,"3","TXNDC12"
0.00419360843742388,0.646210809694983,0.269,0.211,1,"3","RNF167"
0.00436639678257419,0.738060034157416,0.251,0.197,1,"3","IDH2"
0.0044063238005134,0.581618192018372,0.134,0.083,1,"3","GSK3A"
0.00443579569675175,0.854707351987808,0.113,0.068,1,"3","NDUFAF4"
0.00444105899777818,0.858514439594415,0.12,0.074,1,"3","ZFPL1"
0.00457670134339412,0.515981544565807,0.223,0.161,1,"3","UBAC1"
0.00467909415623327,0.416133306150186,0.42,0.354,1,"3","RALY"
0.0047091322974917,0.41726599266422,0.459,0.415,1,"3","PSMD8"
0.00475900159042571,0.523019061551292,0.24,0.178,1,"3","FAM173A"
0.00479080518579819,0.914460118591938,0.134,0.086,1,"3","FLYWCH2"
0.00484471671031908,0.411843479543207,0.385,0.317,1,"3","MAPK1"
0.00490598686888069,1.01668408931932,0.113,0.069,1,"3","TCTA"
0.00490858891459667,0.93427880354695,0.131,0.084,1,"3","AGA"
0.00490890256165944,0.754744697390831,0.11,0.065,1,"3","SPATS2L"
0.00491659244899031,0.579705241672515,0.166,0.113,1,"3","ARAP2"
0.00493579711972112,0.843563308857068,0.145,0.096,1,"3","EIF2B1"
0.00499737596936609,0.503997390112474,0.226,0.167,1,"3","PIH1D1"
0.00522441498886626,0.802101648254127,0.163,0.111,1,"3","YPEL2"
0.00524895667398518,0.641980289245782,0.216,0.16,1,"3","URM1"
0.00529145232791748,0.371340334271044,0.35,0.284,1,"3","CHMP5"
0.00545804723950872,0.55475563535574,0.251,0.189,1,"3","CYTOR"
0.00546554766020502,0.330916856775503,0.35,0.284,1,"3","LYPLA1"
0.00555713632920959,0.34534133774988,0.428,0.365,1,"3","ITGA4"
0.00572486950141097,0.266406228630557,0.428,0.359,1,"3","TIMM8B"
0.00578702195855989,0.897100336332308,0.102,0.061,1,"3","RASA1"
0.00582724352444866,0.769581047248275,0.131,0.084,1,"3","LINC01504"
0.00586769333472452,0.495569086111681,0.406,0.357,1,"3","DYNLRB1"
0.00604666386004823,1.04081943190313,0.117,0.073,1,"3","NFU1"
0.00616568847360104,0.538280234336593,0.134,0.085,1,"3","LINC00667"
0.0061906116457251,0.44489951590375,0.396,0.34,1,"3","CBX3"
0.00619486919925945,0.629601309400773,0.117,0.072,1,"3","RNF113A"
0.00635368609603451,0.441155696966676,0.117,0.07,1,"3","OXLD1"
0.00642033842711519,0.58658223777692,0.205,0.15,1,"3","KDM1B"
0.00643144097674464,0.399546950415632,0.378,0.32,1,"3","TMEM230"
0.00650879487327033,0.609042501059702,0.148,0.099,1,"3","STOM"
0.0065219895185597,0.98249150891517,0.12,0.077,1,"3","RCN2"
0.00652941379168458,0.695906423325495,0.131,0.084,1,"3","ESRRA"
0.00659804166600541,0.388035638925757,0.237,0.173,1,"3","CYTH4"
0.00662364764124378,0.271455071178626,0.548,0.48,1,"3","DYNLT1"
0.00664432492841496,0.755753799938194,0.163,0.112,1,"3","CD244"
0.00665863201682089,0.710544993699263,0.131,0.084,1,"3","PIGF"
0.00667518172809798,0.423199909938355,0.406,0.339,1,"3","PIK3AP1"
0.00667560546750057,0.498959600686153,0.286,0.224,1,"3","CISD3"
0.00682833128879794,0.270287557998797,0.47,0.403,1,"3","C19orf70"
0.00686402594646594,0.445338415266717,0.272,0.213,1,"3","MRPL11"
0.00686600575932724,0.393513893072804,0.463,0.403,1,"3","DBNL"
0.00693170023015873,0.33172794788337,0.523,0.464,1,"3","RAB5C"
0.00697621876220714,0.701638765465956,0.254,0.203,1,"3","PHB"
0.00701790589711427,0.618908824228109,0.141,0.093,1,"3","RPAP3"
0.00702317991104365,0.609742349721427,0.173,0.121,1,"3","AASDHPPT"
0.00710754609682356,0.360792079086276,0.307,0.236,1,"3","NMI"
0.00713540327809723,0.477358044276449,0.265,0.204,1,"3","MRPL21"
0.00720015120832832,0.610914360452289,0.251,0.193,1,"3","OAZ2"
0.00723384011977368,0.631652049732148,0.166,0.113,1,"3","OAS3"
0.00723758743574732,0.282846906147734,0.498,0.425,1,"3","ELOC"
0.00735260205354003,0.623200000284376,0.219,0.166,1,"3","TMC6"
0.00747467754200702,0.512502771116791,0.216,0.157,1,"3","PARP9"
0.00749910375933642,0.252511577241121,0.569,0.499,1,"3","NDUFS7"
0.00753316629018125,0.534682663145194,0.226,0.17,1,"3","SEC11C"
0.00759229903524993,0.373348910098814,0.505,0.449,1,"3","WDR1"
0.00765187710476228,0.309852217779269,0.35,0.277,1,"3","THOC7"
0.00773849116061384,0.867753973058011,0.113,0.071,1,"3","ZCCHC9"
0.0078179229482859,0.504581730872131,0.219,0.163,1,"3","DERL1"
0.00793645783448508,0.435308784735866,0.392,0.338,1,"3","CCT8"
0.00797062698282557,0.588072358368975,0.216,0.161,1,"3","DYNC1LI1"
0.00826782366330868,0.552481069120179,0.145,0.096,1,"3","MAP3K7"
0.00836473708856324,0.622641850824346,0.205,0.152,1,"3","DNPH1"
0.008464692004351,0.307675446795603,0.505,0.453,1,"3","RAB10"
0.0085216452991965,0.841910539668779,0.113,0.071,1,"3","ZNF688"
0.00857033136519809,0.326365550279577,0.276,0.21,1,"3","SVBP"
0.008574492705627,0.452938975599729,0.286,0.227,1,"3","FGD2"
0.00859108189717757,0.5202626289591,0.205,0.149,1,"3","ZNHIT3"
0.00860172985294046,0.470778222984767,0.11,0.067,1,"3","MRPS31"
0.00862529671305458,0.816822726518386,0.152,0.105,1,"3","RABGGTA"
0.00878257006382758,0.397223964581363,0.208,0.15,1,"3","PANK2"
0.00885662746227851,0.431393080876529,0.187,0.133,1,"3","CCDC28A"
0.00892289754936782,0.519392202967666,0.237,0.185,1,"3","COMMD8"
0.00896401264585709,0.401169330967106,0.258,0.197,1,"3","CMC2"
0.00899693686602748,0.494616703984682,0.286,0.23,1,"3","C1D"
0.00916719549301036,0.340721389368275,0.403,0.349,1,"3","ENSA"
0.00922934743076673,0.542898753567504,0.141,0.094,1,"3","PARP12"
0.00930034237172742,0.555090093512189,0.124,0.079,1,"3","SNRNP35"
0.0095366005361434,0.966347845991613,0.117,0.076,1,"3","EXOSC3"
0.00991614626626819,0.311616836938259,0.346,0.272,1,"3","MRPS34"
0.00992261888396027,0.536125020752462,0.208,0.154,1,"3","ORAI1"
1.94539096662942e-196,6.97960997797673,0.603,0.011,4.75686999160227e-192,"4","PF4"
2.73948719064123e-183,6.60201231253934,0.926,0.047,6.69859407855593e-179,"4","PPBP"
9.81283727210893e-174,6.30139127180092,0.632,0.017,2.39943496977607e-169,"4","GNG11"
1.19830861582975e-159,6.7463919762237,0.426,0.005,2.93010422742691e-155,"4","TUBB1"
6.83207644370034e-137,8.57899506367754,0.294,0.001,1.67057933201361e-132,"4","TREML1"
3.17169374333033e-134,5.77834275633575,0.544,0.017,7.75542554119131e-130,"4","CAVIN2"
9.82589666984613e-127,9.19331764184834,0.25,0,2.40262825371078e-122,"4","CMTM5"
5.43132576622443e-106,7.6914840852258,0.235,0.001,1.3280677763572e-101,"4","GP9"
3.97240242049069e-91,7.26569112183367,0.235,0.002,9.71331839858383e-87,"4","MYL9"
1.8718831478262e-90,7.39173306076929,0.25,0.003,4.57712867306463e-86,"4","MPIG6B"
4.37923268882908e-89,4.93440404862211,0.618,0.045,1.07080997707249e-84,"4","CCL5"
3.92939524943447e-88,5.46641627992808,0.338,0.01,9.60815726391716e-84,"4","SPARC"
9.37887456083404e-88,8.55582722188438,0.176,0,2.29332240761514e-83,"4","AL731557.1"
1.61575824335771e-83,4.82506405548289,0.456,0.023,3.95085205665827e-79,"4","CLU"
5.27299379962614e-80,8.57622596671135,0.162,0,1.28935244388458e-75,"4","TMEM40"
5.31152267415434e-70,5.41247533957159,0.5,0.038,1.29877352428422e-65,"4","PRKAR2B"
4.2807070561962e-66,8.04361650990325,0.147,0.001,1.0467184893811e-61,"4","C2orf88"
1.47150433617755e-64,9.07496594711742,0.132,0,3.59812240282134e-60,"4","LTBP1"
4.52924030331562e-64,10.2351269666148,0.118,0,1.10748983896674e-59,"4","CALD1"
2.64847126965911e-59,6.56761384169584,0.162,0.002,6.47604194857046e-55,"4","ITGA2B"
1.74051159287903e-58,7.25782860362651,0.132,0.001,4.25589894690781e-54,"4","SH3BGRL2"
1.82646217126439e-58,6.82133228638605,0.132,0.001,4.46606530117568e-54,"4","GRAP2"
2.88126797093123e-56,10.1684907940303,0.103,0,7.04527644252104e-52,"4","LY6G6F"
5.68881170427876e-51,6.99253844411684,0.118,0.001,1.39102823793024e-46,"4","PF4V1"
1.31823483519606e-49,4.40350962540402,0.206,0.007,3.2233478190214e-45,"4","AP001189.1"
6.60092984614609e-39,5.90649371787338,0.118,0.002,1.61405936597964e-34,"4","TNNC2"
2.53746901075703e-37,6.37448299291311,0.132,0.003,6.20461922510308e-33,"4","CLEC1B"
3.4130439117337e-35,3.15847326627127,0.779,0.233,8.34557497297124e-31,"4","NRGN"
1.84342023729686e-32,7.24628572732345,0.103,0.002,4.50753116423829e-28,"4","HIST1H2BJ"
3.01541900937167e-31,4.90975554541183,0.118,0.003,7.3733025617156e-27,"4","AC147651.1"
4.03357953353716e-26,4.45459449202461,0.176,0.012,9.86290867540506e-22,"4","BEX3"
3.87095988337878e-21,3.38342884609678,0.368,0.07,9.46527110683779e-17,"4","HIST1H2AC"
7.50718099330213e-21,3.27661337087408,0.279,0.04,1.83565589648224e-16,"4","MAP3K7CL"
2.98390134277117e-16,4.2939799949082,0.176,0.021,7.29623556334407e-12,"4","PDLIM1"
1.1177546407994e-15,3.53408633982834,0.221,0.034,2.7331336476827e-11,"4","TSC22D1"
2.14203903434958e-14,1.05532545713986,0.941,0.825,5.23771384679158e-10,"4","OST4"
7.25452132764004e-14,3.90252121906008,0.118,0.011,1.77387555503454e-09,"4","HIST1H3H"
4.06235300449047e-12,3.56775745730531,0.132,0.016,9.9332655665801e-08,"4","MTURN"
7.934130926792e-12,2.29609566485392,0.235,0.048,1.94005369421918e-07,"4","CD9"
1.24130910163062e-09,2.04619250617443,0.412,0.158,3.03524901530719e-05,"4","F13A1"
2.82765216833367e-09,0.444117214708606,1,0.988,6.91417508200948e-05,"4","SERF2"
1.56258727902482e-08,0.449973012911973,1,0.988,0.000382083841467149,"4","ATP5F1E"
2.70485037243651e-08,3.04417529984563,0.132,0.024,0.000661390013068177,"4","PLA2G12A"
1.25892028955955e-07,0.57581600800096,0.926,0.822,0.003078311892031,"4","CARD16"
2.47853427437107e-07,0.406682098562022,1,0.983,0.00606051200769214,"4","GABARAP"
3.29283401185679e-07,1.00407447639471,0.721,0.499,0.00805163772579222,"4","CALM3"
7.76414777879538e-07,3.61127034385766,0.103,0.018,0.0189848941487105,"4","MMD"
9.95312767557756e-07,2.23365722465004,0.206,0.062,0.0243373877923222,"4","TPM1"
9.96247630919905e-07,0.892552647934417,0.794,0.607,0.0243602470712535,"4","NCF1"
1.06474729487166e-06,1.96037543051794,0.338,0.15,0.0260352008542019,"4","TUBA4A"
1.52388275892783e-06,0.791004958567658,0.794,0.547,0.0372619812213034,"4","TXNIP"
2.58221172403922e-06,0.384564703019795,1,0.967,0.063140241076207,"4","ATP5MC2"
3.34722894473495e-06,0.585203906465615,0.897,0.7,0.0818464421566591,"4","TMEM176B"
5.14773648323664e-06,0.343449325988559,1,0.992,0.125872452488102,"4","FAU"
5.50504906653347e-06,0.261469875700993,1,0.998,0.134609459774876,"4","TMSB4X"
8.01321393213245e-06,0.322114127391382,0.985,0.99,0.195939107068503,"4","SH3BGRL3"
1.21584344997374e-05,0.688212354982061,0.765,0.542,0.297298040387578,"4","TMEM176A"
1.29545303200542e-05,2.11091184052125,0.176,0.055,0.316764175385966,"4","SNCA"
1.88252107615401e-05,2.57421896316243,0.162,0.05,0.460314053541179,"4","CA2"
2.72443781916742e-05,0.324335420598224,1,0.988,0.666179535542817,"4","H3F3A"
3.35765970188113e-05,0.422180504570108,0.971,0.942,0.821014950303975,"4","ATP5MG"
3.50527503123912e-05,0.441507256686014,0.926,0.874,0.85710985063859,"4","BRI3"
3.54781056006487e-05,0.508462538398208,0.971,0.867,0.867510638147061,"4","S100A8"
3.55668777498074e-05,2.79776717259117,0.103,0.024,0.869681294738291,"4","HELB"
3.84563651816213e-05,0.952227113875249,0.603,0.444,0.940335041421003,"4","C9orf16"
5.694409764637e-05,2.01262261240353,0.353,0.205,1,"4","RSU1"
7.71801332825177e-05,0.926005352987351,0.721,0.612,1,"4","TGFB1"
8.17879859244796e-05,0.789137976877693,0.676,0.546,1,"4","C8orf59"
8.80946143710917e-05,2.16159799477945,0.147,0.046,1,"4","WRB"
8.81642704714901e-05,1.48847139608332,0.25,0.106,1,"4","PSMG4"
0.000104781230278993,0.473116619476848,0.897,0.805,1,"4","MNDA"
0.000108067889786779,0.261836348643596,1,0.995,1,"4","TMSB10"
0.000118659024366069,1.55136759730877,0.353,0.192,1,"4","MARCH2"
0.000125279483425687,0.646107212369701,0.882,0.802,1,"4","MYL12A"
0.000144243330682093,2.63722901573757,0.103,0.026,1,"4","DAB2"
0.000146894401968535,0.713892091744119,0.721,0.589,1,"4","GLRX"
0.000158277740090512,0.428630405917721,0.985,0.942,1,"4","TMA7"
0.000165696981386144,1.11335643392236,0.559,0.419,1,"4","PRDX6"
0.000172048577378496,2.27012556930018,0.118,0.033,1,"4","GADD45A"
0.000173050408136285,0.962079276657704,0.529,0.363,1,"4","IFI16"
0.000190981425947885,0.264805855707428,1,0.995,1,"4","S100A6"
0.000226934449379424,1.47402630584143,0.441,0.293,1,"4","RGS18"
0.000238265654732401,0.514513603551951,0.912,0.76,1,"4","GPX4"
0.000273908152911357,2.05794223897974,0.132,0.042,1,"4","TNNT1"
0.00033285436503978,1.03945817685299,0.515,0.371,1,"4","CTSA"
0.000355809759836817,0.259867935704138,1,0.983,1,"4","OAZ1"
0.000373370708000931,1.43919591297422,0.338,0.19,1,"4","VCL"
0.000413564122612475,0.459501409775809,0.868,0.827,1,"4","RAC1"
0.000417998252576423,1.97791370403857,0.147,0.052,1,"4","MTIF2"
0.000470909313279069,0.573479722166455,0.721,0.564,1,"4","TAF10"
0.000481750588617632,0.534914343807654,0.853,0.748,1,"4","CEBPD"
0.000558292553590724,1.11890981531652,0.485,0.344,1,"4","TIMM13"
0.000621357732346809,0.477815966956876,0.853,0.743,1,"4","SEC61B"
0.000646990089252758,0.643460110486275,0.735,0.668,1,"4","C4orf3"
0.000659574514584364,2.01896203265189,0.162,0.062,1,"4","SMIM3"
0.000686534271403396,3.00653332797134,0.103,0.031,1,"4","ACRBP"
0.000710386890008545,1.36294211830651,0.265,0.134,1,"4","MIF4GD"
0.000746997494487392,1.76373195819281,0.191,0.082,1,"4","PGRMC1"
0.00076163126211321,0.92537114818339,0.618,0.534,1,"4","RGS10"
0.00080670106369923,0.28794218048145,1,0.987,1,"4","MT-ND2"
0.000838512298414386,0.739467948009825,0.544,0.403,1,"4","FBXL5"
0.000861608948811894,1.83563811805462,0.206,0.095,1,"4","HIST1H2BK"
0.000928337954765235,0.300182165827288,1,0.987,1,"4","GAPDH"
0.000976251608499176,0.28554197280928,0.985,0.981,1,"4","PFDN5"
0.00105957872234667,2.03515977266343,0.147,0.057,1,"4","PTGS1"
0.00112197663418784,0.437236227100322,0.824,0.615,1,"4","S100A12"
0.00115655621214379,1.55129539180938,0.191,0.084,1,"4","CD84"
0.0012720407080418,1.34287234434535,0.353,0.226,1,"4","MAX"
0.0014757235328775,0.385183714789228,0.897,0.84,1,"4","CSTA"
0.00150688305680838,1.50269698843337,0.176,0.074,1,"4","CCZ1"
0.00161908311631827,0.498324318962634,0.838,0.765,1,"4","ATP5MD"
0.00169803598492288,0.379997523269723,0.838,0.778,1,"4","FYB1"
0.0018763628117447,1.70907195541051,0.162,0.068,1,"4","ECI2"
0.00189298933095731,1.13838675270914,0.441,0.327,1,"4","SNAP23"
0.00207967111243264,0.746678356548195,0.515,0.391,1,"4","SMCO4"
0.00209714553482382,0.389427957710267,0.985,0.952,1,"4","ARPC1B"
0.0023370410770895,1.41579339245434,0.103,0.033,1,"4","SIGLEC14"
0.00262850934027975,0.643954966745722,0.676,0.599,1,"4","LAMTOR1"
0.00266633328599031,1.36618001032926,0.294,0.176,1,"4","SNAPIN"
0.00268056211927908,0.830045873503991,0.368,0.226,1,"4","CDKN2D"
0.00269299717875237,1.90163430319827,0.118,0.043,1,"4","RECK"
0.00281390876434345,1.1527829818572,0.294,0.173,1,"4","CARHSP1"
0.00301887328263115,0.457295243174621,0.779,0.791,1,"4","FGL2"
0.00308671688721225,1.15610688072667,0.132,0.05,1,"4","SAP30"
0.00314113047379638,1.8286620989847,0.118,0.044,1,"4","BCL2L1"
0.00369592943690583,1.55525808125176,0.176,0.083,1,"4","MAML1"
0.00380310631612564,0.356698450280379,0.824,0.799,1,"4","ATP5ME"
0.00401188967628376,1.17247507561667,0.191,0.091,1,"4","PHF21A"
0.00403850169489144,0.604189762586339,0.618,0.479,1,"4","VAMP5"
0.00421642138976851,1.63371001113539,0.118,0.045,1,"4","HINT3"
0.00422970817322958,1.00256529518156,0.324,0.201,1,"4","OGT"
0.00452350003633544,0.597875210202793,0.632,0.514,1,"4","NUP214"
0.00454169476006537,1.5773122746985,0.147,0.064,1,"4","ZSWIM8"
0.00486387523413918,0.850989251186523,0.368,0.242,1,"4","ATP5PO"
0.00495209776580711,0.93704951131104,0.426,0.314,1,"4","CCDC85B"
0.00623584610052839,0.41380371698188,0.971,0.842,1,"4","COX8A"
0.0064262028968643,0.258408753032589,0.956,0.962,1,"4","EEF1D"
0.00655792588012533,1.37304822806191,0.147,0.066,1,"4","SUN1"
0.00666974821643788,0.254880222313499,1,0.984,1,"4","MYL6"
0.00672332741751965,0.543357765516357,0.809,0.7,1,"4","TAGLN2"
0.0068430259241826,1.49614410338912,0.206,0.112,1,"4","CLPP"
0.00712242965463672,0.552701316900981,0.618,0.577,1,"4","SNRPG"
0.00747772751355855,1.21796505477279,0.265,0.162,1,"4","TFEC"
0.00752036293633351,1.07352806564765,0.265,0.157,1,"4","CCDC88B"
0.00777844406043916,2.01693716051833,0.103,0.04,1,"4","MARCH8"
0.00822709033861376,0.443734776265292,0.794,0.784,1,"4","UQCRH"
0.00824182692470061,1.4107163661984,0.235,0.138,1,"4","ACYP2"
0.00831003506779739,0.415782512753217,0.779,0.705,1,"4","AP2S1"
0.00840242253077895,0.479842242981313,0.765,0.758,1,"4","HMGB1"
0.00860697794819291,1.59160462312675,0.132,0.058,1,"4","KLHL5"
0.00910232307320981,1.05561523715195,0.412,0.312,1,"4","YWHAH"
0.00932075968305295,0.273119238765193,0.868,0.8,1,"4","AP1S2"
0.00957553927109651,1.06199477815506,0.294,0.191,1,"4","TIAL1"
0.00982673277882894,1.21805755874586,0.265,0.163,1,"4","MRPL34"
0.00989420654627328,1.64995375406385,0.235,0.144,1,"4","IREB2"
